dataset,representation,predictor,seed,variant,test_rows,unique_test_predictions,test_prediction_min,test_prediction_max,test_prediction_range,endpoint_constant,role,best_step,path,sha256
CHEMBL1862_Ki,molformer,mlp,11,label_permuted,236,236,-2.150384426116944,-1.4455087184906006,0.7048757076263432,False,confirmation,0,research_v2\artifacts\experiment\xai_sanity_cliffs_full_v1\full\sanity_heads\models\label_permuted--mlp--CHEMBL1862_Ki--molformer--seed11.pt,8db08c1ebce2be84965101cd376cbe4c1005e4fc3c10da5f934d0df5a97fbc80
CHEMBL1862_Ki,molformer,mlp,23,label_permuted,236,236,-2.0960309505462646,-1.3568639755249023,0.7391669750213623,False,confirmation,0,research_v2\artifacts\experiment\xai_sanity_cliffs_full_v1\full\sanity_heads\models\label_permuted--mlp--CHEMBL1862_Ki--molformer--seed23.pt,f4ddc55450a85425daf89b6f1354290c17a26ce54df531420b44aa2da4c19323
CHEMBL1862_Ki,molformer,mlp,42,label_permuted,236,236,-1.995112657546997,-1.5163863897323608,0.47872626781463623,False,confirmation,0,research_v2\artifacts\experiment\xai_sanity_cliffs_full_v1\full\sanity_heads\models\label_permuted--mlp--CHEMBL1862_Ki--molformer--seed42.pt,b4029f06775d40c85f741393edd5f8a01cd91230ae2b123392c0e3f2ad3c2514
CHEMBL1862_Ki,molformer,xgboost,11,label_permuted,236,20,-1.9029788970947263,-1.6916396617889404,0.2113392353057859,False,confirmation,0,research_v2\artifacts\experiment\xai_sanity_cliffs_full_v1\full\sanity_heads\models\label_permuted--xgboost--CHEMBL1862_Ki--molformer--seed11.json,3b0b7a637b4a951087de027f252b375287677fd4950ab8f9cdbf5d546941bb48
CHEMBL1862_Ki,molformer,xgboost,23,label_permuted,236,206,-2.190525531768799,-1.5103009939193726,0.6802245378494263,False,confirmation,5,research_v2\artifacts\experiment\xai_sanity_cliffs_full_v1\full\sanity_heads\models\label_permuted--xgboost--CHEMBL1862_Ki--molformer--seed23.json,aaa26c2adfede12a0af3c988f087d88a4947a1a11112e22b7991ea9ae0efd348
CHEMBL1862_Ki,molformer,xgboost,42,label_permuted,236,232,-2.051003932952881,-1.2496823072433472,0.8013216257095337,False,confirmation,9,research_v2\artifacts\experiment\xai_sanity_cliffs_full_v1\full\sanity_heads\models\label_permuted--xgboost--CHEMBL1862_Ki--molformer--seed42.json,71846973a0e64f50ba29b7b501e0a4e1c836e720bbbdf018889e07d7b9da464a
CHEMBL1862_Ki,morgan,mlp,11,label_permuted,236,236,-2.3039841651916504,-1.5287665128707886,0.7752176523208618,False,confirmation,0,research_v2\artifacts\experiment\xai_sanity_cliffs_full_v1\full\sanity_heads\models\label_permuted--mlp--CHEMBL1862_Ki--morgan--seed11.pt,455847ee96906986835f5daf9ed91b6e9c473ddf681710c85d2c8725cf965293
CHEMBL1862_Ki,morgan,mlp,23,label_permuted,236,236,-2.181360244750977,-1.0027624368667605,1.1785978078842165,False,confirmation,1,research_v2\artifacts\experiment\xai_sanity_cliffs_full_v1\full\sanity_heads\models\label_permuted--mlp--CHEMBL1862_Ki--morgan--seed23.pt,ded40e3fe1d2d84c7fb700d62dd67e6f155ba8a133141ee2347813df427f7710
CHEMBL1862_Ki,morgan,mlp,42,label_permuted,236,236,-2.07745099067688,-1.3698458671569824,0.7076051235198975,False,confirmation,0,research_v2\artifacts\experiment\xai_sanity_cliffs_full_v1\full\sanity_heads\models\label_permuted--mlp--CHEMBL1862_Ki--morgan--seed42.pt,95b4c16b73cb7760f359fdd16ebb56eb7bbbf309d7c1a705e480e357765e5bc6
CHEMBL1862_Ki,morgan,xgboost,11,label_permuted,236,8,-1.9125373363494875,-1.613032341003418,0.29950499534606956,False,confirmation,1,research_v2\artifacts\experiment\xai_sanity_cliffs_full_v1\full\sanity_heads\models\label_permuted--xgboost--CHEMBL1862_Ki--morgan--seed11.json,c9f78d52ccf1567b6c0f69e8a22f1683db1ca0e968206d223262bcedebd26033
CHEMBL1862_Ki,morgan,xgboost,23,label_permuted,236,175,-2.5846967697143555,-0.9282801747322084,1.6564165949821472,False,confirmation,61,research_v2\artifacts\experiment\xai_sanity_cliffs_full_v1\full\sanity_heads\models\label_permuted--xgboost--CHEMBL1862_Ki--morgan--seed23.json,0b74d6a23abf21924c4c929c2a356cebef8190e87f95c0dc1366da10ae3f3d15
CHEMBL1862_Ki,morgan,xgboost,42,label_permuted,236,13,-2.0063302516937256,-1.5936939716339111,0.41263628005981445,False,confirmation,2,research_v2\artifacts\experiment\xai_sanity_cliffs_full_v1\full\sanity_heads\models\label_permuted--xgboost--CHEMBL1862_Ki--morgan--seed42.json,af3a77ba39b5b2017002ab6c80e7fa77ada6b6f14dc8ccbf57a400c0860676a1
CHEMBL1862_Ki,unimol,mlp,11,label_permuted,236,236,-2.5127995014190674,-1.3318943977355957,1.1809051036834717,False,confirmation,2,research_v2\artifacts\experiment\xai_sanity_cliffs_full_v1\full\sanity_heads\models\label_permuted--mlp--CHEMBL1862_Ki--unimol--seed11.pt,814bd103c4bb9c9c09556a1dd32a15114f45d54c0e32a68705006d296c9b7c9e
CHEMBL1862_Ki,unimol,mlp,23,label_permuted,236,236,-2.4895730018615723,-1.4094724655151367,1.0801005363464355,False,confirmation,1,research_v2\artifacts\experiment\xai_sanity_cliffs_full_v1\full\sanity_heads\models\label_permuted--mlp--CHEMBL1862_Ki--unimol--seed23.pt,1cf61548a7a9b9a2d8022dfca194ecc7ec465e03fab02684aa47b34aef2acf75
CHEMBL1862_Ki,unimol,mlp,42,label_permuted,236,236,-2.532666683197021,-1.4553956985473633,1.0772709846496578,False,confirmation,0,research_v2\artifacts\experiment\xai_sanity_cliffs_full_v1\full\sanity_heads\models\label_permuted--mlp--CHEMBL1862_Ki--unimol--seed42.pt,44266a9d01353fd135182d540ffca187ffb73227621b32be9e836e638ce0aca0
CHEMBL1862_Ki,unimol,xgboost,11,label_permuted,236,12,-1.8311809301376345,-1.707572102546692,0.1236088275909426,False,confirmation,0,research_v2\artifacts\experiment\xai_sanity_cliffs_full_v1\full\sanity_heads\models\label_permuted--xgboost--CHEMBL1862_Ki--unimol--seed11.json,9dbb65b40eb73dad10abec41efc02934e628a0995f12637b96adbf69aa1fc081
CHEMBL1862_Ki,unimol,xgboost,23,label_permuted,236,18,-1.9119518995285036,-1.745362401008606,0.16658949851989768,False,confirmation,0,research_v2\artifacts\experiment\xai_sanity_cliffs_full_v1\full\sanity_heads\models\label_permuted--xgboost--CHEMBL1862_Ki--unimol--seed23.json,e08641b7c5f177917145a6650ff668af71f8f32d1d22b6d04c937c30a040dd03
CHEMBL1862_Ki,unimol,xgboost,42,label_permuted,236,207,-2.28631854057312,-1.5194116830825806,0.7669068574905396,False,confirmation,5,research_v2\artifacts\experiment\xai_sanity_cliffs_full_v1\full\sanity_heads\models\label_permuted--xgboost--CHEMBL1862_Ki--unimol--seed42.json,3a8abfea7f0a94eefc7db1a47ef98b068e6708f1801b81a7ebcca9dba040688c
CHEMBL1871_Ki,molformer,mlp,11,label_permuted,57,57,-2.2005245685577397,-1.6226269006729126,0.5778976678848271,False,confirmation,0,research_v2\artifacts\experiment\xai_sanity_cliffs_full_v1\full\sanity_heads\models\label_permuted--mlp--CHEMBL1871_Ki--molformer--seed11.pt,097dd1ccc1ec0fe9c3356491d708bb20056922621af858d9b95c8b9be24872ba
CHEMBL1871_Ki,molformer,mlp,23,label_permuted,57,57,-2.605069398880005,0.208975076675415,2.81404447555542,False,confirmation,21,research_v2\artifacts\experiment\xai_sanity_cliffs_full_v1\full\sanity_heads\models\label_permuted--mlp--CHEMBL1871_Ki--molformer--seed23.pt,3e5c935d85fed68caf75162c710d0a1615de27f0ad2590652d3af00e340abebb
CHEMBL1871_Ki,molformer,mlp,42,label_permuted,57,57,-2.154998302459717,-1.6151776313781738,0.539820671081543,False,confirmation,2,research_v2\artifacts\experiment\xai_sanity_cliffs_full_v1\full\sanity_heads\models\label_permuted--mlp--CHEMBL1871_Ki--molformer--seed42.pt,0fa664999eab5cf7406cbc1ab0fd6ceb53da9d26d6f83f2b43db5309bf43d3b8
CHEMBL1871_Ki,molformer,xgboost,11,label_permuted,57,13,-1.9646110534667969,-1.8482308387756348,0.11638021469116211,False,confirmation,0,research_v2\artifacts\experiment\xai_sanity_cliffs_full_v1\full\sanity_heads\models\label_permuted--xgboost--CHEMBL1871_Ki--molformer--seed11.json,35be88cd6d9c7ef10b1ef906368b179f0622eb747afa6fb2e959eca156dc959a
CHEMBL1871_Ki,molformer,xgboost,23,label_permuted,57,57,-2.135676145553589,-1.4777326583862305,0.6579434871673584,False,confirmation,17,research_v2\artifacts\experiment\xai_sanity_cliffs_full_v1\full\sanity_heads\models\label_permuted--xgboost--CHEMBL1871_Ki--molformer--seed23.json,d5baacc216d88685f01290b71cea99c5b3d6aae1f5ea8968615ef61e49c57e83
CHEMBL1871_Ki,molformer,xgboost,42,label_permuted,57,30,-2.000374317169189,-1.833113431930542,0.16726088523864702,False,confirmation,1,research_v2\artifacts\experiment\xai_sanity_cliffs_full_v1\full\sanity_heads\models\label_permuted--xgboost--CHEMBL1871_Ki--molformer--seed42.json,4cb2d8797f0b0217f173a626ad1adb1d864d3b6e022fcdc322adc5da95407da9
CHEMBL1871_Ki,morgan,mlp,11,label_permuted,57,57,-2.2956340312957764,-1.6702193021774292,0.6254147291183472,False,confirmation,0,research_v2\artifacts\experiment\xai_sanity_cliffs_full_v1\full\sanity_heads\models\label_permuted--mlp--CHEMBL1871_Ki--morgan--seed11.pt,eefa836076e2eef6617f51a7a6e7c2c0e868a2dcd505e67bc5ea78c04b184a22
CHEMBL1871_Ki,morgan,mlp,23,label_permuted,57,57,-2.5369412899017334,-0.5255295038223267,2.0114117860794067,False,confirmation,2,research_v2\artifacts\experiment\xai_sanity_cliffs_full_v1\full\sanity_heads\models\label_permuted--mlp--CHEMBL1871_Ki--morgan--seed23.pt,30bf79afd8e53a7878c9c39477aab7cc72e084b3853349d2d2600a442d23af1b
CHEMBL1871_Ki,morgan,mlp,42,label_permuted,57,57,-2.121601104736328,-1.5755671262741089,0.5460339784622192,False,confirmation,0,research_v2\artifacts\experiment\xai_sanity_cliffs_full_v1\full\sanity_heads\models\label_permuted--mlp--CHEMBL1871_Ki--morgan--seed42.pt,f311541b34ea612006aec5832ee1e6b7fa788ebda3d16865cdae2f5a193166b6
CHEMBL1871_Ki,morgan,xgboost,11,label_permuted,57,12,-1.9692622423172,-1.7361425161361694,0.2331197261810305,False,confirmation,7,research_v2\artifacts\experiment\xai_sanity_cliffs_full_v1\full\sanity_heads\models\label_permuted--xgboost--CHEMBL1871_Ki--morgan--seed11.json,06de315f893d3d87249805a132d0a65182355388331d3c305e23f2fd1b8634e0
CHEMBL1871_Ki,morgan,xgboost,23,label_permuted,57,40,-2.6087489128112797,-1.2480783462524414,1.3606705665588383,False,confirmation,50,research_v2\artifacts\experiment\xai_sanity_cliffs_full_v1\full\sanity_heads\models\label_permuted--xgboost--CHEMBL1871_Ki--morgan--seed23.json,01d6235ecd2fa249079e05435cf2f26506292de77f096683d9a15070d77e4d5b
CHEMBL1871_Ki,morgan,xgboost,42,label_permuted,57,1,-1.9188482761383057,-1.9188482761383057,0.0,True,confirmation,0,research_v2\artifacts\experiment\xai_sanity_cliffs_full_v1\full\sanity_heads\models\label_permuted--xgboost--CHEMBL1871_Ki--morgan--seed42.json,c196dd05d40f9b6877604e970f3f23b33b89dee5b6e4ca2bd9ea6c06e1a8d976
CHEMBL1871_Ki,unimol,mlp,11,label_permuted,57,57,-3.327819347381592,-0.4702844619750976,2.857534885406494,False,confirmation,21,research_v2\artifacts\experiment\xai_sanity_cliffs_full_v1\full\sanity_heads\models\label_permuted--mlp--CHEMBL1871_Ki--unimol--seed11.pt,a7d75e0ad4f3f5dbd18d2509ab80ad04e051a8fe50cf9e09e3292d4002102170
CHEMBL1871_Ki,unimol,mlp,23,label_permuted,57,57,-2.1455702781677246,-1.721217155456543,0.42435312271118164,False,confirmation,0,research_v2\artifacts\experiment\xai_sanity_cliffs_full_v1\full\sanity_heads\models\label_permuted--mlp--CHEMBL1871_Ki--unimol--seed23.pt,31c318ec54ee2f1ae686a07564a7413c1378ac42f27eeee9da15533333e98ab2
CHEMBL1871_Ki,unimol,mlp,42,label_permuted,57,57,-3.014979839324951,-1.0976154804229736,1.9173643589019775,False,confirmation,6,research_v2\artifacts\experiment\xai_sanity_cliffs_full_v1\full\sanity_heads\models\label_permuted--mlp--CHEMBL1871_Ki--unimol--seed42.pt,048bbabd26dfecc08297ad2b2434fd1a64fa92762f4e90a1937e5941ac540c5d
CHEMBL1871_Ki,unimol,xgboost,11,label_permuted,57,57,-2.374267816543579,-1.178866624832153,1.195401191711426,False,confirmation,53,research_v2\artifacts\experiment\xai_sanity_cliffs_full_v1\full\sanity_heads\models\label_permuted--xgboost--CHEMBL1871_Ki--unimol--seed11.json,6271ce22d197a8f22a6484c77f296c0b808331bf113df1253eb9978867574af2
CHEMBL1871_Ki,unimol,xgboost,23,label_permuted,57,26,-2.00831151008606,-1.8141181468963623,0.1941933631896977,False,confirmation,1,research_v2\artifacts\experiment\xai_sanity_cliffs_full_v1\full\sanity_heads\models\label_permuted--xgboost--CHEMBL1871_Ki--unimol--seed23.json,d661afc9fe87caae44ab706d1d1eb805abc701bcabdd965c6ca48b3e9e03a5d1
CHEMBL1871_Ki,unimol,xgboost,42,label_permuted,57,32,-2.020028591156006,-1.83383047580719,0.18619811534881592,False,confirmation,1,research_v2\artifacts\experiment\xai_sanity_cliffs_full_v1\full\sanity_heads\models\label_permuted--xgboost--CHEMBL1871_Ki--unimol--seed42.json,f419fc442bc9b415583d3e55a95fbc361ccd368ef1af672335ab6eaf096d6e30
CHEMBL2034_Ki,molformer,mlp,11,label_permuted,113,113,-1.7773590087890625,-0.8117453455924988,0.9656136631965637,False,confirmation,1,research_v2\artifacts\experiment\xai_sanity_cliffs_full_v1\full\sanity_heads\models\label_permuted--mlp--CHEMBL2034_Ki--molformer--seed11.pt,26a676724ade7586f7bbe3909b4ba9d1f66018ea6621bf8ad3dd79a02ba2fb33
CHEMBL2034_Ki,molformer,mlp,23,label_permuted,113,113,-1.4930028915405271,-0.6145419478416443,0.8784609436988828,False,confirmation,0,research_v2\artifacts\experiment\xai_sanity_cliffs_full_v1\full\sanity_heads\models\label_permuted--mlp--CHEMBL2034_Ki--molformer--seed23.pt,9ef8b201cfa69ba2204404e3dc25820845a5bb54d165f59baffdb9855e226df6
CHEMBL2034_Ki,molformer,mlp,42,label_permuted,113,113,-1.5216224193572998,-0.3830989599227905,1.1385234594345093,False,confirmation,3,research_v2\artifacts\experiment\xai_sanity_cliffs_full_v1\full\sanity_heads\models\label_permuted--mlp--CHEMBL2034_Ki--molformer--seed42.pt,18a7a0e1e3642d39cc1c25795b9b483da4b5bd29042ea4f506cba00e52f7264a
CHEMBL2034_Ki,molformer,xgboost,11,label_permuted,113,10,-1.2593944072723389,-1.1213839054107666,0.13801050186157227,False,confirmation,0,research_v2\artifacts\experiment\xai_sanity_cliffs_full_v1\full\sanity_heads\models\label_permuted--xgboost--CHEMBL2034_Ki--molformer--seed11.json,7a933a60d1152b1272842060f5d4eb0c453dc81336e678c08e3ea738537d0c1a
CHEMBL2034_Ki,molformer,xgboost,23,label_permuted,113,10,-1.270557880401611,-1.138200044631958,0.1323578357696531,False,confirmation,0,research_v2\artifacts\experiment\xai_sanity_cliffs_full_v1\full\sanity_heads\models\label_permuted--xgboost--CHEMBL2034_Ki--molformer--seed23.json,0c050ad91fc8e28725090582ac0f15d630c2db8cbb6122e053c00cdac7f9ccf8
CHEMBL2034_Ki,molformer,xgboost,42,label_permuted,113,113,-1.660406231880188,-0.8554039597511292,0.8050022721290588,False,confirmation,23,research_v2\artifacts\experiment\xai_sanity_cliffs_full_v1\full\sanity_heads\models\label_permuted--xgboost--CHEMBL2034_Ki--molformer--seed42.json,bc0cb45cc7d06cc352fc1b7fe45a1de4095f47b4242b254a8329c5a6b2f8da88
CHEMBL2034_Ki,morgan,mlp,11,label_permuted,113,113,-1.6381961107254028,-0.7855550050735474,0.8526411056518555,False,confirmation,0,research_v2\artifacts\experiment\xai_sanity_cliffs_full_v1\full\sanity_heads\models\label_permuted--mlp--CHEMBL2034_Ki--morgan--seed11.pt,7218d5ddd1f832bf840563988b4a5321360e374f5054c1fe397510c3c10751f3
CHEMBL2034_Ki,morgan,mlp,23,label_permuted,113,113,-1.313486099243164,-0.7161465883255005,0.5973395109176636,False,confirmation,0,research_v2\artifacts\experiment\xai_sanity_cliffs_full_v1\full\sanity_heads\models\label_permuted--mlp--CHEMBL2034_Ki--morgan--seed23.pt,dec36fda143065b3568ee797ae466558d70cdc4f7edff87c452b5a5433292322
CHEMBL2034_Ki,morgan,mlp,42,label_permuted,113,113,-1.2620059251785278,-0.4468579888343811,0.8151479363441467,False,confirmation,0,research_v2\artifacts\experiment\xai_sanity_cliffs_full_v1\full\sanity_heads\models\label_permuted--mlp--CHEMBL2034_Ki--morgan--seed42.pt,46de757e83805b866a0aa2443296a95b22dc83bd7d14b587b7e1ab1bc6a0b416
CHEMBL2034_Ki,morgan,xgboost,11,label_permuted,113,15,-1.26192307472229,-1.1039085388183594,0.15801453590393066,False,confirmation,2,research_v2\artifacts\experiment\xai_sanity_cliffs_full_v1\full\sanity_heads\models\label_permuted--xgboost--CHEMBL2034_Ki--morgan--seed11.json,c8f8cb9df1733a572c511bca71d9e35076e4b26b80a4a2e4e191cfd0b5c2f827
CHEMBL2034_Ki,morgan,xgboost,23,label_permuted,113,5,-1.2185791730880735,-1.1252641677856443,0.0933150053024292,False,confirmation,0,research_v2\artifacts\experiment\xai_sanity_cliffs_full_v1\full\sanity_heads\models\label_permuted--xgboost--CHEMBL2034_Ki--morgan--seed23.json,76cf37a6740b8827c73b5f95b4c7a67db22746805900bd3cda4f175c3ad53b59
CHEMBL2034_Ki,morgan,xgboost,42,label_permuted,113,96,-1.8164596557617188,-0.3658114671707153,1.4506481885910034,False,confirmation,91,research_v2\artifacts\experiment\xai_sanity_cliffs_full_v1\full\sanity_heads\models\label_permuted--xgboost--CHEMBL2034_Ki--morgan--seed42.json,6d6a73f12c953cdc48f7d9ca16433434b28c322a8d1f3b0fe987838595828a9a
CHEMBL2034_Ki,unimol,mlp,11,label_permuted,113,113,-1.816023588180542,-0.7054429650306702,1.1105806231498718,False,confirmation,1,research_v2\artifacts\experiment\xai_sanity_cliffs_full_v1\full\sanity_heads\models\label_permuted--mlp--CHEMBL2034_Ki--unimol--seed11.pt,64cdae998182a3b4669a868836d56e1d8702e18c059c3c366169870b57c25031
CHEMBL2034_Ki,unimol,mlp,23,label_permuted,113,113,-1.6653491258621216,-0.998726487159729,0.6666226387023926,False,confirmation,0,research_v2\artifacts\experiment\xai_sanity_cliffs_full_v1\full\sanity_heads\models\label_permuted--mlp--CHEMBL2034_Ki--unimol--seed23.pt,3588ff2be158346895ca192986b119cd4a412b1e4e170d651b1bedcc323bab2b
CHEMBL2034_Ki,unimol,mlp,42,label_permuted,113,113,-1.8275551795959477,-0.670222282409668,1.1573328971862797,False,confirmation,1,research_v2\artifacts\experiment\xai_sanity_cliffs_full_v1\full\sanity_heads\models\label_permuted--mlp--CHEMBL2034_Ki--unimol--seed42.pt,d98b418009fbde0488c123e9857da6c4cad3060925e314f42e4f48fcf7795a61
CHEMBL2034_Ki,unimol,xgboost,11,label_permuted,113,13,-1.2406582832336426,-1.1082038879394531,0.13245439529418945,False,confirmation,0,research_v2\artifacts\experiment\xai_sanity_cliffs_full_v1\full\sanity_heads\models\label_permuted--xgboost--CHEMBL2034_Ki--unimol--seed11.json,f5f3b293c595a94aa909ea8f386679bde0db366a793590d5a648930ed48cb3a6
CHEMBL2034_Ki,unimol,xgboost,23,label_permuted,113,101,-1.3252259492874146,-1.0502502918243408,0.27497565746307373,False,confirmation,4,research_v2\artifacts\experiment\xai_sanity_cliffs_full_v1\full\sanity_heads\models\label_permuted--xgboost--CHEMBL2034_Ki--unimol--seed23.json,aab773e97170058c5c9665786bc123d03b71673a4da29e5556e024c8e0bb04ea
CHEMBL2034_Ki,unimol,xgboost,42,label_permuted,113,113,-1.6147884130477903,-0.8805593252182007,0.7342290878295896,False,confirmation,12,research_v2\artifacts\experiment\xai_sanity_cliffs_full_v1\full\sanity_heads\models\label_permuted--xgboost--CHEMBL2034_Ki--unimol--seed42.json,9b6e5e89a9921de9b8dab644760340714ded51e8ec0e6d9de4b770bd990eeeb8
CHEMBL2047_EC50,molformer,mlp,11,label_permuted,91,91,-3.088095426559448,-2.4398982524871826,0.6481971740722652,False,confirmation,0,research_v2\artifacts\experiment\xai_sanity_cliffs_full_v1\full\sanity_heads\models\label_permuted--mlp--CHEMBL2047_EC50--molformer--seed11.pt,9953e544d836b541d8220cff23e3ed37489d7cc90d2d004263ad3584070ebc56
CHEMBL2047_EC50,molformer,mlp,23,label_permuted,91,91,-3.237101554870605,-2.396920680999756,0.8401808738708492,False,confirmation,1,research_v2\artifacts\experiment\xai_sanity_cliffs_full_v1\full\sanity_heads\models\label_permuted--mlp--CHEMBL2047_EC50--molformer--seed23.pt,7905aec7701f5adb08c6f110fab1172250d77cb01c47cc91e922fa2b54cdf0fd
CHEMBL2047_EC50,molformer,mlp,42,label_permuted,91,91,-3.045173168182373,-2.451465129852295,0.5937080383300781,False,confirmation,0,research_v2\artifacts\experiment\xai_sanity_cliffs_full_v1\full\sanity_heads\models\label_permuted--mlp--CHEMBL2047_EC50--molformer--seed42.pt,7678e1b3f55f2d88cbe750ad74982bb057264cc61467d6275d87d9f46a76f1c5
CHEMBL2047_EC50,molformer,xgboost,11,label_permuted,91,15,-2.808643341064453,-2.661517858505249,0.1471254825592041,False,confirmation,0,research_v2\artifacts\experiment\xai_sanity_cliffs_full_v1\full\sanity_heads\models\label_permuted--xgboost--CHEMBL2047_EC50--molformer--seed11.json,1df8587187c73818c92ec09e1c3fa9aa43cf0f5e1ae4dc5ee7165ae571fa987c
CHEMBL2047_EC50,molformer,xgboost,23,label_permuted,91,28,-2.820599317550659,-2.6687796115875244,0.15181970596313477,False,confirmation,1,research_v2\artifacts\experiment\xai_sanity_cliffs_full_v1\full\sanity_heads\models\label_permuted--xgboost--CHEMBL2047_EC50--molformer--seed23.json,e3d1e623e7c11a4869c456f9055637ae5e87d632ae638b1d3c858de7b0fd7202
CHEMBL2047_EC50,molformer,xgboost,42,label_permuted,91,91,-3.070914030075073,-2.163483142852783,0.9074308872222896,False,confirmation,14,research_v2\artifacts\experiment\xai_sanity_cliffs_full_v1\full\sanity_heads\models\label_permuted--xgboost--CHEMBL2047_EC50--molformer--seed42.json,ae5b4700a2496754bd80fb10afee0792bebe8d1f393620590572e27ddc002594
CHEMBL2047_EC50,morgan,mlp,11,label_permuted,91,91,-3.0575571060180664,-2.559870719909668,0.49768638610839844,False,confirmation,0,research_v2\artifacts\experiment\xai_sanity_cliffs_full_v1\full\sanity_heads\models\label_permuted--mlp--CHEMBL2047_EC50--morgan--seed11.pt,551175e838a0ef18f5e6796a3605a3353939173365f4675ccb1355aa91ac8e06
CHEMBL2047_EC50,morgan,mlp,23,label_permuted,91,91,-2.925078153610229,-2.5385758876800537,0.38650226593017534,False,confirmation,0,research_v2\artifacts\experiment\xai_sanity_cliffs_full_v1\full\sanity_heads\models\label_permuted--mlp--CHEMBL2047_EC50--morgan--seed23.pt,c5430f76f12080f058d2c22c3e5a70d277d55093b64c3c8d515a963dc5c6ec71
CHEMBL2047_EC50,morgan,mlp,42,label_permuted,91,91,-2.912097692489624,-2.390068292617798,0.5220293998718262,False,confirmation,0,research_v2\artifacts\experiment\xai_sanity_cliffs_full_v1\full\sanity_heads\models\label_permuted--mlp--CHEMBL2047_EC50--morgan--seed42.pt,86bf4e98cd7ed750c3f8d30f42af202dbae88a6e49ef710ced5c4459bd84159f
CHEMBL2047_EC50,morgan,xgboost,11,label_permuted,91,5,-2.8102657794952397,-2.7236075401306152,0.08665823936462447,False,confirmation,0,research_v2\artifacts\experiment\xai_sanity_cliffs_full_v1\full\sanity_heads\models\label_permuted--xgboost--CHEMBL2047_EC50--morgan--seed11.json,a0511dc84869c09bc818cd26b6c9d8fa9dfc59f14224ad07e434b809a016e3cb
CHEMBL2047_EC50,morgan,xgboost,23,label_permuted,91,13,-2.8562674522399902,-2.5786874294281006,0.27758002281188965,False,confirmation,2,research_v2\artifacts\experiment\xai_sanity_cliffs_full_v1\full\sanity_heads\models\label_permuted--xgboost--CHEMBL2047_EC50--morgan--seed23.json,03c51acf515479032d9cbbc8504aa93afcf8cf0e9099e286984143a201cb6e03
CHEMBL2047_EC50,morgan,xgboost,42,label_permuted,91,52,-3.25522255897522,-1.9667420387268064,1.2884805202484138,False,confirmation,57,research_v2\artifacts\experiment\xai_sanity_cliffs_full_v1\full\sanity_heads\models\label_permuted--xgboost--CHEMBL2047_EC50--morgan--seed42.json,54f9710b5f4fddfc26b67f19f0b38866c35c7faf93c1d55f17b60e17f6c15333
CHEMBL2047_EC50,unimol,mlp,11,label_permuted,91,91,-3.7067055702209473,-2.525876998901367,1.18082857131958,False,confirmation,2,research_v2\artifacts\experiment\xai_sanity_cliffs_full_v1\full\sanity_heads\models\label_permuted--mlp--CHEMBL2047_EC50--unimol--seed11.pt,df26d061288fdd6bbd1c51bca9e20b9769f36bf040922d699817aa765e2d5ce4
CHEMBL2047_EC50,unimol,mlp,23,label_permuted,91,91,-3.068119525909424,-2.423942804336548,0.644176721572876,False,confirmation,0,research_v2\artifacts\experiment\xai_sanity_cliffs_full_v1\full\sanity_heads\models\label_permuted--mlp--CHEMBL2047_EC50--unimol--seed23.pt,cf2d186c3ff8f31276e7ba61ca03e7ca978d09e668eee8cf37e57f1e6ae92363
CHEMBL2047_EC50,unimol,mlp,42,label_permuted,91,91,-3.127969741821289,-2.5461761951446533,0.5817935466766357,False,confirmation,0,research_v2\artifacts\experiment\xai_sanity_cliffs_full_v1\full\sanity_heads\models\label_permuted--mlp--CHEMBL2047_EC50--unimol--seed42.pt,aa950c28327c057c271277acf53c95dbfd6cb98eae599fe2bcce6f5f0a0d64c9
CHEMBL2047_EC50,unimol,xgboost,11,label_permuted,91,15,-2.791214942932129,-2.665806293487549,0.12540864944458008,False,confirmation,0,research_v2\artifacts\experiment\xai_sanity_cliffs_full_v1\full\sanity_heads\models\label_permuted--xgboost--CHEMBL2047_EC50--unimol--seed11.json,4fb13c1af3df52267f77ed8b0f12a88732a33842506f5e8bb60333e16047ed08
CHEMBL2047_EC50,unimol,xgboost,23,label_permuted,91,91,-2.9845104217529297,-2.3165526390075684,0.6679577827453613,False,confirmation,10,research_v2\artifacts\experiment\xai_sanity_cliffs_full_v1\full\sanity_heads\models\label_permuted--xgboost--CHEMBL2047_EC50--unimol--seed23.json,0803f5cc24f2190b97d4966257fd191a9dc40e2de406e9f5b25f6049636b54f4
CHEMBL2047_EC50,unimol,xgboost,42,label_permuted,91,40,-2.859056234359741,-2.6509575843811035,0.2080986499786377,False,confirmation,1,research_v2\artifacts\experiment\xai_sanity_cliffs_full_v1\full\sanity_heads\models\label_permuted--xgboost--CHEMBL2047_EC50--unimol--seed42.json,b3223ee324de4e935a457a4e63dc0cae964b491a4372c70df66f8d07fac350d4
CHEMBL204_Ki,molformer,mlp,11,label_permuted,360,360,-2.880408763885498,-1.5601143836975098,1.3202943801879883,False,confirmation,0,research_v2\artifacts\experiment\xai_sanity_cliffs_full_v1\full\sanity_heads\models\label_permuted--mlp--CHEMBL204_Ki--molformer--seed11.pt,9931aba6052ab5de46636fbd5d9881aa4619bc078b5fbd957846090a5906dfe8
CHEMBL204_Ki,molformer,mlp,23,label_permuted,360,360,-3.02370023727417,-1.7903704643249512,1.2333297729492188,False,confirmation,0,research_v2\artifacts\experiment\xai_sanity_cliffs_full_v1\full\sanity_heads\models\label_permuted--mlp--CHEMBL204_Ki--molformer--seed23.pt,7d2322f3d7f0be6c9e159c11ef0d591c1d14af63358714542a472a17b19cf5d1
CHEMBL204_Ki,molformer,mlp,42,label_permuted,360,360,-2.540836334228516,-1.7182151079177856,0.8226212263107304,False,confirmation,0,research_v2\artifacts\experiment\xai_sanity_cliffs_full_v1\full\sanity_heads\models\label_permuted--mlp--CHEMBL204_Ki--molformer--seed42.pt,8f2b46e6e4c7ee1fb333684140fe4f29cfffe2f361d188096a13a9be2b1206ba
CHEMBL204_Ki,molformer,xgboost,11,label_permuted,360,270,-2.3290140628814697,-1.9114786386489868,0.4175354242324829,False,confirmation,3,research_v2\artifacts\experiment\xai_sanity_cliffs_full_v1\full\sanity_heads\models\label_permuted--xgboost--CHEMBL204_Ki--molformer--seed11.json,e4588a3ef266668a96e94d52303e48a75ffb6b89f94ff64cefe6f4d59d5ae6c4
CHEMBL204_Ki,molformer,xgboost,23,label_permuted,360,356,-2.450993776321411,-1.586484432220459,0.8645093441009521,False,confirmation,13,research_v2\artifacts\experiment\xai_sanity_cliffs_full_v1\full\sanity_heads\models\label_permuted--xgboost--CHEMBL204_Ki--molformer--seed23.json,5bb1f76372663ebafb472d2abce522fd8ce291ccad7b6f7cd7f3355ff4ab7762
CHEMBL204_Ki,molformer,xgboost,42,label_permuted,360,242,-2.3826904296875,-1.8978506326675413,0.4848397970199587,False,confirmation,5,research_v2\artifacts\experiment\xai_sanity_cliffs_full_v1\full\sanity_heads\models\label_permuted--xgboost--CHEMBL204_Ki--molformer--seed42.json,012c51aa822591b4e590addf324171d6674020b98399a58ae0cbd98320b05e0b
CHEMBL204_Ki,morgan,mlp,11,label_permuted,360,359,-2.913480758666992,-1.61799955368042,1.2954812049865723,False,confirmation,0,research_v2\artifacts\experiment\xai_sanity_cliffs_full_v1\full\sanity_heads\models\label_permuted--mlp--CHEMBL204_Ki--morgan--seed11.pt,54fc01774a069e86e3c4ab13098fdc5725613f40aacf4debd6bd85f64c0e6b10
CHEMBL204_Ki,morgan,mlp,23,label_permuted,360,359,-2.886335849761963,-1.5374547243118286,1.3488811254501343,False,confirmation,0,research_v2\artifacts\experiment\xai_sanity_cliffs_full_v1\full\sanity_heads\models\label_permuted--mlp--CHEMBL204_Ki--morgan--seed23.pt,3db6ccf03df127f96a30f2a5257c14eaf99f7863b15a3850a79b9b86af705e1b
CHEMBL204_Ki,morgan,mlp,42,label_permuted,360,358,-2.7434751987457275,-1.459933519363403,1.2835416793823244,False,confirmation,0,research_v2\artifacts\experiment\xai_sanity_cliffs_full_v1\full\sanity_heads\models\label_permuted--mlp--CHEMBL204_Ki--morgan--seed42.pt,3f91358c4db4745e82d39b67c3069ee6ef45ee85f559e2089f2edc8f474edc86
CHEMBL204_Ki,morgan,xgboost,11,label_permuted,360,33,-2.348667860031128,-2.003661155700684,0.3450067043304439,False,confirmation,3,research_v2\artifacts\experiment\xai_sanity_cliffs_full_v1\full\sanity_heads\models\label_permuted--xgboost--CHEMBL204_Ki--morgan--seed11.json,6d8e358680128852a8775d3ad04a280d263461ea3ecefa55f508dfdd8684b53a
CHEMBL204_Ki,morgan,xgboost,23,label_permuted,360,6,-2.2358412742614746,-2.074543237686157,0.16129803657531783,False,confirmation,0,research_v2\artifacts\experiment\xai_sanity_cliffs_full_v1\full\sanity_heads\models\label_permuted--xgboost--CHEMBL204_Ki--morgan--seed23.json,55ca5879f70190dcbec2f5cbb82b1512ef11a636286a3c178c2daa6b003313c2
CHEMBL204_Ki,morgan,xgboost,42,label_permuted,360,6,-2.200192928314209,-2.0901265144348145,0.11006641387939453,False,confirmation,0,research_v2\artifacts\experiment\xai_sanity_cliffs_full_v1\full\sanity_heads\models\label_permuted--xgboost--CHEMBL204_Ki--morgan--seed42.json,2919a82a05541833cec2ce5eaebd9528f6004b4ec35a1304503c3ab1046173b4
CHEMBL204_Ki,unimol,mlp,11,label_permuted,360,360,-2.7888848781585693,-1.6983412504196167,1.0905436277389526,False,confirmation,0,research_v2\artifacts\experiment\xai_sanity_cliffs_full_v1\full\sanity_heads\models\label_permuted--mlp--CHEMBL204_Ki--unimol--seed11.pt,25e565735dd7b2f7722e0d321dc0797621e1989aa3019e4cbe11a8cf7648f85e
CHEMBL204_Ki,unimol,mlp,23,label_permuted,360,360,-2.822503089904785,-1.8262574672698972,0.9962456226348879,False,confirmation,0,research_v2\artifacts\experiment\xai_sanity_cliffs_full_v1\full\sanity_heads\models\label_permuted--mlp--CHEMBL204_Ki--unimol--seed23.pt,2e7e60fd38acd49a32fb87df6679361249d2e3314a045828ba077a58c8a3f6d2
CHEMBL204_Ki,unimol,mlp,42,label_permuted,360,360,-2.5705766677856445,-1.5804648399353027,0.9901118278503418,False,confirmation,0,research_v2\artifacts\experiment\xai_sanity_cliffs_full_v1\full\sanity_heads\models\label_permuted--mlp--CHEMBL204_Ki--unimol--seed42.pt,73f3ea2996c81baebe31c7d40104ec6d169a26f233d4de41bd4883df2500e94f
CHEMBL204_Ki,unimol,xgboost,11,label_permuted,360,302,-2.378059864044189,-1.9956029653549197,0.38245689868926935,False,confirmation,4,research_v2\artifacts\experiment\xai_sanity_cliffs_full_v1\full\sanity_heads\models\label_permuted--xgboost--CHEMBL204_Ki--unimol--seed11.json,d24e46598d18c3398136fa777e3d7960a37e8ecd5198280144f81d6853242d0d
CHEMBL204_Ki,unimol,xgboost,23,label_permuted,360,324,-2.360130786895752,-1.837620735168457,0.5225100517272949,False,confirmation,6,research_v2\artifacts\experiment\xai_sanity_cliffs_full_v1\full\sanity_heads\models\label_permuted--xgboost--CHEMBL204_Ki--unimol--seed23.json,df5a10d4a0d4a61ea0e2a471d736472eb2d429d189cd8059b5d8322952fa954d
CHEMBL204_Ki,unimol,xgboost,42,label_permuted,360,334,-2.4682719707489014,-1.9935756921768188,0.4746962785720825,False,confirmation,5,research_v2\artifacts\experiment\xai_sanity_cliffs_full_v1\full\sanity_heads\models\label_permuted--xgboost--CHEMBL204_Ki--unimol--seed42.json,0bc03f677455672d6bc42fbe724fde480c82293aa6fe719fffae1fe60b6c27d7
CHEMBL2147_Ki,molformer,mlp,11,label_permuted,41,41,-2.1237709522247314,-0.5313310027122498,1.5924399495124817,False,confirmation,1,research_v2\artifacts\experiment\xai_sanity_cliffs_full_v1\full\sanity_heads\models\label_permuted--mlp--CHEMBL2147_Ki--molformer--seed11.pt,d5c1d40c9904e0f467d31c0ed8b3b621768d6d24fb26540e624848f405112a6c
CHEMBL2147_Ki,molformer,mlp,23,label_permuted,41,41,-2.0634965896606445,-0.2722176909446716,1.791278898715973,False,confirmation,1,research_v2\artifacts\experiment\xai_sanity_cliffs_full_v1\full\sanity_heads\models\label_permuted--mlp--CHEMBL2147_Ki--molformer--seed23.pt,85bcfabd0929c9bfa31a3c4cafb6d067868a49315172c6029d36ab0040b01ea9
CHEMBL2147_Ki,molformer,mlp,42,label_permuted,41,41,-2.137307643890381,0.1117310523986816,2.2490386962890625,False,confirmation,1,research_v2\artifacts\experiment\xai_sanity_cliffs_full_v1\full\sanity_heads\models\label_permuted--mlp--CHEMBL2147_Ki--molformer--seed42.pt,659e5fa3aecd4b15cfca15ea70e4ca1f0289359eb002c0df3a50705008994ba2
CHEMBL2147_Ki,molformer,xgboost,11,label_permuted,41,10,-1.249462604522705,-1.0544885396957395,0.19497406482696555,False,confirmation,0,research_v2\artifacts\experiment\xai_sanity_cliffs_full_v1\full\sanity_heads\models\label_permuted--xgboost--CHEMBL2147_Ki--molformer--seed11.json,7d8364a1ca8ea753652275decf7afae27c3f1f3c04e252715f1d1caf7b2973ce
CHEMBL2147_Ki,molformer,xgboost,23,label_permuted,41,40,-1.7319930791854858,-0.6452463269233704,1.0867467522621155,False,confirmation,12,research_v2\artifacts\experiment\xai_sanity_cliffs_full_v1\full\sanity_heads\models\label_permuted--xgboost--CHEMBL2147_Ki--molformer--seed23.json,bd993b9ab661d73855de2df6499e7f9e435fb975f3df0ad79a1708cc1e3847e0
CHEMBL2147_Ki,molformer,xgboost,42,label_permuted,41,33,-1.3102147579193115,-0.962515115737915,0.3476996421813965,False,confirmation,1,research_v2\artifacts\experiment\xai_sanity_cliffs_full_v1\full\sanity_heads\models\label_permuted--xgboost--CHEMBL2147_Ki--molformer--seed42.json,f00fdd29f9302201f4ab4a46fa2b2b17fc056a616c35dc99002504a33e0213cc
CHEMBL2147_Ki,morgan,mlp,11,label_permuted,41,41,-1.9739751815795896,-0.747231125831604,1.2267440557479856,False,confirmation,0,research_v2\artifacts\experiment\xai_sanity_cliffs_full_v1\full\sanity_heads\models\label_permuted--mlp--CHEMBL2147_Ki--morgan--seed11.pt,98e98067eeca5c393405b70377853a02d9fea2fe0335225dbfbf76fa647a3085
CHEMBL2147_Ki,morgan,mlp,23,label_permuted,41,41,-2.05112624168396,-0.3173083066940307,1.7338179349899292,False,confirmation,0,research_v2\artifacts\experiment\xai_sanity_cliffs_full_v1\full\sanity_heads\models\label_permuted--mlp--CHEMBL2147_Ki--morgan--seed23.pt,c0e361758cedc259815720adb46c6ffd261073fccb57d02e459c2abc0fb87310
CHEMBL2147_Ki,morgan,mlp,42,label_permuted,41,41,-2.779722213745117,2.402777671813965,5.182499885559082,False,confirmation,84,research_v2\artifacts\experiment\xai_sanity_cliffs_full_v1\full\sanity_heads\models\label_permuted--mlp--CHEMBL2147_Ki--morgan--seed42.pt,7d520690966ddd4e977ee976b760083dab6571972ed04db0d0030a33b9266a10
CHEMBL2147_Ki,morgan,xgboost,11,label_permuted,41,32,-1.7011525630950928,-0.316391110420227,1.3847614526748657,False,confirmation,29,research_v2\artifacts\experiment\xai_sanity_cliffs_full_v1\full\sanity_heads\models\label_permuted--xgboost--CHEMBL2147_Ki--morgan--seed11.json,90e9b1c41aadc9c23c07cf8f3629715a106089dd3fc5682d70f9555ded42953d
CHEMBL2147_Ki,morgan,xgboost,23,label_permuted,41,31,-1.4798966646194458,-0.6557126641273499,0.824184000492096,False,confirmation,34,research_v2\artifacts\experiment\xai_sanity_cliffs_full_v1\full\sanity_heads\models\label_permuted--xgboost--CHEMBL2147_Ki--morgan--seed23.json,4cf68eb10ee441d1a15e0049b08f305fcd36602d925d5c3d29ed0b8327fa5448
CHEMBL2147_Ki,morgan,xgboost,42,label_permuted,41,15,-1.38922917842865,-1.0444778203964231,0.3447513580322268,False,confirmation,3,research_v2\artifacts\experiment\xai_sanity_cliffs_full_v1\full\sanity_heads\models\label_permuted--xgboost--CHEMBL2147_Ki--morgan--seed42.json,817ffacdc3621595be7590804ed978446d83251aa560b2c2756d806a8be6249c
CHEMBL2147_Ki,unimol,mlp,11,label_permuted,41,41,-1.4795161485671997,-0.2943578362464905,1.1851583123207092,False,confirmation,0,research_v2\artifacts\experiment\xai_sanity_cliffs_full_v1\full\sanity_heads\models\label_permuted--mlp--CHEMBL2147_Ki--unimol--seed11.pt,7d95dd523d740e81ee3d61adc489843906a68dedb4b6ca17724b03265a35315e
CHEMBL2147_Ki,unimol,mlp,23,label_permuted,41,41,-1.6983760595321655,-0.814207911491394,0.8841681480407715,False,confirmation,0,research_v2\artifacts\experiment\xai_sanity_cliffs_full_v1\full\sanity_heads\models\label_permuted--mlp--CHEMBL2147_Ki--unimol--seed23.pt,a126dc91d6183534b88cf8d9694f2bb869acda27e534b009af551a38a0297b0e
CHEMBL2147_Ki,unimol,mlp,42,label_permuted,41,41,-1.772024154663086,-0.8703466057777405,0.9016775488853455,False,confirmation,0,research_v2\artifacts\experiment\xai_sanity_cliffs_full_v1\full\sanity_heads\models\label_permuted--mlp--CHEMBL2147_Ki--unimol--seed42.pt,24733faa77547aa6bd04f1fcfa8fad07c52ac2140aa1795b738e54819c07db6a
CHEMBL2147_Ki,unimol,xgboost,11,label_permuted,41,41,-1.9366612434387207,-0.5002810955047607,1.43638014793396,False,confirmation,63,research_v2\artifacts\experiment\xai_sanity_cliffs_full_v1\full\sanity_heads\models\label_permuted--xgboost--CHEMBL2147_Ki--unimol--seed11.json,81de045da783907afeff34044cb611b07c7fdc0d04c55deb4b3effa5a5a8da15
CHEMBL2147_Ki,unimol,xgboost,23,label_permuted,41,39,-1.2490808963775637,-0.9126043915748596,0.3364765048027041,False,confirmation,3,research_v2\artifacts\experiment\xai_sanity_cliffs_full_v1\full\sanity_heads\models\label_permuted--xgboost--CHEMBL2147_Ki--unimol--seed23.json,3f03e780d5fc63686100414caa13e6c81ff3672ea56961f993118203e7c2bf78
CHEMBL2147_Ki,unimol,xgboost,42,label_permuted,41,41,-1.9562873840332031,-0.4443361759185791,1.511951208114624,False,confirmation,61,research_v2\artifacts\experiment\xai_sanity_cliffs_full_v1\full\sanity_heads\models\label_permuted--xgboost--CHEMBL2147_Ki--unimol--seed42.json,b807e8ad35314d3f4716a9d6122d942709ab0e4c9c73e361d22f5fe85cb7b87f
CHEMBL214_Ki,molformer,mlp,11,label_permuted,309,308,-2.2752344608306885,-1.2066001892089844,1.068634271621704,False,development,1,research_v2\artifacts\experiment\xai_sanity_cliffs_full_v1\full\sanity_heads\models\label_permuted--mlp--CHEMBL214_Ki--molformer--seed11.pt,9607f66b8c3570726671af2a8bbaa5bfd825f5483d0eb2f2f5ebdf8c4f76e4aa
CHEMBL214_Ki,molformer,mlp,23,label_permuted,309,309,-2.2760517597198486,-1.0955305099487305,1.1805212497711182,False,development,1,research_v2\artifacts\experiment\xai_sanity_cliffs_full_v1\full\sanity_heads\models\label_permuted--mlp--CHEMBL214_Ki--molformer--seed23.pt,db74afb2be6a522b43864513e34e190c7f3e4639ae7710e68dbf2ac30b0f7bc9
CHEMBL214_Ki,molformer,mlp,42,label_permuted,309,309,-2.27585506439209,-1.2745921611785889,1.001262903213501,False,development,1,research_v2\artifacts\experiment\xai_sanity_cliffs_full_v1\full\sanity_heads\models\label_permuted--mlp--CHEMBL214_Ki--molformer--seed42.pt,4326efa0e960ea9d29c8c1f3d28d97e643498e4849e8d3902fc0ae2acc595e0a
CHEMBL214_Ki,molformer,xgboost,11,label_permuted,309,73,-1.7654880285263062,-1.568234920501709,0.19725310802459717,False,development,1,research_v2\artifacts\experiment\xai_sanity_cliffs_full_v1\full\sanity_heads\models\label_permuted--xgboost--CHEMBL214_Ki--molformer--seed11.json,4c0d9ed96f943d75343d03b241a4ed72278d9f67f8738714d6b589b91f2b366f
CHEMBL214_Ki,molformer,xgboost,23,label_permuted,309,19,-1.7550104856491089,-1.589120626449585,0.16588985919952393,False,development,0,research_v2\artifacts\experiment\xai_sanity_cliffs_full_v1\full\sanity_heads\models\label_permuted--xgboost--CHEMBL214_Ki--molformer--seed23.json,93175b86f590ab0168e5cb9d862bab3ed99e108e0b409f6ff400842650f2b7da
CHEMBL214_Ki,molformer,xgboost,42,label_permuted,309,309,-1.9854027032852173,-1.3247323036193848,0.6606703996658325,False,development,27,research_v2\artifacts\experiment\xai_sanity_cliffs_full_v1\full\sanity_heads\models\label_permuted--xgboost--CHEMBL214_Ki--molformer--seed42.json,4d2f18e691b39c1ee54f46484df6a210d40553698100518120a5e9090de9437a
CHEMBL214_Ki,morgan,mlp,11,label_permuted,309,307,-2.068257570266724,-0.9900286197662354,1.0782289505004887,False,development,0,research_v2\artifacts\experiment\xai_sanity_cliffs_full_v1\full\sanity_heads\models\label_permuted--mlp--CHEMBL214_Ki--morgan--seed11.pt,a396aa5582ad3852e429c7de87c54997f63f809c1bee390e020e1674c41a6e0c
CHEMBL214_Ki,morgan,mlp,23,label_permuted,309,307,-2.39933705329895,-1.356780767440796,1.0425562858581543,False,development,0,research_v2\artifacts\experiment\xai_sanity_cliffs_full_v1\full\sanity_heads\models\label_permuted--mlp--CHEMBL214_Ki--morgan--seed23.pt,50ef0e5c06bb12fbf58d991f8c452f032da1e255b50d4fd1f79b866abfbe8732
CHEMBL214_Ki,morgan,mlp,42,label_permuted,309,307,-2.059907913208008,-0.8411521911621094,1.2187557220458984,False,development,0,research_v2\artifacts\experiment\xai_sanity_cliffs_full_v1\full\sanity_heads\models\label_permuted--mlp--CHEMBL214_Ki--morgan--seed42.pt,6b97d0f03325096cc40f353f1a4e6d0241d522ff25df37386846270edd42dc86
CHEMBL214_Ki,morgan,xgboost,11,label_permuted,309,29,-1.8259540796279907,-1.6141799688339231,0.2117741107940676,False,development,4,research_v2\artifacts\experiment\xai_sanity_cliffs_full_v1\full\sanity_heads\models\label_permuted--xgboost--CHEMBL214_Ki--morgan--seed11.json,e8e7743253c4af9cb6cff51e5285999a5b4ad88ed803d06031ebf8a8d525fe71
CHEMBL214_Ki,morgan,xgboost,23,label_permuted,309,64,-1.78172767162323,-1.5386090278625488,0.24311864376068115,False,development,8,research_v2\artifacts\experiment\xai_sanity_cliffs_full_v1\full\sanity_heads\models\label_permuted--xgboost--CHEMBL214_Ki--morgan--seed23.json,e7d380e3e527c7afcf3b626b96ed95224dea97b5d3b672e1b02244246c106143
CHEMBL214_Ki,morgan,xgboost,42,label_permuted,309,6,-1.7045201063156128,-1.63426411151886,0.07025599479675271,False,development,0,research_v2\artifacts\experiment\xai_sanity_cliffs_full_v1\full\sanity_heads\models\label_permuted--xgboost--CHEMBL214_Ki--morgan--seed42.json,c89d2909dddb536126bdd9bfaedc621828948b020ab8369d025863c8d7721afc
CHEMBL214_Ki,unimol,mlp,11,label_permuted,309,309,-2.3629305362701416,-1.1943340301513672,1.1685965061187744,False,development,1,research_v2\artifacts\experiment\xai_sanity_cliffs_full_v1\full\sanity_heads\models\label_permuted--mlp--CHEMBL214_Ki--unimol--seed11.pt,138ed8b3b97e8f3013845164c673a986234cadeed769b37c660503a2ee8d9b88
CHEMBL214_Ki,unimol,mlp,23,label_permuted,309,309,-2.2022271156311035,-1.3010332584381104,0.9011938571929932,False,development,0,research_v2\artifacts\experiment\xai_sanity_cliffs_full_v1\full\sanity_heads\models\label_permuted--mlp--CHEMBL214_Ki--unimol--seed23.pt,6bdfc1c1141a1d7723c8dce51b6954d7838b4aac066374c97ea029b3e647ba9a
CHEMBL214_Ki,unimol,mlp,42,label_permuted,309,309,-2.458584308624268,-1.3037407398223877,1.1548435688018803,False,development,1,research_v2\artifacts\experiment\xai_sanity_cliffs_full_v1\full\sanity_heads\models\label_permuted--mlp--CHEMBL214_Ki--unimol--seed42.pt,7285165203eae9674c9ba5ab076cbb80d93dd545fb44804654d37d3f5657cade
CHEMBL214_Ki,unimol,xgboost,11,label_permuted,309,187,-1.7827916145324707,-1.3605340719223022,0.42225754261016846,False,development,4,research_v2\artifacts\experiment\xai_sanity_cliffs_full_v1\full\sanity_heads\models\label_permuted--xgboost--CHEMBL214_Ki--unimol--seed11.json,57e44b6fd9aacadac6d27a4640943e13ac9df4ac579091c168800f5dc81a6b59
CHEMBL214_Ki,unimol,xgboost,23,label_permuted,309,66,-1.7685062885284424,-1.5684555768966677,0.20005071163177468,False,development,1,research_v2\artifacts\experiment\xai_sanity_cliffs_full_v1\full\sanity_heads\models\label_permuted--xgboost--CHEMBL214_Ki--unimol--seed23.json,06d85902ca214283bbab30c0f50314ba5f3a98f4c13dbb05e5b0fb8723e492e6
CHEMBL214_Ki,unimol,xgboost,42,label_permuted,309,12,-1.7024378776550293,-1.593116283416748,0.10932159423828125,False,development,0,research_v2\artifacts\experiment\xai_sanity_cliffs_full_v1\full\sanity_heads\models\label_permuted--xgboost--CHEMBL214_Ki--unimol--seed42.json,ced42c58baacbb89e4f6921d4a0b4637454ab8905e8991123e7c8f356a1f89f0
CHEMBL218_EC50,molformer,mlp,11,label_permuted,100,100,-2.997981071472168,-2.1052181720733643,0.8927628993988037,False,confirmation,0,research_v2\artifacts\experiment\xai_sanity_cliffs_full_v1\full\sanity_heads\models\label_permuted--mlp--CHEMBL218_EC50--molformer--seed11.pt,14619d354937eae674b731fa59cb5110b9f799846353b4c14a58c8fc85d8fdf3
CHEMBL218_EC50,molformer,mlp,23,label_permuted,100,100,-2.669363021850586,-1.6465877294540403,1.0227752923965456,False,confirmation,1,research_v2\artifacts\experiment\xai_sanity_cliffs_full_v1\full\sanity_heads\models\label_permuted--mlp--CHEMBL218_EC50--molformer--seed23.pt,1c0d2d8b2a808c095338c65a9cfc78ddc33ef19dc8659a7029bfa22d8714fd7e
CHEMBL218_EC50,molformer,mlp,42,label_permuted,100,100,-2.861744880676269,-1.719743251800537,1.142001628875732,False,confirmation,2,research_v2\artifacts\experiment\xai_sanity_cliffs_full_v1\full\sanity_heads\models\label_permuted--mlp--CHEMBL218_EC50--molformer--seed42.pt,9f2441f5f60aeb60b8b77b41f0fdad51eda2000798244b08ad513a3c77995fc4
CHEMBL218_EC50,molformer,xgboost,11,label_permuted,100,10,-2.333536386489868,-2.247918605804444,0.08561778068542436,False,confirmation,0,research_v2\artifacts\experiment\xai_sanity_cliffs_full_v1\full\sanity_heads\models\label_permuted--xgboost--CHEMBL218_EC50--molformer--seed11.json,a1582c05752ab66518c2ec0ab7d14a2e6b5aa19b48cf25b60ca74252a45cda5a
CHEMBL218_EC50,molformer,xgboost,23,label_permuted,100,98,-2.646186590194702,-1.5589611530303955,1.0872254371643066,False,confirmation,26,research_v2\artifacts\experiment\xai_sanity_cliffs_full_v1\full\sanity_heads\models\label_permuted--xgboost--CHEMBL218_EC50--molformer--seed23.json,12c0c217eb5aec33dc64f9673e49a991833e420d6cd369bb997ad44adbe2b5af
CHEMBL218_EC50,molformer,xgboost,42,label_permuted,100,100,-2.8731136322021484,-1.9777369499206543,0.8953766822814941,False,confirmation,19,research_v2\artifacts\experiment\xai_sanity_cliffs_full_v1\full\sanity_heads\models\label_permuted--xgboost--CHEMBL218_EC50--molformer--seed42.json,a87df6ea7fd8b8479a92f8d62807b55e0d261755073f6c37ca508a12b1f1bff6
CHEMBL218_EC50,morgan,mlp,11,label_permuted,100,100,-2.753840684890747,-1.9798332452774048,0.7740074396133423,False,confirmation,0,research_v2\artifacts\experiment\xai_sanity_cliffs_full_v1\full\sanity_heads\models\label_permuted--mlp--CHEMBL218_EC50--morgan--seed11.pt,151beefababedbdcbdd867d68472e71ab440790103dbc16950e577b94d842309
CHEMBL218_EC50,morgan,mlp,23,label_permuted,100,100,-2.5169506072998047,-1.651119589805603,0.8658310174942017,False,confirmation,0,research_v2\artifacts\experiment\xai_sanity_cliffs_full_v1\full\sanity_heads\models\label_permuted--mlp--CHEMBL218_EC50--morgan--seed23.pt,ade0c39fc24c9c325dd1e8eda90f8968ccd13592b783a33b0cbb23df88e2581d
CHEMBL218_EC50,morgan,mlp,42,label_permuted,100,100,-2.6130571365356445,-1.819038271903992,0.7940188646316526,False,confirmation,0,research_v2\artifacts\experiment\xai_sanity_cliffs_full_v1\full\sanity_heads\models\label_permuted--mlp--CHEMBL218_EC50--morgan--seed42.pt,7e73cc6163ab355376cb3ea300174633dc5dd2a2d7cb0b2711c0c9dbff167b1d
CHEMBL218_EC50,morgan,xgboost,11,label_permuted,100,4,-2.355487823486328,-2.235336780548096,0.12015104293823198,False,confirmation,0,research_v2\artifacts\experiment\xai_sanity_cliffs_full_v1\full\sanity_heads\models\label_permuted--xgboost--CHEMBL218_EC50--morgan--seed11.json,077a049b2864671150e21ee5db3ee58764638aac0befc96e63dcb5c89a3dc087
CHEMBL218_EC50,morgan,xgboost,23,label_permuted,100,48,-2.622211217880249,-2.074831247329712,0.5473799705505371,False,confirmation,19,research_v2\artifacts\experiment\xai_sanity_cliffs_full_v1\full\sanity_heads\models\label_permuted--xgboost--CHEMBL218_EC50--morgan--seed23.json,b757c1cb85682ac9b319041c48274d8a91859778ddb87a1b2e14093d2fbf7452
CHEMBL218_EC50,morgan,xgboost,42,label_permuted,100,23,-2.3960940837860107,-2.193632125854492,0.20246195793151855,False,confirmation,5,research_v2\artifacts\experiment\xai_sanity_cliffs_full_v1\full\sanity_heads\models\label_permuted--xgboost--CHEMBL218_EC50--morgan--seed42.json,8ca5cd9ba37f0f16af0a63c77819f7f34e345047016bad09e941c97dd38f1736
CHEMBL218_EC50,unimol,mlp,11,label_permuted,100,100,-2.546095371246338,-1.9302318096160889,0.615863561630249,False,confirmation,0,research_v2\artifacts\experiment\xai_sanity_cliffs_full_v1\full\sanity_heads\models\label_permuted--mlp--CHEMBL218_EC50--unimol--seed11.pt,89e90f23da6b74ea790bac98db15dd9d885084fccf61ecef05dcafa994db9745
CHEMBL218_EC50,unimol,mlp,23,label_permuted,100,100,-2.4833006858825684,-2.0691497325897217,0.4141509532928467,False,confirmation,0,research_v2\artifacts\experiment\xai_sanity_cliffs_full_v1\full\sanity_heads\models\label_permuted--mlp--CHEMBL218_EC50--unimol--seed23.pt,302a05c2f3a80da5a508011219085d30e15bf3869d8e5384c3d4f4e387a5d949
CHEMBL218_EC50,unimol,mlp,42,label_permuted,100,100,-2.6460022926330566,-2.133289098739624,0.5127131938934326,False,confirmation,0,research_v2\artifacts\experiment\xai_sanity_cliffs_full_v1\full\sanity_heads\models\label_permuted--mlp--CHEMBL218_EC50--unimol--seed42.pt,db820c9001bc0b97028686bee2d4669bbf1fd1e793b5c60bd2be3d0b00ceb829
CHEMBL218_EC50,unimol,xgboost,11,label_permuted,100,19,-2.3357419967651367,-2.215993642807007,0.11974835395812988,False,confirmation,0,research_v2\artifacts\experiment\xai_sanity_cliffs_full_v1\full\sanity_heads\models\label_permuted--xgboost--CHEMBL218_EC50--unimol--seed11.json,ffd32d471d699a9e8c291600a6b172b63b96396318e10e3ddc73990e11974134
CHEMBL218_EC50,unimol,xgboost,23,label_permuted,100,12,-2.349780321121216,-2.216677188873291,0.1331031322479248,False,confirmation,0,research_v2\artifacts\experiment\xai_sanity_cliffs_full_v1\full\sanity_heads\models\label_permuted--xgboost--CHEMBL218_EC50--unimol--seed23.json,1d6005b4d4cf429849ca669d1bbbf8e50f7826b07ae2345e8e61610ed06e1a2c
CHEMBL218_EC50,unimol,xgboost,42,label_permuted,100,18,-2.315595388412476,-2.1829700469970703,0.13262534141540572,False,confirmation,0,research_v2\artifacts\experiment\xai_sanity_cliffs_full_v1\full\sanity_heads\models\label_permuted--xgboost--CHEMBL218_EC50--unimol--seed42.json,429acb6222d6cf8a6e866b7c0593aecf07165c12006cdb58743c039824d58c0b
CHEMBL219_Ki,molformer,mlp,11,label_permuted,163,163,-2.2784230709075928,-1.3409738540649414,0.9374492168426514,False,confirmation,1,research_v2\artifacts\experiment\xai_sanity_cliffs_full_v1\full\sanity_heads\models\label_permuted--mlp--CHEMBL219_Ki--molformer--seed11.pt,614176512be383ca36b32c8220b54992be67c667396c2ae8ee52dae9a2fcb7d4
CHEMBL219_Ki,molformer,mlp,23,label_permuted,163,163,-2.088429450988769,-1.10807204246521,0.9803574085235591,False,confirmation,0,research_v2\artifacts\experiment\xai_sanity_cliffs_full_v1\full\sanity_heads\models\label_permuted--mlp--CHEMBL219_Ki--molformer--seed23.pt,34b732b7b6c814ced652a9294343517d51aed061bd8c4806c5bba98160abae1e
CHEMBL219_Ki,molformer,mlp,42,label_permuted,163,163,-2.312659740447998,-1.0090148448944092,1.3036448955535889,False,confirmation,2,research_v2\artifacts\experiment\xai_sanity_cliffs_full_v1\full\sanity_heads\models\label_permuted--mlp--CHEMBL219_Ki--molformer--seed42.pt,3cfe30376c9ae7ae6fb9af88d0f127ad8a61c64fa403b56938b0fa03adf219c3
CHEMBL219_Ki,molformer,xgboost,11,label_permuted,163,154,-1.9823232889175413,-1.3413996696472168,0.6409236192703245,False,confirmation,12,research_v2\artifacts\experiment\xai_sanity_cliffs_full_v1\full\sanity_heads\models\label_permuted--xgboost--CHEMBL219_Ki--molformer--seed11.json,1598a8c9ed1eb3c344841c112770f57a4fec6caa3978b4dca74e063bb646c785
CHEMBL219_Ki,molformer,xgboost,23,label_permuted,163,18,-1.8386379480361936,-1.709322452545166,0.1293154954910276,False,confirmation,0,research_v2\artifacts\experiment\xai_sanity_cliffs_full_v1\full\sanity_heads\models\label_permuted--xgboost--CHEMBL219_Ki--molformer--seed23.json,7eda4964883f474f6710cb6e0dca897768ff388851b2cf297bc9635cb20b40ee
CHEMBL219_Ki,molformer,xgboost,42,label_permuted,163,161,-2.074810266494751,-1.496717929840088,0.5780923366546631,False,confirmation,16,research_v2\artifacts\experiment\xai_sanity_cliffs_full_v1\full\sanity_heads\models\label_permuted--xgboost--CHEMBL219_Ki--molformer--seed42.json,0f053042c0a35c3d1d7daccd33959a859f25bc173f84a650e3a1f2adea8c8fa1
CHEMBL219_Ki,morgan,mlp,11,label_permuted,163,157,-2.526294708251953,-0.8027701377868652,1.723524570465088,False,confirmation,1,research_v2\artifacts\experiment\xai_sanity_cliffs_full_v1\full\sanity_heads\models\label_permuted--mlp--CHEMBL219_Ki--morgan--seed11.pt,2d37be079b493f7e71071218e0d5b488b04afd2750bf53da28b6fab308559204
CHEMBL219_Ki,morgan,mlp,23,label_permuted,163,157,-2.299617290496826,-1.2797365188598633,1.019880771636963,False,confirmation,0,research_v2\artifacts\experiment\xai_sanity_cliffs_full_v1\full\sanity_heads\models\label_permuted--mlp--CHEMBL219_Ki--morgan--seed23.pt,ae8447603c74f568ce93c4727906ce6e68e1aaa905ff2c1c9046d6081ff0c216
CHEMBL219_Ki,morgan,mlp,42,label_permuted,163,157,-2.3042409420013428,-1.1365423202514648,1.167698621749878,False,confirmation,0,research_v2\artifacts\experiment\xai_sanity_cliffs_full_v1\full\sanity_heads\models\label_permuted--mlp--CHEMBL219_Ki--morgan--seed42.pt,448d061d3ea9e1a04b875b4f0af39fac4a71695c82773de0002745221b755f12
CHEMBL219_Ki,morgan,xgboost,11,label_permuted,163,108,-2.5613999366760254,-1.2002193927764893,1.3611805438995361,False,confirmation,98,research_v2\artifacts\experiment\xai_sanity_cliffs_full_v1\full\sanity_heads\models\label_permuted--xgboost--CHEMBL219_Ki--morgan--seed11.json,e9644c15748915e5ed16b567324cc439162d77ea2a0b00250e40f0c6119032dc
CHEMBL219_Ki,morgan,xgboost,23,label_permuted,163,8,-1.8277934789657595,-1.657825946807861,0.1699675321578984,False,confirmation,2,research_v2\artifacts\experiment\xai_sanity_cliffs_full_v1\full\sanity_heads\models\label_permuted--xgboost--CHEMBL219_Ki--morgan--seed23.json,cbec1623c7d554178b65fcaae9c91a0ae769fde6fcc908006f0a1e9d828cc935
CHEMBL219_Ki,morgan,xgboost,42,label_permuted,163,80,-2.0390093326568604,-1.479649543762207,0.5593597888946533,False,confirmation,26,research_v2\artifacts\experiment\xai_sanity_cliffs_full_v1\full\sanity_heads\models\label_permuted--xgboost--CHEMBL219_Ki--morgan--seed42.json,54b36de60bd72a8611a7181d8a7ed23fb49c0bfe5ae5b963212df3961b172834
CHEMBL219_Ki,unimol,mlp,11,label_permuted,163,163,-2.124879837036133,-1.331829071044922,0.7930507659912107,False,confirmation,0,research_v2\artifacts\experiment\xai_sanity_cliffs_full_v1\full\sanity_heads\models\label_permuted--mlp--CHEMBL219_Ki--unimol--seed11.pt,3aed639f02b9556584b82d8a6d02278f667a13d372d87c72e69cd9d3aab91db0
CHEMBL219_Ki,unimol,mlp,23,label_permuted,163,163,-2.15582275390625,-1.3666751384735107,0.7891476154327393,False,confirmation,1,research_v2\artifacts\experiment\xai_sanity_cliffs_full_v1\full\sanity_heads\models\label_permuted--mlp--CHEMBL219_Ki--unimol--seed23.pt,fec9c7de9abec9af7463549893b49f7e5ab778910ae31d4601d066b1586c1e53
CHEMBL219_Ki,unimol,mlp,42,label_permuted,163,163,-2.1730213165283203,-1.4335745573043823,0.739446759223938,False,confirmation,0,research_v2\artifacts\experiment\xai_sanity_cliffs_full_v1\full\sanity_heads\models\label_permuted--mlp--CHEMBL219_Ki--unimol--seed42.pt,9afb9bfce8191713a8529474031a0939074170ffacdfff439adbe3d57ba265b3
CHEMBL219_Ki,unimol,xgboost,11,label_permuted,163,163,-2.1728296279907227,-1.434640407562256,0.7381892204284666,False,confirmation,24,research_v2\artifacts\experiment\xai_sanity_cliffs_full_v1\full\sanity_heads\models\label_permuted--xgboost--CHEMBL219_Ki--unimol--seed11.json,c1503366f44701ccfa2c1a5b3d315e383192d96fb20c55941b0221dc0d9ee6af
CHEMBL219_Ki,unimol,xgboost,23,label_permuted,163,163,-2.048231601715088,-1.4833606481552124,0.5648709535598755,False,confirmation,24,research_v2\artifacts\experiment\xai_sanity_cliffs_full_v1\full\sanity_heads\models\label_permuted--xgboost--CHEMBL219_Ki--unimol--seed23.json,83d60da8ba82de4874b209d78bc92eba9a3b45f74f30fb09c8fa6dc3aacc1a76
CHEMBL219_Ki,unimol,xgboost,42,label_permuted,163,12,-1.8437747955322263,-1.698150396347046,0.14562439918518044,False,confirmation,0,research_v2\artifacts\experiment\xai_sanity_cliffs_full_v1\full\sanity_heads\models\label_permuted--xgboost--CHEMBL219_Ki--unimol--seed42.json,7219da687b62cb7ccbc447f9b9c28bcbc753b2fb4ae18f43dab540f5fed7af2f
CHEMBL228_Ki,molformer,mlp,11,label_permuted,216,216,-2.2421650886535645,-1.2439063787460327,0.9982587099075317,False,confirmation,1,research_v2\artifacts\experiment\xai_sanity_cliffs_full_v1\full\sanity_heads\models\label_permuted--mlp--CHEMBL228_Ki--molformer--seed11.pt,4f5d34d1c38c4754ee7ad0d4af4a9d0d728d842ec5df3bd1cb8296d94e8a819c
CHEMBL228_Ki,molformer,mlp,23,label_permuted,216,216,-2.2654078006744385,-1.2471448183059692,1.0182629823684692,False,confirmation,1,research_v2\artifacts\experiment\xai_sanity_cliffs_full_v1\full\sanity_heads\models\label_permuted--mlp--CHEMBL228_Ki--molformer--seed23.pt,bbad178a4b0ddeea041bf9d4108e8399e72112acb9b5ffe8a3c27653af1dbf7d
CHEMBL228_Ki,molformer,mlp,42,label_permuted,216,216,-2.108961343765259,-1.4457850456237793,0.6631762981414795,False,confirmation,0,research_v2\artifacts\experiment\xai_sanity_cliffs_full_v1\full\sanity_heads\models\label_permuted--mlp--CHEMBL228_Ki--molformer--seed42.pt,ce47201a03f4bd38f470577c069b13a8705fd7b44ed88eea749b344bbc9bb033
CHEMBL228_Ki,molformer,xgboost,11,label_permuted,216,15,-1.7995041608810425,-1.6657003164291382,0.1338038444519043,False,confirmation,0,research_v2\artifacts\experiment\xai_sanity_cliffs_full_v1\full\sanity_heads\models\label_permuted--xgboost--CHEMBL228_Ki--molformer--seed11.json,b05903e2b42f7f603ff2309bc305c6d3d60512b81723b2ef8205a11f0863a95b
CHEMBL228_Ki,molformer,xgboost,23,label_permuted,216,20,-1.7880195379257202,-1.6355239152908323,0.15249562263488792,False,confirmation,0,research_v2\artifacts\experiment\xai_sanity_cliffs_full_v1\full\sanity_heads\models\label_permuted--xgboost--CHEMBL228_Ki--molformer--seed23.json,911bf191798e697f4068fe6797a9300c97277c0403218b062bd4ac273199619d
CHEMBL228_Ki,molformer,xgboost,42,label_permuted,216,214,-1.9934241771698,-1.340849995613098,0.6525741815567021,False,confirmation,14,research_v2\artifacts\experiment\xai_sanity_cliffs_full_v1\full\sanity_heads\models\label_permuted--xgboost--CHEMBL228_Ki--molformer--seed42.json,d307db472aa7165d75261e01a9c61b7b7195cf3eee5538fab5f249260d9ad54e
CHEMBL228_Ki,morgan,mlp,11,label_permuted,216,211,-2.1018781661987305,-1.2934703826904297,0.8084077835083008,False,confirmation,0,research_v2\artifacts\experiment\xai_sanity_cliffs_full_v1\full\sanity_heads\models\label_permuted--mlp--CHEMBL228_Ki--morgan--seed11.pt,e7e0fab6f44596113d031a2220028efada4af6bec8fecc3bee262c59db26f433
CHEMBL228_Ki,morgan,mlp,23,label_permuted,216,211,-2.5724446773529053,-0.4874887466430664,2.084955930709839,False,confirmation,1,research_v2\artifacts\experiment\xai_sanity_cliffs_full_v1\full\sanity_heads\models\label_permuted--mlp--CHEMBL228_Ki--morgan--seed23.pt,bbb97754f88ddd562ceccf3079574db885ec88626ee24ac1451b9f94e7270799
CHEMBL228_Ki,morgan,mlp,42,label_permuted,216,211,-2.1346609592437744,-1.1382086277008057,0.9964523315429688,False,confirmation,0,research_v2\artifacts\experiment\xai_sanity_cliffs_full_v1\full\sanity_heads\models\label_permuted--mlp--CHEMBL228_Ki--morgan--seed42.pt,14872e370b88aa24978072482c3323195123a82e4025dbf462f5a69fa6a58db5
CHEMBL228_Ki,morgan,xgboost,11,label_permuted,216,46,-2.09895920753479,-1.6063346862792969,0.49262452125549316,False,confirmation,7,research_v2\artifacts\experiment\xai_sanity_cliffs_full_v1\full\sanity_heads\models\label_permuted--xgboost--CHEMBL228_Ki--morgan--seed11.json,ac3e045ca3e3b4ab880ac4fd73a0769f1f7f3dfd7566b090ae86e97f1b568ccb
CHEMBL228_Ki,morgan,xgboost,23,label_permuted,216,11,-1.7362905740737915,-1.5911850929260254,0.1451054811477661,False,confirmation,1,research_v2\artifacts\experiment\xai_sanity_cliffs_full_v1\full\sanity_heads\models\label_permuted--xgboost--CHEMBL228_Ki--morgan--seed23.json,e8fd6f7b4d8cf1ba02949a6a653889f0ebfd01fbcac652a4dc3f2a6f6f7532ed
CHEMBL228_Ki,morgan,xgboost,42,label_permuted,216,18,-1.8639222383499143,-1.623915195465088,0.24000704288482644,False,confirmation,3,research_v2\artifacts\experiment\xai_sanity_cliffs_full_v1\full\sanity_heads\models\label_permuted--xgboost--CHEMBL228_Ki--morgan--seed42.json,4f02829d1badb779e635581f665ffdb908af8dc88f12bacb45970ec95a4c2617
CHEMBL228_Ki,unimol,mlp,11,label_permuted,216,214,-1.9750919342041016,-1.24174964427948,0.7333422899246216,False,confirmation,0,research_v2\artifacts\experiment\xai_sanity_cliffs_full_v1\full\sanity_heads\models\label_permuted--mlp--CHEMBL228_Ki--unimol--seed11.pt,756937d7c3f57add5c5e086cab7734ee5e6e7eae04e4214bc7a0bf0f4c3942a9
CHEMBL228_Ki,unimol,mlp,23,label_permuted,216,214,-2.057822227478028,-1.1672446727752686,0.8905775547027592,False,confirmation,1,research_v2\artifacts\experiment\xai_sanity_cliffs_full_v1\full\sanity_heads\models\label_permuted--mlp--CHEMBL228_Ki--unimol--seed23.pt,846c30e192d7f3225e5efda34ef7370804036be7f8ac67fc1e0727c3e87b5442
CHEMBL228_Ki,unimol,mlp,42,label_permuted,216,214,-2.1402852535247803,-1.4705071449279783,0.669778108596802,False,confirmation,0,research_v2\artifacts\experiment\xai_sanity_cliffs_full_v1\full\sanity_heads\models\label_permuted--mlp--CHEMBL228_Ki--unimol--seed42.pt,90edbdd89a051e5aa8e31ba75c2926550adc182651218b63493fbe65979d1815
CHEMBL228_Ki,unimol,xgboost,11,label_permuted,216,181,-1.841774106025696,-1.6020944118499756,0.23967969417572044,False,confirmation,3,research_v2\artifacts\experiment\xai_sanity_cliffs_full_v1\full\sanity_heads\models\label_permuted--xgboost--CHEMBL228_Ki--unimol--seed11.json,d5e0be499284519641237ece73f6b0d2910612475d3877e4319cf6109f88cb23
CHEMBL228_Ki,unimol,xgboost,23,label_permuted,216,126,-1.9174087047576904,-1.5962921380996704,0.32111656665802,False,confirmation,2,research_v2\artifacts\experiment\xai_sanity_cliffs_full_v1\full\sanity_heads\models\label_permuted--xgboost--CHEMBL228_Ki--unimol--seed23.json,02ebba7367890f16ec787257048cab31efc8c92971565f4c66e3c901c629070a
CHEMBL228_Ki,unimol,xgboost,42,label_permuted,216,159,-1.8523439168930051,-1.5259262323379517,0.3264176845550535,False,confirmation,3,research_v2\artifacts\experiment\xai_sanity_cliffs_full_v1\full\sanity_heads\models\label_permuted--xgboost--CHEMBL228_Ki--unimol--seed42.json,034599e8da864c19c3cc7d557e417fce9938994f1401be21c9a1cd9afbdccc19
CHEMBL231_Ki,molformer,mlp,11,label_permuted,79,79,-2.8688580989837646,-1.553012728691101,1.3158453702926636,False,confirmation,2,research_v2\artifacts\experiment\xai_sanity_cliffs_full_v1\full\sanity_heads\models\label_permuted--mlp--CHEMBL231_Ki--molformer--seed11.pt,e12f0debffb870f30d5ef9041ddd309c4307a559723cdfe2d5d6b4e420646b35
CHEMBL231_Ki,molformer,mlp,23,label_permuted,79,79,-2.7560667991638184,-1.4637236595153809,1.2923431396484375,False,confirmation,2,research_v2\artifacts\experiment\xai_sanity_cliffs_full_v1\full\sanity_heads\models\label_permuted--mlp--CHEMBL231_Ki--molformer--seed23.pt,04310d29eb2ad4e13853eb7e01e12931b4c7a2fa5f3a7a1b8785011ead7db8fa
CHEMBL231_Ki,molformer,mlp,42,label_permuted,79,79,-2.4376134872436523,-1.7004841566085815,0.7371293306350708,False,confirmation,0,research_v2\artifacts\experiment\xai_sanity_cliffs_full_v1\full\sanity_heads\models\label_permuted--mlp--CHEMBL231_Ki--molformer--seed42.pt,86fc288a2250d36d6bbe7789ecc4258a27fb3a7d54b9702d98f16de3ff7d97a4
CHEMBL231_Ki,molformer,xgboost,11,label_permuted,79,76,-2.5444016456604004,-1.8096165657043457,0.7347850799560547,False,confirmation,11,research_v2\artifacts\experiment\xai_sanity_cliffs_full_v1\full\sanity_heads\models\label_permuted--xgboost--CHEMBL231_Ki--molformer--seed11.json,e7fca8c0bf65d3c4e3f120c29cb94e5192cf2714eeb906c360c64e2d090b2800
CHEMBL231_Ki,molformer,xgboost,23,label_permuted,79,79,-2.8537521362304688,-1.281282663345337,1.5724694728851318,False,confirmation,117,research_v2\artifacts\experiment\xai_sanity_cliffs_full_v1\full\sanity_heads\models\label_permuted--xgboost--CHEMBL231_Ki--molformer--seed23.json,1971ec304755f48bf65ea9329bf0d918d585e6c0abb4e3d381d4672d7375741d
CHEMBL231_Ki,molformer,xgboost,42,label_permuted,79,79,-3.2786052227020264,-1.0223838090896606,2.2562214136123657,False,confirmation,113,research_v2\artifacts\experiment\xai_sanity_cliffs_full_v1\full\sanity_heads\models\label_permuted--xgboost--CHEMBL231_Ki--molformer--seed42.json,aabd07e4a967bcff8f2e5e644e3fa37945eb20397e870572a86320f9ab6ac8ea
CHEMBL231_Ki,morgan,mlp,11,label_permuted,79,79,-2.6899309158325195,-1.1897578239440918,1.5001730918884277,False,confirmation,1,research_v2\artifacts\experiment\xai_sanity_cliffs_full_v1\full\sanity_heads\models\label_permuted--mlp--CHEMBL231_Ki--morgan--seed11.pt,f91e87638832beb8e9e4872b6e28a034b32a201e48166d6565a4317578c238da
CHEMBL231_Ki,morgan,mlp,23,label_permuted,79,79,-2.787097454071045,-1.6739380359649658,1.113159418106079,False,confirmation,1,research_v2\artifacts\experiment\xai_sanity_cliffs_full_v1\full\sanity_heads\models\label_permuted--mlp--CHEMBL231_Ki--morgan--seed23.pt,70d101228d7f806d2e8a7be82aa7a2736bb1284358bddea9b5028eb2fab2421b
CHEMBL231_Ki,morgan,mlp,42,label_permuted,79,79,-2.263224601745605,-1.4731955528259275,0.7900290489196775,False,confirmation,0,research_v2\artifacts\experiment\xai_sanity_cliffs_full_v1\full\sanity_heads\models\label_permuted--mlp--CHEMBL231_Ki--morgan--seed42.pt,d64c95177254dcb926b68732a4fe993e3c71beb2e4153a5c22eac08df93ea9e7
CHEMBL231_Ki,morgan,xgboost,11,label_permuted,79,71,-3.1620588302612305,-1.354814052581787,1.8072447776794434,False,confirmation,157,research_v2\artifacts\experiment\xai_sanity_cliffs_full_v1\full\sanity_heads\models\label_permuted--xgboost--CHEMBL231_Ki--morgan--seed11.json,53e1304636637ad00095345e45b9394a050a7128c44c10d860cc67ed4fe16095
CHEMBL231_Ki,morgan,xgboost,23,label_permuted,79,77,-2.8935189247131348,-0.4444912672042846,2.44902765750885,False,confirmation,194,research_v2\artifacts\experiment\xai_sanity_cliffs_full_v1\full\sanity_heads\models\label_permuted--xgboost--CHEMBL231_Ki--morgan--seed23.json,8f0d5523067f3b16ddf4fde6affbb0b080348ce03f2fbc14ece46127f3b63443
CHEMBL231_Ki,morgan,xgboost,42,label_permuted,79,68,-2.772935152053833,-1.2099640369415283,1.5629711151123047,False,confirmation,67,research_v2\artifacts\experiment\xai_sanity_cliffs_full_v1\full\sanity_heads\models\label_permuted--xgboost--CHEMBL231_Ki--morgan--seed42.json,4bf00167395ebdf01986b9c73965c1dd54518f8a6bb1d1903d873c7baca28e0d
CHEMBL231_Ki,unimol,mlp,11,label_permuted,79,79,-2.268463134765625,-1.6061948537826538,0.6622682809829712,False,confirmation,0,research_v2\artifacts\experiment\xai_sanity_cliffs_full_v1\full\sanity_heads\models\label_permuted--mlp--CHEMBL231_Ki--unimol--seed11.pt,19423d224a82916423f8232d737ccef9889d1d8b13fa679cbe6176fd9dea6e88
CHEMBL231_Ki,unimol,mlp,23,label_permuted,79,79,-2.5802502632141118,-1.76623797416687,0.8140122890472419,False,confirmation,0,research_v2\artifacts\experiment\xai_sanity_cliffs_full_v1\full\sanity_heads\models\label_permuted--mlp--CHEMBL231_Ki--unimol--seed23.pt,992adc25d7fe44c7f712b0bf484ba5c7c7a3452d6e63fd3063130a1dfc54bad2
CHEMBL231_Ki,unimol,mlp,42,label_permuted,79,79,-3.60884428024292,-0.3356164693832397,3.27322781085968,False,confirmation,17,research_v2\artifacts\experiment\xai_sanity_cliffs_full_v1\full\sanity_heads\models\label_permuted--mlp--CHEMBL231_Ki--unimol--seed42.pt,9d8413382282cfad18bfa810c6a8f2e3682a6df39997c2604a7ebd22b2f70ec3
CHEMBL231_Ki,unimol,xgboost,11,label_permuted,79,15,-2.119661808013916,-1.9929500818252563,0.12671172618865967,False,confirmation,0,research_v2\artifacts\experiment\xai_sanity_cliffs_full_v1\full\sanity_heads\models\label_permuted--xgboost--CHEMBL231_Ki--unimol--seed11.json,4ba93165df5b9e0e2f5ca14f6b696f22d6be84c46cddfd60343caee5aa03a608
CHEMBL231_Ki,unimol,xgboost,23,label_permuted,79,78,-2.366368293762207,-1.8554182052612305,0.5109500885009766,False,confirmation,8,research_v2\artifacts\experiment\xai_sanity_cliffs_full_v1\full\sanity_heads\models\label_permuted--xgboost--CHEMBL231_Ki--unimol--seed23.json,7b6391ac59a0cb7235ac84eecedb7f955f62b37bad304c2123117a2d50d361a3
CHEMBL231_Ki,unimol,xgboost,42,label_permuted,79,15,-2.1103739738464355,-1.9681930541992188,0.1421809196472168,False,confirmation,0,research_v2\artifacts\experiment\xai_sanity_cliffs_full_v1\full\sanity_heads\models\label_permuted--xgboost--CHEMBL231_Ki--unimol--seed42.json,db72e23bcd69c9b0790f099098f489d6ce3e76cab6a507cdaf6e8262841be03d
CHEMBL233_Ki,molformer,mlp,11,label_permuted,358,358,-2.2515790462493896,-1.3407843112945557,0.910794734954834,False,confirmation,0,research_v2\artifacts\experiment\xai_sanity_cliffs_full_v1\full\sanity_heads\models\label_permuted--mlp--CHEMBL233_Ki--molformer--seed11.pt,187199dc478ebd942fb2565157b89bf0abe6d445529141153bb11d219f1a627d
CHEMBL233_Ki,molformer,mlp,23,label_permuted,358,358,-2.090785503387451,-1.0639729499816897,1.0268125534057615,False,confirmation,0,research_v2\artifacts\experiment\xai_sanity_cliffs_full_v1\full\sanity_heads\models\label_permuted--mlp--CHEMBL233_Ki--molformer--seed23.pt,e6f1d6849b84a494c23a27a070859450603815ea9ecc3c56b8f2f9a43332137c
CHEMBL233_Ki,molformer,mlp,42,label_permuted,358,358,-2.175007104873657,-1.230036377906799,0.9449707269668577,False,confirmation,0,research_v2\artifacts\experiment\xai_sanity_cliffs_full_v1\full\sanity_heads\models\label_permuted--mlp--CHEMBL233_Ki--molformer--seed42.pt,939f8b624cb79a52fecec112abd39edd73bc2a99589d7462c8271c98d94cdc5c
CHEMBL233_Ki,molformer,xgboost,11,label_permuted,358,350,-1.9920600652694704,-1.3573086261749268,0.6347514390945437,False,confirmation,17,research_v2\artifacts\experiment\xai_sanity_cliffs_full_v1\full\sanity_heads\models\label_permuted--xgboost--CHEMBL233_Ki--molformer--seed11.json,6391bab2662b48b50010049c14f72f739ccad8ffbabbdd0593580a4e6c4c2ba2
CHEMBL233_Ki,molformer,xgboost,23,label_permuted,358,23,-1.7437996864318848,-1.602660059928894,0.14113962650299072,False,confirmation,0,research_v2\artifacts\experiment\xai_sanity_cliffs_full_v1\full\sanity_heads\models\label_permuted--xgboost--CHEMBL233_Ki--molformer--seed23.json,f64bfa6a3a9e7260cfcca59c3225ff753a58b4688e95c6133690f84b26bb8f74
CHEMBL233_Ki,molformer,xgboost,42,label_permuted,358,310,-2.0296547412872314,-1.4165297746658323,0.6131249666213991,False,confirmation,8,research_v2\artifacts\experiment\xai_sanity_cliffs_full_v1\full\sanity_heads\models\label_permuted--xgboost--CHEMBL233_Ki--molformer--seed42.json,3b24d3a508660c4f1daf14bc897b29d93b2fb567c553d48f49d0f35f762485cc
CHEMBL233_Ki,morgan,mlp,11,label_permuted,358,354,-2.342487096786499,-1.0192673206329346,1.3232197761535645,False,confirmation,0,research_v2\artifacts\experiment\xai_sanity_cliffs_full_v1\full\sanity_heads\models\label_permuted--mlp--CHEMBL233_Ki--morgan--seed11.pt,1b37ee7aa3558bcd523dbc1341ddd70d53a44cc9da784bb3b5949a8ffcee0b79
CHEMBL233_Ki,morgan,mlp,23,label_permuted,358,354,-2.754605293273926,-1.0761842727661133,1.6784210205078125,False,confirmation,0,research_v2\artifacts\experiment\xai_sanity_cliffs_full_v1\full\sanity_heads\models\label_permuted--mlp--CHEMBL233_Ki--morgan--seed23.pt,800030579d7190e3def7601c63d9887e8446f22db9b3d57a144feb9b7657e1c2
CHEMBL233_Ki,morgan,mlp,42,label_permuted,358,354,-2.3697657585144043,-0.8827810883522034,1.486984670162201,False,confirmation,0,research_v2\artifacts\experiment\xai_sanity_cliffs_full_v1\full\sanity_heads\models\label_permuted--mlp--CHEMBL233_Ki--morgan--seed42.pt,94bcfa13e95d771ff7d7e0c683cb9f2878ccc4eb9d99135035bf80055380cfc2
CHEMBL233_Ki,morgan,xgboost,11,label_permuted,358,49,-1.8391116857528689,-1.4928829669952393,0.3462287187576296,False,confirmation,6,research_v2\artifacts\experiment\xai_sanity_cliffs_full_v1\full\sanity_heads\models\label_permuted--xgboost--CHEMBL233_Ki--morgan--seed11.json,3a6c7ce63d74d1a474e6c244826d5d59cfc31c70bc636f63550b5e60527bac32
CHEMBL233_Ki,morgan,xgboost,23,label_permuted,358,212,-2.3868885040283203,-1.2239069938659668,1.1629815101623535,False,confirmation,51,research_v2\artifacts\experiment\xai_sanity_cliffs_full_v1\full\sanity_heads\models\label_permuted--xgboost--CHEMBL233_Ki--morgan--seed23.json,159cc0dcca86063a739fc75c2dd13b9b5396c7c0042e36e0aeb35edbe4fd3b3b
CHEMBL233_Ki,morgan,xgboost,42,label_permuted,358,112,-1.9874004125595093,-1.1014127731323242,0.8859876394271851,False,confirmation,32,research_v2\artifacts\experiment\xai_sanity_cliffs_full_v1\full\sanity_heads\models\label_permuted--xgboost--CHEMBL233_Ki--morgan--seed42.json,ba586b9d663f70e478ba862dcb897dcfdb7c76b3c4cf972174f222027c267274
CHEMBL233_Ki,unimol,mlp,11,label_permuted,358,358,-2.43764066696167,-1.1841001510620115,1.2535405158996584,False,confirmation,1,research_v2\artifacts\experiment\xai_sanity_cliffs_full_v1\full\sanity_heads\models\label_permuted--mlp--CHEMBL233_Ki--unimol--seed11.pt,61a617beb671ea42929158a4e229c2724b27f8909a6b0d8c26575f2562e7cb34
CHEMBL233_Ki,unimol,mlp,23,label_permuted,358,358,-2.0551095008850098,-1.1678789854049685,0.8872305154800413,False,confirmation,0,research_v2\artifacts\experiment\xai_sanity_cliffs_full_v1\full\sanity_heads\models\label_permuted--mlp--CHEMBL233_Ki--unimol--seed23.pt,8d0b548a49e744d1612c67bac2ea7155b8dda8007f82de4d46dd173e21c17628
CHEMBL233_Ki,unimol,mlp,42,label_permuted,358,358,-2.183960199356079,-1.1048531532287598,1.0791070461273193,False,confirmation,0,research_v2\artifacts\experiment\xai_sanity_cliffs_full_v1\full\sanity_heads\models\label_permuted--mlp--CHEMBL233_Ki--unimol--seed42.pt,9118e70cac53b71ac3d952b2ff9c9e084cb1b06faded6e5b7b29a355ef834aa4
CHEMBL233_Ki,unimol,xgboost,11,label_permuted,358,54,-1.8144561052322388,-1.5658929347991943,0.24856317043304443,False,confirmation,1,research_v2\artifacts\experiment\xai_sanity_cliffs_full_v1\full\sanity_heads\models\label_permuted--xgboost--CHEMBL233_Ki--unimol--seed11.json,4acab28ebe8f2db1e69fd2a1b1f24b9dfb1e722f3fe03d4ff7583e939fd59a11
CHEMBL233_Ki,unimol,xgboost,23,label_permuted,358,276,-1.8288129568099976,-1.4966577291488647,0.3321552276611328,False,confirmation,3,research_v2\artifacts\experiment\xai_sanity_cliffs_full_v1\full\sanity_heads\models\label_permuted--xgboost--CHEMBL233_Ki--unimol--seed23.json,98299a787d22737d800ee901ce4dcd108236fb65619a3211f1f46c3fb2f291bb
CHEMBL233_Ki,unimol,xgboost,42,label_permuted,358,181,-1.7646015882492063,-1.5373446941375732,0.22725689411163308,False,confirmation,2,research_v2\artifacts\experiment\xai_sanity_cliffs_full_v1\full\sanity_heads\models\label_permuted--xgboost--CHEMBL233_Ki--unimol--seed42.json,45c35f24f16ee30ac5fba7a0a544372139d6519efc5b797cd3a0fbfaf5156d29
CHEMBL234_Ki,molformer,mlp,11,label_permuted,248,248,-2.066112279891968,-1.056851506233215,1.009260773658753,False,development,1,research_v2\artifacts\experiment\xai_sanity_cliffs_full_v1\full\sanity_heads\models\label_permuted--mlp--CHEMBL234_Ki--molformer--seed11.pt,2edfaedcf22e8fe21d6a4a350b864221a886571c510814b0481e5ade720c4a22
CHEMBL234_Ki,molformer,mlp,23,label_permuted,248,248,-1.936501264572144,-1.097862958908081,0.8386383056640629,False,development,0,research_v2\artifacts\experiment\xai_sanity_cliffs_full_v1\full\sanity_heads\models\label_permuted--mlp--CHEMBL234_Ki--molformer--seed23.pt,52d3adfac6d89989aa91bf6eb80418b3ee9b18e09bfaca918f4c851607eeb93a
CHEMBL234_Ki,molformer,mlp,42,label_permuted,248,248,-1.7479158639907837,-1.1951546669006348,0.5527611970901489,False,development,0,research_v2\artifacts\experiment\xai_sanity_cliffs_full_v1\full\sanity_heads\models\label_permuted--mlp--CHEMBL234_Ki--molformer--seed42.pt,d319951511d4fe55cb470fb4a4164e676284bc1c298cdd45d9d2ea6016e5565b
CHEMBL234_Ki,molformer,xgboost,11,label_permuted,248,248,-2.019115209579468,-0.8167473673820496,1.2023678421974187,False,development,66,research_v2\artifacts\experiment\xai_sanity_cliffs_full_v1\full\sanity_heads\models\label_permuted--xgboost--CHEMBL234_Ki--molformer--seed11.json,79761232c2ca7195198321f72e0fa49348dade59074518de9cafd8db77867f4f
CHEMBL234_Ki,molformer,xgboost,23,label_permuted,248,235,-1.826490044593811,-1.2182540893554688,0.6082359552383423,False,development,11,research_v2\artifacts\experiment\xai_sanity_cliffs_full_v1\full\sanity_heads\models\label_permuted--xgboost--CHEMBL234_Ki--molformer--seed23.json,d96cd8b2fdd4ac2a43a2e9b72d64d916c267966115d436adf757375afa322e1e
CHEMBL234_Ki,molformer,xgboost,42,label_permuted,248,15,-1.6567686796188354,-1.5247327089309692,0.1320359706878662,False,development,0,research_v2\artifacts\experiment\xai_sanity_cliffs_full_v1\full\sanity_heads\models\label_permuted--xgboost--CHEMBL234_Ki--molformer--seed42.json,5f5acc35c8eea83bc496ebfe39d1cea6211669af209407343636462252e7f406
CHEMBL234_Ki,morgan,mlp,11,label_permuted,248,247,-1.864103078842163,-0.7494579553604126,1.1146451234817505,False,development,0,research_v2\artifacts\experiment\xai_sanity_cliffs_full_v1\full\sanity_heads\models\label_permuted--mlp--CHEMBL234_Ki--morgan--seed11.pt,4d8834e487d4c437c3ae7c35b6df01b53c20cf8c333bf99301da656edfd2711f
CHEMBL234_Ki,morgan,mlp,23,label_permuted,248,247,-2.162081241607666,-1.1202447414398191,1.041836500167847,False,development,0,research_v2\artifacts\experiment\xai_sanity_cliffs_full_v1\full\sanity_heads\models\label_permuted--mlp--CHEMBL234_Ki--morgan--seed23.pt,c1bd38ec7085bfd38e92cac8eec2c90daca8d9ee5d7f45187c506a04e0adc52b
CHEMBL234_Ki,morgan,mlp,42,label_permuted,248,247,-2.009406566619873,-0.9864895939826964,1.0229169726371765,False,development,0,research_v2\artifacts\experiment\xai_sanity_cliffs_full_v1\full\sanity_heads\models\label_permuted--mlp--CHEMBL234_Ki--morgan--seed42.pt,b46b29ce7dcc0b5a7c88d9473cd249e90e2b3bf02e230f4b1331ab05fa3f7475
CHEMBL234_Ki,morgan,xgboost,11,label_permuted,248,172,-2.1649014949798584,-1.0502945184707642,1.1146069765090942,False,development,80,research_v2\artifacts\experiment\xai_sanity_cliffs_full_v1\full\sanity_heads\models\label_permuted--xgboost--CHEMBL234_Ki--morgan--seed11.json,41bb2c4fcb0240ab055ad9838e43e990731af4c69d6769a5a7cb066470f41a6b
CHEMBL234_Ki,morgan,xgboost,23,label_permuted,248,1,-1.550672173500061,-1.550672173500061,0.0,True,development,0,research_v2\artifacts\experiment\xai_sanity_cliffs_full_v1\full\sanity_heads\models\label_permuted--xgboost--CHEMBL234_Ki--morgan--seed23.json,ab9045ba69e2760ebc6bee753d7124731c1f94081e08a95d7b67c72eb4d2ae2e
CHEMBL234_Ki,morgan,xgboost,42,label_permuted,248,7,-1.633400321006775,-1.5001230239868164,0.1332772970199585,False,development,0,research_v2\artifacts\experiment\xai_sanity_cliffs_full_v1\full\sanity_heads\models\label_permuted--xgboost--CHEMBL234_Ki--morgan--seed42.json,c8937cf08bb365b27418b89e748ef1e93bd42a60a46084233430aa6e129ce7ac
CHEMBL234_Ki,unimol,mlp,11,label_permuted,248,248,-1.983670711517334,-1.053122639656067,0.9305480718612671,False,development,0,research_v2\artifacts\experiment\xai_sanity_cliffs_full_v1\full\sanity_heads\models\label_permuted--mlp--CHEMBL234_Ki--unimol--seed11.pt,184ebf06ea516ccc1bbee5f5320bbdc420bb9aef6637456a2b11284fd848548b
CHEMBL234_Ki,unimol,mlp,23,label_permuted,248,248,-1.8702231645584104,-1.1335502862930298,0.7366728782653806,False,development,0,research_v2\artifacts\experiment\xai_sanity_cliffs_full_v1\full\sanity_heads\models\label_permuted--mlp--CHEMBL234_Ki--unimol--seed23.pt,60c0c1105099c68494fe860babdf569321260493fc6e4a7e7eff478a1af7329c
CHEMBL234_Ki,unimol,mlp,42,label_permuted,248,248,-1.9396666288375852,-1.1345837116241455,0.8050829172134397,False,development,0,research_v2\artifacts\experiment\xai_sanity_cliffs_full_v1\full\sanity_heads\models\label_permuted--mlp--CHEMBL234_Ki--unimol--seed42.pt,80cc521b4c4286dccbad73ca02e9266e584e51476a56e1aa5d0c2253533140c9
CHEMBL234_Ki,unimol,xgboost,11,label_permuted,248,248,-2.0064022541046143,-1.2107985019683838,0.7956037521362305,False,development,40,research_v2\artifacts\experiment\xai_sanity_cliffs_full_v1\full\sanity_heads\models\label_permuted--xgboost--CHEMBL234_Ki--unimol--seed11.json,ff55ae0021cc283acee3ae2d9dcecea450bc864b4c5a439bc6e1c7d179adb425
CHEMBL234_Ki,unimol,xgboost,23,label_permuted,248,248,-1.735871434211731,-1.319873332977295,0.41599810123443604,False,development,12,research_v2\artifacts\experiment\xai_sanity_cliffs_full_v1\full\sanity_heads\models\label_permuted--xgboost--CHEMBL234_Ki--unimol--seed23.json,b27d87500b55d081d6613eab76c9f8c73e4b6c3a16b8130024a216ec7aadb774
CHEMBL234_Ki,unimol,xgboost,42,label_permuted,248,27,-1.631245732307434,-1.4855186939239502,0.1457270383834839,False,development,0,research_v2\artifacts\experiment\xai_sanity_cliffs_full_v1\full\sanity_heads\models\label_permuted--xgboost--CHEMBL234_Ki--unimol--seed42.json,3dd4ea486b48e80c73c6a7dddca767ab20406d85e672dac46fee2f413bc4031b
CHEMBL235_EC50,molformer,mlp,11,label_permuted,181,181,-2.8456780910491943,-2.2453715801239014,0.600306510925293,False,development,0,research_v2\artifacts\experiment\xai_sanity_cliffs_full_v1\full\sanity_heads\models\label_permuted--mlp--CHEMBL235_EC50--molformer--seed11.pt,15299b9e0e7d7ddc10c8b22d2b38d4c2b728ddb3ded0063b769f9f6163becac4
CHEMBL235_EC50,molformer,mlp,23,label_permuted,181,181,-2.9514293670654297,-2.409731864929199,0.5416975021362305,False,development,0,research_v2\artifacts\experiment\xai_sanity_cliffs_full_v1\full\sanity_heads\models\label_permuted--mlp--CHEMBL235_EC50--molformer--seed23.pt,5d0c5e297a9bc13e2d67f8d31f372b1851df936a0ca7f9d82bd8f71110c2fb0f
CHEMBL235_EC50,molformer,mlp,42,label_permuted,181,180,-3.042170286178589,-2.3364815711975098,0.7056887149810791,False,development,0,research_v2\artifacts\experiment\xai_sanity_cliffs_full_v1\full\sanity_heads\models\label_permuted--mlp--CHEMBL235_EC50--molformer--seed42.pt,74099c5b85eb27c485dea37c0c81a283e3cc030ad94d0c21e5da4eb9fe7a468f
CHEMBL235_EC50,molformer,xgboost,11,label_permuted,181,16,-2.6353018283843994,-2.544862031936645,0.09043979644775435,False,development,0,research_v2\artifacts\experiment\xai_sanity_cliffs_full_v1\full\sanity_heads\models\label_permuted--xgboost--CHEMBL235_EC50--molformer--seed11.json,2f5b88e998c9e5c4f76f8dc6795f94bd79d97d09a39f0044a4f36eac9b59c8e4
CHEMBL235_EC50,molformer,xgboost,23,label_permuted,181,49,-2.712107419967652,-2.506403923034668,0.20570349693298384,False,development,2,research_v2\artifacts\experiment\xai_sanity_cliffs_full_v1\full\sanity_heads\models\label_permuted--xgboost--CHEMBL235_EC50--molformer--seed23.json,56e73939ff2686d00ca556200ec5f911274085309ab99ad3d75efe2cc0eb12e0
CHEMBL235_EC50,molformer,xgboost,42,label_permuted,181,13,-2.6311957836151123,-2.5098297595977783,0.12136602401733398,False,development,0,research_v2\artifacts\experiment\xai_sanity_cliffs_full_v1\full\sanity_heads\models\label_permuted--xgboost--CHEMBL235_EC50--molformer--seed42.json,68c09695d22a08dce63c467b0b86ec2aaf20247acdcc1d20294b90d1c92efe49
CHEMBL235_EC50,morgan,mlp,11,label_permuted,181,180,-2.9700512886047363,-2.0167832374572754,0.9532680511474609,False,development,0,research_v2\artifacts\experiment\xai_sanity_cliffs_full_v1\full\sanity_heads\models\label_permuted--mlp--CHEMBL235_EC50--morgan--seed11.pt,001691ff664af78d93dcf2de5041deda2db92f9f67e4eef0a39f90979ec75dae
CHEMBL235_EC50,morgan,mlp,23,label_permuted,181,180,-3.0585079193115234,-2.3537583351135254,0.704749584197998,False,development,0,research_v2\artifacts\experiment\xai_sanity_cliffs_full_v1\full\sanity_heads\models\label_permuted--mlp--CHEMBL235_EC50--morgan--seed23.pt,ebd4d34a61e682c0252d161c304a7192539b8d6a2ac183c7e95e70b9aaaf0ee0
CHEMBL235_EC50,morgan,mlp,42,label_permuted,181,180,-3.054248809814453,-1.4410403966903689,1.6132084131240843,False,development,0,research_v2\artifacts\experiment\xai_sanity_cliffs_full_v1\full\sanity_heads\models\label_permuted--mlp--CHEMBL235_EC50--morgan--seed42.pt,bf67be4bdf95389123ef10d09a00618ed5d441e945a6c0dda8b125e7891f7f58
CHEMBL235_EC50,morgan,xgboost,11,label_permuted,181,3,-2.604022979736328,-2.509345054626465,0.09467792510986328,False,development,1,research_v2\artifacts\experiment\xai_sanity_cliffs_full_v1\full\sanity_heads\models\label_permuted--xgboost--CHEMBL235_EC50--morgan--seed11.json,4ca7a64c01eaacd4be4d646b11db7f54e6072ed5d861802e01242536f39e1252
CHEMBL235_EC50,morgan,xgboost,23,label_permuted,181,4,-2.601559400558472,-2.551621913909912,0.049937486648560014,False,development,0,research_v2\artifacts\experiment\xai_sanity_cliffs_full_v1\full\sanity_heads\models\label_permuted--xgboost--CHEMBL235_EC50--morgan--seed23.json,d3156752fa2d4075c984411380df8dd9a16ac75ec93e500152dec3664c8b808e
CHEMBL235_EC50,morgan,xgboost,42,label_permuted,181,17,-2.6433613300323486,-2.4848670959472656,0.158494234085083,False,development,2,research_v2\artifacts\experiment\xai_sanity_cliffs_full_v1\full\sanity_heads\models\label_permuted--xgboost--CHEMBL235_EC50--morgan--seed42.json,f27b820bddedf8fe9680d0361df8bb6b369d61f8e9dcba2b056f23182664eeb4
CHEMBL235_EC50,unimol,mlp,11,label_permuted,181,181,-2.8156518936157227,-2.169611692428589,0.6460402011871338,False,development,0,research_v2\artifacts\experiment\xai_sanity_cliffs_full_v1\full\sanity_heads\models\label_permuted--mlp--CHEMBL235_EC50--unimol--seed11.pt,1b1b2cbc53be4ef61999f9373ece93a33fc353078855637e02dbecbcbe9888e5
CHEMBL235_EC50,unimol,mlp,23,label_permuted,181,181,-2.9733853340148926,-2.287951231002808,0.6854341030120845,False,development,1,research_v2\artifacts\experiment\xai_sanity_cliffs_full_v1\full\sanity_heads\models\label_permuted--mlp--CHEMBL235_EC50--unimol--seed23.pt,da782995446f87c0b2388359c1b9a949b92f7cc5669cfd1efed6e80d52d931ab
CHEMBL235_EC50,unimol,mlp,42,label_permuted,181,180,-3.0641510486602783,-2.216020345687866,0.8481307029724121,False,development,1,research_v2\artifacts\experiment\xai_sanity_cliffs_full_v1\full\sanity_heads\models\label_permuted--mlp--CHEMBL235_EC50--unimol--seed42.pt,48635ce343fc83942d10eda2d841182d77a0a42159c9918f067c6ed3e4bfd93a
CHEMBL235_EC50,unimol,xgboost,11,label_permuted,181,181,-2.774869203567505,-2.366166353225708,0.4087028503417969,False,development,11,research_v2\artifacts\experiment\xai_sanity_cliffs_full_v1\full\sanity_heads\models\label_permuted--xgboost--CHEMBL235_EC50--unimol--seed11.json,09e3843a494008e211f421eb65b83467410843bf48f9cab231fc29456f8e6f64
CHEMBL235_EC50,unimol,xgboost,23,label_permuted,181,168,-2.7760934829711914,-2.449345588684082,0.3267478942871094,False,development,5,research_v2\artifacts\experiment\xai_sanity_cliffs_full_v1\full\sanity_heads\models\label_permuted--xgboost--CHEMBL235_EC50--unimol--seed23.json,a66491eb6c319b004c4cf99e68b85b6de1bd1bb1cfef8704f9c301d2098ca018
CHEMBL235_EC50,unimol,xgboost,42,label_permuted,181,13,-2.6411478519439697,-2.5129334926605225,0.12821435928344727,False,development,0,research_v2\artifacts\experiment\xai_sanity_cliffs_full_v1\full\sanity_heads\models\label_permuted--xgboost--CHEMBL235_EC50--unimol--seed42.json,f6e9bc1762d5f5f0870cf045b0c95af0f966acde787b2a807fee37fe57f559e8
CHEMBL236_Ki,molformer,mlp,11,label_permuted,275,275,-2.474106550216675,-1.6542584896087646,0.8198480606079102,False,confirmation,0,research_v2\artifacts\experiment\xai_sanity_cliffs_full_v1\full\sanity_heads\models\label_permuted--mlp--CHEMBL236_Ki--molformer--seed11.pt,9cbd18ed46bb0f5066351d12927e80df42e4008267211a54da735590086a8162
CHEMBL236_Ki,molformer,mlp,23,label_permuted,275,275,-2.540705442428589,-1.685093641281128,0.8556118011474609,False,confirmation,0,research_v2\artifacts\experiment\xai_sanity_cliffs_full_v1\full\sanity_heads\models\label_permuted--mlp--CHEMBL236_Ki--molformer--seed23.pt,3b9ebe48eb28d6702769aedca63aa732d6231129ab55372a3c4721b4ad8be94b
CHEMBL236_Ki,molformer,mlp,42,label_permuted,275,275,-2.4407496452331543,-1.742059588432312,0.6986900568008423,False,confirmation,0,research_v2\artifacts\experiment\xai_sanity_cliffs_full_v1\full\sanity_heads\models\label_permuted--mlp--CHEMBL236_Ki--molformer--seed42.pt,fdb9d3fe5e4e7f3ebdef7fa6deb1dacd265d5b549c9e526ad6c7ed9c119868be
CHEMBL236_Ki,molformer,xgboost,11,label_permuted,275,53,-2.13489294052124,-1.927269458770752,0.20762348175048784,False,confirmation,1,research_v2\artifacts\experiment\xai_sanity_cliffs_full_v1\full\sanity_heads\models\label_permuted--xgboost--CHEMBL236_Ki--molformer--seed11.json,5afceb3995977635f5fc8a665179c4fd98ace748a1084ec7b3d64ddd4c0b658b
CHEMBL236_Ki,molformer,xgboost,23,label_permuted,275,264,-2.447012662887573,-1.747991681098938,0.6990209817886348,False,confirmation,17,research_v2\artifacts\experiment\xai_sanity_cliffs_full_v1\full\sanity_heads\models\label_permuted--xgboost--CHEMBL236_Ki--molformer--seed23.json,0a9b529253d7ef4a316d94443394fc8d8dec1987728f71dd71ab040a7433b86a
CHEMBL236_Ki,molformer,xgboost,42,label_permuted,275,98,-2.1439332962036133,-1.886441111564636,0.2574921846389773,False,confirmation,1,research_v2\artifacts\experiment\xai_sanity_cliffs_full_v1\full\sanity_heads\models\label_permuted--xgboost--CHEMBL236_Ki--molformer--seed42.json,7fbd9fa2bf028d056348040299b1938be42f792079121d5ffac55e56a452b39e
CHEMBL236_Ki,morgan,mlp,11,label_permuted,275,273,-2.623834609985352,-1.4085369110107422,1.2152976989746098,False,confirmation,0,research_v2\artifacts\experiment\xai_sanity_cliffs_full_v1\full\sanity_heads\models\label_permuted--mlp--CHEMBL236_Ki--morgan--seed11.pt,0d16f32ed08a6df5d7ab2190f1588d24ae7131dbb224cd76b42709fcf2400731
CHEMBL236_Ki,morgan,mlp,23,label_permuted,275,273,-2.5242435932159424,-1.5938267707824707,0.9304168224334717,False,confirmation,0,research_v2\artifacts\experiment\xai_sanity_cliffs_full_v1\full\sanity_heads\models\label_permuted--mlp--CHEMBL236_Ki--morgan--seed23.pt,ab25b170fb1293797ff0dff59508884fd634428d85df443ad2594f19f01643e9
CHEMBL236_Ki,morgan,mlp,42,label_permuted,275,273,-2.733127355575561,-1.437187433242798,1.295939922332763,False,confirmation,0,research_v2\artifacts\experiment\xai_sanity_cliffs_full_v1\full\sanity_heads\models\label_permuted--mlp--CHEMBL236_Ki--morgan--seed42.pt,ed2766fb674466f79fa34b6211651e4863b99bf8d187487acd9ee85bf0cde784
CHEMBL236_Ki,morgan,xgboost,11,label_permuted,275,4,-2.0498387813568115,-1.955729961395264,0.09410881996154763,False,confirmation,0,research_v2\artifacts\experiment\xai_sanity_cliffs_full_v1\full\sanity_heads\models\label_permuted--xgboost--CHEMBL236_Ki--morgan--seed11.json,4801ddbbb87db6009f1e8acd20caef8b3e909aee496f630df23ab1e52cbf3817
CHEMBL236_Ki,morgan,xgboost,23,label_permuted,275,49,-2.1701102256774902,-1.743689775466919,0.4264204502105713,False,confirmation,10,research_v2\artifacts\experiment\xai_sanity_cliffs_full_v1\full\sanity_heads\models\label_permuted--xgboost--CHEMBL236_Ki--morgan--seed23.json,599225b11cccd13c5d85d12e643a5084b67b49a865b8cafaddb6afbbd4c9c526
CHEMBL236_Ki,morgan,xgboost,42,label_permuted,275,177,-2.599787473678589,-1.6000064611434937,0.9997810125350952,False,confirmation,79,research_v2\artifacts\experiment\xai_sanity_cliffs_full_v1\full\sanity_heads\models\label_permuted--xgboost--CHEMBL236_Ki--morgan--seed42.json,2d480221c1f8787f594f6d5f9f848b88d7544855f1527c49f7fd36f78224e7dd
CHEMBL236_Ki,unimol,mlp,11,label_permuted,275,275,-2.4615652561187744,-1.725581407546997,0.7359838485717773,False,confirmation,0,research_v2\artifacts\experiment\xai_sanity_cliffs_full_v1\full\sanity_heads\models\label_permuted--mlp--CHEMBL236_Ki--unimol--seed11.pt,abe4e0c0f3b9cb1f0f0e09d6c6a4136d0e469ece128f9c8ec4604282c18f5755
CHEMBL236_Ki,unimol,mlp,23,label_permuted,275,275,-2.566843748092652,-1.3116779327392578,1.255165815353394,False,confirmation,0,research_v2\artifacts\experiment\xai_sanity_cliffs_full_v1\full\sanity_heads\models\label_permuted--mlp--CHEMBL236_Ki--unimol--seed23.pt,21e804ab78a738d8b6444ada806ddb8da73c2b8c7f90f94cdf14becdb595fa07
CHEMBL236_Ki,unimol,mlp,42,label_permuted,275,275,-2.585504531860352,-1.7000174522399902,0.8854870796203618,False,confirmation,0,research_v2\artifacts\experiment\xai_sanity_cliffs_full_v1\full\sanity_heads\models\label_permuted--mlp--CHEMBL236_Ki--unimol--seed42.pt,7e360806f0e1f030f16f6947dd36a2e6cd5972340ae331dabf1cec48c30f28be
CHEMBL236_Ki,unimol,xgboost,11,label_permuted,275,272,-2.3178224563598637,-1.823469877243042,0.49435257911682173,False,confirmation,8,research_v2\artifacts\experiment\xai_sanity_cliffs_full_v1\full\sanity_heads\models\label_permuted--xgboost--CHEMBL236_Ki--unimol--seed11.json,c12a38cf0e3e44c3b10319c35a9ff3853642b25e3906b30c42f9e65f6ff551de
CHEMBL236_Ki,unimol,xgboost,23,label_permuted,275,24,-2.104956150054932,-1.908119797706604,0.19683635234832808,False,confirmation,0,research_v2\artifacts\experiment\xai_sanity_cliffs_full_v1\full\sanity_heads\models\label_permuted--xgboost--CHEMBL236_Ki--unimol--seed23.json,78a5b7d7d30ea4a542edcb6201935438bd313537e188207025a5470e34623ddd
CHEMBL236_Ki,unimol,xgboost,42,label_permuted,275,275,-2.9197568893432617,-1.214228630065918,1.7055282592773438,False,confirmation,69,research_v2\artifacts\experiment\xai_sanity_cliffs_full_v1\full\sanity_heads\models\label_permuted--xgboost--CHEMBL236_Ki--unimol--seed42.json,2c89322d13a4118e654e7f4261aeb799785b0db9ca680d8da222019bcb3e03f1
CHEMBL237_EC50,molformer,mlp,11,label_permuted,57,57,-2.4709348678588867,-1.025347352027893,1.4455875158309937,False,confirmation,1,research_v2\artifacts\experiment\xai_sanity_cliffs_full_v1\full\sanity_heads\models\label_permuted--mlp--CHEMBL237_EC50--molformer--seed11.pt,d7cb6cf98d38e039c7da0f08b84cf552716e45eeaa0e9b77cfcb3101430358e6
CHEMBL237_EC50,molformer,mlp,23,label_permuted,57,57,-2.31311583518982,-1.1417157649993896,1.1714000701904301,False,confirmation,1,research_v2\artifacts\experiment\xai_sanity_cliffs_full_v1\full\sanity_heads\models\label_permuted--mlp--CHEMBL237_EC50--molformer--seed23.pt,372508d5f312e248cf9ff5bc8e05a9b018fc217108359b4f9df7baaf3bed0cee
CHEMBL237_EC50,molformer,mlp,42,label_permuted,57,57,-2.128901481628418,-1.090061902999878,1.03883957862854,False,confirmation,0,research_v2\artifacts\experiment\xai_sanity_cliffs_full_v1\full\sanity_heads\models\label_permuted--mlp--CHEMBL237_EC50--molformer--seed42.pt,f06ca4cb1ef67b5d8e7a0cb1ba1a6eb440aaedef59876868f49e1144b51036de
CHEMBL237_EC50,molformer,xgboost,11,label_permuted,57,51,-1.7313861846923828,-1.1641511917114258,0.567234992980957,False,confirmation,5,research_v2\artifacts\experiment\xai_sanity_cliffs_full_v1\full\sanity_heads\models\label_permuted--xgboost--CHEMBL237_EC50--molformer--seed11.json,1b5dc9127ac89841ae6937768a1d47df9ad2fea8d87e0c7ef3122c02dc68bb56
CHEMBL237_EC50,molformer,xgboost,23,label_permuted,57,57,-2.3631417751312256,-1.0429766178131104,1.3201651573181152,False,confirmation,27,research_v2\artifacts\experiment\xai_sanity_cliffs_full_v1\full\sanity_heads\models\label_permuted--xgboost--CHEMBL237_EC50--molformer--seed23.json,d63920ed6bcd87ebcba008134513ff94ddce841a86e1203bd20e6866a782974c
CHEMBL237_EC50,molformer,xgboost,42,label_permuted,57,31,-1.7359356880187988,-1.474902629852295,0.2610330581665039,False,confirmation,1,research_v2\artifacts\experiment\xai_sanity_cliffs_full_v1\full\sanity_heads\models\label_permuted--xgboost--CHEMBL237_EC50--molformer--seed42.json,b2b0e9c97e74e4f5a4be9921ee0ce34227cd1dfe8604b5d2af205ba9c176880b
CHEMBL237_EC50,morgan,mlp,11,label_permuted,57,57,-1.9253371953964236,-1.0731794834136963,0.8521577119827273,False,confirmation,0,research_v2\artifacts\experiment\xai_sanity_cliffs_full_v1\full\sanity_heads\models\label_permuted--mlp--CHEMBL237_EC50--morgan--seed11.pt,61b14ab1daa1c09c7888eeed5d84710543cc4786878afd7e4077a91bf967f804
CHEMBL237_EC50,morgan,mlp,23,label_permuted,57,57,-1.8708858489990237,-0.9337595105171204,0.9371263384819033,False,confirmation,0,research_v2\artifacts\experiment\xai_sanity_cliffs_full_v1\full\sanity_heads\models\label_permuted--mlp--CHEMBL237_EC50--morgan--seed23.pt,3544ed6258b7dfa209bc0636b75aba907fff0fe7d186ac4bae90aeb9b87d55ff
CHEMBL237_EC50,morgan,mlp,42,label_permuted,57,57,-1.876866698265076,-0.7923527956008911,1.0845139026641848,False,confirmation,0,research_v2\artifacts\experiment\xai_sanity_cliffs_full_v1\full\sanity_heads\models\label_permuted--mlp--CHEMBL237_EC50--morgan--seed42.pt,497d1ba567589da74b8900e90192843f1ba0ea5453afee47fb083d83d220e356
CHEMBL237_EC50,morgan,xgboost,11,label_permuted,57,23,-1.839615821838379,-1.218896508216858,0.620719313621521,False,confirmation,15,research_v2\artifacts\experiment\xai_sanity_cliffs_full_v1\full\sanity_heads\models\label_permuted--xgboost--CHEMBL237_EC50--morgan--seed11.json,4df19496018756296e01172fec8bc8f41431b46b41d39abf471fc236c373137d
CHEMBL237_EC50,morgan,xgboost,23,label_permuted,57,19,-1.830448865890503,-1.4325757026672363,0.3978731632232666,False,confirmation,8,research_v2\artifacts\experiment\xai_sanity_cliffs_full_v1\full\sanity_heads\models\label_permuted--xgboost--CHEMBL237_EC50--morgan--seed23.json,ea648c883b53c1c3dd35d87b85ea2543f8e3efd6612be198faf63edbf9ba435b
CHEMBL237_EC50,morgan,xgboost,42,label_permuted,57,35,-1.970517635345459,-1.1167360544204712,0.8537815809249878,False,confirmation,18,research_v2\artifacts\experiment\xai_sanity_cliffs_full_v1\full\sanity_heads\models\label_permuted--xgboost--CHEMBL237_EC50--morgan--seed42.json,6b5446d8ebd442fea9ee0bce9ba9798736ee08cdffd7cd937cc63d6fde2225e0
CHEMBL237_EC50,unimol,mlp,11,label_permuted,57,57,-2.214553117752075,-1.2981762886047363,0.9163768291473389,False,confirmation,1,research_v2\artifacts\experiment\xai_sanity_cliffs_full_v1\full\sanity_heads\models\label_permuted--mlp--CHEMBL237_EC50--unimol--seed11.pt,9a60df12c9a53f8cbb41aa4717bd6117ded0e33ec75d7e91fac2da6cae53fb81
CHEMBL237_EC50,unimol,mlp,23,label_permuted,57,57,-2.2047786712646484,-1.4822485446929932,0.7225301265716553,False,confirmation,0,research_v2\artifacts\experiment\xai_sanity_cliffs_full_v1\full\sanity_heads\models\label_permuted--mlp--CHEMBL237_EC50--unimol--seed23.pt,b2b6f3f23ef17027cff3c89df84f4e76ba4d556a5eb6895065524102f474db92
CHEMBL237_EC50,unimol,mlp,42,label_permuted,57,57,-2.240642547607422,-1.0933725833892822,1.1472699642181396,False,confirmation,0,research_v2\artifacts\experiment\xai_sanity_cliffs_full_v1\full\sanity_heads\models\label_permuted--mlp--CHEMBL237_EC50--unimol--seed42.pt,c63882d581c8b34fd5658eb14fd65bb3451b91ddb9629b79f7d36ce62049a4e5
CHEMBL237_EC50,unimol,xgboost,11,label_permuted,57,14,-1.6267699003219604,-1.4382076263427734,0.188562273979187,False,confirmation,0,research_v2\artifacts\experiment\xai_sanity_cliffs_full_v1\full\sanity_heads\models\label_permuted--xgboost--CHEMBL237_EC50--unimol--seed11.json,a2954d9b10e7a2dbe8d72067ca510500bfaddbf3e947d255771cb8b39d53a751
CHEMBL237_EC50,unimol,xgboost,23,label_permuted,57,9,-1.6398820877075195,-1.536515712738037,0.10336637496948242,False,confirmation,0,research_v2\artifacts\experiment\xai_sanity_cliffs_full_v1\full\sanity_heads\models\label_permuted--xgboost--CHEMBL237_EC50--unimol--seed23.json,00d17ac82b008a3664926ffd735d14c5c4e19645e9beccc8a438e2c7a18fe64f
CHEMBL237_EC50,unimol,xgboost,42,label_permuted,57,15,-1.665306568145752,-1.5200088024139404,0.14529776573181152,False,confirmation,0,research_v2\artifacts\experiment\xai_sanity_cliffs_full_v1\full\sanity_heads\models\label_permuted--xgboost--CHEMBL237_EC50--unimol--seed42.json,056df7771ad046e3425ace1aca7d93f334261bf8fd61aed8b1b3a6cda7fd7fd3
CHEMBL237_Ki,molformer,mlp,11,label_permuted,199,199,-2.1452770233154297,-1.305085062980652,0.8401919603347776,False,confirmation,0,research_v2\artifacts\experiment\xai_sanity_cliffs_full_v1\full\sanity_heads\models\label_permuted--mlp--CHEMBL237_Ki--molformer--seed11.pt,f1456eb7b5b17ba55c1cc57dfcd28d2f8d0508e8c57de3d1dd00a0cb929c1d0a
CHEMBL237_Ki,molformer,mlp,23,label_permuted,199,199,-2.1719467639923096,-1.3693857192993164,0.8025610446929932,False,confirmation,0,research_v2\artifacts\experiment\xai_sanity_cliffs_full_v1\full\sanity_heads\models\label_permuted--mlp--CHEMBL237_Ki--molformer--seed23.pt,21ffa5bfc2c34f9c47d483ff37c53e41e100d7c4a5a82554f4ce3dcb7dd20383
CHEMBL237_Ki,molformer,mlp,42,label_permuted,199,199,-2.1320137977600098,-1.2603721618652344,0.8716416358947754,False,confirmation,0,research_v2\artifacts\experiment\xai_sanity_cliffs_full_v1\full\sanity_heads\models\label_permuted--mlp--CHEMBL237_Ki--molformer--seed42.pt,17c6b7e3b03d4bcf6c1a643d0771caaae4b2713194ee9dbf25492a8c9eb16744
CHEMBL237_Ki,molformer,xgboost,11,label_permuted,199,79,-1.8104362487792969,-1.581694483757019,0.22874176502227783,False,confirmation,2,research_v2\artifacts\experiment\xai_sanity_cliffs_full_v1\full\sanity_heads\models\label_permuted--xgboost--CHEMBL237_Ki--molformer--seed11.json,16500ebbf457bcc816179047227d904aaaf4e8fe088e709e0cb68baacaf65e22
CHEMBL237_Ki,molformer,xgboost,23,label_permuted,199,168,-1.897334098815918,-1.4758827686309814,0.4214513301849365,False,confirmation,6,research_v2\artifacts\experiment\xai_sanity_cliffs_full_v1\full\sanity_heads\models\label_permuted--xgboost--CHEMBL237_Ki--molformer--seed23.json,83671d1ea1ea441490b0efee84aea2c4cc2d244caf0640d863fb68ae3179dbf9
CHEMBL237_Ki,molformer,xgboost,42,label_permuted,199,26,-1.772704005241394,-1.5701195001602173,0.20258450508117676,False,confirmation,1,research_v2\artifacts\experiment\xai_sanity_cliffs_full_v1\full\sanity_heads\models\label_permuted--xgboost--CHEMBL237_Ki--molformer--seed42.json,89ee84f407b314f3ef9b941a2221708d7141df4bc3467164199d8177a1413d0e
CHEMBL237_Ki,morgan,mlp,11,label_permuted,199,196,-2.6085128784179688,-0.992263674736023,1.6162492036819458,False,confirmation,0,research_v2\artifacts\experiment\xai_sanity_cliffs_full_v1\full\sanity_heads\models\label_permuted--mlp--CHEMBL237_Ki--morgan--seed11.pt,d89b0d53513293ea1d9ce22826bda1f23f5e2f2d112049c33f6fddd00c9b5698
CHEMBL237_Ki,morgan,mlp,23,label_permuted,199,196,-2.250629425048828,-1.1687994003295898,1.0818300247192383,False,confirmation,0,research_v2\artifacts\experiment\xai_sanity_cliffs_full_v1\full\sanity_heads\models\label_permuted--mlp--CHEMBL237_Ki--morgan--seed23.pt,1ab4ec7c699a17d75b5e1388e073c3d86f65a4f2a39ebff85698a7258d557a58
CHEMBL237_Ki,morgan,mlp,42,label_permuted,199,197,-2.311117172241211,-1.1000697612762451,1.2110474109649658,False,confirmation,0,research_v2\artifacts\experiment\xai_sanity_cliffs_full_v1\full\sanity_heads\models\label_permuted--mlp--CHEMBL237_Ki--morgan--seed42.pt,7c05018b6c1f0e9cd2f2034de602d6a23165a4db1009fe4f459fe74d75aee819
CHEMBL237_Ki,morgan,xgboost,11,label_permuted,199,25,-1.8541969060897827,-1.5576456785202026,0.2965512275695801,False,confirmation,3,research_v2\artifacts\experiment\xai_sanity_cliffs_full_v1\full\sanity_heads\models\label_permuted--xgboost--CHEMBL237_Ki--morgan--seed11.json,80a04cfabe02f4e456c9f6d2aabcc15e1a32d5556249855e48767c3a05a797d2
CHEMBL237_Ki,morgan,xgboost,23,label_permuted,199,71,-2.002647399902344,-1.4380930662155151,0.5645543336868291,False,confirmation,27,research_v2\artifacts\experiment\xai_sanity_cliffs_full_v1\full\sanity_heads\models\label_permuted--xgboost--CHEMBL237_Ki--morgan--seed23.json,7c16638bc129d35f8c77b493bc3c8a16d9079db0ffcc5db68960e4e403786523
CHEMBL237_Ki,morgan,xgboost,42,label_permuted,199,7,-1.7221558094024658,-1.6270928382873535,0.0950629711151123,False,confirmation,0,research_v2\artifacts\experiment\xai_sanity_cliffs_full_v1\full\sanity_heads\models\label_permuted--xgboost--CHEMBL237_Ki--morgan--seed42.json,52a8f4730818d197d28c21b84b6de83e2030972cac32764269341e775aa5b2c0
CHEMBL237_Ki,unimol,mlp,11,label_permuted,199,199,-2.0704424381256104,-1.4057626724243164,0.664679765701294,False,confirmation,0,research_v2\artifacts\experiment\xai_sanity_cliffs_full_v1\full\sanity_heads\models\label_permuted--mlp--CHEMBL237_Ki--unimol--seed11.pt,c34380e1ed8ed69b08f96c2235100d32975fa92922b3f5a1d5d0b64452feb6ab
CHEMBL237_Ki,unimol,mlp,23,label_permuted,199,199,-2.541977405548096,-1.3433406352996826,1.1986367702484135,False,confirmation,0,research_v2\artifacts\experiment\xai_sanity_cliffs_full_v1\full\sanity_heads\models\label_permuted--mlp--CHEMBL237_Ki--unimol--seed23.pt,6397cdc543f87b47bf5f989fb2d4149fdd6ad7238f13bcd1f11b983f1799750e
CHEMBL237_Ki,unimol,mlp,42,label_permuted,199,199,-2.0162384510040283,-1.3932719230651855,0.6229665279388428,False,confirmation,0,research_v2\artifacts\experiment\xai_sanity_cliffs_full_v1\full\sanity_heads\models\label_permuted--mlp--CHEMBL237_Ki--unimol--seed42.pt,5b12208a8fec6bac2978263527883bc3d6f68deee0a49e0b8a6a77eadd87e0c9
CHEMBL237_Ki,unimol,xgboost,11,label_permuted,199,199,-2.5057389736175537,-1.1357381343841553,1.3700008392333984,False,confirmation,28,research_v2\artifacts\experiment\xai_sanity_cliffs_full_v1\full\sanity_heads\models\label_permuted--xgboost--CHEMBL237_Ki--unimol--seed11.json,7c0a2c701961f51ccdd413916584db0720aeb360df80c7d866fb16fa10f8e64c
CHEMBL237_Ki,unimol,xgboost,23,label_permuted,199,199,-2.5600805282592773,-1.0944452285766602,1.4656352996826172,False,confirmation,72,research_v2\artifacts\experiment\xai_sanity_cliffs_full_v1\full\sanity_heads\models\label_permuted--xgboost--CHEMBL237_Ki--unimol--seed23.json,40ad89d798b1bc817f33025008066c9650b4af21b33b98909d5035aef365308b
CHEMBL237_Ki,unimol,xgboost,42,label_permuted,199,12,-1.7419201135635376,-1.6301127672195437,0.11180734634399392,False,confirmation,0,research_v2\artifacts\experiment\xai_sanity_cliffs_full_v1\full\sanity_heads\models\label_permuted--xgboost--CHEMBL237_Ki--unimol--seed42.json,962260c59036f55d833004b170386bf9e4eb354a83fc121fcae27b17a170da54
CHEMBL238_Ki,molformer,mlp,11,label_permuted,68,68,-2.899928569793701,-1.9915636777877808,0.9083648920059204,False,confirmation,2,research_v2\artifacts\experiment\xai_sanity_cliffs_full_v1\full\sanity_heads\models\label_permuted--mlp--CHEMBL238_Ki--molformer--seed11.pt,491256a3be8cc1513afd0387f443105fe3ad5e4bff7391ccd069d91ecbf4bebb
CHEMBL238_Ki,molformer,mlp,23,label_permuted,68,68,-2.9231438636779785,-1.4164142608642578,1.5067296028137207,False,confirmation,3,research_v2\artifacts\experiment\xai_sanity_cliffs_full_v1\full\sanity_heads\models\label_permuted--mlp--CHEMBL238_Ki--molformer--seed23.pt,e60e6ce62d5df9b26cb4f8632d61d18bc31f85567f9c438b8ff17e81622ddac3
CHEMBL238_Ki,molformer,mlp,42,label_permuted,68,68,-2.8614580631256104,-2.0860595703125,0.7753984928131104,False,confirmation,0,research_v2\artifacts\experiment\xai_sanity_cliffs_full_v1\full\sanity_heads\models\label_permuted--mlp--CHEMBL238_Ki--molformer--seed42.pt,a526b97527ac3a527136914ab5e1f0441ba2d858af546b407145af98d79fbb82
CHEMBL238_Ki,molformer,xgboost,11,label_permuted,68,35,-2.494446039199829,-2.302394151687622,0.19205188751220703,False,confirmation,1,research_v2\artifacts\experiment\xai_sanity_cliffs_full_v1\full\sanity_heads\models\label_permuted--xgboost--CHEMBL238_Ki--molformer--seed11.json,346d1516e293f6a12867c62d1ae82681839bdcc44c75563f06b5b99c5af27f1e
CHEMBL238_Ki,molformer,xgboost,23,label_permuted,68,68,-2.661296844482422,-2.004343032836914,0.6569538116455078,False,confirmation,13,research_v2\artifacts\experiment\xai_sanity_cliffs_full_v1\full\sanity_heads\models\label_permuted--xgboost--CHEMBL238_Ki--molformer--seed23.json,c7d6ff354425bd2572122b11f30d1839e43af890d5dec007b41a74c8f9a46263
CHEMBL238_Ki,molformer,xgboost,42,label_permuted,68,16,-2.4150924682617188,-2.298983097076416,0.11610937118530273,False,confirmation,0,research_v2\artifacts\experiment\xai_sanity_cliffs_full_v1\full\sanity_heads\models\label_permuted--xgboost--CHEMBL238_Ki--molformer--seed42.json,c78323dbd7565ea953e807e431cba2d144a2123533c49a56366e002f1737cce8
CHEMBL238_Ki,morgan,mlp,11,label_permuted,68,68,-2.6732101440429688,-2.186245918273926,0.48696422576904297,False,confirmation,0,research_v2\artifacts\experiment\xai_sanity_cliffs_full_v1\full\sanity_heads\models\label_permuted--mlp--CHEMBL238_Ki--morgan--seed11.pt,c8327ef18a494107b2f25a0264091530f470c48845baf442fbe2eeda335e2f2c
CHEMBL238_Ki,morgan,mlp,23,label_permuted,68,68,-2.5471136569976807,-1.9264605045318604,0.6206531524658203,False,confirmation,0,research_v2\artifacts\experiment\xai_sanity_cliffs_full_v1\full\sanity_heads\models\label_permuted--mlp--CHEMBL238_Ki--morgan--seed23.pt,f7c1b2b28e63c4efbeee711a391ca7f9d79ed31ae4be2e9615461a2af198a342
CHEMBL238_Ki,morgan,mlp,42,label_permuted,68,68,-2.683201313018799,-1.8764410018920896,0.8067603111267092,False,confirmation,0,research_v2\artifacts\experiment\xai_sanity_cliffs_full_v1\full\sanity_heads\models\label_permuted--mlp--CHEMBL238_Ki--morgan--seed42.pt,aa2bc8171b841af4614bd6ee74bbd69e8b17383fe35f5d9dc7d26bd0c8f3502f
CHEMBL238_Ki,morgan,xgboost,11,label_permuted,68,2,-2.3823649883270264,-2.378230571746826,0.004134416580200195,False,confirmation,0,research_v2\artifacts\experiment\xai_sanity_cliffs_full_v1\full\sanity_heads\models\label_permuted--xgboost--CHEMBL238_Ki--morgan--seed11.json,5592cb0607de3c6f4f91b76db7bca0e7589c864b1ee246090b598b1708694731
CHEMBL238_Ki,morgan,xgboost,23,label_permuted,68,3,-2.39434027671814,-2.335994243621826,0.05834603309631392,False,confirmation,0,research_v2\artifacts\experiment\xai_sanity_cliffs_full_v1\full\sanity_heads\models\label_permuted--xgboost--CHEMBL238_Ki--morgan--seed23.json,2f6c4492c5ba4366974d96849ea299afe2e1e00da41c05777e15941fa8a6ec03
CHEMBL238_Ki,morgan,xgboost,42,label_permuted,68,13,-2.43348240852356,-2.1933939456939697,0.2400884628295903,False,confirmation,5,research_v2\artifacts\experiment\xai_sanity_cliffs_full_v1\full\sanity_heads\models\label_permuted--xgboost--CHEMBL238_Ki--morgan--seed42.json,cf734d1f766770215c0f061a1c03fbafe9aa40dc83a6e63c5873a5eae28cfb5f
CHEMBL238_Ki,unimol,mlp,11,label_permuted,68,68,-2.7868294715881348,-2.074622392654419,0.7122070789337158,False,confirmation,0,research_v2\artifacts\experiment\xai_sanity_cliffs_full_v1\full\sanity_heads\models\label_permuted--mlp--CHEMBL238_Ki--unimol--seed11.pt,94108c4521a984e8d69bcf1d61d3952573ea2f44d025c608d3de892a5a8f6724
CHEMBL238_Ki,unimol,mlp,23,label_permuted,68,68,-2.774087905883789,-2.114271402359009,0.6598165035247803,False,confirmation,2,research_v2\artifacts\experiment\xai_sanity_cliffs_full_v1\full\sanity_heads\models\label_permuted--mlp--CHEMBL238_Ki--unimol--seed23.pt,7c034528be0c9fde9cd0fe10f2ab0cc089c9ae0ee04e1ece850d8a542175b874
CHEMBL238_Ki,unimol,mlp,42,label_permuted,68,68,-2.746091365814209,-2.041994571685791,0.704096794128418,False,confirmation,0,research_v2\artifacts\experiment\xai_sanity_cliffs_full_v1\full\sanity_heads\models\label_permuted--mlp--CHEMBL238_Ki--unimol--seed42.pt,83798e821a584878c99fed79ecf4f6436a8a45fc04fd081d59730cc40f3b25ed
CHEMBL238_Ki,unimol,xgboost,11,label_permuted,68,44,-2.465897798538208,-2.2778446674346924,0.18805313110351562,False,confirmation,1,research_v2\artifacts\experiment\xai_sanity_cliffs_full_v1\full\sanity_heads\models\label_permuted--xgboost--CHEMBL238_Ki--unimol--seed11.json,b62d6b4e17a0a075884fe10a09e28cbf5893986ffee54cdf8856a57f94a7f027
CHEMBL238_Ki,unimol,xgboost,23,label_permuted,68,11,-2.448119163513184,-2.3073034286499023,0.1408157348632817,False,confirmation,0,research_v2\artifacts\experiment\xai_sanity_cliffs_full_v1\full\sanity_heads\models\label_permuted--xgboost--CHEMBL238_Ki--unimol--seed23.json,efa1013b1befaaaca1b21c8503c9a8c8edfe11b7b5e48d34c1495b07b8f75578
CHEMBL238_Ki,unimol,xgboost,42,label_permuted,68,9,-2.427699327468872,-2.3237972259521484,0.10390210151672363,False,confirmation,0,research_v2\artifacts\experiment\xai_sanity_cliffs_full_v1\full\sanity_heads\models\label_permuted--xgboost--CHEMBL238_Ki--unimol--seed42.json,8c313c5ce9b6c8ee8bc21e179887134d7f9ed53d5293b70e5b684181d07f05a1
CHEMBL239_EC50,molformer,mlp,11,label_permuted,152,152,-3.00654935836792,-2.372325897216797,0.634223461151123,False,confirmation,0,research_v2\artifacts\experiment\xai_sanity_cliffs_full_v1\full\sanity_heads\models\label_permuted--mlp--CHEMBL239_EC50--molformer--seed11.pt,9a5611e5ff150e9de09fe5896dcff00b5482c178b269b800de0b159b314607ec
CHEMBL239_EC50,molformer,mlp,23,label_permuted,152,152,-3.0466527938842773,-2.19580340385437,0.8508493900299072,False,confirmation,0,research_v2\artifacts\experiment\xai_sanity_cliffs_full_v1\full\sanity_heads\models\label_permuted--mlp--CHEMBL239_EC50--molformer--seed23.pt,ece62cba062a5ea1519d4ade5345502bc7f5192f99b8d588daa29177b0cbd2d6
CHEMBL239_EC50,molformer,mlp,42,label_permuted,152,152,-3.0524070262908936,-2.2792530059814453,0.7731540203094482,False,confirmation,1,research_v2\artifacts\experiment\xai_sanity_cliffs_full_v1\full\sanity_heads\models\label_permuted--mlp--CHEMBL239_EC50--molformer--seed42.pt,d5f2c01eac9db0143b5098ecdd51042f28f62b6e1228897e6df43d7f1f1b74ba
CHEMBL239_EC50,molformer,xgboost,11,label_permuted,152,67,-2.75318455696106,-2.5422005653381348,0.21098399162292525,False,confirmation,2,research_v2\artifacts\experiment\xai_sanity_cliffs_full_v1\full\sanity_heads\models\label_permuted--xgboost--CHEMBL239_EC50--molformer--seed11.json,95f8cea3c362c5d067a9c5f5b00228ac7e613d64bad545930518acf576d927eb
CHEMBL239_EC50,molformer,xgboost,23,label_permuted,152,85,-2.7601089477539062,-2.388977289199829,0.37113165855407715,False,confirmation,4,research_v2\artifacts\experiment\xai_sanity_cliffs_full_v1\full\sanity_heads\models\label_permuted--xgboost--CHEMBL239_EC50--molformer--seed23.json,1f5570191389e37f329969a6a87180adf1cdad481ffe2478e4d7750cd6fd7d6c
CHEMBL239_EC50,molformer,xgboost,42,label_permuted,152,152,-3.4623589515686035,-1.791989803314209,1.6703691482543945,False,confirmation,194,research_v2\artifacts\experiment\xai_sanity_cliffs_full_v1\full\sanity_heads\models\label_permuted--xgboost--CHEMBL239_EC50--molformer--seed42.json,37bbce8d80bce6440ca217940b04c670692b32aa1dacc64f6470ad84e6a77a3b
CHEMBL239_EC50,morgan,mlp,11,label_permuted,152,152,-3.0675060749053955,-2.276505708694458,0.7910003662109375,False,confirmation,0,research_v2\artifacts\experiment\xai_sanity_cliffs_full_v1\full\sanity_heads\models\label_permuted--mlp--CHEMBL239_EC50--morgan--seed11.pt,fe4da94dca4e8c3b4215480888d3778dfc0de61b85b29c6f8bafc2aac1b9d937
CHEMBL239_EC50,morgan,mlp,23,label_permuted,152,152,-2.9405789375305176,-2.0555789470672607,0.8849999904632568,False,confirmation,0,research_v2\artifacts\experiment\xai_sanity_cliffs_full_v1\full\sanity_heads\models\label_permuted--mlp--CHEMBL239_EC50--morgan--seed23.pt,02af77ecb00ee35db57e43da92a52020fc2a6f773da542becf09c1ec701e82d6
CHEMBL239_EC50,morgan,mlp,42,label_permuted,152,152,-2.975897789001465,-2.1928343772888184,0.7830634117126465,False,confirmation,0,research_v2\artifacts\experiment\xai_sanity_cliffs_full_v1\full\sanity_heads\models\label_permuted--mlp--CHEMBL239_EC50--morgan--seed42.pt,58a1579e1aa33b2be5019bc1bfb9cc4b77da8675cd1067602a0f545db3cca0e2
CHEMBL239_EC50,morgan,xgboost,11,label_permuted,152,54,-3.008289337158203,-2.522066831588745,0.486222505569458,False,confirmation,22,research_v2\artifacts\experiment\xai_sanity_cliffs_full_v1\full\sanity_heads\models\label_permuted--xgboost--CHEMBL239_EC50--morgan--seed11.json,922594b48b9da36dc16d01284c471bb4d4ef76ce8d237958a0dacffc6b8297f4
CHEMBL239_EC50,morgan,xgboost,23,label_permuted,152,5,-2.6873013973236084,-2.591015338897705,0.09628605842590332,False,confirmation,0,research_v2\artifacts\experiment\xai_sanity_cliffs_full_v1\full\sanity_heads\models\label_permuted--xgboost--CHEMBL239_EC50--morgan--seed23.json,4feecae31f6806677cdcf52e6679c79fae1ad02e86f8dee1fd8bbd5eba09095e
CHEMBL239_EC50,morgan,xgboost,42,label_permuted,152,28,-2.82582950592041,-2.524199724197388,0.301629781723022,False,confirmation,13,research_v2\artifacts\experiment\xai_sanity_cliffs_full_v1\full\sanity_heads\models\label_permuted--xgboost--CHEMBL239_EC50--morgan--seed42.json,ad893b98d353727d02f18fde0cebd1469dc702970da21d8ab25b1cf2752e8b46
CHEMBL239_EC50,unimol,mlp,11,label_permuted,152,152,-3.2756714820861816,-2.2201623916625977,1.055509090423584,False,confirmation,1,research_v2\artifacts\experiment\xai_sanity_cliffs_full_v1\full\sanity_heads\models\label_permuted--mlp--CHEMBL239_EC50--unimol--seed11.pt,4cdc6afecb5a30e01a25b4e99f2e4cfc016b10c2f8d5726dac4ba01627160ea6
CHEMBL239_EC50,unimol,mlp,23,label_permuted,152,152,-2.954371213912964,-2.2924797534942627,0.6618914604187012,False,confirmation,0,research_v2\artifacts\experiment\xai_sanity_cliffs_full_v1\full\sanity_heads\models\label_permuted--mlp--CHEMBL239_EC50--unimol--seed23.pt,96ac93a9b64fce2bbde7f910c92394e8927960b27788b108eb40c5d00b714f0a
CHEMBL239_EC50,unimol,mlp,42,label_permuted,152,152,-3.105424642562866,-2.326368570327759,0.7790560722351074,False,confirmation,1,research_v2\artifacts\experiment\xai_sanity_cliffs_full_v1\full\sanity_heads\models\label_permuted--mlp--CHEMBL239_EC50--unimol--seed42.pt,8d6fc2fdd3927471af46fbe908c51b285d9578fd12d556b3a83d679ec728793c
CHEMBL239_EC50,unimol,xgboost,11,label_permuted,152,16,-2.716627359390259,-2.5829522609710693,0.13367509841918945,False,confirmation,0,research_v2\artifacts\experiment\xai_sanity_cliffs_full_v1\full\sanity_heads\models\label_permuted--xgboost--CHEMBL239_EC50--unimol--seed11.json,07feee38a73b74c0f95f4eed76236eebb2be99436bf20e3b4fd7e81933880181
CHEMBL239_EC50,unimol,xgboost,23,label_permuted,152,19,-2.7189714908599854,-2.6068410873413086,0.11213040351867676,False,confirmation,0,research_v2\artifacts\experiment\xai_sanity_cliffs_full_v1\full\sanity_heads\models\label_permuted--xgboost--CHEMBL239_EC50--unimol--seed23.json,0a43e950aaca0e7dc1352dcd468faa5de75c842cae09c4b998119725f61e3dd2
CHEMBL239_EC50,unimol,xgboost,42,label_permuted,152,150,-2.8617939949035645,-2.401307821273804,0.4604861736297603,False,confirmation,6,research_v2\artifacts\experiment\xai_sanity_cliffs_full_v1\full\sanity_heads\models\label_permuted--xgboost--CHEMBL239_EC50--unimol--seed42.json,50dbbc895c40eea865b70f4e4ee9ab298e51f70d268684cb2c51a1d447e61b5e
CHEMBL244_Ki,molformer,mlp,11,label_permuted,395,395,-2.514582633972168,-1.6484464406967163,0.8661361932754517,False,confirmation,0,research_v2\artifacts\experiment\xai_sanity_cliffs_full_v1\full\sanity_heads\models\label_permuted--mlp--CHEMBL244_Ki--molformer--seed11.pt,130c64076907710d488cf673b8be860766f8c058a36e789e930a3dd643bd1f68
CHEMBL244_Ki,molformer,mlp,23,label_permuted,395,395,-2.634838342666626,-1.360259771347046,1.27457857131958,False,confirmation,0,research_v2\artifacts\experiment\xai_sanity_cliffs_full_v1\full\sanity_heads\models\label_permuted--mlp--CHEMBL244_Ki--molformer--seed23.pt,dab70e1b161da30e32c585ca95f32c246af9e470c49139e37445c2ac2e63e9c0
CHEMBL244_Ki,molformer,mlp,42,label_permuted,395,395,-2.3870091438293457,-1.4773346185684204,0.9096745252609253,False,confirmation,0,research_v2\artifacts\experiment\xai_sanity_cliffs_full_v1\full\sanity_heads\models\label_permuted--mlp--CHEMBL244_Ki--molformer--seed42.pt,b2de3072dbbe4a883e3c1b00dc2273158d8379ea76883087db232f2d26b1faf9
CHEMBL244_Ki,molformer,xgboost,11,label_permuted,395,19,-2.033514976501465,-1.8349305391311648,0.19858443737030007,False,confirmation,0,research_v2\artifacts\experiment\xai_sanity_cliffs_full_v1\full\sanity_heads\models\label_permuted--xgboost--CHEMBL244_Ki--molformer--seed11.json,0b0717159e5c3506150de98235aa974908c3326cc814db205bbc99a5464fdf61
CHEMBL244_Ki,molformer,xgboost,23,label_permuted,395,106,-2.1163504123687744,-1.842986822128296,0.2733635902404785,False,confirmation,2,research_v2\artifacts\experiment\xai_sanity_cliffs_full_v1\full\sanity_heads\models\label_permuted--xgboost--CHEMBL244_Ki--molformer--seed23.json,c19791cdcf86220773b5501651c7c6c002f8a2d61607d4f4b315659425482011
CHEMBL244_Ki,molformer,xgboost,42,label_permuted,395,127,-2.0780577659606934,-1.7028753757476809,0.3751823902130125,False,confirmation,2,research_v2\artifacts\experiment\xai_sanity_cliffs_full_v1\full\sanity_heads\models\label_permuted--xgboost--CHEMBL244_Ki--molformer--seed42.json,93deabdbcd92b80f4c64b162ee0c3a9f2eeb45961ef1b9760267bc6db5883b49
CHEMBL244_Ki,morgan,mlp,11,label_permuted,395,395,-2.931368350982666,-0.3443918228149414,2.5869765281677246,False,confirmation,1,research_v2\artifacts\experiment\xai_sanity_cliffs_full_v1\full\sanity_heads\models\label_permuted--mlp--CHEMBL244_Ki--morgan--seed11.pt,ed96544462a7b3f074d5c262e0ef454ba0d17a14b6a943043b7d4931e66d21f0
CHEMBL244_Ki,morgan,mlp,23,label_permuted,395,395,-2.542196989059448,-1.0564398765563965,1.4857571125030513,False,confirmation,0,research_v2\artifacts\experiment\xai_sanity_cliffs_full_v1\full\sanity_heads\models\label_permuted--mlp--CHEMBL244_Ki--morgan--seed23.pt,36b4deb4d60e0172744743e9dc5b1a92f8c0e180ef71470c1c28103ad2e9ca1a
CHEMBL244_Ki,morgan,mlp,42,label_permuted,395,395,-2.8808462619781494,-1.2753291130065918,1.6055171489715576,False,confirmation,0,research_v2\artifacts\experiment\xai_sanity_cliffs_full_v1\full\sanity_heads\models\label_permuted--mlp--CHEMBL244_Ki--morgan--seed42.pt,c8bceb413f06f45d1a35651156b609bc0edbf26d1cf924c0a082eab638bd7993
CHEMBL244_Ki,morgan,xgboost,11,label_permuted,395,278,-2.415804862976074,-0.7883473634719849,1.6274574995040894,False,confirmation,60,research_v2\artifacts\experiment\xai_sanity_cliffs_full_v1\full\sanity_heads\models\label_permuted--xgboost--CHEMBL244_Ki--morgan--seed11.json,d92ae0dc4ec3846da1269c8e65a0a2f19ef78b137c7792209ca3ab1c899a7144
CHEMBL244_Ki,morgan,xgboost,23,label_permuted,395,39,-2.1511473655700684,-1.8454550504684448,0.30569231510162354,False,confirmation,4,research_v2\artifacts\experiment\xai_sanity_cliffs_full_v1\full\sanity_heads\models\label_permuted--xgboost--CHEMBL244_Ki--morgan--seed23.json,21c9d5ff090575ec2d60a4a76a09f6a35d72551bc8cdb157f711ce1306623c67
CHEMBL244_Ki,morgan,xgboost,42,label_permuted,395,78,-2.288263320922852,-1.5625587701797483,0.7257045507431037,False,confirmation,14,research_v2\artifacts\experiment\xai_sanity_cliffs_full_v1\full\sanity_heads\models\label_permuted--xgboost--CHEMBL244_Ki--morgan--seed42.json,7db132471fa1e311348b1bedcd99bca9e6db1443bb624b6a56c2e5807d8cd17c
CHEMBL244_Ki,unimol,mlp,11,label_permuted,395,395,-2.3236489295959477,-1.0900782346725464,1.2335706949234013,False,confirmation,1,research_v2\artifacts\experiment\xai_sanity_cliffs_full_v1\full\sanity_heads\models\label_permuted--mlp--CHEMBL244_Ki--unimol--seed11.pt,c98ec79114b27c23969e7c6af19e6776f100a61746135e571aefc2ed4d83d8b6
CHEMBL244_Ki,unimol,mlp,23,label_permuted,395,395,-2.8542280197143555,-0.6811951398849487,2.1730328798294067,False,confirmation,2,research_v2\artifacts\experiment\xai_sanity_cliffs_full_v1\full\sanity_heads\models\label_permuted--mlp--CHEMBL244_Ki--unimol--seed23.pt,b0dd573e11b38cecfeac50bb9728e0e7c1b93c8b22e71062503ce9a9fea77b06
CHEMBL244_Ki,unimol,mlp,42,label_permuted,395,395,-2.8524169921875,-1.4807641506195068,1.3716528415679932,False,confirmation,0,research_v2\artifacts\experiment\xai_sanity_cliffs_full_v1\full\sanity_heads\models\label_permuted--mlp--CHEMBL244_Ki--unimol--seed42.pt,85744ae96b5acd08837f47da7bfb4168666b32ee734ead47e3eca40859ed7be9
CHEMBL244_Ki,unimol,xgboost,11,label_permuted,395,392,-2.2447009086608887,-1.609567403793335,0.6351335048675537,False,confirmation,9,research_v2\artifacts\experiment\xai_sanity_cliffs_full_v1\full\sanity_heads\models\label_permuted--xgboost--CHEMBL244_Ki--unimol--seed11.json,97653dd43823543056ce214415103ba78f5f31a75cd8b1a508b698dab700514b
CHEMBL244_Ki,unimol,xgboost,23,label_permuted,395,345,-2.1446356773376465,-1.6528830528259275,0.49175262451171897,False,confirmation,4,research_v2\artifacts\experiment\xai_sanity_cliffs_full_v1\full\sanity_heads\models\label_permuted--xgboost--CHEMBL244_Ki--unimol--seed23.json,4d194734d27eeedae7ab563a7991f1784ff08252271f51f767c4d8d29f41f652
CHEMBL244_Ki,unimol,xgboost,42,label_permuted,395,205,-2.092472553253174,-1.7003940343856812,0.3920785188674927,False,confirmation,4,research_v2\artifacts\experiment\xai_sanity_cliffs_full_v1\full\sanity_heads\models\label_permuted--xgboost--CHEMBL244_Ki--unimol--seed42.json,46b3530f5a60fe4a581f8eabb085b52b9d24a68d701b28e9d718f957455b36c5
CHEMBL262_Ki,molformer,mlp,11,label_permuted,57,57,-2.86092472076416,-1.903931260108948,0.9569934606552122,False,confirmation,2,research_v2\artifacts\experiment\xai_sanity_cliffs_full_v1\full\sanity_heads\models\label_permuted--mlp--CHEMBL262_Ki--molformer--seed11.pt,d039535663b1f508f975e18034f4a8f468741ed08bcd89b3fba68d718288aab8
CHEMBL262_Ki,molformer,mlp,23,label_permuted,57,57,-2.954291343688965,-1.747462272644043,1.2068290710449219,False,confirmation,0,research_v2\artifacts\experiment\xai_sanity_cliffs_full_v1\full\sanity_heads\models\label_permuted--mlp--CHEMBL262_Ki--molformer--seed23.pt,cf2c777da968b777a6fceaf3b42e4e294465dee578fcd9dead0970c9291b6ac5
CHEMBL262_Ki,molformer,mlp,42,label_permuted,57,57,-2.7955756187438965,-2.020347118377685,0.7752285003662114,False,confirmation,1,research_v2\artifacts\experiment\xai_sanity_cliffs_full_v1\full\sanity_heads\models\label_permuted--mlp--CHEMBL262_Ki--molformer--seed42.pt,9e33d8958a27f7cae17a27e8230a3980c3f8abda9ccc493a896230bf4cdf6066
CHEMBL262_Ki,molformer,xgboost,11,label_permuted,57,55,-2.838456153869629,-2.233247756958008,0.6052083969116211,False,confirmation,10,research_v2\artifacts\experiment\xai_sanity_cliffs_full_v1\full\sanity_heads\models\label_permuted--xgboost--CHEMBL262_Ki--molformer--seed11.json,1bc8ff3559019683b10472a42738a633e3c6b226d9299431c01831d2f3251b87
CHEMBL262_Ki,molformer,xgboost,23,label_permuted,57,57,-2.912522077560425,-2.0160202980041504,0.8965017795562744,False,confirmation,18,research_v2\artifacts\experiment\xai_sanity_cliffs_full_v1\full\sanity_heads\models\label_permuted--xgboost--CHEMBL262_Ki--molformer--seed23.json,e6f73f4e8772720d7ad4473b02f1074432189c58288dc58bdca50f1633977527
CHEMBL262_Ki,molformer,xgboost,42,label_permuted,57,11,-2.569470167160034,-2.480048656463623,0.08942151069641113,False,confirmation,0,research_v2\artifacts\experiment\xai_sanity_cliffs_full_v1\full\sanity_heads\models\label_permuted--xgboost--CHEMBL262_Ki--molformer--seed42.json,e1ea0dd8c8b479dc586399ad11f083bdb2eb8d301c2780baaf009280e86c89a2
CHEMBL262_Ki,morgan,mlp,11,label_permuted,57,57,-2.8159449100494385,-1.9886510372161863,0.8272938728332522,False,confirmation,1,research_v2\artifacts\experiment\xai_sanity_cliffs_full_v1\full\sanity_heads\models\label_permuted--mlp--CHEMBL262_Ki--morgan--seed11.pt,f4e20fc144993987361d7c9b95fd89f456c0a82e91f19f99d7eb7a21fe72aa4b
CHEMBL262_Ki,morgan,mlp,23,label_permuted,57,57,-2.728922843933105,-2.125727415084839,0.6031954288482662,False,confirmation,0,research_v2\artifacts\experiment\xai_sanity_cliffs_full_v1\full\sanity_heads\models\label_permuted--mlp--CHEMBL262_Ki--morgan--seed23.pt,5df5d057abf111f9c1490a29e22c73b34c16e5042138a690d785dfdce0163676
CHEMBL262_Ki,morgan,mlp,42,label_permuted,57,57,-2.622218370437622,-2.273076057434082,0.34914231300354004,False,confirmation,0,research_v2\artifacts\experiment\xai_sanity_cliffs_full_v1\full\sanity_heads\models\label_permuted--mlp--CHEMBL262_Ki--morgan--seed42.pt,f29a66d0e9d61900b738a5e6dfdcb1e8787c43bea38e91be7b9f316a7e9f889d
CHEMBL262_Ki,morgan,xgboost,11,label_permuted,57,51,-2.878881931304932,-1.744262456893921,1.1346194744110112,False,confirmation,103,research_v2\artifacts\experiment\xai_sanity_cliffs_full_v1\full\sanity_heads\models\label_permuted--xgboost--CHEMBL262_Ki--morgan--seed11.json,9d52b38065c7c88d362d73a01e417b5fed7501f91bfeb5bad599a531e490069c
CHEMBL262_Ki,morgan,xgboost,23,label_permuted,57,3,-2.520953893661499,-2.438184261322021,0.08276963233947798,False,confirmation,0,research_v2\artifacts\experiment\xai_sanity_cliffs_full_v1\full\sanity_heads\models\label_permuted--xgboost--CHEMBL262_Ki--morgan--seed23.json,a223995aaefa85101345b763c1650eb5ed8aebad72c8bf1bd5784c5961596835
CHEMBL262_Ki,morgan,xgboost,42,label_permuted,57,20,-2.715841770172119,-2.321582794189453,0.394258975982666,False,confirmation,15,research_v2\artifacts\experiment\xai_sanity_cliffs_full_v1\full\sanity_heads\models\label_permuted--xgboost--CHEMBL262_Ki--morgan--seed42.json,17fae3e6bd2d97ad7a2e85b5e1359be0712c6943816b453e329b695b97b32350
CHEMBL262_Ki,unimol,mlp,11,label_permuted,57,57,-3.1597304344177246,-1.347412347793579,1.8123180866241455,False,confirmation,6,research_v2\artifacts\experiment\xai_sanity_cliffs_full_v1\full\sanity_heads\models\label_permuted--mlp--CHEMBL262_Ki--unimol--seed11.pt,342f81764748e9d0a9094a266ae1d5c76cb0554c785901d8892c91b31257552a
CHEMBL262_Ki,unimol,mlp,23,label_permuted,57,57,-3.003652811050415,-2.1737654209136963,0.8298873901367188,False,confirmation,0,research_v2\artifacts\experiment\xai_sanity_cliffs_full_v1\full\sanity_heads\models\label_permuted--mlp--CHEMBL262_Ki--unimol--seed23.pt,aae25937798f1b66bceaf0da81712a5808fe27fbb6d7d939529b2d2c9565b165
CHEMBL262_Ki,unimol,mlp,42,label_permuted,57,57,-2.811378240585327,-2.2579915523529053,0.5533866882324219,False,confirmation,1,research_v2\artifacts\experiment\xai_sanity_cliffs_full_v1\full\sanity_heads\models\label_permuted--mlp--CHEMBL262_Ki--unimol--seed42.pt,c3ddc0ef9d1664f46a061b1ec83fca6f495c88e4f670278a7d7906813dcc76a4
CHEMBL262_Ki,unimol,xgboost,11,label_permuted,57,34,-2.592305421829224,-2.413646459579468,0.17865896224975586,False,confirmation,1,research_v2\artifacts\experiment\xai_sanity_cliffs_full_v1\full\sanity_heads\models\label_permuted--xgboost--CHEMBL262_Ki--unimol--seed11.json,ae5e2babef8f09f4472b291e4cfb2100be60e4ac5c82be66199ac1c7dae7e4a1
CHEMBL262_Ki,unimol,xgboost,23,label_permuted,57,49,-2.7183563709259038,-2.3384997844696045,0.37985658645629927,False,confirmation,4,research_v2\artifacts\experiment\xai_sanity_cliffs_full_v1\full\sanity_heads\models\label_permuted--xgboost--CHEMBL262_Ki--unimol--seed23.json,cbef20f011ed9a0f403318096fb60f926c8d90a77dea2d6974781cc339bb488e
CHEMBL262_Ki,unimol,xgboost,42,label_permuted,57,51,-2.692209243774414,-2.423722743988037,0.26848649978637695,False,confirmation,3,research_v2\artifacts\experiment\xai_sanity_cliffs_full_v1\full\sanity_heads\models\label_permuted--xgboost--CHEMBL262_Ki--unimol--seed42.json,913313646e63c207c8d91bee6aaf721401c277cce6955d377f08af11295f8a66
CHEMBL264_Ki,molformer,mlp,11,label_permuted,236,236,-1.8739233016967771,-0.7240314483642578,1.1498918533325193,False,confirmation,2,research_v2\artifacts\experiment\xai_sanity_cliffs_full_v1\full\sanity_heads\models\label_permuted--mlp--CHEMBL264_Ki--molformer--seed11.pt,3555b1d73380256bdab39db6ad16c9071542a6fc84a0dc133aa0873c495ec839
CHEMBL264_Ki,molformer,mlp,23,label_permuted,236,236,-1.510628581047058,-0.821133017539978,0.6894955635070801,False,confirmation,0,research_v2\artifacts\experiment\xai_sanity_cliffs_full_v1\full\sanity_heads\models\label_permuted--mlp--CHEMBL264_Ki--molformer--seed23.pt,ac29923a474020a7b8a85a6b6103f25c6313919318eb06839ee2c4d2c4c672a6
CHEMBL264_Ki,molformer,mlp,42,label_permuted,236,236,-1.688000202178955,-0.7566360831260681,0.931364119052887,False,confirmation,0,research_v2\artifacts\experiment\xai_sanity_cliffs_full_v1\full\sanity_heads\models\label_permuted--mlp--CHEMBL264_Ki--molformer--seed42.pt,abb986692825084ea7df9c5d307ccb65e0ff51adbb7a2f5ddddbdb93d5dce082
CHEMBL264_Ki,molformer,xgboost,11,label_permuted,236,236,-1.9541131258010864,-0.844703197479248,1.1094099283218384,False,confirmation,46,research_v2\artifacts\experiment\xai_sanity_cliffs_full_v1\full\sanity_heads\models\label_permuted--xgboost--CHEMBL264_Ki--molformer--seed11.json,9a2dbaaaaa9b577388af46c0197543b089e3261f0d27cc5245aabbea27908909
CHEMBL264_Ki,molformer,xgboost,23,label_permuted,236,232,-1.5646612644195557,-1.044005036354065,0.5206562280654907,False,confirmation,12,research_v2\artifacts\experiment\xai_sanity_cliffs_full_v1\full\sanity_heads\models\label_permuted--xgboost--CHEMBL264_Ki--molformer--seed23.json,aa75140edbbe995dc544fd65b0ddfd622748ef5d17063fe22ad02e7f87bb7dad
CHEMBL264_Ki,molformer,xgboost,42,label_permuted,236,19,-1.3127321004867554,-1.1957584619522097,0.11697363853454568,False,confirmation,0,research_v2\artifacts\experiment\xai_sanity_cliffs_full_v1\full\sanity_heads\models\label_permuted--xgboost--CHEMBL264_Ki--molformer--seed42.json,d6c7a04789024851c68b03c651bb4e1f991cb598a6e0fd03508c156e076ed931
CHEMBL264_Ki,morgan,mlp,11,label_permuted,236,234,-1.8613166809082031,-0.5999911427497864,1.2613255381584167,False,confirmation,0,research_v2\artifacts\experiment\xai_sanity_cliffs_full_v1\full\sanity_heads\models\label_permuted--mlp--CHEMBL264_Ki--morgan--seed11.pt,143a9b4b669036c8fa83d73378e6ce86ffdd8f68dd35ed67870d8b89c739a567
CHEMBL264_Ki,morgan,mlp,23,label_permuted,236,234,-1.959029197692871,-0.8337164521217346,1.1253127455711365,False,confirmation,0,research_v2\artifacts\experiment\xai_sanity_cliffs_full_v1\full\sanity_heads\models\label_permuted--mlp--CHEMBL264_Ki--morgan--seed23.pt,e0e41881b15f740fd1f089e30fa94f6c6cc2d94e3d282f6f2a934f645386b8cc
CHEMBL264_Ki,morgan,mlp,42,label_permuted,236,234,-1.7483292818069458,-0.5661006569862366,1.1822286248207092,False,confirmation,0,research_v2\artifacts\experiment\xai_sanity_cliffs_full_v1\full\sanity_heads\models\label_permuted--mlp--CHEMBL264_Ki--morgan--seed42.pt,200a68861fc97c3dcadc65963b0b2039991f0933be7dba6cf7a075f9796de614
CHEMBL264_Ki,morgan,xgboost,11,label_permuted,236,6,-1.3537148237228394,-1.1917730569839478,0.1619417667388916,False,confirmation,0,research_v2\artifacts\experiment\xai_sanity_cliffs_full_v1\full\sanity_heads\models\label_permuted--xgboost--CHEMBL264_Ki--morgan--seed11.json,927718069b64e18d5b7b3134cda57a7f1a2187379366324e3c2c4507834d24e9
CHEMBL264_Ki,morgan,xgboost,23,label_permuted,236,20,-1.402662754058838,-1.0923538208007812,0.31030893325805664,False,confirmation,6,research_v2\artifacts\experiment\xai_sanity_cliffs_full_v1\full\sanity_heads\models\label_permuted--xgboost--CHEMBL264_Ki--morgan--seed23.json,cee77448a0e0e54b9472acd79a3e4ce1a530995b64437a3b215fac7c2c8a1852
CHEMBL264_Ki,morgan,xgboost,42,label_permuted,236,121,-1.5550247430801392,-1.0116629600524902,0.5433617830276489,False,confirmation,34,research_v2\artifacts\experiment\xai_sanity_cliffs_full_v1\full\sanity_heads\models\label_permuted--xgboost--CHEMBL264_Ki--morgan--seed42.json,ff5ba725b123103a8145010a81678331bf8ef860e73b2318c1d6c2d6d9f08267
CHEMBL264_Ki,unimol,mlp,11,label_permuted,236,236,-1.476984620094299,-0.7821130752563477,0.6948715448379514,False,confirmation,1,research_v2\artifacts\experiment\xai_sanity_cliffs_full_v1\full\sanity_heads\models\label_permuted--mlp--CHEMBL264_Ki--unimol--seed11.pt,df5bcfec8a4a5235bddff8374f436bd8121e4b5a229dd5f0ca26adf759facf36
CHEMBL264_Ki,unimol,mlp,23,label_permuted,236,236,-1.4962843656539917,-0.8216482996940613,0.6746360659599304,False,confirmation,0,research_v2\artifacts\experiment\xai_sanity_cliffs_full_v1\full\sanity_heads\models\label_permuted--mlp--CHEMBL264_Ki--unimol--seed23.pt,c9aec1357978f2d1ffe112f28d51f55f861576f39f4f20e918a179ff7b0822a8
CHEMBL264_Ki,unimol,mlp,42,label_permuted,236,236,-1.782200813293457,-0.8710352182388306,0.9111655950546265,False,confirmation,0,research_v2\artifacts\experiment\xai_sanity_cliffs_full_v1\full\sanity_heads\models\label_permuted--mlp--CHEMBL264_Ki--unimol--seed42.pt,ad4e5998ca4ad64b951857e34796ee0b33360abae52c9f92eb9bf21cb5ceef66
CHEMBL264_Ki,unimol,xgboost,11,label_permuted,236,146,-1.4800186157226562,-1.1649361848831177,0.3150824308395386,False,confirmation,3,research_v2\artifacts\experiment\xai_sanity_cliffs_full_v1\full\sanity_heads\models\label_permuted--xgboost--CHEMBL264_Ki--unimol--seed11.json,d3a23fabe60bfa9291b6d6da8519fed0004bb3bb9e3060f8ff2eb715ae5b4102
CHEMBL264_Ki,unimol,xgboost,23,label_permuted,236,45,-1.375220775604248,-1.1745035648345947,0.20071721076965332,False,confirmation,1,research_v2\artifacts\experiment\xai_sanity_cliffs_full_v1\full\sanity_heads\models\label_permuted--xgboost--CHEMBL264_Ki--unimol--seed23.json,83a5c19729edf481f160e851f92ffe456c667575eb6dd34295956d70ca594663
CHEMBL264_Ki,unimol,xgboost,42,label_permuted,236,16,-1.316453456878662,-1.1956390142440796,0.12081444263458252,False,confirmation,0,research_v2\artifacts\experiment\xai_sanity_cliffs_full_v1\full\sanity_heads\models\label_permuted--xgboost--CHEMBL264_Ki--unimol--seed42.json,13b20a901ac9807a368325bb2f199ba7a093abc17c85bd102b7f9551186f1e1f
CHEMBL2835_Ki,molformer,mlp,11,label_permuted,16,16,-0.8489559292793274,0.2249243855476379,1.0738803148269653,False,confirmation,4,research_v2\artifacts\experiment\xai_sanity_cliffs_full_v1\full\sanity_heads\models\label_permuted--mlp--CHEMBL2835_Ki--molformer--seed11.pt,92ee65bcb64d08c0491d872c9b6334605b53e19d3e376a086ea3309b8da89d95
CHEMBL2835_Ki,molformer,mlp,23,label_permuted,16,16,-0.4674005508422851,0.0189257562160491,0.4863263070583342,False,confirmation,0,research_v2\artifacts\experiment\xai_sanity_cliffs_full_v1\full\sanity_heads\models\label_permuted--mlp--CHEMBL2835_Ki--molformer--seed23.pt,3830b69e4fb3826255a3eeb49c85626eb39a668447bfc9ca6546f87667a80e57
CHEMBL2835_Ki,molformer,mlp,42,label_permuted,16,16,-0.5929338932037354,-0.0052866339683532,0.5876472592353822,False,confirmation,0,research_v2\artifacts\experiment\xai_sanity_cliffs_full_v1\full\sanity_heads\models\label_permuted--mlp--CHEMBL2835_Ki--molformer--seed42.pt,eeef4b8c8c1a61a77d4fd70607b8fdef57fe73d56e46af8e3232bbd594fa455b
CHEMBL2835_Ki,molformer,xgboost,11,label_permuted,16,16,-0.7960102558135986,0.036477655172348,0.8324879109859467,False,confirmation,139,research_v2\artifacts\experiment\xai_sanity_cliffs_full_v1\full\sanity_heads\models\label_permuted--xgboost--CHEMBL2835_Ki--molformer--seed11.json,8c227dfc2a43eb743c18a930145bbd1ec96e24d4b185ad969f6cf6a02b9068e6
CHEMBL2835_Ki,molformer,xgboost,23,label_permuted,16,4,-0.3334480822086334,-0.3148450851440429,0.01860299706459051,False,confirmation,0,research_v2\artifacts\experiment\xai_sanity_cliffs_full_v1\full\sanity_heads\models\label_permuted--xgboost--CHEMBL2835_Ki--molformer--seed23.json,8e7a4bccb6bef81369208ae757e1a99c2f27689e1d1480079a51fe62bad73ee4
CHEMBL2835_Ki,molformer,xgboost,42,label_permuted,16,14,-0.9377771019935608,-0.1996132135391235,0.7381638884544373,False,confirmation,10,research_v2\artifacts\experiment\xai_sanity_cliffs_full_v1\full\sanity_heads\models\label_permuted--xgboost--CHEMBL2835_Ki--molformer--seed42.json,162755f6100d5d23614635c2f06f3a1d9322aa2d92dabb1f9044366a46cdc353
CHEMBL2835_Ki,morgan,mlp,11,label_permuted,16,16,-2.0884177684783936,0.3690671324729919,2.4574849009513855,False,confirmation,11,research_v2\artifacts\experiment\xai_sanity_cliffs_full_v1\full\sanity_heads\models\label_permuted--mlp--CHEMBL2835_Ki--morgan--seed11.pt,d65206195dbd4deb79a4066a9e9998d0c751000c2ffa8e2cc72da970d2535b7f
CHEMBL2835_Ki,morgan,mlp,23,label_permuted,16,16,-0.5376508831977844,-0.0626042187213897,0.4750466644763947,False,confirmation,0,research_v2\artifacts\experiment\xai_sanity_cliffs_full_v1\full\sanity_heads\models\label_permuted--mlp--CHEMBL2835_Ki--morgan--seed23.pt,25f95ab58bc41abb0527cf895cb5248ba1b6e10494e837665931160e41982c58
CHEMBL2835_Ki,morgan,mlp,42,label_permuted,16,16,-1.5555663108825684,0.4932535290718078,2.048819839954376,False,confirmation,17,research_v2\artifacts\experiment\xai_sanity_cliffs_full_v1\full\sanity_heads\models\label_permuted--mlp--CHEMBL2835_Ki--morgan--seed42.pt,d048625a03386807728cbfe9f0dea4332c195cab3851f4ca064f5e2b54cc3c35
CHEMBL2835_Ki,morgan,xgboost,11,label_permuted,16,16,-0.9142476320266724,-0.0524574816226959,0.8617901504039764,False,confirmation,133,research_v2\artifacts\experiment\xai_sanity_cliffs_full_v1\full\sanity_heads\models\label_permuted--xgboost--CHEMBL2835_Ki--morgan--seed11.json,bfa7da15eb8c1bc4ccf6e153ef9b6465891311da2b7ef2fc38c204d8868dbc65
CHEMBL2835_Ki,morgan,xgboost,23,label_permuted,16,3,-0.3822694420814514,-0.3100943565368652,0.07217508554458624,False,confirmation,3,research_v2\artifacts\experiment\xai_sanity_cliffs_full_v1\full\sanity_heads\models\label_permuted--xgboost--CHEMBL2835_Ki--morgan--seed23.json,dcb03a7fe92d53e99db31d3245f5ce8ded368253639d8ebcca2be00193623884
CHEMBL2835_Ki,morgan,xgboost,42,label_permuted,16,15,-0.5934802293777466,-0.1813222467899322,0.4121579825878144,False,confirmation,55,research_v2\artifacts\experiment\xai_sanity_cliffs_full_v1\full\sanity_heads\models\label_permuted--xgboost--CHEMBL2835_Ki--morgan--seed42.json,07370051d50416a34393070b1c52e9ded2fbef927a602d7d1a5b9ba4d9074900
CHEMBL2835_Ki,unimol,mlp,11,label_permuted,16,16,-1.915179967880249,0.3098320960998535,2.2250120639801025,False,confirmation,22,research_v2\artifacts\experiment\xai_sanity_cliffs_full_v1\full\sanity_heads\models\label_permuted--mlp--CHEMBL2835_Ki--unimol--seed11.pt,0b95d1146857d649e893ff98e7110d53d83d227082d746e8bd2abf696d379a4c
CHEMBL2835_Ki,unimol,mlp,23,label_permuted,16,16,-0.5481621026992798,0.2564110159873962,0.804573118686676,False,confirmation,1,research_v2\artifacts\experiment\xai_sanity_cliffs_full_v1\full\sanity_heads\models\label_permuted--mlp--CHEMBL2835_Ki--unimol--seed23.pt,021a1d82d2ebe9f4bf3dcdd7de9761b51807c6593ff45b0ca10f6332d65c007f
CHEMBL2835_Ki,unimol,mlp,42,label_permuted,16,16,-0.5972126722335815,-0.2152735888957977,0.3819390833377838,False,confirmation,0,research_v2\artifacts\experiment\xai_sanity_cliffs_full_v1\full\sanity_heads\models\label_permuted--mlp--CHEMBL2835_Ki--unimol--seed42.pt,fa48463cb8c56278cb840f14878ea4d501f51dfa49c18f761432fbf1d12aa56b
CHEMBL2835_Ki,unimol,xgboost,11,label_permuted,16,16,-1.1353235244750977,0.0441069602966308,1.1794304847717285,False,confirmation,104,research_v2\artifacts\experiment\xai_sanity_cliffs_full_v1\full\sanity_heads\models\label_permuted--xgboost--CHEMBL2835_Ki--unimol--seed11.json,fb123dcd48aa8b33f642ebb676f8ed65b840cb6baa6d7da3b40d5f36126b22d7
CHEMBL2835_Ki,unimol,xgboost,23,label_permuted,16,1,-0.3168638348579407,-0.3168638348579407,0.0,True,confirmation,0,research_v2\artifacts\experiment\xai_sanity_cliffs_full_v1\full\sanity_heads\models\label_permuted--xgboost--CHEMBL2835_Ki--unimol--seed23.json,2392a59e839eb351b240663a2b7ef608609aca91083770daa88e286f780c27e6
CHEMBL2835_Ki,unimol,xgboost,42,label_permuted,16,5,-0.4493553638458252,-0.3038389682769775,0.1455163955688477,False,confirmation,0,research_v2\artifacts\experiment\xai_sanity_cliffs_full_v1\full\sanity_heads\models\label_permuted--xgboost--CHEMBL2835_Ki--unimol--seed42.json,46ca5b2916352b9091138653be9cda599dbf50b3263382c975ecc9ab87374ecc
CHEMBL287_Ki,molformer,mlp,11,label_permuted,116,116,-1.9908618927001955,-1.076205849647522,0.9146560430526736,False,confirmation,1,research_v2\artifacts\experiment\xai_sanity_cliffs_full_v1\full\sanity_heads\models\label_permuted--mlp--CHEMBL287_Ki--molformer--seed11.pt,8bf663a7de368be59b07807fb931b33b493b7134624fce74cf38deed931705bb
CHEMBL287_Ki,molformer,mlp,23,label_permuted,116,116,-2.059598684310913,-1.1784636974334717,0.8811349868774414,False,confirmation,0,research_v2\artifacts\experiment\xai_sanity_cliffs_full_v1\full\sanity_heads\models\label_permuted--mlp--CHEMBL287_Ki--molformer--seed23.pt,aecc355fa447bb43f18218070034e851fc1db18b808459e0755c1e11753b61cd
CHEMBL287_Ki,molformer,mlp,42,label_permuted,116,116,-1.9958600997924805,-0.9709919095039368,1.0248681902885437,False,confirmation,1,research_v2\artifacts\experiment\xai_sanity_cliffs_full_v1\full\sanity_heads\models\label_permuted--mlp--CHEMBL287_Ki--molformer--seed42.pt,ec4804dca0dd9c13c0432c8f7b375f51b0137ed1dddf8c288c5df19212c2498c
CHEMBL287_Ki,molformer,xgboost,11,label_permuted,116,116,-1.8730263710021973,-1.2859742641448977,0.5870521068572996,False,confirmation,23,research_v2\artifacts\experiment\xai_sanity_cliffs_full_v1\full\sanity_heads\models\label_permuted--xgboost--CHEMBL287_Ki--molformer--seed11.json,1beaacd5c3347f911545297f834cd4d54bb72c072b10acd8e5643a98eeeea94e
CHEMBL287_Ki,molformer,xgboost,23,label_permuted,116,16,-1.6499079465866089,-1.538720965385437,0.11118698120117188,False,confirmation,0,research_v2\artifacts\experiment\xai_sanity_cliffs_full_v1\full\sanity_heads\models\label_permuted--xgboost--CHEMBL287_Ki--molformer--seed23.json,dfa63f0df6a60a966e9dbcb96f0534fab529f7a18e100babc0696d696c7af21e
CHEMBL287_Ki,molformer,xgboost,42,label_permuted,116,116,-1.9191991090774536,-1.1383631229400637,0.7808359861373899,False,confirmation,25,research_v2\artifacts\experiment\xai_sanity_cliffs_full_v1\full\sanity_heads\models\label_permuted--xgboost--CHEMBL287_Ki--molformer--seed42.json,d069b50c9b7cd5b708edebcd634cdceea6d8ea67523b0c068aecae2afbf35446
CHEMBL287_Ki,morgan,mlp,11,label_permuted,116,109,-1.9128576517105105,-1.176586627960205,0.7362710237503054,False,confirmation,0,research_v2\artifacts\experiment\xai_sanity_cliffs_full_v1\full\sanity_heads\models\label_permuted--mlp--CHEMBL287_Ki--morgan--seed11.pt,373c1335d97ea73f3cebdf14cfe929a48bc96212adaafd96380ec8ba3e91fc6a
CHEMBL287_Ki,morgan,mlp,23,label_permuted,116,109,-1.9363021850585935,-1.002582311630249,0.9337198734283445,False,confirmation,0,research_v2\artifacts\experiment\xai_sanity_cliffs_full_v1\full\sanity_heads\models\label_permuted--mlp--CHEMBL287_Ki--morgan--seed23.pt,261d084a5248a5c6c08b7971adab5cfaeee9e3658f6de97b73300a7dad99b463
CHEMBL287_Ki,morgan,mlp,42,label_permuted,116,109,-1.6715608835220337,-0.6953049302101135,0.9762559533119202,False,confirmation,0,research_v2\artifacts\experiment\xai_sanity_cliffs_full_v1\full\sanity_heads\models\label_permuted--mlp--CHEMBL287_Ki--morgan--seed42.pt,7471490066b0e19cf3dbedb0fea56259ad34cf0b5642062def6fc6a2b8fcc098
CHEMBL287_Ki,morgan,xgboost,11,label_permuted,116,8,-1.6237969398498535,-1.5341814756393433,0.08961546421051025,False,confirmation,2,research_v2\artifacts\experiment\xai_sanity_cliffs_full_v1\full\sanity_heads\models\label_permuted--xgboost--CHEMBL287_Ki--morgan--seed11.json,03c69a1049bfd07585b633c1302613964e55403e503a035d1dbf1eba4cf0ad09
CHEMBL287_Ki,morgan,xgboost,23,label_permuted,116,11,-1.826120495796204,-1.4450985193252563,0.3810219764709477,False,confirmation,8,research_v2\artifacts\experiment\xai_sanity_cliffs_full_v1\full\sanity_heads\models\label_permuted--xgboost--CHEMBL287_Ki--morgan--seed23.json,599ebdc4a5232b4975a34d407caaae0b36a54924539523b1c9ee3dd29a976377
CHEMBL287_Ki,morgan,xgboost,42,label_permuted,116,31,-1.726130723953247,-0.8084843754768372,0.9176463484764099,False,confirmation,16,research_v2\artifacts\experiment\xai_sanity_cliffs_full_v1\full\sanity_heads\models\label_permuted--xgboost--CHEMBL287_Ki--morgan--seed42.json,1be640ab278a1412cdf7fe316afef41c40fe5c3bfc09a856078e4c3e1c1400f9
CHEMBL287_Ki,unimol,mlp,11,label_permuted,116,116,-2.0526578426361084,-1.0894243717193604,0.963233470916748,False,confirmation,1,research_v2\artifacts\experiment\xai_sanity_cliffs_full_v1\full\sanity_heads\models\label_permuted--mlp--CHEMBL287_Ki--unimol--seed11.pt,f3c1ac168a7774089b83e19335d85fb6f11d024a8b6530282af7d953d1b58cc9
CHEMBL287_Ki,unimol,mlp,23,label_permuted,116,116,-2.2666969299316406,-1.0704104900360107,1.1962864398956299,False,confirmation,1,research_v2\artifacts\experiment\xai_sanity_cliffs_full_v1\full\sanity_heads\models\label_permuted--mlp--CHEMBL287_Ki--unimol--seed23.pt,9ad0e64dd9d916211e6be767a4876492e1fadab325cf367935cfff811f2a0869
CHEMBL287_Ki,unimol,mlp,42,label_permuted,116,116,-2.0816543102264404,-1.148720145225525,0.9329341650009155,False,confirmation,0,research_v2\artifacts\experiment\xai_sanity_cliffs_full_v1\full\sanity_heads\models\label_permuted--mlp--CHEMBL287_Ki--unimol--seed42.pt,0075c95475b8a10f0892d55f6bf23116245505b381f3629d399777680d912c0d
CHEMBL287_Ki,unimol,xgboost,11,label_permuted,116,13,-1.6346912384033203,-1.4986402988433838,0.13605093955993652,False,confirmation,0,research_v2\artifacts\experiment\xai_sanity_cliffs_full_v1\full\sanity_heads\models\label_permuted--xgboost--CHEMBL287_Ki--unimol--seed11.json,c4ee7d642d853df4eca6fa5f1dec971754ceda39efeb14fb64e6a946f10b06ad
CHEMBL287_Ki,unimol,xgboost,23,label_permuted,116,116,-1.7970916032791138,-1.2973768711090088,0.499714732170105,False,confirmation,6,research_v2\artifacts\experiment\xai_sanity_cliffs_full_v1\full\sanity_heads\models\label_permuted--xgboost--CHEMBL287_Ki--unimol--seed23.json,f11184d94860acc6ef20165ce452e700a78cef3b491bb05bd5f77a4ec74220d5
CHEMBL287_Ki,unimol,xgboost,42,label_permuted,116,114,-1.819819927215576,-1.260181546211243,0.559638381004333,False,confirmation,10,research_v2\artifacts\experiment\xai_sanity_cliffs_full_v1\full\sanity_heads\models\label_permuted--xgboost--CHEMBL287_Ki--unimol--seed42.json,8290a4c38f33e525b34cb06031e1d95c15f6625dd36aff0c881c82d5efa998e8
CHEMBL2971_Ki,molformer,mlp,11,label_permuted,53,53,-1.4967424869537354,-0.6747671365737915,0.8219753503799438,False,confirmation,0,research_v2\artifacts\experiment\xai_sanity_cliffs_full_v1\full\sanity_heads\models\label_permuted--mlp--CHEMBL2971_Ki--molformer--seed11.pt,d72acdd90557e7f499c924389e282cedf927d10ec654fe7a4cf0a160fb741d19
CHEMBL2971_Ki,molformer,mlp,23,label_permuted,53,53,-2.3039803504943848,0.0104787349700927,2.3144590854644775,False,confirmation,1,research_v2\artifacts\experiment\xai_sanity_cliffs_full_v1\full\sanity_heads\models\label_permuted--mlp--CHEMBL2971_Ki--molformer--seed23.pt,26faa37576371a955506b1bd19c59caf168223d8ad8d105044b2648653773560
CHEMBL2971_Ki,molformer,mlp,42,label_permuted,53,53,-2.360302686691284,-0.4923757314682007,1.8679269552230835,False,confirmation,2,research_v2\artifacts\experiment\xai_sanity_cliffs_full_v1\full\sanity_heads\models\label_permuted--mlp--CHEMBL2971_Ki--molformer--seed42.pt,157ea25d2898a8d5232b37facd0e7e8ca5dc087a0dbf193ceceafb579f89e89c
CHEMBL2971_Ki,molformer,xgboost,11,label_permuted,53,11,-1.217281699180603,-1.0939894914627075,0.12329220771789551,False,confirmation,0,research_v2\artifacts\experiment\xai_sanity_cliffs_full_v1\full\sanity_heads\models\label_permuted--xgboost--CHEMBL2971_Ki--molformer--seed11.json,fffda9d2312fb18d85cf5866276519084f8b229e6a97a96493487324c10356c6
CHEMBL2971_Ki,molformer,xgboost,23,label_permuted,53,49,-1.5685335397720337,-1.06739604473114,0.5011374950408938,False,confirmation,7,research_v2\artifacts\experiment\xai_sanity_cliffs_full_v1\full\sanity_heads\models\label_permuted--xgboost--CHEMBL2971_Ki--molformer--seed23.json,36d0dfabeac391e0b61e0c94284b71aedc5184eded261f82c74177210767242a
CHEMBL2971_Ki,molformer,xgboost,42,label_permuted,53,53,-2.262021064758301,-0.6691927909851074,1.5928282737731934,False,confirmation,68,research_v2\artifacts\experiment\xai_sanity_cliffs_full_v1\full\sanity_heads\models\label_permuted--xgboost--CHEMBL2971_Ki--molformer--seed42.json,b61ac0c9a2f72edbed880783d20b24043246d0f475fed99f18943786f803c976
CHEMBL2971_Ki,morgan,mlp,11,label_permuted,53,53,-1.497924566268921,-0.737804651260376,0.7601199150085449,False,confirmation,0,research_v2\artifacts\experiment\xai_sanity_cliffs_full_v1\full\sanity_heads\models\label_permuted--mlp--CHEMBL2971_Ki--morgan--seed11.pt,e8d707104f8016485434834102b4a8fccc0ad32e535025269c181bce6f2e3e3a
CHEMBL2971_Ki,morgan,mlp,23,label_permuted,53,53,-1.4530704021453855,-0.6453157663345337,0.8077546358108518,False,confirmation,0,research_v2\artifacts\experiment\xai_sanity_cliffs_full_v1\full\sanity_heads\models\label_permuted--mlp--CHEMBL2971_Ki--morgan--seed23.pt,b169945f469d2b945605bf983c4d480a3981a7bc9ac7c60c4244298d00216463
CHEMBL2971_Ki,morgan,mlp,42,label_permuted,53,53,-2.2787070274353027,-0.6065800189971924,1.6721270084381104,False,confirmation,1,research_v2\artifacts\experiment\xai_sanity_cliffs_full_v1\full\sanity_heads\models\label_permuted--mlp--CHEMBL2971_Ki--morgan--seed42.pt,44896111e9571198262cd3c84fe6d4c2e52947825c4e0322db23c1c2f076ddcf
CHEMBL2971_Ki,morgan,xgboost,11,label_permuted,53,3,-1.223882079124451,-1.1129419803619385,0.11094009876251243,False,confirmation,0,research_v2\artifacts\experiment\xai_sanity_cliffs_full_v1\full\sanity_heads\models\label_permuted--xgboost--CHEMBL2971_Ki--morgan--seed11.json,b0165ca6a6e22d26cf993aa11977042c8e6b751c16e18242b9c52ddcc746b4af
CHEMBL2971_Ki,morgan,xgboost,23,label_permuted,53,21,-1.999265432357788,-0.9655961394309998,1.0336692929267883,False,confirmation,24,research_v2\artifacts\experiment\xai_sanity_cliffs_full_v1\full\sanity_heads\models\label_permuted--xgboost--CHEMBL2971_Ki--morgan--seed23.json,285b81bf7955bfa3fa474c4f056297438e4db9d5f3853c0d5ea63e749601b429
CHEMBL2971_Ki,morgan,xgboost,42,label_permuted,53,44,-1.8579734563827517,-0.2108930349349975,1.6470804214477541,False,confirmation,77,research_v2\artifacts\experiment\xai_sanity_cliffs_full_v1\full\sanity_heads\models\label_permuted--xgboost--CHEMBL2971_Ki--morgan--seed42.json,b6c977ba57b2af19fcb1fedd969e9228c8d56824ee614628425ff6950c48676e
CHEMBL2971_Ki,unimol,mlp,11,label_permuted,53,53,-1.5699591636657717,-0.5444233417510986,1.025535821914673,False,confirmation,0,research_v2\artifacts\experiment\xai_sanity_cliffs_full_v1\full\sanity_heads\models\label_permuted--mlp--CHEMBL2971_Ki--unimol--seed11.pt,ad18508a0bffec1c8ebf7ba4377b25b795ea8b9637b513175e5c1f9820238c99
CHEMBL2971_Ki,unimol,mlp,23,label_permuted,53,53,-1.814758539199829,-0.5061355829238892,1.30862295627594,False,confirmation,2,research_v2\artifacts\experiment\xai_sanity_cliffs_full_v1\full\sanity_heads\models\label_permuted--mlp--CHEMBL2971_Ki--unimol--seed23.pt,32ec0a3a7b9ee3e7d8d191515b4b1c6faa5f0ee2caaada7e19e7ac947b3127b5
CHEMBL2971_Ki,unimol,mlp,42,label_permuted,53,53,-1.6149829626083374,-0.6279988288879395,0.986984133720398,False,confirmation,0,research_v2\artifacts\experiment\xai_sanity_cliffs_full_v1\full\sanity_heads\models\label_permuted--mlp--CHEMBL2971_Ki--unimol--seed42.pt,7d0c2b2bd02f63333b177afbd0463b271f71723b922a4a56e3d4f77b6621ee70
CHEMBL2971_Ki,unimol,xgboost,11,label_permuted,53,17,-1.2495086193084717,-1.0818654298782349,0.16764318943023682,False,confirmation,0,research_v2\artifacts\experiment\xai_sanity_cliffs_full_v1\full\sanity_heads\models\label_permuted--xgboost--CHEMBL2971_Ki--unimol--seed11.json,13d266a86d94bff06d542878cf07e67b5146af1b09c9c1178341c27b22e7ab8b
CHEMBL2971_Ki,unimol,xgboost,23,label_permuted,53,52,-1.656482458114624,-0.8795944452285767,0.7768880128860474,False,confirmation,8,research_v2\artifacts\experiment\xai_sanity_cliffs_full_v1\full\sanity_heads\models\label_permuted--xgboost--CHEMBL2971_Ki--unimol--seed23.json,e4b1819b477944969705d96fac4833607ff521f9fbd4475e5da76149adb69dca
CHEMBL2971_Ki,unimol,xgboost,42,label_permuted,53,8,-1.260948657989502,-1.09271240234375,0.16823625564575195,False,confirmation,0,research_v2\artifacts\experiment\xai_sanity_cliffs_full_v1\full\sanity_heads\models\label_permuted--xgboost--CHEMBL2971_Ki--unimol--seed42.json,8cdba107c10514767deafd736fb93e97307c8ac230948fc45d79286b688d8c38
CHEMBL3979_EC50,molformer,mlp,11,label_permuted,67,67,-2.691350221633911,-1.9978973865509035,0.6934528350830076,False,confirmation,0,research_v2\artifacts\experiment\xai_sanity_cliffs_full_v1\full\sanity_heads\models\label_permuted--mlp--CHEMBL3979_EC50--molformer--seed11.pt,08de7f07fe6939fb5f3b96257b9fbe50859e98bb0c4b08d935d54be38c0546c1
CHEMBL3979_EC50,molformer,mlp,23,label_permuted,67,67,-2.7849063873291016,-1.9091850519180296,0.875721335411072,False,confirmation,0,research_v2\artifacts\experiment\xai_sanity_cliffs_full_v1\full\sanity_heads\models\label_permuted--mlp--CHEMBL3979_EC50--molformer--seed23.pt,2f7d55b9cb42f39d0c2415ceed25f034bb7cc8a6ef93a1e14e9c011d4dda194d
CHEMBL3979_EC50,molformer,mlp,42,label_permuted,67,67,-2.659384727478028,-1.7146750688552856,0.9447096586227421,False,confirmation,0,research_v2\artifacts\experiment\xai_sanity_cliffs_full_v1\full\sanity_heads\models\label_permuted--mlp--CHEMBL3979_EC50--molformer--seed42.pt,fb64e9569c4c076f86b7b263e85ee0fdb7dc935745670b2eb7a21036836f475c
CHEMBL3979_EC50,molformer,xgboost,11,label_permuted,67,40,-2.361776113510132,-2.17229962348938,0.18947649002075195,False,confirmation,1,research_v2\artifacts\experiment\xai_sanity_cliffs_full_v1\full\sanity_heads\models\label_permuted--xgboost--CHEMBL3979_EC50--molformer--seed11.json,501b8fe867c53a34a34ce35803547315ae1cc368374fb69a92ac9042ae99d3d6
CHEMBL3979_EC50,molformer,xgboost,23,label_permuted,67,33,-2.418764114379883,-2.1571292877197266,0.26163482666015625,False,confirmation,1,research_v2\artifacts\experiment\xai_sanity_cliffs_full_v1\full\sanity_heads\models\label_permuted--xgboost--CHEMBL3979_EC50--molformer--seed23.json,874f839f26f821f163b962516edcf5ded43cad265d7a65948ccc8bb50a1f1613
CHEMBL3979_EC50,molformer,xgboost,42,label_permuted,67,50,-2.3853418827056885,-2.14259934425354,0.24274253845214844,False,confirmation,2,research_v2\artifacts\experiment\xai_sanity_cliffs_full_v1\full\sanity_heads\models\label_permuted--xgboost--CHEMBL3979_EC50--molformer--seed42.json,54766d36eb8f454e4ee1fefd383014a1c670d82d063f9561accd14425309e40f
CHEMBL3979_EC50,morgan,mlp,11,label_permuted,67,67,-2.5908215045928955,-2.060729742050171,0.5300917625427246,False,confirmation,0,research_v2\artifacts\experiment\xai_sanity_cliffs_full_v1\full\sanity_heads\models\label_permuted--mlp--CHEMBL3979_EC50--morgan--seed11.pt,f070427894810f01229098947d9873b40087f51ddbc5de6a5f7237035a4b6f06
CHEMBL3979_EC50,morgan,mlp,23,label_permuted,67,67,-2.6498923301696777,-1.8809630870819087,0.768929243087769,False,confirmation,0,research_v2\artifacts\experiment\xai_sanity_cliffs_full_v1\full\sanity_heads\models\label_permuted--mlp--CHEMBL3979_EC50--morgan--seed23.pt,d7de73f14d391a972af71bcdcc7145251987b1f71c2ee16ef696fa2b384baa5e
CHEMBL3979_EC50,morgan,mlp,42,label_permuted,67,67,-2.8471169471740723,-1.706756830215454,1.1403601169586182,False,confirmation,0,research_v2\artifacts\experiment\xai_sanity_cliffs_full_v1\full\sanity_heads\models\label_permuted--mlp--CHEMBL3979_EC50--morgan--seed42.pt,54788318682f1d0415c016d96f40df740249c531f4fe13ccf3e7f7da6af8cdd3
CHEMBL3979_EC50,morgan,xgboost,11,label_permuted,67,22,-2.520765781402588,-2.2227938175201416,0.2979719638824463,False,confirmation,9,research_v2\artifacts\experiment\xai_sanity_cliffs_full_v1\full\sanity_heads\models\label_permuted--xgboost--CHEMBL3979_EC50--morgan--seed11.json,cd6845e4932030ee736be5f87988535b44279761db6f52ba3ad1dfce5430b930
CHEMBL3979_EC50,morgan,xgboost,23,label_permuted,67,44,-2.610451459884644,-2.046103239059448,0.5643482208251962,False,confirmation,30,research_v2\artifacts\experiment\xai_sanity_cliffs_full_v1\full\sanity_heads\models\label_permuted--xgboost--CHEMBL3979_EC50--morgan--seed23.json,e395ecdb20dc76b061715945ffee9e725f5d5889e882e8852e48237dd553660f
CHEMBL3979_EC50,morgan,xgboost,42,label_permuted,67,6,-2.327904224395752,-2.128348588943481,0.19955563545227095,False,confirmation,2,research_v2\artifacts\experiment\xai_sanity_cliffs_full_v1\full\sanity_heads\models\label_permuted--xgboost--CHEMBL3979_EC50--morgan--seed42.json,c52fb380bd89225a52b9750972fa8ad83a48988b71e15b6366c8ee8284ad3f36
CHEMBL3979_EC50,unimol,mlp,11,label_permuted,67,67,-2.6571977138519287,-1.8031314611434937,0.8540662527084351,False,confirmation,1,research_v2\artifacts\experiment\xai_sanity_cliffs_full_v1\full\sanity_heads\models\label_permuted--mlp--CHEMBL3979_EC50--unimol--seed11.pt,31c51709319dd1ae9f44831255af10d2e776a264c88f1ed1e6be98953f3c7f9e
CHEMBL3979_EC50,unimol,mlp,23,label_permuted,67,67,-2.6652002334594727,-2.0835037231445312,0.5816965103149414,False,confirmation,0,research_v2\artifacts\experiment\xai_sanity_cliffs_full_v1\full\sanity_heads\models\label_permuted--mlp--CHEMBL3979_EC50--unimol--seed23.pt,f3ba0a0d287751247b5670ab9d5a03e6801ed41d77d97f679cb091857d1b4d17
CHEMBL3979_EC50,unimol,mlp,42,label_permuted,67,67,-2.7333405017852783,-2.043543100357056,0.6897974014282222,False,confirmation,0,research_v2\artifacts\experiment\xai_sanity_cliffs_full_v1\full\sanity_heads\models\label_permuted--mlp--CHEMBL3979_EC50--unimol--seed42.pt,e207ce7b524aab809b32c3ad3832dbe47c0ee4bf576fb60f58f2e141ead71e4d
CHEMBL3979_EC50,unimol,xgboost,11,label_permuted,67,47,-2.4197232723236084,-2.2013509273529053,0.21837234497070312,False,confirmation,1,research_v2\artifacts\experiment\xai_sanity_cliffs_full_v1\full\sanity_heads\models\label_permuted--xgboost--CHEMBL3979_EC50--unimol--seed11.json,4c155fdd8ab648567cc380e8a3f20f0c374df6688806bc1eb708ccdc7d379b3a
CHEMBL3979_EC50,unimol,xgboost,23,label_permuted,67,43,-2.420046091079712,-2.2003214359283447,0.2197246551513672,False,confirmation,1,research_v2\artifacts\experiment\xai_sanity_cliffs_full_v1\full\sanity_heads\models\label_permuted--xgboost--CHEMBL3979_EC50--unimol--seed23.json,8f56e7c49069dccdd34b6eb8e6f8136c23b16925ad5f576d9efee88cb3c10f36
CHEMBL3979_EC50,unimol,xgboost,42,label_permuted,67,17,-2.357362747192383,-2.220844030380249,0.1365187168121338,False,confirmation,0,research_v2\artifacts\experiment\xai_sanity_cliffs_full_v1\full\sanity_heads\models\label_permuted--xgboost--CHEMBL3979_EC50--unimol--seed42.json,1c1b40db4735420147ec350ad4e727b1f0751ca4ecd94caa3ef817af6e270fdc
CHEMBL4005_Ki,molformer,mlp,11,label_permuted,116,116,-3.0791215896606445,-0.5739797949790955,2.505141794681549,False,confirmation,13,research_v2\artifacts\experiment\xai_sanity_cliffs_full_v1\full\sanity_heads\models\label_permuted--mlp--CHEMBL4005_Ki--molformer--seed11.pt,ed6461f0997ee4e0e509c0a1df502fe8d06fcabf48b5ca8953d3314e872655ac
CHEMBL4005_Ki,molformer,mlp,23,label_permuted,116,116,-2.1838126182556152,-0.5880526900291443,1.595759928226471,False,confirmation,10,research_v2\artifacts\experiment\xai_sanity_cliffs_full_v1\full\sanity_heads\models\label_permuted--mlp--CHEMBL4005_Ki--molformer--seed23.pt,614f122d35449a48fc9b3ca6c227602e53b52b774910c3b60a597e2b00fc4b06
CHEMBL4005_Ki,molformer,mlp,42,label_permuted,116,116,-2.2045161724090576,-0.676794707775116,1.5277214646339417,False,confirmation,9,research_v2\artifacts\experiment\xai_sanity_cliffs_full_v1\full\sanity_heads\models\label_permuted--mlp--CHEMBL4005_Ki--molformer--seed42.pt,a35383c124f283ec1a71122fa94061a31a838d169af70b47acfcd826a28c9d4e
CHEMBL4005_Ki,molformer,xgboost,11,label_permuted,116,114,-1.68238365650177,-1.0683459043502808,0.6140377521514893,False,confirmation,13,research_v2\artifacts\experiment\xai_sanity_cliffs_full_v1\full\sanity_heads\models\label_permuted--xgboost--CHEMBL4005_Ki--molformer--seed11.json,4dd285c564b4cb7569bc484b377b877be3baa8e41dfd2dacd31e6d5ab24194c4
CHEMBL4005_Ki,molformer,xgboost,23,label_permuted,116,76,-1.5001846551895142,-1.269845485687256,0.23033916950225808,False,confirmation,3,research_v2\artifacts\experiment\xai_sanity_cliffs_full_v1\full\sanity_heads\models\label_permuted--xgboost--CHEMBL4005_Ki--molformer--seed23.json,10953f107a43c572b2b6f6db5c326bad10e6b415c344d41451d732789b6a79a9
CHEMBL4005_Ki,molformer,xgboost,42,label_permuted,116,27,-1.4105221033096311,-1.238678216934204,0.17184388637542702,False,confirmation,1,research_v2\artifacts\experiment\xai_sanity_cliffs_full_v1\full\sanity_heads\models\label_permuted--xgboost--CHEMBL4005_Ki--molformer--seed42.json,b4252887f38454e8b78222c0201f35edf56443e79456833ce34e0ebef4d59328
CHEMBL4005_Ki,morgan,mlp,11,label_permuted,116,116,-2.602547168731689,0.2519183158874511,2.85446548461914,False,confirmation,3,research_v2\artifacts\experiment\xai_sanity_cliffs_full_v1\full\sanity_heads\models\label_permuted--mlp--CHEMBL4005_Ki--morgan--seed11.pt,323f44fc4ea195b317b5515d508dba8a8c86dff5cbabc5e396402e864fc8ffc8
CHEMBL4005_Ki,morgan,mlp,23,label_permuted,116,116,-3.3459038734436035,0.1794443130493164,3.52534818649292,False,confirmation,23,research_v2\artifacts\experiment\xai_sanity_cliffs_full_v1\full\sanity_heads\models\label_permuted--mlp--CHEMBL4005_Ki--morgan--seed23.pt,78106b5c22d89837dd1e1202c50efd707a54be1d08662f73c1ab5d071c636a05
CHEMBL4005_Ki,morgan,mlp,42,label_permuted,116,116,-1.6668155193328855,-0.9127331972122192,0.7540823221206663,False,confirmation,0,research_v2\artifacts\experiment\xai_sanity_cliffs_full_v1\full\sanity_heads\models\label_permuted--mlp--CHEMBL4005_Ki--morgan--seed42.pt,4f9bfeef484d56cb9a8aa4c8acc1bc0fdc9eab3d6553ccb8d75162236579ff62
CHEMBL4005_Ki,morgan,xgboost,11,label_permuted,116,116,-2.8941941261291504,-0.0563210248947143,2.837873101234436,False,confirmation,221,research_v2\artifacts\experiment\xai_sanity_cliffs_full_v1\full\sanity_heads\models\label_permuted--xgboost--CHEMBL4005_Ki--morgan--seed11.json,9c05b888482b918e92684361b294eda4aacafbcf21ac2c5e7a761a68ce5100ee
CHEMBL4005_Ki,morgan,xgboost,23,label_permuted,116,107,-1.9667515754699707,-0.4975574016571045,1.4691941738128662,False,confirmation,130,research_v2\artifacts\experiment\xai_sanity_cliffs_full_v1\full\sanity_heads\models\label_permuted--xgboost--CHEMBL4005_Ki--morgan--seed23.json,3ce1f4df05c6a370e1604a3351fa691289c819876af6b58a1a26c78eccb7a710
CHEMBL4005_Ki,morgan,xgboost,42,label_permuted,116,22,-1.6456798315048218,-0.872719943523407,0.7729598879814148,False,confirmation,17,research_v2\artifacts\experiment\xai_sanity_cliffs_full_v1\full\sanity_heads\models\label_permuted--xgboost--CHEMBL4005_Ki--morgan--seed42.json,0eae104bde497e036e5df2efc2a92861e79908814e4b773f01237534c4d9c43f
CHEMBL4005_Ki,unimol,mlp,11,label_permuted,116,116,-1.4790699481964111,-0.9240856170654296,0.5549843311309816,False,confirmation,0,research_v2\artifacts\experiment\xai_sanity_cliffs_full_v1\full\sanity_heads\models\label_permuted--mlp--CHEMBL4005_Ki--unimol--seed11.pt,29051ae263a53788d15a917869148f41039629b5caeeef91c19b7a519ff935ad
CHEMBL4005_Ki,unimol,mlp,23,label_permuted,116,116,-1.994746208190918,-0.6465599536895752,1.3481862545013428,False,confirmation,3,research_v2\artifacts\experiment\xai_sanity_cliffs_full_v1\full\sanity_heads\models\label_permuted--mlp--CHEMBL4005_Ki--unimol--seed23.pt,d62ff6b68d826e0b11ddc6ac599e47f923ab8210ad67d826c46bbc29a3f65efe
CHEMBL4005_Ki,unimol,mlp,42,label_permuted,116,116,-1.810454607009888,-1.1727813482284546,0.6376732587814333,False,confirmation,0,research_v2\artifacts\experiment\xai_sanity_cliffs_full_v1\full\sanity_heads\models\label_permuted--mlp--CHEMBL4005_Ki--unimol--seed42.pt,b59489cfe065b3d5f9fae1b5faa234fa094e7c745aef084cfcfa6cdc9039ca5a
CHEMBL4005_Ki,unimol,xgboost,11,label_permuted,116,116,-1.6285613775253296,-1.0429744720458984,0.5855869054794312,False,confirmation,18,research_v2\artifacts\experiment\xai_sanity_cliffs_full_v1\full\sanity_heads\models\label_permuted--xgboost--CHEMBL4005_Ki--unimol--seed11.json,b09210345953e1abac4f8bf3554230ee23df5c8662ad0370a0294049fe8b80f9
CHEMBL4005_Ki,unimol,xgboost,23,label_permuted,116,116,-1.6890140771865845,-0.88194739818573,0.8070666790008545,False,confirmation,27,research_v2\artifacts\experiment\xai_sanity_cliffs_full_v1\full\sanity_heads\models\label_permuted--xgboost--CHEMBL4005_Ki--unimol--seed23.json,fea5e87f49c990eb5e3e82ad8fdf8df16861ca2a6f3d0d12696fcaea0ae648aa
CHEMBL4005_Ki,unimol,xgboost,42,label_permuted,116,116,-1.6846034526824951,-0.9808955192565918,0.7037079334259033,False,confirmation,18,research_v2\artifacts\experiment\xai_sanity_cliffs_full_v1\full\sanity_heads\models\label_permuted--xgboost--CHEMBL4005_Ki--unimol--seed42.json,d968bb5603896c5839458bf7e8ab222d5f3d88885cde97129872e9b3e7127232
CHEMBL4203_Ki,molformer,mlp,11,label_permuted,18,18,-3.10634708404541,-1.6841524839401243,1.4221946001052859,False,confirmation,4,research_v2\artifacts\experiment\xai_sanity_cliffs_full_v1\full\sanity_heads\models\label_permuted--mlp--CHEMBL4203_Ki--molformer--seed11.pt,0b82b6fa785e6498630dd550ad0a305e137759d888a5dbd84aff120302923987
CHEMBL4203_Ki,molformer,mlp,23,label_permuted,18,18,-2.6222167015075684,-2.3211257457733154,0.30109095573425293,False,confirmation,0,research_v2\artifacts\experiment\xai_sanity_cliffs_full_v1\full\sanity_heads\models\label_permuted--mlp--CHEMBL4203_Ki--molformer--seed23.pt,ca0759b5d1baf73ff85bf0ef87063afd100566f1e25fc5d210b803170d30f766
CHEMBL4203_Ki,molformer,mlp,42,label_permuted,18,18,-4.31443977355957,-0.9242599010467528,3.3901798725128174,False,confirmation,30,research_v2\artifacts\experiment\xai_sanity_cliffs_full_v1\full\sanity_heads\models\label_permuted--mlp--CHEMBL4203_Ki--molformer--seed42.pt,20afd05edf7c214c4f6370ca81c54d9c6834a1b9fefd05ed7f68ec97df355a53
CHEMBL4203_Ki,molformer,xgboost,11,label_permuted,18,18,-2.837077140808105,-1.7929974794387815,1.0440796613693235,False,confirmation,371,research_v2\artifacts\experiment\xai_sanity_cliffs_full_v1\full\sanity_heads\models\label_permuted--xgboost--CHEMBL4203_Ki--molformer--seed11.json,6caecb9ec5ae47b18e7cee97fb6658c625d66b4b035552a4db14d93d64f5a010
CHEMBL4203_Ki,molformer,xgboost,23,label_permuted,18,18,-2.607050657272339,-2.35440444946289,0.2526462078094487,False,confirmation,12,research_v2\artifacts\experiment\xai_sanity_cliffs_full_v1\full\sanity_heads\models\label_permuted--xgboost--CHEMBL4203_Ki--molformer--seed23.json,b299d5d5874a272966ee6f839aa343b82eae89f0b4766db28b9c239f08e43f68
CHEMBL4203_Ki,molformer,xgboost,42,label_permuted,18,18,-2.8125128746032715,-2.250847339630127,0.5616655349731445,False,confirmation,27,research_v2\artifacts\experiment\xai_sanity_cliffs_full_v1\full\sanity_heads\models\label_permuted--xgboost--CHEMBL4203_Ki--molformer--seed42.json,2cb2d73470ff405a7325a8f46db6eed516147d610b30753e43e9c731551cc9c9
CHEMBL4203_Ki,morgan,mlp,11,label_permuted,18,18,-3.78774356842041,-1.1503288745880127,2.6374146938323975,False,confirmation,8,research_v2\artifacts\experiment\xai_sanity_cliffs_full_v1\full\sanity_heads\models\label_permuted--mlp--CHEMBL4203_Ki--morgan--seed11.pt,30eb987c00e43e9e165ac7d1b69c1a3b1a9d9aeae9daf4aadef405a49191982b
CHEMBL4203_Ki,morgan,mlp,23,label_permuted,18,18,-3.0154287815093994,-2.01742959022522,0.9979991912841792,False,confirmation,2,research_v2\artifacts\experiment\xai_sanity_cliffs_full_v1\full\sanity_heads\models\label_permuted--mlp--CHEMBL4203_Ki--morgan--seed23.pt,755742e3e03e2dda5efb0db3fcacd5eae56faa7fc12febbba1612a69b5417059
CHEMBL4203_Ki,morgan,mlp,42,label_permuted,18,18,-4.042809963226318,-1.414991021156311,2.6278189420700073,False,confirmation,4,research_v2\artifacts\experiment\xai_sanity_cliffs_full_v1\full\sanity_heads\models\label_permuted--mlp--CHEMBL4203_Ki--morgan--seed42.pt,8ade3df69447eaf9fec50c97e9221989cb37f83e5c09c19b1a8f27144d567db9
CHEMBL4203_Ki,morgan,xgboost,11,label_permuted,18,18,-3.2986419200897217,-1.392953872680664,1.9056880474090576,False,confirmation,459,research_v2\artifacts\experiment\xai_sanity_cliffs_full_v1\full\sanity_heads\models\label_permuted--xgboost--CHEMBL4203_Ki--morgan--seed11.json,bf03333689269ab39c915a4e9c993ab55c6d3d44b9d48251668b0b7c1b6e02ad
CHEMBL4203_Ki,morgan,xgboost,23,label_permuted,18,16,-2.908308982849121,-2.1758952140808105,0.7324137687683105,False,confirmation,38,research_v2\artifacts\experiment\xai_sanity_cliffs_full_v1\full\sanity_heads\models\label_permuted--xgboost--CHEMBL4203_Ki--morgan--seed23.json,48dbaffa0447f64f8a1cc8995fcfd208486cf0056639f04ce99b1dfdd832aa2f
CHEMBL4203_Ki,morgan,xgboost,42,label_permuted,18,18,-2.858131170272827,-2.28745436668396,0.5706768035888672,False,confirmation,62,research_v2\artifacts\experiment\xai_sanity_cliffs_full_v1\full\sanity_heads\models\label_permuted--xgboost--CHEMBL4203_Ki--morgan--seed42.json,88ecdee5e0868f5c01e4a17cf80bab2d4a5cfb97dcfd1ce197fd56315ef9e293
CHEMBL4203_Ki,unimol,mlp,11,label_permuted,18,18,-4.294804096221924,-0.5590792894363403,3.7357248067855835,False,confirmation,38,research_v2\artifacts\experiment\xai_sanity_cliffs_full_v1\full\sanity_heads\models\label_permuted--mlp--CHEMBL4203_Ki--unimol--seed11.pt,51b249b9eb090c40bea99affa4693b29a1901f6b3ca28a94298343683c7b5e36
CHEMBL4203_Ki,unimol,mlp,23,label_permuted,18,18,-2.878588914871216,-2.4500415325164795,0.42854738235473633,False,confirmation,0,research_v2\artifacts\experiment\xai_sanity_cliffs_full_v1\full\sanity_heads\models\label_permuted--mlp--CHEMBL4203_Ki--unimol--seed23.pt,6f00e4ea54e1c1def6f6322723680eb98674710526da929ac0b95985a88259f9
CHEMBL4203_Ki,unimol,mlp,42,label_permuted,18,18,-2.8685333728790283,-1.158097743988037,1.7104356288909912,False,confirmation,8,research_v2\artifacts\experiment\xai_sanity_cliffs_full_v1\full\sanity_heads\models\label_permuted--mlp--CHEMBL4203_Ki--unimol--seed42.pt,2943db4885624903e291f6c2992f414daa8fdb9291b862b7034be3c278c644cb
CHEMBL4203_Ki,unimol,xgboost,11,label_permuted,18,9,-2.5470757484436035,-2.4339046478271484,0.11317110061645508,False,confirmation,0,research_v2\artifacts\experiment\xai_sanity_cliffs_full_v1\full\sanity_heads\models\label_permuted--xgboost--CHEMBL4203_Ki--unimol--seed11.json,15851c9c1bbacfbbe5b7169fc973eae0a24041b5b3d9df9750d6190bd29dc5df
CHEMBL4203_Ki,unimol,xgboost,23,label_permuted,18,3,-2.516941547393799,-2.4831697940826416,0.03377175331115723,False,confirmation,0,research_v2\artifacts\experiment\xai_sanity_cliffs_full_v1\full\sanity_heads\models\label_permuted--xgboost--CHEMBL4203_Ki--unimol--seed23.json,e7a6ae8d8215a705a18cf23fb1343fa38920cb0a995788ab38beec01f1565e5a
CHEMBL4203_Ki,unimol,xgboost,42,label_permuted,18,18,-2.7254645824432373,-2.0683555603027344,0.6571090221405029,False,confirmation,19,research_v2\artifacts\experiment\xai_sanity_cliffs_full_v1\full\sanity_heads\models\label_permuted--xgboost--CHEMBL4203_Ki--unimol--seed42.json,4ab939410d9ddf7f2fa1db4a0627dc9f29dda26e6464b10009f2486dcea522dc
CHEMBL4616_EC50,molformer,mlp,11,label_permuted,68,68,-1.8877466917037964,-1.0236150026321411,0.8641316890716553,False,confirmation,2,research_v2\artifacts\experiment\xai_sanity_cliffs_full_v1\full\sanity_heads\models\label_permuted--mlp--CHEMBL4616_EC50--molformer--seed11.pt,aef7673c13a5f12ab58e594c8a1ab691fcdd52ab4834e105c2a698dba0767472
CHEMBL4616_EC50,molformer,mlp,23,label_permuted,68,68,-1.4324249029159546,-0.9732456803321838,0.45917922258377075,False,confirmation,0,research_v2\artifacts\experiment\xai_sanity_cliffs_full_v1\full\sanity_heads\models\label_permuted--mlp--CHEMBL4616_EC50--molformer--seed23.pt,11feec8b47023659bc03005ecaa61cbfc6cc1d09ffcbd929273c77edcc83f95f
CHEMBL4616_EC50,molformer,mlp,42,label_permuted,68,68,-1.5309741497039795,-1.055419921875,0.4755542278289795,False,confirmation,0,research_v2\artifacts\experiment\xai_sanity_cliffs_full_v1\full\sanity_heads\models\label_permuted--mlp--CHEMBL4616_EC50--molformer--seed42.pt,b1e81b54747cff5cf83ff829031846c315b03987b804481ad60efb92c54f61d1
CHEMBL4616_EC50,molformer,xgboost,11,label_permuted,68,15,-1.27877676486969,-1.1365718841552734,0.1422048807144165,False,confirmation,0,research_v2\artifacts\experiment\xai_sanity_cliffs_full_v1\full\sanity_heads\models\label_permuted--xgboost--CHEMBL4616_EC50--molformer--seed11.json,2bc9f99e818e86adf75e4f1853aea935a6b81c6f4132705e2e76bdb43e1fa6e9
CHEMBL4616_EC50,molformer,xgboost,23,label_permuted,68,31,-1.3240344524383545,-1.0875874757766724,0.23644697666168213,False,confirmation,1,research_v2\artifacts\experiment\xai_sanity_cliffs_full_v1\full\sanity_heads\models\label_permuted--xgboost--CHEMBL4616_EC50--molformer--seed23.json,4796254cc4a0fa46e58bbc53f76dd39752d966774a9233ccb25fd5ca426f7ef8
CHEMBL4616_EC50,molformer,xgboost,42,label_permuted,68,66,-1.5144357681274414,-1.0173258781433103,0.4971098899841311,False,confirmation,9,research_v2\artifacts\experiment\xai_sanity_cliffs_full_v1\full\sanity_heads\models\label_permuted--xgboost--CHEMBL4616_EC50--molformer--seed42.json,4bdcc2eb89aab63550c293b99ce1327c95cd0e22433e7239b0726835b1b7af21
CHEMBL4616_EC50,morgan,mlp,11,label_permuted,68,67,-1.54448401927948,-1.0440330505371094,0.5004509687423706,False,confirmation,0,research_v2\artifacts\experiment\xai_sanity_cliffs_full_v1\full\sanity_heads\models\label_permuted--mlp--CHEMBL4616_EC50--morgan--seed11.pt,23584c105af0daf9375c67dc12fa8c20c09a7f4663fd5f15d5b219e6b742d6f2
CHEMBL4616_EC50,morgan,mlp,23,label_permuted,68,67,-1.444377303123474,-0.8768908977508545,0.5674864053726194,False,confirmation,0,research_v2\artifacts\experiment\xai_sanity_cliffs_full_v1\full\sanity_heads\models\label_permuted--mlp--CHEMBL4616_EC50--morgan--seed23.pt,775884ee1082bdf92f6dd00a3ca07179f284bcc6bad481d9587d251f9f2dba02
CHEMBL4616_EC50,morgan,mlp,42,label_permuted,68,67,-1.826480269432068,-0.6354798674583435,1.1910004019737246,False,confirmation,1,research_v2\artifacts\experiment\xai_sanity_cliffs_full_v1\full\sanity_heads\models\label_permuted--mlp--CHEMBL4616_EC50--morgan--seed42.pt,d704d2060ed287be6bac6c196c396288f457f8f9761d21a582c48dd80b5d9cca
CHEMBL4616_EC50,morgan,xgboost,11,label_permuted,68,42,-1.3889479637145996,-1.0598971843719482,0.32905077934265137,False,confirmation,10,research_v2\artifacts\experiment\xai_sanity_cliffs_full_v1\full\sanity_heads\models\label_permuted--xgboost--CHEMBL4616_EC50--morgan--seed11.json,ab9e8f3d2d12f437c2dc484b0944703411921fe060d59dd0cf92d26ed9f3f247
CHEMBL4616_EC50,morgan,xgboost,23,label_permuted,68,35,-1.355309009552002,-1.0729182958602903,0.28239071369171165,False,confirmation,10,research_v2\artifacts\experiment\xai_sanity_cliffs_full_v1\full\sanity_heads\models\label_permuted--xgboost--CHEMBL4616_EC50--morgan--seed23.json,7fc86e0c274e6264c3347b8efe0e2252e57e21ea77d5284195d9fdbd6a470c87
CHEMBL4616_EC50,morgan,xgboost,42,label_permuted,68,44,-1.72068452835083,-0.8480263948440552,0.8726581335067749,False,confirmation,39,research_v2\artifacts\experiment\xai_sanity_cliffs_full_v1\full\sanity_heads\models\label_permuted--xgboost--CHEMBL4616_EC50--morgan--seed42.json,012cfb5feaf1322ea0210f610c65abbe1e930e04c62d50b0537c542ea898cea2
CHEMBL4616_EC50,unimol,mlp,11,label_permuted,68,68,-1.370408535003662,-0.7830610871315002,0.5873474478721619,False,confirmation,0,research_v2\artifacts\experiment\xai_sanity_cliffs_full_v1\full\sanity_heads\models\label_permuted--mlp--CHEMBL4616_EC50--unimol--seed11.pt,eb6d8593c3d9f81f18b8fa691ad66f03a21a8cce7ae98e85fa203374ee42ad2e
CHEMBL4616_EC50,unimol,mlp,23,label_permuted,68,68,-1.4806041717529297,-1.1011528968811035,0.37945127487182617,False,confirmation,0,research_v2\artifacts\experiment\xai_sanity_cliffs_full_v1\full\sanity_heads\models\label_permuted--mlp--CHEMBL4616_EC50--unimol--seed23.pt,a3603a27879e2658ee2d9fffaf8879ed543634b6dc593a0733f4185e945e1ee4
CHEMBL4616_EC50,unimol,mlp,42,label_permuted,68,68,-1.647085666656494,-0.8492575883865356,0.7978280782699583,False,confirmation,2,research_v2\artifacts\experiment\xai_sanity_cliffs_full_v1\full\sanity_heads\models\label_permuted--mlp--CHEMBL4616_EC50--unimol--seed42.pt,4312f716c2695eb9867c7db27a14e8dc0b4f326173e30fc16d525c3d736f9197
CHEMBL4616_EC50,unimol,xgboost,11,label_permuted,68,9,-1.214653491973877,-1.1270101070404053,0.08764338493347168,False,confirmation,0,research_v2\artifacts\experiment\xai_sanity_cliffs_full_v1\full\sanity_heads\models\label_permuted--xgboost--CHEMBL4616_EC50--unimol--seed11.json,8a45c8356c427c2e46bbd8915e3881fdc4b0d7df3893a31cacac21a7ac0a43a6
CHEMBL4616_EC50,unimol,xgboost,23,label_permuted,68,65,-1.365792989730835,-1.0695161819458008,0.2962768077850342,False,confirmation,5,research_v2\artifacts\experiment\xai_sanity_cliffs_full_v1\full\sanity_heads\models\label_permuted--xgboost--CHEMBL4616_EC50--unimol--seed23.json,a9996c3f6541b2e5e793f45cb9d5f768667b271c0b6a74fdb3cd3cfe28644151
CHEMBL4616_EC50,unimol,xgboost,42,label_permuted,68,11,-1.2972396612167358,-1.1720993518829346,0.12514030933380127,False,confirmation,0,research_v2\artifacts\experiment\xai_sanity_cliffs_full_v1\full\sanity_heads\models\label_permuted--xgboost--CHEMBL4616_EC50--unimol--seed42.json,de1bf61a4ced87fd1b468ee943b74f1021f25a64e530da362cc6e3c14e5ae9a8
CHEMBL4792_Ki,molformer,mlp,11,label_permuted,146,146,-2.458637952804565,-1.849901556968689,0.608736395835876,False,confirmation,0,research_v2\artifacts\experiment\xai_sanity_cliffs_full_v1\full\sanity_heads\models\label_permuted--mlp--CHEMBL4792_Ki--molformer--seed11.pt,8efeb751fcf252ece51f4bb5e13487bb0c93a8b47ba6f944dd41efc01b4d52fa
CHEMBL4792_Ki,molformer,mlp,23,label_permuted,146,146,-2.645824909210205,-1.581713080406189,1.0641118288040161,False,confirmation,1,research_v2\artifacts\experiment\xai_sanity_cliffs_full_v1\full\sanity_heads\models\label_permuted--mlp--CHEMBL4792_Ki--molformer--seed23.pt,dc129430cfec40435358a91d257d99eed2cdf84ed82a2efe72248576b073e401
CHEMBL4792_Ki,molformer,mlp,42,label_permuted,146,146,-2.3786566257476807,-1.6948570013046265,0.6837996244430542,False,confirmation,0,research_v2\artifacts\experiment\xai_sanity_cliffs_full_v1\full\sanity_heads\models\label_permuted--mlp--CHEMBL4792_Ki--molformer--seed42.pt,2e59a10d5f0b07b86eb687ab985e66472667bec26ef203191228846712fe3650
CHEMBL4792_Ki,molformer,xgboost,11,label_permuted,146,35,-2.1598169803619385,-1.9818501472473145,0.17796683311462402,False,confirmation,2,research_v2\artifacts\experiment\xai_sanity_cliffs_full_v1\full\sanity_heads\models\label_permuted--xgboost--CHEMBL4792_Ki--molformer--seed11.json,5d167226b33b484eb80f021c99ed86002f10f92a26492a585fc0863288e4b0b8
CHEMBL4792_Ki,molformer,xgboost,23,label_permuted,146,146,-2.593818664550781,-1.2199125289916992,1.3739061355590816,False,confirmation,96,research_v2\artifacts\experiment\xai_sanity_cliffs_full_v1\full\sanity_heads\models\label_permuted--xgboost--CHEMBL4792_Ki--molformer--seed23.json,635e516af695ca0d5c436428a480c4afe0e8122a8152098956ef5e9ba01be9de
CHEMBL4792_Ki,molformer,xgboost,42,label_permuted,146,12,-2.145275592803955,-1.9923512935638428,0.1529242992401123,False,confirmation,0,research_v2\artifacts\experiment\xai_sanity_cliffs_full_v1\full\sanity_heads\models\label_permuted--xgboost--CHEMBL4792_Ki--molformer--seed42.json,50b252c668e81c8c40bc56b74491e8c1dc3e28b8c018fe4bcdf5704e35203e13
CHEMBL4792_Ki,morgan,mlp,11,label_permuted,146,146,-2.649965047836304,-1.767307996749878,0.8826570510864262,False,confirmation,0,research_v2\artifacts\experiment\xai_sanity_cliffs_full_v1\full\sanity_heads\models\label_permuted--mlp--CHEMBL4792_Ki--morgan--seed11.pt,272aafc9ec90976513c5b700a07badac8a6d7fc66072cbf611725d2f6803a862
CHEMBL4792_Ki,morgan,mlp,23,label_permuted,146,146,-2.5242726802825928,-0.9386483430862428,1.58562433719635,False,confirmation,0,research_v2\artifacts\experiment\xai_sanity_cliffs_full_v1\full\sanity_heads\models\label_permuted--mlp--CHEMBL4792_Ki--morgan--seed23.pt,44207ad66237cd48c38949b84aba797b9b57d1f38264d553c7104a6e9f8c31a5
CHEMBL4792_Ki,morgan,mlp,42,label_permuted,146,146,-2.3049004077911377,-1.1475164890289309,1.1573839187622068,False,confirmation,0,research_v2\artifacts\experiment\xai_sanity_cliffs_full_v1\full\sanity_heads\models\label_permuted--mlp--CHEMBL4792_Ki--morgan--seed42.pt,4316b56c7ce895794d3688f70360b431e52fc0100a7b3690f64ef5a941b61c57
CHEMBL4792_Ki,morgan,xgboost,11,label_permuted,146,7,-2.1374387741088867,-2.0101795196533203,0.1272592544555664,False,confirmation,0,research_v2\artifacts\experiment\xai_sanity_cliffs_full_v1\full\sanity_heads\models\label_permuted--xgboost--CHEMBL4792_Ki--morgan--seed11.json,67a88f65807cbaf2495102ed4dbf1e719bdce321042a1a347b7894b9e81bbfb1
CHEMBL4792_Ki,morgan,xgboost,23,label_permuted,146,95,-2.424551486968994,-1.652706742286682,0.7718447446823122,False,confirmation,32,research_v2\artifacts\experiment\xai_sanity_cliffs_full_v1\full\sanity_heads\models\label_permuted--xgboost--CHEMBL4792_Ki--morgan--seed23.json,4bbbe6855af087fb4526303c6286acd783761577bf675a99674ee0f6117b9c35
CHEMBL4792_Ki,morgan,xgboost,42,label_permuted,146,5,-2.1144535541534424,-1.9978160858154297,0.1166374683380127,False,confirmation,1,research_v2\artifacts\experiment\xai_sanity_cliffs_full_v1\full\sanity_heads\models\label_permuted--xgboost--CHEMBL4792_Ki--morgan--seed42.json,dcb30e4470e3ebcf63c34aae5dcabcaaeea9a9ebcda6fa54d7328233781512fb
CHEMBL4792_Ki,unimol,mlp,11,label_permuted,146,146,-2.4412286281585693,-1.692567229270935,0.7486613988876343,False,confirmation,0,research_v2\artifacts\experiment\xai_sanity_cliffs_full_v1\full\sanity_heads\models\label_permuted--mlp--CHEMBL4792_Ki--unimol--seed11.pt,17d533816701a3aca06e6e0a425e9cfb5255c0bb2632017741e358f2c0dcc627
CHEMBL4792_Ki,unimol,mlp,23,label_permuted,146,146,-2.3485493659973145,-1.6660417318344116,0.6825076341629028,False,confirmation,0,research_v2\artifacts\experiment\xai_sanity_cliffs_full_v1\full\sanity_heads\models\label_permuted--mlp--CHEMBL4792_Ki--unimol--seed23.pt,a0ac625f103d6d63c07ac1760a4a4122ebb47941de90346c2136a2c12b21f840
CHEMBL4792_Ki,unimol,mlp,42,label_permuted,146,146,-2.5975570678710938,-1.7445673942565918,0.852989673614502,False,confirmation,1,research_v2\artifacts\experiment\xai_sanity_cliffs_full_v1\full\sanity_heads\models\label_permuted--mlp--CHEMBL4792_Ki--unimol--seed42.pt,aa0e7b5317556a6d3cb8d7b1a860066390fe4411ded8a39122a854f1ab19355b
CHEMBL4792_Ki,unimol,xgboost,11,label_permuted,146,19,-2.1202824115753174,-1.9688329696655276,0.15144944190978982,False,confirmation,0,research_v2\artifacts\experiment\xai_sanity_cliffs_full_v1\full\sanity_heads\models\label_permuted--xgboost--CHEMBL4792_Ki--unimol--seed11.json,05687b264be36d2bb41200637e85dd976ffaa6bcad7bd4963b86b616f5bc6072
CHEMBL4792_Ki,unimol,xgboost,23,label_permuted,146,146,-2.418012857437134,-1.7477960586547852,0.6702167987823486,False,confirmation,16,research_v2\artifacts\experiment\xai_sanity_cliffs_full_v1\full\sanity_heads\models\label_permuted--xgboost--CHEMBL4792_Ki--unimol--seed23.json,fcaa9aa2986874285a5aeb8e9266aebf2fc9e775fd10ab6337de0a075ea07d1d
CHEMBL4792_Ki,unimol,xgboost,42,label_permuted,146,113,-2.18800950050354,-1.9004292488098145,0.2875802516937256,False,confirmation,4,research_v2\artifacts\experiment\xai_sanity_cliffs_full_v1\full\sanity_heads\models\label_permuted--xgboost--CHEMBL4792_Ki--unimol--seed42.json,7b4b6fd57662fb10c76582c0f423e147d841cf5d0e953ea06f8a93506820c99a
