scenario,rationale,explainer,dataset,component_id,representation,predictor,trained_nap,trained_ap,trained_prevalence,permuted_nap,permuted_ap,permuted_prevalence,delta_nap_rescore,delta_nap_reference,rescore_minus_reference_delta_nap
fixed_selected_support_0_60,boundary_extended,crem_lime_abs,CHEMBL2147_Ki,6,molformer,mlp,0.05412838821180089,0.24982596306453175,0.20689655172413793,0.44063189319080553,0.5563632256340871,0.20689655172413793,-0.38650350497900465,-0.38650350497900465,0.0
fixed_selected_support_0_60,boundary_extended,crem_lime_abs,CHEMBL2147_Ki,6,molformer,xgboost,0.2928588835024874,0.43916394208817966,0.20689655172413793,0.4292164102176266,0.5473095667243245,0.20689655172413793,-0.13635752671513918,-0.13635752671513918,0.0
fixed_selected_support_0_60,boundary_extended,crem_lime_abs,CHEMBL2147_Ki,6,morgan,mlp,0.36948118557753945,0.4999333540787381,0.20689655172413793,0.811869165773628,0.8507927866480497,0.20689655172413793,-0.44238798019608855,-0.44238798019608855,0.0
fixed_selected_support_0_60,boundary_extended,crem_lime_abs,CHEMBL2147_Ki,6,morgan,xgboost,0.4238157992361402,0.5430263235321112,0.20689655172413793,0.2593599146448758,0.4125957943735222,0.20689655172413793,0.16445588459126442,0.1644558845912643,1.1102230246251565e-16
fixed_selected_support_0_60,boundary_extended,crem_lime_abs,CHEMBL2147_Ki,6,unimol,mlp,0.6444373428556148,0.71800203054066,0.20689655172413793,0.6570182258086642,0.7279799721930785,0.20689655172413793,-0.012580882953049377,-0.012580882953049377,0.0
fixed_selected_support_0_60,boundary_extended,crem_lime_abs,CHEMBL2147_Ki,6,unimol,xgboost,0.6344442319224816,0.7100764598005888,0.20689655172413793,0.5232964727123867,0.6219247887029273,0.20689655172413793,0.1111477592100949,0.1111477592100949,0.0
fixed_selected_support_0_60,boundary_extended,crem_lime_abs,CHEMBL2147_Ki,7,molformer,mlp,-0.025403422256483444,0.04917137208944262,0.07272727272727272,0.06400508159344505,0.13207743929573995,0.07272727272727272,-0.08940850384992849,-0.08940850384992843,-5.551115123125783e-17
fixed_selected_support_0_60,boundary_extended,crem_lime_abs,CHEMBL2147_Ki,7,molformer,xgboost,-0.01667976042665952,0.05726058578618844,0.07272727272727272,0.2209312179219475,0.27759076570944224,0.07272727272727272,-0.23761097834860703,-0.237610978348607,-2.7755575615628914e-17
fixed_selected_support_0_60,boundary_extended,crem_lime_abs,CHEMBL2147_Ki,7,morgan,mlp,-0.013888291819367361,0.05984903849476844,0.07272727272727272,-0.00047962251150801896,0.07228253185296529,0.07272727272727272,-0.013408669307859342,-0.013408669307859267,-7.45931094670027e-17
fixed_selected_support_0_60,boundary_extended,crem_lime_abs,CHEMBL2147_Ki,7,morgan,xgboost,-0.016288164164772006,0.057623702319938686,0.07272727272727272,0.018841690159850752,0.09019865814822524,0.07272727272727272,-0.03512985432462276,-0.0351298543246227,-6.245004513516506e-17
fixed_selected_support_0_60,boundary_extended,crem_lime_abs,CHEMBL2147_Ki,7,unimol,mlp,-0.00990529229363507,0.0635423653277202,0.07272727272727272,0.3622158485895403,0.40860015051030096,0.07272727272727272,-0.3721211408831754,-0.3721211408831753,-5.551115123125783e-17
fixed_selected_support_0_60,boundary_extended,crem_lime_abs,CHEMBL2147_Ki,7,unimol,xgboost,0.036837601785829156,0.10688577620140521,0.07272727272727272,0.2725867845771068,0.3254895638805899,0.07272727272727272,-0.23574918279127763,-0.2357491827912776,-2.7755575615628914e-17
fixed_selected_support_0_60,boundary_extended,crem_lime_abs,CHEMBL2147_Ki,8,molformer,mlp,0.05395206673214947,0.6138579864212855,0.5918367346938775,-0.10402132856725166,0.549379049564387,0.5918367346938775,0.15797339529940113,0.15797339529940108,5.551115123125783e-17
fixed_selected_support_0_60,boundary_extended,crem_lime_abs,CHEMBL2147_Ki,8,molformer,xgboost,-0.15096208217981305,0.5302195582939538,0.5918367346938775,0.349852062155904,0.7346334947575118,0.5918367346938775,-0.500814144335717,-0.5008141443357169,-1.1102230246251565e-16
fixed_selected_support_0_60,boundary_extended,crem_lime_abs,CHEMBL2147_Ki,8,morgan,mlp,0.13274984057011016,0.6460203430898409,0.5918367346938775,0.06484863603341108,0.618305565727923,0.5918367346938775,0.06790120453669908,0.06790120453669912,-4.163336342344337e-17
fixed_selected_support_0_60,boundary_extended,crem_lime_abs,CHEMBL2147_Ki,8,morgan,xgboost,0.4001592091216651,0.7551670241312918,0.5918367346938775,-0.17545350495745207,0.52022305920104,0.5918367346938775,0.5756127140791172,0.5756127140791171,1.1102230246251565e-16
fixed_selected_support_0_60,boundary_extended,crem_lime_abs,CHEMBL2147_Ki,8,unimol,mlp,0.4169288028936582,0.7620117562831258,0.5918367346938775,-0.24784305124113615,0.4906763056158628,0.5918367346938775,0.6647718541347943,0.6647718541347943,0.0
fixed_selected_support_0_60,boundary_extended,crem_lime_abs,CHEMBL2147_Ki,8,unimol,xgboost,-0.3057096580979453,0.46705728240900185,0.5918367346938775,-0.01901061219603727,0.5840773011444745,0.5918367346938775,-0.28669904590190803,-0.2866990459019081,5.551115123125783e-17
fixed_selected_support_0_60,boundary_extended,crem_lime_abs,CHEMBL2147_Ki,13,molformer,mlp,0.0,0.84,0.84,0.0,0.84,0.84,0.0,0.0,0.0
fixed_selected_support_0_60,boundary_extended,crem_lime_abs,CHEMBL2147_Ki,13,molformer,xgboost,0.0,0.84,0.84,0.0,0.84,0.84,0.0,0.0,0.0
fixed_selected_support_0_60,boundary_extended,crem_lime_abs,CHEMBL2147_Ki,13,morgan,mlp,0.0,0.84,0.84,0.0,0.84,0.84,0.0,0.0,0.0
fixed_selected_support_0_60,boundary_extended,crem_lime_abs,CHEMBL2147_Ki,13,morgan,xgboost,0.0,0.84,0.84,0.0,0.84,0.84,0.0,0.0,0.0
fixed_selected_support_0_60,boundary_extended,crem_lime_abs,CHEMBL2147_Ki,13,unimol,mlp,0.0,0.84,0.84,0.0,0.84,0.84,0.0,0.0,0.0
fixed_selected_support_0_60,boundary_extended,crem_lime_abs,CHEMBL2147_Ki,13,unimol,xgboost,0.0,0.84,0.84,0.0,0.84,0.84,0.0,0.0,0.0
fixed_selected_support_0_60,boundary_extended,crem_lime_abs,CHEMBL2147_Ki,15,molformer,mlp,-0.0008496910988406206,0.4225867166737458,0.4230769230769231,-0.008726791224276442,0.4180422358321482,0.4230769230769231,0.007877100125435821,0.007877100125435804,1.734723475976807e-17
fixed_selected_support_0_60,boundary_extended,crem_lime_abs,CHEMBL2147_Ki,15,molformer,xgboost,0.5582440641443953,0.7451408062371511,0.4230769230769231,0.03255379813999231,0.4418579604653801,0.4230769230769231,0.525690266004403,0.525690266004403,0.0
fixed_selected_support_0_60,boundary_extended,crem_lime_abs,CHEMBL2147_Ki,15,morgan,mlp,0.018678715864021134,0.43385310530616605,0.4230769230769231,-0.05283816821293292,0.39259336449253873,0.4230769230769231,0.07151688407695406,0.07151688407695404,1.3877787807814457e-17
fixed_selected_support_0_60,boundary_extended,crem_lime_abs,CHEMBL2147_Ki,15,morgan,xgboost,0.6551050147610813,0.8010221239006238,0.4230769230769231,-0.0348634604346528,0.4029633882107772,0.4230769230769231,0.6899684751957341,0.689968475195734,1.1102230246251565e-16
fixed_selected_support_0_60,boundary_extended,crem_lime_abs,CHEMBL2147_Ki,15,unimol,mlp,-0.0637484618094687,0.3862989643406911,0.4230769230769231,-0.03136070835749277,0.40498420671683105,0.4230769230769231,-0.032387753451975934,-0.03238775345197589,-4.163336342344337e-17
fixed_selected_support_0_60,boundary_extended,crem_lime_abs,CHEMBL2147_Ki,15,unimol,xgboost,0.0916012257501722,0.47592378408663777,0.4230769230769231,-0.07401524985819848,0.3803758173895009,0.4230769230769231,0.16561647560837067,0.16561647560837064,2.7755575615628914e-17
fixed_selected_support_0_60,boundary_extended,crem_lime_abs,CHEMBL2147_Ki,18,molformer,mlp,0.06732373142800951,0.12685625920920038,0.06382978723404255,0.16640325505814635,0.2196115579267753,0.06382978723404255,-0.09907952363013683,-0.09907952363013685,1.3877787807814457e-17
fixed_selected_support_0_60,boundary_extended,crem_lime_abs,CHEMBL2147_Ki,18,molformer,xgboost,0.24469784028607558,0.29290861643802824,0.06382978723404255,0.2933718438700323,0.33847576872939195,0.06382978723404255,-0.04867400358395671,-0.04859533609422201,-7.866748973470172e-05
fixed_selected_support_0_60,boundary_extended,crem_lime_abs,CHEMBL2147_Ki,18,morgan,mlp,0.09355485158374162,0.15141305254648152,0.06382978723404255,0.18650759890733157,0.23843264578558698,0.06382978723404255,-0.09295274732358995,-0.09931097243181504,0.006358225108225091
fixed_selected_support_0_60,boundary_extended,crem_lime_abs,CHEMBL2147_Ki,18,morgan,xgboost,-0.008544124404247518,0.055831032472619335,0.06382978723404255,0.07438236748361017,0.13346434402720952,0.06382978723404255,-0.0829264918878577,-0.08292649188785764,-5.551115123125783e-17
fixed_selected_support_0_60,boundary_extended,crem_lime_abs,CHEMBL2147_Ki,18,unimol,mlp,0.3177431785386331,0.3612914862914863,0.06382978723404255,0.27751723585056914,0.32363315696649025,0.06382978723404255,0.040225942688063954,0.030900545862666995,0.009325396825396959
fixed_selected_support_0_60,boundary_extended,crem_lime_abs,CHEMBL2147_Ki,18,unimol,xgboost,0.7527356902356903,0.7685185185185185,0.06382978723404255,0.26739117364117365,0.31415343915343913,0.06382978723404255,0.48534451659451666,0.48534451659451666,0.0
fixed_selected_support_0_60,boundary_extended,crem_lime_abs,CHEMBL2147_Ki,36,molformer,mlp,-0.011788273797613269,0.23726730129103002,0.24615384615384617,0.28598164557463773,0.46174000974088075,0.24615384615384617,-0.297769919372251,-0.29776991937225095,-5.551115123125783e-17
fixed_selected_support_0_60,boundary_extended,crem_lime_abs,CHEMBL2147_Ki,36,molformer,xgboost,-0.04809078313816397,0.20990079424969177,0.24615384615384617,0.34926775673479815,0.5094480012308479,0.24615384615384617,-0.3973585398729621,-0.39735853987296205,-5.551115123125783e-17
fixed_selected_support_0_60,boundary_extended,crem_lime_abs,CHEMBL2147_Ki,36,morgan,mlp,0.3720728131341973,0.5266395052857796,0.24615384615384617,0.5520431615037161,0.6623094602104936,0.24615384615384617,-0.1799703483695188,-0.1799703483695188,0.0
fixed_selected_support_0_60,boundary_extended,crem_lime_abs,CHEMBL2147_Ki,36,morgan,xgboost,-0.10138927017582437,0.1697219347905324,0.24615384615384617,0.26848711197470065,0.4485518228732359,0.24615384615384617,-0.36987638215052504,-0.369876382150525,-5.551115123125783e-17
fixed_selected_support_0_60,boundary_extended,crem_lime_abs,CHEMBL2147_Ki,36,unimol,mlp,-0.11233781541637777,0.16146841607073062,0.24615384615384617,0.08309352817750926,0.30879358277996855,0.24615384615384617,-0.19543134359388703,-0.195431343593887,-2.7755575615628914e-17
fixed_selected_support_0_60,boundary_extended,crem_lime_abs,CHEMBL2147_Ki,36,unimol,xgboost,0.004414214076002253,0.24948148445729404,0.24615384615384617,0.15260334959541588,0.36119329431039043,0.24615384615384617,-0.14818913551941362,-0.14818913551941365,2.7755575615628914e-17
fixed_selected_support_0_60,boundary_extended,crem_lime_abs,CHEMBL2147_Ki,39,molformer,mlp,0.5047939052579133,0.6103296303668827,0.21311475409836064,-0.061016850476715005,0.1651014947068472,0.21311475409836064,0.5658107557346284,0.5658107557346284,0.0
fixed_selected_support_0_60,boundary_extended,crem_lime_abs,CHEMBL2147_Ki,39,molformer,xgboost,-0.07476049612024381,0.15428682272505403,0.21311475409836064,0.004654447894169817,0.2167772704741008,0.21311475409836064,-0.07941494401441362,-0.07941494401441357,-5.551115123125783e-17
fixed_selected_support_0_60,boundary_extended,crem_lime_abs,CHEMBL2147_Ki,39,morgan,mlp,0.26348284387927784,0.4204455164951695,0.21311475409836064,0.3315662645303216,0.4740193556959908,0.21311475409836064,-0.06808342065104378,-0.06808342065104378,0.0
fixed_selected_support_0_60,boundary_extended,crem_lime_abs,CHEMBL2147_Ki,39,morgan,xgboost,-0.07629265244552777,0.15308119151827324,0.21311475409836064,0.5051050757756134,0.6105744858562204,0.21311475409836064,-0.5813977282211411,-0.5813977282211411,0.0
fixed_selected_support_0_60,boundary_extended,crem_lime_abs,CHEMBL2147_Ki,39,unimol,mlp,0.13384066577760165,0.31843199930040783,0.21311475409836064,0.1139838923486086,0.3028069972579215,0.21311475409836064,0.019856773428993044,0.019856773428993085,-4.163336342344337e-17
fixed_selected_support_0_60,boundary_extended,crem_lime_abs,CHEMBL2147_Ki,39,unimol,xgboost,0.363652044187636,0.4992671823115824,0.21311475409836064,0.09444658337413286,0.28743337708128486,0.21311475409836064,0.26920546081350316,0.26920546081350316,0.0
fixed_selected_support_0_60,boundary_extended,crem_lime_abs,CHEMBL2147_Ki,42,molformer,mlp,0.3444638744289515,0.5629759162859677,0.3333333333333333,-0.04991085047123319,0.30005943301917787,0.3333333333333333,0.39437472490018466,0.3948371984731233,-0.00046247357293865976
fixed_selected_support_0_60,boundary_extended,crem_lime_abs,CHEMBL2147_Ki,42,molformer,xgboost,0.17781140764321757,0.45187427176214506,0.3333333333333333,-0.14026338377814493,0.23982441081457004,0.3333333333333333,0.3180747914213625,0.3180747914213624,1.1102230246251565e-16
fixed_selected_support_0_60,boundary_extended,crem_lime_abs,CHEMBL2147_Ki,42,morgan,mlp,-0.03412176132344274,0.3105854924510381,0.3333333333333333,-0.15240836448164605,0.23172775701223594,0.3333333333333333,0.1182866031582033,0.11904718516878532,-0.0007605820105820171
fixed_selected_support_0_60,boundary_extended,crem_lime_abs,CHEMBL2147_Ki,42,morgan,xgboost,0.18694779067292266,0.45796519378194844,0.3333333333333333,0.048273903177131504,0.36551593545142097,0.3333333333333333,0.13867388749579115,0.13867388749579113,2.7755575615628914e-17
fixed_selected_support_0_60,boundary_extended,crem_lime_abs,CHEMBL2147_Ki,42,unimol,mlp,-0.04033136232076468,0.3064457584528235,0.3333333333333333,-0.15612594303021063,0.2292493713131929,0.3333333333333333,0.11579458070944595,0.11579458070944587,8.326672684688674e-17
fixed_selected_support_0_60,boundary_extended,crem_lime_abs,CHEMBL2147_Ki,42,unimol,xgboost,-0.020784839586589495,0.31947677360894033,0.3333333333333333,-0.141238476582212,0.23917434894519196,0.3333333333333333,0.1204536369956225,0.12004205162976878,0.0004115853658537283
fixed_selected_support_0_60,boundary_extended,crem_lime_abs,CHEMBL2147_Ki,44,molformer,mlp,-0.02054015042658493,0.1732332958569439,0.189873417721519,-0.055902394992766134,0.1445854015248477,0.189873417721519,0.0353622445661812,0.0353622445661812,0.0
fixed_selected_support_0_60,boundary_extended,crem_lime_abs,CHEMBL2147_Ki,44,molformer,xgboost,-0.08102001930977744,0.12423694638195247,0.189873417721519,0.16951993853331473,0.3272060261535714,0.189873417721519,-0.2505399578430922,-0.25053995784309213,-5.551115123125783e-17
fixed_selected_support_0_60,boundary_extended,crem_lime_abs,CHEMBL2147_Ki,44,morgan,mlp,0.13256364193433853,0.297266747896173,0.189873417721519,0.18389166107017005,0.33884894061380866,0.189873417721519,-0.051328019135831515,-0.05132801913583143,-8.326672684688674e-17
fixed_selected_support_0_60,boundary_extended,crem_lime_abs,CHEMBL2147_Ki,44,morgan,xgboost,-0.09080725376183847,0.11630804758534606,0.189873417721519,0.2966220108499371,0.4301747935999491,0.189873417721519,-0.38742926461177557,-0.38742926461177557,0.0
fixed_selected_support_0_60,boundary_extended,crem_lime_abs,CHEMBL2147_Ki,44,unimol,mlp,0.0981423349895197,0.26938113214340836,0.189873417721519,0.06777541504098093,0.24478008307117446,0.189873417721519,0.030366919948538768,0.03036691994853874,2.7755575615628914e-17
fixed_selected_support_0_60,boundary_extended,crem_lime_abs,CHEMBL2147_Ki,44,unimol,xgboost,0.008993815975954292,0.19715954711976047,0.189873417721519,0.052077608180192914,0.23206287244977655,0.189873417721519,-0.04308379220423862,-0.0430837922042386,-2.0816681711721685e-17
fixed_selected_support_0_60,boundary_extended,crem_lime_abs,CHEMBL2147_Ki,48,molformer,mlp,0.08037064163655301,0.3677548161251302,0.3125,0.13958434981523937,0.408464240497977,0.3125,-0.05921370817868636,-0.05921370817868642,5.551115123125783e-17
fixed_selected_support_0_60,boundary_extended,crem_lime_abs,CHEMBL2147_Ki,48,molformer,xgboost,-0.06852195082860403,0.26539115880533476,0.3125,0.2584232726199188,0.4901659999261942,0.3125,-0.32694522344852284,-0.3269452234485228,-5.551115123125783e-17
fixed_selected_support_0_60,boundary_extended,crem_lime_abs,CHEMBL2147_Ki,48,morgan,mlp,-0.17653128372332702,0.1911347424402127,0.3125,0.029781341629082525,0.33297467236999423,0.3125,-0.20631262535240955,-0.2063126253524095,-5.551115123125783e-17
fixed_selected_support_0_60,boundary_extended,crem_lime_abs,CHEMBL2147_Ki,48,morgan,xgboost,-0.10726288462088561,0.23875676682314115,0.3125,0.3413105127672494,0.547150977527484,0.3125,-0.448573397388135,-0.44857339738813495,-5.551115123125783e-17
fixed_selected_support_0_60,boundary_extended,crem_lime_abs,CHEMBL2147_Ki,48,unimol,mlp,-0.015238092975070665,0.30202381107963894,0.3125,0.0948021039254775,0.3776764464487658,0.3125,-0.11004019690054817,-0.11004019690054813,-4.163336342344337e-17
fixed_selected_support_0_60,boundary_extended,crem_lime_abs,CHEMBL2147_Ki,48,unimol,xgboost,0.03770555584248878,0.3384225696417111,0.3125,0.18740224185116042,0.4413390412726728,0.3125,-0.14969668600867164,-0.1496966860086716,-5.551115123125783e-17
fixed_selected_support_0_60,boundary_extended,crem_lime_abs,CHEMBL2147_Ki,51,molformer,mlp,-0.02371687504789895,0.17491475742408147,0.19402985074626866,0.04120032539151539,0.2272360831513706,0.19402985074626866,-0.06491720043941435,-0.06656858563117213,0.0016513851917577815
fixed_selected_support_0_60,boundary_extended,crem_lime_abs,CHEMBL2147_Ki,51,molformer,xgboost,-0.02903172700134998,0.17063114540189703,0.19402985074626866,0.041988729500613144,0.2278715133288524,0.19402985074626866,-0.07102045650196312,-0.07102045650196304,-8.326672684688674e-17
fixed_selected_support_0_60,boundary_extended,crem_lime_abs,CHEMBL2147_Ki,51,morgan,mlp,0.003918109089045769,0.19718772971355927,0.19402985074626866,0.020347200643437525,0.2104290870857556,0.19402985074626866,-0.016429091554391755,-0.01642909155439177,1.3877787807814457e-17
fixed_selected_support_0_60,boundary_extended,crem_lime_abs,CHEMBL2147_Ki,51,morgan,xgboost,0.020051903832255972,0.21019108667077346,0.19402985074626866,0.26090732340540584,0.40431336513271515,0.19402985074626866,-0.24085541957314988,-0.24329888079797315,0.002443461224823279
fixed_selected_support_0_60,boundary_extended,crem_lime_abs,CHEMBL2147_Ki,51,unimol,mlp,-0.011658739927664107,0.18463325438665878,0.19402985074626866,0.11397468653865928,0.28589004586697914,0.19402985074626866,-0.1256334264663234,-0.12563342646632333,-5.551115123125783e-17
fixed_selected_support_0_60,boundary_extended,crem_lime_abs,CHEMBL2147_Ki,51,unimol,xgboost,0.2517531896431673,0.3969354065780751,0.19402985074626866,0.3570693590252321,0.48181709533376926,0.19402985074626866,-0.10531616938206484,-0.1053161693820649,5.551115123125783e-17
fixed_selected_support_0_60,boundary_extended,crem_lime_abs,CHEMBL2147_Ki,52,molformer,mlp,0.03817616665195684,0.2148376870628219,0.1836734693877551,0.01297948127226299,0.19426896430388818,0.1836734693877551,0.02519668537969385,0.025196685379693773,7.632783294297951e-17
fixed_selected_support_0_60,boundary_extended,crem_lime_abs,CHEMBL2147_Ki,52,molformer,xgboost,0.05604923097715628,0.22942794365482144,0.1836734693877551,0.0538651744842032,0.22764504039526792,0.1836734693877551,0.002184056492953078,0.0021840564929530293,4.85722573273506e-17
fixed_selected_support_0_60,boundary_extended,crem_lime_abs,CHEMBL2147_Ki,52,morgan,mlp,0.3123655512150642,0.43866575609393,0.1836734693877551,0.5378802441204402,0.6227593829554614,0.1836734693877551,-0.225514692905376,-0.2255146929053759,-1.1102230246251565e-16
fixed_selected_support_0_60,boundary_extended,crem_lime_abs,CHEMBL2147_Ki,52,morgan,xgboost,-0.006370295114856463,0.17847322847766822,0.1836734693877551,0.12574495172051592,0.2863224095677681,0.1836734693877551,-0.13211524683537237,-0.13211524683537235,-2.7755575615628914e-17
fixed_selected_support_0_60,boundary_extended,crem_lime_abs,CHEMBL2147_Ki,52,unimol,mlp,0.3185647751927477,0.4437263470961206,0.1836734693877551,0.18417449813378994,0.3340199984765632,0.1836734693877551,0.13439027705895773,0.1343902770589577,2.7755575615628914e-17
fixed_selected_support_0_60,boundary_extended,crem_lime_abs,CHEMBL2147_Ki,52,unimol,xgboost,0.43861123172397676,0.5417234544685524,0.1836734693877551,0.08924307660026747,0.2565249604900143,0.1836734693877551,0.3493681551237093,0.34936815512370933,-5.551115123125783e-17
fixed_selected_support_0_60,boundary_extended,crem_lime_abs,CHEMBL239_EC50,1,molformer,mlp,0.5472467673183016,0.6623535213899198,0.2542372881355932,0.08031914809805238,0.3141363138358357,0.2542372881355932,0.46692761922024917,0.46692761922024917,0.0
fixed_selected_support_0_60,boundary_extended,crem_lime_abs,CHEMBL239_EC50,1,molformer,xgboost,0.1765913457557611,0.3859325290381947,0.2542372881355932,0.0652903698114025,0.3029284113847748,0.2542372881355932,0.1113009759443586,0.11130097594435856,4.163336342344337e-17
fixed_selected_support_0_60,boundary_extended,crem_lime_abs,CHEMBL239_EC50,1,morgan,mlp,0.8218634773646301,0.8671524237973512,0.2542372881355932,0.06629683421799223,0.3036789950100281,0.2542372881355932,0.7555666431466378,0.7555666431466379,-1.1102230246251565e-16
fixed_selected_support_0_60,boundary_extended,crem_lime_abs,CHEMBL239_EC50,1,morgan,xgboost,0.6488321333252159,0.7381120994289746,0.2542372881355932,0.05881720205366588,0.2981009642434118,0.2542372881355932,0.59001493127155,0.5900149312715501,-1.1102230246251565e-16
fixed_selected_support_0_60,boundary_extended,crem_lime_abs,CHEMBL239_EC50,1,unimol,mlp,0.30793721127918144,0.4838853779031183,0.2542372881355932,0.41871666279809744,0.5665005620867167,0.2542372881355932,-0.110779451518916,-0.1107794515189161,1.1102230246251565e-16
fixed_selected_support_0_60,boundary_extended,crem_lime_abs,CHEMBL239_EC50,1,unimol,xgboost,0.6462124489881601,0.7361584365335431,0.2542372881355932,0.3374971806738898,0.505930100841545,0.2542372881355932,0.3087152683142703,0.3087152683142703,0.0
fixed_selected_support_0_60,boundary_extended,crem_lime_abs,CHEMBL239_EC50,2,molformer,mlp,0.04952868095753998,0.606701523154844,0.5862068965517241,0.30903657698354686,0.714084100820778,0.5862068965517241,-0.2595078960260069,-0.2595078960260069,0.0
fixed_selected_support_0_60,boundary_extended,crem_lime_abs,CHEMBL239_EC50,2,molformer,xgboost,-0.08992318160580465,0.5489973041631152,0.5862068965517241,-0.16225843106020277,0.5190654768026747,0.5862068965517241,0.07233524945439812,0.0723352494543981,1.3877787807814457e-17
fixed_selected_support_0_60,boundary_extended,crem_lime_abs,CHEMBL239_EC50,2,morgan,mlp,0.2932660027245544,0.7075583459549879,0.5862068965517241,-0.12926865118571246,0.5327164201990154,0.5862068965517241,0.42253465391026684,0.42253465391026684,0.0
fixed_selected_support_0_60,boundary_extended,crem_lime_abs,CHEMBL239_EC50,2,morgan,xgboost,0.1718778788521659,0.6573287774560687,0.5862068965517241,-0.08416462607638038,0.551380154727015,0.5862068965517241,0.2560425049285463,0.2560425049285463,0.0
fixed_selected_support_0_60,boundary_extended,crem_lime_abs,CHEMBL239_EC50,2,unimol,mlp,0.3391278059727532,0.7265356438507945,0.5862068965517241,0.399913764516678,0.7516884542827632,0.5862068965517241,-0.06078595854392477,-0.06078595854392477,0.0
fixed_selected_support_0_60,boundary_extended,crem_lime_abs,CHEMBL239_EC50,2,unimol,xgboost,0.005782218414177018,0.5885995386541422,0.5862068965517241,0.24670854300929787,0.6882931902107439,0.5862068965517241,-0.24092632459512087,-0.24092632459512087,0.0
fixed_selected_support_0_60,boundary_extended,crem_lime_abs,CHEMBL239_EC50,7,molformer,mlp,-0.012235330071035347,0.04399996604402217,0.05555555555555555,0.17140780841411093,0.2174407079466603,0.05555555555555555,-0.1836431384851463,-0.18364313848514618,-1.1102230246251565e-16
fixed_selected_support_0_60,boundary_extended,crem_lime_abs,CHEMBL239_EC50,7,molformer,xgboost,0.04897112477666709,0.10180606228907448,0.05555555555555555,0.10753917081113562,0.15712032798829476,0.05555555555555555,-0.05856804603446853,-0.05856804603446853,0.0
fixed_selected_support_0_60,boundary_extended,crem_lime_abs,CHEMBL239_EC50,7,morgan,mlp,0.07711953992227373,0.1283906765932585,0.05555555555555555,0.33459679728062075,0.3715636418761419,0.05555555555555555,-0.25747725735834703,-0.2574772573583471,5.551115123125783e-17
fixed_selected_support_0_60,boundary_extended,crem_lime_abs,CHEMBL239_EC50,7,morgan,xgboost,0.04447786589362707,0.09756242889953666,0.05555555555555555,0.04092790006519655,0.09420968339490786,0.05555555555555555,0.003549965828430514,0.0035499658284305,1.3877787807814457e-17
fixed_selected_support_0_60,boundary_extended,crem_lime_abs,CHEMBL239_EC50,7,unimol,mlp,0.3932829711664285,0.42698947276829363,0.05555555555555555,0.11430144175874728,0.16350691721659463,0.05555555555555555,0.27898152940768123,0.2789815294076812,5.551115123125783e-17
fixed_selected_support_0_60,boundary_extended,crem_lime_abs,CHEMBL239_EC50,7,unimol,xgboost,0.25909623419243394,0.30025755451507646,0.05555555555555555,0.1000908307019258,0.1500857845518188,0.05555555555555555,0.15900540349050812,0.15900540349050807,5.551115123125783e-17
fixed_selected_support_0_60,boundary_extended,crem_lime_abs,CHEMBL239_EC50,14,molformer,mlp,-0.06140826831034252,0.11821466940371546,0.1692307692307692,-0.04011414600173711,0.13590517101394148,0.1692307692307692,-0.02129412230860541,-0.021294122308605397,-1.3877787807814457e-17
fixed_selected_support_0_60,boundary_extended,crem_lime_abs,CHEMBL239_EC50,14,molformer,xgboost,-0.052186657359624015,0.12587570003969697,0.1692307692307692,0.21213798061491926,0.3454684762031637,0.1692307692307692,-0.26432463797454325,-0.2643246379745432,-5.551115123125783e-17
fixed_selected_support_0_60,boundary_extended,crem_lime_abs,CHEMBL239_EC50,14,morgan,mlp,0.028650060579983802,0.19303235802029425,0.1692307692307692,0.07214522134331103,0.22916679926982764,0.1692307692307692,-0.043495160763327226,-0.04349516076332727,4.163336342344337e-17
fixed_selected_support_0_60,boundary_extended,crem_lime_abs,CHEMBL239_EC50,14,morgan,xgboost,-0.05073347202335874,0.1270829617036712,0.1692307692307692,0.16612707256250445,0.30724402951346524,0.1692307692307692,-0.21686054458586318,-0.2168605445858631,-8.326672684688674e-17
fixed_selected_support_0_60,boundary_extended,crem_lime_abs,CHEMBL239_EC50,14,unimol,mlp,0.21076718642120063,0.3443296625653051,0.1692307692307692,0.08967403558346038,0.24372919879241325,0.1692307692307692,0.12109315083774025,0.12109315083774021,4.163336342344337e-17
fixed_selected_support_0_60,boundary_extended,crem_lime_abs,CHEMBL239_EC50,14,unimol,xgboost,0.28923181906199624,0.4095156650668892,0.1692307692307692,0.09458089392584619,0.2478056657230107,0.1692307692307692,0.19465092513615007,0.19465092513615007,0.0
fixed_selected_support_0_60,boundary_extended,crem_lime_abs,CHEMBL239_EC50,16,molformer,mlp,-0.16758503730077598,0.26808102139354345,0.373134328358209,0.07395182335480542,0.4194921877746542,0.373134328358209,-0.2415368606555814,-0.24153686065558133,-5.551115123125783e-17
fixed_selected_support_0_60,boundary_extended,crem_lime_abs,CHEMBL239_EC50,16,molformer,xgboost,-0.12273103470204962,0.2961984558584167,0.373134328358209,0.28101461743881734,0.5492927452601543,0.373134328358209,-0.40374565214086694,-0.4037456521408669,-5.551115123125783e-17
fixed_selected_support_0_60,boundary_extended,crem_lime_abs,CHEMBL239_EC50,16,morgan,mlp,0.26595288330089983,0.5398510611736984,0.373134328358209,0.38395250493666794,0.6138209732438814,0.373134328358209,-0.1179996216357681,-0.1179996216357681,0.0
fixed_selected_support_0_60,boundary_extended,crem_lime_abs,CHEMBL239_EC50,16,morgan,xgboost,0.10689694002341478,0.44014435046243916,0.373134328358209,0.05293567179305003,0.4063178838105687,0.373134328358209,0.05396126823036475,0.05396126823036469,5.551115123125783e-17
fixed_selected_support_0_60,boundary_extended,crem_lime_abs,CHEMBL239_EC50,16,unimol,mlp,0.051880805258041784,0.40565662419160836,0.373134328358209,-0.012957162218488473,0.36501192816154454,0.373134328358209,0.06483796747653026,0.06483796747653027,-1.3877787807814457e-17
fixed_selected_support_0_60,boundary_extended,crem_lime_abs,CHEMBL239_EC50,16,unimol,xgboost,-0.11720642151911675,0.299661646211897,0.373134328358209,0.08361800936390938,0.42555158795946557,0.373134328358209,-0.20082443088302615,-0.20082443088302604,-1.1102230246251565e-16
fixed_selected_support_0_60,boundary_extended,crem_lime_abs,CHEMBL239_EC50,18,molformer,mlp,-0.021596987612207824,0.20231468090553636,0.2191780821917808,0.02364976755686417,0.23764433905125007,0.2191780821917808,-0.04524675516907199,-0.045246755169071964,-2.7755575615628914e-17
fixed_selected_support_0_60,boundary_extended,crem_lime_abs,CHEMBL239_EC50,18,molformer,xgboost,0.17006998857039468,0.35197245682893835,0.2191780821917808,0.07256538928280833,0.2758387286180832,0.2191780821917808,0.09750459928758635,0.09750459928758633,2.7755575615628914e-17
fixed_selected_support_0_60,boundary_extended,crem_lime_abs,CHEMBL239_EC50,18,morgan,mlp,0.14288109298760346,0.3307427712368958,0.2191780821917808,0.16590911367965158,0.3487235545169882,0.2191780821917808,-0.023028020692048123,-0.023028020692048096,-2.7755575615628914e-17
fixed_selected_support_0_60,boundary_extended,crem_lime_abs,CHEMBL239_EC50,18,morgan,xgboost,0.4302277657768943,0.5551093513600408,0.2191780821917808,0.05589668424065508,0.2628234383796896,0.2191780821917808,0.37433108153623923,0.3743310815362392,5.551115123125783e-17
fixed_selected_support_0_60,boundary_extended,crem_lime_abs,CHEMBL239_EC50,18,unimol,mlp,0.08389318022254895,0.284683716064182,0.2191780821917808,0.24708080722408612,0.41210419194209463,0.2191780821917808,-0.16318762700153716,-0.16318762700153722,5.551115123125783e-17
fixed_selected_support_0_60,boundary_extended,crem_lime_abs,CHEMBL239_EC50,18,unimol,xgboost,0.027745793094246612,0.2408426055667405,0.2191780821917808,0.16054612458990106,0.34453601509074466,0.2191780821917808,-0.13280033149565446,-0.13280033149565443,-2.7755575615628914e-17
fixed_selected_support_0_60,boundary_extended,crem_lime_abs,CHEMBL239_EC50,22,molformer,mlp,0.35150476045030593,0.4595873003752549,0.16666666666666666,0.33020985237074885,0.44184154364229067,0.16666666666666666,0.021294908079557084,0.02129490807955714,-5.551115123125783e-17
fixed_selected_support_0_60,boundary_extended,crem_lime_abs,CHEMBL239_EC50,22,molformer,xgboost,0.15780757263075126,0.2981729771922927,0.16666666666666666,0.21497446725909872,0.345812056049249,0.16666666666666666,-0.05716689462834745,-0.05716689462834751,5.551115123125783e-17
fixed_selected_support_0_60,boundary_extended,crem_lime_abs,CHEMBL239_EC50,22,morgan,mlp,0.021211558098506944,0.18434296508208914,0.16666666666666666,0.04291162814123518,0.20242635678436263,0.16666666666666666,-0.021700070042728233,-0.021700070042728233,0.0
fixed_selected_support_0_60,boundary_extended,crem_lime_abs,CHEMBL239_EC50,22,morgan,xgboost,-0.037172360354710006,0.13568969970440833,0.16666666666666666,0.17114933685696868,0.3092911140474739,0.16666666666666666,-0.20832169721167867,-0.20832169721167865,-2.7755575615628914e-17
fixed_selected_support_0_60,boundary_extended,crem_lime_abs,CHEMBL239_EC50,22,unimol,mlp,0.2899891574910302,0.40832429790919184,0.16666666666666666,0.1483376602079879,0.29028138350665655,0.16666666666666666,0.14165149728304233,0.14165149728304233,0.0
fixed_selected_support_0_60,boundary_extended,crem_lime_abs,CHEMBL239_EC50,22,unimol,xgboost,0.18125367689269822,0.31771139741058185,0.16666666666666666,0.1279998146609404,0.27333317888411696,0.16666666666666666,0.05325386223175782,0.05325386223175774,8.326672684688674e-17
fixed_selected_support_0_60,boundary_extended,crem_lime_abs,CHEMBL239_EC50,24,molformer,mlp,0.012084912084062158,0.48004469057055904,0.47368421052631576,-0.16283222268730677,0.3879830406908911,0.47368421052631576,0.17491713477136892,0.17491713477136883,8.326672684688674e-17
fixed_selected_support_0_60,boundary_extended,crem_lime_abs,CHEMBL239_EC50,24,molformer,xgboost,-0.13983727464102927,0.4000856449257741,0.47368421052631576,-0.07429022782853854,0.4345840906165586,0.47368421052631576,-0.06554704681249073,-0.06554704681249074,1.3877787807814457e-17
fixed_selected_support_0_60,boundary_extended,crem_lime_abs,CHEMBL239_EC50,24,morgan,mlp,0.09629144617318497,0.5243639190385184,0.47368421052631576,0.5706152237150915,0.7740080124816272,0.47368421052631576,-0.4743237775419066,-0.47432377754190663,5.551115123125783e-17
fixed_selected_support_0_60,boundary_extended,crem_lime_abs,CHEMBL239_EC50,24,morgan,xgboost,0.2502470262091379,0.60539317168902,0.47368421052631576,0.20913111981737045,0.5837532209565107,0.47368421052631576,0.04111590639176746,0.04111590639176743,2.7755575615628914e-17
fixed_selected_support_0_60,boundary_extended,crem_lime_abs,CHEMBL239_EC50,24,unimol,mlp,-0.14600462083274948,0.39683967324592134,0.47368421052631576,-0.16841629657039428,0.38504405443663453,0.47368421052631576,0.0224116757376448,0.022411675737644826,-2.7755575615628914e-17
fixed_selected_support_0_60,boundary_extended,crem_lime_abs,CHEMBL239_EC50,24,unimol,xgboost,-0.09961257460511898,0.4212565396815163,0.47368421052631576,0.04061505568613846,0.49506055562428336,0.47368421052631576,-0.14022763029125745,-0.1402276302912574,-5.551115123125783e-17
fixed_selected_support_0_60,boundary_extended,crem_lime_abs,CHEMBL239_EC50,25,molformer,mlp,0.41898844408555536,0.461709882020441,0.07352941176470588,-0.0001109458236225238,0.07342662372223208,0.07352941176470588,0.4190993899091779,0.4190993899091778,1.1102230246251565e-16
fixed_selected_support_0_60,boundary_extended,crem_lime_abs,CHEMBL239_EC50,25,molformer,xgboost,0.09319475240375051,0.1598716088446512,0.07352941176470588,0.062400366384464556,0.13134151591501864,0.07352941176470588,0.030794386019285955,0.030794386019285892,6.245004513516506e-17
fixed_selected_support_0_60,boundary_extended,crem_lime_abs,CHEMBL239_EC50,25,morgan,mlp,0.023198581429211523,0.09502221514765186,0.07352941176470588,0.17140742959345423,0.23233335388805323,0.07352941176470588,-0.1482088481642427,-0.14820884816424276,5.551115123125783e-17
fixed_selected_support_0_60,boundary_extended,crem_lime_abs,CHEMBL239_EC50,25,morgan,xgboost,0.028105247556374707,0.09956809700075892,0.07352941176470588,0.33007710903668186,0.3793361451369259,0.07352941176470588,-0.30197186148030714,-0.3019718614803073,1.6653345369377348e-16
fixed_selected_support_0_60,boundary_extended,crem_lime_abs,CHEMBL239_EC50,25,unimol,mlp,-0.0009844055870505027,0.0726173889414091,0.07352941176470588,0.00040657940699151987,0.07390609562706567,0.07352941176470588,-0.0013909849940420226,-0.001390984994041999,-2.3635607360183997e-17
fixed_selected_support_0_60,boundary_extended,crem_lime_abs,CHEMBL239_EC50,25,unimol,xgboost,0.0001472163132043397,0.07366580334899814,0.07352941176470588,0.02190177525887463,0.09382076237219268,0.07352941176470588,-0.02175455894567029,-0.021754558945670268,-2.0816681711721685e-17
fixed_selected_support_0_60,boundary_extended,crem_lime_abs,CHEMBL239_EC50,26,molformer,mlp,-0.077811722310243,0.502548435856811,0.5384615384615384,-0.06470718967175494,0.5085966816899593,0.5384615384615384,-0.013104532638488056,-0.013104532638488028,-2.7755575615628914e-17
fixed_selected_support_0_60,boundary_extended,crem_lime_abs,CHEMBL239_EC50,26,molformer,xgboost,-0.173917754972461,0.4581918053973257,0.5384615384615384,-0.051257985968758905,0.5148040064759574,0.5384615384615384,-0.1226597690037021,-0.12265976900370207,-2.7755575615628914e-17
fixed_selected_support_0_60,boundary_extended,crem_lime_abs,CHEMBL239_EC50,26,morgan,mlp,0.12826760630370002,0.5976619721401693,0.5384615384615384,-0.020053638009915026,0.529206013226193,0.5384615384615384,0.14832124431361504,0.148321244313615,2.7755575615628914e-17
fixed_selected_support_0_60,boundary_extended,crem_lime_abs,CHEMBL239_EC50,26,morgan,xgboost,-0.05804354144193833,0.5116722116421822,0.5384615384615384,0.004614404588234033,0.540591263656108,0.5384615384615384,-0.06265794603017236,-0.0626579460301723,-5.551115123125783e-17
fixed_selected_support_0_60,boundary_extended,crem_lime_abs,CHEMBL239_EC50,26,unimol,mlp,-0.19689166165801827,0.44758846385014533,0.5384615384615384,0.019292614122530912,0.5473658219027066,0.5384615384615384,-0.2161842757805492,-0.2161842757805491,-8.326672684688674e-17
fixed_selected_support_0_60,boundary_extended,crem_lime_abs,CHEMBL239_EC50,26,unimol,xgboost,-0.08998619136092521,0.4969294501411114,0.5384615384615384,-0.08501193229076497,0.4992252620196469,0.5384615384615384,-0.004974259070160247,-0.004974259070160275,2.7755575615628914e-17
fixed_selected_support_0_60,boundary_extended,crem_lime_abs,CHEMBL239_EC50,29,molformer,mlp,0.3195502997065728,0.5236852097946009,0.3,0.13990657015837452,0.3979345991108621,0.3,0.17964372954819827,0.17964372954819827,0.0
fixed_selected_support_0_60,boundary_extended,crem_lime_abs,CHEMBL239_EC50,29,molformer,xgboost,-0.03177299212765005,0.2777589055106449,0.3,0.09402484967761844,0.3658173947743329,0.3,-0.12579784180526848,-0.12579784180526843,-5.551115123125783e-17
fixed_selected_support_0_60,boundary_extended,crem_lime_abs,CHEMBL239_EC50,29,morgan,mlp,0.3120561483873256,0.5184393038711279,0.3,0.4205900922054051,0.5944130645437835,0.3,-0.10853394381807951,-0.10853394381807946,-5.551115123125783e-17
fixed_selected_support_0_60,boundary_extended,crem_lime_abs,CHEMBL239_EC50,29,morgan,xgboost,0.2580390071815427,0.4806273050270799,0.3,0.1851004176279384,0.42957029233955685,0.3,0.0729385895536043,0.0729385895536043,0.0
fixed_selected_support_0_60,boundary_extended,crem_lime_abs,CHEMBL239_EC50,29,unimol,mlp,0.0018094640483285972,0.30126662483383,0.3,0.015564141711835363,0.3108948991982847,0.3,-0.013754677663506767,-0.013754677663506736,-3.122502256758253e-17
fixed_selected_support_0_60,boundary_extended,crem_lime_abs,CHEMBL239_EC50,29,unimol,xgboost,0.021428980445905552,0.3150002863121339,0.3,0.07647351318705548,0.3535314592309388,0.3,-0.055044532741149926,-0.0550445327411499,-2.7755575615628914e-17
fixed_selected_support_0_60,boundary_extended,crem_lime_abs,CHEMBL239_EC50,30,molformer,mlp,0.49542976918479703,0.6559748426259979,0.3181818181818182,0.15173299084408368,0.4216361301209661,0.3181818181818182,0.3436967783407133,0.3436967783407133,0.0
fixed_selected_support_0_60,boundary_extended,crem_lime_abs,CHEMBL239_EC50,30,molformer,xgboost,-0.06534295956054885,0.27362980029962575,0.3181818181818182,0.11308652092013305,0.3952862642637271,0.3181818181818182,-0.1784294804806819,-0.17842948048068186,-5.551115123125783e-17
fixed_selected_support_0_60,boundary_extended,crem_lime_abs,CHEMBL239_EC50,30,morgan,mlp,0.41708355146275666,0.602556966906425,0.3181818181818182,0.17389667126232852,0.4367477304061331,0.3181818181818182,0.24318688020042814,0.24318688020042814,0.0
fixed_selected_support_0_60,boundary_extended,crem_lime_abs,CHEMBL239_EC50,30,morgan,xgboost,0.19311268906990456,0.4498495607294804,0.3181818181818182,-0.0030548640244014344,0.316098956346999,0.3181818181818182,0.196167553094306,0.196167553094306,0.0
fixed_selected_support_0_60,boundary_extended,crem_lime_abs,CHEMBL239_EC50,30,unimol,mlp,0.10713094148490865,0.3912256419215286,0.3181818181818182,0.4387580246694007,0.617335016820046,0.3181818181818182,-0.3316270831844921,-0.331627083184492,-5.551115123125783e-17
fixed_selected_support_0_60,boundary_extended,crem_lime_abs,CHEMBL239_EC50,30,unimol,xgboost,0.3538038706730102,0.5594117300043252,0.3181818181818182,0.5595309611784266,0.6996802008034727,0.3181818181818182,-0.20572709050541638,-0.20572709050541638,0.0
fixed_selected_support_0_60,boundary_extended,crem_lime_abs,CHEMBL239_EC50,35,molformer,mlp,-0.0415657290128723,0.24775808460181445,0.2777777777777778,0.15825189872214626,0.3920708157437723,0.2777777777777778,-0.19981762773501857,-0.19981762773501852,-5.551115123125783e-17
fixed_selected_support_0_60,boundary_extended,crem_lime_abs,CHEMBL239_EC50,35,molformer,xgboost,0.028149189093037624,0.29810774767830495,0.2777777777777778,-0.03277595030446579,0.2541062581134414,0.2777777777777778,0.060925139397503415,0.06092513939750342,-6.938893903907228e-18
fixed_selected_support_0_60,boundary_extended,crem_lime_abs,CHEMBL239_EC50,35,morgan,mlp,-0.014985466985833711,0.2669549405102312,0.2777777777777778,-0.11561691659064945,0.19427667135119764,0.2777777777777778,0.10063144960481574,0.1006314496048157,4.163336342344337e-17
fixed_selected_support_0_60,boundary_extended,crem_lime_abs,CHEMBL239_EC50,35,morgan,xgboost,0.203859409287349,0.42500957337419654,0.2777777777777778,0.0113838410830878,0.2859994407822301,0.2777777777777778,0.1924755682042612,0.19247556820426118,2.7755575615628914e-17
fixed_selected_support_0_60,boundary_extended,crem_lime_abs,CHEMBL239_EC50,35,unimol,mlp,0.28111571895595167,0.4808057970237429,0.2777777777777778,0.2807010436725007,0.48050630931902827,0.2777777777777778,0.0004146752834509604,0.0004146752834510159,-5.551115123125783e-17
fixed_selected_support_0_60,boundary_extended,crem_lime_abs,CHEMBL239_EC50,35,unimol,xgboost,0.685402197922441,0.7727904762773186,0.2777777777777778,0.060015391672291675,0.32112222731887735,0.2777777777777778,0.6253868062501493,0.6253868062501493,0.0
fixed_selected_support_0_60,boundary_extended,crem_lime_abs,CHEMBL239_EC50,37,molformer,mlp,-0.016814579249987586,0.12440966786806625,0.1388888888888889,0.07820239594797633,0.20622984095520183,0.1388888888888889,-0.09501697519796391,-0.09501697519796387,-4.163336342344337e-17
fixed_selected_support_0_60,boundary_extended,crem_lime_abs,CHEMBL239_EC50,37,molformer,xgboost,-0.014588916571907008,0.12632621072974673,0.1388888888888889,0.30104568570665174,0.39812267380295013,0.1388888888888889,-0.3156346022785588,-0.31563460227855866,-1.1102230246251565e-16
fixed_selected_support_0_60,boundary_extended,crem_lime_abs,CHEMBL239_EC50,37,morgan,mlp,0.0701111177147862,0.19926235136551038,0.1388888888888889,0.37672110013936394,0.4632876140088967,0.1388888888888889,-0.3066099824245777,-0.3066099824245778,1.1102230246251565e-16
fixed_selected_support_0_60,boundary_extended,crem_lime_abs,CHEMBL239_EC50,37,morgan,xgboost,0.05609434258912497,0.18719235056285763,0.1388888888888889,0.2504820252821402,0.3545817439929541,0.1388888888888889,-0.19438768269301523,-0.19438768269301526,2.7755575615628914e-17
fixed_selected_support_0_60,boundary_extended,crem_lime_abs,CHEMBL239_EC50,37,unimol,mlp,0.3681255914102004,0.4558859259365615,0.1388888888888889,0.06449780255276998,0.19442866330932973,0.1388888888888889,0.3036277888574304,0.30362778885743036,5.551115123125783e-17
fixed_selected_support_0_60,boundary_extended,crem_lime_abs,CHEMBL239_EC50,37,unimol,xgboost,0.49408817380605585,0.5643537052218814,0.1388888888888889,0.1313605982046292,0.2520049595650974,0.1388888888888889,0.36272757560142666,0.36272757560142666,0.0
fixed_selected_support_0_60,boundary_extended,crem_lime_abs,CHEMBL239_EC50,38,molformer,mlp,0.4547505914130358,0.5246543617446978,0.1282051282051282,0.1951914367867156,0.29837202181405975,0.1282051282051282,0.2595591546263202,0.2595591546263202,0.0
fixed_selected_support_0_60,boundary_extended,crem_lime_abs,CHEMBL239_EC50,38,molformer,xgboost,0.0804048118246458,0.19830163082148608,0.1282051282051282,0.04105517360106337,0.16399681801118346,0.1282051282051282,0.03934963822358243,0.039349638223582506,-7.632783294297951e-17
fixed_selected_support_0_60,boundary_extended,crem_lime_abs,CHEMBL239_EC50,38,morgan,mlp,0.04467545504449987,0.16715296080802552,0.1282051282051282,0.016289842008742703,0.14240652893069874,0.1282051282051282,0.02838561303575717,0.02838561303575713,3.8163916471489756e-17
fixed_selected_support_0_60,boundary_extended,crem_lime_abs,CHEMBL239_EC50,38,morgan,xgboost,0.03132975084289533,0.15551824432457542,0.1282051282051282,0.03180748496432967,0.1559347304817233,0.1282051282051282,-0.0004777341214343353,-0.00047773412143437,3.469446951953614e-17
fixed_selected_support_0_60,boundary_extended,crem_lime_abs,CHEMBL239_EC50,38,unimol,mlp,0.1859397332093091,0.29030643407991047,0.1282051282051282,-0.010389724170334382,0.11914741995406745,0.1282051282051282,0.19632945737964347,0.1963294573796434,5.551115123125783e-17
fixed_selected_support_0_60,boundary_extended,crem_lime_abs,CHEMBL239_EC50,38,unimol,xgboost,-0.002014979515496585,0.12644847939674655,0.1282051282051282,0.19404756195449624,0.2973747976013557,0.1282051282051282,-0.19606254146999283,-0.1960625414699927,-1.3877787807814457e-16
fixed_selected_support_0_60,boundary_extended,crem_lime_abs,CHEMBL239_EC50,40,molformer,mlp,0.015449852289807706,0.09003698469209499,0.07575757575757576,0.03197739626336505,0.10531244200098892,0.07575757575757576,-0.016527543973557345,-0.016527543973557296,-4.85722573273506e-17
fixed_selected_support_0_60,boundary_extended,crem_lime_abs,CHEMBL239_EC50,40,molformer,xgboost,0.05461346772095053,0.12623365956027247,0.07575757575757576,0.17359503966060422,0.23620147604995242,0.07575757575757576,-0.1189815719396537,-0.1189815719396537,0.0
fixed_selected_support_0_60,boundary_extended,crem_lime_abs,CHEMBL239_EC50,40,morgan,mlp,-0.023879739719903658,0.05368690722857389,0.07575757575757576,0.12238636217926603,0.1888722438323519,0.07575757575757576,-0.1462661018991697,-0.14626610189916964,-5.551115123125783e-17
fixed_selected_support_0_60,boundary_extended,crem_lime_abs,CHEMBL239_EC50,40,morgan,xgboost,-0.02500949354620975,0.0526427408133516,0.07575757575757576,0.0036136913280419027,0.07909750259106903,0.07575757575757576,-0.02862318487425165,-0.028623184874251598,-5.204170427930421e-17
fixed_selected_support_0_60,boundary_extended,crem_lime_abs,CHEMBL239_EC50,40,unimol,mlp,-0.022856439637766967,0.05463268457721538,0.07575757575757576,-0.0029213415172182934,0.07305754799166188,0.07575757575757576,-0.019935098120548674,-0.019935098120548667,-6.938893903907228e-18
fixed_selected_support_0_60,boundary_extended,crem_lime_abs,CHEMBL239_EC50,40,unimol,xgboost,0.009618076373813714,0.08464700998185813,0.07575757575757576,-0.00306157274484683,0.07292794034188399,0.07575757575757576,0.012679649118660544,0.0126796491186605,4.5102810375396984e-17
fixed_selected_support_0_60,boundary_extended,crem_lime_abs,CHEMBL239_EC50,48,molformer,mlp,0.6108357171738272,0.7198017163651557,0.28,0.16444298828461426,0.3983989515649223,0.28,0.446392728889213,0.446392728889213,0.0
fixed_selected_support_0_60,boundary_extended,crem_lime_abs,CHEMBL239_EC50,48,molformer,xgboost,0.1739205809906688,0.40522281831328155,0.28,0.33747312184138095,0.5229806477257943,0.28,-0.16355254085071216,-0.1635525408507122,2.7755575615628914e-17
fixed_selected_support_0_60,boundary_extended,crem_lime_abs,CHEMBL239_EC50,48,morgan,mlp,0.6254790546388541,0.730344919339975,0.28,0.3145314424283901,0.5064626385484409,0.28,0.310947612210464,0.310947612210464,0.0
fixed_selected_support_0_60,boundary_extended,crem_lime_abs,CHEMBL239_EC50,48,morgan,xgboost,0.021084047784503596,0.2951805144048426,0.28,0.1766780404119024,0.40720818909656975,0.28,-0.1555939926273988,-0.15559399262739876,-5.551115123125783e-17
fixed_selected_support_0_60,boundary_extended,crem_lime_abs,CHEMBL239_EC50,48,unimol,mlp,0.034158905245551846,0.30459441177679736,0.28,-0.08381271401204056,0.21965484591133086,0.28,0.1179716192575924,0.11797161925759239,1.3877787807814457e-17
fixed_selected_support_0_60,boundary_extended,crem_lime_abs,CHEMBL239_EC50,48,unimol,xgboost,0.0970743336306145,0.34989352021404246,0.28,0.06735035561236831,0.3284922560409052,0.28,0.029723978018246194,0.029723978018246194,0.0
fixed_selected_support_0_60,boundary_extended,crem_lime_abs,CHEMBL239_EC50,52,molformer,mlp,0.03813488037130588,0.31929545380123187,0.2923076923076923,-0.0890369181531863,0.2292969502300528,0.2923076923076923,0.12717179852449217,0.12982259970519652,-0.0026508011807043486
fixed_selected_support_0_60,boundary_extended,crem_lime_abs,CHEMBL239_EC50,52,molformer,xgboost,-0.1305583776637309,0.19991253273028278,0.2923076923076923,-0.1361725839965421,0.19593940209475483,0.2923076923076923,0.005614206332811206,0.0015655178915265633,0.0040486884412846424
fixed_selected_support_0_60,boundary_extended,crem_lime_abs,CHEMBL239_EC50,52,morgan,mlp,-0.10881717626123144,0.21529861372282086,0.2923076923076923,0.08943587614538072,0.3556007738875002,0.2923076923076923,-0.19825305240661217,-0.1834598242832181,-0.014793228123394064
fixed_selected_support_0_60,boundary_extended,crem_lime_abs,CHEMBL239_EC50,52,morgan,xgboost,-0.007086003674757757,0.28729298201478687,0.2923076923076923,-0.12682112928255654,0.2025573546615754,0.2923076923076923,0.11973512560779878,0.11800845955306388,0.0017266660547348989
fixed_selected_support_0_60,boundary_extended,crem_lime_abs,CHEMBL239_EC50,52,unimol,mlp,-0.12474685484026281,0.20402530272842942,0.2923076923076923,-0.07070095272022485,0.24227317192107167,0.2923076923076923,-0.05404590212003796,-0.046205352521511964,-0.007840549598525995
fixed_selected_support_0_60,boundary_extended,crem_lime_abs,CHEMBL239_EC50,52,unimol,xgboost,-0.15447952608656676,0.18298372000027585,0.2923076923076923,-0.07635878126966085,0.23826917017839389,0.2923076923076923,-0.07812074481690591,-0.05857013179115268,-0.019550613025753227
fixed_selected_support_0_60,boundary_extended,crem_lime_abs,CHEMBL239_EC50,57,molformer,mlp,-0.1482960972171159,0.16969359124300853,0.27692307692307694,-0.07773761193631819,0.2207128036768161,0.27692307692307694,-0.07055848528079771,-0.0705584852807977,-1.3877787807814457e-17
fixed_selected_support_0_60,boundary_extended,crem_lime_abs,CHEMBL239_EC50,57,molformer,xgboost,-0.07656009079103776,0.2215642420434035,0.27692307692307694,-0.07296431224684691,0.22416426652920304,0.27692307692307694,-0.003595778544190853,-0.003595778544190839,-1.3877787807814457e-17
fixed_selected_support_0_60,boundary_extended,crem_lime_abs,CHEMBL239_EC50,57,morgan,mlp,-0.044491798345654344,0.24475208427314224,0.27692307692307694,0.2247576228153324,0.43944012726647114,0.27692307692307694,-0.26924942116098677,-0.2692494211609867,-5.551115123125783e-17
fixed_selected_support_0_60,boundary_extended,crem_lime_abs,CHEMBL239_EC50,57,morgan,xgboost,-0.10324939236471098,0.20226582398243975,0.27692307692307694,-3.1410975619539094e-05,0.27690036437147514,0.27692307692307694,-0.10321798138909144,-0.10321798138909141,-2.7755575615628914e-17
fixed_selected_support_0_60,boundary_extended,crem_lime_abs,CHEMBL239_EC50,57,unimol,mlp,-0.04842922273489805,0.2419050235609199,0.27692307692307694,-0.04512616325705246,0.24429338964490055,0.27692307692307694,-0.0033030594778455935,-0.003303059477845531,-6.245004513516506e-17
fixed_selected_support_0_60,boundary_extended,crem_lime_abs,CHEMBL239_EC50,57,unimol,xgboost,-0.10121975416140461,0.2037334085294459,0.27692307692307694,-0.07363887348383046,0.22367650686553797,0.27692307692307694,-0.02758088067757415,-0.027580880677574166,1.3877787807814457e-17
fixed_selected_support_0_60,boundary_extended,crem_lime_abs,CHEMBL239_EC50,66,molformer,mlp,0.07278881844547641,0.4099565208289395,0.3636363636363636,-0.054533773426159206,0.3289330532742623,0.3636363636363636,0.1273225918716356,0.12732259187163553,8.326672684688674e-17
fixed_selected_support_0_60,boundary_extended,crem_lime_abs,CHEMBL239_EC50,66,molformer,xgboost,0.018392803976614008,0.3753408752578453,0.3636363636363636,0.2033296415374225,0.4930279537056325,0.3636363636363636,-0.1849368375608085,-0.18493683756080848,-2.7755575615628914e-17
fixed_selected_support_0_60,boundary_extended,crem_lime_abs,CHEMBL239_EC50,66,morgan,mlp,0.02270815808887708,0.3780870096929218,0.3636363636363636,-0.09685573945353614,0.3020008930750225,0.3636363636363636,0.11956389754241321,0.11956389754241313,8.326672684688674e-17
fixed_selected_support_0_60,boundary_extended,crem_lime_abs,CHEMBL239_EC50,66,morgan,xgboost,0.06295506240177894,0.4036986760738593,0.3636363636363636,0.28603713779228573,0.5456599967769091,0.3636363636363636,-0.22308207539050678,-0.22308207539050678,0.0
fixed_selected_support_0_60,boundary_extended,crem_lime_abs,CHEMBL239_EC50,66,unimol,mlp,-0.11119376606373159,0.2928766943230799,0.3636363636363636,0.05916814667404529,0.4012888206107561,0.3636363636363636,-0.17036191273777687,-0.1703619127377768,-8.326672684688674e-17
fixed_selected_support_0_60,boundary_extended,crem_lime_abs,CHEMBL239_EC50,66,unimol,xgboost,-0.03174186729084046,0.3434369935421924,0.3636363636363636,0.25235212753805064,0.5242240811605776,0.3636363636363636,-0.2840939948288911,-0.2840939948288911,0.0
fixed_selected_support_0_60,boundary_extended,crem_lime_abs,CHEMBL239_EC50,68,molformer,mlp,0.7106336710980626,0.7440220936636708,0.11538461538461538,0.5198133143425657,0.5752194703799619,0.11538461538461538,0.1908203567554969,0.1908203567554969,0.0
fixed_selected_support_0_60,boundary_extended,crem_lime_abs,CHEMBL239_EC50,68,molformer,xgboost,0.4159523818606948,0.48334249164599924,0.11538461538461538,0.17114771433986295,0.2667845165314172,0.11538461538461538,0.24480466752083183,0.24480466752083183,0.0
fixed_selected_support_0_60,boundary_extended,crem_lime_abs,CHEMBL239_EC50,68,morgan,mlp,0.3933631208621849,0.46335968383962517,0.11538461538461538,0.08018563934740568,0.18631806557655117,0.11538461538461538,0.3131774815147792,0.3131774815147792,0.0
fixed_selected_support_0_60,boundary_extended,crem_lime_abs,CHEMBL239_EC50,68,morgan,xgboost,0.14073703625608455,0.23988276284192092,0.11538461538461538,0.034306117625334365,0.14573233482241119,0.11538461538461538,0.10643091863075019,0.10643091863075013,5.551115123125783e-17
fixed_selected_support_0_60,boundary_extended,crem_lime_abs,CHEMBL239_EC50,68,unimol,mlp,0.018773193489770704,0.13199167116402793,0.11538461538461538,0.27066502936056086,0.3548190644343423,0.11538461538461538,-0.25189183587079017,-0.2518918358707901,-5.551115123125783e-17
fixed_selected_support_0_60,boundary_extended,crem_lime_abs,CHEMBL239_EC50,68,unimol,xgboost,0.22937125287384652,0.31828995446532576,0.11538461538461538,0.12285345051772094,0.2240626677656762,0.11538461538461538,0.10651780235612558,0.10651780235612558,0.0
fixed_selected_support_0_60,boundary_extended,crem_lime_abs,CHEMBL239_EC50,74,molformer,mlp,0.22069409841336632,0.46730989005470613,0.31645569620253167,0.15159406309543824,0.42007695452093247,0.31645569620253167,0.06910003531792808,0.0691000353179281,-2.7755575615628914e-17
fixed_selected_support_0_60,boundary_extended,crem_lime_abs,CHEMBL239_EC50,74,molformer,xgboost,-0.054398317523135835,0.27927203612342616,0.31645569620253167,-0.01843570117191734,0.30385407767995526,0.31645569620253167,-0.035962616351218495,-0.03596261635121854,4.85722573273506e-17
fixed_selected_support_0_60,boundary_extended,crem_lime_abs,CHEMBL239_EC50,74,morgan,mlp,-0.026336699895265363,0.29845339500829965,0.31645569620253167,0.2254553728195521,0.4705644320538711,0.31645569620253167,-0.25179207271481746,-0.2517920727148174,-5.551115123125783e-17
fixed_selected_support_0_60,boundary_extended,crem_lime_abs,CHEMBL239_EC50,74,morgan,xgboost,-0.14609335007555438,0.21659441893569706,0.31645569620253167,0.14986334042896607,0.4188939289008123,0.31645569620253167,-0.29595669050452045,-0.29595669050452045,0.0
fixed_selected_support_0_60,boundary_extended,crem_lime_abs,CHEMBL239_EC50,74,unimol,mlp,0.045988685169335464,0.347890999989166,0.31645569620253167,0.09158662147453706,0.3790592096155064,0.31645569620253167,-0.04559793630520159,-0.045597936305201606,1.3877787807814457e-17
fixed_selected_support_0_60,boundary_extended,crem_lime_abs,CHEMBL239_EC50,74,unimol,xgboost,0.11617392969526259,0.395865724095496,0.31645569620253167,-0.006666387335939341,0.31189892511214273,0.31645569620253167,0.12284031703120193,0.1228403170312019,2.7755575615628914e-17
fixed_selected_support_0_60,boundary_extended,crem_lime_abs,CHEMBL239_EC50,75,molformer,mlp,0.0008835319103293486,0.18990556641378056,0.18918918918918917,0.049975085590004215,0.2297095288567602,0.18918918918918917,-0.04909155367967487,-0.049091553679674875,6.938893903907228e-18
fixed_selected_support_0_60,boundary_extended,crem_lime_abs,CHEMBL239_EC50,75,molformer,xgboost,0.014081729394321105,0.2006068076170171,0.18918918918918917,0.14710820269245165,0.30846611029117704,0.18918918918918917,-0.13302647329813055,-0.13302647329813058,2.7755575615628914e-17
fixed_selected_support_0_60,boundary_extended,crem_lime_abs,CHEMBL239_EC50,75,morgan,mlp,0.44260038030815546,0.5480543624120179,0.18918918918918917,0.202111453031711,0.3530633402959819,0.18918918918918917,0.24048892727644447,0.24048892727644453,-5.551115123125783e-17
fixed_selected_support_0_60,boundary_extended,crem_lime_abs,CHEMBL239_EC50,75,morgan,xgboost,0.26386175795957195,0.4031311551023556,0.18918918918918917,0.008289695919606427,0.19591056425914036,0.18918918918918917,0.2555720620399655,0.2555720620399655,0.0
fixed_selected_support_0_60,boundary_extended,crem_lime_abs,CHEMBL239_EC50,75,unimol,mlp,0.11202884165159628,0.2800233851229159,0.18918918918918917,-0.03473633132444152,0.1610245962234258,0.18918918918918917,0.1467651729760378,0.14676517297603772,8.326672684688674e-17
fixed_selected_support_0_60,boundary_extended,crem_lime_abs,CHEMBL239_EC50,75,unimol,xgboost,-0.014346258802092728,0.17755708745776266,0.18918918918918917,0.03838251529073067,0.22031014753302489,0.18918918918918917,-0.052728774092823394,-0.052728774092823394,0.0
fixed_selected_support_0_60,boundary_extended,crem_lime_abs,CHEMBL239_EC50,85,molformer,mlp,0.20407760227418062,0.3177808019492977,0.14285714285714285,0.36826261318951553,0.4585108113052991,0.14285714285714285,-0.1641850109153349,-0.16418501091533488,-2.7755575615628914e-17
fixed_selected_support_0_60,boundary_extended,crem_lime_abs,CHEMBL239_EC50,85,molformer,xgboost,-0.010427437796412822,0.13391933903164613,0.14285714285714285,0.3163025727110624,0.4139736337523392,0.14285714285714285,-0.3267300105074752,-0.32673001050747513,-5.551115123125783e-17
fixed_selected_support_0_60,boundary_extended,crem_lime_abs,CHEMBL239_EC50,85,morgan,mlp,0.11009741287519066,0.23722635389302058,0.14285714285714285,0.1356548126980335,0.25913269659831445,0.14285714285714285,-0.025557399822842844,-0.0255573998228429,5.551115123125783e-17
fixed_selected_support_0_60,boundary_extended,crem_lime_abs,CHEMBL239_EC50,85,morgan,xgboost,0.07864984162909634,0.21027129282493973,0.14285714285714285,0.016135203770091703,0.15668731751722145,0.14285714285714285,0.06251463785900464,0.06251463785900463,1.3877787807814457e-17
fixed_selected_support_0_60,boundary_extended,crem_lime_abs,CHEMBL239_EC50,85,unimol,mlp,0.7838428204168943,0.8147224175001954,0.14285714285714285,0.538612670732672,0.6045251463422903,0.14285714285714285,0.2452301496842223,0.2452301496842223,0.0
fixed_selected_support_0_60,boundary_extended,crem_lime_abs,CHEMBL239_EC50,85,unimol,xgboost,0.7993423706931333,0.8280077463083999,0.14285714285714285,0.2567326722325932,0.36291371905650854,0.14285714285714285,0.5426096984605401,0.5426096984605402,-1.1102230246251565e-16
fixed_selected_support_0_60,boundary_extended,crem_lime_abs,CHEMBL239_EC50,91,molformer,mlp,0.33193969729752926,0.4861074594596379,0.23076923076923075,0.1470556655144034,0.343888973472618,0.23076923076923075,0.18488403178312585,0.18488403178312587,-2.7755575615628914e-17
fixed_selected_support_0_60,boundary_extended,crem_lime_abs,CHEMBL239_EC50,91,molformer,xgboost,0.0765072429439148,0.2896209561107037,0.23076923076923075,0.23095566623803512,0.4084274355677193,0.23076923076923075,-0.15444842329412034,-0.15444842329412029,-5.551115123125783e-17
fixed_selected_support_0_60,boundary_extended,crem_lime_abs,CHEMBL239_EC50,91,morgan,mlp,0.0320024443883129,0.2553864956833176,0.23076923076923075,-0.02651540625130593,0.2103727644220724,0.23076923076923075,0.058517850639618826,0.058517850639618764,6.245004513516506e-17
fixed_selected_support_0_60,boundary_extended,crem_lime_abs,CHEMBL239_EC50,91,morgan,xgboost,0.11764243255929095,0.32126340966099304,0.23076923076923075,-0.014655663222989368,0.2194956436746236,0.23076923076923075,0.13229809578228033,0.13229809578228027,5.551115123125783e-17
fixed_selected_support_0_60,boundary_extended,crem_lime_abs,CHEMBL239_EC50,91,unimol,mlp,0.3172440169211666,0.47480308993935894,0.23076923076923075,0.004430714996577641,0.2341774730742905,0.23076923076923075,0.31281330192458895,0.31281330192458895,0.0
fixed_selected_support_0_60,boundary_extended,crem_lime_abs,CHEMBL239_EC50,91,unimol,xgboost,0.40794196853510306,0.5445707450270023,0.23076923076923075,-0.031956488424840834,0.2061873165962763,0.23076923076923075,0.4398984569599439,0.43989845695994384,5.551115123125783e-17
fixed_selected_support_0_60,boundary_extended,crem_lime_abs,CHEMBL239_EC50,102,molformer,mlp,0.03326924177147078,0.19863108199477186,0.17105263157894737,0.3763299660597273,0.48301036660214236,0.17105263157894737,-0.3430607242882565,-0.3430607242882565,0.0
fixed_selected_support_0_60,boundary_extended,crem_lime_abs,CHEMBL239_EC50,102,molformer,xgboost,0.2053597328996816,0.34128504174578866,0.17105263157894737,0.3276098519161959,0.4426239561936887,0.17105263157894737,-0.12225011901651431,-0.12225011901651425,-5.551115123125783e-17
fixed_selected_support_0_60,boundary_extended,crem_lime_abs,CHEMBL239_EC50,102,morgan,mlp,-0.04122100140691485,0.1368825909390048,0.17105263157894737,-0.03653025313118517,0.14077097437809652,0.17105263157894737,-0.004690748275729677,-0.00469074827572967,-6.938893903907228e-18
fixed_selected_support_0_60,boundary_extended,crem_lime_abs,CHEMBL239_EC50,102,morgan,xgboost,-0.013769778217451706,0.15963821016184923,0.17105263157894737,0.2054910278040618,0.3413938783112617,0.17105263157894737,-0.21926080602151352,-0.21926080602151352,0.0
fixed_selected_support_0_60,boundary_extended,crem_lime_abs,CHEMBL239_EC50,102,unimol,mlp,-0.0023283934628383998,0.16912251594527872,0.17105263157894737,0.009384781642701663,0.17883212162487114,0.17105263157894737,-0.011713175105540062,-0.011713175105540066,3.469446951953614e-18
fixed_selected_support_0_60,boundary_extended,crem_lime_abs,CHEMBL239_EC50,102,unimol,xgboost,0.02803063768179108,0.19428855492043207,0.17105263157894737,0.11658910634495974,0.267698864470164,0.17105263157894737,-0.08855846866316866,-0.08855846866316867,1.3877787807814457e-17
fixed_selected_support_0_60,boundary_extended,crem_lime_abs,CHEMBL239_EC50,107,molformer,mlp,-0.050372684321038357,0.2997515437859744,0.3333333333333333,0.0346469838867634,0.35643132259117555,0.3333333333333333,-0.08501966820780175,-0.08501966820780173,-2.7755575615628914e-17
fixed_selected_support_0_60,boundary_extended,crem_lime_abs,CHEMBL239_EC50,107,molformer,xgboost,-0.08860268187542202,0.2742648787497186,0.3333333333333333,0.05241964356790027,0.3682797623786002,0.3333333333333333,-0.14102232544332227,-0.14102232544332227,0.0
fixed_selected_support_0_60,boundary_extended,crem_lime_abs,CHEMBL239_EC50,107,morgan,mlp,-0.10338336037286078,0.26441109308475946,0.3333333333333333,-0.05379516579700188,0.29746988946866537,0.3333333333333333,-0.0495881945758589,-0.04958819457585887,-2.7755575615628914e-17
fixed_selected_support_0_60,boundary_extended,crem_lime_abs,CHEMBL239_EC50,107,morgan,xgboost,-0.16710732358003724,0.2219284509466418,0.3333333333333333,0.0009566328107813715,0.3339710885405209,0.3333333333333333,-0.16806395639081861,-0.16806395639081864,2.7755575615628914e-17
fixed_selected_support_0_60,boundary_extended,crem_lime_abs,CHEMBL239_EC50,107,unimol,mlp,-0.09493093282773167,0.27004604478151223,0.3333333333333333,-0.032572605159125904,0.31161826322724934,0.3333333333333333,-0.062358327668605766,-0.062358327668605766,0.0
fixed_selected_support_0_60,boundary_extended,crem_lime_abs,CHEMBL239_EC50,107,unimol,xgboost,-0.14954050136551597,0.23363966575632267,0.3333333333333333,-5.88534255042313e-05,0.3332940977163305,0.3333333333333333,-0.14948164794001173,-0.14948164794001167,-5.551115123125783e-17
fixed_selected_support_0_60,boundary_extended,crem_lime_abs,CHEMBL239_EC50,114,molformer,mlp,0.22101990820647052,0.4636530515519961,0.3114754098360656,0.27347452366448843,0.4997693441624347,0.3114754098360656,-0.05245461545801791,-0.05245461545801797,5.551115123125783e-17
fixed_selected_support_0_60,boundary_extended,crem_lime_abs,CHEMBL239_EC50,114,molformer,xgboost,-0.1453467260489797,0.21140061485152217,0.3114754098360656,0.1141123323183907,0.39004455667823623,0.3114754098360656,-0.2594590583673704,-0.2594590583673704,0.0
fixed_selected_support_0_60,boundary_extended,crem_lime_abs,CHEMBL239_EC50,114,morgan,mlp,0.12998828385425168,0.4009755397029274,0.3114754098360656,0.0536404947119471,0.3484082094737997,0.3114754098360656,0.07634778914230458,0.07634778914230458,0.0
fixed_selected_support_0_60,boundary_extended,crem_lime_abs,CHEMBL239_EC50,114,morgan,xgboost,-0.1330636158188527,0.21985783828865882,0.3114754098360656,0.17674501889916425,0.4331687015371295,0.3114754098360656,-0.30980863471801695,-0.30980863471801684,-1.1102230246251565e-16
fixed_selected_support_0_60,boundary_extended,crem_lime_abs,CHEMBL239_EC50,114,unimol,mlp,-0.06089054467755725,0.26955077251709175,0.3114754098360656,0.1917755304967439,0.4435175783748073,0.3114754098360656,-0.2526660751743012,-0.2526660751743011,-5.551115123125783e-17
fixed_selected_support_0_60,boundary_extended,crem_lime_abs,CHEMBL239_EC50,114,unimol,xgboost,-0.0018721052580775628,0.310186419330504,0.3114754098360656,0.027929858093388365,0.3307058039331527,0.3114754098360656,-0.029801963351465927,-0.02980196335146593,3.469446951953614e-18
fixed_selected_support_0_60,boundary_extended,crem_lime_abs,CHEMBL239_EC50,115,molformer,mlp,0.46013057712895544,0.5328053071308269,0.1346153846153846,-0.022741718076232074,0.11493505166479916,0.1346153846153846,0.48287229520518754,0.4828722952051874,1.6653345369377348e-16
fixed_selected_support_0_60,boundary_extended,crem_lime_abs,CHEMBL239_EC50,115,molformer,xgboost,0.45650758690858945,0.5296700271324332,0.1346153846153846,0.22767288458473867,0.3316399962752546,0.1346153846153846,0.22883470232385078,0.22883470232385078,0.0
fixed_selected_support_0_60,boundary_extended,crem_lime_abs,CHEMBL239_EC50,115,morgan,mlp,-0.0067167395173288605,0.12880282157154233,0.1346153846153846,0.19764855269167145,0.30565740136779257,0.1346153846153846,-0.20436529220900032,-0.20436529220900024,-8.326672684688674e-17
fixed_selected_support_0_60,boundary_extended,crem_lime_abs,CHEMBL239_EC50,115,morgan,xgboost,0.028759579119934042,0.15950348193071215,0.1346153846153846,-0.02962773826278751,0.1089759957341262,0.1346153846153846,0.05838731738272156,0.05838731738272146,9.71445146547012e-17
fixed_selected_support_0_60,boundary_extended,crem_lime_abs,CHEMBL239_EC50,115,unimol,mlp,0.20973490918204896,0.3161167483306193,0.1346153846153846,0.1879539355993202,0.2972678288840271,0.1346153846153846,0.021780973582728763,0.021780973582728735,2.7755575615628914e-17
fixed_selected_support_0_60,boundary_extended,crem_lime_abs,CHEMBL239_EC50,115,unimol,xgboost,0.1690128239767367,0.2808764822875606,0.1346153846153846,0.030198253793819598,0.1607484888600362,0.1346153846153846,0.1388145701829171,0.13881457018291715,-5.551115123125783e-17
fixed_selected_support_0_60,boundary_extended,crem_lime_abs,CHEMBL239_EC50,118,molformer,mlp,-0.016901660624145737,0.15478303532538537,0.16883116883116886,0.06430220127500137,0.22227715430649467,0.16883116883116886,-0.0812038618991471,-0.08120386189914713,2.7755575615628914e-17
fixed_selected_support_0_60,boundary_extended,crem_lime_abs,CHEMBL239_EC50,118,molformer,xgboost,-0.03593334786906784,0.1389644900828527,0.16883116883116886,-0.03729917387495502,0.13782925807795945,0.16883116883116886,0.0013658260058871802,0.001365826005887194,-1.3877787807814457e-17
fixed_selected_support_0_60,boundary_extended,crem_lime_abs,CHEMBL239_EC50,118,morgan,mlp,0.20637396582989295,0.34036277679367727,0.16883116883116886,0.2232119585575533,0.35435799152835595,0.16883116883116886,-0.016837992727660345,-0.016837992727660428,8.326672684688674e-17
fixed_selected_support_0_60,boundary_extended,crem_lime_abs,CHEMBL239_EC50,118,morgan,xgboost,0.09518365189102829,0.24794485351981574,0.16883116883116886,0.037791229697272104,0.2002420610470833,0.16883116883116886,0.05739242219375618,0.05739242219375617,1.3877787807814457e-17
fixed_selected_support_0_60,boundary_extended,crem_lime_abs,CHEMBL239_EC50,118,unimol,mlp,0.37340304442091415,0.47919214081738315,0.16883116883116886,0.0106512894415476,0.17768418862674085,0.16883116883116886,0.36275175497936657,0.36275175497936646,1.1102230246251565e-16
fixed_selected_support_0_60,boundary_extended,crem_lime_abs,CHEMBL239_EC50,118,unimol,xgboost,0.03091300167663577,0.19452509230265833,0.16883116883116886,-0.015876461490270496,0.15563514889120375,0.16883116883116886,0.04678946316690627,0.04678946316690634,-6.938893903907228e-17
fixed_selected_support_0_60,boundary_extended,crem_lime_abs,CHEMBL239_EC50,124,molformer,mlp,0.3286881184253405,0.6358986405018796,0.45762711864406774,-0.050961422912264354,0.42998702486114476,0.45762711864406774,0.37964954133760487,0.3796495413376048,5.551115123125783e-17
fixed_selected_support_0_60,boundary_extended,crem_lime_abs,CHEMBL239_EC50,124,molformer,xgboost,0.016702929423103627,0.4666863346023613,0.45762711864406774,0.05852247202506605,0.4893681204203748,0.45762711864406774,-0.041819542601962426,-0.04181954260196244,1.3877787807814457e-17
fixed_selected_support_0_60,boundary_extended,crem_lime_abs,CHEMBL239_EC50,124,morgan,mlp,0.09476032074284374,0.5090225468435763,0.45762711864406774,0.03111706911669339,0.47450417308024045,0.45762711864406774,0.06364325162615035,0.06364325162615031,4.163336342344337e-17
fixed_selected_support_0_60,boundary_extended,crem_lime_abs,CHEMBL239_EC50,124,morgan,xgboost,-0.1795767565922163,0.3602295557465946,0.45762711864406774,0.04714012986684718,0.48319464670744255,0.45762711864406774,-0.2267168864590635,-0.2267168864590634,-8.326672684688674e-17
fixed_selected_support_0_60,boundary_extended,crem_lime_abs,CHEMBL239_EC50,124,unimol,mlp,0.3160045458731049,0.6290194147108366,0.45762711864406774,0.017422646662567574,0.46707668971529087,0.45762711864406774,0.2985818992105373,0.29858189921053735,-5.551115123125783e-17
fixed_selected_support_0_60,boundary_extended,crem_lime_abs,CHEMBL239_EC50,124,unimol,xgboost,0.06342667800702573,0.4920280287495733,0.45762711864406774,0.05710421618050387,0.4885988969114597,0.45762711864406774,0.006322461826521859,0.006322461826521866,-6.938893903907228e-18
fixed_selected_support_0_60,boundary_extended,crem_lime_abs,CHEMBL239_EC50,126,molformer,mlp,-0.057383905639830694,0.19254319932958383,0.23636363636363636,0.020747385489906678,0.25220709437411054,0.23636363636363636,-0.07813129112973738,-0.07813129112973732,-5.551115123125783e-17
fixed_selected_support_0_60,boundary_extended,crem_lime_abs,CHEMBL239_EC50,126,molformer,xgboost,0.05047085423650602,0.2749050159624227,0.23636363636363636,-0.061985179214698795,0.18902949950877546,0.23636363636363636,0.1124560334512048,0.11245603345120472,8.326672684688674e-17
fixed_selected_support_0_60,boundary_extended,crem_lime_abs,CHEMBL239_EC50,126,morgan,mlp,-0.08984595012694634,0.16775400172124097,0.23636363636363636,-0.030479903793198596,0.21308807346701197,0.23636363636363636,-0.05936604633374774,-0.059366046333747716,-2.7755575615628914e-17
fixed_selected_support_0_60,boundary_extended,crem_lime_abs,CHEMBL239_EC50,126,morgan,xgboost,-0.009035041590981998,0.22946415005779555,0.23636363636363636,0.0808498623297134,0.29810353123359934,0.23636363636363636,-0.0898849039206954,-0.08988490392069531,-8.326672684688674e-17
fixed_selected_support_0_60,boundary_extended,crem_lime_abs,CHEMBL239_EC50,126,unimol,mlp,-0.030007527136997173,0.21344879745902035,0.23636363636363636,-0.06420338616651898,0.1873355960182946,0.23636363636363636,0.03419585902952181,0.03419585902952181,0.0
fixed_selected_support_0_60,boundary_extended,crem_lime_abs,CHEMBL239_EC50,126,unimol,xgboost,0.3452768965531505,0.5000296300951331,0.23636363636363636,-0.03179514470074091,0.21208370768307058,0.23636363636363636,0.37707204125389143,0.3770720412538914,5.551115123125783e-17
fixed_selected_support_0_60,boundary_extended,crem_lime_abs,CHEMBL239_EC50,127,molformer,mlp,-0.005153988945250547,0.06794811934167676,0.07272727272727272,0.043029555126894076,0.11262740566311995,0.07272727272727272,-0.048183544072144625,-0.04818354407214453,-9.71445146547012e-17
fixed_selected_support_0_60,boundary_extended,crem_lime_abs,CHEMBL239_EC50,127,molformer,xgboost,0.026268686065407682,0.0970855088970144,0.07272727272727272,-0.019644362780050557,0.054511590876680394,0.07272727272727272,0.04591304884545824,0.04591304884545817,7.632783294297951e-17
fixed_selected_support_0_60,boundary_extended,crem_lime_abs,CHEMBL239_EC50,127,morgan,mlp,0.01886777450251085,0.09022284544778279,0.07272727272727272,-0.009282221819358475,0.06412012158568577,0.07272727272727272,0.028149996321869326,0.028149996321869267,5.898059818321144e-17
fixed_selected_support_0_60,boundary_extended,crem_lime_abs,CHEMBL239_EC50,127,morgan,xgboost,0.15550843647609316,0.2169260047323773,0.07272727272727272,0.0420010103673177,0.11167366415878549,0.07272727272727272,0.11350742610877546,0.11350742610877546,0.0
fixed_selected_support_0_60,boundary_extended,crem_lime_abs,CHEMBL239_EC50,127,unimol,mlp,0.03363643428588609,0.1039174208832762,0.07272727272727272,-0.012667357814246785,0.06098117729951661,0.07272727272727272,0.04630379210013288,0.04630379210013283,4.85722573273506e-17
fixed_selected_support_0_60,boundary_extended,crem_lime_abs,CHEMBL239_EC50,127,unimol,xgboost,0.02980800274620086,0.10036742072829534,0.07272727272727272,0.04443782886888189,0.11393325949659956,0.07272727272727272,-0.014629826122681027,-0.014629826122681069,4.163336342344337e-17
fixed_selected_support_0_60,boundary_extended,crem_lime_abs,CHEMBL244_Ki,2,molformer,mlp,0.39410803406766076,0.7075004302395603,0.5172413793103449,0.45025945334883355,0.7346080119615058,0.5172413793103449,-0.05615141928117279,-0.0561514192811729,1.1102230246251565e-16
fixed_selected_support_0_60,boundary_extended,crem_lime_abs,CHEMBL244_Ki,2,molformer,xgboost,0.6343885011877543,0.8234978971251228,0.5172413793103449,0.49658588071145854,0.7569724941365662,0.5172413793103449,0.1378026204762957,0.1378026204762957,0.0
fixed_selected_support_0_60,boundary_extended,crem_lime_abs,CHEMBL244_Ki,2,morgan,mlp,0.6866544538576019,0.8487297363450491,0.5172413793103449,0.4972153361190423,0.757276369160917,0.5172413793103449,0.18943911773855965,0.18943911773855965,0.0
fixed_selected_support_0_60,boundary_extended,crem_lime_abs,CHEMBL244_Ki,2,morgan,xgboost,0.5473626432974646,0.7814854140056725,0.5172413793103449,0.33035811689874894,0.6767246081580168,0.5172413793103449,0.2170045263987157,0.2170045263987157,0.0
fixed_selected_support_0_60,boundary_extended,crem_lime_abs,CHEMBL244_Ki,2,unimol,mlp,0.48930384396073645,0.7534570281189762,0.5172413793103449,0.4013072784982668,0.7109759275508875,0.5172413793103449,0.08799656546246964,0.08604498913301312,0.001951576329456528
fixed_selected_support_0_60,boundary_extended,crem_lime_abs,CHEMBL244_Ki,2,unimol,xgboost,0.7885830839502336,0.8979366612173543,0.5172413793103449,0.35563923652448737,0.6889292865980284,0.5172413793103449,0.4329438474257462,0.4329438474257462,0.0
fixed_selected_support_0_60,boundary_extended,crem_lime_abs,CHEMBL244_Ki,3,molformer,mlp,0.008477211807370606,0.18985333159870524,0.1829268292682927,0.23376942611971774,0.37393355548806206,0.1829268292682927,-0.22529221431234714,-0.22529221431234714,0.0
fixed_selected_support_0_60,boundary_extended,crem_lime_abs,CHEMBL244_Ki,3,molformer,xgboost,0.15673787926604138,0.31099314525396066,0.1829268292682927,0.3629585992272817,0.4794905627832668,0.1829268292682927,-0.2062207199612403,-0.2062207199612403,0.0
fixed_selected_support_0_60,boundary_extended,crem_lime_abs,CHEMBL244_Ki,3,morgan,mlp,0.04865513425910991,0.22268163408976052,0.1829268292682927,0.327366092210716,0.4504088802209509,0.1829268292682927,-0.2787109579516061,-0.27871095795160605,-5.551115123125783e-17
fixed_selected_support_0_60,boundary_extended,crem_lime_abs,CHEMBL244_Ki,3,morgan,xgboost,0.08087713193882677,0.2490093639012365,0.1829268292682927,0.3342437820000333,0.45602845602441744,0.1829268292682927,-0.2533666500612065,-0.2533666500612065,0.0
fixed_selected_support_0_60,boundary_extended,crem_lime_abs,CHEMBL244_Ki,3,unimol,mlp,0.380592605715566,0.4938988363773527,0.1829268292682927,0.2424040576513448,0.38098868125170854,0.1829268292682927,0.13818854806422123,0.13818854806422126,-2.7755575615628914e-17
fixed_selected_support_0_60,boundary_extended,crem_lime_abs,CHEMBL244_Ki,3,unimol,xgboost,0.5807642733548128,0.6574537355460056,0.1829268292682927,0.11012389209149588,0.2729061069528076,0.1829268292682927,0.470640381263317,0.4706403812633169,5.551115123125783e-17
fixed_selected_support_0_60,boundary_extended,crem_lime_abs,CHEMBL244_Ki,6,molformer,mlp,-0.02255547007422991,0.22285784274358525,0.24,0.05923924130759065,0.28502182339376886,0.24,-0.08179471138182057,-0.08179471138182057,0.0
fixed_selected_support_0_60,boundary_extended,crem_lime_abs,CHEMBL244_Ki,6,molformer,xgboost,0.13885420314904148,0.3455291943932715,0.24,0.10696007610524168,0.3212896578399837,0.24,0.031894127043799805,0.03189412704379972,8.326672684688674e-17
fixed_selected_support_0_60,boundary_extended,crem_lime_abs,CHEMBL244_Ki,6,morgan,mlp,-0.09988664459598434,0.16408615010705188,0.24,0.07422623404408979,0.2964119378735082,0.24,-0.17411287864007413,-0.17411287864007408,-5.551115123125783e-17
fixed_selected_support_0_60,boundary_extended,crem_lime_abs,CHEMBL244_Ki,6,morgan,xgboost,-0.12547838535995523,0.14463642712643401,0.24,0.044884527707512854,0.27411224105770976,0.24,-0.1703629130674681,-0.17036291306746798,-1.1102230246251565e-16
fixed_selected_support_0_60,boundary_extended,crem_lime_abs,CHEMBL244_Ki,6,unimol,mlp,-0.09041359819668894,0.17128566537051637,0.24,0.05316781661417547,0.28040754062677337,0.24,-0.1435814148108644,-0.14358141481086437,-2.7755575615628914e-17
fixed_selected_support_0_60,boundary_extended,crem_lime_abs,CHEMBL244_Ki,6,unimol,xgboost,-0.0332175487517133,0.2147546629486979,0.24,-0.06168931998608277,0.19311611681057708,0.24,0.028471771234369468,0.028471771234369468,0.0
fixed_selected_support_0_60,boundary_extended,crem_lime_abs,CHEMBL244_Ki,25,molformer,mlp,0.3423456166157484,0.5834855571899741,0.36666666666666664,0.3317100448344147,0.576749695061796,0.36666666666666664,0.01063557178133373,0.01090217324629722,-0.0002666014649634896
fixed_selected_support_0_60,boundary_extended,crem_lime_abs,CHEMBL244_Ki,25,molformer,xgboost,0.3398755291950426,0.5819211684901936,0.36666666666666664,-0.05213136059252385,0.3336501382914015,0.36666666666666664,0.3920068897875665,0.39777583986809495,-0.005768950080528468
fixed_selected_support_0_60,boundary_extended,crem_lime_abs,CHEMBL244_Ki,25,morgan,mlp,0.07626728294887429,0.41496927920095367,0.36666666666666664,0.2550255579597281,0.5281828533744944,0.36666666666666664,-0.17875827501085378,-0.18230329958514407,0.0035450245742902897
fixed_selected_support_0_60,boundary_extended,crem_lime_abs,CHEMBL244_Ki,25,morgan,xgboost,0.3143980411093852,0.565785426035944,0.36666666666666664,-0.005186019669104443,0.36338218754290047,0.36666666666666664,0.3195840607784896,0.31852341543472273,0.001060645343766875
fixed_selected_support_0_60,boundary_extended,crem_lime_abs,CHEMBL244_Ki,25,unimol,mlp,0.2364048017189233,0.516389707755318,0.36666666666666664,0.23704859538654807,0.5167974437448137,0.36666666666666664,-0.0006437936676247646,-0.0001058326033478163,-0.0005379610642769483
fixed_selected_support_0_60,boundary_extended,crem_lime_abs,CHEMBL244_Ki,25,unimol,xgboost,0.28391768781164556,0.5464812022807087,0.36666666666666664,0.19310309282834096,0.4889652921246159,0.36666666666666664,0.0908145949833046,0.0905910368650095,0.00022355811829510852
fixed_selected_support_0_60,boundary_extended,crem_lime_abs,CHEMBL244_Ki,32,molformer,mlp,0.16187760114871252,0.5343764450826181,0.4444444444444444,-0.1859601063872823,0.3411332742292876,0.4444444444444444,0.34783770753599486,0.3483866585849458,-0.0005489510489509186
fixed_selected_support_0_60,boundary_extended,crem_lime_abs,CHEMBL244_Ki,32,molformer,xgboost,-0.043309253392603685,0.42038374811522017,0.4444444444444444,-0.06157277055750596,0.4102373496902745,0.4444444444444444,0.018263517164902272,0.0484266100635201,-0.03016309289861783
fixed_selected_support_0_60,boundary_extended,crem_lime_abs,CHEMBL244_Ki,32,morgan,mlp,0.47278339392146657,0.7071018855119258,0.4444444444444444,0.17403134327931932,0.5411285240440663,0.4444444444444444,0.29875205064214727,0.29246633635643293,0.006285714285714339
fixed_selected_support_0_60,boundary_extended,crem_lime_abs,CHEMBL244_Ki,32,morgan,xgboost,0.44769450504927555,0.6931636139162641,0.4444444444444444,0.04215993086227687,0.46786662825682046,0.4444444444444444,0.4055345741869987,0.41116727481969917,-0.005632700632700494
fixed_selected_support_0_60,boundary_extended,crem_lime_abs,CHEMBL244_Ki,32,unimol,mlp,0.08960733815524748,0.4942262989751374,0.4444444444444444,0.0094031411881368,0.4496684117711871,0.4444444444444444,0.08020419696711067,0.08020419696711073,-5.551115123125783e-17
fixed_selected_support_0_60,boundary_extended,crem_lime_abs,CHEMBL244_Ki,32,unimol,xgboost,-0.05798228664715636,0.41223206297380194,0.4444444444444444,-0.007191599313296965,0.4404491114926128,0.4444444444444444,-0.05079068733385939,-0.049435100952200675,-0.0013555863816587174
fixed_selected_support_0_60,boundary_extended,crem_lime_abs,CHEMBL244_Ki,35,molformer,mlp,0.2477922930917957,0.37478839945292114,0.16883116883116886,-0.003868642118799099,0.16561567408307606,0.16883116883116886,0.2516609352105948,0.25166093521059474,5.551115123125783e-17
fixed_selected_support_0_60,boundary_extended,crem_lime_abs,CHEMBL244_Ki,35,molformer,xgboost,0.170889884117184,0.31086951407142566,0.16883116883116886,0.01802365325002335,0.18381186763638305,0.16883116883116886,0.15286623086716067,0.15286623086716059,8.326672684688674e-17
fixed_selected_support_0_60,boundary_extended,crem_lime_abs,CHEMBL244_Ki,35,morgan,mlp,0.030621859555327854,0.19428310404598678,0.16883116883116886,0.40012583457827544,0.5014032910780472,0.16883116883116886,-0.3695039750229476,-0.3695039750229476,0.0
fixed_selected_support_0_60,boundary_extended,crem_lime_abs,CHEMBL244_Ki,35,morgan,xgboost,-0.01953472953023298,0.15259451052032583,0.16883116883116886,0.28892505401920093,0.40897666827569945,0.16883116883116886,-0.30845978354943393,-0.3084597835494339,-5.551115123125783e-17
fixed_selected_support_0_60,boundary_extended,crem_lime_abs,CHEMBL244_Ki,35,unimol,mlp,0.08524199424009626,0.2396816575502099,0.16883116883116886,0.26012786601798277,0.38504134318377786,0.16883116883116886,-0.1748858717778865,-0.17488587177788656,5.551115123125783e-17
fixed_selected_support_0_60,boundary_extended,crem_lime_abs,CHEMBL244_Ki,35,unimol,xgboost,-0.014047929380954944,0.15715496778725824,0.16883116883116886,0.3373967223229583,0.4492648081645368,0.16883116883116886,-0.35144465170391326,-0.35144465170391326,0.0
fixed_selected_support_0_60,boundary_extended,crem_lime_abs,CHEMBL244_Ki,36,molformer,mlp,0.20164986856397193,0.3446379518062456,0.1791044776119403,0.34812351413000764,0.46487751159926,0.1791044776119403,-0.1464736455660357,-0.1464736455660357,0.0
fixed_selected_support_0_60,boundary_extended,crem_lime_abs,CHEMBL244_Ki,36,molformer,xgboost,0.0770278183914561,0.24233626882880724,0.1791044776119403,0.4274629323448855,0.5300068847607269,0.1791044776119403,-0.3504351139534294,-0.35043511395342936,-5.551115123125783e-17
fixed_selected_support_0_60,boundary_extended,crem_lime_abs,CHEMBL244_Ki,36,morgan,mlp,0.1680631340561817,0.3170667518371641,0.1791044776119403,0.38923661479547206,0.4986270718470293,0.1791044776119403,-0.22117348073929036,-0.22117348073929038,2.7755575615628914e-17
fixed_selected_support_0_60,boundary_extended,crem_lime_abs,CHEMBL244_Ki,36,morgan,xgboost,0.7352169295426872,0.7826407630574298,0.1791044776119403,0.27485448347901564,0.40473129240814715,0.1791044776119403,0.4603624460636716,0.4603624460636716,0.0
fixed_selected_support_0_60,boundary_extended,crem_lime_abs,CHEMBL244_Ki,36,unimol,mlp,0.5757816171528312,0.6517610290060554,0.1791044776119403,0.13041702771884525,0.2861632317094998,0.1791044776119403,0.44536458943398594,0.44536458943398594,0.0
fixed_selected_support_0_60,boundary_extended,crem_lime_abs,CHEMBL244_Ki,36,unimol,xgboost,0.5242816061322804,0.6094849005563495,0.1791044776119403,0.3217255376819518,0.44320753093294546,0.1791044776119403,0.20255606845032859,0.20255606845032853,5.551115123125783e-17
fixed_selected_support_0_60,boundary_extended,crem_lime_abs,CHEMBL244_Ki,37,molformer,mlp,-0.009406081052759654,0.24294543921043024,0.25,0.09187862040073295,0.3189089653005497,0.25,-0.10128470145349261,-0.10128470145349261,0.0
fixed_selected_support_0_60,boundary_extended,crem_lime_abs,CHEMBL244_Ki,37,molformer,xgboost,-0.08902934149057529,0.18322799388206853,0.25,0.004494461807476297,0.2533708463556072,0.25,-0.09352380329805159,-0.0935238032980515,-8.326672684688674e-17
fixed_selected_support_0_60,boundary_extended,crem_lime_abs,CHEMBL244_Ki,37,morgan,mlp,0.0032066236831686953,0.25240496776237653,0.25,0.007124019297547375,0.25534301447316055,0.25,-0.0039173956143786805,-0.0039173956143786935,1.3010426069826053e-17
fixed_selected_support_0_60,boundary_extended,crem_lime_abs,CHEMBL244_Ki,37,morgan,xgboost,-0.09789166782768804,0.17658124912923398,0.25,0.002471253144457853,0.2518534398583434,0.25,-0.1003629209721459,-0.10036292097214583,-6.938893903907228e-17
fixed_selected_support_0_60,boundary_extended,crem_lime_abs,CHEMBL244_Ki,37,unimol,mlp,0.10426913177202461,0.3282018488290184,0.25,-0.04052288672770766,0.21960783495421923,0.25,0.14479201849973228,0.14479201849973222,5.551115123125783e-17
fixed_selected_support_0_60,boundary_extended,crem_lime_abs,CHEMBL244_Ki,37,unimol,xgboost,0.08759603417701671,0.31569702563276253,0.25,-0.04946744306333495,0.2128994177024988,0.25,0.13706347724035167,0.13706347724035153,1.3877787807814457e-16
fixed_selected_support_0_60,boundary_extended,crem_lime_abs,CHEMBL244_Ki,38,molformer,mlp,0.03236278460892101,0.10147972856542664,0.07142857142857142,-0.003352363549979098,0.06831566241787655,0.07142857142857142,0.03571514815890011,0.03571514815890007,4.163336342344337e-17
fixed_selected_support_0_60,boundary_extended,crem_lime_abs,CHEMBL244_Ki,38,molformer,xgboost,0.02423792268719537,0.09393521392382427,0.07142857142857142,0.08024594588604485,0.14594266403704165,0.07142857142857142,-0.05600802319884948,-0.0560080231988494,-8.326672684688674e-17
fixed_selected_support_0_60,boundary_extended,crem_lime_abs,CHEMBL244_Ki,38,morgan,mlp,0.15648869729315876,0.21673950462936173,0.07142857142857142,0.5654814543738408,0.5965184933471379,0.07142857142857142,-0.40899275708068206,-0.40899275708068195,-1.1102230246251565e-16
fixed_selected_support_0_60,boundary_extended,crem_lime_abs,CHEMBL244_Ki,38,morgan,xgboost,0.01300793965468434,0.0835073725364926,0.07142857142857142,0.11709323543006966,0.18015800432792184,0.07142857142857142,-0.10408529577538532,-0.10408529577538529,-2.7755575615628914e-17
fixed_selected_support_0_60,boundary_extended,crem_lime_abs,CHEMBL244_Ki,38,unimol,mlp,0.1542256925284185,0.2146381430621029,0.07142857142857142,0.23542563429214847,0.29003808898556643,0.07142857142857142,-0.08119994176372997,-0.08119994176373002,5.551115123125783e-17
fixed_selected_support_0_60,boundary_extended,crem_lime_abs,CHEMBL244_Ki,38,unimol,xgboost,0.4475299701182054,0.4869921151097622,0.07142857142857142,0.008172352947408658,0.07901718487973661,0.07142857142857142,0.43935761717079674,0.43935761717079674,0.0
fixed_selected_support_0_60,boundary_extended,crem_lime_abs,CHEMBL244_Ki,50,molformer,mlp,-0.006352925422053612,0.44965074390981447,0.453125,0.1062054225113097,0.5112060904358725,0.453125,-0.1125583479333633,-0.11255834793336329,-1.3877787807814457e-17
fixed_selected_support_0_60,boundary_extended,crem_lime_abs,CHEMBL244_Ki,50,molformer,xgboost,-0.07639210994801486,0.4113480648721794,0.453125,0.08847497372335722,0.501509751254961,0.453125,-0.1648670836713721,-0.16486708367137198,-1.1102230246251565e-16
fixed_selected_support_0_60,boundary_extended,crem_lime_abs,CHEMBL244_Ki,50,morgan,mlp,0.4030191571225776,0.6735261015514097,0.453125,0.338040690513967,0.6379910026248257,0.453125,0.06497846660861056,0.06497846660861056,0.0
fixed_selected_support_0_60,boundary_extended,crem_lime_abs,CHEMBL244_Ki,50,morgan,xgboost,-0.16021241437995862,0.36550883588596017,0.453125,0.4384568421276429,0.6929060855385547,0.453125,-0.5986692565076015,-0.5986692565076015,0.0
fixed_selected_support_0_60,boundary_extended,crem_lime_abs,CHEMBL244_Ki,50,unimol,mlp,0.09578677565637776,0.5055083929370816,0.453125,-0.15472906484631138,0.3685075426621735,0.453125,0.25051584050268916,0.25051584050268905,1.1102230246251565e-16
fixed_selected_support_0_60,boundary_extended,crem_lime_abs,CHEMBL244_Ki,50,unimol,xgboost,0.21585652565004199,0.5711715374648667,0.453125,-0.014367442812890985,0.44526780471170024,0.453125,0.23022396846293297,0.23022396846293294,2.7755575615628914e-17
fixed_selected_support_0_60,boundary_extended,crem_lime_abs,CHEMBL244_Ki,55,molformer,mlp,-0.01157910416801359,0.052648140541066625,0.06349206349206349,0.04477463575514815,0.10542386523101177,0.06349206349206349,-0.05635373992316174,-0.0563537399231617,-4.163336342344337e-17
fixed_selected_support_0_60,boundary_extended,crem_lime_abs,CHEMBL244_Ki,55,molformer,xgboost,0.1917994282998062,0.24311375031251692,0.06349206349206349,0.18562558734781656,0.23733189926224094,0.06349206349206349,0.00617384095198964,0.006173840951989584,5.551115123125783e-17
fixed_selected_support_0_60,boundary_extended,crem_lime_abs,CHEMBL244_Ki,55,morgan,mlp,0.04119572837852781,0.10207219006878,0.06349206349206349,0.04984629874762111,0.11017351787475627,0.06349206349206349,-0.0086505703690933,-0.0086505703690933,0.0
fixed_selected_support_0_60,boundary_extended,crem_lime_abs,CHEMBL244_Ki,55,morgan,xgboost,0.029121933920567722,0.09076498573513485,0.06349206349206349,0.002547309492328099,0.06587763904837075,0.06349206349206349,0.026574624428239622,0.026574624428239567,5.551115123125783e-17
fixed_selected_support_0_60,boundary_extended,crem_lime_abs,CHEMBL244_Ki,55,unimol,mlp,0.03515220206905586,0.09641237971546501,0.06349206349206349,-0.004291632305353053,0.0594729157775265,0.06349206349206349,0.03944383437440891,0.03944383437440886,4.85722573273506e-17
fixed_selected_support_0_60,boundary_extended,crem_lime_abs,CHEMBL244_Ki,55,unimol,xgboost,0.08098326486032931,0.1393335337580862,0.06349206349206349,-0.012109211788125256,0.05215169054762873,0.06349206349206349,0.09309247664845456,0.09309247664845446,9.71445146547012e-17
fixed_selected_support_0_60,boundary_extended,crem_lime_abs,CHEMBL244_Ki,67,molformer,mlp,0.1314302874595086,0.2555116749652931,0.14285714285714285,0.23609891816324824,0.3452276441399271,0.14285714285714285,-0.10466863070373963,-0.1046686307037396,-2.7755575615628914e-17
fixed_selected_support_0_60,boundary_extended,crem_lime_abs,CHEMBL244_Ki,67,molformer,xgboost,0.30015388915350216,0.40013190498871615,0.14285714285714285,0.1225657149467833,0.24791346995438568,0.14285714285714285,0.17758817420671885,0.17758817420671896,-1.1102230246251565e-16
fixed_selected_support_0_60,boundary_extended,crem_lime_abs,CHEMBL244_Ki,67,morgan,mlp,0.09561180723108949,0.224810120483791,0.14285714285714285,0.21161212828659062,0.324238967102792,0.14285714285714285,-0.11600032105550113,-0.11600032105550119,5.551115123125783e-17
fixed_selected_support_0_60,boundary_extended,crem_lime_abs,CHEMBL244_Ki,67,morgan,xgboost,0.04296522473289552,0.17968447834248188,0.14285714285714285,0.10417875237173778,0.2321532163186324,0.14285714285714285,-0.06121352763884226,-0.061213527638842226,-3.469446951953614e-17
fixed_selected_support_0_60,boundary_extended,crem_lime_abs,CHEMBL244_Ki,67,unimol,mlp,0.13569885073037743,0.2591704434831807,0.14285714285714285,0.2976806431236249,0.3980119798202499,0.14285714285714285,-0.16198179239324748,-0.16198179239324748,0.0
fixed_selected_support_0_60,boundary_extended,crem_lime_abs,CHEMBL244_Ki,67,unimol,xgboost,0.048774412046067965,0.18466378175377254,0.14285714285714285,0.14491610149035802,0.2670709441345926,0.14285714285714285,-0.09614168944429005,-0.09614168944429002,-2.7755575615628914e-17
fixed_selected_support_0_60,boundary_extended,crem_lime_abs,CHEMBL244_Ki,68,molformer,mlp,-0.06677929975496699,0.21560345606252426,0.2647058823529412,0.01752960055293593,0.2775952945242176,0.2647058823529412,-0.08430890030790292,-0.08430890030790286,-5.551115123125783e-17
fixed_selected_support_0_60,boundary_extended,crem_lime_abs,CHEMBL244_Ki,68,molformer,xgboost,-0.10467146285228757,0.1877415714321415,0.2647058823529412,-0.012698818748549145,0.2553685156260668,0.2647058823529412,-0.09197264410373843,-0.09197264410373839,-4.163336342344337e-17
fixed_selected_support_0_60,boundary_extended,crem_lime_abs,CHEMBL244_Ki,68,morgan,mlp,0.0945117613341695,0.33419982451041874,0.2647058823529412,0.042523875323822014,0.2959734377381044,0.2647058823529412,0.051987886010347484,0.05198788601034746,2.0816681711721685e-17
fixed_selected_support_0_60,boundary_extended,crem_lime_abs,CHEMBL244_Ki,68,morgan,xgboost,0.0812093431129113,0.32441863464184656,0.2647058823529412,-0.08508139256056067,0.2021460348819407,0.2647058823529412,0.16629073567347197,0.1662907356734719,5.551115123125783e-17
fixed_selected_support_0_60,boundary_extended,crem_lime_abs,CHEMBL244_Ki,68,unimol,mlp,-0.05515529554412855,0.2241505179822584,0.2647058823529412,0.2313447918460538,0.43481234694562776,0.2647058823529412,-0.28650008739018235,-0.28650008739018235,0.0
fixed_selected_support_0_60,boundary_extended,crem_lime_abs,CHEMBL244_Ki,68,unimol,xgboost,0.0038971963077113203,0.26757146787331715,0.2647058823529412,-0.023139725494076904,0.24769137831317875,0.2647058823529412,0.027036921801788225,0.027036921801788266,-4.163336342344337e-17
fixed_selected_support_0_60,boundary_extended,crem_lime_abs,CHEMBL244_Ki,73,molformer,mlp,-0.07194527806375568,0.15137665486619342,0.20833333333333334,0.14553347048502918,0.32354733080064807,0.20833333333333334,-0.21747874854878485,-0.21747874854878485,0.0
fixed_selected_support_0_60,boundary_extended,crem_lime_abs,CHEMBL244_Ki,73,molformer,xgboost,-0.06428874830041087,0.15743807426217474,0.20833333333333334,-0.06129280258079526,0.1598098646235371,0.20833333333333334,-0.00299594571961561,-0.002995945719615631,2.0816681711721685e-17
fixed_selected_support_0_60,boundary_extended,crem_lime_abs,CHEMBL244_Ki,73,morgan,mlp,0.04110365252840629,0.24087372491832162,0.20833333333333334,0.03263702545218306,0.23417097848297827,0.20833333333333334,0.008466627076223227,0.008466627076223171,5.551115123125783e-17
fixed_selected_support_0_60,boundary_extended,crem_lime_abs,CHEMBL244_Ki,73,morgan,xgboost,0.2680008898204554,0.4205007044411939,0.20833333333333334,-0.025603026444121744,0.18806427073173695,0.20833333333333334,0.29360391626457716,0.2936039162645771,5.551115123125783e-17
fixed_selected_support_0_60,boundary_extended,crem_lime_abs,CHEMBL244_Ki,73,unimol,mlp,-0.04824115196486419,0.17014242136114918,0.20833333333333334,-0.03959380912760013,0.17698823444064993,0.20833333333333334,-0.008647342837264059,-0.008647342837264073,1.3877787807814457e-17
fixed_selected_support_0_60,boundary_extended,crem_lime_abs,CHEMBL244_Ki,73,unimol,xgboost,0.00115125069986013,0.20924474013738928,0.20833333333333334,0.07181491748520526,0.2651868096757875,0.20833333333333334,-0.07066366678534512,-0.07066366678534514,1.3877787807814457e-17
fixed_selected_support_0_60,boundary_extended,crem_lime_abs,CHEMBL244_Ki,74,molformer,mlp,-0.0034876223488406223,0.11814724096617037,0.12121212121212122,0.3430489963484343,0.42267942103347256,0.12121212121212122,-0.3465366186972749,-0.34653661869727487,-5.551115123125783e-17
fixed_selected_support_0_60,boundary_extended,crem_lime_abs,CHEMBL244_Ki,74,molformer,xgboost,0.10320396746385481,0.21190651686217543,0.12121212121212122,0.060679630572244826,0.17453664504833635,0.12121212121212122,0.04252433689160998,0.04252433689160994,4.163336342344337e-17
fixed_selected_support_0_60,boundary_extended,crem_lime_abs,CHEMBL244_Ki,74,morgan,mlp,0.32528577544867515,0.4070693178185327,0.12121212121212122,0.19314908869515715,0.2909491991563502,0.12121212121212122,0.132136686753518,0.132136686753518,0.0
fixed_selected_support_0_60,boundary_extended,crem_lime_abs,CHEMBL244_Ki,74,morgan,xgboost,0.09164789131882589,0.20175117721957428,0.12121212121212122,0.03646903524367671,0.15326066733535226,0.12121212121212122,0.055178856075149184,0.055178856075149114,6.938893903907228e-17
fixed_selected_support_0_60,boundary_extended,crem_lime_abs,CHEMBL244_Ki,74,unimol,mlp,0.014692905536702161,0.13412406850195038,0.12121212121212122,0.33888884670775316,0.41902353195529823,0.12121212121212122,-0.324195941171051,-0.324195941171051,0.0
fixed_selected_support_0_60,boundary_extended,crem_lime_abs,CHEMBL244_Ki,74,unimol,xgboost,0.005856815299267092,0.12635901950541653,0.12121212121212122,0.20213167855978773,0.2988429902495104,0.12121212121212122,-0.19627486326052063,-0.1962748632605206,-2.7755575615628914e-17
fixed_selected_support_0_60,boundary_extended,crem_lime_abs,CHEMBL244_Ki,77,molformer,mlp,0.10116873275067272,0.2569661524072228,0.17333333333333334,0.42811951739763354,0.5272454677153771,0.17333333333333334,-0.3269507846469608,-0.32695078464696087,5.551115123125783e-17
fixed_selected_support_0_60,boundary_extended,crem_lime_abs,CHEMBL244_Ki,77,molformer,xgboost,0.45500886891578035,0.5494739983037118,0.17333333333333334,0.3693085225785795,0.478628378664959,0.17333333333333334,0.08570034633720086,0.08570034633720086,0.0
fixed_selected_support_0_60,boundary_extended,crem_lime_abs,CHEMBL244_Ki,77,morgan,mlp,0.4012072582095801,0.5049980001199196,0.17333333333333334,0.6160319155256174,0.6825863835011771,0.17333333333333334,-0.21482465731603734,-0.21482465731603734,0.0
fixed_selected_support_0_60,boundary_extended,crem_lime_abs,CHEMBL244_Ki,77,morgan,xgboost,-0.06827787879140658,0.11689028686577058,0.17333333333333334,0.39485621802455656,0.4997478069003001,0.17333333333333334,-0.4631340968159631,-0.46313409681596307,-5.551115123125783e-17
fixed_selected_support_0_60,boundary_extended,crem_lime_abs,CHEMBL244_Ki,77,unimol,mlp,0.36896090544662385,0.47834101516920907,0.17333333333333334,0.4970825023259118,0.5842548685894204,0.17333333333333334,-0.12812159687928792,-0.12812159687928792,0.0
fixed_selected_support_0_60,boundary_extended,crem_lime_abs,CHEMBL244_Ki,77,unimol,xgboost,0.5079340961100266,0.5932255194509554,0.17333333333333334,0.36883211053481185,0.47823454470877785,0.17333333333333334,0.13910198557521475,0.13910198557521475,0.0
fixed_selected_support_0_60,boundary_extended,crem_lime_abs,CHEMBL244_Ki,87,molformer,mlp,-0.15264392973875418,0.2845658367138767,0.37931034482758613,-0.08290897641313132,0.3278496008470219,0.37931034482758613,-0.06973495332562286,-0.06973495332562286,0.0
fixed_selected_support_0_60,boundary_extended,crem_lime_abs,CHEMBL244_Ki,87,molformer,xgboost,-0.02237781495274459,0.3654206665810551,0.37931034482758613,-0.15016997513709074,0.28610139474249535,0.37931034482758613,0.12779216018434614,0.12779216018434605,8.326672684688674e-17
fixed_selected_support_0_60,boundary_extended,crem_lime_abs,CHEMBL244_Ki,87,morgan,mlp,-0.16938003788899025,0.2741779075171784,0.37931034482758613,-0.056710878386365626,0.3441104892774282,0.37931034482758613,-0.11266915950262463,-0.11266915950262463,0.0
fixed_selected_support_0_60,boundary_extended,crem_lime_abs,CHEMBL244_Ki,87,morgan,xgboost,-0.1392417539738897,0.2928844285679305,0.37931034482758613,-0.01054625338785061,0.3727643944489203,0.37931034482758613,-0.12869550058603907,-0.12869550058603904,-2.7755575615628914e-17
fixed_selected_support_0_60,boundary_extended,crem_lime_abs,CHEMBL244_Ki,87,unimol,mlp,-0.2130684323091733,0.2470609730494786,0.37931034482758613,0.1294815512235078,0.4596782042076945,0.37931034482758613,-0.34254998353268107,-0.342549983532681,-5.551115123125783e-17
fixed_selected_support_0_60,boundary_extended,crem_lime_abs,CHEMBL244_Ki,87,unimol,xgboost,-0.16178201037432272,0.2788939245952479,0.37931034482758613,-0.07882846526116104,0.33038233190686556,0.37931034482758613,-0.08295354511316168,-0.08295354511316165,-2.7755575615628914e-17
fixed_selected_support_0_60,boundary_extended,crem_lime_abs,CHEMBL244_Ki,90,molformer,mlp,-0.09202476760161728,0.13391139121251042,0.20689655172413793,0.12521440088662875,0.3062045248411193,0.20689655172413793,-0.21723916848824604,-0.21723916848824598,-5.551115123125783e-17
fixed_selected_support_0_60,boundary_extended,crem_lime_abs,CHEMBL244_Ki,90,molformer,xgboost,-0.07220549901775859,0.1496301214686742,0.20689655172413793,-0.026243033935252975,0.18608311101686834,0.20689655172413793,-0.04596246508250562,-0.04596246508250566,4.163336342344337e-17
fixed_selected_support_0_60,boundary_extended,crem_lime_abs,CHEMBL244_Ki,90,morgan,mlp,-0.013201980262832771,0.1964260156536154,0.20689655172413793,0.031497548231159016,0.2318773658385054,0.20689655172413793,-0.04469952849399179,-0.044699528493991704,-8.326672684688674e-17
fixed_selected_support_0_60,boundary_extended,crem_lime_abs,CHEMBL244_Ki,90,morgan,xgboost,-0.08665963634129098,0.13816649531552783,0.20689655172413793,0.0028334693522760837,0.20914378603801206,0.20689655172413793,-0.08949310569356707,-0.08949310569356703,-4.163336342344337e-17
fixed_selected_support_0_60,boundary_extended,crem_lime_abs,CHEMBL244_Ki,90,unimol,mlp,0.17724054225314467,0.3474666369593906,0.20689655172413793,0.2623694975998076,0.41498270499295087,0.20689655172413793,-0.08512895534666293,-0.0851289553466629,-2.7755575615628914e-17
fixed_selected_support_0_60,boundary_extended,crem_lime_abs,CHEMBL244_Ki,90,unimol,xgboost,0.16026755485997832,0.3340053021303276,0.20689655172413793,0.07622234505440796,0.2673487564224615,0.20689655172413793,0.08404520980557036,0.08404520980557037,-1.3877787807814457e-17
fixed_selected_support_0_60,boundary_extended,crem_lime_abs,CHEMBL244_Ki,92,molformer,mlp,0.010784006853518963,0.06651448534064465,0.056338028169014086,0.351648082559096,0.388174951147316,0.056338028169014086,-0.3408640757055771,-0.34086407570557703,-5.551115123125783e-17
fixed_selected_support_0_60,boundary_extended,crem_lime_abs,CHEMBL244_Ki,92,molformer,xgboost,0.11917855691373963,0.168802300186205,0.056338028169014086,0.07014713548299821,0.1225332123571955,0.056338028169014086,0.04903142143074142,0.04903142143074145,-2.7755575615628914e-17
fixed_selected_support_0_60,boundary_extended,crem_lime_abs,CHEMBL244_Ki,92,morgan,mlp,0.4637946587637787,0.4940034103827207,0.056338028169014086,-0.013022529432799933,0.04404916236623105,0.056338028169014086,0.4768171881965786,0.4768171881965785,1.1102230246251565e-16
fixed_selected_support_0_60,boundary_extended,crem_lime_abs,CHEMBL244_Ki,92,morgan,xgboost,1.0,1.0,0.056338028169014086,0.002809986782156233,0.05898970583668264,0.056338028169014086,0.9971900132178437,0.9971900132178437,0.0
fixed_selected_support_0_60,boundary_extended,crem_lime_abs,CHEMBL244_Ki,92,unimol,mlp,0.036904352048377886,0.09116326179213124,0.056338028169014086,0.007648534310848388,0.06355565913840623,0.056338028169014086,0.0292558177375295,0.029255817737529465,3.469446951953614e-17
fixed_selected_support_0_60,boundary_extended,crem_lime_abs,CHEMBL244_Ki,92,unimol,xgboost,0.017062551950278098,0.07243930958688215,0.056338028169014086,0.09422513000300857,0.14525470014368413,0.056338028169014086,-0.07716257805273047,-0.07716257805273047,0.0
fixed_selected_support_0_60,boundary_extended,crem_lime_abs,CHEMBL244_Ki,93,molformer,mlp,0.0028430356359635534,0.11022917025978286,0.1076923076923077,-0.021660500641346957,0.0883644763507981,0.1076923076923077,0.02450353627731051,0.0245035362773105,1.0408340855860843e-17
fixed_selected_support_0_60,boundary_extended,crem_lime_abs,CHEMBL244_Ki,93,molformer,xgboost,-0.0008950186316860181,0.10689367568249557,0.1076923076923077,-0.0041017485192160405,0.10403228593669954,0.1076923076923077,0.0032067298875300223,0.0032067298875300366,-1.431146867680866e-17
fixed_selected_support_0_60,boundary_extended,crem_lime_abs,CHEMBL244_Ki,93,morgan,mlp,0.02493261987749436,0.12993987619837957,0.1076923076923077,0.10966719759181666,0.20554919169731334,0.1076923076923077,-0.0847345777143223,-0.0847345777143223,0.0
fixed_selected_support_0_60,boundary_extended,crem_lime_abs,CHEMBL244_Ki,93,morgan,xgboost,-0.038090881396329795,0.07370352121558266,0.1076923076923077,-0.03117115161099562,0.079878049331727,0.1076923076923077,-0.006919729785334176,-0.006919729785334203,2.7755575615628914e-17
fixed_selected_support_0_60,boundary_extended,crem_lime_abs,CHEMBL244_Ki,93,unimol,mlp,-0.030515044074795633,0.08046349913325929,0.1076923076923077,0.033622985556793834,0.13769435634298527,0.1076923076923077,-0.06413802963158946,-0.0641380296315894,-5.551115123125783e-17
fixed_selected_support_0_60,boundary_extended,crem_lime_abs,CHEMBL244_Ki,93,unimol,xgboost,0.05886852509065369,0.16022114546550636,0.1076923076923077,0.013213375797369122,0.11948270455765246,0.1076923076923077,0.04565514929328457,0.04565514929328453,4.163336342344337e-17
fixed_selected_support_0_60,boundary_extended,crem_lime_abs,CHEMBL244_Ki,95,molformer,mlp,-0.0036378908475820323,0.13973895070207254,0.14285714285714285,0.014008273043044988,0.1548642340368957,0.14285714285714285,-0.01764616389062702,-0.017608776897704664,-3.738699292235581e-05
fixed_selected_support_0_60,boundary_extended,crem_lime_abs,CHEMBL244_Ki,95,molformer,xgboost,0.025756440859221106,0.16493409216504665,0.14285714285714285,0.0220002878611711,0.16171453245243236,0.14285714285714285,0.003756152998050006,0.0031676443177274666,0.0005885086803225394
fixed_selected_support_0_60,boundary_extended,crem_lime_abs,CHEMBL244_Ki,95,morgan,mlp,-0.011689790737029781,0.13283732222540304,0.14285714285714285,0.032252190646084276,0.17050187769664368,0.14285714285714285,-0.04394198138311406,-0.04266529997356644,-0.0012766814095476198
fixed_selected_support_0_60,boundary_extended,crem_lime_abs,CHEMBL244_Ki,95,morgan,xgboost,0.04522093591979026,0.18161794507410592,0.14285714285714285,0.07398046586592856,0.20626897074222447,0.14285714285714285,-0.0287595299461383,-0.03035885654546487,0.0015993265993265726
fixed_selected_support_0_60,boundary_extended,crem_lime_abs,CHEMBL244_Ki,95,unimol,mlp,-0.005720302463912527,0.13795402645950353,0.14285714285714285,-0.016850757390468776,0.12841363652245533,0.14285714285714285,0.01113045492655625,0.011130454926556236,1.3877787807814457e-17
fixed_selected_support_0_60,boundary_extended,crem_lime_abs,CHEMBL244_Ki,95,unimol,xgboost,-0.010777624803534842,0.1336191787398273,0.14285714285714285,-0.0010884153531786553,0.14192421541156114,0.14285714285714285,-0.009689209450356187,-0.009962245972022696,0.0002730365216665094
fixed_selected_support_0_60,boundary_extended,crem_lime_abs,CHEMBL244_Ki,100,molformer,mlp,0.08435163332272505,0.45061097999363503,0.4000000000000001,-0.07026834326870822,0.3578389940387751,0.4000000000000001,0.15461997659143328,0.15411904435592266,0.0005009322355106205
fixed_selected_support_0_60,boundary_extended,crem_lime_abs,CHEMBL244_Ki,100,molformer,xgboost,0.2078101350968337,0.5246860810581002,0.4000000000000001,0.03694649641709344,0.4221678978502561,0.4000000000000001,0.17086363867974025,0.1701560488805355,0.0007075897992047386
fixed_selected_support_0_60,boundary_extended,crem_lime_abs,CHEMBL244_Ki,100,morgan,mlp,0.0310644110747547,0.41863864664485284,0.4000000000000001,0.02631046216982849,0.41578627730189716,0.4000000000000001,0.004753948904926208,0.005042851945716173,-0.00028890304078996523
fixed_selected_support_0_60,boundary_extended,crem_lime_abs,CHEMBL244_Ki,100,morgan,xgboost,0.46013307895060623,0.6760798473703638,0.4000000000000001,0.18149646147069684,0.508897876882418,0.4000000000000001,0.2786366174799094,0.2788290724421013,-0.0001924549621918903
fixed_selected_support_0_60,boundary_extended,crem_lime_abs,CHEMBL244_Ki,100,unimol,mlp,0.11529014176424651,0.46917408505854796,0.4000000000000001,0.07743630796288561,0.4464617847777314,0.4000000000000001,0.0378538338013609,0.040306397849541334,-0.002452564048180436
fixed_selected_support_0_60,boundary_extended,crem_lime_abs,CHEMBL244_Ki,100,unimol,xgboost,-0.08018665410161617,0.3518880075390303,0.4000000000000001,-0.1062149478697743,0.33627103127813546,0.4000000000000001,0.02602829376815813,0.02731977442752978,-0.0012914806593716521
fixed_selected_support_0_60,boundary_extended,crem_lime_abs,CHEMBL244_Ki,107,molformer,mlp,-0.03832408169606282,0.2423040484920623,0.2702702702702703,-0.04488463808922122,0.23751661544840616,0.2702702702702703,0.006560556393158397,0.006560556393158362,3.469446951953614e-17
fixed_selected_support_0_60,boundary_extended,crem_lime_abs,CHEMBL244_Ki,107,molformer,xgboost,0.0031205785812267197,0.2725474492349493,0.2702702702702703,-0.033340695433007134,0.24594057360294075,0.2702702702702703,0.03646127401423385,0.03646127401423377,8.326672684688674e-17
fixed_selected_support_0_60,boundary_extended,crem_lime_abs,CHEMBL244_Ki,107,morgan,mlp,-0.05941297454332173,0.22691485641433282,0.2702702702702703,-0.01935679289324772,0.2561450430238463,0.2702702702702703,-0.040056181650074005,-0.040056181650073935,-6.938893903907228e-17
fixed_selected_support_0_60,boundary_extended,crem_lime_abs,CHEMBL244_Ki,107,morgan,xgboost,-0.06083900618740142,0.2258742387281125,0.2702702702702703,-0.010190085112246833,0.26283426221538747,0.2702702702702703,-0.05064892107515459,-0.05064892107515457,-2.0816681711721685e-17
fixed_selected_support_0_60,boundary_extended,crem_lime_abs,CHEMBL244_Ki,107,unimol,mlp,-0.051938731777676765,0.2323690335676413,0.2702702702702703,-0.04663539126170799,0.23623903880902394,0.2702702702702703,-0.005303340515968778,-0.00530334051596873,-4.85722573273506e-17
fixed_selected_support_0_60,boundary_extended,crem_lime_abs,CHEMBL244_Ki,107,unimol,xgboost,-0.0528708625362832,0.23168883004109064,0.2702702702702703,-0.04473253751581036,0.237627607758733,0.2702702702702703,-0.00813832502047284,-0.008138325020472792,-4.85722573273506e-17
fixed_selected_support_0_60,boundary_extended,crem_lime_abs,CHEMBL244_Ki,108,molformer,mlp,0.29525552938093624,0.43078331219229465,0.19230769230769232,0.2772572547470387,0.416246244218762,0.19230769230769232,0.017998274633897526,0.017998274633897637,-1.1102230246251565e-16
fixed_selected_support_0_60,boundary_extended,crem_lime_abs,CHEMBL244_Ki,108,molformer,xgboost,0.2175763660260285,0.36804244948256154,0.19230769230769232,0.0814394862647777,0.2580857389061666,0.19230769230769232,0.1361368797612508,0.13613687976125083,-2.7755575615628914e-17
fixed_selected_support_0_60,boundary_extended,crem_lime_abs,CHEMBL244_Ki,108,morgan,mlp,-0.028573373220994836,0.1692291985522734,0.19230769230769232,0.09608350335477689,0.26991359886347366,0.19230769230769232,-0.12465687657577172,-0.1246568765757716,-1.249000902703301e-16
fixed_selected_support_0_60,boundary_extended,crem_lime_abs,CHEMBL244_Ki,108,morgan,xgboost,-0.024426200327223178,0.17257883819724285,0.19230769230769232,0.3030473153143464,0.4370766777538952,0.19230769230769232,-0.3274735156415696,-0.32747351564156957,-5.551115123125783e-17
fixed_selected_support_0_60,boundary_extended,crem_lime_abs,CHEMBL244_Ki,108,unimol,mlp,0.21293816948706099,0.3642962138164723,0.19230769230769232,-0.007930120719261505,0.1859025948036734,0.19230769230769232,0.22086829020632248,0.2208682902063224,8.326672684688674e-17
fixed_selected_support_0_60,boundary_extended,crem_lime_abs,CHEMBL244_Ki,108,unimol,xgboost,0.23168791140676706,0.37944023613623495,0.19230769230769232,0.18621308831425676,0.34271057133074584,0.19230769230769232,0.0454748230925103,0.045474823092510386,-8.326672684688674e-17
fixed_selected_support_0_60,boundary_extended,crem_lime_abs,CHEMBL244_Ki,114,molformer,mlp,0.5055279991326503,0.5476107226107226,0.0851063829787234,0.740406976744186,0.7624999999999998,0.0851063829787234,-0.23487897761153564,-0.23487897761153564,0.0
fixed_selected_support_0_60,boundary_extended,crem_lime_abs,CHEMBL244_Ki,114,molformer,xgboost,0.16877973108083263,0.23952188162714474,0.0851063829787234,0.22232105104198127,0.28850649350649354,0.0851063829787234,-0.05354131996114864,-0.05354131996114864,0.0
fixed_selected_support_0_60,boundary_extended,crem_lime_abs,CHEMBL244_Ki,114,morgan,mlp,0.003182423253238554,0.08801796169977144,0.0851063829787234,0.3640046000511116,0.41813186813186815,0.0851063829787234,-0.3608221767978731,-0.36082217679787304,-5.551115123125783e-17
fixed_selected_support_0_60,boundary_extended,crem_lime_abs,CHEMBL244_Ki,114,morgan,xgboost,0.05759034857872069,0.1377954252954253,0.0851063829787234,0.027660398197333905,0.110412704733731,0.0851063829787234,0.029929950381386784,0.02992995038138673,5.204170427930421e-17
fixed_selected_support_0_60,boundary_extended,crem_lime_abs,CHEMBL244_Ki,114,unimol,mlp,0.740406976744186,0.7624999999999998,0.0851063829787234,0.5016754188547137,0.5440860215053763,0.0851063829787234,0.2387315578894723,0.2387315578894723,0.0
fixed_selected_support_0_60,boundary_extended,crem_lime_abs,CHEMBL244_Ki,114,unimol,xgboost,0.6979005167958657,0.7236111111111111,0.0851063829787234,0.740406976744186,0.7624999999999998,0.0851063829787234,-0.04250645994832025,-0.04250645994832025,0.0
fixed_selected_support_0_60,boundary_extended,crem_lime_abs,CHEMBL244_Ki,116,molformer,mlp,0.6177325463740967,0.7410446281889042,0.3225806451612903,0.27298292815569974,0.5075045642345063,0.3225806451612903,0.34474961821839695,0.34862364509774296,-0.0038740268793460153
fixed_selected_support_0_60,boundary_extended,crem_lime_abs,CHEMBL244_Ki,116,molformer,xgboost,0.26765600039686566,0.5038960002688445,0.3225806451612903,0.06706347384220905,0.3680107403447222,0.3225806451612903,0.2005925265546566,0.20089509780720594,-0.00030257125254934403
fixed_selected_support_0_60,boundary_extended,crem_lime_abs,CHEMBL244_Ki,116,morgan,mlp,-0.07341019393136,0.27285115894972384,0.3225806451612903,0.022687517980384708,0.3379496089544542,0.3225806451612903,-0.09609771191174471,-0.096902784294389,0.0008050723826442951
fixed_selected_support_0_60,boundary_extended,crem_lime_abs,CHEMBL244_Ki,116,morgan,xgboost,0.49343187481075756,0.6568409474524487,0.3225806451612903,0.12250567446783643,0.40556836012337305,0.3225806451612903,0.3709262003429211,0.3725732763889742,-0.0016470760460530753
fixed_selected_support_0_60,boundary_extended,crem_lime_abs,CHEMBL244_Ki,116,unimol,mlp,0.18050338435668745,0.44485713133840116,0.3225806451612903,0.4463089443965658,0.6249189623331576,0.3225806451612903,-0.2658055600398784,-0.26467992460051737,-0.0011256354393610057
fixed_selected_support_0_60,boundary_extended,crem_lime_abs,CHEMBL244_Ki,116,unimol,xgboost,0.4525447731161516,0.629143233401264,0.3225806451612903,0.3617135475638447,0.567612403188411,0.3225806451612903,0.09083122555230688,0.08721201596370948,0.003619209588597405
fixed_selected_support_0_60,boundary_extended,crem_lime_abs,CHEMBL244_Ki,118,molformer,mlp,0.312261817354706,0.3810356356192354,0.10000000000000002,0.28867102102363673,0.359803918921273,0.10000000000000002,0.023590796331069253,0.023590796331069308,-5.551115123125783e-17
fixed_selected_support_0_60,boundary_extended,crem_lime_abs,CHEMBL244_Ki,118,molformer,xgboost,0.4483204731556995,0.5034884258401294,0.10000000000000002,0.19085703055608108,0.271771327500473,0.10000000000000002,0.2574634425996184,0.25746344259961834,5.551115123125783e-17
fixed_selected_support_0_60,boundary_extended,crem_lime_abs,CHEMBL244_Ki,118,morgan,mlp,0.08833019804401882,0.17949717823961694,0.10000000000000002,0.36643933785008714,0.42979540406507843,0.10000000000000002,-0.27810913980606833,-0.27810913980606833,0.0
fixed_selected_support_0_60,boundary_extended,crem_lime_abs,CHEMBL244_Ki,118,morgan,xgboost,0.3991026854043959,0.4591924168639563,0.10000000000000002,0.09831453494122627,0.18848308144710366,0.10000000000000002,0.30078815046316965,0.3007881504631696,5.551115123125783e-17
fixed_selected_support_0_60,boundary_extended,crem_lime_abs,CHEMBL244_Ki,118,unimol,mlp,0.6676656647991447,0.7008990983192301,0.10000000000000002,0.13149779923457447,0.21834801931111703,0.10000000000000002,0.5361678655645702,0.5361678655645703,-1.1102230246251565e-16
fixed_selected_support_0_60,boundary_extended,crem_lime_abs,CHEMBL244_Ki,118,unimol,xgboost,0.4177143364430432,0.4759429027987389,0.10000000000000002,0.12672203396009557,0.214049830564086,0.10000000000000002,0.2909923024829476,0.2909923024829476,0.0
fixed_selected_support_0_60,boundary_extended,crem_lime_abs,CHEMBL244_Ki,121,molformer,mlp,-0.08501380171751505,0.2722468403114229,0.32926829268292684,0.19798318892251107,0.46206189500900124,0.32926829268292684,-0.28299699064002615,-0.28299699064002604,-1.1102230246251565e-16
fixed_selected_support_0_60,boundary_extended,crem_lime_abs,CHEMBL244_Ki,121,molformer,xgboost,-0.1088133030442829,0.2562837601532249,0.32926829268292684,0.044337699536758125,0.359006993591728,0.32926829268292684,-0.15315100258104103,-0.153151002581041,-2.7755575615628914e-17
fixed_selected_support_0_60,boundary_extended,crem_lime_abs,CHEMBL244_Ki,121,morgan,mlp,-0.105033303389931,0.2588191257750463,0.32926829268292684,0.14680841517995127,0.42773735164508925,0.32926829268292684,-0.25184171856988224,-0.25184171856988224,0.0
fixed_selected_support_0_60,boundary_extended,crem_lime_abs,CHEMBL244_Ki,121,morgan,xgboost,-0.05965933960460701,0.2892528819725197,0.32926829268292684,0.06271858828507297,0.3713356384838904,0.32926829268292684,-0.12237792788967998,-0.12237792788967986,-1.249000902703301e-16
fixed_selected_support_0_60,boundary_extended,crem_lime_abs,CHEMBL244_Ki,121,unimol,mlp,0.22813047892429572,0.48228263830288126,0.32926829268292684,0.10262542370573642,0.39810241833921345,0.32926829268292684,0.1255050552185593,0.12550505521855926,5.551115123125783e-17
fixed_selected_support_0_60,boundary_extended,crem_lime_abs,CHEMBL244_Ki,121,unimol,xgboost,-0.10136089065176601,0.26128232944088864,0.32926829268292684,0.006007282627821453,0.3332975676162217,0.32926829268292684,-0.10736817327958746,-0.1073681732795874,-5.551115123125783e-17
fixed_selected_support_0_60,boundary_extended,crem_lime_abs,CHEMBL244_Ki,126,molformer,mlp,0.08792463153680909,0.21822111274583636,0.14285714285714285,0.05547823127059772,0.19040991251765518,0.14285714285714285,0.032446400266211366,0.032446400266211366,0.0
fixed_selected_support_0_60,boundary_extended,crem_lime_abs,CHEMBL244_Ki,126,molformer,xgboost,0.09227549570087289,0.22195042488646247,0.14285714285714285,-0.024008112418362326,0.12227876078426085,0.14285714285714285,0.11628360811923522,0.11628360811923513,8.326672684688674e-17
fixed_selected_support_0_60,boundary_extended,crem_lime_abs,CHEMBL244_Ki,126,morgan,mlp,0.11194273429278988,0.23880805796524843,0.14285714285714285,0.43985175903584056,0.5198729363164348,0.14285714285714285,-0.32790902474305067,-0.3279090247430507,5.551115123125783e-17
fixed_selected_support_0_60,boundary_extended,crem_lime_abs,CHEMBL244_Ki,126,morgan,xgboost,0.06949214891737439,0.20242184192917803,0.14285714285714285,0.11653670313661256,0.24274574554566788,0.14285714285714285,-0.04704455421923817,-0.04704455421923824,6.938893903907228e-17
fixed_selected_support_0_60,boundary_extended,crem_lime_abs,CHEMBL244_Ki,126,unimol,mlp,-6.980739434147888e-05,0.14279730794770729,0.14285714285714285,0.03001235630020885,0.1685820196858933,0.14285714285714285,-0.03008216369455033,-0.030082163694550305,-2.42861286636753e-17
fixed_selected_support_0_60,boundary_extended,crem_lime_abs,CHEMBL244_Ki,126,unimol,xgboost,0.04435683534073337,0.1808772874349143,0.14285714285714285,0.0025691827036074346,0.14505929946023494,0.14285714285714285,0.04178765263712594,0.04178765263712586,7.632783294297951e-17
fixed_selected_support_0_60,boundary_extended,crem_lime_abs,CHEMBL244_Ki,130,molformer,mlp,-0.15178050643408222,0.20620532664678115,0.3108108108108108,-0.035413011565786905,0.2864045460830387,0.3108108108108108,-0.11636749486829531,-0.11636749486829531,0.0
fixed_selected_support_0_60,boundary_extended,crem_lime_abs,CHEMBL244_Ki,130,molformer,xgboost,-0.09464088690133377,0.24558533470313482,0.3108108108108108,-0.08161569915125153,0.25456215328765097,0.3108108108108108,-0.01302518775008224,-0.013025187750082226,-1.3877787807814457e-17
fixed_selected_support_0_60,boundary_extended,crem_lime_abs,CHEMBL244_Ki,130,morgan,mlp,-0.1510270126012869,0.20672462645046444,0.3108108108108108,-0.03402766451916653,0.28735931229084466,0.3108108108108108,-0.11699934808212037,-0.11699934808212034,-2.7755575615628914e-17
fixed_selected_support_0_60,boundary_extended,crem_lime_abs,CHEMBL244_Ki,130,morgan,xgboost,-0.12827455658166553,0.22240537316668996,0.3108108108108108,0.003395317157404281,0.3131508266895624,0.3108108108108108,-0.13166987373906983,-0.1316698737390698,-2.7755575615628914e-17
fixed_selected_support_0_60,boundary_extended,crem_lime_abs,CHEMBL244_Ki,130,unimol,mlp,-0.15023116950559567,0.20727311290830566,0.3108108108108108,-0.10926497552166958,0.23550657092425473,0.3108108108108108,-0.04096619398392609,-0.040966193983926105,1.3877787807814457e-17
fixed_selected_support_0_60,boundary_extended,crem_lime_abs,CHEMBL244_Ki,130,unimol,xgboost,-0.16810188732275969,0.1949568073856656,0.3108108108108108,-0.012611977963840218,0.30211877194383985,0.3108108108108108,-0.15548990935891946,-0.15548990935891943,-2.7755575615628914e-17
fixed_selected_support_0_60,boundary_extended,crem_lime_abs,CHEMBL244_Ki,141,molformer,mlp,0.07248460201352093,0.24334270164260918,0.18421052631578946,0.11073712514246814,0.2745487073530661,0.18421052631578946,-0.03825252312894721,-0.0382525231289472,-1.3877787807814457e-17
fixed_selected_support_0_60,boundary_extended,crem_lime_abs,CHEMBL244_Ki,141,molformer,xgboost,0.0004531136158738575,0.18458017163400234,0.18421052631578946,0.024839706170692994,0.20447449713924956,0.18421052631578946,-0.024386592554819137,-0.02438659255481917,3.122502256758253e-17
fixed_selected_support_0_60,boundary_extended,crem_lime_abs,CHEMBL244_Ki,141,morgan,mlp,0.1377403610771953,0.29657766298402777,0.18421052631578946,0.2676026221013914,0.4025179285563983,0.18421052631578946,-0.1298622610241961,-0.1298622610241961,0.0
fixed_selected_support_0_60,boundary_extended,crem_lime_abs,CHEMBL244_Ki,141,morgan,xgboost,0.0583522384821246,0.2318136682354174,0.18421052631578946,0.14131937033520173,0.2994973810629277,0.18421052631578946,-0.08296713185307714,-0.08296713185307716,2.7755575615628914e-17
fixed_selected_support_0_60,boundary_extended,crem_lime_abs,CHEMBL244_Ki,141,unimol,mlp,0.11387516100612909,0.2771086839786842,0.18421052631578946,-0.03603121406483778,0.15481664115763233,0.18421052631578946,0.14990637507096688,0.14990637507096677,1.1102230246251565e-16
fixed_selected_support_0_60,boundary_extended,crem_lime_abs,CHEMBL244_Ki,141,unimol,xgboost,0.08006201326813346,0.24952427398189836,0.18421052631578946,0.11586445761675469,0.2787315312136683,0.18421052631578946,-0.03580244434862123,-0.03580244434862126,2.7755575615628914e-17
fixed_selected_support_0_60,boundary_extended,crem_lime_abs,CHEMBL244_Ki,148,molformer,mlp,0.4492551488541869,0.5302470387285712,0.14705882352941177,0.11998603683222442,0.2493998549451326,0.14705882352941177,0.32926911202196246,0.32926911202196246,0.0
fixed_selected_support_0_60,boundary_extended,crem_lime_abs,CHEMBL244_Ki,148,molformer,xgboost,0.44853449267429774,0.5296323613986657,0.14705882352941177,0.24786011674715022,0.35846892310786344,0.14705882352941177,0.2006743759271475,0.20067437592714757,-5.551115123125783e-17
fixed_selected_support_0_60,boundary_extended,crem_lime_abs,CHEMBL244_Ki,148,morgan,mlp,0.08948073741386137,0.22338062897064645,0.14705882352941177,0.3923238172094205,0.48168796173744693,0.14705882352941177,-0.30284307979555913,-0.3028430797955592,5.551115123125783e-17
fixed_selected_support_0_60,boundary_extended,crem_lime_abs,CHEMBL244_Ki,148,morgan,xgboost,0.10347028069890817,0.23531288647848048,0.14705882352941177,0.08629671102176384,0.2206648417538574,0.14705882352941177,0.017173569677144326,0.017173569677144215,1.1102230246251565e-16
fixed_selected_support_0_60,boundary_extended,crem_lime_abs,CHEMBL244_Ki,148,unimol,mlp,0.8163022924379746,0.8433166611970959,0.14705882352941177,0.16421796212824058,0.2871270853446758,0.14705882352941177,0.652084330309734,0.652084330309734,0.0
fixed_selected_support_0_60,boundary_extended,crem_lime_abs,CHEMBL244_Ki,148,unimol,xgboost,0.33764802403280614,0.4350527263809229,0.14705882352941177,0.337589353532767,0.4350026838955954,0.14705882352941177,5.8670500039159634e-05,5.8670500039159634e-05,0.0
fixed_selected_support_0_60,boundary_extended,crem_lime_abs,CHEMBL244_Ki,149,molformer,mlp,0.07545612973621933,0.3568390467730222,0.30434782608695654,0.48885383191539883,0.6444200569846253,0.30434782608695654,-0.4133977021791795,-0.4133977021791796,1.1102230246251565e-16
fixed_selected_support_0_60,boundary_extended,crem_lime_abs,CHEMBL244_Ki,149,molformer,xgboost,0.23530592502636183,0.4680389043661648,0.30434782608695654,0.13493281344091826,0.3982141310893345,0.30434782608695654,0.10037311158544357,0.10037311158544354,2.7755575615628914e-17
fixed_selected_support_0_60,boundary_extended,crem_lime_abs,CHEMBL244_Ki,149,morgan,mlp,-0.09256275255941233,0.2399563460456262,0.30434782608695654,0.5409660585543506,0.6806720407334613,0.30434782608695654,-0.633528811113763,-0.633528811113763,0.0
fixed_selected_support_0_60,boundary_extended,crem_lime_abs,CHEMBL244_Ki,149,morgan,xgboost,0.4638184544506747,0.6270041422265563,0.30434782608695654,0.5411273191954783,0.6807842220490284,0.30434782608695654,-0.07730886474480358,-0.07730886474480358,0.0
fixed_selected_support_0_60,boundary_extended,crem_lime_abs,CHEMBL244_Ki,149,unimol,mlp,-0.04520239675718631,0.27290268051674,0.30434782608695654,-0.002122157537333469,0.3028715425827246,0.30434782608695654,-0.043080239219852844,-0.04308023921985284,-6.938893903907228e-18
fixed_selected_support_0_60,boundary_extended,crem_lime_abs,CHEMBL244_Ki,149,unimol,xgboost,0.5188808942384932,0.6653084481659083,0.30434782608695654,0.021043876854012683,0.3189870447680088,0.30434782608695654,0.4978370173844805,0.49783701738448044,5.551115123125783e-17
fixed_selected_support_0_60,boundary_extended,crem_lime_abs,CHEMBL244_Ki,153,molformer,mlp,0.09711591353477778,0.27267670812523764,0.19444444444444445,-0.0476719009081967,0.15604207982395266,0.19444444444444445,0.14478781444297448,0.14478781444297442,5.551115123125783e-17
fixed_selected_support_0_60,boundary_extended,crem_lime_abs,CHEMBL244_Ki,153,molformer,xgboost,0.12638477670991485,0.29625440346076476,0.19444444444444445,-0.0007859805259110564,0.19381129346523832,0.19444444444444445,0.1271707572358259,0.12717075723582585,5.551115123125783e-17
fixed_selected_support_0_60,boundary_extended,crem_lime_abs,CHEMBL244_Ki,153,morgan,mlp,-0.04439916541487754,0.15867845008245976,0.19444444444444445,0.15949282420964375,0.32292477505776856,0.19444444444444445,-0.2038919896245213,-0.2038919896245212,-8.326672684688674e-17
fixed_selected_support_0_60,boundary_extended,crem_lime_abs,CHEMBL244_Ki,153,morgan,xgboost,0.49252670037025464,0.5912020641871495,0.19444444444444445,0.19724125380730131,0.35333323223365937,0.19444444444444445,0.2952854465629533,0.2952854465629532,1.1102230246251565e-16
fixed_selected_support_0_60,boundary_extended,crem_lime_abs,CHEMBL244_Ki,153,unimol,mlp,0.011310549688656529,0.20355572058252888,0.19444444444444445,0.026567360748923047,0.21584592949218803,0.19444444444444445,-0.015256811060266518,-0.01525681106026647,-4.85722573273506e-17
fixed_selected_support_0_60,boundary_extended,crem_lime_abs,CHEMBL244_Ki,153,unimol,xgboost,-0.050039997894710066,0.15413444614037244,0.19444444444444445,0.031322406134413,0.21967638271938825,0.19444444444444445,-0.08136240402912306,-0.08136240402912304,-2.7755575615628914e-17
fixed_selected_support_0_60,boundary_extended,crem_lime_abs,CHEMBL244_Ki,155,molformer,mlp,0.17974280815183205,0.3530365810775013,0.21126760563380284,0.06852690599812655,0.2653169962802125,0.21126760563380284,0.1112159021537055,0.11121590215370546,4.163336342344337e-17
fixed_selected_support_0_60,boundary_extended,crem_lime_abs,CHEMBL244_Ki,155,molformer,xgboost,0.06201104698483684,0.26017772719930793,0.21126760563380284,0.36977636867633756,0.5029222062799282,0.21126760563380284,-0.3077653216915007,-0.3077653216915007,0.0
fixed_selected_support_0_60,boundary_extended,crem_lime_abs,CHEMBL244_Ki,155,morgan,mlp,0.3918423918902336,0.5203263936035646,0.21126760563380284,0.2173453534962255,0.3826949267012483,0.21126760563380284,0.17449703839400812,0.1744970383940082,-8.326672684688674e-17
fixed_selected_support_0_60,boundary_extended,crem_lime_abs,CHEMBL244_Ki,155,morgan,xgboost,0.2165485435227121,0.3820664568629842,0.21126760563380284,0.3874151426489251,0.5168344787090113,0.21126760563380284,-0.17086659912621302,-0.17086659912621296,-5.551115123125783e-17
fixed_selected_support_0_60,boundary_extended,crem_lime_abs,CHEMBL244_Ki,155,unimol,mlp,0.053285057040246546,0.25329525625709587,0.21126760563380284,0.298856685904745,0.4469855550797989,0.21126760563380284,-0.24557162886449846,-0.24557162886449838,-8.326672684688674e-17
fixed_selected_support_0_60,boundary_extended,crem_lime_abs,CHEMBL244_Ki,155,unimol,xgboost,-0.023672587599611005,0.19259626893551807,0.21126760563380284,0.04636330499249373,0.24783584619126264,0.21126760563380284,-0.07003589259210473,-0.07003589259210469,-4.163336342344337e-17
fixed_selected_support_0_60,boundary_extended,crem_lime_abs,CHEMBL244_Ki,157,molformer,mlp,-0.09904039630748156,0.1521688371342285,0.22857142857142856,0.10141625038563566,0.3068068217260618,0.22857142857142856,-0.20045664669311722,-0.2008073911606206,0.0003507444675033833
fixed_selected_support_0_60,boundary_extended,crem_lime_abs,CHEMBL244_Ki,157,molformer,xgboost,-0.10747873104985489,0.14565926461868337,0.22857142857142856,0.006487245264976002,0.23357587491869578,0.22857142857142856,-0.1139659763148309,-0.11554133639713533,0.001575360082304439
fixed_selected_support_0_60,boundary_extended,crem_lime_abs,CHEMBL244_Ki,157,morgan,mlp,-0.04011653521646916,0.19762438711872377,0.22857142857142856,-0.00945803119244705,0.2212752330801123,0.22857142857142856,-0.030658504024022107,-0.030707853990177905,4.934996615579834e-05
fixed_selected_support_0_60,boundary_extended,crem_lime_abs,CHEMBL244_Ki,157,morgan,xgboost,-0.08757965478861923,0.1610099805916366,0.22857142857142856,-0.051459151154604664,0.18887436910930497,0.22857142857142856,-0.03612050363401457,-0.0361260852902622,5.5816562476301845e-06
fixed_selected_support_0_60,boundary_extended,crem_lime_abs,CHEMBL244_Ki,157,unimol,mlp,0.023938466427417548,0.2470382455297221,0.22857142857142856,-0.059137552535022196,0.1829510309015543,0.22857142857142856,0.08307601896243974,0.08270983356800576,0.0003661853944339766
fixed_selected_support_0_60,boundary_extended,crem_lime_abs,CHEMBL244_Ki,157,unimol,xgboost,-0.06593809874456935,0.17770489525418934,0.22857142857142856,-0.037008348059563836,0.20002213149690787,0.22857142857142856,-0.028929750685005515,-0.030843846947760732,0.0019140962627552174
fixed_selected_support_0_60,boundary_extended,crem_lime_abs,CHEMBL244_Ki,159,molformer,mlp,-0.11144851700513629,0.188942974077333,0.2702702702702703,0.05926367259818923,0.3135167340581381,0.2702702702702703,-0.17071218960332551,-0.1707121896033254,-1.1102230246251565e-16
fixed_selected_support_0_60,boundary_extended,crem_lime_abs,CHEMBL244_Ki,159,molformer,xgboost,-0.13090713774521426,0.1747434400237626,0.2702702702702703,-0.11489964851491678,0.18642458081343913,0.2702702702702703,-0.016007489230297475,-0.01600748923029746,-1.3877787807814457e-17
fixed_selected_support_0_60,boundary_extended,crem_lime_abs,CHEMBL244_Ki,159,morgan,mlp,-0.12561546268232468,0.17860493263722255,0.2702702702702703,-0.12377389850149507,0.17994877676917928,0.2702702702702703,-0.0018415641808296052,-0.0018415641808296052,0.0
fixed_selected_support_0_60,boundary_extended,crem_lime_abs,CHEMBL244_Ki,159,morgan,xgboost,-0.09895118331542695,0.19806265001306686,0.2702702702702703,-0.10178373881387782,0.19599565005473782,0.2702702702702703,0.0028325554984508783,0.002832555498450906,-2.7755575615628914e-17
fixed_selected_support_0_60,boundary_extended,crem_lime_abs,CHEMBL244_Ki,159,unimol,mlp,-0.129746350217978,0.17559050119228634,0.2702702702702703,-0.1366005755665319,0.17058876918117946,0.2702702702702703,0.0068542253485538995,0.006854225348553844,5.551115123125783e-17
fixed_selected_support_0_60,boundary_extended,crem_lime_abs,CHEMBL244_Ki,159,unimol,xgboost,-0.13194056514758562,0.17398931732473485,0.2702702702702703,-0.09570814390529696,0.20042919228532385,0.2702702702702703,-0.03623242124228866,-0.03623242124228869,2.7755575615628914e-17
fixed_selected_support_0_60,boundary_extended,crem_lime_abs,CHEMBL244_Ki,162,molformer,mlp,0.010893623904521643,0.06118716845174935,0.05084745762711865,0.3022866356247363,0.337763586355682,0.05084745762711865,-0.29139301172021465,-0.29139301172021465,0.0
fixed_selected_support_0_60,boundary_extended,crem_lime_abs,CHEMBL244_Ki,162,molformer,xgboost,0.043904448309255606,0.09251947636132736,0.05084745762711865,-0.0023824505682549543,0.048586148613181744,0.05084745762711865,0.04628689887751056,0.04628689887751046,9.71445146547012e-17
fixed_selected_support_0_60,boundary_extended,crem_lime_abs,CHEMBL244_Ki,162,morgan,mlp,0.13680455347122011,0.180695847362514,0.05084745762711865,0.7912367724867724,0.8018518518518517,0.05084745762711865,-0.6544322190155523,-0.6544322190155523,0.0
fixed_selected_support_0_60,boundary_extended,crem_lime_abs,CHEMBL244_Ki,162,morgan,xgboost,0.05030478038872682,0.09859436782658816,0.05084745762711865,0.07788928891303494,0.12477627422254163,0.05084745762711865,-0.02758450852430812,-0.027584508524308174,5.551115123125783e-17
fixed_selected_support_0_60,boundary_extended,crem_lime_abs,CHEMBL244_Ki,162,unimol,mlp,0.009203773762125276,0.05958324289286467,0.05084745762711865,-0.012323967069918486,0.03915013295058584,0.05084745762711865,0.021527740832043764,0.02152774083204373,3.469446951953614e-17
fixed_selected_support_0_60,boundary_extended,crem_lime_abs,CHEMBL244_Ki,162,unimol,xgboost,-0.014442064310279468,0.037139735569904235,0.05084745762711865,0.06203347447617396,0.10972668763840242,0.05084745762711865,-0.07647553878645343,-0.07647553878645333,-9.71445146547012e-17
fixed_selected_support_0_60,boundary_extended,crem_lime_abs,CHEMBL244_Ki,163,molformer,mlp,0.47113729887236294,0.5557553310527849,0.16,0.21654940622398125,0.3419015012281443,0.16,0.25458789264838166,0.25458789264838155,1.1102230246251565e-16
fixed_selected_support_0_60,boundary_extended,crem_lime_abs,CHEMBL244_Ki,163,molformer,xgboost,0.24737905104048533,0.3677984028740077,0.16,-0.004666909869777402,0.156079795709387,0.16,0.2520459609102627,0.25204596091026266,5.551115123125783e-17
fixed_selected_support_0_60,boundary_extended,crem_lime_abs,CHEMBL244_Ki,163,morgan,mlp,-0.056103952330799185,0.11287268004212869,0.16,-0.055519714981210576,0.11336343941578313,0.16,-0.0005842373495886094,-0.0005842373495885955,-1.3877787807814457e-17
fixed_selected_support_0_60,boundary_extended,crem_lime_abs,CHEMBL244_Ki,163,morgan,xgboost,-0.04045122216763464,0.1260209733791869,0.16,-0.028841787089590943,0.1357728988447436,0.16,-0.011609435078043694,-0.011609435078043632,-6.245004513516506e-17
fixed_selected_support_0_60,boundary_extended,crem_lime_abs,CHEMBL244_Ki,163,unimol,mlp,-0.05588549931894397,0.11305618057208706,0.16,0.0384206207620279,0.19227332144010345,0.16,-0.09430612008097186,-0.09430612008097178,-8.326672684688674e-17
fixed_selected_support_0_60,boundary_extended,crem_lime_abs,CHEMBL244_Ki,163,unimol,xgboost,-0.043348175448208036,0.12358753262350525,0.16,0.061379620263525426,0.21155888102136136,0.16,-0.10472779571173346,-0.10472779571173337,-9.71445146547012e-17
fixed_selected_support_0_60,boundary_extended,crem_lime_abs,CHEMBL244_Ki,164,molformer,mlp,0.12204518823448822,0.32798520580911444,0.23456790123456792,0.25946120637451797,0.4331678369780261,0.23456790123456792,-0.13741601814002974,-0.13741601814002974,0.0
fixed_selected_support_0_60,boundary_extended,crem_lime_abs,CHEMBL244_Ki,164,molformer,xgboost,0.10315794522046308,0.31352830374899643,0.23456790123456792,0.0236199338399224,0.25264735676636035,0.23456790123456792,0.07953801138054067,0.07953801138054066,1.3877787807814457e-17
fixed_selected_support_0_60,boundary_extended,crem_lime_abs,CHEMBL244_Ki,164,morgan,mlp,0.3423448953395715,0.4966096729759683,0.23456790123456792,-0.0710237097677159,0.1802040740049582,0.23456790123456792,0.4133686051072874,0.4133686051072873,1.1102230246251565e-16
fixed_selected_support_0_60,boundary_extended,crem_lime_abs,CHEMBL244_Ki,164,morgan,xgboost,0.46240516745027144,0.5885076590360102,0.23456790123456792,0.284823831056956,0.4525812040189046,0.23456790123456792,0.17758133639331541,0.17758133639331536,5.551115123125783e-17
fixed_selected_support_0_60,boundary_extended,crem_lime_abs,CHEMBL244_Ki,164,unimol,mlp,0.0687499548311019,0.2871913234509669,0.23456790123456792,-0.03810628701221878,0.20540012599064736,0.23456790123456792,0.10685624184332068,0.10685624184332065,2.7755575615628914e-17
fixed_selected_support_0_60,boundary_extended,crem_lime_abs,CHEMBL244_Ki,164,unimol,xgboost,0.06506596985506861,0.2843714830989414,0.23456790123456792,0.21810633461226425,0.401513490690869,0.23456790123456792,-0.15304036475719562,-0.15304036475719562,0.0
fixed_selected_support_0_60,boundary_extended,crem_lime_abs,CHEMBL244_Ki,168,molformer,mlp,0.3918936246053697,0.5621634097158662,0.28,0.5397607762795004,0.6686277589212403,0.28,-0.14786715167413067,-0.14786715167413067,0.0
fixed_selected_support_0_60,boundary_extended,crem_lime_abs,CHEMBL244_Ki,168,molformer,xgboost,0.22126871711493315,0.4393134763227519,0.28,0.2700571390375976,0.4744411401070703,0.28,-0.04878842192266444,-0.04878842192266444,0.0
fixed_selected_support_0_60,boundary_extended,crem_lime_abs,CHEMBL244_Ki,168,morgan,mlp,0.12141976403556147,0.36742223010560426,0.28,0.542392783480685,0.6705228041060932,0.28,-0.4209730194451235,-0.42097301944512355,5.551115123125783e-17
fixed_selected_support_0_60,boundary_extended,crem_lime_abs,CHEMBL244_Ki,168,morgan,xgboost,-0.098976141294507,0.208737178267955,0.28,0.6656974484871906,0.7593021629107772,0.28,-0.7646735897816976,-0.7646735897816975,-1.1102230246251565e-16
fixed_selected_support_0_60,boundary_extended,crem_lime_abs,CHEMBL244_Ki,168,unimol,mlp,0.4077419264295304,0.5735741870292619,0.28,0.24043596117179955,0.4531138920436957,0.28,0.16730596525773084,0.16730596525773087,-2.7755575615628914e-17
fixed_selected_support_0_60,boundary_extended,crem_lime_abs,CHEMBL244_Ki,168,unimol,xgboost,0.15581535647229577,0.39218705666005294,0.28,0.3769577736610305,0.551409597035942,0.28,-0.22114241718873473,-0.22114241718873476,2.7755575615628914e-17
fixed_selected_support_0_60,boundary_extended,crem_lime_abs,CHEMBL244_Ki,169,molformer,mlp,0.3252424601407947,0.49644959711999603,0.2537313432835821,0.6241084093543504,0.7194838875778733,0.2537313432835821,-0.2988659492135557,-0.29886594921355575,5.551115123125783e-17
fixed_selected_support_0_60,boundary_extended,crem_lime_abs,CHEMBL244_Ki,169,molformer,xgboost,0.5818163776113335,0.6879226698592041,0.2537313432835821,0.43109958911601426,0.5754474545641898,0.2537313432835821,0.15071678849531928,0.1507167884953194,-1.1102230246251565e-16
fixed_selected_support_0_60,boundary_extended,crem_lime_abs,CHEMBL244_Ki,169,morgan,mlp,0.07691599359222291,0.3111313385016589,0.2537313432835821,0.19879077452519214,0.40208266755611355,0.2537313432835821,-0.12187478093296923,-0.12187478093296922,-1.3877787807814457e-17
fixed_selected_support_0_60,boundary_extended,crem_lime_abs,CHEMBL244_Ki,169,morgan,xgboost,-0.12799071148532756,0.1582158869512481,0.2537313432835821,0.0798592368825729,0.313327788718338,0.2537313432835821,-0.20784994836790047,-0.20784994836790038,-8.326672684688674e-17
fixed_selected_support_0_60,boundary_extended,crem_lime_abs,CHEMBL244_Ki,169,unimol,mlp,0.36591041165597177,0.5267988146686357,0.2537313432835821,0.04274862506487404,0.28563330228721945,0.2537313432835821,0.32316178659109773,0.32316178659109773,0.0
fixed_selected_support_0_60,boundary_extended,crem_lime_abs,CHEMBL244_Ki,169,unimol,xgboost,0.25753283333297017,0.4459200248753508,0.2537313432835821,0.3684144384322779,0.5286674913673716,0.2537313432835821,-0.11088160509930772,-0.11088160509930778,5.551115123125783e-17
fixed_selected_support_0_60,boundary_extended,crem_lime_abs,CHEMBL244_Ki,171,molformer,mlp,0.03040102062115883,0.1729891058239296,0.14705882352941177,-0.012165178985668568,0.13668264145340034,0.14705882352941177,0.0425661996068274,0.0425661996068274,0.0
fixed_selected_support_0_60,boundary_extended,crem_lime_abs,CHEMBL244_Ki,171,molformer,xgboost,0.09673193956088381,0.22956547786075385,0.14705882352941177,0.06303733798047302,0.2008259647480505,0.14705882352941177,0.03369460158041079,0.03369460158041082,-2.7755575615628914e-17
fixed_selected_support_0_60,boundary_extended,crem_lime_abs,CHEMBL244_Ki,171,morgan,mlp,0.0005957581168595585,0.14756697015849787,0.14705882352941177,0.5264207628451084,0.5960647683090631,0.14705882352941177,-0.5258250047282489,-0.5258250047282488,-1.1102230246251565e-16
fixed_selected_support_0_60,boundary_extended,crem_lime_abs,CHEMBL244_Ki,171,morgan,xgboost,-0.0604986067539968,0.09545707070982627,0.14705882352941177,0.0862174107532419,0.22059720328952984,0.14705882352941177,-0.1467160175072387,-0.1467160175072386,-1.1102230246251565e-16
fixed_selected_support_0_60,boundary_extended,crem_lime_abs,CHEMBL244_Ki,171,unimol,mlp,-0.027687252177606623,0.12344322608380613,0.14705882352941177,-0.00674690463627136,0.1413041107514156,0.14705882352941177,-0.020940347541335263,-0.0209403475413352,-6.245004513516506e-17
fixed_selected_support_0_60,boundary_extended,crem_lime_abs,CHEMBL244_Ki,171,unimol,xgboost,0.04119805208977854,0.18219833854716405,0.14705882352941177,-0.0023144226416092263,0.14508475715862743,0.14705882352941177,0.043512474731387765,0.04351247473138773,3.469446951953614e-17
fixed_selected_support_0_60,boundary_extended,crem_lime_abs,CHEMBL244_Ki,172,molformer,mlp,0.328977873977874,0.37447089947089945,0.06779661016949153,0.2807299585602596,0.32949402916634374,0.06779661016949153,0.04824791541761436,0.04824791541761436,0.0
fixed_selected_support_0_60,boundary_extended,crem_lime_abs,CHEMBL244_Ki,172,molformer,xgboost,0.034674173745385395,0.10011999247451181,0.06779661016949153,0.2537621953448566,0.3043545888807986,0.06779661016949153,-0.21908802159947122,-0.21908802159947122,0.0
fixed_selected_support_0_60,boundary_extended,crem_lime_abs,CHEMBL244_Ki,172,morgan,mlp,0.5511239726457118,0.5815562456866804,0.06779661016949153,0.093588374037895,0.1550400096963428,0.06779661016949153,0.4575355986078168,0.45753559860781673,5.551115123125783e-17
fixed_selected_support_0_60,boundary_extended,crem_lime_abs,CHEMBL244_Ki,172,morgan,xgboost,0.21090240864305035,0.2644005504299622,0.06779661016949153,0.06167294238710922,0.1252883361235764,0.06779661016949153,0.14922946625594113,0.14922946625594116,-2.7755575615628914e-17
fixed_selected_support_0_60,boundary_extended,crem_lime_abs,CHEMBL244_Ki,172,unimol,mlp,0.014302967400880719,0.08112988486522778,0.06779661016949153,0.07103400939264595,0.13401475451856826,0.06779661016949153,-0.056731041991765235,-0.056731041991765235,0.0
fixed_selected_support_0_60,boundary_extended,crem_lime_abs,CHEMBL244_Ki,172,unimol,xgboost,0.12948923922185954,0.1885069179186826,0.06779661016949153,0.1656044712862895,0.22217365967365965,0.06779661016949153,-0.03611523206442996,-0.0361152320644299,-5.551115123125783e-17
fixed_selected_support_0_60,boundary_extended,crem_lime_abs,CHEMBL244_Ki,173,molformer,mlp,0.10289337441014272,0.14561273753346923,0.047619047619047616,0.07535256529556138,0.11938339551958227,0.047619047619047616,0.027540809114581344,0.02754080911458129,5.551115123125783e-17
fixed_selected_support_0_60,boundary_extended,crem_lime_abs,CHEMBL244_Ki,173,molformer,xgboost,0.00807583630440321,0.055310320289907816,0.047619047619047616,0.05260340594378981,0.09771752947027601,0.047619047619047616,-0.0445275696393866,-0.04452756963938664,3.469446951953614e-17
fixed_selected_support_0_60,boundary_extended,crem_lime_abs,CHEMBL244_Ki,173,morgan,mlp,0.021522117451378997,0.06811630233464666,0.047619047619047616,0.23616220324734818,0.2725354316641411,0.047619047619047616,-0.2146400857959692,-0.21464008579596913,-5.551115123125783e-17
fixed_selected_support_0_60,boundary_extended,crem_lime_abs,CHEMBL244_Ki,173,morgan,xgboost,-0.0105985282493369,0.037525211191107716,0.047619047619047616,0.01890558990366011,0.06562437133681914,0.047619047619047616,-0.029504118152997007,-0.029504118152996934,-7.28583859910259e-17
fixed_selected_support_0_60,boundary_extended,crem_lime_abs,CHEMBL244_Ki,173,unimol,mlp,-0.017541450707159737,0.030912904088419294,0.047619047619047616,0.8409578544061302,0.8485312899106002,0.047619047619047616,-0.85849930511329,-0.85849930511329,0.0
fixed_selected_support_0_60,boundary_extended,crem_lime_abs,CHEMBL244_Ki,173,unimol,xgboost,-0.0003859242642912924,0.04725150070067496,0.047619047619047616,0.583178222065804,0.6030268781579086,0.047619047619047616,-0.5835641463300953,-0.5835641463300953,0.0
fixed_selected_support_0_60,boundary_extended,crem_lime_abs,CHEMBL244_Ki,175,molformer,mlp,-0.0005181806248975319,0.23293606152091187,0.2333333333333333,0.10578293906327953,0.314433586615181,0.2333333333333333,-0.10630111968817706,-0.10630111968817707,1.3877787807814457e-17
fixed_selected_support_0_60,boundary_extended,crem_lime_abs,CHEMBL244_Ki,175,molformer,xgboost,0.08167920948594827,0.2959540606058937,0.2333333333333333,0.12485544846668507,0.32905584382445857,0.2333333333333333,-0.0431762389807368,-0.0431762389807368,0.0
fixed_selected_support_0_60,boundary_extended,crem_lime_abs,CHEMBL244_Ki,175,morgan,mlp,0.2672368620452302,0.43821492756800984,0.2333333333333333,0.2361466390887831,0.41437908996806705,0.2333333333333333,0.03109022295644706,0.031090222956447117,-5.551115123125783e-17
fixed_selected_support_0_60,boundary_extended,crem_lime_abs,CHEMBL244_Ki,175,morgan,xgboost,0.3026641620673789,0.46537585758499045,0.2333333333333333,0.27728243192828383,0.44591653114501756,0.2333333333333333,0.02538173013909506,0.02538173013909506,0.0
fixed_selected_support_0_60,boundary_extended,crem_lime_abs,CHEMBL244_Ki,175,unimol,mlp,-0.017457065208437997,0.21994958334019754,0.2333333333333333,0.18400418089940293,0.3744032053562089,0.2333333333333333,-0.20146124610784094,-0.20146124610784094,0.0
fixed_selected_support_0_60,boundary_extended,crem_lime_abs,CHEMBL244_Ki,175,unimol,xgboost,0.029916358976794694,0.25626920854887597,0.2333333333333333,0.044366670931474665,0.2673477810474639,0.2333333333333333,-0.014450311954679971,-0.014450311954679974,3.469446951953614e-18
fixed_selected_support_0_60,boundary_extended,crem_lime_abs,CHEMBL244_Ki,182,molformer,mlp,0.17746915756911386,0.4428016873855287,0.3225806451612903,0.1907752802279384,0.45181551241247436,0.3225806451612903,-0.013306122658824554,-0.017389249875425034,0.0040831272166004795
fixed_selected_support_0_60,boundary_extended,crem_lime_abs,CHEMBL244_Ki,182,molformer,xgboost,0.8268204353324379,0.8826848110316515,0.3225806451612903,0.4284692427951096,0.6128340031837839,0.3225806451612903,0.39835119253732826,0.39835119253732826,0.0
fixed_selected_support_0_60,boundary_extended,crem_lime_abs,CHEMBL244_Ki,182,morgan,mlp,0.0820707717714127,0.3781769744257957,0.3225806451612903,0.17236160905530215,0.439341735166495,0.3225806451612903,-0.09029083728388945,-0.0892721142357283,-0.0010187230481611548
fixed_selected_support_0_60,boundary_extended,crem_lime_abs,CHEMBL244_Ki,182,morgan,xgboost,0.24124934873747797,0.4860076233382915,0.3225806451612903,0.2663419756944603,0.5030058545026989,0.3225806451612903,-0.025092626956982306,-0.024993951282874627,-9.867567410767886e-05
fixed_selected_support_0_60,boundary_extended,crem_lime_abs,CHEMBL244_Ki,182,unimol,mlp,0.42619727080344244,0.6112949253829773,0.3225806451612903,0.14059513335211785,0.4178225096901443,0.3225806451612903,0.28560213745132457,0.2865648927859652,-0.0009627553346406303
fixed_selected_support_0_60,boundary_extended,crem_lime_abs,CHEMBL244_Ki,182,unimol,xgboost,0.8507944565045328,0.8989252769869416,0.3225806451612903,0.39892632915516274,0.5928210616857554,0.3225806451612903,0.45186812734937004,0.4541047795860224,-0.00223665223665237
fixed_selected_support_0_60,boundary_extended,crem_lime_abs,CHEMBL244_Ki,183,molformer,mlp,-0.06232524579711149,0.16531587830226954,0.21428571428571427,-0.06244715282212221,0.1652200942111897,0.21428571428571427,0.00012190702501072015,-0.0015862124597120011,0.0017081194847227213
fixed_selected_support_0_60,boundary_extended,crem_lime_abs,CHEMBL244_Ki,183,molformer,xgboost,-0.060177483127656084,0.16700340611398448,0.21428571428571427,-0.04643452705987411,0.1778014430243846,0.21428571428571427,-0.013742956067781975,-0.012985380310206261,-0.0007575757575757139
fixed_selected_support_0_60,boundary_extended,crem_lime_abs,CHEMBL244_Ki,183,morgan,mlp,-0.023123456690616412,0.19611728402880138,0.21428571428571427,-0.015403612648742944,0.20218287577598767,0.21428571428571427,-0.007719844041873468,-0.008753573145777965,0.0010337291039044967
fixed_selected_support_0_60,boundary_extended,crem_lime_abs,CHEMBL244_Ki,183,morgan,xgboost,0.03679984111830364,0.24319987516438143,0.21428571428571427,0.18125707730894358,0.3567019893141699,0.21428571428571427,-0.14445723619063994,-0.14445723619064005,1.1102230246251565e-16
fixed_selected_support_0_60,boundary_extended,crem_lime_abs,CHEMBL244_Ki,183,unimol,mlp,0.0007620831482235106,0.2148844939021756,0.21428571428571427,0.07283817159955448,0.2715157062567928,0.21428571428571427,-0.07207608845133097,-0.07118000412952606,-0.0008960843218049075
fixed_selected_support_0_60,boundary_extended,crem_lime_abs,CHEMBL244_Ki,183,unimol,xgboost,-0.0319664140239329,0.1891692461240527,0.21428571428571427,0.06182507888690617,0.26286256198256913,0.21428571428571427,-0.09379149291083907,-0.09478998556880538,0.00099849265796631
fixed_selected_support_0_60,boundary_extended,crem_lime_abs,CHEMBL244_Ki,189,molformer,mlp,0.41319942611190824,0.5139631610219846,0.1717171717171717,0.2506215483186258,0.3793026965871446,0.1717171717171717,0.16257787779328242,0.16018667741069031,0.002391200382592107
fixed_selected_support_0_60,boundary_extended,crem_lime_abs,CHEMBL244_Ki,189,molformer,xgboost,0.1260149349190161,0.2760931784177709,0.1717171717171717,0.1568464126285825,0.30163036197518955,0.1717171717171717,-0.0308314777095664,-0.02157422133609771,-0.009257256373468692
fixed_selected_support_0_60,boundary_extended,crem_lime_abs,CHEMBL244_Ki,189,morgan,mlp,-0.040366168805571374,0.13828256725195098,0.1717171717171717,-0.022430488343571503,0.1531383833921933,0.1717171717171717,-0.01793568046199987,-0.017935680461999833,-3.8163916471489756e-17
fixed_selected_support_0_60,boundary_extended,crem_lime_abs,CHEMBL244_Ki,189,morgan,xgboost,0.003999600457657575,0.1750299720962416,0.1717171717171717,0.042158168862954086,0.20663605905820437,0.1717171717171717,-0.03815856840529651,-0.04053898170948923,0.0023804133041927245
fixed_selected_support_0_60,boundary_extended,crem_lime_abs,CHEMBL244_Ki,189,unimol,mlp,-0.03560675974411488,0.14222470405032908,0.1717171717171717,0.06753689280590283,0.22765682030387913,0.1717171717171717,-0.10314365255001771,-0.09519069087754377,-0.007952961672473946
fixed_selected_support_0_60,boundary_extended,crem_lime_abs,CHEMBL244_Ki,189,unimol,xgboost,-0.03533820181879268,0.1424471459682727,0.1717171717171717,0.1135133149035938,0.26573830123327974,0.1717171717171717,-0.14885151672238647,-0.1491604729142852,0.00030895619189871826
fixed_selected_support_0_60,boundary_extended,crem_lime_abs,CHEMBL244_Ki,194,molformer,mlp,-0.01455670004630997,0.04601384921018614,0.05970149253731343,0.004029622783576,0.06349054082634759,0.05970149253731343,-0.01858632282988597,-0.018586322829885933,-3.8163916471489756e-17
fixed_selected_support_0_60,boundary_extended,crem_lime_abs,CHEMBL244_Ki,194,molformer,xgboost,-0.0005498234904914653,0.059184494329836385,0.05970149253731343,0.0579069512646857,0.11415131238321193,0.05970149253731343,-0.05845677475517717,-0.05845677475517717,0.0
fixed_selected_support_0_60,boundary_extended,crem_lime_abs,CHEMBL244_Ki,194,morgan,mlp,0.015141754557440617,0.07393926174804118,0.05970149253731343,0.12566077010448864,0.1778601271131759,0.05970149253731343,-0.11051901554704803,-0.11051901554704804,1.3877787807814457e-17
fixed_selected_support_0_60,boundary_extended,crem_lime_abs,CHEMBL244_Ki,194,morgan,xgboost,-0.0160887595154021,0.044573255978054734,0.05970149253731343,0.02815577600350244,0.08617632668986049,0.05970149253731343,-0.04424453551890454,-0.04424453551890446,-7.632783294297951e-17
fixed_selected_support_0_60,boundary_extended,crem_lime_abs,CHEMBL244_Ki,194,unimol,mlp,0.014022559932842413,0.07288688471297122,0.05970149253731343,0.003749964220517842,0.06322757829690484,0.05970149253731343,0.010272595712324572,0.0102725957123246,-2.7755575615628914e-17
fixed_selected_support_0_60,boundary_extended,crem_lime_abs,CHEMBL244_Ki,194,unimol,xgboost,0.08573686373891352,0.14031973754554553,0.05970149253731343,-0.018256914169169133,0.04253454339316932,0.05970149253731343,0.10399377790808266,0.10399377790808256,9.71445146547012e-17
fixed_selected_support_0_60,boundary_extended,crem_lime_abs,CHEMBL244_Ki,200,molformer,mlp,0.298290926674969,0.45340556393629167,0.22105263157894736,-0.04940188789317199,0.18257116100952916,0.22105263157894736,0.347692814568141,0.34769281456814094,5.551115123125783e-17
fixed_selected_support_0_60,boundary_extended,crem_lime_abs,CHEMBL244_Ki,200,molformer,xgboost,0.3450070221048291,0.4897949435342879,0.22105263157894736,-0.009660933095521164,0.2135272731676993,0.22105263157894736,0.35466795520035027,0.35466795520035027,0.0
fixed_selected_support_0_60,boundary_extended,crem_lime_abs,CHEMBL244_Ki,200,morgan,mlp,-0.07772011386918265,0.16051275340716298,0.22105263157894736,0.0192122229235861,0.23601794206679338,0.22105263157894736,-0.09693233679276875,-0.09693233679276872,-2.7755575615628914e-17
fixed_selected_support_0_60,boundary_extended,crem_lime_abs,CHEMBL244_Ki,200,morgan,xgboost,-0.07853846960953252,0.15987529735678518,0.22105263157894736,-0.011045312438437612,0.21244891452163805,0.22105263157894736,-0.06749315717109491,-0.06749315717109486,-5.551115123125783e-17
fixed_selected_support_0_60,boundary_extended,crem_lime_abs,CHEMBL244_Ki,200,unimol,mlp,0.04059779229086157,0.25267617504761847,0.22105263157894736,0.03608720418112041,0.24916266430950432,0.22105263157894736,0.0045105881097411635,0.004510588109741094,6.938893903907228e-17
fixed_selected_support_0_60,boundary_extended,crem_lime_abs,CHEMBL244_Ki,200,unimol,xgboost,0.16673684801463548,0.3509318605587686,0.22105263157894736,0.041771554499813894,0.253590474031434,0.22105263157894736,0.12496529351482158,0.12496529351482158,0.0
fixed_selected_support_0_60,boundary_extended,crem_lime_abs,CHEMBL244_Ki,202,molformer,mlp,-0.026305838101469664,0.2054406414698299,0.22580645161290322,0.3136085253263746,0.4686001486397739,0.22580645161290322,-0.3399143634278443,-0.3397891123040029,-0.00012525112384143
fixed_selected_support_0_60,boundary_extended,crem_lime_abs,CHEMBL244_Ki,202,molformer,xgboost,0.3507147777725123,0.4973275698883966,0.22580645161290322,0.42247154240240564,0.5528811941179915,0.22580645161290322,-0.07175676462989333,-0.07162695891973048,-0.0001298057101628558
fixed_selected_support_0_60,boundary_extended,crem_lime_abs,CHEMBL244_Ki,202,morgan,mlp,0.13833577682214235,0.33290511753972307,0.22580645161290322,0.007850517935770974,0.23188427195027428,0.22580645161290322,0.13048525888637139,0.13126565611413707,-0.0007803972277656834
fixed_selected_support_0_60,boundary_extended,crem_lime_abs,CHEMBL244_Ki,202,morgan,xgboost,0.7644931738198375,0.8176721345701967,0.22580645161290322,0.19631882072751436,0.3777952160471079,0.22580645161290322,0.5681743530923231,0.5680239143936664,0.00015043869865671855
fixed_selected_support_0_60,boundary_extended,crem_lime_abs,CHEMBL244_Ki,202,unimol,mlp,0.13811142435089444,0.33273142530391825,0.22580645161290322,0.2464711490257352,0.4166228250521821,0.22580645161290322,-0.10835972467484076,-0.10835972467484078,2.7755575615628914e-17
fixed_selected_support_0_60,boundary_extended,crem_lime_abs,CHEMBL244_Ki,202,unimol,xgboost,0.4128588891399761,0.5454391399793364,0.22580645161290322,0.06835449907730944,0.27872606380178794,0.22580645161290322,0.34450439006266664,0.34450439006266664,0.0
fixed_selected_support_0_60,boundary_extended,crem_lime_abs,CHEMBL2835_Ki,2,molformer,mlp,0.03723556517215879,0.12892741610814365,0.09523809523809523,0.3171588995709087,0.3821913853260603,0.09523809523809523,-0.2799233343987499,-0.27992333439874995,5.551115123125783e-17
fixed_selected_support_0_60,boundary_extended,crem_lime_abs,CHEMBL2835_Ki,2,molformer,xgboost,0.05086072864048666,0.1412549449604403,0.09523809523809523,0.14813789649417808,0.22926762063758968,0.09523809523809523,-0.09727716785369142,-0.09727716785369145,2.7755575615628914e-17
fixed_selected_support_0_60,boundary_extended,crem_lime_abs,CHEMBL2835_Ki,2,morgan,mlp,0.04291206600417128,0.13406329781329782,0.09523809523809523,0.46308733621040127,0.5142218756189344,0.09523809523809523,-0.42017527020622997,-0.42017527020623,5.551115123125783e-17
fixed_selected_support_0_60,boundary_extended,crem_lime_abs,CHEMBL2835_Ki,2,morgan,xgboost,0.05083468077194655,0.14123137784128495,0.09523809523809523,0.4481288308784439,0.5006879898424016,0.09523809523809523,-0.3972941501064974,-0.3972941501064974,0.0
fixed_selected_support_0_60,boundary_extended,crem_lime_abs,CHEMBL2835_Ki,2,unimol,mlp,0.26632073293064007,0.3361949488420077,0.09523809523809523,0.3797208660792252,0.43879506930977524,0.09523809523809523,-0.11340013314858516,-0.11340013314858521,5.551115123125783e-17
fixed_selected_support_0_60,boundary_extended,crem_lime_abs,CHEMBL2835_Ki,2,unimol,xgboost,0.8592105263157895,0.8726190476190476,0.09523809523809523,0.4224070154991208,0.47741587116587114,0.09523809523809523,0.43680351081666874,0.43680351081666885,-1.1102230246251565e-16
fixed_selected_support_0_60,boundary_extended,crem_lime_abs,CHEMBL2835_Ki,7,molformer,mlp,0.3300943102993172,0.6322086409486447,0.45098039215686275,0.03536062594065232,0.47039406914388754,0.45098039215686275,0.29473368435866487,0.29352328559754315,0.0012103987611217226
fixed_selected_support_0_60,boundary_extended,crem_lime_abs,CHEMBL2835_Ki,7,molformer,xgboost,0.1385894398890092,0.5270687120959267,0.45098039215686275,0.07975688756341211,0.4947684872897165,0.45098039215686275,0.0588325523255971,0.06670536309133239,-0.007872810765735289
fixed_selected_support_0_60,boundary_extended,crem_lime_abs,CHEMBL2835_Ki,7,morgan,mlp,0.19258986026353678,0.5567160017133143,0.45098039215686275,0.1052396980795477,0.5087590499260263,0.45098039215686275,0.08735016218398908,0.08916507029039421,-0.0018149081064051248
fixed_selected_support_0_60,boundary_extended,crem_lime_abs,CHEMBL2835_Ki,7,morgan,xgboost,0.09268595414608505,0.5018667983547134,0.45098039215686275,0.11081914200074101,0.5118222740396225,0.45098039215686275,-0.018133187854655966,-0.0211138210101829,0.002980633155526935
fixed_selected_support_0_60,boundary_extended,crem_lime_abs,CHEMBL2835_Ki,7,unimol,mlp,0.19021837316492415,0.5554140087964289,0.45098039215686275,0.1776041491638344,0.5484885524821052,0.45098039215686275,0.012614224001089747,0.014731042314990422,-0.0021168183139006758
fixed_selected_support_0_60,boundary_extended,crem_lime_abs,CHEMBL2835_Ki,7,unimol,xgboost,0.08981937199701774,0.5002929885473822,0.45098039215686275,0.07975040353387017,0.4947649274303601,0.45098039215686275,0.010068968463147573,0.009469938573499884,0.0005990298896476898
fixed_selected_support_0_60,boundary_extended,crem_lime_abs,CHEMBL2835_Ki,8,molformer,mlp,-0.06131878227661001,0.17452983600708108,0.2222222222222222,0.1885577527114214,0.3688782521088833,0.2222222222222222,-0.2498765349880314,-0.24987653498803136,-2.7755575615628914e-17
fixed_selected_support_0_60,boundary_extended,crem_lime_abs,CHEMBL2835_Ki,8,molformer,xgboost,0.08509882874781292,0.2884102001371878,0.2222222222222222,0.2705645567957598,0.43266132195225754,0.2222222222222222,-0.18546572804794687,-0.18546572804794692,5.551115123125783e-17
fixed_selected_support_0_60,boundary_extended,crem_lime_abs,CHEMBL2835_Ki,8,morgan,mlp,0.7362976761375776,0.7948981925514493,0.2222222222222222,0.5872950195077523,0.6790072373949186,0.2222222222222222,0.14900265662982526,0.14900265662982526,0.0
fixed_selected_support_0_60,boundary_extended,crem_lime_abs,CHEMBL2835_Ki,8,morgan,xgboost,0.004498317270383333,0.22572091343252035,0.2222222222222222,-0.0068749007111553575,0.21687507722465693,0.2222222222222222,0.01137321798153869,0.011373217981538637,5.377642775528102e-17
fixed_selected_support_0_60,boundary_extended,crem_lime_abs,CHEMBL2835_Ki,8,unimol,mlp,0.08389161501929678,0.2874712561261197,0.2222222222222222,0.17754951869453592,0.36031629231797235,0.2222222222222222,-0.09365790367523914,-0.09365790367523912,-2.7755575615628914e-17
fixed_selected_support_0_60,boundary_extended,crem_lime_abs,CHEMBL2835_Ki,8,unimol,xgboost,0.6308958036442508,0.7129189583899729,0.2222222222222222,0.10898039784880793,0.30698475388240615,0.2222222222222222,0.5219154057954428,0.5219154057954428,0.0
fixed_selected_support_0_60,boundary_extended,crem_lime_abs,CHEMBL2835_Ki,13,molformer,mlp,-0.1291235494189071,0.2626131922162239,0.3469387755102041,0.19070565408191817,0.471481243482069,0.3469387755102041,-0.3198292035008253,-0.3198292035008252,-5.551115123125783e-17
fixed_selected_support_0_60,boundary_extended,crem_lime_abs,CHEMBL2835_Ki,13,molformer,xgboost,-0.09232544315746831,0.2866446085502248,0.3469387755102041,0.14290556129974866,0.4402648563590195,0.3469387755102041,-0.23523100445721695,-0.23523100445721695,0.0
fixed_selected_support_0_60,boundary_extended,crem_lime_abs,CHEMBL2835_Ki,13,morgan,mlp,-0.09382397820792239,0.2856659734152343,0.3469387755102041,-0.07522875981444056,0.2978097895089368,0.3469387755102041,-0.018595218393481827,-0.018595218393481786,-4.163336342344337e-17
fixed_selected_support_0_60,boundary_extended,crem_lime_abs,CHEMBL2835_Ki,13,morgan,xgboost,-0.02394163424294619,0.3313034225352188,0.3469387755102041,0.1625628905830108,0.45310229589094586,0.3469387755102041,-0.18650452482595697,-0.18650452482595697,0.0
fixed_selected_support_0_60,boundary_extended,crem_lime_abs,CHEMBL2835_Ki,13,unimol,mlp,0.2006922462967928,0.47800309962239534,0.3469387755102041,-0.028068016684454234,0.32860864216525437,0.3469387755102041,0.22876026298124705,0.228760262981247,5.551115123125783e-17
fixed_selected_support_0_60,boundary_extended,crem_lime_abs,CHEMBL2835_Ki,13,unimol,xgboost,0.4564702454899949,0.6450417929730579,0.3469387755102041,0.096223229528768,0.409778435610624,0.3469387755102041,0.3602470159612269,0.3602470159612269,0.0
fixed_selected_support_0_60,boundary_extended,crem_lime_abs,CHEMBL2835_Ki,18,molformer,mlp,0.1852904043353637,0.42427188573032365,0.29333333333333333,0.12179552807744913,0.37940217317473074,0.29333333333333333,0.06349487625791457,0.06349487625791453,4.163336342344337e-17
fixed_selected_support_0_60,boundary_extended,crem_lime_abs,CHEMBL2835_Ki,18,molformer,xgboost,0.2814133002598819,0.4921987321836499,0.29333333333333333,0.18439610200275594,0.42363991208194757,0.29333333333333333,0.09701719825712599,0.09701719825712601,-2.7755575615628914e-17
fixed_selected_support_0_60,boundary_extended,crem_lime_abs,CHEMBL2835_Ki,18,morgan,mlp,0.408449003138319,0.5819706288844121,0.29333333333333333,0.5628283114851091,0.6910653401161438,0.29333333333333333,-0.15437930834679015,-0.15437930834679003,-1.1102230246251565e-16
fixed_selected_support_0_60,boundary_extended,crem_lime_abs,CHEMBL2835_Ki,18,morgan,xgboost,-0.1073786326554287,0.21745243292349703,0.29333333333333333,0.24086304957518764,0.4635432216997993,0.29333333333333333,-0.34824168223061636,-0.34824168223061625,-1.1102230246251565e-16
fixed_selected_support_0_60,boundary_extended,crem_lime_abs,CHEMBL2835_Ki,18,unimol,mlp,0.2453722956889983,0.46672975562022545,0.29333333333333333,0.08541648995449054,0.35369431956784,0.29333333333333333,0.15995580573450774,0.15995580573450768,5.551115123125783e-17
fixed_selected_support_0_60,boundary_extended,crem_lime_abs,CHEMBL2835_Ki,18,unimol,xgboost,0.3230513703652678,0.5216229683914559,0.29333333333333333,0.005570817560256254,0.29727004440924776,0.29333333333333333,0.3174805528050116,0.31748055280501153,5.551115123125783e-17
fixed_selected_support_0_60,boundary_extended,crem_lime_abs,CHEMBL287_Ki,2,molformer,mlp,-0.11683053788316951,0.35472013366750205,0.4222222222222222,-0.030364372469635633,0.4046783625730994,0.4222222222222222,-0.08646616541353387,-0.08627659965452607,-0.0001895657590078037
fixed_selected_support_0_60,boundary_extended,crem_lime_abs,CHEMBL287_Ki,2,molformer,xgboost,-0.1048849935489612,0.3616220037272669,0.4222222222222222,-0.041714864083285196,0.39812030075187965,0.4222222222222222,-0.06317012946567602,-0.06317012946567593,-8.326672684688674e-17
fixed_selected_support_0_60,boundary_extended,crem_lime_abs,CHEMBL287_Ki,2,morgan,mlp,-0.10947916349578402,0.35896759442465814,0.4222222222222222,-0.08071698547501059,0.3755857417255495,0.4222222222222222,-0.028762178020773424,-0.027258060499057726,-0.0015041175217156977
fixed_selected_support_0_60,boundary_extended,crem_lime_abs,CHEMBL287_Ki,2,morgan,xgboost,0.002103159997896831,0.42343738133211817,0.4222222222222222,-0.0380226911692737,0.4002535562133085,0.4222222222222222,0.040125851167170525,0.04380638116348996,-0.0036805299963194385
fixed_selected_support_0_60,boundary_extended,crem_lime_abs,CHEMBL287_Ki,2,unimol,mlp,-0.09629898388421722,0.3665828093113412,0.4222222222222222,-0.0984376622028444,0.3653471285050232,0.4222222222222222,0.002138678318627185,0.001955886258696457,0.0001827920599307281
fixed_selected_support_0_60,boundary_extended,crem_lime_abs,CHEMBL287_Ki,2,unimol,xgboost,-0.09933542113118081,0.3648284233464289,0.4222222222222222,-0.045379047403338896,0.3960032170558487,0.4222222222222222,-0.053956373727841914,-0.05395637372784182,-9.020562075079397e-17
fixed_selected_support_0_60,boundary_extended,crem_lime_abs,CHEMBL287_Ki,9,molformer,mlp,-0.09864997739309163,0.21228869545400975,0.2830188679245283,0.027805041963479143,0.30295455838890956,0.2830188679245283,-0.12645501935657077,-0.12645501935657077,0.0
fixed_selected_support_0_60,boundary_extended,crem_lime_abs,CHEMBL287_Ki,9,molformer,xgboost,-0.06867912207171258,0.2337772332316023,0.2830188679245283,0.07223615951908631,0.33481083135330714,0.2830188679245283,-0.14091528159079889,-0.14091528159079886,-2.7755575615628914e-17
fixed_selected_support_0_60,boundary_extended,crem_lime_abs,CHEMBL287_Ki,9,morgan,mlp,-0.0002970932511755231,0.2828058576689685,0.2830188679245283,-0.09485115910078486,0.21501237649377689,0.2830188679245283,0.09455406584960933,0.09021921940949976,0.004334846440109577
fixed_selected_support_0_60,boundary_extended,crem_lime_abs,CHEMBL287_Ki,9,morgan,xgboost,-0.09311074613273929,0.216260219753885,0.2830188679245283,-0.05407196101089733,0.24425029210539437,0.2830188679245283,-0.03903878512184195,-0.03664378246368143,-0.0023950026581605194
fixed_selected_support_0_60,boundary_extended,crem_lime_abs,CHEMBL287_Ki,9,unimol,mlp,0.13241472337092317,0.3779577261904732,0.2830188679245283,-0.10862835736781666,0.20513438528345218,0.2830188679245283,0.2410430807387398,0.24227370504008675,-0.0012306243013469331
fixed_selected_support_0_60,boundary_extended,crem_lime_abs,CHEMBL287_Ki,9,unimol,xgboost,-0.09606630035290797,0.21414114314319802,0.2830188679245283,-0.08304775950507197,0.22347519129825025,0.2830188679245283,-0.013018540847836005,-0.013018540847835977,-2.7755575615628914e-17
fixed_selected_support_0_60,boundary_extended,crem_lime_abs,CHEMBL287_Ki,12,molformer,mlp,-0.2522096041971206,0.41757692828040893,0.5348837209302325,-0.25052906326187685,0.418358575227034,0.5348837209302325,-0.001680540935243724,-0.0016805409352437795,5.551115123125783e-17
fixed_selected_support_0_60,boundary_extended,crem_lime_abs,CHEMBL287_Ki,12,molformer,xgboost,-0.1337414239368142,0.4726784074712492,0.5348837209302325,-0.3063173173470682,0.392410550071131,0.5348837209302325,0.17257589341025398,0.17257589341025398,0.0
fixed_selected_support_0_60,boundary_extended,crem_lime_abs,CHEMBL287_Ki,12,morgan,mlp,-0.020146757046490344,0.5255131362574463,0.5348837209302325,0.11119687905299531,0.5866031995595327,0.5348837209302325,-0.13134363609948566,-0.13134363609948568,2.7755575615628914e-17
fixed_selected_support_0_60,boundary_extended,crem_lime_abs,CHEMBL287_Ki,12,morgan,xgboost,-0.18235134093533914,0.450069143751005,0.5348837209302325,0.017776367952291705,0.5431517990475775,0.5348837209302325,-0.20012770888763085,-0.20012770888763085,0.0
fixed_selected_support_0_60,boundary_extended,crem_lime_abs,CHEMBL287_Ki,12,unimol,mlp,-0.22374536048026117,0.43081611140452963,0.5348837209302325,-0.3675057315427841,0.3639508225382399,0.5348837209302325,0.14376037106252293,0.14376037106252293,0.0
fixed_selected_support_0_60,boundary_extended,crem_lime_abs,CHEMBL287_Ki,12,unimol,xgboost,-0.304419144607001,0.39329342111302273,0.5348837209302325,-0.3298970943426189,0.38144321193366554,0.5348837209302325,0.0254779497356179,0.02547794973561801,-1.1102230246251565e-16
fixed_selected_support_0_60,boundary_extended,crem_lime_abs,CHEMBL287_Ki,18,molformer,mlp,-0.1723129343133073,0.2395807993643412,0.35135135135135137,0.359564731450388,0.5845825285083598,0.35135135135135137,-0.5318776657636952,-0.5405439726931867,0.00866630692949144
fixed_selected_support_0_60,boundary_extended,crem_lime_abs,CHEMBL287_Ki,18,molformer,xgboost,-0.17906148800405777,0.2352033591325031,0.35135135135135137,0.030734346256007492,0.37128714351741027,0.35135135135135137,-0.20979583426006526,-0.21461599876539464,0.004820164505329377
fixed_selected_support_0_60,boundary_extended,crem_lime_abs,CHEMBL287_Ki,18,morgan,mlp,0.38126504220562113,0.5986584057549975,0.35135135135135137,0.1362394453847825,0.43972288349283195,0.35135135135135137,0.24502559682083863,0.2469861606235076,-0.0019605638026689576
fixed_selected_support_0_60,boundary_extended,crem_lime_abs,CHEMBL287_Ki,18,morgan,xgboost,-0.11965354655258942,0.27373824007399605,0.35135135135135137,0.22690818847453986,0.49853504117267455,0.35135135135135137,-0.3465617350271293,-0.3483654687665063,0.0018037337393770336
fixed_selected_support_0_60,boundary_extended,crem_lime_abs,CHEMBL287_Ki,18,unimol,mlp,-0.11300808097603067,0.278048812339872,0.35135135135135137,0.3886235791830243,0.6034315108214212,0.35135135135135137,-0.501631660159055,-0.506508511529595,0.0048768513705399474
fixed_selected_support_0_60,boundary_extended,crem_lime_abs,CHEMBL287_Ki,18,unimol,xgboost,-0.17338470008506088,0.2388855999448254,0.35135135135135137,0.25592655151466603,0.5173577631446483,0.35135135135135137,-0.42931125159972694,-0.4297651368575337,0.00045388525780676314
fixed_selected_support_0_60,boundary_extended,crem_lime_abs,CHEMBL287_Ki,19,molformer,mlp,-0.019373769098088387,0.08517738670684376,0.10256410256410257,-0.010878122988661434,0.09280168449735511,0.10256410256410257,-0.008495646109426953,-0.008495646109427001,4.85722573273506e-17
fixed_selected_support_0_60,boundary_extended,crem_lime_abs,CHEMBL287_Ki,19,molformer,xgboost,-0.018264203023936058,0.08617315113236507,0.10256410256410257,0.08398680684394967,0.17793687793687793,0.10256410256410257,-0.10225100986788573,-0.10225100986788564,-8.326672684688674e-17
fixed_selected_support_0_60,boundary_extended,crem_lime_abs,CHEMBL287_Ki,19,morgan,mlp,0.20974451144094,0.29079635642135643,0.10256410256410257,0.05798695993548935,0.15460368199338786,0.10256410256410257,0.15175755150545064,0.15175755150545062,2.7755575615628914e-17
fixed_selected_support_0_60,boundary_extended,crem_lime_abs,CHEMBL287_Ki,19,morgan,xgboost,0.2242552020808323,0.30381877109818284,0.10256410256410257,0.15986142902136932,0.24602948758328017,0.10256410256410257,0.06439377305946298,0.06439377305946295,2.7755575615628914e-17
fixed_selected_support_0_60,boundary_extended,crem_lime_abs,CHEMBL287_Ki,19,unimol,mlp,-0.02693388591371018,0.07839266648769598,0.10256410256410257,0.019219919619270037,0.11981274837626799,0.10256410256410257,-0.04615380553298022,-0.04615380553298014,-8.326672684688674e-17
fixed_selected_support_0_60,boundary_extended,crem_lime_abs,CHEMBL287_Ki,19,unimol,xgboost,-0.013774291490780993,0.09020255891852987,0.10256410256410257,0.28121377391081825,0.3549354381250933,0.10256410256410257,-0.2949880654015993,-0.29498806540159916,-1.1102230246251565e-16
fixed_selected_support_0_60,boundary_extended,crem_lime_abs,CHEMBL287_Ki,22,molformer,mlp,0.0,0.30303030303030304,0.30303030303030304,0.0,0.30303030303030304,0.30303030303030304,0.0,0.0,0.0
fixed_selected_support_0_60,boundary_extended,crem_lime_abs,CHEMBL287_Ki,22,molformer,xgboost,0.0,0.30303030303030304,0.30303030303030304,0.0,0.30303030303030304,0.30303030303030304,0.0,0.0,0.0
fixed_selected_support_0_60,boundary_extended,crem_lime_abs,CHEMBL287_Ki,22,morgan,mlp,0.0,0.30303030303030304,0.30303030303030304,0.0,0.30303030303030304,0.30303030303030304,0.0,0.0,0.0
fixed_selected_support_0_60,boundary_extended,crem_lime_abs,CHEMBL287_Ki,22,morgan,xgboost,0.0,0.30303030303030304,0.30303030303030304,0.0,0.30303030303030304,0.30303030303030304,0.0,0.0,0.0
fixed_selected_support_0_60,boundary_extended,crem_lime_abs,CHEMBL287_Ki,22,unimol,mlp,0.0,0.30303030303030304,0.30303030303030304,0.0,0.30303030303030304,0.30303030303030304,0.0,0.0,0.0
fixed_selected_support_0_60,boundary_extended,crem_lime_abs,CHEMBL287_Ki,22,unimol,xgboost,0.0,0.30303030303030304,0.30303030303030304,0.0,0.30303030303030304,0.30303030303030304,0.0,0.0,0.0
fixed_selected_support_0_60,boundary_extended,crem_lime_abs,CHEMBL287_Ki,26,molformer,mlp,-0.015748902650547427,0.47761485006543275,0.4857142857142857,0.2194575505487626,0.5985781688536492,0.4857142857142857,-0.23520645319931002,-0.2352064531993099,-1.1102230246251565e-16
fixed_selected_support_0_60,boundary_extended,crem_lime_abs,CHEMBL287_Ki,26,molformer,xgboost,0.3164753245648686,0.6484730240619324,0.4857142857142857,0.3708440545784654,0.6764340852117822,0.4857142857142857,-0.05436873001359682,-0.05436873001359682,0.0
fixed_selected_support_0_60,boundary_extended,crem_lime_abs,CHEMBL287_Ki,26,morgan,mlp,0.1805177140010751,0.5785519672005529,0.4857142857142857,0.4406313898966072,0.7123247148039694,0.4857142857142857,-0.26011367589553214,-0.260113675895532,-1.1102230246251565e-16
fixed_selected_support_0_60,boundary_extended,crem_lime_abs,CHEMBL287_Ki,26,morgan,xgboost,0.42402386326379854,0.7037837011070964,0.4857142857142857,0.07685117941105012,0.5252377494113972,0.4857142857142857,0.3471726838527484,0.34717268385274846,-5.551115123125783e-17
fixed_selected_support_0_60,boundary_extended,crem_lime_abs,CHEMBL287_Ki,26,unimol,mlp,-0.06640691670529882,0.45156215712298914,0.4857142857142857,0.14069485406142565,0.5580716392315903,0.4857142857142857,-0.20710177076672448,-0.20710177076672437,-1.1102230246251565e-16
fixed_selected_support_0_60,boundary_extended,crem_lime_abs,CHEMBL287_Ki,26,unimol,xgboost,-0.09229753916466232,0.4382469798581736,0.4857142857142857,0.15977467073293874,0.5678841163769399,0.4857142857142857,-0.25207220989760104,-0.25207220989760104,0.0
fixed_selected_support_0_60,boundary_extended,crem_lime_abs,CHEMBL287_Ki,27,molformer,mlp,0.40421845137428464,0.5078326337439742,0.17391304347826086,0.24312307502294664,0.3747538445841733,0.17391304347826086,0.161095376351338,0.1704277350258019,-0.009332358674463914
fixed_selected_support_0_60,boundary_extended,crem_lime_abs,CHEMBL287_Ki,27,molformer,xgboost,0.20038557742251095,0.3394489552620743,0.17391304347826086,-0.03940481849240254,0.1413612368975805,0.17391304347826086,0.2397903959149135,0.2425196161446437,-0.0027292202297302115
fixed_selected_support_0_60,boundary_extended,crem_lime_abs,CHEMBL287_Ki,27,morgan,mlp,0.46920331130857446,0.5615157789070833,0.17391304347826086,0.5998532939941609,0.6694440254734372,0.17391304347826086,-0.13064998268558642,-0.1251730643797207,-0.005476918305865719
fixed_selected_support_0_60,boundary_extended,crem_lime_abs,CHEMBL287_Ki,27,morgan,xgboost,0.7017356868383429,0.7536077413012398,0.17391304347826086,-0.023191504594503375,0.15475484403062764,0.17391304347826086,0.7249271914328462,0.7205238218978978,0.004403369534948465
fixed_selected_support_0_60,boundary_extended,crem_lime_abs,CHEMBL287_Ki,27,unimol,mlp,-0.029877362973025078,0.14923174363097927,0.17391304347826086,0.23777698336521866,0.37033750799735454,0.17391304347826086,-0.26765434633824375,-0.2669279239887029,-0.0007264223495408451
fixed_selected_support_0_60,boundary_extended,crem_lime_abs,CHEMBL287_Ki,27,unimol,xgboost,0.29290082202166534,0.41587459210485395,0.17391304347826086,-0.03116812407788826,0.14816546271826622,0.17391304347826086,0.3240689460995536,0.31550966911922385,0.008559276980329766
fixed_selected_support_0_60,boundary_extended,crem_lime_abs,CHEMBL287_Ki,28,molformer,mlp,0.5007516195332623,0.6463657305027275,0.2916666666666667,0.4713363086350329,0.6255298852831482,0.2916666666666667,0.029415310898229408,0.0068984253561338305,0.022516885542095577
fixed_selected_support_0_60,boundary_extended,crem_lime_abs,CHEMBL287_Ki,28,molformer,xgboost,0.3865333784818068,0.5654611430912798,0.2916666666666667,0.3899759171321913,0.5678996079686355,0.2916666666666667,-0.003442538650384519,-0.008700058793107812,0.005257520142723293
fixed_selected_support_0_60,boundary_extended,crem_lime_abs,CHEMBL287_Ki,28,morgan,mlp,-0.0032165838229358903,0.28938825312542044,0.2916666666666667,0.3640920017963456,0.5495651679390782,0.2916666666666667,-0.3673085856192815,-0.36842339386245837,0.0011148082431768902
fixed_selected_support_0_60,boundary_extended,crem_lime_abs,CHEMBL287_Ki,28,morgan,xgboost,0.5157241933891074,0.6569713036506177,0.2916666666666667,0.11519138017541945,0.3732605609575888,0.2916666666666667,0.4005328132136879,0.40139469642851233,-0.0008618832148244437
fixed_selected_support_0_60,boundary_extended,crem_lime_abs,CHEMBL287_Ki,28,unimol,mlp,0.20580245328603705,0.4374434044109429,0.2916666666666667,0.41172825673717367,0.5833075151888313,0.2916666666666667,-0.20592580345113662,-0.21305846509759266,0.00713266164645604
fixed_selected_support_0_60,boundary_extended,crem_lime_abs,CHEMBL287_Ki,28,unimol,xgboost,0.1638457530298806,0.4077240750628321,0.2916666666666667,0.3598441506933358,0.5465562734077795,0.2916666666666667,-0.1959983976634552,-0.19827310493163547,0.0022747072681802705
fixed_selected_support_0_60,boundary_extended,crem_lime_abs,CHEMBL287_Ki,32,molformer,mlp,0.0002885854836451318,0.40368091063936723,0.40350877192982454,-0.08110108840921168,0.35513268410678595,0.40350877192982454,0.08138967389285681,0.07746192132416119,0.003927752568695625
fixed_selected_support_0_60,boundary_extended,crem_lime_abs,CHEMBL287_Ki,32,molformer,xgboost,0.3340923598189635,0.602791933927101,0.40350877192982454,-0.05050660452968953,0.3733820253682554,0.40350877192982454,0.38459896434865304,0.3851112135933063,-0.0005122492446532623
fixed_selected_support_0_60,boundary_extended,crem_lime_abs,CHEMBL287_Ki,32,morgan,mlp,0.28136939205890915,0.5713431461404019,0.40350877192982454,0.21186973523546135,0.5298872104913278,0.40350877192982454,0.0694996568234478,0.06236825286875883,0.007131403954688975
fixed_selected_support_0_60,boundary_extended,crem_lime_abs,CHEMBL287_Ki,32,morgan,xgboost,0.3714778664026126,0.6250920606612075,0.40350877192982454,0.15476277968911198,0.4958234124461369,0.40350877192982454,0.21671508671350062,0.212413655915828,0.004301430797672617
fixed_selected_support_0_60,boundary_extended,crem_lime_abs,CHEMBL287_Ki,32,unimol,mlp,0.09407145486628288,0.45962156956936173,0.40350877192982454,0.08405235471470597,0.45364526421578955,0.40350877192982454,0.010019100151576907,0.008842028486081288,0.0011770716654956187
fixed_selected_support_0_60,boundary_extended,crem_lime_abs,CHEMBL287_Ki,32,unimol,xgboost,-0.10769319278185667,0.3392707271125767,0.40350877192982454,-0.00887778616020043,0.3982132503605822,0.40350877192982454,-0.09881540662165623,-0.09981942656707032,0.0010040199454140891
fixed_selected_support_0_60,boundary_extended,crem_lime_abs,CHEMBL287_Ki,35,molformer,mlp,0.3091956639128064,0.6639330256873112,0.5135135135135135,0.36402770982234706,0.6906080750487092,0.5135135135135135,-0.05483204590954066,-0.054832045909540716,5.551115123125783e-17
fixed_selected_support_0_60,boundary_extended,crem_lime_abs,CHEMBL287_Ki,35,molformer,xgboost,0.32080598113758835,0.6695812881209889,0.5135135135135135,0.20529469473729733,0.6133866082505771,0.5135135135135135,0.11551128640029101,0.11551128640029101,0.0
fixed_selected_support_0_60,boundary_extended,crem_lime_abs,CHEMBL287_Ki,35,morgan,mlp,0.2926267392183701,0.6558724677278557,0.5135135135135135,0.12696759579050151,0.575281533087271,0.5135135135135135,0.1656591434278686,0.16565914342786855,5.551115123125783e-17
fixed_selected_support_0_60,boundary_extended,crem_lime_abs,CHEMBL287_Ki,35,morgan,xgboost,0.3474436344289072,0.6825401464789277,0.5135135135135135,0.18465094718306116,0.6033437040350027,0.5135135135135135,0.16279268724584603,0.16279268724584603,0.0
fixed_selected_support_0_60,boundary_extended,crem_lime_abs,CHEMBL287_Ki,35,unimol,mlp,0.3841960019877611,0.7004196766426946,0.5135135135135135,0.25735714368389756,0.6387142861164907,0.5135135135135135,0.12683885830386354,0.12683885830386354,0.0
fixed_selected_support_0_60,boundary_extended,crem_lime_abs,CHEMBL287_Ki,35,unimol,xgboost,0.4513802606111268,0.7331039105675753,0.5135135135135135,0.3823459628558747,0.6995196576055607,0.5135135135135135,0.0690342977552521,0.0690342977552521,0.0
fixed_selected_support_0_60,boundary_extended,crem_lime_abs,CHEMBL287_Ki,40,molformer,mlp,0.09384963979615933,0.1974096809623125,0.11428571428571428,-0.029930486776030732,0.08777585456980135,0.11428571428571428,0.12378012657219006,0.12378012657218998,8.326672684688674e-17
fixed_selected_support_0_60,boundary_extended,crem_lime_abs,CHEMBL287_Ki,40,molformer,xgboost,0.08222056646407978,0.18710964458247067,0.11428571428571428,0.18447052752118032,0.277673895804474,0.11428571428571428,-0.10224996105710053,-0.10224996105710059,5.551115123125783e-17
fixed_selected_support_0_60,boundary_extended,crem_lime_abs,CHEMBL287_Ki,40,morgan,mlp,-0.04014296840157999,0.07873051370145771,0.11428571428571428,0.4324223416965352,0.4972883597883598,0.11428571428571428,-0.4725653100981152,-0.4725653100981152,0.0
fixed_selected_support_0_60,boundary_extended,crem_lime_abs,CHEMBL287_Ki,40,morgan,xgboost,0.5433357930986015,0.5955259881730469,0.11428571428571428,0.10674346378607924,0.20882992506767017,0.11428571428571428,0.43659232931252223,0.43659232931252223,0.0
fixed_selected_support_0_60,boundary_extended,crem_lime_abs,CHEMBL287_Ki,40,unimol,mlp,0.4982498131217296,0.5555926916221033,0.11428571428571428,-0.011432540458363394,0.10415974987973527,0.11428571428571428,0.509682353580093,0.509682353580093,0.0
fixed_selected_support_0_60,boundary_extended,crem_lime_abs,CHEMBL287_Ki,40,unimol,xgboost,0.1921967982027405,0.2845171641224273,0.11428571428571428,0.43794802867383514,0.5021825396825397,0.11428571428571428,-0.24575123047109465,-0.24575123047109468,2.7755575615628914e-17
fixed_selected_support_0_60,boundary_extended,crem_lime_abs,CHEMBL287_Ki,43,molformer,mlp,-0.0701773994683794,0.1846267432621871,0.23809523809523805,0.09962830361408948,0.31400251703930626,0.23809523809523805,-0.1698057030824689,-0.1698057030824689,0.0
fixed_selected_support_0_60,boundary_extended,crem_lime_abs,CHEMBL287_Ki,43,molformer,xgboost,0.09382176968479344,0.309578491188414,0.23809523809523805,0.35281732282264405,0.5069084364363002,0.23809523809523805,-0.2589955531378506,-0.2589955531378506,0.0
fixed_selected_support_0_60,boundary_extended,crem_lime_abs,CHEMBL287_Ki,43,morgan,mlp,0.3118234857401271,0.4756750367543825,0.23809523809523805,0.5267962056862986,0.6394637757609895,0.23809523809523805,-0.2149727199461715,-0.21497271994617156,5.551115123125783e-17
fixed_selected_support_0_60,boundary_extended,crem_lime_abs,CHEMBL287_Ki,43,morgan,xgboost,0.005407834025785707,0.2422154925910748,0.23809523809523805,0.1642764267597018,0.3632582299121538,0.23809523809523805,-0.1588685927339161,-0.15886859273391604,-5.551115123125783e-17
fixed_selected_support_0_60,boundary_extended,crem_lime_abs,CHEMBL287_Ki,43,unimol,mlp,0.11368383304219133,0.3247114918416696,0.23809523809523805,0.349695431850695,0.5045298528386247,0.23809523809523805,-0.2360115988085037,-0.23601159880850375,5.551115123125783e-17
fixed_selected_support_0_60,boundary_extended,crem_lime_abs,CHEMBL287_Ki,43,unimol,xgboost,0.4070488314849389,0.5482276811313821,0.23809523809523805,0.31981694287806417,0.48176528981185845,0.23809523809523805,0.08723188860687475,0.08723188860687464,1.1102230246251565e-16
fixed_selected_support_0_60,boundary_extended,crem_lime_abs,CHEMBL287_Ki,51,molformer,mlp,0.15627333744296554,0.5781366687214827,0.5,0.04130601530187087,0.5206530076509354,0.5,0.11496732214109467,0.11496732214109465,2.7755575615628914e-17
fixed_selected_support_0_60,boundary_extended,crem_lime_abs,CHEMBL287_Ki,51,molformer,xgboost,0.48619181871576145,0.7430959093578807,0.5,0.027939890642166954,0.5139699453210834,0.5,0.4582519280735945,0.4582519280735945,0.0
fixed_selected_support_0_60,boundary_extended,crem_lime_abs,CHEMBL287_Ki,51,morgan,mlp,0.3470322762062341,0.6735161381031171,0.5,0.1639731694830565,0.5819865847415283,0.5,0.1830591067231776,0.1830591067231776,0.0
fixed_selected_support_0_60,boundary_extended,crem_lime_abs,CHEMBL287_Ki,51,morgan,xgboost,0.13804302987317008,0.569021514936585,0.5,0.0628606192065776,0.5314303096032887,0.5,0.07518241066659248,0.07518241066659247,1.3877787807814457e-17
fixed_selected_support_0_60,boundary_extended,crem_lime_abs,CHEMBL287_Ki,51,unimol,mlp,0.3605665001906832,0.6802832500953416,0.5,0.047055786808968714,0.5235278934044844,0.5,0.3135107133817145,0.31351071338171455,-5.551115123125783e-17
fixed_selected_support_0_60,boundary_extended,crem_lime_abs,CHEMBL287_Ki,51,unimol,xgboost,-0.06721048380816404,0.46639475809591796,0.5,0.1688361410910341,0.584418070545517,0.5,-0.23604662489919814,-0.23604662489919812,-2.7755575615628914e-17
fixed_selected_support_0_60,boundary_extended,crem_lime_abs,CHEMBL287_Ki,66,molformer,mlp,-0.05752753615656444,0.5467739130757581,0.5714285714285714,-0.1545780752946458,0.5051808248737232,0.5714285714285714,0.09705053913808134,0.09705053913808143,-8.326672684688674e-17
fixed_selected_support_0_60,boundary_extended,crem_lime_abs,CHEMBL287_Ki,66,molformer,xgboost,-0.053128313610783684,0.548659294166807,0.5714285714285714,0.26911323298456213,0.686762814136241,0.5714285714285714,-0.3222415465953458,-0.3222415465953458,0.0
fixed_selected_support_0_60,boundary_extended,crem_lime_abs,CHEMBL287_Ki,66,morgan,mlp,-0.19323598322559307,0.48861315004617434,0.5714285714285714,-0.25289941963879525,0.46304310586908776,0.5714285714285714,0.05966343641320218,0.05966343641320224,-5.551115123125783e-17
fixed_selected_support_0_60,boundary_extended,crem_lime_abs,CHEMBL287_Ki,66,morgan,xgboost,-0.41900127825378525,0.391856595034092,0.5714285714285714,0.35838768950848027,0.7250232955036343,0.5714285714285714,-0.7773889677622655,-0.7773889677622655,0.0
fixed_selected_support_0_60,boundary_extended,crem_lime_abs,CHEMBL287_Ki,66,unimol,mlp,-0.23973851570864402,0.46868349326772396,0.5714285714285714,-0.2737906165132658,0.45408973578002887,0.5714285714285714,0.03405210080462179,0.03405210080462187,-8.326672684688674e-17
fixed_selected_support_0_60,boundary_extended,crem_lime_abs,CHEMBL287_Ki,66,unimol,xgboost,0.31064753818377006,0.7045632306501872,0.5714285714285714,-0.2676733789171812,0.45671140903549373,0.5714285714285714,0.5783209171009512,0.5783209171009511,1.1102230246251565e-16
fixed_selected_support_0_60,boundary_extended,crem_lime_abs,CHEMBL287_Ki,68,molformer,mlp,-0.016167321835960546,0.5852378278220569,0.5918367346938775,-0.054465132446365166,0.5696060683892387,0.5918367346938775,0.03829781061040462,0.03829781061040459,2.7755575615628914e-17
fixed_selected_support_0_60,boundary_extended,crem_lime_abs,CHEMBL287_Ki,68,molformer,xgboost,-0.1412368894766342,0.5341890247034146,0.5918367346938775,0.19770408884766813,0.6725322811623135,0.5918367346938775,-0.33894097832430237,-0.33894097832430226,-1.1102230246251565e-16
fixed_selected_support_0_60,boundary_extended,crem_lime_abs,CHEMBL287_Ki,68,morgan,mlp,-0.0059882779061978504,0.5893925396301233,0.5918367346938775,0.1649034283238011,0.6591442564586943,0.5918367346938775,-0.17089170622999894,-0.1708917062299989,-2.7755575615628914e-17
fixed_selected_support_0_60,boundary_extended,crem_lime_abs,CHEMBL287_Ki,68,morgan,xgboost,0.36896957934757185,0.7424365629990088,0.5918367346938775,-0.06682304085398252,0.5645620241412316,0.5918367346938775,0.4357926202015544,0.4357926202015544,0.0
fixed_selected_support_0_60,boundary_extended,crem_lime_abs,CHEMBL287_Ki,68,unimol,mlp,-0.037934625418701975,0.5763532141148154,0.5918367346938775,0.1268180253977045,0.6435991940398794,0.5918367346938775,-0.1647526508164065,-0.16475265081640644,-5.551115123125783e-17
fixed_selected_support_0_60,boundary_extended,crem_lime_abs,CHEMBL287_Ki,68,unimol,xgboost,-0.09836876577294211,0.5516862180518604,0.5918367346938775,-0.07705155002706009,0.5603871224379346,0.5918367346938775,-0.021317215745882023,-0.02131721574588208,5.551115123125783e-17
fixed_selected_support_0_60,boundary_extended,crem_lime_abs,CHEMBL287_Ki,74,molformer,mlp,-0.17970913754738974,0.2306244755125719,0.34782608695652173,0.019581108326678993,0.3605963749956602,0.34782608695652173,-0.19929024587406874,-0.1992902458740687,-2.7755575615628914e-17
fixed_selected_support_0_60,boundary_extended,crem_lime_abs,CHEMBL287_Ki,74,molformer,xgboost,-0.12270740400861484,0.2677995191248164,0.34782608695652173,0.09532709959621843,0.4099959345192729,0.34782608695652173,-0.21803450360483329,-0.21803450360483329,0.0
fixed_selected_support_0_60,boundary_extended,crem_lime_abs,CHEMBL287_Ki,74,morgan,mlp,-0.01063982108539663,0.3408870732051761,0.34782608695652173,0.3656051141523921,0.5862642048819948,0.34782608695652173,-0.37624493523778874,-0.3762449352377887,-5.551115123125783e-17
fixed_selected_support_0_60,boundary_extended,crem_lime_abs,CHEMBL287_Ki,74,morgan,xgboost,0.07176590075213356,0.3946299352731306,0.34782608695652173,0.3792892411573752,0.5951886355374186,0.34782608695652173,-0.30752334040524165,-0.30752334040524165,0.0
fixed_selected_support_0_60,boundary_extended,crem_lime_abs,CHEMBL287_Ki,74,unimol,mlp,-0.19092378213410474,0.2233105768690621,0.34782608695652173,-0.08886700021089132,0.28986934768854916,0.34782608695652173,-0.10205678192321342,-0.10205678192321337,-5.551115123125783e-17
fixed_selected_support_0_60,boundary_extended,crem_lime_abs,CHEMBL287_Ki,74,unimol,xgboost,-0.14328118490592234,0.25438183593092023,0.34782608695652173,0.042850602774354214,0.3757721322441441,0.34782608695652173,-0.18613178768027655,-0.18613178768027652,-2.7755575615628914e-17
fixed_selected_support_0_60,boundary_extended,crem_lime_abs,CHEMBL287_Ki,82,molformer,mlp,0.08398230636896875,0.2908250113824274,0.22580645161290322,-0.05605488639409418,0.18240912021102385,0.22580645161290322,0.14003719276306292,0.14003719276306287,5.551115123125783e-17
fixed_selected_support_0_60,boundary_extended,crem_lime_abs,CHEMBL287_Ki,82,molformer,xgboost,0.08457450435919557,0.2912834872458288,0.22580645161290322,-0.013021597363560978,0.2157252149443399,0.22580645161290322,0.09759610172275655,0.09759610172275651,4.163336342344337e-17
fixed_selected_support_0_60,boundary_extended,crem_lime_abs,CHEMBL287_Ki,82,morgan,mlp,-0.034985550808266236,0.1987208638903745,0.22580645161290322,0.026593270755952376,0.24639479026267277,0.22580645161290322,-0.06157882156421861,-0.06157882156421857,-4.163336342344337e-17
fixed_selected_support_0_60,boundary_extended,crem_lime_abs,CHEMBL287_Ki,82,morgan,xgboost,0.039677579055989384,0.25652457733366923,0.22580645161290322,0.2037561464151992,0.3835531456117671,0.22580645161290322,-0.16407856735920984,-0.16407856735920975,-8.326672684688674e-17
fixed_selected_support_0_60,boundary_extended,crem_lime_abs,CHEMBL287_Ki,82,unimol,mlp,0.09652776285539583,0.3005376228557903,0.22580645161290322,0.41501869376150974,0.5471112467831043,0.22580645161290322,-0.3184909309061139,-0.31849093090611397,5.551115123125783e-17
fixed_selected_support_0_60,boundary_extended,crem_lime_abs,CHEMBL287_Ki,82,unimol,xgboost,0.13852586079870902,0.3330522793280328,0.22580645161290322,0.0986309367617935,0.3021658865252595,0.22580645161290322,0.03989492403691551,0.03989492403691555,-4.163336342344337e-17
fixed_selected_support_0_60,boundary_extended,crem_lime_abs,CHEMBL287_Ki,83,molformer,mlp,-0.07866758602631779,0.42471062078596383,0.4666666666666666,0.4037739062906474,0.6820127500216787,0.4666666666666666,-0.4824414923169652,-0.4824414923169653,1.1102230246251565e-16
fixed_selected_support_0_60,boundary_extended,crem_lime_abs,CHEMBL287_Ki,83,molformer,xgboost,-0.019093189130263977,0.4564836324638592,0.4666666666666666,0.18336353306378542,0.5644605509673523,0.4666666666666666,-0.2024567221940494,-0.2024567221940493,-8.326672684688674e-17
fixed_selected_support_0_60,boundary_extended,crem_lime_abs,CHEMBL287_Ki,83,morgan,mlp,0.09664060441588677,0.5182083223551396,0.4666666666666666,0.3249136624579895,0.6399539533109277,0.4666666666666666,-0.22827305804210274,-0.22827305804210274,0.0
fixed_selected_support_0_60,boundary_extended,crem_lime_abs,CHEMBL287_Ki,83,morgan,xgboost,0.12973401240517665,0.5358581399494275,0.4666666666666666,0.0984143531555473,0.5191543216829585,0.4666666666666666,0.03131965924962936,0.03131965924962933,2.7755575615628914e-17
fixed_selected_support_0_60,boundary_extended,crem_lime_abs,CHEMBL287_Ki,83,unimol,mlp,0.23378539456990202,0.5913522104372811,0.4666666666666666,0.02370307424493817,0.479308306263967,0.4666666666666666,0.21008232032496385,0.21008232032496382,2.7755575615628914e-17
fixed_selected_support_0_60,boundary_extended,crem_lime_abs,CHEMBL287_Ki,83,unimol,xgboost,0.11640808606702487,0.5287509792357467,0.4666666666666666,0.24709557158024997,0.5984509715094667,0.4666666666666666,-0.13068748551322512,-0.13068748551322512,0.0
fixed_selected_support_0_60,boundary_extended,crem_lime_abs,CHEMBL287_Ki,84,molformer,mlp,0.3354218301843872,0.4510006423262329,0.17391304347826086,-0.042955799751661417,0.13842781759645362,0.17391304347826086,0.3783776299360486,0.3783776299360485,1.1102230246251565e-16
fixed_selected_support_0_60,boundary_extended,crem_lime_abs,CHEMBL287_Ki,84,molformer,xgboost,0.5117936409607238,0.5966990947066848,0.17391304347826086,0.007977864096713463,0.18050345294945894,0.17391304347826086,0.5038157768640104,0.5038157768640104,0.0
fixed_selected_support_0_60,boundary_extended,crem_lime_abs,CHEMBL287_Ki,84,morgan,mlp,0.09550509114387251,0.2528085535536338,0.17391304347826086,0.006847106730385928,0.1795693490381449,0.17391304347826086,0.08865798441348659,0.08865798441348657,1.3877787807814457e-17
fixed_selected_support_0_60,boundary_extended,crem_lime_abs,CHEMBL287_Ki,84,morgan,xgboost,-0.020222848242721875,0.15720721232122975,0.17391304347826086,0.14715966621029367,0.29547972426067737,0.17391304347826086,-0.16738251445301555,-0.1673825144530155,-5.551115123125783e-17
fixed_selected_support_0_60,boundary_extended,crem_lime_abs,CHEMBL287_Ki,84,unimol,mlp,0.26441283194254334,0.3923410350829706,0.17391304347826086,0.14673050664755263,0.29512520114363044,0.17391304347826086,0.1176823252949907,0.1176823252949907,0.0
fixed_selected_support_0_60,boundary_extended,crem_lime_abs,CHEMBL287_Ki,84,unimol,xgboost,0.3447870107339906,0.4587370958237314,0.17391304347826086,-0.03162401176285765,0.1477888598480741,0.17391304347826086,0.37641102249684827,0.3764110224968482,5.551115123125783e-17
fixed_selected_support_0_60,boundary_extended,crem_lime_abs,CHEMBL287_Ki,85,molformer,mlp,0.16144998235317018,0.44570422562328194,0.3389830508474576,0.34263601562284024,0.5654712645642503,0.3389830508474576,-0.18118603326967006,-0.18118603326967012,5.551115123125783e-17
fixed_selected_support_0_60,boundary_extended,crem_lime_abs,CHEMBL287_Ki,85,molformer,xgboost,0.04716758424256482,0.3701616234823733,0.3389830508474576,-0.10542255089901242,0.26929695788031377,0.3389830508474576,0.15259013514157724,0.1525901351415772,2.7755575615628914e-17
fixed_selected_support_0_60,boundary_extended,crem_lime_abs,CHEMBL287_Ki,85,morgan,mlp,0.25715202649157165,0.50896489886731,0.3389830508474576,-0.07000251429139219,0.2927102024175543,0.3389830508474576,0.32715454078296385,0.3271545407829639,-5.551115123125783e-17
fixed_selected_support_0_60,boundary_extended,crem_lime_abs,CHEMBL287_Ki,85,morgan,xgboost,0.06672133098966575,0.3830869815016434,0.3389830508474576,0.2116850348008784,0.47891044673278405,0.3389830508474576,-0.14496370381121265,-0.14496370381121265,0.0
fixed_selected_support_0_60,boundary_extended,crem_lime_abs,CHEMBL287_Ki,85,unimol,mlp,0.2522380241937758,0.5057166600602925,0.3389830508474576,0.15183720973330042,0.43935001999319856,0.3389830508474576,0.10040081446047536,0.10040081446047536,0.0
fixed_selected_support_0_60,boundary_extended,crem_lime_abs,CHEMBL287_Ki,85,unimol,xgboost,0.18041524306039006,0.458240584395851,0.3389830508474576,0.36440954111049856,0.5798639339543973,0.3389830508474576,-0.1839942980501085,-0.18399429805010853,2.7755575615628914e-17
fixed_selected_support_0_60,boundary_extended,crem_lime_abs,CHEMBL287_Ki,89,molformer,mlp,0.39704021136103046,0.6733967811538916,0.4583333333333333,0.0395659624972195,0.47976489635266056,0.4583333333333333,0.35747424886381096,0.35747424886381096,0.0
fixed_selected_support_0_60,boundary_extended,crem_lime_abs,CHEMBL287_Ki,89,molformer,xgboost,0.4887709130148801,0.7230842445497268,0.4583333333333333,0.11406609619241735,0.5201191354375594,0.4583333333333333,0.37470481682246276,0.3747048168224628,-5.551115123125783e-17
fixed_selected_support_0_60,boundary_extended,crem_lime_abs,CHEMBL287_Ki,89,morgan,mlp,0.44012519783153076,0.6967344821587459,0.4583333333333333,0.30811828961564514,0.6252307402084744,0.4583333333333333,0.13200690821588562,0.1320069082158855,1.1102230246251565e-16
fixed_selected_support_0_60,boundary_extended,crem_lime_abs,CHEMBL287_Ki,89,morgan,xgboost,0.4959184508679646,0.7269558275534808,0.4583333333333333,0.23252076470370656,0.5842820808811744,0.4583333333333333,0.26339768616425807,0.26339768616425796,1.1102230246251565e-16
fixed_selected_support_0_60,boundary_extended,crem_lime_abs,CHEMBL287_Ki,89,unimol,mlp,0.21966384378699677,0.5773179153846232,0.4583333333333333,0.1676107905630424,0.5491225115549813,0.4583333333333333,0.05205305322395437,0.05205305322395437,0.0
fixed_selected_support_0_60,boundary_extended,crem_lime_abs,CHEMBL287_Ki,89,unimol,xgboost,0.4508260565351417,0.7025307806232018,0.4583333333333333,0.20366264481829968,0.568650599276579,0.4583333333333333,0.247163411716842,0.24716341171684203,-2.7755575615628914e-17
fixed_selected_support_0_60,boundary_extended,crem_lime_abs,CHEMBL287_Ki,93,molformer,mlp,0.4353036066803783,0.5482428853443027,0.20000000000000004,0.10974307030857693,0.28779445624686156,0.20000000000000004,0.3255605363718014,0.3252448798061447,0.00031565656565668565
fixed_selected_support_0_60,boundary_extended,crem_lime_abs,CHEMBL287_Ki,93,molformer,xgboost,0.3148679902737406,0.45189439221899247,0.20000000000000004,0.01213968194660378,0.20971174555728303,0.20000000000000004,0.3027283083271368,0.3027283083271367,1.1102230246251565e-16
fixed_selected_support_0_60,boundary_extended,crem_lime_abs,CHEMBL287_Ki,93,morgan,mlp,0.37686106365220123,0.5014888509217611,0.20000000000000004,-0.05230726273227785,0.15815418981417773,0.20000000000000004,0.4291683263844791,0.4290298989204702,0.0001384274640088834
fixed_selected_support_0_60,boundary_extended,crem_lime_abs,CHEMBL287_Ki,93,morgan,xgboost,0.46138593470149053,0.5691087477611925,0.20000000000000004,0.21981853105745333,0.3758548248459627,0.20000000000000004,0.2415674036440372,0.2414138700083607,0.00015353363567649492
fixed_selected_support_0_60,boundary_extended,crem_lime_abs,CHEMBL287_Ki,93,unimol,mlp,0.05550638274194882,0.24440510619355907,0.20000000000000004,0.0079011161713457,0.20632089293707656,0.20000000000000004,0.04760526657060312,0.04747706144239797,0.00012820512820514718
fixed_selected_support_0_60,boundary_extended,crem_lime_abs,CHEMBL287_Ki,93,unimol,xgboost,0.15018062061098536,0.3201444964887883,0.20000000000000004,-0.044242789665683735,0.16460576826745302,0.20000000000000004,0.1944234102766691,0.19426434164326195,0.0001590686334071445
fixed_selected_support_0_60,boundary_extended,crem_lime_abs,CHEMBL287_Ki,96,molformer,mlp,0.2049766680525381,0.5640194631255854,0.45161290322580644,0.38373349537467877,0.6620474006893399,0.45161290322580644,-0.17875682732214065,-0.17875682732214065,0.0
fixed_selected_support_0_60,boundary_extended,crem_lime_abs,CHEMBL287_Ki,96,molformer,xgboost,0.1421260401004901,0.5295529897325268,0.45161290322580644,0.05438440001731256,0.48143660646110686,0.45161290322580644,0.08774164008317753,0.08774164008317753,0.0
fixed_selected_support_0_60,boundary_extended,crem_lime_abs,CHEMBL287_Ki,96,morgan,mlp,0.37343763543768443,0.6564012839496979,0.45161290322580644,0.2512210433220823,0.589379281821787,0.45161290322580644,0.12221659211560215,0.12221659211560221,-5.551115123125783e-17
fixed_selected_support_0_60,boundary_extended,crem_lime_abs,CHEMBL287_Ki,96,morgan,xgboost,0.09991156603754686,0.5064031168592998,0.45161290322580644,0.13511152871297494,0.5257063221974378,0.45161290322580644,-0.035199962675428076,-0.03519996267542806,-1.3877787807814457e-17
fixed_selected_support_0_60,boundary_extended,crem_lime_abs,CHEMBL287_Ki,96,unimol,mlp,0.6258197666147597,0.7948043881435778,0.45161290322580644,0.50637195638458,0.7293007502754149,0.45161290322580644,0.1194478102301797,0.1194478102301797,0.0
fixed_selected_support_0_60,boundary_extended,crem_lime_abs,CHEMBL287_Ki,96,unimol,xgboost,0.6251276319697749,0.7944248304350379,0.45161290322580644,0.6648414032592416,0.8162033501744227,0.45161290322580644,-0.039713771289466626,-0.039713771289466626,0.0
fixed_selected_support_0_60,boundary_extended,crem_lime_abs,CHEMBL287_Ki,97,molformer,mlp,0.02668592528379669,0.3021521728449863,0.2830188679245283,-0.00919067019917892,0.2764293308005887,0.2830188679245283,0.03587659548297561,0.03587659548297554,6.938893903907228e-17
fixed_selected_support_0_60,boundary_extended,crem_lime_abs,CHEMBL287_Ki,97,molformer,xgboost,-0.07731863819111086,0.2275828631837318,0.2830188679245283,-0.12975593088375226,0.18998631370598895,0.2830188679245283,0.0524372926926414,0.0524372926926414,0.0
fixed_selected_support_0_60,boundary_extended,crem_lime_abs,CHEMBL287_Ki,97,morgan,mlp,0.2848057198381353,0.4872191953556442,0.2830188679245283,0.30766567515532023,0.5036093519981542,0.2830188679245283,-0.022859955317184932,-0.022859955317184932,0.0
fixed_selected_support_0_60,boundary_extended,crem_lime_abs,CHEMBL287_Ki,97,morgan,xgboost,0.09575241994295164,0.35167154637419173,0.2830188679245283,0.3370912859303084,0.5247069597236175,0.2830188679245283,-0.24133886598735677,-0.24133886598735682,5.551115123125783e-17
fixed_selected_support_0_60,boundary_extended,crem_lime_abs,CHEMBL287_Ki,97,unimol,mlp,0.08123877435174265,0.3412655363276646,0.2830188679245283,0.25311185774144956,0.4644952942297185,0.2830188679245283,-0.17187308338970692,-0.17187308338970692,0.0
fixed_selected_support_0_60,boundary_extended,crem_lime_abs,CHEMBL287_Ki,97,unimol,xgboost,0.03598815790648278,0.30882169812162913,0.2830188679245283,0.1845906357485858,0.41536687091408037,0.2830188679245283,-0.14860247784210304,-0.14860247784210298,-5.551115123125783e-17
fixed_selected_support_0_60,boundary_extended,crem_lime_abs,CHEMBL287_Ki,101,molformer,mlp,0.4156571318451587,0.6015844080762446,0.3181818181818182,0.28344202258283246,0.511437742670113,0.3181818181818182,0.1322151092623262,0.13221510926232627,-5.551115123125783e-17
fixed_selected_support_0_60,boundary_extended,crem_lime_abs,CHEMBL287_Ki,101,molformer,xgboost,0.3279995243341903,0.5418178575005843,0.3181818181818182,0.1535423059761545,0.4228697540746508,0.3181818181818182,0.17445721835803576,0.17445721835803582,-5.551115123125783e-17
fixed_selected_support_0_60,boundary_extended,crem_lime_abs,CHEMBL287_Ki,101,morgan,mlp,0.4118529932077683,0.5989906771871149,0.3181818181818182,0.23322308983053297,0.4771975612480907,0.3181818181818182,0.17862990337723533,0.17862990337723542,-8.326672684688674e-17
fixed_selected_support_0_60,boundary_extended,crem_lime_abs,CHEMBL287_Ki,101,morgan,xgboost,0.020978213245383,0.33248514539457935,0.3181818181818182,0.03453703969941257,0.34172979979505397,0.3181818181818182,-0.013558826454029567,-0.013558826454029557,-1.0408340855860843e-17
fixed_selected_support_0_60,boundary_extended,crem_lime_abs,CHEMBL287_Ki,101,unimol,mlp,0.19178014704229263,0.4489410093470177,0.3181818181818182,0.1357828236083312,0.4107610160965895,0.3181818181818182,0.05599732343396144,0.05599732343396144,0.0
fixed_selected_support_0_60,boundary_extended,crem_lime_abs,CHEMBL287_Ki,101,unimol,xgboost,0.07144237476538126,0.36689252824912355,0.3181818181818182,0.34002751059004116,0.5500187572204827,0.3181818181818182,-0.2685851358246599,-0.2685851358246599,0.0
fixed_selected_support_0_60,boundary_extended,crem_lime_abs,CHEMBL4616_EC50,2,molformer,mlp,-0.07190945130443548,0.09897466412090929,0.15942028985507245,0.1540506839550576,0.2889121691216426,0.15942028985507245,-0.2259601352594931,-0.22596013525949302,-8.326672684688674e-17
fixed_selected_support_0_60,boundary_extended,crem_lime_abs,CHEMBL4616_EC50,2,molformer,xgboost,0.012969320488672394,0.17032203751221733,0.15942028985507245,0.3046512469063288,0.41550394667488505,0.15942028985507245,-0.2916819264176564,-0.2916819264176563,-1.1102230246251565e-16
fixed_selected_support_0_60,boundary_extended,crem_lime_abs,CHEMBL4616_EC50,2,morgan,mlp,-0.02342584563129241,0.13972899932442087,0.15942028985507245,0.2688344344720205,0.385397060860539,0.15942028985507245,-0.2922602801033129,-0.29226028010331295,5.551115123125783e-17
fixed_selected_support_0_60,boundary_extended,crem_lime_abs,CHEMBL4616_EC50,2,morgan,xgboost,0.1768007881241994,0.3080354450899067,0.15942028985507245,0.1167053085116722,0.2575204042561882,0.15942028985507245,0.06009547961252719,0.06009547961252716,2.7755575615628914e-17
fixed_selected_support_0_60,boundary_extended,crem_lime_abs,CHEMBL4616_EC50,2,unimol,mlp,0.1719018810166415,0.30391752317340875,0.15942028985507245,0.1659403505684999,0.2989063816372897,0.15942028985507245,0.0059615304481416,0.005961530448141572,2.7755575615628914e-17
fixed_selected_support_0_60,boundary_extended,crem_lime_abs,CHEMBL4616_EC50,2,unimol,xgboost,0.12887395757921755,0.26774912376224086,0.15942028985507245,-0.02658202998895985,0.1370759747918888,0.15942028985507245,0.1554559875681774,0.15545598756817727,1.3877787807814457e-16
fixed_selected_support_0_60,boundary_extended,crem_lime_abs,CHEMBL4616_EC50,7,molformer,mlp,0.006087178553885648,0.12441013348794687,0.11904761904761903,0.029483709042010055,0.14502136272748503,0.11904761904761903,-0.023396530488124408,-0.023396530488124435,2.7755575615628914e-17
fixed_selected_support_0_60,boundary_extended,crem_lime_abs,CHEMBL4616_EC50,7,molformer,xgboost,-0.021958004717097735,0.09970366251112818,0.11904761904761903,0.000584630934637472,0.11956265106146634,0.11904761904761903,-0.022542635651735206,-0.0225426356517352,-6.938893903907228e-18
fixed_selected_support_0_60,boundary_extended,crem_lime_abs,CHEMBL4616_EC50,7,morgan,mlp,0.03656608842637333,0.15126060170894792,0.11904761904761903,0.054096521827205514,0.1667040787525382,0.11904761904761903,-0.017530433400832185,-0.0175304334008322,1.3877787807814457e-17
fixed_selected_support_0_60,boundary_extended,crem_lime_abs,CHEMBL4616_EC50,7,morgan,xgboost,0.11892419560933275,0.22381417232250742,0.11904761904761903,0.1624937213216355,0.2621968497357265,0.11904761904761903,-0.043569525712302756,-0.04356952571230284,8.326672684688674e-17
fixed_selected_support_0_60,boundary_extended,crem_lime_abs,CHEMBL4616_EC50,7,unimol,mlp,0.044629427017763464,0.1583640190394583,0.11904761904761903,0.17497757137324185,0.2731945271621416,0.11904761904761903,-0.1303481443554784,-0.13034814435547842,2.7755575615628914e-17
fixed_selected_support_0_60,boundary_extended,crem_lime_abs,CHEMBL4616_EC50,7,unimol,xgboost,0.24968655282478922,0.33900958225040956,0.11904761904761903,0.12317491259580537,0.22755885157249522,0.11904761904761903,0.12651164022898384,0.12651164022898387,-2.7755575615628914e-17
fixed_selected_support_0_60,boundary_extended,crem_lime_abs,CHEMBL4616_EC50,13,molformer,mlp,0.35452218030187166,0.5696814535345811,0.3333333333333333,0.43181927137701037,0.6212128475846735,0.3333333333333333,-0.07729709107513871,-0.07729709107513871,0.0
fixed_selected_support_0_60,boundary_extended,crem_lime_abs,CHEMBL4616_EC50,13,molformer,xgboost,0.3266406524318045,0.5510937682878697,0.3333333333333333,0.3736529364444285,0.5824352909629523,0.3333333333333333,-0.04701228401262397,-0.04701228401262403,5.551115123125783e-17
fixed_selected_support_0_60,boundary_extended,crem_lime_abs,CHEMBL4616_EC50,13,morgan,mlp,0.5840884234653688,0.7227256156435792,0.3333333333333333,0.40485462566477476,0.6032364171098498,0.3333333333333333,0.17923379780059406,0.17923379780059406,0.0
fixed_selected_support_0_60,boundary_extended,crem_lime_abs,CHEMBL4616_EC50,13,morgan,xgboost,0.370168336035523,0.580112224023682,0.3333333333333333,0.020301216409884765,0.3468674776065898,0.3333333333333333,0.34986711962563827,0.3498671196256382,5.551115123125783e-17
fixed_selected_support_0_60,boundary_extended,crem_lime_abs,CHEMBL4616_EC50,13,unimol,mlp,-0.01605396191272906,0.32263069205818057,0.3333333333333333,-0.019526536516576123,0.32031564232228255,0.3333333333333333,0.0034725746038470617,0.003472574603847065,-3.469446951953614e-18
fixed_selected_support_0_60,boundary_extended,crem_lime_abs,CHEMBL4616_EC50,13,unimol,xgboost,0.03702138446375396,0.3580142563091693,0.3333333333333333,0.11829276141681462,0.4121951742778764,0.3333333333333333,-0.08127137695306066,-0.08127137695306072,5.551115123125783e-17
fixed_selected_support_0_60,boundary_extended,crem_lime_abs,CHEMBL4616_EC50,14,molformer,mlp,-0.06279174544888382,0.1751467050247469,0.22388059701492538,-0.029715153984380304,0.20081808944495858,0.22388059701492538,-0.03307659146450351,-0.03307659146450351,0.0
fixed_selected_support_0_60,boundary_extended,crem_lime_abs,CHEMBL4616_EC50,14,molformer,xgboost,-0.07830342736381715,0.16310778771763446,0.22388059701492538,0.01189584420528675,0.233113192517536,0.22388059701492538,-0.0901992715691039,-0.09019927156910387,-2.7755575615628914e-17
fixed_selected_support_0_60,boundary_extended,crem_lime_abs,CHEMBL4616_EC50,14,morgan,mlp,-0.0030561259478984032,0.2215086783687953,0.22388059701492538,0.33702048811832347,0.48544873704705704,0.22388059701492538,-0.34007661406622186,-0.34007661406622186,0.0
fixed_selected_support_0_60,boundary_extended,crem_lime_abs,CHEMBL4616_EC50,14,morgan,xgboost,-0.06925052928191604,0.17013391757224428,0.22388059701492538,0.10033229960489388,0.3017504414843953,0.22388059701492538,-0.16958282888680992,-0.16958282888680987,-5.551115123125783e-17
fixed_selected_support_0_60,boundary_extended,crem_lime_abs,CHEMBL4616_EC50,14,unimol,mlp,0.0385773203714193,0.2538212038703553,0.22388059701492538,0.19422833546430754,0.37462497677826856,0.22388059701492538,-0.15565101509288823,-0.15565101509288823,0.0
fixed_selected_support_0_60,boundary_extended,crem_lime_abs,CHEMBL4616_EC50,14,unimol,xgboost,-0.025519752146155247,0.2040742222149243,0.22388059701492538,0.08806068464736523,0.2922262030098954,0.22388059701492538,-0.11358043679352048,-0.1135804367935205,2.7755575615628914e-17
fixed_selected_support_0_60,boundary_extended,crem_lime_abs,CHEMBL4616_EC50,23,molformer,mlp,-0.04760288845375499,0.3553212994130739,0.38461538461538464,0.20511839478676822,0.5108420890995498,0.38461538461538464,-0.25272128324052323,-0.2527212832405233,5.551115123125783e-17
fixed_selected_support_0_60,boundary_extended,crem_lime_abs,CHEMBL4616_EC50,23,molformer,xgboost,-0.11108469121415626,0.3162555746374423,0.38461538461538464,0.11878393912657424,0.4577131933086611,0.38461538461538464,-0.22986863034073052,-0.2298686303407304,-1.1102230246251565e-16
fixed_selected_support_0_60,boundary_extended,crem_lime_abs,CHEMBL4616_EC50,23,morgan,mlp,0.07966558080349266,0.433640357417534,0.38461538461538464,0.08062567652842402,0.4342311855559533,0.38461538461538464,-0.0009600957249313591,-0.0009600957249313868,2.7755575615628914e-17
fixed_selected_support_0_60,boundary_extended,crem_lime_abs,CHEMBL4616_EC50,23,morgan,xgboost,0.17328222777945526,0.49125060171043405,0.38461538461538464,0.17841648103860544,0.49441014217760343,0.38461538461538464,-0.005134253259150179,-0.005134253259150207,2.7755575615628914e-17
fixed_selected_support_0_60,boundary_extended,crem_lime_abs,CHEMBL4616_EC50,23,unimol,mlp,0.33226765541558706,0.5890877879480536,0.38461538461538464,0.04522012403216643,0.41244315325056397,0.38461538461538464,0.28704753138342065,0.28704753138342065,0.0
fixed_selected_support_0_60,boundary_extended,crem_lime_abs,CHEMBL4616_EC50,23,unimol,xgboost,0.13592249798431263,0.468259998759577,0.38461538461538464,-0.043356564551762046,0.3579344218143003,0.38461538461538464,0.17927906253607467,0.17927906253607462,5.551115123125783e-17
fixed_selected_support_0_60,boundary_extended,crem_lime_abs,CHEMBL4616_EC50,31,molformer,mlp,0.0,0.07936507936507936,0.07936507936507936,0.0,0.07936507936507936,0.07936507936507936,0.0,0.0,0.0
fixed_selected_support_0_60,boundary_extended,crem_lime_abs,CHEMBL4616_EC50,31,molformer,xgboost,0.0,0.07936507936507936,0.07936507936507936,0.0,0.07936507936507936,0.07936507936507936,0.0,0.0,0.0
fixed_selected_support_0_60,boundary_extended,crem_lime_abs,CHEMBL4616_EC50,31,morgan,mlp,0.0,0.07936507936507936,0.07936507936507936,0.0,0.07936507936507936,0.07936507936507936,0.0,0.0,0.0
fixed_selected_support_0_60,boundary_extended,crem_lime_abs,CHEMBL4616_EC50,31,morgan,xgboost,0.0,0.07936507936507936,0.07936507936507936,0.0,0.07936507936507936,0.07936507936507936,0.0,0.0,0.0
fixed_selected_support_0_60,boundary_extended,crem_lime_abs,CHEMBL4616_EC50,31,unimol,mlp,0.0,0.07936507936507936,0.07936507936507936,0.0,0.07936507936507936,0.07936507936507936,0.0,0.0,0.0
fixed_selected_support_0_60,boundary_extended,crem_lime_abs,CHEMBL4616_EC50,31,unimol,xgboost,0.0,0.07936507936507936,0.07936507936507936,0.0,0.07936507936507936,0.07936507936507936,0.0,0.0,0.0
fixed_selected_support_0_60,boundary_extended,crem_lime_abs,CHEMBL4616_EC50,34,molformer,mlp,-0.030661537442840416,0.12549930156365055,0.15151515151515152,-0.014716451255370841,0.13902846560150353,0.15151515151515152,-0.015945086187469575,-0.01594508618746953,-4.5102810375396984e-17
fixed_selected_support_0_60,boundary_extended,crem_lime_abs,CHEMBL4616_EC50,34,molformer,xgboost,-0.006519811132166572,0.14598319055452533,0.15151515151515152,0.12192401604859433,0.25496583179880733,0.15151515151515152,-0.12844382718076092,-0.12844382718076092,0.0
fixed_selected_support_0_60,boundary_extended,crem_lime_abs,CHEMBL4616_EC50,34,morgan,mlp,-0.017676600474772795,0.13651682383958672,0.15151515151515152,-0.029301587447131013,0.12665319852970702,0.15151515151515152,0.011624986972358219,0.011624986972358198,2.0816681711721685e-17
fixed_selected_support_0_60,boundary_extended,crem_lime_abs,CHEMBL4616_EC50,34,morgan,xgboost,-0.05402360405615839,0.10567694201295652,0.15151515151515152,0.07895194800414582,0.2185046831550328,0.15151515151515152,-0.1329755520603042,-0.13297555206030415,-5.551115123125783e-17
fixed_selected_support_0_60,boundary_extended,crem_lime_abs,CHEMBL4616_EC50,34,unimol,mlp,-0.031335542237898306,0.1249274187072378,0.15151515151515152,0.18901155532074873,0.31188859239336253,0.15151515151515152,-0.22034709755864704,-0.22034709755864695,-8.326672684688674e-17
fixed_selected_support_0_60,boundary_extended,crem_lime_abs,CHEMBL4616_EC50,34,unimol,xgboost,0.11476155157124389,0.24888858921196452,0.15151515151515152,0.04402909250716047,0.18887316940001495,0.15151515151515152,0.07073245906408342,0.07073245906408336,5.551115123125783e-17
fixed_selected_support_0_60,boundary_extended,crem_lime_abs,CHEMBL4616_EC50,35,molformer,mlp,0.1363533034063382,0.4419513652779416,0.35384615384615387,0.03756756472030112,0.3781205802808099,0.35384615384615387,0.09878573868603707,0.09878573868603704,2.7755575615628914e-17
fixed_selected_support_0_60,boundary_extended,crem_lime_abs,CHEMBL4616_EC50,35,molformer,xgboost,0.010719122947125148,0.3607723563658347,0.35384615384615387,0.005441903498075162,0.35736246072183314,0.35384615384615387,0.005277219449049986,0.005277219449050056,-7.025630077706069e-17
fixed_selected_support_0_60,boundary_extended,crem_lime_abs,CHEMBL4616_EC50,35,morgan,mlp,-0.05996679016929083,0.3150983817367659,0.35384615384615387,0.2112027470114617,0.4903156211458675,0.35384615384615387,-0.27116953718075254,-0.27116953718075243,-1.1102230246251565e-16
fixed_selected_support_0_60,boundary_extended,crem_lime_abs,CHEMBL4616_EC50,35,morgan,xgboost,0.27842678438442187,0.5337526914483957,0.35384615384615387,0.29093410502043043,0.541834344782432,0.35384615384615387,-0.012507320636008568,-0.012507320636008679,1.1102230246251565e-16
fixed_selected_support_0_60,boundary_extended,crem_lime_abs,CHEMBL4616_EC50,35,unimol,mlp,-0.13382862437106866,0.2673722734833095,0.35384615384615387,0.1303623226133248,0.4380802699963022,0.35384615384615387,-0.2641909469843935,-0.2641909469843935,0.0
fixed_selected_support_0_60,boundary_extended,crem_lime_abs,CHEMBL4616_EC50,35,unimol,xgboost,0.08984586979753341,0.41190040817686774,0.35384615384615387,0.028974906421439742,0.3725684010723149,0.35384615384615387,0.06087096337609367,0.06087096337609364,2.7755575615628914e-17
fixed_selected_support_0_60,boundary_extended,crem_lime_abs,CHEMBL4616_EC50,37,molformer,mlp,-0.08785922550910863,0.26454587571215193,0.323943661971831,0.01145397234142808,0.33168719256885276,0.323943661971831,-0.09931319785053672,-0.0993131978505366,-1.1102230246251565e-16
fixed_selected_support_0_60,boundary_extended,crem_lime_abs,CHEMBL4616_EC50,37,molformer,xgboost,-0.11605770703080409,0.2454821135566395,0.323943661971831,-0.1473586611091444,0.22432090516564887,0.323943661971831,0.0313009540783403,0.031300954078340285,1.3877787807814457e-17
fixed_selected_support_0_60,boundary_extended,crem_lime_abs,CHEMBL4616_EC50,37,morgan,mlp,0.2788810259004508,0.5124829470876286,0.323943661971831,0.18959112615134188,0.4521179444403438,0.323943661971831,0.08928989974910889,0.08928989974910886,2.7755575615628914e-17
fixed_selected_support_0_60,boundary_extended,crem_lime_abs,CHEMBL4616_EC50,37,morgan,xgboost,0.21062789560797746,0.4663399857631397,0.323943661971831,-0.047215864649050567,0.2920230774203602,0.323943661971831,0.25784376025702804,0.25784376025702793,1.1102230246251565e-16
fixed_selected_support_0_60,boundary_extended,crem_lime_abs,CHEMBL4616_EC50,37,unimol,mlp,0.007854945492447465,0.3292540476568659,0.323943661971831,0.007671787594231076,0.3291302225989168,0.323943661971831,0.00018315789821638905,0.00018315789821643502,-4.597017211338539e-17
fixed_selected_support_0_60,boundary_extended,crem_lime_abs,CHEMBL4616_EC50,37,unimol,xgboost,0.13334425973841418,0.4140918939076603,0.323943661971831,-0.12312340953901789,0.24070530059334003,0.323943661971831,0.2564676692774321,0.25646766927743203,5.551115123125783e-17
