dataset,component_id,representation,predictor,explainer,trained_seed_sd,permuted_seed_sd,matched_delta_seed_sd
CHEMBL1862_Ki,3,molformer,mlp,crem_lime,0.02006817594606151,0.10486726809393272,0.11549447375083467
CHEMBL1862_Ki,3,molformer,mlp,crem_mean,0.006348700323802752,0.0806557068305748,0.07434261937571006
CHEMBL1862_Ki,3,molformer,xgboost,crem_lime,0.035816741131697326,0.019605483068008966,0.03728761587588429
CHEMBL1862_Ki,3,molformer,xgboost,crem_mean,0.011129712609710992,0.10346381743521636,0.11429663693534924
CHEMBL1862_Ki,3,morgan,mlp,crem_lime,0.35214501056150177,0.1816709229986334,0.37859004299438975
CHEMBL1862_Ki,3,morgan,mlp,crem_mean,0.1346570562949311,0.18230534377708937,0.07621624104990062
CHEMBL1862_Ki,3,morgan,xgboost,crem_lime,0.07516351784415681,0.12072054995842482,0.13996843601403783
CHEMBL1862_Ki,3,morgan,xgboost,crem_mean,0.0644431927020705,0.11419094365952573,0.16911870842463567
CHEMBL1862_Ki,3,unimol,mlp,crem_lime,0.023637947338843848,0.03634062212022264,0.03459593204760678
CHEMBL1862_Ki,3,unimol,mlp,crem_mean,0.029158164151222948,0.027303648257632693,0.03874696416768422
CHEMBL1862_Ki,3,unimol,xgboost,crem_lime,0.04231577831423646,0.12228043636076633,0.08251709009400002
CHEMBL1862_Ki,3,unimol,xgboost,crem_mean,0.06597277878830518,0.16657330849030494,0.10886339082198078
CHEMBL1862_Ki,8,molformer,mlp,crem_lime,0.06819082875783865,0.018998998851172944,0.0721690242664421
CHEMBL1862_Ki,8,molformer,mlp,crem_mean,0.035802639789111815,0.12103375374544245,0.08620813305129411
CHEMBL1862_Ki,8,molformer,xgboost,crem_lime,0.13042507743980616,0.12663801428773144,0.082125684063365
CHEMBL1862_Ki,8,molformer,xgboost,crem_mean,0.08050625019099668,0.1165587898563726,0.06325913632986958
CHEMBL1862_Ki,8,morgan,mlp,crem_lime,0.1777786888698356,0.12224604361682288,0.27638101224965056
CHEMBL1862_Ki,8,morgan,mlp,crem_mean,0.045669369710201316,0.07241227054699513,0.027046412714503407
CHEMBL1862_Ki,8,morgan,xgboost,crem_lime,0.08968328454321442,0.1435281107801035,0.21497876394282509
CHEMBL1862_Ki,8,morgan,xgboost,crem_mean,0.028300428981564266,0.038592063592600034,0.058778917775052696
CHEMBL1862_Ki,8,unimol,mlp,crem_lime,0.11168214441294591,0.11208661849418818,0.015880928528521947
CHEMBL1862_Ki,8,unimol,mlp,crem_mean,0.06603486543874458,0.04847910309433279,0.05077633827669566
CHEMBL1862_Ki,8,unimol,xgboost,crem_lime,0.1343989382472642,0.08001590527269058,0.1556826176150764
CHEMBL1862_Ki,8,unimol,xgboost,crem_mean,0.07377487637161763,0.11444009842932557,0.18821096499808038
CHEMBL1862_Ki,9,molformer,mlp,crem_lime,0.09195865265731643,0.10946188829182665,0.02322105175930437
CHEMBL1862_Ki,9,molformer,mlp,crem_mean,0.07394910046290777,0.0646926735245046,0.026622064685421384
CHEMBL1862_Ki,9,molformer,xgboost,crem_lime,0.08379107535527795,0.1472287814161644,0.12134782460130614
CHEMBL1862_Ki,9,molformer,xgboost,crem_mean,0.03295852800973872,0.08645085960660219,0.06913440594577921
CHEMBL1862_Ki,9,morgan,mlp,crem_lime,0.2320282144764773,0.1766280640682643,0.40203884627919123
CHEMBL1862_Ki,9,morgan,mlp,crem_mean,0.07405950829998355,0.09224758163970154,0.104681935009208
CHEMBL1862_Ki,9,morgan,xgboost,crem_lime,0.06484231546339211,0.10971261087695186,0.14834542813531418
CHEMBL1862_Ki,9,morgan,xgboost,crem_mean,0.03677582238009335,0.012296906486230195,0.04423793206529392
CHEMBL1862_Ki,9,unimol,mlp,crem_lime,0.09916130543803954,0.2310568928295413,0.3299130311100383
CHEMBL1862_Ki,9,unimol,mlp,crem_mean,0.027683212434248917,0.1330151565242526,0.14393196945024242
CHEMBL1862_Ki,9,unimol,xgboost,crem_lime,0.1911664621517207,0.18081465777042985,0.08543341401714198
CHEMBL1862_Ki,9,unimol,xgboost,crem_mean,0.10703759621506054,0.0760524660651582,0.17084874155724544
CHEMBL1862_Ki,10,molformer,mlp,crem_lime,0.03349943111199562,0.08010360216223242,0.10064118037229924
CHEMBL1862_Ki,10,molformer,mlp,crem_mean,0.043326582078306655,0.04950171221649746,0.024332046540772808
CHEMBL1862_Ki,10,molformer,xgboost,crem_lime,0.029604672040750343,0.08936422934930612,0.07550903633914652
CHEMBL1862_Ki,10,molformer,xgboost,crem_mean,0.024100916734568947,0.110371349025676,0.12397829283788776
CHEMBL1862_Ki,10,morgan,mlp,crem_lime,0.12647112749335762,0.06676847642280925,0.07207733486138287
CHEMBL1862_Ki,10,morgan,mlp,crem_mean,0.030615613902451856,0.07397739716164954,0.0948621757387671
CHEMBL1862_Ki,10,morgan,xgboost,crem_lime,0.03439916993882706,0.1785329889026955,0.14413381952741475
CHEMBL1862_Ki,10,morgan,xgboost,crem_mean,0.0399178705384929,0.22916469393973998,0.18986424422436657
CHEMBL1862_Ki,10,unimol,mlp,crem_lime,0.03368654819710124,0.07743894738874478,0.0750548028560288
CHEMBL1862_Ki,10,unimol,mlp,crem_mean,0.022580443513161075,0.047499004043490764,0.03774545592032861
CHEMBL1862_Ki,10,unimol,xgboost,crem_lime,0.05930409077791143,0.1406551538929181,0.1966128842870861
CHEMBL1862_Ki,10,unimol,xgboost,crem_mean,0.03395418056805441,0.06608577598011464,0.09072946289097404
CHEMBL1862_Ki,19,molformer,mlp,crem_lime,0.08656938873360012,0.13023259737241719,0.11658646262901624
CHEMBL1862_Ki,19,molformer,mlp,crem_mean,0.05593592590691113,0.12977312175987682,0.11943341440917536
CHEMBL1862_Ki,19,molformer,xgboost,crem_lime,0.1454569860514999,0.35533197507523157,0.2915030793488938
CHEMBL1862_Ki,19,molformer,xgboost,crem_mean,0.01891514994436131,0.031042639852328763,0.01396026901612757
CHEMBL1862_Ki,19,morgan,mlp,crem_lime,0.03507616528518618,0.06933611591045537,0.10172073022453532
CHEMBL1862_Ki,19,morgan,mlp,crem_mean,0.01666875893964227,0.14638159504271955,0.1498134187551405
CHEMBL1862_Ki,19,morgan,xgboost,crem_lime,0.01649452585222857,0.11466427138710981,0.11618707383544347
CHEMBL1862_Ki,19,morgan,xgboost,crem_mean,0.021045481625189405,0.17200210633278512,0.15969858571786863
CHEMBL1862_Ki,19,unimol,mlp,crem_lime,0.07878292711375148,0.22572115848607702,0.2887362400127939
CHEMBL1862_Ki,19,unimol,mlp,crem_mean,0.04867553085894136,0.09598664270430904,0.07962096791208202
CHEMBL1862_Ki,19,unimol,xgboost,crem_lime,0.07230421794294219,0.2780071403212851,0.2441623749015013
CHEMBL1862_Ki,19,unimol,xgboost,crem_mean,0.03110693776176675,0.1754973412426431,0.16133751753988226
CHEMBL1862_Ki,22,molformer,mlp,crem_lime,0.04696320627386085,0.21940888204823333,0.26607766336160704
CHEMBL1862_Ki,22,molformer,mlp,crem_mean,0.11004967007768544,0.11321031360215472,0.15485937406001068
CHEMBL1862_Ki,22,molformer,xgboost,crem_lime,0.1267451292975757,0.3551491971907775,0.2389467970323501
CHEMBL1862_Ki,22,molformer,xgboost,crem_mean,0.08501838677016664,0.44068114659087654,0.3889921963403794
CHEMBL1862_Ki,22,morgan,mlp,crem_lime,0.03895367602129721,0.34844092978104213,0.3871040597647919
CHEMBL1862_Ki,22,morgan,mlp,crem_mean,0.15786876318252957,0.22310202866388795,0.28665016878698324
CHEMBL1862_Ki,22,morgan,xgboost,crem_lime,0.009514910827037608,0.24744423488264117,0.24350767959787248
CHEMBL1862_Ki,22,morgan,xgboost,crem_mean,0.022135471099632972,0.2834360184793788,0.2711220995391013
CHEMBL1862_Ki,22,unimol,mlp,crem_lime,0.14708283647347534,0.13398383302367137,0.2697389804214756
CHEMBL1862_Ki,22,unimol,mlp,crem_mean,0.20275452850288628,0.14482468460106926,0.3475356715873
CHEMBL1862_Ki,22,unimol,xgboost,crem_lime,0.22833490707017973,0.29841468413181244,0.3699470133586786
CHEMBL1862_Ki,22,unimol,xgboost,crem_mean,0.15514673450492886,0.033597134996897995,0.12923393203468225
CHEMBL1862_Ki,25,molformer,mlp,crem_lime,0.10190843204354666,0.36206094753074747,0.4634117706845076
CHEMBL1862_Ki,25,molformer,mlp,crem_mean,0.18385035393113297,0.13815084319138748,0.16528904628533034
CHEMBL1862_Ki,25,molformer,xgboost,crem_lime,0.10135030214290901,0.285654519303343,0.25037281462732874
CHEMBL1862_Ki,25,molformer,xgboost,crem_mean,0.054276525095977156,0.028521074025375855,0.08237045110266164
CHEMBL1862_Ki,25,morgan,mlp,crem_lime,0.14098952031808643,0.4013290907946212,0.26357311135559275
CHEMBL1862_Ki,25,morgan,mlp,crem_mean,0.09816039359454644,0.2467456071128351,0.33103598798402256
CHEMBL1862_Ki,25,morgan,xgboost,crem_lime,0.23719960148791608,0.41075101026953414,0.31676151026442717
CHEMBL1862_Ki,25,morgan,xgboost,crem_mean,0.18788158406753502,0.12344688515376118,0.2481413031608285
CHEMBL1862_Ki,25,unimol,mlp,crem_lime,0.16365084409145506,0.25246883809345094,0.38998094638537967
CHEMBL1862_Ki,25,unimol,mlp,crem_mean,0.013198331811173926,0.21252466921905747,0.20570825315762853
CHEMBL1862_Ki,25,unimol,xgboost,crem_lime,0.21919735207147573,0.6291660956335884,0.49861259653935347
CHEMBL1862_Ki,25,unimol,xgboost,crem_mean,0.35016137734076735,0.11308849060491073,0.372415527904541
CHEMBL1862_Ki,27,molformer,mlp,crem_lime,0.04756171331765055,0.21852957408482548,0.21506380677342993
CHEMBL1862_Ki,27,molformer,mlp,crem_mean,0.024240742250015376,0.0979502708747872,0.10261283560454465
CHEMBL1862_Ki,27,molformer,xgboost,crem_lime,0.008225400925843927,0.31698842803061916,0.3088611217239035
CHEMBL1862_Ki,27,molformer,xgboost,crem_mean,0.036183145021470374,0.2092532336550018,0.18067311963770497
CHEMBL1862_Ki,27,morgan,mlp,crem_lime,0.059944208630417384,0.23705791820336633,0.20640801107193577
CHEMBL1862_Ki,27,morgan,mlp,crem_mean,0.08424960478228614,0.18770993184476514,0.1731507251501105
CHEMBL1862_Ki,27,morgan,xgboost,crem_lime,0.009735024686218244,0.28444816376034016,0.27486381997129883
CHEMBL1862_Ki,27,morgan,xgboost,crem_mean,0.0038805805134342563,0.1436908844178324,0.14626505022786965
CHEMBL1862_Ki,27,unimol,mlp,crem_lime,0.042313707880479196,0.046478197273556114,0.05998555279959827
CHEMBL1862_Ki,27,unimol,mlp,crem_mean,0.0160368678455492,0.011937664781575735,0.019861533800234987
CHEMBL1862_Ki,27,unimol,xgboost,crem_lime,0.012197562973313758,0.05696658761318172,0.05986010750006887
CHEMBL1862_Ki,27,unimol,xgboost,crem_mean,0.043126308944648445,0.24391935973284865,0.2034239413193041
CHEMBL1871_Ki,1,molformer,mlp,crem_lime,0.04999821115272195,0.045548857574396445,0.024068852875795372
CHEMBL1871_Ki,1,molformer,mlp,crem_mean,0.008186483260423713,0.10500530692495161,0.09974902838569218
CHEMBL1871_Ki,1,molformer,xgboost,crem_lime,0.06858749530311968,0.3033053919038298,0.3019568376818892
CHEMBL1871_Ki,1,molformer,xgboost,crem_mean,0.05047691071429125,0.1461937537329202,0.18691153721023063
CHEMBL1871_Ki,1,morgan,mlp,crem_lime,0.04983570311631128,0.3818907053866008,0.37180597972826684
CHEMBL1871_Ki,1,morgan,mlp,crem_mean,0.024277203063937474,0.1721383581966998,0.1712036748694964
CHEMBL1871_Ki,1,morgan,xgboost,crem_lime,0.12964872166479163,0.21775664275274206,0.30677661855613
CHEMBL1871_Ki,1,morgan,xgboost,crem_mean,0.08756547535817961,0.11787082686392174,0.18917896148771113
CHEMBL1871_Ki,1,unimol,mlp,crem_lime,0.13918326197775605,0.17599009235139718,0.2815319456739558
CHEMBL1871_Ki,1,unimol,mlp,crem_mean,0.01952740136206994,0.0875521390740102,0.09725234245828401
CHEMBL1871_Ki,1,unimol,xgboost,crem_lime,0.03770928902596229,0.03476804219171115,0.017417272172719038
CHEMBL1871_Ki,1,unimol,xgboost,crem_mean,0.024666765597013467,0.03539849422359507,0.017432174326865148
CHEMBL1871_Ki,6,molformer,mlp,crem_lime,0.1736047587202997,0.14196741176582445,0.11345075361380025
CHEMBL1871_Ki,6,molformer,mlp,crem_mean,0.08944936821037155,0.11469982361995014,0.05416159324243504
CHEMBL1871_Ki,6,molformer,xgboost,crem_lime,0.046820935920788585,0.14875360666867007,0.18078211180155332
CHEMBL1871_Ki,6,molformer,xgboost,crem_mean,0.03239283434394564,0.011703730030819126,0.032613530892066575
CHEMBL1871_Ki,6,morgan,mlp,crem_lime,0.05951791403819149,0.19002836089987737,0.15773066883210063
CHEMBL1871_Ki,6,morgan,mlp,crem_mean,0.011134448344131727,0.10195651510114391,0.09094998686791123
CHEMBL1871_Ki,6,morgan,xgboost,crem_lime,0.09211487267617853,0.3390819843882276,0.427770007739802
CHEMBL1871_Ki,6,morgan,xgboost,crem_mean,0.017213261096099445,0.12736562137951896,0.14449529279349602
CHEMBL1871_Ki,6,unimol,mlp,crem_lime,0.028107363246549416,0.038323665577310304,0.03607461265875156
CHEMBL1871_Ki,6,unimol,mlp,crem_mean,0.007520155280527915,0.06106504787804147,0.061427721380451966
CHEMBL1871_Ki,6,unimol,xgboost,crem_lime,0.06424137790501763,0.10402755528657098,0.1659807947518106
CHEMBL1871_Ki,6,unimol,xgboost,crem_mean,0.03855941569913958,0.07034836950559138,0.09692478611365604
CHEMBL1871_Ki,9,molformer,mlp,crem_lime,0.009529470572138961,0.19282581905864235,0.19253350172853495
CHEMBL1871_Ki,9,molformer,mlp,crem_mean,0.010987561365524052,0.09499230994678745,0.10074762094983378
CHEMBL1871_Ki,9,molformer,xgboost,crem_lime,0.09445110941843135,0.04778814554260679,0.05184643733840325
CHEMBL1871_Ki,9,molformer,xgboost,crem_mean,0.010180269904737466,0.08802416877471904,0.09676521091327535
CHEMBL1871_Ki,9,morgan,mlp,crem_lime,0.03088168934448331,0.027713308366845463,0.018564184749749274
CHEMBL1871_Ki,9,morgan,mlp,crem_mean,0.02556377896275665,0.10153574950232575,0.10363643471724383
CHEMBL1871_Ki,9,morgan,xgboost,crem_lime,0.1675114576576795,0.1769529236661807,0.12383022350360647
CHEMBL1871_Ki,9,morgan,xgboost,crem_mean,0.022457102833508012,0.13203367339727995,0.13419446685009456
CHEMBL1871_Ki,9,unimol,mlp,crem_lime,0.028747089340698306,0.04339931457720071,0.02214094306399861
CHEMBL1871_Ki,9,unimol,mlp,crem_mean,0.009099853573164816,0.039371344406414994,0.03069508673301502
CHEMBL1871_Ki,9,unimol,xgboost,crem_lime,0.1404000915700371,0.17024067932012402,0.11570029216539945
CHEMBL1871_Ki,9,unimol,xgboost,crem_mean,0.03842222545363339,0.061016926111220816,0.08938393039056898
CHEMBL1871_Ki,12,molformer,mlp,crem_lime,0.23543716501265874,0.2317325994274854,0.43974943070381517
CHEMBL1871_Ki,12,molformer,mlp,crem_mean,0.0818491015303397,0.21952448427068644,0.2881257847304797
CHEMBL1871_Ki,12,molformer,xgboost,crem_lime,0.12992180104238066,0.3310986513050083,0.34583971208937486
CHEMBL1871_Ki,12,molformer,xgboost,crem_mean,0.29810745117713044,0.1975501325322009,0.4069739400698319
CHEMBL1871_Ki,12,morgan,mlp,crem_lime,0.11462727142105077,0.05465334275673204,0.08577108355596763
CHEMBL1871_Ki,12,morgan,mlp,crem_mean,0.09623573669578157,0.03759062751415937,0.09799349912907336
CHEMBL1871_Ki,12,morgan,xgboost,crem_lime,0.15933262922246763,0.0338620066111417,0.18686360013071263
CHEMBL1871_Ki,12,morgan,xgboost,crem_mean,0.17510554044514778,0.1430379519820372,0.24100324170312828
CHEMBL1871_Ki,12,unimol,mlp,crem_lime,0.12431677681974011,0.2253422385267841,0.3054933011948179
CHEMBL1871_Ki,12,unimol,mlp,crem_mean,0.024692008000904014,0.11352698463982024,0.10210866088004374
CHEMBL1871_Ki,12,unimol,xgboost,crem_lime,0.07967317738347027,0.15463084669768512,0.156632627402145
CHEMBL1871_Ki,12,unimol,xgboost,crem_mean,0.07464259283699373,0.13145072446103884,0.18491904866931808
CHEMBL1871_Ki,14,molformer,mlp,crem_lime,0.002583230470899025,0.1227035305155624,0.1220794507414402
CHEMBL1871_Ki,14,molformer,mlp,crem_mean,0.0012123210238889311,0.12831628529988062,0.12911372470098728
CHEMBL1871_Ki,14,molformer,xgboost,crem_lime,0.033985686415028395,0.21777716654465099,0.22097543554803892
CHEMBL1871_Ki,14,molformer,xgboost,crem_mean,0.0016853759619305478,0.040102355502201106,0.03858904283033744
CHEMBL1871_Ki,14,morgan,mlp,crem_lime,0.006662288071521706,0.02740950773098869,0.02425575718802432
CHEMBL1871_Ki,14,morgan,mlp,crem_mean,0.012798220043262374,0.015690985867204375,0.02623577313751751
CHEMBL1871_Ki,14,morgan,xgboost,crem_lime,0.002277954008515743,0.15505530096176934,0.1570109740429485
CHEMBL1871_Ki,14,morgan,xgboost,crem_mean,0.0030782094453429792,0.10065646140477029,0.10362106916743181
CHEMBL1871_Ki,14,unimol,mlp,crem_lime,0.03509805856377568,0.12154985985932192,0.14002436839680094
CHEMBL1871_Ki,14,unimol,mlp,crem_mean,0.06705607754724749,0.0809780144285894,0.12312462702924575
CHEMBL1871_Ki,14,unimol,xgboost,crem_lime,0.11168666949231332,0.04034479731183296,0.14082260079141665
CHEMBL1871_Ki,14,unimol,xgboost,crem_mean,0.07610775190579634,0.017537296838317572,0.09190402961978272
CHEMBL1871_Ki,18,molformer,mlp,crem_lime,0.17255611349048483,0.08994011297470166,0.2566941986052058
CHEMBL1871_Ki,18,molformer,mlp,crem_mean,0.03467040591687846,0.38424209072105375,0.3703203398546675
CHEMBL1871_Ki,18,molformer,xgboost,crem_lime,0.21224061535736277,0.44769142231065595,0.334685630179502
CHEMBL1871_Ki,18,molformer,xgboost,crem_mean,0.030734558803219895,0.07397758277017431,0.050085083540327
CHEMBL1871_Ki,18,morgan,mlp,crem_lime,0.09894408463857572,0.0853002479288732,0.12676992042406857
CHEMBL1871_Ki,18,morgan,mlp,crem_mean,0.054344913020522155,0.25894102903239025,0.21847391858066853
CHEMBL1871_Ki,18,morgan,xgboost,crem_lime,0.14352444794054633,0.10110505711835358,0.24460690963515444
CHEMBL1871_Ki,18,morgan,xgboost,crem_mean,0.12010506068491018,0.15798046949286154,0.22752897999422247
CHEMBL1871_Ki,18,unimol,mlp,crem_lime,0.05128069144877433,0.17834853863597847,0.1986226742487758
CHEMBL1871_Ki,18,unimol,mlp,crem_mean,0.020426408382691767,0.15900284079457186,0.1684158762244759
CHEMBL1871_Ki,18,unimol,xgboost,crem_lime,0.2593422633423324,0.16091519628528583,0.4008912139827169
CHEMBL1871_Ki,18,unimol,xgboost,crem_mean,0.05950847319510286,0.22819687678959136,0.2172797039360037
CHEMBL1871_Ki,19,molformer,mlp,crem_lime,0.1901797742818802,0.0371579732327714,0.15332248864726672
CHEMBL1871_Ki,19,molformer,mlp,crem_mean,0.07327984003517242,0.2568621800448968,0.24905704037104065
CHEMBL1871_Ki,19,molformer,xgboost,crem_lime,0.25336649425564156,0.03406276292361425,0.21996596930580337
CHEMBL1871_Ki,19,molformer,xgboost,crem_mean,0.11950156148574875,0.13859071014766974,0.02072828109839461
CHEMBL1871_Ki,19,morgan,mlp,crem_lime,0.3883513201377487,0.41843358445501605,0.5750390585605485
CHEMBL1871_Ki,19,morgan,mlp,crem_mean,0.26123433475880875,0.25858944827841246,0.5100158369166595
CHEMBL1871_Ki,19,morgan,xgboost,crem_lime,0.22299649642540606,0.3115816078735053,0.5137575629296147
CHEMBL1871_Ki,19,morgan,xgboost,crem_mean,0.14192231427999147,0.39958756152022845,0.5289553371857723
CHEMBL1871_Ki,19,unimol,mlp,crem_lime,0.0060523587551357845,0.32462036998291305,0.32571886709297004
CHEMBL1871_Ki,19,unimol,mlp,crem_mean,0.02225450205013265,0.2561468163752293,0.2783486701334119
CHEMBL1871_Ki,19,unimol,xgboost,crem_lime,0.14794727261113733,0.18209741443521454,0.20522273168786856
CHEMBL1871_Ki,19,unimol,xgboost,crem_mean,0.03990603725346213,0.2486640203337688,0.257892416235756
CHEMBL1871_Ki,25,molformer,mlp,crem_lime,0.021219816001791434,0.15646261710653134,0.17654591236142894
CHEMBL1871_Ki,25,molformer,mlp,crem_mean,0.008949806604459242,0.049717263186130504,0.04360161248321281
CHEMBL1871_Ki,25,molformer,xgboost,crem_lime,0.045103405323448566,0.0926972945963658,0.12709901391793796
CHEMBL1871_Ki,25,molformer,xgboost,crem_mean,0.003729086085191326,0.010627895342795365,0.01428415217186304
CHEMBL1871_Ki,25,morgan,mlp,crem_lime,0.31049008289754865,0.13714638228846443,0.17558531287782625
CHEMBL1871_Ki,25,morgan,mlp,crem_mean,0.05738583699593209,0.022673265914745246,0.03493325320043735
CHEMBL1871_Ki,25,morgan,xgboost,crem_lime,0.20921860508929266,0.13790146101241685,0.32576745889534753
CHEMBL1871_Ki,25,morgan,xgboost,crem_mean,0.026103602596339457,0.010090468230517766,0.022799518523825984
CHEMBL1871_Ki,25,unimol,mlp,crem_lime,0.059275955477121986,0.1623543707986662,0.1117049674623943
CHEMBL1871_Ki,25,unimol,mlp,crem_mean,0.00968924721849173,0.017747542060306227,0.009158727935761207
CHEMBL1871_Ki,25,unimol,xgboost,crem_lime,0.05019985212543525,0.291030575015519,0.2489302163636594
CHEMBL1871_Ki,25,unimol,xgboost,crem_mean,0.018272521817437645,0.05204179792313411,0.03408188838019437
CHEMBL1871_Ki,35,molformer,mlp,crem_lime,0.1475831346518885,0.2456720333304824,0.1766878228514267
CHEMBL1871_Ki,35,molformer,mlp,crem_mean,0.02750047983743892,0.08010323942537899,0.06489971482514509
CHEMBL1871_Ki,35,molformer,xgboost,crem_lime,0.20823805868743148,0.062232736679433784,0.23281049714313612
CHEMBL1871_Ki,35,molformer,xgboost,crem_mean,0.12732667255642488,0.10776570432732639,0.08706169060580335
CHEMBL1871_Ki,35,morgan,mlp,crem_lime,0.04621872676628717,0.04640007339782837,0.08645733987405836
CHEMBL1871_Ki,35,morgan,mlp,crem_mean,0.013812202853405517,0.04322724674893611,0.03882755414035657
CHEMBL1871_Ki,35,morgan,xgboost,crem_lime,0.05645273342446727,0.09963916610724437,0.04863446488802767
CHEMBL1871_Ki,35,morgan,xgboost,crem_mean,0.011606865784015121,0.03377990381374924,0.044980509589216296
CHEMBL1871_Ki,35,unimol,mlp,crem_lime,0.05360717873202573,0.14222639372310802,0.19030260353140904
CHEMBL1871_Ki,35,unimol,mlp,crem_mean,0.04401365464542049,0.14468162012857266,0.14472642579686712
CHEMBL1871_Ki,35,unimol,xgboost,crem_lime,0.028960496013835803,0.09536769039811958,0.10152426299901983
CHEMBL1871_Ki,35,unimol,xgboost,crem_mean,0.08173034510002933,0.10364117413787508,0.04596293475669639
CHEMBL1871_Ki,37,molformer,mlp,crem_lime,0.1465858636954103,0.11510210102036184,0.19193950964088238
CHEMBL1871_Ki,37,molformer,mlp,crem_mean,0.01831291699210205,0.009117958779414254,0.012377281787569427
CHEMBL1871_Ki,37,molformer,xgboost,crem_lime,0.025920445576840066,0.06610722557514004,0.06428785360968788
CHEMBL1871_Ki,37,molformer,xgboost,crem_mean,0.046886841625374966,0.0758307986306748,0.09385818470995495
CHEMBL1871_Ki,37,morgan,mlp,crem_lime,0.0745599180427975,0.10077763980311175,0.11031687311465983
CHEMBL1871_Ki,37,morgan,mlp,crem_mean,0.02805667026549245,0.06242255014694042,0.08724832387847672
CHEMBL1871_Ki,37,morgan,xgboost,crem_lime,0.02826148897007705,0.12363747056547104,0.12543503577843013
CHEMBL1871_Ki,37,morgan,xgboost,crem_mean,0.05005659298963318,0.04280523219795839,0.0333078197256701
CHEMBL1871_Ki,37,unimol,mlp,crem_lime,0.07396411543742598,0.13226508344749804,0.07907321590080091
CHEMBL1871_Ki,37,unimol,mlp,crem_mean,0.022748837015904178,0.045100493291429164,0.05657444549395593
CHEMBL1871_Ki,37,unimol,xgboost,crem_lime,0.002836878565413693,0.07984431409423084,0.07942577233368915
CHEMBL1871_Ki,37,unimol,xgboost,crem_mean,0.008025322080502455,0.029781357154844732,0.032504857127885554
CHEMBL1871_Ki,38,molformer,mlp,crem_lime,0.09366304271889807,0.5757770224109124,0.5043733703292316
CHEMBL1871_Ki,38,molformer,mlp,crem_mean,0.20099229077133776,0.3145563729120874,0.13689751363693603
CHEMBL1871_Ki,38,molformer,xgboost,crem_lime,0.11664816358228933,0.0841948235762079,0.10248609185790168
CHEMBL1871_Ki,38,molformer,xgboost,crem_mean,0.07560524450064667,0.3370754793384651,0.28370730443782016
CHEMBL1871_Ki,38,morgan,mlp,crem_lime,0.09745317379699545,0.160217982807256,0.13187445604939876
CHEMBL1871_Ki,38,morgan,mlp,crem_mean,0.04375310811341783,0.04373382507953362,0.07763281041931272
CHEMBL1871_Ki,38,morgan,xgboost,crem_lime,0.020127611964510076,0.2785891383291875,0.2986550706368882
CHEMBL1871_Ki,38,morgan,xgboost,crem_mean,0.009616113956633214,0.17845125659900365,0.18697495384529209
CHEMBL1871_Ki,38,unimol,mlp,crem_lime,0.25833315100172893,0.10075068632844691,0.3177282896005963
CHEMBL1871_Ki,38,unimol,mlp,crem_mean,0.1305547689144081,0.1314889692706845,0.2611087141303403
CHEMBL1871_Ki,38,unimol,xgboost,crem_lime,0.16823692768957782,0.1119362652427332,0.2744271457575746
CHEMBL1871_Ki,38,unimol,xgboost,crem_mean,0.32501132637778113,0.09073252561701652,0.37596562939305
CHEMBL2034_Ki,1,molformer,mlp,crem_lime,0.090852714800409,0.4936093156702984,0.40872538000358805
CHEMBL2034_Ki,1,molformer,mlp,crem_mean,0.02344899836485262,0.1852741662918401,0.18878476806608077
CHEMBL2034_Ki,1,molformer,xgboost,crem_lime,0.22879047075674946,0.24124807633262857,0.36695740906552987
CHEMBL2034_Ki,1,molformer,xgboost,crem_mean,0.11726757675090779,0.03814300520869598,0.1504769449016306
CHEMBL2034_Ki,1,morgan,mlp,crem_lime,0.18189422149475873,0.033822466018928195,0.1857901554586459
CHEMBL2034_Ki,1,morgan,mlp,crem_mean,0.01670790071803578,0.07205157619331667,0.08298989827503349
CHEMBL2034_Ki,1,morgan,xgboost,crem_lime,0.026777499760659587,0.017355512512940097,0.02938202013739273
CHEMBL2034_Ki,1,morgan,xgboost,crem_mean,0.1035740572702874,0.1625991055298794,0.24551374420884056
CHEMBL2034_Ki,1,unimol,mlp,crem_lime,0.23877118546185788,0.3612731063220243,0.526237469784966
CHEMBL2034_Ki,1,unimol,mlp,crem_mean,0.12224189617753399,0.2023328648714242,0.3053595775589775
CHEMBL2034_Ki,1,unimol,xgboost,crem_lime,0.042413308058340406,0.058087918347775054,0.09591171843473845
CHEMBL2034_Ki,1,unimol,xgboost,crem_mean,0.06784176473503846,0.14027057951364252,0.20721716200063045
CHEMBL2034_Ki,3,molformer,mlp,crem_lime,0.09743464591267775,0.2530040899161754,0.3498831694417925
CHEMBL2034_Ki,3,molformer,mlp,crem_mean,0.010169366669943752,0.05390821449158934,0.06043920218564302
CHEMBL2034_Ki,3,molformer,xgboost,crem_lime,0.04754263291157184,0.025628896258050954,0.061310931060892235
CHEMBL2034_Ki,3,molformer,xgboost,crem_mean,0.00557426228537423,0.02270981079030582,0.01871143748964052
CHEMBL2034_Ki,3,morgan,mlp,crem_lime,0.11865301498390281,0.13527562478045188,0.2522241115595277
CHEMBL2034_Ki,3,morgan,mlp,crem_mean,0.050844281083213504,0.07423859478165173,0.12506912067847364
CHEMBL2034_Ki,3,morgan,xgboost,crem_lime,0.07270223387025644,0.07029020549547475,0.02237732598068032
CHEMBL2034_Ki,3,morgan,xgboost,crem_mean,0.028545114431998145,0.014209308359541295,0.014335806072456849
CHEMBL2034_Ki,3,unimol,mlp,crem_lime,0.12609628045709917,0.2073890109517971,0.3157840914143538
CHEMBL2034_Ki,3,unimol,mlp,crem_mean,0.005589232348116487,0.010298524715553078,0.011166316995291145
CHEMBL2034_Ki,3,unimol,xgboost,crem_lime,0.0935408079066249,0.0721589388090898,0.0402451708707882
CHEMBL2034_Ki,3,unimol,xgboost,crem_mean,0.006714884004178533,0.0517475636527753,0.04851685924335746
CHEMBL2034_Ki,8,molformer,mlp,crem_lime,0.05825464672485971,0.41508842882914276,0.4212811085786435
CHEMBL2034_Ki,8,molformer,mlp,crem_mean,0.09353891337470369,0.11674362060819639,0.08505990169363158
CHEMBL2034_Ki,8,molformer,xgboost,crem_lime,0.05663961334857406,0.07307512896453687,0.09918743584062813
CHEMBL2034_Ki,8,molformer,xgboost,crem_mean,0.04215741855295975,0.14310025196150958,0.12592393525425968
CHEMBL2034_Ki,8,morgan,mlp,crem_lime,0.12023372612560852,0.572950214171737,0.49227884980775677
CHEMBL2034_Ki,8,morgan,mlp,crem_mean,0.1393136546196999,0.012881462060451907,0.13476176255424366
CHEMBL2034_Ki,8,morgan,xgboost,crem_lime,0.004614624094863428,0.4137733106691327,0.4109123787685167
CHEMBL2034_Ki,8,morgan,xgboost,crem_mean,0.0013446307508527705,0.14433756729740646,0.14558837479544928
CHEMBL2034_Ki,8,unimol,mlp,crem_lime,0.03475827320725534,0.0,0.03475827320725532
CHEMBL2034_Ki,8,unimol,mlp,crem_mean,0.00827890458075332,0.0,0.008278904580753322
CHEMBL2034_Ki,8,unimol,xgboost,crem_lime,0.19292229679047207,0.30262669514414314,0.4441779357031901
CHEMBL2034_Ki,8,unimol,xgboost,crem_mean,0.1400923447298357,0.1351279124701627,0.1227698922295852
CHEMBL2034_Ki,9,molformer,mlp,crem_lime,0.01152849456641787,0.00961114437119526,0.0031779709295987994
CHEMBL2034_Ki,9,molformer,mlp,crem_mean,0.007881229010534318,0.04943328976454191,0.04625126041056946
CHEMBL2034_Ki,9,molformer,xgboost,crem_lime,0.021502622328513975,0.21724242416332634,0.2383253013802768
CHEMBL2034_Ki,9,molformer,xgboost,crem_mean,0.012838338565112434,0.06570957904332383,0.07769042748539377
CHEMBL2034_Ki,9,morgan,mlp,crem_lime,0.028155818203538366,0.16100021326372432,0.1883284589898266
CHEMBL2034_Ki,9,morgan,mlp,crem_mean,0.03384187852893096,0.0675009368008805,0.0967818178210792
CHEMBL2034_Ki,9,morgan,xgboost,crem_lime,0.010079626689719278,0.32394405288584477,0.33394859462531196
CHEMBL2034_Ki,9,morgan,xgboost,crem_mean,0.01951534672893572,0.21564916566041775,0.2308381883889598
CHEMBL2034_Ki,9,unimol,mlp,crem_lime,0.1516959306026607,0.13871040891050299,0.2902286649295443
CHEMBL2034_Ki,9,unimol,mlp,crem_mean,0.046412254181948866,0.039213453458498505,0.08155069932239463
CHEMBL2034_Ki,9,unimol,xgboost,crem_lime,0.028799409147493356,0.06049507688392092,0.032378260343268024
CHEMBL2034_Ki,9,unimol,xgboost,crem_mean,0.00556504244807689,0.005638274588245053,0.011118624799151527
CHEMBL2034_Ki,16,molformer,mlp,crem_lime,0.02934805947456929,0.035791503885462546,0.05015159895497538
CHEMBL2034_Ki,16,molformer,mlp,crem_mean,0.05479488953000858,0.02228516431650938,0.0768931683930033
CHEMBL2034_Ki,16,molformer,xgboost,crem_lime,0.26228523274855675,0.25317625400551547,0.44111197706358024
CHEMBL2034_Ki,16,molformer,xgboost,crem_mean,0.2526234366367094,0.12099160311583901,0.3261915832586219
CHEMBL2034_Ki,16,morgan,mlp,crem_lime,0.029797236908468847,0.06342257878996078,0.03495694165584726
CHEMBL2034_Ki,16,morgan,mlp,crem_mean,0.01733162470124132,0.04976411966427931,0.035298657366113165
CHEMBL2034_Ki,16,morgan,xgboost,crem_lime,0.002620991830717937,0.09173001461122994,0.09332676751620902
CHEMBL2034_Ki,16,morgan,xgboost,crem_mean,0.007696129729682158,0.14109044132907558,0.1420326801779534
CHEMBL2034_Ki,16,unimol,mlp,crem_lime,0.0976346309084203,0.16543400913163714,0.21168620004045854
CHEMBL2034_Ki,16,unimol,mlp,crem_mean,0.04244646516185616,0.08939645521899468,0.13078566942304481
CHEMBL2034_Ki,16,unimol,xgboost,crem_lime,0.20770891728493399,0.128519895928798,0.28092675056210603
CHEMBL2034_Ki,16,unimol,xgboost,crem_mean,0.1237514014684419,0.02034620790021318,0.10376882515179803
CHEMBL2034_Ki,20,molformer,mlp,crem_lime,0.02262259312462247,0.34365632114966305,0.3648830556367263
CHEMBL2034_Ki,20,molformer,mlp,crem_mean,0.011412642540932641,0.04220396704602524,0.03526304980118498
CHEMBL2034_Ki,20,molformer,xgboost,crem_lime,0.010625795553856777,0.2884142179705305,0.2913419451013699
CHEMBL2034_Ki,20,molformer,xgboost,crem_mean,0.03165297528451892,0.0012661190113807867,0.03103928910169899
CHEMBL2034_Ki,20,morgan,mlp,crem_lime,0.03977675871661884,0.02441069942444585,0.05625061197711637
CHEMBL2034_Ki,20,morgan,mlp,crem_mean,0.008290064955469184,0.024671167741248657,0.024365383921693882
CHEMBL2034_Ki,20,morgan,xgboost,crem_lime,0.20687549124536142,0.02870575036678486,0.23361046999698792
CHEMBL2034_Ki,20,morgan,xgboost,crem_mean,0.09539158357154238,0.00337631736368204,0.09204496363361053
CHEMBL2034_Ki,20,unimol,mlp,crem_lime,0.10295851275735278,0.10057369705584036,0.036163705156714306
CHEMBL2034_Ki,20,unimol,mlp,crem_mean,0.010065004655128133,0.04779019087439269,0.054862465514276794
CHEMBL2034_Ki,20,unimol,xgboost,crem_lime,0.0785006226771878,0.19274080770789756,0.13752807912494652
CHEMBL2034_Ki,20,unimol,xgboost,crem_mean,0.032193494789775366,0.037561530670962524,0.06974804109897421
CHEMBL2034_Ki,31,molformer,mlp,crem_lime,0.32265970713353104,0.24241734201866322,0.5011611528796645
CHEMBL2034_Ki,31,molformer,mlp,crem_mean,0.06843131567574338,0.08492513208295774,0.13433894615987102
CHEMBL2034_Ki,31,molformer,xgboost,crem_lime,0.12307695490068729,0.4467091671730369,0.568005150665624
CHEMBL2034_Ki,31,molformer,xgboost,crem_mean,0.02205861086571196,0.05381263848883077,0.06648026757533453
CHEMBL2034_Ki,31,morgan,mlp,crem_lime,0.31962927323371204,0.11833827155896265,0.43093012113068824
CHEMBL2034_Ki,31,morgan,mlp,crem_mean,0.02488484024094837,0.03917621922546187,0.05618324791220059
CHEMBL2034_Ki,31,morgan,xgboost,crem_lime,0.00846045747041974,0.07240137226168435,0.07980415962238611
CHEMBL2034_Ki,31,morgan,xgboost,crem_mean,0.03501782801415579,0.1485302251190421,0.17842451524240574
CHEMBL2034_Ki,31,unimol,mlp,crem_lime,0.406846138543765,0.31934034056745947,0.0883646290630296
CHEMBL2034_Ki,31,unimol,mlp,crem_mean,0.03690942431519076,0.07028353295996664,0.056436612401697006
CHEMBL2034_Ki,31,unimol,xgboost,crem_lime,0.06782258923596397,0.2384536871716489,0.2378188922503955
CHEMBL2034_Ki,31,unimol,xgboost,crem_mean,0.033831094434396504,0.13822647018724035,0.11627358221972771
CHEMBL2034_Ki,34,molformer,mlp,crem_lime,0.06358713333635244,0.39655409817179554,0.3825439324780616
CHEMBL2034_Ki,34,molformer,mlp,crem_mean,0.06291671930685566,0.2411841280550172,0.18422194832334324
CHEMBL2034_Ki,34,molformer,xgboost,crem_lime,0.014173493947346351,0.24084309482346872,0.255015289761697
CHEMBL2034_Ki,34,molformer,xgboost,crem_mean,0.09411711892583492,0.2891962077796228,0.34277259281665384
CHEMBL2034_Ki,34,morgan,mlp,crem_lime,0.3565528307771148,0.3029597285399436,0.5457470263989629
CHEMBL2034_Ki,34,morgan,mlp,crem_mean,0.28248061736330066,0.23064865419336064,0.3902194409391697
CHEMBL2034_Ki,34,morgan,xgboost,crem_lime,0.00762535699005458,0.22850152181473704,0.2217152477615184
CHEMBL2034_Ki,34,morgan,xgboost,crem_mean,0.0,0.14500034184111904,0.14500034184111904
CHEMBL2034_Ki,34,unimol,mlp,crem_lime,0.044710194636109125,0.1595428801167849,0.14435961289066782
CHEMBL2034_Ki,34,unimol,mlp,crem_mean,0.07742154649545785,0.2848467545719034,0.2196526363585679
CHEMBL2034_Ki,34,unimol,xgboost,crem_lime,0.03576738564257929,0.3838056605829514,0.41210635568907933
CHEMBL2034_Ki,34,unimol,xgboost,crem_mean,0.34600695130553566,0.1269693744217016,0.239165245695183
CHEMBL2034_Ki,36,molformer,mlp,crem_lime,0.07545916058593471,0.2640788276811271,0.3346464537249007
CHEMBL2034_Ki,36,molformer,mlp,crem_mean,0.014216697438035365,0.22185262005454282,0.22719412000068184
CHEMBL2034_Ki,36,molformer,xgboost,crem_lime,0.11577799581966865,0.05809523232309455,0.14075191054521824
CHEMBL2034_Ki,36,molformer,xgboost,crem_mean,0.05002481949645747,0.00823814921661159,0.05826202443145251
CHEMBL2034_Ki,36,morgan,mlp,crem_lime,0.012078089531466349,0.017961717126866075,0.012061531439594627
CHEMBL2034_Ki,36,morgan,mlp,crem_mean,0.08931017407475489,0.09535458633549045,0.012688474143263592
CHEMBL2034_Ki,36,morgan,xgboost,crem_lime,0.0054593589332916845,0.12721543762360363,0.1263910632575003
CHEMBL2034_Ki,36,morgan,xgboost,crem_mean,0.0141184505983275,0.10092597865793264,0.09175732850736892
CHEMBL2034_Ki,36,unimol,mlp,crem_lime,0.054032145570922126,0.2766702215226027,0.3162519457571965
CHEMBL2034_Ki,36,unimol,mlp,crem_mean,0.06484693577838713,0.12119357502521037,0.06683950116983418
CHEMBL2034_Ki,36,unimol,xgboost,crem_lime,0.04241191276540264,0.06698112065041119,0.08411521582177459
CHEMBL2034_Ki,36,unimol,xgboost,crem_mean,0.018150523694633665,0.0695978947078497,0.07160218452232141
CHEMBL2034_Ki,38,molformer,mlp,crem_lime,0.03542390210676047,0.14866283254128934,0.15928407836859756
CHEMBL2034_Ki,38,molformer,mlp,crem_mean,0.07137314149216988,0.16325161975582927,0.20913658569722934
CHEMBL2034_Ki,38,molformer,xgboost,crem_lime,0.23485163456394248,0.2658311017737565,0.2914266390384877
CHEMBL2034_Ki,38,molformer,xgboost,crem_mean,0.1500779564061153,0.04434605386614407,0.13010828352357984
CHEMBL2034_Ki,38,morgan,mlp,crem_lime,0.09831576996870504,0.1953826847829005,0.1165372281789021
CHEMBL2034_Ki,38,morgan,mlp,crem_mean,0.03326361152995819,0.08170426441097207,0.11271831691851338
CHEMBL2034_Ki,38,morgan,xgboost,crem_lime,0.0906344737791302,0.11780021883772233,0.14430252657047926
CHEMBL2034_Ki,38,morgan,xgboost,crem_mean,0.04145262711681083,0.11376592375994805,0.07233710242009544
CHEMBL2034_Ki,38,unimol,mlp,crem_lime,0.02527296081015471,0.14197023336372563,0.14526941517658665
CHEMBL2034_Ki,38,unimol,mlp,crem_mean,0.16688519089668624,0.056200892038499345,0.11130036543685394
CHEMBL2034_Ki,38,unimol,xgboost,crem_lime,0.1360161676407388,0.161925618642991,0.2456679373170785
CHEMBL2034_Ki,38,unimol,xgboost,crem_mean,0.14385345089355717,0.047703110884559974,0.13771952342123292
CHEMBL2034_Ki,41,molformer,mlp,crem_lime,0.12430407736170132,0.18263496446189303,0.2672144846655008
CHEMBL2034_Ki,41,molformer,mlp,crem_mean,0.034045224718798534,0.05508363520257803,0.08845936815980425
CHEMBL2034_Ki,41,molformer,xgboost,crem_lime,0.009235062763849401,0.0468847178238594,0.05537993541514554
CHEMBL2034_Ki,41,molformer,xgboost,crem_mean,0.0009841537721306584,0.008106005885428208,0.008994029531995587
CHEMBL2034_Ki,41,morgan,mlp,crem_lime,0.052733647691637756,0.06500891077006625,0.11404626683672137
CHEMBL2034_Ki,41,morgan,mlp,crem_mean,0.006484804708342566,0.0026063329928267035,0.0038784717155158632
CHEMBL2034_Ki,41,morgan,xgboost,crem_lime,0.041690578332569464,0.05078431637907808,0.03068111533065919
CHEMBL2034_Ki,41,morgan,xgboost,crem_mean,0.0038908828250055288,0.016343347010974604,0.016269963079330704
CHEMBL2034_Ki,41,unimol,mlp,crem_lime,0.056878768396889406,0.2521498612125187,0.24318583423547432
CHEMBL2034_Ki,41,unimol,mlp,crem_mean,0.002107561530211335,0.05618345131048144,0.05829091901127544
CHEMBL2034_Ki,41,unimol,xgboost,crem_lime,0.05259604892698082,0.21861704652114092,0.21973332799889408
CHEMBL2034_Ki,41,unimol,xgboost,crem_mean,0.0038391254886698195,0.06194618532278104,0.05928644557837344
CHEMBL2034_Ki,46,molformer,mlp,crem_lime,0.040494079818204846,0.11554351846302394,0.07984307674203511
CHEMBL2034_Ki,46,molformer,mlp,crem_mean,0.033018672793113095,0.05719861211825098,0.07962205282086492
CHEMBL2034_Ki,46,molformer,xgboost,crem_lime,0.08854955786907504,0.03969754900028839,0.10037032914588369
CHEMBL2034_Ki,46,molformer,xgboost,crem_mean,0.016236354308483955,0.06056886582922976,0.04651480341227982
CHEMBL2034_Ki,46,morgan,mlp,crem_lime,0.005678513946801507,0.22808242065889306,0.229475948364295
CHEMBL2034_Ki,46,morgan,mlp,crem_mean,0.015940123724683394,0.13628860862341255,0.1466642800967289
CHEMBL2034_Ki,46,morgan,xgboost,crem_lime,0.05409946388763671,0.20354100228640332,0.2548702710632164
CHEMBL2034_Ki,46,morgan,xgboost,crem_mean,0.07456000095136191,0.15718679515935446,0.22251581135608664
CHEMBL2034_Ki,46,unimol,mlp,crem_lime,0.16952054837984254,0.09156905483563564,0.2057118160996996
CHEMBL2034_Ki,46,unimol,mlp,crem_mean,0.026574818007681918,0.0703365328410244,0.0940703268299162
CHEMBL2034_Ki,46,unimol,xgboost,crem_lime,0.06450532683345252,0.19446966481036027,0.15088566774007922
CHEMBL2034_Ki,46,unimol,xgboost,crem_mean,0.10235131218784309,0.03998219768128872,0.1121890017380689
CHEMBL2047_EC50,0,molformer,mlp,crem_lime,0.09111831760557934,0.10921253605886114,0.03849012290576085
CHEMBL2047_EC50,0,molformer,mlp,crem_mean,0.029992065011596472,0.025182844602266205,0.0387342697154377
CHEMBL2047_EC50,0,molformer,xgboost,crem_lime,0.09698515577684393,0.0384226565433323,0.13532285648045472
CHEMBL2047_EC50,0,molformer,xgboost,crem_mean,0.06609489899014802,0.02534690410756215,0.08784990409490613
CHEMBL2047_EC50,0,morgan,mlp,crem_lime,0.05573104389262448,0.0357643869913225,0.022418454609128894
CHEMBL2047_EC50,0,morgan,mlp,crem_mean,0.0035503819148777764,0.019441088105031663,0.017643332919967183
CHEMBL2047_EC50,0,morgan,xgboost,crem_lime,0.00443176849525861,0.023206078189535094,0.018806699017269297
CHEMBL2047_EC50,0,morgan,xgboost,crem_mean,0.0032177807757012553,0.017260181506214327,0.01630118284498405
CHEMBL2047_EC50,0,unimol,mlp,crem_lime,0.05530460937474172,0.055868291612375734,0.0361896837949996
CHEMBL2047_EC50,0,unimol,mlp,crem_mean,0.0016754980454948493,0.012508970317990762,0.012762222073882303
CHEMBL2047_EC50,0,unimol,xgboost,crem_lime,0.042076170000733513,0.09633134305420174,0.13774049072126762
CHEMBL2047_EC50,0,unimol,xgboost,crem_mean,0.002233173065047364,0.039154947991046844,0.037541165347215605
CHEMBL2047_EC50,2,molformer,mlp,crem_lime,0.020638738033494863,0.4651940169181345,0.44678721753683226
CHEMBL2047_EC50,2,molformer,mlp,crem_mean,0.11216642378340765,0.2499224709871199,0.21246686266208833
CHEMBL2047_EC50,2,molformer,xgboost,crem_lime,0.003036453655469325,0.1461114802537175,0.14412959720535842
CHEMBL2047_EC50,2,molformer,xgboost,crem_mean,0.0554114847297641,0.11127991026132539,0.07355779499667532
CHEMBL2047_EC50,2,morgan,mlp,crem_lime,0.13523143485532432,0.2087185052461653,0.3429840157512994
CHEMBL2047_EC50,2,morgan,mlp,crem_mean,0.09071333641577346,0.11299415588656328,0.1391403268791924
CHEMBL2047_EC50,2,morgan,xgboost,crem_lime,0.02774987980926569,0.3376216610925203,0.31114462794012815
CHEMBL2047_EC50,2,morgan,xgboost,crem_mean,0.0074160168073407855,0.08116111282407974,0.0769014992926236
CHEMBL2047_EC50,2,unimol,mlp,crem_lime,0.006324977229929818,0.05272531161678565,0.05857218676778946
CHEMBL2047_EC50,2,unimol,mlp,crem_mean,0.029289604652128907,0.06618571778090397,0.0890299144355431
CHEMBL2047_EC50,2,unimol,xgboost,crem_lime,0.07666616673754054,0.23299505666171197,0.24606020236092088
CHEMBL2047_EC50,2,unimol,xgboost,crem_mean,0.12688050430327855,0.14520873687713232,0.020318867285561114
CHEMBL2047_EC50,3,molformer,mlp,crem_lime,0.07948871157773385,0.3784453055374497,0.33425799179961446
CHEMBL2047_EC50,3,molformer,mlp,crem_mean,0.072094518681683,0.10210996580101665,0.08705666582273487
CHEMBL2047_EC50,3,molformer,xgboost,crem_lime,0.20660818068182907,0.20964976954518294,0.3995395363990068
CHEMBL2047_EC50,3,molformer,xgboost,crem_mean,0.021106981921786578,0.05011271019300069,0.029036426111484617
CHEMBL2047_EC50,3,morgan,mlp,crem_lime,0.025679978832464204,0.10583001690005685,0.09648240801073213
CHEMBL2047_EC50,3,morgan,mlp,crem_mean,0.007965497873484493,0.04559071480826565,0.03774100477944444
CHEMBL2047_EC50,3,morgan,xgboost,crem_lime,0.046008306477649565,0.030389231221227768,0.0752863467996645
CHEMBL2047_EC50,3,morgan,xgboost,crem_mean,0.003999259329019527,0.02537441247733538,0.026711330442554852
CHEMBL2047_EC50,3,unimol,mlp,crem_lime,0.1605926729490728,0.2510327372179743,0.13338491048428644
CHEMBL2047_EC50,3,unimol,mlp,crem_mean,0.03334295383236915,0.18068680410882756,0.1651463490960473
CHEMBL2047_EC50,3,unimol,xgboost,crem_lime,0.3227567626654332,0.4979149481322038,0.4606400058872496
CHEMBL2047_EC50,3,unimol,xgboost,crem_mean,0.20697052996278903,0.07448402506729204,0.27502360068831183
CHEMBL2047_EC50,5,molformer,mlp,crem_lime,0.113413684313255,0.007539239786696637,0.11862324175966749
CHEMBL2047_EC50,5,molformer,mlp,crem_mean,0.023548908141133935,0.09054085146175929,0.08332772086180085
CHEMBL2047_EC50,5,molformer,xgboost,crem_lime,0.10951353890140794,0.04879758298677422,0.13728931706986
CHEMBL2047_EC50,5,molformer,xgboost,crem_mean,0.01878930790196232,0.07986939814967783,0.09375809277176621
CHEMBL2047_EC50,5,morgan,mlp,crem_lime,0.015741274938840772,0.23765498390817175,0.25073580195743167
CHEMBL2047_EC50,5,morgan,mlp,crem_mean,0.0016977949355200422,0.08056128378504401,0.07891759077382472
CHEMBL2047_EC50,5,morgan,xgboost,crem_lime,0.0011720854085725632,0.24825105791522115,0.2482429688816162
CHEMBL2047_EC50,5,morgan,xgboost,crem_mean,0.0030814747401754724,0.14649643823509825,0.14749364441247137
CHEMBL2047_EC50,5,unimol,mlp,crem_lime,0.0894032987689533,0.17541107319413507,0.263951604810034
CHEMBL2047_EC50,5,unimol,mlp,crem_mean,0.002861033827671387,0.02501272597668259,0.022313907526388885
CHEMBL2047_EC50,5,unimol,xgboost,crem_lime,0.09510022582764557,0.0970898347519051,0.19020505362590556
CHEMBL2047_EC50,5,unimol,xgboost,crem_mean,0.01918153881044913,0.034073429233954886,0.047598645752857154
CHEMBL2047_EC50,8,molformer,mlp,crem_lime,0.06533314378135213,0.01438292702830965,0.060758962692438495
CHEMBL2047_EC50,8,molformer,mlp,crem_mean,0.0021377354724703827,0.0006302794460659405,0.0017261401427691688
CHEMBL2047_EC50,8,molformer,xgboost,crem_lime,0.2273505045612512,0.05360783609493407,0.25141065393792306
CHEMBL2047_EC50,8,molformer,xgboost,crem_mean,0.0015374319507655203,0.0018527097030907372,0.002868528040540421
CHEMBL2047_EC50,8,morgan,mlp,crem_lime,0.19821603552312353,0.23716946029177782,0.4349941384439624
CHEMBL2047_EC50,8,morgan,mlp,crem_mean,0.0023609523343688784,0.0008985210321854384,0.0016989123924648214
CHEMBL2047_EC50,8,morgan,xgboost,crem_lime,0.003191342036646225,0.04477226825475082,0.04794351616072522
CHEMBL2047_EC50,8,morgan,xgboost,crem_mean,0.00010300770613012529,0.005375423335909211,0.0053461103504470414
CHEMBL2047_EC50,8,unimol,mlp,crem_lime,0.013744383644207733,0.05166145607068206,0.03961052994832501
CHEMBL2047_EC50,8,unimol,mlp,crem_mean,0.00015238818222444435,0.023186995866112673,0.023154863379323647
CHEMBL2047_EC50,8,unimol,xgboost,crem_lime,0.21624526762295826,0.46452361286238547,0.25268954432361745
CHEMBL2047_EC50,8,unimol,xgboost,crem_mean,0.0006560541197319774,0.01018284662673156,0.009852578825593046
CHEMBL2047_EC50,13,molformer,mlp,crem_lime,0.0311762805392599,0.08452973962841287,0.0668093633524652
CHEMBL2047_EC50,13,molformer,mlp,crem_mean,0.1593665626447107,0.25633294711101523,0.1266530402969839
CHEMBL2047_EC50,13,molformer,xgboost,crem_lime,0.060186983697479594,0.088810175711239,0.11946340283035208
CHEMBL2047_EC50,13,molformer,xgboost,crem_mean,0.12450127864058225,0.10032070316292652,0.17881844715243986
CHEMBL2047_EC50,13,morgan,mlp,crem_lime,0.028986024075247273,0.2552354782989545,0.24788531496685515
CHEMBL2047_EC50,13,morgan,mlp,crem_mean,0.08621064800608405,0.07763172779955137,0.16383505547350194
CHEMBL2047_EC50,13,morgan,xgboost,crem_lime,0.048695835208053956,0.051086672519334124,0.040804005005882146
CHEMBL2047_EC50,13,morgan,xgboost,crem_mean,0.018277825070447146,0.14472815182820728,0.12816318538250718
CHEMBL2047_EC50,13,unimol,mlp,crem_lime,0.004821455946653986,0.09362952398734412,0.09436357013594864
CHEMBL2047_EC50,13,unimol,mlp,crem_mean,0.05776644897898787,0.17621991666639117,0.22331486136850173
CHEMBL2047_EC50,13,unimol,xgboost,crem_lime,0.04668683624483965,0.013061269658317406,0.05609906379327697
CHEMBL2047_EC50,13,unimol,xgboost,crem_mean,0.07112762638359839,0.02262151774313546,0.05148272408390606
CHEMBL2047_EC50,17,molformer,mlp,crem_lime,0.020271709878301368,0.25882592656899456,0.2650364586001402
CHEMBL2047_EC50,17,molformer,mlp,crem_mean,0.042516746828072986,0.08844360902221036,0.11791085234181811
CHEMBL2047_EC50,17,molformer,xgboost,crem_lime,0.20952911733820148,0.10461793159588981,0.1112710489825706
CHEMBL2047_EC50,17,molformer,xgboost,crem_mean,0.05102862089148888,0.111130469309145,0.16194671271491815
CHEMBL2047_EC50,17,morgan,mlp,crem_lime,0.09914173789080688,0.11013489973590218,0.18643319192409757
CHEMBL2047_EC50,17,morgan,mlp,crem_mean,0.007403183404170404,0.06494387360397884,0.06575305111777618
CHEMBL2047_EC50,17,morgan,xgboost,crem_lime,0.05167071215803027,0.2709190091004559,0.22535059118788292
CHEMBL2047_EC50,17,morgan,xgboost,crem_mean,0.03146269740544144,0.13745130280193413,0.10915204374273568
CHEMBL2047_EC50,17,unimol,mlp,crem_lime,0.039453979394778856,0.20478283185121743,0.2251827484213648
CHEMBL2047_EC50,17,unimol,mlp,crem_mean,0.18671072165713062,0.13076436010428336,0.30766502574016036
CHEMBL2047_EC50,17,unimol,xgboost,crem_lime,0.11808918214487418,0.1903088206515689,0.2695119602790064
CHEMBL2047_EC50,17,unimol,xgboost,crem_mean,0.12132421714703615,0.09447431533604185,0.02740961255406067
CHEMBL2047_EC50,19,molformer,mlp,crem_lime,0.0920358773647519,0.19830015417018373,0.22655963705886206
CHEMBL2047_EC50,19,molformer,mlp,crem_mean,0.04643437900394797,0.022743213392849532,0.06903131264609191
CHEMBL2047_EC50,19,molformer,xgboost,crem_lime,0.09181253501434125,0.13290479527298418,0.21439435207130952
CHEMBL2047_EC50,19,molformer,xgboost,crem_mean,0.021665299448832127,0.03130520316880618,0.030416808411848854
CHEMBL2047_EC50,19,morgan,mlp,crem_lime,0.16994826324267956,0.23922613368408116,0.2259283077223323
CHEMBL2047_EC50,19,morgan,mlp,crem_mean,0.10179136866243504,0.09885840938995194,0.1417283822295396
CHEMBL2047_EC50,19,morgan,xgboost,crem_lime,0.007023093605539642,0.2672181653822269,0.27234734822338075
CHEMBL2047_EC50,19,morgan,xgboost,crem_mean,0.07211045350324125,0.13490483353540023,0.12109849770604394
CHEMBL2047_EC50,19,unimol,mlp,crem_lime,0.07074462956340781,0.21505821839107447,0.16012095858764713
CHEMBL2047_EC50,19,unimol,mlp,crem_mean,0.0791351732269428,0.012647992916466283,0.07364913723611148
CHEMBL2047_EC50,19,unimol,xgboost,crem_lime,0.1170569130022657,0.07973700493897594,0.04100657243969951
CHEMBL2047_EC50,19,unimol,xgboost,crem_mean,0.02298672513503834,0.04968455271581869,0.06526293666156978
CHEMBL2047_EC50,30,molformer,mlp,crem_lime,0.1895199977150624,0.09520209842226073,0.1710411274472571
CHEMBL2047_EC50,30,molformer,mlp,crem_mean,0.024618574796481055,0.08995475590565415,0.10061640978074832
CHEMBL2047_EC50,30,molformer,xgboost,crem_lime,0.14484807153280302,0.11124533588476251,0.0637250207879541
CHEMBL2047_EC50,30,molformer,xgboost,crem_mean,0.1376780728475096,0.15316068899798024,0.2828006781714158
CHEMBL2047_EC50,30,morgan,mlp,crem_lime,0.06552457606103738,0.1564794095972631,0.14897200945025213
CHEMBL2047_EC50,30,morgan,mlp,crem_mean,0.05705219230633693,0.18296757474015607,0.14758315164485786
CHEMBL2047_EC50,30,morgan,xgboost,crem_lime,0.03328634564875121,0.14198958663391495,0.11028519491591224
CHEMBL2047_EC50,30,morgan,xgboost,crem_mean,0.01533245931139512,0.0728799356621168,0.06174821949303978
CHEMBL2047_EC50,30,unimol,mlp,crem_lime,0.02859429835620672,0.136636412693314,0.10812263887386074
CHEMBL2047_EC50,30,unimol,mlp,crem_mean,0.05129320407956394,0.06299956718308007,0.03385506043074981
CHEMBL2047_EC50,30,unimol,xgboost,crem_lime,0.03888000194030593,0.07372718886222755,0.10241846392499682
CHEMBL2047_EC50,30,unimol,xgboost,crem_mean,0.02093228522299036,0.08337814020338,0.08344246422972516
CHEMBL2047_EC50,31,molformer,mlp,crem_lime,0.0376274659664734,0.3521147953967524,0.3545913625534838
CHEMBL2047_EC50,31,molformer,mlp,crem_mean,0.1435431306340539,0.21666442964923904,0.2526118033742249
CHEMBL2047_EC50,31,molformer,xgboost,crem_lime,0.020461740796985255,0.14042558814218656,0.15026333222366
CHEMBL2047_EC50,31,molformer,xgboost,crem_mean,0.05110062323063634,0.08030914406397514,0.1264272862859446
CHEMBL2047_EC50,31,morgan,mlp,crem_lime,0.14415697530633878,0.40428302862128834,0.2686816575415916
CHEMBL2047_EC50,31,morgan,mlp,crem_mean,0.06116915745372638,0.2626832896144748,0.23469948107825633
CHEMBL2047_EC50,31,morgan,xgboost,crem_lime,0.16784585357171594,0.38353190026305034,0.5510455585823997
CHEMBL2047_EC50,31,morgan,xgboost,crem_mean,0.09061517456985098,0.2601762768779786,0.35038345203646953
CHEMBL2047_EC50,31,unimol,mlp,crem_lime,0.06276805313897768,0.24341862271600612,0.30251142190849395
CHEMBL2047_EC50,31,unimol,mlp,crem_mean,0.06510330035045782,0.1594124518685823,0.22357397545179378
CHEMBL2047_EC50,31,unimol,xgboost,crem_lime,0.2018193681947658,0.4423519855625117,0.441870862237963
CHEMBL2047_EC50,31,unimol,xgboost,crem_mean,0.16571211583426707,0.20237749676498965,0.16909993107984853
CHEMBL204_Ki,0,molformer,mlp,crem_lime,0.2783073029844431,0.18609293061879104,0.42320541134131423
CHEMBL204_Ki,0,molformer,mlp,crem_mean,0.06855231782415099,0.03789022830198122,0.05165094707060458
CHEMBL204_Ki,0,molformer,xgboost,crem_lime,0.05560850357947625,0.20236959365914534,0.20733226766324928
CHEMBL204_Ki,0,molformer,xgboost,crem_mean,0.01783517677763335,0.09132526108228188,0.10490212857266623
CHEMBL204_Ki,0,morgan,mlp,crem_lime,0.10565806065256884,0.20089181981374163,0.19474319482583657
CHEMBL204_Ki,0,morgan,mlp,crem_mean,0.041089936013463474,0.15850785968807785,0.19893488536761136
CHEMBL204_Ki,0,morgan,xgboost,crem_lime,0.025927713205307224,0.31910005620080484,0.2950454959784261
CHEMBL204_Ki,0,morgan,xgboost,crem_mean,0.020180423577854475,0.137326385896519,0.13162603733296976
CHEMBL204_Ki,0,unimol,mlp,crem_lime,0.17379378774094661,0.07823401607040537,0.15719236435295553
CHEMBL204_Ki,0,unimol,mlp,crem_mean,0.16352457485838368,0.030971620433885502,0.14131669776476954
CHEMBL204_Ki,0,unimol,xgboost,crem_lime,0.38163272824807354,0.2532663814346999,0.5660732838015528
CHEMBL204_Ki,0,unimol,xgboost,crem_mean,0.06593485013729351,0.08347584705015684,0.04403311769239014
CHEMBL204_Ki,4,molformer,mlp,crem_lime,0.1315587933088585,0.25282163397745244,0.3274766566478611
CHEMBL204_Ki,4,molformer,mlp,crem_mean,0.07102800487731156,0.11596206290888815,0.17318409278518335
CHEMBL204_Ki,4,molformer,xgboost,crem_lime,0.18436026994172924,0.15095046107760032,0.2367938068713487
CHEMBL204_Ki,4,molformer,xgboost,crem_mean,0.14094341893312923,0.187596411244173,0.23789262932634558
CHEMBL204_Ki,4,morgan,mlp,crem_lime,0.11978324716041036,0.13422245882496925,0.018806508982911575
CHEMBL204_Ki,4,morgan,mlp,crem_mean,0.020718666914137387,0.06349575040512112,0.04313769216897569
CHEMBL204_Ki,4,morgan,xgboost,crem_lime,0.021319260592454488,0.34072865816956277,0.3434288587982196
CHEMBL204_Ki,4,morgan,xgboost,crem_mean,0.00373510270107137,0.2110633181052647,0.21263726249572762
CHEMBL204_Ki,4,unimol,mlp,crem_lime,0.20882464524957492,0.219796613877551,0.4270333010115488
CHEMBL204_Ki,4,unimol,mlp,crem_mean,0.07561899702940146,0.14901063789325697,0.19921809035861263
CHEMBL204_Ki,4,unimol,xgboost,crem_lime,0.15196607162945447,0.16673122390961245,0.2612391537878841
CHEMBL204_Ki,4,unimol,xgboost,crem_mean,0.009111249496795188,0.21806153200825085,0.20904780122079772
CHEMBL204_Ki,16,molformer,mlp,crem_lime,0.09682491177513161,0.3136738248967272,0.21926099271058774
CHEMBL204_Ki,16,molformer,mlp,crem_mean,0.013895659340664647,0.02575513960095295,0.039649311364899686
CHEMBL204_Ki,16,molformer,xgboost,crem_lime,0.09780321833071864,0.15371268886773579,0.21859010782658697
CHEMBL204_Ki,16,molformer,xgboost,crem_mean,0.06722809730665362,0.05933933343326202,0.06074443968456192
CHEMBL204_Ki,16,morgan,mlp,crem_lime,0.29739456524364644,0.23299344659423127,0.09869212309776224
CHEMBL204_Ki,16,morgan,mlp,crem_mean,0.028146679983228413,0.20159669846853887,0.18957677973943393
CHEMBL204_Ki,16,morgan,xgboost,crem_lime,0.031022544611528296,0.23528305108970193,0.21243893445770456
CHEMBL204_Ki,16,morgan,xgboost,crem_mean,0.006249487261188871,0.20412312796918236,0.1992717135905525
CHEMBL204_Ki,16,unimol,mlp,crem_lime,0.1310110015248113,0.19215426558602194,0.28976248956389394
CHEMBL204_Ki,16,unimol,mlp,crem_mean,0.0987657725211888,0.1356641972427091,0.15524259282033345
CHEMBL204_Ki,16,unimol,xgboost,crem_lime,0.04436006155464786,0.06302624341740773,0.04517717496042237
CHEMBL204_Ki,16,unimol,xgboost,crem_mean,0.08697327927048956,0.010933076852686904,0.09648551300788762
CHEMBL204_Ki,17,molformer,mlp,crem_lime,0.15144874142926468,0.1662895115010087,0.24472536978115364
CHEMBL204_Ki,17,molformer,mlp,crem_mean,0.08259608344034573,0.11246523322204081,0.1950079179800917
CHEMBL204_Ki,17,molformer,xgboost,crem_lime,0.21408485741368985,0.18840336331482682,0.03368242854773702
CHEMBL204_Ki,17,molformer,xgboost,crem_mean,0.028753706370900675,0.04432048592410836,0.015710651251788183
CHEMBL204_Ki,17,morgan,mlp,crem_lime,0.12517216453561442,0.24367215045397167,0.25964280096909637
CHEMBL204_Ki,17,morgan,mlp,crem_mean,0.07070998676240264,0.05917916284122141,0.06336143600526357
CHEMBL204_Ki,17,morgan,xgboost,crem_lime,0.08765604596163427,0.07181421868129875,0.15537566479164455
CHEMBL204_Ki,17,morgan,xgboost,crem_mean,0.008098097818009683,0.07690862584010225,0.0811860626212535
CHEMBL204_Ki,17,unimol,mlp,crem_lime,0.09385847420207145,0.3019538854233332,0.345163576051421
CHEMBL204_Ki,17,unimol,mlp,crem_mean,0.08887031376279242,0.14144706566827733,0.13581527257835235
CHEMBL204_Ki,17,unimol,xgboost,crem_lime,0.07315105188278,0.03492938659579353,0.10061211354022316
CHEMBL204_Ki,17,unimol,xgboost,crem_mean,0.049437750504059325,0.07191774291331265,0.023544269982492812
CHEMBL204_Ki,20,molformer,mlp,crem_lime,0.14404907920614207,0.09712508462545658,0.10095838774357445
CHEMBL204_Ki,20,molformer,mlp,crem_mean,0.2874497605089104,0.19191091025994103,0.18202661277739055
CHEMBL204_Ki,20,molformer,xgboost,crem_lime,0.008278589621055422,0.005189445178783281,0.0041055128488538244
CHEMBL204_Ki,20,molformer,xgboost,crem_mean,0.08335302992041502,0.0705208984942002,0.09356972503305457
CHEMBL204_Ki,20,morgan,mlp,crem_lime,0.04101497637347719,0.29351016930587964,0.2625658747658606
CHEMBL204_Ki,20,morgan,mlp,crem_mean,0.08515498232575723,0.3539811041711944,0.2688953802470487
CHEMBL204_Ki,20,morgan,xgboost,crem_lime,0.011884626140443838,0.17160361093360404,0.16172993668088786
CHEMBL204_Ki,20,morgan,xgboost,crem_mean,0.021503718041822342,0.13190612659000328,0.11932925557260252
CHEMBL204_Ki,20,unimol,mlp,crem_lime,0.05299319173969302,0.12267519192766037,0.08021582240829582
CHEMBL204_Ki,20,unimol,mlp,crem_mean,0.10644800457260051,0.129144497300008,0.03409699515395531
CHEMBL204_Ki,20,unimol,xgboost,crem_lime,0.027655196910816564,0.0942226878366013,0.1094831114322293
CHEMBL204_Ki,20,unimol,xgboost,crem_mean,0.05925217804469713,0.04892789506573867,0.08089274184142284
CHEMBL204_Ki,23,molformer,mlp,crem_lime,0.02611835610348315,0.011235707123574532,0.014882987464095523
CHEMBL204_Ki,23,molformer,mlp,crem_mean,0.0071296013153819525,0.05794932033487115,0.06317377635970062
CHEMBL204_Ki,23,molformer,xgboost,crem_lime,0.04794922198620722,0.0545195574594845,0.04505079872019704
CHEMBL204_Ki,23,molformer,xgboost,crem_mean,0.029941112613541983,0.010017783811771758,0.03459707671700019
CHEMBL204_Ki,23,morgan,mlp,crem_lime,0.05325285357637119,0.01986651671255647,0.033655266080054425
CHEMBL204_Ki,23,morgan,mlp,crem_mean,0.014316826288716222,0.011086433062444724,0.019907176180589275
CHEMBL204_Ki,23,morgan,xgboost,crem_lime,0.01469083811192163,0.33465540424640294,0.32709596871922797
CHEMBL204_Ki,23,morgan,xgboost,crem_mean,0.011320743471199017,0.09473833873727365,0.09876372985879994
CHEMBL204_Ki,23,unimol,mlp,crem_lime,0.045424978495341425,0.042168860104261414,0.08070316715318464
CHEMBL204_Ki,23,unimol,mlp,crem_mean,0.008567205174500506,0.04297298126599058,0.036075722659637106
CHEMBL204_Ki,23,unimol,xgboost,crem_lime,0.10306532474669058,0.03279119719440312,0.08779657278869185
CHEMBL204_Ki,23,unimol,xgboost,crem_mean,0.0890924637652005,0.061416561395438204,0.0316316500012063
CHEMBL204_Ki,24,molformer,mlp,crem_lime,0.07722078373139107,0.13933822569313045,0.19712900936363068
CHEMBL204_Ki,24,molformer,mlp,crem_mean,0.22970076866859182,0.08668648643260832,0.14859898162496674
CHEMBL204_Ki,24,molformer,xgboost,crem_lime,0.16233217616935033,0.15550924830460847,0.2913660947617585
CHEMBL204_Ki,24,molformer,xgboost,crem_mean,0.05775975447047951,0.12431894487904477,0.12918091091991535
CHEMBL204_Ki,24,morgan,mlp,crem_lime,0.15819855085695325,0.3758100351780524,0.5092793860030617
CHEMBL204_Ki,24,morgan,mlp,crem_mean,0.2188409721877366,0.22566577721441752,0.44375530557844167
CHEMBL204_Ki,24,morgan,xgboost,crem_lime,0.06844706277591774,0.34432160393334266,0.40658854120592736
CHEMBL204_Ki,24,morgan,xgboost,crem_mean,0.01251915296573864,0.08969393322252103,0.10017214547541023
CHEMBL204_Ki,24,unimol,mlp,crem_lime,0.13317741321658694,0.31884894038624684,0.2248241305372489
CHEMBL204_Ki,24,unimol,mlp,crem_mean,0.0282755782416876,0.184715094454208,0.20460271108557926
CHEMBL204_Ki,24,unimol,xgboost,crem_lime,0.062225654363091895,0.19033797817631307,0.2503160413524231
CHEMBL204_Ki,24,unimol,xgboost,crem_mean,0.01760122808789158,0.2088453760808018,0.19452866345297704
CHEMBL204_Ki,31,molformer,mlp,crem_lime,0.04822011223102219,0.15209302174452954,0.18805452472029927
CHEMBL204_Ki,31,molformer,mlp,crem_mean,0.06641682042292779,0.10852415169765858,0.04475420693513457
CHEMBL204_Ki,31,molformer,xgboost,crem_lime,0.10402290758809118,0.1279927928272405,0.22657544215263764
CHEMBL204_Ki,31,molformer,xgboost,crem_mean,0.2731166118187249,0.17137352238527065,0.44230079456878096
CHEMBL204_Ki,31,morgan,mlp,crem_lime,0.11136226433587974,0.11729697636381761,0.18314965720144716
CHEMBL204_Ki,31,morgan,mlp,crem_mean,0.0733651198755779,0.2210448820007287,0.27318112383184395
CHEMBL204_Ki,31,morgan,xgboost,crem_lime,0.00946338180843763,0.2653683209684483,0.2714980482625537
CHEMBL204_Ki,31,morgan,xgboost,crem_mean,0.016740080522267557,0.09672486719111595,0.0940342129065156
CHEMBL204_Ki,31,unimol,mlp,crem_lime,0.06968178997131419,0.08268327915482014,0.14023607448183548
CHEMBL204_Ki,31,unimol,mlp,crem_mean,0.029222011610377227,0.07991185630398215,0.10883600693767763
CHEMBL204_Ki,31,unimol,xgboost,crem_lime,0.0705406853805798,0.24267549121379178,0.3118652782395659
CHEMBL204_Ki,31,unimol,xgboost,crem_mean,0.0754528455056498,0.05368137784753164,0.12685212364626464
CHEMBL204_Ki,32,molformer,mlp,crem_lime,0.05145292948018303,0.08470485304503989,0.13614596330220818
CHEMBL204_Ki,32,molformer,mlp,crem_mean,0.049610732844497255,0.04263249227111234,0.07344505505396286
CHEMBL204_Ki,32,molformer,xgboost,crem_lime,0.02657199875127598,0.0043605817358840695,0.026036394120948977
CHEMBL204_Ki,32,molformer,xgboost,crem_mean,0.06303767756789344,0.18107497650372212,0.15585148367491816
CHEMBL204_Ki,32,morgan,mlp,crem_lime,0.17780359055400466,0.5378536451358369,0.4546032451436742
CHEMBL204_Ki,32,morgan,mlp,crem_mean,0.0380065006103121,0.21264312751778447,0.17536632595751614
CHEMBL204_Ki,32,morgan,xgboost,crem_lime,0.00394638714532746,0.051439120665749495,0.047727033053875496
CHEMBL204_Ki,32,morgan,xgboost,crem_mean,0.04247877062141424,0.19883236311377417,0.22221287460952988
CHEMBL204_Ki,32,unimol,mlp,crem_lime,0.02097124035353661,0.026578932993261875,0.04619989224898236
CHEMBL204_Ki,32,unimol,mlp,crem_mean,0.17099311039778972,0.11661209895938839,0.2689846680526323
CHEMBL204_Ki,32,unimol,xgboost,crem_lime,0.02063312331044967,0.10437634938015199,0.10615819695668495
CHEMBL204_Ki,32,unimol,xgboost,crem_mean,0.016062172166766347,0.19085399060334982,0.20411672003662348
CHEMBL204_Ki,33,molformer,mlp,crem_lime,0.16118948576935072,0.08815143734832835,0.1655720061350748
CHEMBL204_Ki,33,molformer,mlp,crem_mean,0.0369966214673718,0.012106051124508011,0.045744717739886934
CHEMBL204_Ki,33,molformer,xgboost,crem_lime,0.22952550072411831,0.09620761779640108,0.13894071059397234
CHEMBL204_Ki,33,molformer,xgboost,crem_mean,0.017320508075688718,0.04369491810003301,0.04095641202486385
CHEMBL204_Ki,33,morgan,mlp,crem_lime,0.05614869734344073,0.2558851645213228,0.23466163533461176
CHEMBL204_Ki,33,morgan,mlp,crem_mean,0.015588457268119837,0.04010403138505316,0.028571547618799605
CHEMBL204_Ki,33,morgan,xgboost,crem_lime,0.05706676057708114,0.021733100880499706,0.056508134353385475
CHEMBL204_Ki,33,morgan,xgboost,crem_mean,0.006495190528383289,0.0,0.006495190528383289
CHEMBL204_Ki,33,unimol,mlp,crem_lime,0.22438971653728945,0.12205231911352739,0.2902759479064681
CHEMBL204_Ki,33,unimol,mlp,crem_mean,0.0009106048000798408,0.0015428342313952164,0.0024527560817771106
CHEMBL204_Ki,33,unimol,xgboost,crem_lime,0.027508108035888643,0.10572849587440027,0.12936539532754407
CHEMBL204_Ki,33,unimol,xgboost,crem_mean,0.002001699957807939,0.031224989991991952,0.03294594624759859
CHEMBL204_Ki,34,molformer,mlp,crem_lime,0.0830186165599046,0.050867156392898155,0.033897687797017496
CHEMBL204_Ki,34,molformer,mlp,crem_mean,0.01815335117538196,0.013777328275413048,0.031514203087348494
CHEMBL204_Ki,34,molformer,xgboost,crem_lime,0.262550670776269,0.20604207272457545,0.07126956380892949
CHEMBL204_Ki,34,molformer,xgboost,crem_mean,0.02875973835270437,0.2139569607258569,0.1950928073928064
CHEMBL204_Ki,34,morgan,mlp,crem_lime,0.059365837156409466,0.05575533463926313,0.11402277826675788
CHEMBL204_Ki,34,morgan,mlp,crem_mean,0.00887690489593466,0.13180077987475664,0.1394259872195604
CHEMBL204_Ki,34,morgan,xgboost,crem_lime,0.01707872988554379,0.04678906150743194,0.0638518530252093
CHEMBL204_Ki,34,morgan,xgboost,crem_mean,0.002856793803314735,0.005718835402204622,0.0043082419357554705
CHEMBL204_Ki,34,unimol,mlp,crem_lime,0.18140189826899186,0.10614058757240401,0.20348610858187827
CHEMBL204_Ki,34,unimol,mlp,crem_mean,0.16917297472694748,0.08816639528776994,0.23614559771203722
CHEMBL204_Ki,34,unimol,xgboost,crem_lime,0.012378400385892729,0.027321476114907633,0.03763677627195871
CHEMBL204_Ki,34,unimol,xgboost,crem_mean,0.03306573231511672,0.08511942850960857,0.05223789314861565
CHEMBL204_Ki,35,molformer,mlp,crem_lime,0.05649611436414285,0.19155916712298807,0.23321004810087523
CHEMBL204_Ki,35,molformer,mlp,crem_mean,0.027063293868263578,0.030665203770415046,0.021053885399774156
CHEMBL204_Ki,35,molformer,xgboost,crem_lime,0.06657646105645877,0.06318741107953756,0.08840762349440376
CHEMBL204_Ki,35,molformer,xgboost,crem_mean,0.011477392027159543,0.07613834775430463,0.07337236218850827
CHEMBL204_Ki,35,morgan,mlp,crem_lime,0.026085122032679087,0.12884057353404282,0.11519935059641659
CHEMBL204_Ki,35,morgan,mlp,crem_mean,0.07533417375396462,0.14261772070165585,0.2176955928167539
CHEMBL204_Ki,35,morgan,xgboost,crem_lime,0.01921156506249941,0.054499242376152834,0.06167903017788142
CHEMBL204_Ki,35,morgan,xgboost,crem_mean,0.01815284429980476,0.02405626121623431,0.036673137637382315
CHEMBL204_Ki,35,unimol,mlp,crem_lime,0.11399822689012741,0.3476065374272804,0.23381892846723076
CHEMBL204_Ki,35,unimol,mlp,crem_mean,0.11256254248367228,0.1091615601744968,0.12908872616985503
CHEMBL204_Ki,35,unimol,xgboost,crem_lime,0.12862567968276842,0.3032312276675759,0.23519030924263543
CHEMBL204_Ki,35,unimol,xgboost,crem_mean,0.025603359807166333,0.08797088450076654,0.1053647238852301
CHEMBL204_Ki,38,molformer,mlp,crem_lime,0.13564732212430608,0.1096520790122383,0.22331683968404195
CHEMBL204_Ki,38,molformer,mlp,crem_mean,0.005774607654789002,0.022687574398700398,0.02405934937281731
CHEMBL204_Ki,38,molformer,xgboost,crem_lime,0.1079562141373184,0.3083536996164755,0.3930192910459994
CHEMBL204_Ki,38,molformer,xgboost,crem_mean,0.007210678112145818,0.0779047369385158,0.07202916940366151
CHEMBL204_Ki,38,morgan,mlp,crem_lime,0.12515987681828733,0.16506985278561176,0.2124577941435499
CHEMBL204_Ki,38,morgan,mlp,crem_mean,0.013299897574125209,0.0703172402698968,0.08198466745345115
CHEMBL204_Ki,38,morgan,xgboost,crem_lime,0.025549355703723266,0.14215477585460856,0.11757571034001274
CHEMBL204_Ki,38,morgan,xgboost,crem_mean,0.0,0.031667372624447764,0.031667372624447764
CHEMBL204_Ki,38,unimol,mlp,crem_lime,0.031705163288518225,0.17019627831185585,0.14010406559927374
CHEMBL204_Ki,38,unimol,mlp,crem_mean,0.003557605793729612,0.07928042155519581,0.07633507239030822
CHEMBL204_Ki,38,unimol,xgboost,crem_lime,0.05589177819698274,0.3125167415493578,0.338463681556196
CHEMBL204_Ki,38,unimol,xgboost,crem_mean,0.013660878922283072,0.03661033217939846,0.03807563086510768
CHEMBL204_Ki,39,molformer,mlp,crem_lime,0.13698311595321955,0.21626180751359114,0.21270328177009884
CHEMBL204_Ki,39,molformer,mlp,crem_mean,0.0479471700788622,0.24994524183583086,0.2953655061259506
CHEMBL204_Ki,39,molformer,xgboost,crem_lime,0.027006573792087447,0.20810627034674675,0.18179846978707107
CHEMBL204_Ki,39,molformer,xgboost,crem_mean,0.044008723310942584,0.10201778065952392,0.12975099191803463
CHEMBL204_Ki,39,morgan,mlp,crem_lime,0.07111040203026929,0.10226571733036238,0.046187072705906815
CHEMBL204_Ki,39,morgan,mlp,crem_mean,0.12277405574803196,0.14543790695128583,0.09026533414379966
CHEMBL204_Ki,39,morgan,xgboost,crem_lime,0.12798664669058532,0.12424897788489679,0.18362753006862167
CHEMBL204_Ki,39,morgan,xgboost,crem_mean,0.08962857936387776,0.01687001131997916,0.10643360684536407
CHEMBL204_Ki,39,unimol,mlp,crem_lime,0.100039724572452,0.24603288968390905,0.21658748132893613
CHEMBL204_Ki,39,unimol,mlp,crem_mean,0.06718983699433685,0.29313504829747405,0.22602007348569114
CHEMBL204_Ki,39,unimol,xgboost,crem_lime,0.10318968801290755,0.2882988759899941,0.24225068922765103
CHEMBL204_Ki,39,unimol,xgboost,crem_mean,0.1298607155661282,0.2976129786278298,0.20657921266687473
CHEMBL204_Ki,41,molformer,mlp,crem_lime,0.017801621601846916,0.09825213853892215,0.11006757650490917
CHEMBL204_Ki,41,molformer,mlp,crem_mean,0.0,0.004890442138687238,0.004890442138687238
CHEMBL204_Ki,41,molformer,xgboost,crem_lime,0.01140366520544608,0.11080410819630537,0.10530160793411157
CHEMBL204_Ki,41,molformer,xgboost,crem_mean,0.002802912672918261,0.031099761121888645,0.032098594285574
CHEMBL204_Ki,41,morgan,mlp,crem_lime,0.04235535568136243,0.12020937835718243,0.08443818629651714
CHEMBL204_Ki,41,morgan,mlp,crem_mean,0.007721324965446922,0.01948774315420736,0.018865963785493226
CHEMBL204_Ki,41,morgan,xgboost,crem_lime,0.015765490220625025,0.05439065495706956,0.04434056647439548
CHEMBL204_Ki,41,morgan,xgboost,crem_mean,0.002221411508706332,0.0,0.002221411508706332
CHEMBL204_Ki,41,unimol,mlp,crem_lime,0.03319362804730252,0.26315439745652625,0.23389928495783807
CHEMBL204_Ki,41,unimol,mlp,crem_mean,0.026656938104475926,0.12714549123802377,0.11846602422146527
CHEMBL204_Ki,41,unimol,xgboost,crem_lime,0.16996946219535403,0.35339331656491707,0.24464375573243588
CHEMBL204_Ki,41,unimol,xgboost,crem_mean,0.07997081431342794,0.12344333984888756,0.14217033655720518
CHEMBL204_Ki,43,molformer,mlp,crem_lime,0.22945913718500174,0.24747232441972053,0.054676638076949696
CHEMBL204_Ki,43,molformer,mlp,crem_mean,0.013556419069295386,0.029254908443932734,0.039864599964677096
CHEMBL204_Ki,43,molformer,xgboost,crem_lime,0.19069463550697727,0.26765283810099944,0.398490204033067
CHEMBL204_Ki,43,molformer,xgboost,crem_mean,0.021462189138449404,0.03778586387074121,0.022819003146666014
CHEMBL204_Ki,43,morgan,mlp,crem_lime,0.1226745627241172,0.33803387017198633,0.4089863614083208
CHEMBL204_Ki,43,morgan,mlp,crem_mean,0.009553269787110479,0.06141842647604433,0.052684578974317574
CHEMBL204_Ki,43,morgan,xgboost,crem_lime,0.0011866696124800107,0.15742456318683717,0.15631977014254592
CHEMBL204_Ki,43,morgan,xgboost,crem_mean,0.0012682604303155159,0.011290166028083519,0.0100222634626646
CHEMBL204_Ki,43,unimol,mlp,crem_lime,0.08487794333683558,0.14978949832758598,0.21072624535813378
CHEMBL204_Ki,43,unimol,mlp,crem_mean,0.02458747477766663,0.02427258790752689,0.032113028152963526
CHEMBL204_Ki,43,unimol,xgboost,crem_lime,0.28840558758445617,0.15070857985499203,0.24699151542007441
CHEMBL204_Ki,43,unimol,xgboost,crem_mean,0.1765276022210225,0.11774116920751543,0.29424439941064323
CHEMBL204_Ki,51,molformer,mlp,crem_lime,0.12101899918871767,0.11559717739986201,0.1251415111068174
CHEMBL204_Ki,51,molformer,mlp,crem_mean,0.022521735171389744,0.10715275202648393,0.11404807987244607
CHEMBL204_Ki,51,molformer,xgboost,crem_lime,0.1874504053001949,0.1647771677675222,0.10154373229395376
CHEMBL204_Ki,51,molformer,xgboost,crem_mean,0.18249224029928007,0.17241850274335316,0.22234043229034228
CHEMBL204_Ki,51,morgan,mlp,crem_lime,0.1486167507170752,0.08304879438219583,0.14056302622983366
CHEMBL204_Ki,51,morgan,mlp,crem_mean,0.08310948679082754,0.268591849810821,0.34154459937644294
CHEMBL204_Ki,51,morgan,xgboost,crem_lime,0.08895795061401608,0.20096077756838077,0.23049274801455658
CHEMBL204_Ki,51,morgan,xgboost,crem_mean,0.20743008483733874,0.05069148053270881,0.17970035512706925
CHEMBL204_Ki,51,unimol,mlp,crem_lime,0.03891107150383519,0.13511269532088901,0.10659387461365671
CHEMBL204_Ki,51,unimol,mlp,crem_mean,0.0820056110742579,0.11952962472472166,0.2005018107688611
CHEMBL204_Ki,51,unimol,xgboost,crem_lime,0.06483398797646399,0.2420427474419552,0.21720321250692634
CHEMBL204_Ki,51,unimol,xgboost,crem_mean,0.20732033928500498,0.12148222042542806,0.1745440618579664
CHEMBL204_Ki,52,molformer,mlp,crem_lime,0.054223614185964414,0.0988885908933044,0.11358726819377997
CHEMBL204_Ki,52,molformer,mlp,crem_mean,0.12820394192069215,0.028627377449140574,0.14441641489552176
CHEMBL204_Ki,52,molformer,xgboost,crem_lime,0.02170018982336661,0.23964288017848778,0.24557413441491358
CHEMBL204_Ki,52,molformer,xgboost,crem_mean,0.04405664009899355,0.020604834613375287,0.04736771009810198
CHEMBL204_Ki,52,morgan,mlp,crem_lime,0.08302792692555545,0.5081543027666303,0.5525350074297617
CHEMBL204_Ki,52,morgan,mlp,crem_mean,0.009268677450837991,0.09697576178668947,0.1061473098493916
CHEMBL204_Ki,52,morgan,xgboost,crem_lime,0.054211652040409064,0.027995435086584624,0.04717110014789327
CHEMBL204_Ki,52,morgan,xgboost,crem_mean,0.004246045210439967,0.014857725975250723,0.017702793450658394
CHEMBL204_Ki,52,unimol,mlp,crem_lime,0.21785335195508976,0.05033106225923161,0.1697906745290752
CHEMBL204_Ki,52,unimol,mlp,crem_mean,0.04614895058534425,0.015289249704658735,0.0570740288725782
CHEMBL204_Ki,52,unimol,xgboost,crem_lime,0.05267140561748848,0.1647294195008483,0.18154613657075966
CHEMBL204_Ki,52,unimol,xgboost,crem_mean,0.09632583843077967,0.06643796488940495,0.10848662424792987
CHEMBL204_Ki,55,molformer,mlp,crem_lime,0.2822912397296701,0.21224796870459256,0.0805655580421454
CHEMBL204_Ki,55,molformer,mlp,crem_mean,0.026736129105068993,0.10960142326419983,0.08595048540694956
CHEMBL204_Ki,55,molformer,xgboost,crem_lime,0.04555072267328502,0.45983023100253156,0.46028621364270295
CHEMBL204_Ki,55,molformer,xgboost,crem_mean,0.014971484597635178,0.39361680200333515,0.40239494818319693
CHEMBL204_Ki,55,morgan,mlp,crem_lime,0.01888582235909394,0.03869960685163143,0.047697536048111
CHEMBL204_Ki,55,morgan,mlp,crem_mean,0.005689876363076102,0.011809500095131058,0.01137051162512204
CHEMBL204_Ki,55,morgan,xgboost,crem_lime,0.015475906935708607,0.1538899849791929,0.16140879879085937
CHEMBL204_Ki,55,morgan,xgboost,crem_mean,0.004009742692453139,0.02999222177608443,0.03391378204517142
CHEMBL204_Ki,55,unimol,mlp,crem_lime,0.020602894875195416,0.3637966132346257,0.3770418682264643
CHEMBL204_Ki,55,unimol,mlp,crem_mean,0.013674678092472116,0.20205430811276537,0.18842587700522473
CHEMBL204_Ki,55,unimol,xgboost,crem_lime,0.027208395095502387,0.4078913829284815,0.3807011555761698
CHEMBL204_Ki,55,unimol,xgboost,crem_mean,0.006721243683522416,0.0536575408685075,0.05900272546526558
CHEMBL204_Ki,56,molformer,mlp,crem_lime,0.07638573153760259,0.29966665484773014,0.22356467901349836
CHEMBL204_Ki,56,molformer,mlp,crem_mean,0.011229035693749242,0.07624572721713645,0.06522535211407891
CHEMBL204_Ki,56,molformer,xgboost,crem_lime,0.009744535639251097,0.13768326019448884,0.12937783935070823
CHEMBL204_Ki,56,molformer,xgboost,crem_mean,0.00854090939597735,0.13249382937097254,0.13075887826455845
CHEMBL204_Ki,56,morgan,mlp,crem_lime,0.054654783617908625,0.293747197086865,0.2403165245547101
CHEMBL204_Ki,56,morgan,mlp,crem_mean,0.0015451892627790027,0.02151903665513586,0.02217680332417786
CHEMBL204_Ki,56,morgan,xgboost,crem_lime,0.044890333449484766,0.07261187904314745,0.11678512198314113
CHEMBL204_Ki,56,morgan,xgboost,crem_mean,0.03747333176959338,0.02065622150809011,0.05728686458552581
CHEMBL204_Ki,56,unimol,mlp,crem_lime,0.21281914590364479,0.06151847238736288,0.22957896425896265
CHEMBL204_Ki,56,unimol,mlp,crem_mean,0.02400288625246902,0.02898842681034737,0.0452679986189852
CHEMBL204_Ki,56,unimol,xgboost,crem_lime,0.2201245165829523,0.39303393608059034,0.6101868912816745
CHEMBL204_Ki,56,unimol,xgboost,crem_mean,0.3509069321633705,0.1630563706304856,0.4125008471324307
CHEMBL204_Ki,66,molformer,mlp,crem_lime,0.08554153365984098,0.34866448766179636,0.26375886149168415
CHEMBL204_Ki,66,molformer,mlp,crem_mean,0.110075931915856,0.08207449248338453,0.14773022488422285
CHEMBL204_Ki,66,molformer,xgboost,crem_lime,0.023757286937415485,0.35450412369796835,0.3383719591303032
CHEMBL204_Ki,66,molformer,xgboost,crem_mean,0.04221637950044647,0.1675784515647848,0.12729536380755843
CHEMBL204_Ki,66,morgan,mlp,crem_lime,0.010528355121286099,0.1566532856154713,0.1579720323280539
CHEMBL204_Ki,66,morgan,mlp,crem_mean,0.05130901211240085,0.05266138151414358,0.08320112550513835
CHEMBL204_Ki,66,morgan,xgboost,crem_lime,0.042433964824384926,0.24647034018777422,0.2871905374480127
CHEMBL204_Ki,66,morgan,xgboost,crem_mean,0.04957205648386966,0.084254122086814,0.07794542295458977
CHEMBL204_Ki,66,unimol,mlp,crem_lime,0.03604901218979709,0.029902131525111376,0.006526289168542929
CHEMBL204_Ki,66,unimol,mlp,crem_mean,0.029516728455646124,0.06486270956470254,0.03874193362517474
CHEMBL204_Ki,66,unimol,xgboost,crem_lime,0.024448316202817785,0.34936825974097857,0.3538805523218558
CHEMBL204_Ki,66,unimol,xgboost,crem_mean,0.06408819225176479,0.17339037503743687,0.22004703064041292
CHEMBL204_Ki,67,molformer,mlp,crem_lime,0.007364813344174611,0.1751156941933345,0.176365869947996
CHEMBL204_Ki,67,molformer,mlp,crem_mean,0.020342543097730682,0.02567320055894398,0.04460975844278705
CHEMBL204_Ki,67,molformer,xgboost,crem_lime,0.011016208301563876,0.07767115301269543,0.08740560950680716
CHEMBL204_Ki,67,molformer,xgboost,crem_mean,0.015981595124592667,0.1969873520510356,0.21098098822975878
CHEMBL204_Ki,67,morgan,mlp,crem_lime,0.16351116386485065,0.0053049145635664504,0.16760088042576493
CHEMBL204_Ki,67,morgan,mlp,crem_mean,0.02362756419967348,0.07920938589122692,0.05562144418034027
CHEMBL204_Ki,67,morgan,xgboost,crem_lime,0.007573248959785822,0.280697199867421,0.27574038426776604
CHEMBL204_Ki,67,morgan,xgboost,crem_mean,0.010111982480403353,0.3192181661150793,0.3099397913443598
CHEMBL204_Ki,67,unimol,mlp,crem_lime,0.07120598505385575,0.03874003251863664,0.08401639542868077
CHEMBL204_Ki,67,unimol,mlp,crem_mean,0.02025862525596135,0.017646544572744748,0.0074082910525885845
CHEMBL204_Ki,67,unimol,xgboost,crem_lime,0.18899514016539762,0.02809861074720873,0.19862834500062043
CHEMBL204_Ki,67,unimol,xgboost,crem_mean,0.22147335745139368,0.2263142740310274,0.3887137896694113
CHEMBL204_Ki,70,molformer,mlp,crem_lime,0.06345848192077898,0.2440417053421914,0.3072579777729879
CHEMBL204_Ki,70,molformer,mlp,crem_mean,0.01311074835623836,0.0755871292928225,0.08755041419603803
CHEMBL204_Ki,70,molformer,xgboost,crem_lime,0.3698763981265707,0.12730036814677734,0.24608913646279112
CHEMBL204_Ki,70,molformer,xgboost,crem_mean,0.018561909672399273,0.19983733252011024,0.18479831807565858
CHEMBL204_Ki,70,morgan,mlp,crem_lime,0.0146963893627256,0.1565378671518313,0.16492002254671392
CHEMBL204_Ki,70,morgan,mlp,crem_mean,0.08513946004064074,0.07886473778518482,0.1639044641970104
CHEMBL204_Ki,70,morgan,xgboost,crem_lime,0.07362341818870512,0.5340691205243376,0.6045002153922523
CHEMBL204_Ki,70,morgan,xgboost,crem_mean,0.047634520976789635,0.030929478706587053,0.022559752982221015
CHEMBL204_Ki,70,unimol,mlp,crem_lime,0.0039762240607128145,0.3212296602914497,0.3225895306075888
CHEMBL204_Ki,70,unimol,mlp,crem_mean,0.029475651957876884,0.1752525741589097,0.1938669026691975
CHEMBL204_Ki,70,unimol,xgboost,crem_lime,0.04533458436606329,0.519283604681378,0.5267177710009818
CHEMBL204_Ki,70,unimol,xgboost,crem_mean,0.03760246986620779,0.3977643161408,0.42942538121489754
CHEMBL204_Ki,73,molformer,mlp,crem_lime,0.033483095976688915,0.10027626949261521,0.09546025006227797
CHEMBL204_Ki,73,molformer,mlp,crem_mean,0.07972741252059044,0.027351452646346947,0.05300774641401821
CHEMBL204_Ki,73,molformer,xgboost,crem_lime,0.06828899477381845,0.18302260328654488,0.23866603400960937
CHEMBL204_Ki,73,molformer,xgboost,crem_mean,0.04554586677451917,0.0754474336265619,0.11866766248770458
CHEMBL204_Ki,73,morgan,mlp,crem_lime,0.2607742832832779,0.12906874732850554,0.31107603898266334
CHEMBL204_Ki,73,morgan,mlp,crem_mean,0.2497802752254878,0.14846341967500573,0.24603226686901597
CHEMBL204_Ki,73,morgan,xgboost,crem_lime,0.027802529207113947,0.05324847689844812,0.06954662774490669
CHEMBL204_Ki,73,morgan,xgboost,crem_mean,0.1157964611789653,0.023717817865115242,0.1298177044476784
CHEMBL204_Ki,73,unimol,mlp,crem_lime,0.06515241888017125,0.05617912014914668,0.049504261674449
CHEMBL204_Ki,73,unimol,mlp,crem_mean,0.13248495369565,0.2012992314761535,0.1576741608656738
CHEMBL204_Ki,73,unimol,xgboost,crem_lime,0.023590242100784895,0.10919440978715438,0.12218446133791427
CHEMBL204_Ki,73,unimol,xgboost,crem_mean,0.011995076905847345,0.04448563191662531,0.04141774144833375
CHEMBL204_Ki,81,molformer,mlp,crem_lime,0.011546291263808623,0.0019673681829315967,0.010082358790070862
CHEMBL204_Ki,81,molformer,mlp,crem_mean,0.007150101090796355,0.013173407318245706,0.015326482726889747
CHEMBL204_Ki,81,molformer,xgboost,crem_lime,0.0019857491366482823,0.1257677653326644,0.1275252295771725
CHEMBL204_Ki,81,molformer,xgboost,crem_mean,0.006394401880747816,0.017428346363576975,0.011250649337596553
CHEMBL204_Ki,81,morgan,mlp,crem_lime,0.0007383032609544538,0.15616920853083896,0.15687445717249407
CHEMBL204_Ki,81,morgan,mlp,crem_mean,0.0010761846666415273,0.016739283608283584,0.017409904787322066
CHEMBL204_Ki,81,morgan,xgboost,crem_lime,0.030909464025742614,0.05035013959142149,0.027470321972641834
CHEMBL204_Ki,81,morgan,xgboost,crem_mean,0.014919134407880013,0.009949201388454261,0.008471458406900854
CHEMBL204_Ki,81,unimol,mlp,crem_lime,0.011386769360709884,0.1569245924313793,0.15091175458509876
CHEMBL204_Ki,81,unimol,mlp,crem_mean,0.010834863175827669,0.04544679690778989,0.04511112666146857
CHEMBL204_Ki,81,unimol,xgboost,crem_lime,0.1312333070109974,0.07930097943003336,0.06552605629529536
CHEMBL204_Ki,81,unimol,xgboost,crem_mean,0.012770041256756336,0.018050917722420852,0.010406148824102067
CHEMBL204_Ki,82,molformer,mlp,crem_lime,0.026967465321185536,0.013139210487850009,0.01606319318671408
CHEMBL204_Ki,82,molformer,mlp,crem_mean,0.057902567629311494,0.10456101035213484,0.09615524908791054
CHEMBL204_Ki,82,molformer,xgboost,crem_lime,0.019795866359598954,0.06606083022880255,0.0463750943764714
CHEMBL204_Ki,82,molformer,xgboost,crem_mean,0.04994310659059248,0.05856716302989526,0.0247609046879423
CHEMBL204_Ki,82,morgan,mlp,crem_lime,0.010273861154603279,0.057706205934464204,0.0486768077446401
CHEMBL204_Ki,82,morgan,mlp,crem_mean,0.01925088205911633,0.05296079245259723,0.03600571579044009
CHEMBL204_Ki,82,morgan,xgboost,crem_lime,0.009104692939931222,0.10232762956768199,0.10778745784917601
CHEMBL204_Ki,82,morgan,xgboost,crem_mean,0.008813542209872263,0.029265266490565423,0.027861396027755635
CHEMBL204_Ki,82,unimol,mlp,crem_lime,0.04176129286007118,0.13920902134350263,0.15185526294186907
CHEMBL204_Ki,82,unimol,mlp,crem_mean,0.016875196439564623,0.05848906619754906,0.0746680477112884
CHEMBL204_Ki,82,unimol,xgboost,crem_lime,0.07893735429801554,0.14388049637195607,0.12926681462129969
CHEMBL204_Ki,82,unimol,xgboost,crem_mean,0.060753735964264075,0.049607787141297585,0.031604244728737824
CHEMBL204_Ki,83,molformer,mlp,crem_lime,0.0759629335883092,0.051037063632406565,0.06457099237886052
CHEMBL204_Ki,83,molformer,mlp,crem_mean,0.030262382048707,0.14865323694998167,0.13108968571192606
CHEMBL204_Ki,83,molformer,xgboost,crem_lime,0.14490771458827498,0.21406784818379007,0.27959683101079846
CHEMBL204_Ki,83,molformer,xgboost,crem_mean,0.32958549332260256,0.2296815524181766,0.5513589652213531
CHEMBL204_Ki,83,morgan,mlp,crem_lime,0.2918535755174882,0.11232999321221562,0.18666762461662836
CHEMBL204_Ki,83,morgan,mlp,crem_mean,0.0230865744520608,0.16378797143769955,0.14221113687237244
CHEMBL204_Ki,83,morgan,xgboost,crem_lime,0.14294205952329372,0.13850291090104966,0.1166553361135055
CHEMBL204_Ki,83,morgan,xgboost,crem_mean,0.03896079598761379,0.271962795313231,0.25946403945208923
CHEMBL204_Ki,83,unimol,mlp,crem_lime,0.15884034455135565,0.17303105646361064,0.033338469151195316
CHEMBL204_Ki,83,unimol,mlp,crem_mean,0.09195882444432045,0.07380072120249911,0.08977529997772951
CHEMBL204_Ki,83,unimol,xgboost,crem_lime,0.1704571142017147,0.2680270996423752,0.27939436214605
CHEMBL204_Ki,83,unimol,xgboost,crem_mean,0.18395001759188187,0.2716303921191962,0.10747321490462597
CHEMBL204_Ki,84,molformer,mlp,crem_lime,0.045708609223498974,0.12437839033620966,0.13704969117250929
CHEMBL204_Ki,84,molformer,mlp,crem_mean,0.007369976369648768,0.06898880553582193,0.06983011690420736
CHEMBL204_Ki,84,molformer,xgboost,crem_lime,0.155061477123574,0.2820156799648739,0.359783749063015
CHEMBL204_Ki,84,molformer,xgboost,crem_mean,0.031879801514803685,0.14152721374259236,0.1612354827690621
CHEMBL204_Ki,84,morgan,mlp,crem_lime,0.05152856658642312,0.12231644458094836,0.0990079528819146
CHEMBL204_Ki,84,morgan,mlp,crem_mean,0.04173884856690294,0.17799891864507775,0.2080952714030116
CHEMBL204_Ki,84,morgan,xgboost,crem_lime,0.01186754763529132,0.3191919348316683,0.3214065919942569
CHEMBL204_Ki,84,morgan,xgboost,crem_mean,0.015281414550703034,0.11677456531687676,0.13190653169763475
CHEMBL204_Ki,84,unimol,mlp,crem_lime,0.14404277923737088,0.0971346081208915,0.15627073307466946
CHEMBL204_Ki,84,unimol,mlp,crem_mean,0.06044832173044495,0.15564647449200555,0.16456389333975555
CHEMBL204_Ki,84,unimol,xgboost,crem_lime,0.04011570557698972,0.14701974192985146,0.11571027938409006
CHEMBL204_Ki,84,unimol,xgboost,crem_mean,0.011861839819102072,0.20069951217551096,0.1977011581438793
CHEMBL204_Ki,93,molformer,mlp,crem_lime,0.05229959925748984,0.04030961225480463,0.08211498218752653
CHEMBL204_Ki,93,molformer,mlp,crem_mean,0.02441513665825439,0.015257339803292287,0.01567326380910158
CHEMBL204_Ki,93,molformer,xgboost,crem_lime,0.08858378658377865,0.20885628276090623,0.24954770102364557
CHEMBL204_Ki,93,molformer,xgboost,crem_mean,0.048694941390965564,0.0665512453286199,0.11312086313814551
CHEMBL204_Ki,93,morgan,mlp,crem_lime,0.18355868742629877,0.19653213643324088,0.2994542366791892
CHEMBL204_Ki,93,morgan,mlp,crem_mean,0.03582737507716961,0.16702653325161257,0.19281482611994522
CHEMBL204_Ki,93,morgan,xgboost,crem_lime,0.0059449421158872095,0.10394838783667638,0.10274220815135501
CHEMBL204_Ki,93,morgan,xgboost,crem_mean,0.0011595958719284492,0.02193586414753123,0.020952102474858656
CHEMBL204_Ki,93,unimol,mlp,crem_lime,0.0827804354111845,0.04753720674092588,0.10755621613771724
CHEMBL204_Ki,93,unimol,mlp,crem_mean,0.04512071389308541,0.08252923713533052,0.0506873788289706
CHEMBL204_Ki,93,unimol,xgboost,crem_lime,0.05728472427133197,0.15968890146982484,0.1076769039831104
CHEMBL204_Ki,93,unimol,xgboost,crem_mean,0.028269658476724215,0.04377984030769503,0.0718844340926669
CHEMBL204_Ki,98,molformer,mlp,crem_lime,0.007696703844774812,0.021753981460978976,0.026642972603994567
CHEMBL204_Ki,98,molformer,mlp,crem_mean,0.08028739504481092,0.015870786800325245,0.08478103523778197
CHEMBL204_Ki,98,molformer,xgboost,crem_lime,0.06668851290644376,0.11627981270115964,0.09668053380258014
CHEMBL204_Ki,98,molformer,xgboost,crem_mean,0.058065832155343784,0.08492760431190258,0.13868508016071868
CHEMBL204_Ki,98,morgan,mlp,crem_lime,0.01860746955721997,0.06451282277440003,0.07587494376875856
CHEMBL204_Ki,98,morgan,mlp,crem_mean,0.001546596368567299,0.033452872769085845,0.03416792263971459
CHEMBL204_Ki,98,morgan,xgboost,crem_lime,0.017402737959580406,0.04567560758315563,0.06033337387930337
CHEMBL204_Ki,98,morgan,xgboost,crem_mean,0.005672753799020963,0.08759708725707788,0.0902145358125432
CHEMBL204_Ki,98,unimol,mlp,crem_lime,0.20864142241127673,0.2568598077529276,0.07471415884883817
CHEMBL204_Ki,98,unimol,mlp,crem_mean,0.10824404645732705,0.13563677293676896,0.16284837410703581
CHEMBL204_Ki,98,unimol,xgboost,crem_lime,0.08583294056147636,0.15739356250278835,0.1845887407546685
CHEMBL204_Ki,98,unimol,xgboost,crem_mean,0.057441028963909645,0.19643174582187897,0.24128320603784076
CHEMBL204_Ki,104,molformer,mlp,crem_lime,0.09757607653351531,0.09694426874054482,0.18670759036229714
CHEMBL204_Ki,104,molformer,mlp,crem_mean,0.17366032974945095,0.20795107638919047,0.036363595920839986
CHEMBL204_Ki,104,molformer,xgboost,crem_lime,0.09368353237650696,0.061864461941752574,0.09784737538023866
CHEMBL204_Ki,104,molformer,xgboost,crem_mean,0.17279738785982074,0.18893080650250865,0.18992194075992422
CHEMBL204_Ki,104,morgan,mlp,crem_lime,0.3523224909597038,0.2032270710005504,0.42514042415248054
CHEMBL204_Ki,104,morgan,mlp,crem_mean,0.16715769863551858,0.06336102496748278,0.2170536409905467
CHEMBL204_Ki,104,morgan,xgboost,crem_lime,0.02886966430144422,0.24526627977026375,0.2735066668914882
CHEMBL204_Ki,104,morgan,xgboost,crem_mean,0.03845817413962588,0.16594613261882527,0.1528302134403852
CHEMBL204_Ki,104,unimol,mlp,crem_lime,0.1606838027490304,0.14927156717576182,0.2773055917009854
CHEMBL204_Ki,104,unimol,mlp,crem_mean,0.06813896512114728,0.08693717810154547,0.1354864748426138
CHEMBL204_Ki,104,unimol,xgboost,crem_lime,0.05353421879258326,0.04247816439492016,0.09507414384566899
CHEMBL204_Ki,104,unimol,xgboost,crem_mean,0.04961824484798713,0.04555030005029668,0.09148922304333536
CHEMBL204_Ki,106,molformer,mlp,crem_lime,0.18987093076701217,0.07484898889858117,0.15618747869802016
CHEMBL204_Ki,106,molformer,mlp,crem_mean,0.10398131874012334,0.022994615987248883,0.0822267516544228
CHEMBL204_Ki,106,molformer,xgboost,crem_lime,0.08101983453614324,0.10267903894794812,0.18086861676780944
CHEMBL204_Ki,106,molformer,xgboost,crem_mean,0.09829992631940798,0.05242398662774678,0.09712576265381033
CHEMBL204_Ki,106,morgan,mlp,crem_lime,0.06063837751696965,0.08796162287982642,0.09773148855002105
CHEMBL204_Ki,106,morgan,mlp,crem_mean,0.09535172328583731,0.08699687817521606,0.18147877009740887
CHEMBL204_Ki,106,morgan,xgboost,crem_lime,0.06197465972586169,0.17325007386533117,0.1510210052064257
CHEMBL204_Ki,106,morgan,xgboost,crem_mean,0.09152266259457723,0.15685870884832992,0.07451713200408996
CHEMBL204_Ki,106,unimol,mlp,crem_lime,0.049666186083154124,0.11924681855423308,0.07253977504989864
CHEMBL204_Ki,106,unimol,mlp,crem_mean,0.04063479236329182,0.02206909562212848,0.02679773450555276
CHEMBL204_Ki,106,unimol,xgboost,crem_lime,0.08764207625305737,0.18133737175641979,0.22477110498743647
CHEMBL204_Ki,106,unimol,xgboost,crem_mean,0.05167702526511548,0.061123150473464394,0.009568736625757822
CHEMBL204_Ki,108,molformer,mlp,crem_lime,0.061105941478111415,0.05717606132261496,0.03853257868896707
CHEMBL204_Ki,108,molformer,mlp,crem_mean,0.10588639040794166,0.045406042270824294,0.15055619576353807
CHEMBL204_Ki,108,molformer,xgboost,crem_lime,0.19143606836808766,0.3605044001846476,0.3982274857155864
CHEMBL204_Ki,108,molformer,xgboost,crem_mean,0.05270713133905609,0.12371579930797993,0.13073635192974506
CHEMBL204_Ki,108,morgan,mlp,crem_lime,0.17597782291591094,0.09515271865903405,0.2044153954712317
CHEMBL204_Ki,108,morgan,mlp,crem_mean,0.09111884637281208,0.15179128468469025,0.20716774930166895
CHEMBL204_Ki,108,morgan,xgboost,crem_lime,0.0035364181210254283,0.270446140090743,0.26976524844235
CHEMBL204_Ki,108,morgan,xgboost,crem_mean,0.007190301768191891,0.17985556242897555,0.17404812526138644
CHEMBL204_Ki,108,unimol,mlp,crem_lime,0.15461670930914387,0.06430884036326773,0.09245835488256403
CHEMBL204_Ki,108,unimol,mlp,crem_mean,0.0857654264810323,0.046559355992457654,0.06296900228589254
CHEMBL204_Ki,108,unimol,xgboost,crem_lime,0.256634987044865,0.1711809067684805,0.23662694737503914
CHEMBL204_Ki,108,unimol,xgboost,crem_mean,0.2220557134171641,0.10731120793439902,0.32708904795011373
CHEMBL204_Ki,110,molformer,mlp,crem_lime,0.015361062733279914,0.0502873613312046,0.05539458034381968
CHEMBL204_Ki,110,molformer,mlp,crem_mean,0.032065890852369286,0.04435703815251659,0.033400547085208135
CHEMBL204_Ki,110,molformer,xgboost,crem_lime,0.0074495086918850645,0.06573904389433313,0.07309823079472669
CHEMBL204_Ki,110,molformer,xgboost,crem_mean,0.019111578531034856,0.07311980520900921,0.09011816550025559
CHEMBL204_Ki,110,morgan,mlp,crem_lime,0.19020164485626365,0.2203790303821816,0.26188979170815074
CHEMBL204_Ki,110,morgan,mlp,crem_mean,0.08617472094859592,0.13232096514740307,0.09967557942097238
CHEMBL204_Ki,110,morgan,xgboost,crem_lime,0.0025959439915606095,0.32835659533685074,0.32737081804445867
CHEMBL204_Ki,110,morgan,xgboost,crem_mean,0.012286494440712493,0.10155748869804146,0.09342699056752118
CHEMBL204_Ki,110,unimol,mlp,crem_lime,0.24050441603173517,0.1718389805604421,0.3457340380862064
CHEMBL204_Ki,110,unimol,mlp,crem_mean,0.07236281824936269,0.07520819470004766,0.1451726857139106
CHEMBL204_Ki,110,unimol,xgboost,crem_lime,0.14229025553528796,0.09717685032766767,0.1891300725033203
CHEMBL204_Ki,110,unimol,xgboost,crem_mean,0.07250663138133993,0.09503202485316538,0.13881716293417531
CHEMBL204_Ki,116,molformer,mlp,crem_lime,0.10759568701464993,0.17453140761375102,0.2818670366086113
CHEMBL204_Ki,116,molformer,mlp,crem_mean,0.17519690887099232,0.1342490814851273,0.18853330993493414
CHEMBL204_Ki,116,molformer,xgboost,crem_lime,0.14028936383784027,0.3051568076085928,0.2286935646959471
CHEMBL204_Ki,116,molformer,xgboost,crem_mean,0.12362921096254968,0.12481603843642787,0.007324172409977548
CHEMBL204_Ki,116,morgan,mlp,crem_lime,0.09035821863198029,0.3280055883219586,0.3852811909736882
CHEMBL204_Ki,116,morgan,mlp,crem_mean,0.034212997248620314,0.2759606090316694,0.3053444872073406
CHEMBL204_Ki,116,morgan,xgboost,crem_lime,0.00999702964350911,0.2070389942593531,0.21703559744107387
CHEMBL204_Ki,116,morgan,xgboost,crem_mean,0.04991141924731899,0.2469470315971895,0.25746163559209156
CHEMBL204_Ki,116,unimol,mlp,crem_lime,0.1052666558733886,0.14627284930759063,0.23180649812126608
CHEMBL204_Ki,116,unimol,mlp,crem_mean,0.10007681375975118,0.04286598803283198,0.14246880481771504
CHEMBL204_Ki,116,unimol,xgboost,crem_lime,0.015542028992919264,0.1175777209245522,0.11351297929155295
CHEMBL204_Ki,116,unimol,xgboost,crem_mean,0.25372279667731845,0.15692570693064228,0.25851348100606014
CHEMBL204_Ki,117,molformer,mlp,crem_lime,0.05480744406460543,0.3766874799886081,0.40643545720117297
CHEMBL204_Ki,117,molformer,mlp,crem_mean,0.09453561500573265,0.1715887443487388,0.23987541793854494
CHEMBL204_Ki,117,molformer,xgboost,crem_lime,0.014700166345803362,0.04996891806313137,0.05542747067386537
CHEMBL204_Ki,117,molformer,xgboost,crem_mean,0.010196929244271964,0.061335969638695774,0.07100383609962291
CHEMBL204_Ki,117,morgan,mlp,crem_lime,0.24819901278719883,0.36932977372694675,0.6094176098734114
CHEMBL204_Ki,117,morgan,mlp,crem_mean,0.049643894868588875,0.08369104911245558,0.1326427058043498
CHEMBL204_Ki,117,morgan,xgboost,crem_lime,0.0016391417840674635,0.22361121429059186,0.2238230894214792
CHEMBL204_Ki,117,morgan,xgboost,crem_mean,0.01791223802362248,0.0847696823810164,0.09123071749441859
CHEMBL204_Ki,117,unimol,mlp,crem_lime,0.1799394721192604,0.3722603485809973,0.20086506213915023
CHEMBL204_Ki,117,unimol,mlp,crem_mean,0.05642635284634691,0.2819358629530058,0.33736980422069146
CHEMBL204_Ki,117,unimol,xgboost,crem_lime,0.08719739997346698,0.2754758305008095,0.3546730066777462
CHEMBL204_Ki,117,unimol,xgboost,crem_mean,0.05864745212182547,0.10884861912846146,0.16731922293866877
CHEMBL204_Ki,124,molformer,mlp,crem_lime,0.27707616904224186,0.2536715733042189,0.5222155341877446
CHEMBL204_Ki,124,molformer,mlp,crem_mean,0.0033602433695661335,0.03747796665976284,0.0351364857628616
CHEMBL204_Ki,124,molformer,xgboost,crem_lime,0.03838743765237802,0.19348263500418572,0.23186247368307084
CHEMBL204_Ki,124,molformer,xgboost,crem_mean,0.0007245756462593522,0.02646666066822051,0.02699478447283568
CHEMBL204_Ki,124,morgan,mlp,crem_lime,0.026539693871326174,0.24373855774513833,0.2572291247127592
CHEMBL204_Ki,124,morgan,mlp,crem_mean,0.00898742670925207,0.25364172356825343,0.2581190548827376
CHEMBL204_Ki,124,morgan,xgboost,crem_lime,0.00018146154598328742,0.12498932562466428,0.12499091960592264
CHEMBL204_Ki,124,morgan,xgboost,crem_mean,0.00044827946595177184,0.005600399436583652,0.006034361740366016
CHEMBL204_Ki,124,unimol,mlp,crem_lime,0.4001402948396199,0.1967698599455564,0.3407557706004311
CHEMBL204_Ki,124,unimol,mlp,crem_mean,0.05803465599541693,0.05349021210423997,0.0546439266061402
CHEMBL204_Ki,124,unimol,xgboost,crem_lime,0.036108345619251206,0.27262288048462463,0.3073004412387991
CHEMBL204_Ki,124,unimol,xgboost,crem_mean,0.04344893263812235,0.03899379162036585,0.005570460884726571
CHEMBL204_Ki,133,molformer,mlp,crem_lime,0.06381909837379711,0.16969806963416018,0.22795669954835496
CHEMBL204_Ki,133,molformer,mlp,crem_mean,0.07680348071547832,0.027504994499684507,0.08638219700451272
CHEMBL204_Ki,133,molformer,xgboost,crem_lime,0.043256373255049246,0.2998323123512468,0.3385785059602413
CHEMBL204_Ki,133,molformer,xgboost,crem_mean,0.2333618652226681,0.13867029331409497,0.13566948237654947
CHEMBL204_Ki,133,morgan,mlp,crem_lime,0.11599946403392361,0.3438440259283828,0.32689099349239065
CHEMBL204_Ki,133,morgan,mlp,crem_mean,0.03428406247750703,0.34446329377607815,0.3102285772360705
CHEMBL204_Ki,133,morgan,xgboost,crem_lime,0.05388529463162024,0.010205051697613073,0.04634023999730056
CHEMBL204_Ki,133,morgan,xgboost,crem_mean,0.13044203591067538,0.01953521148924684,0.12613662852625857
CHEMBL204_Ki,133,unimol,mlp,crem_lime,0.048486519159998104,0.07240200392317125,0.09452230262760895
CHEMBL204_Ki,133,unimol,mlp,crem_mean,0.015562047953778642,0.12123867955754433,0.12407253495781374
CHEMBL204_Ki,133,unimol,xgboost,crem_lime,0.16784883516704777,0.04129034974387246,0.20776191622352871
CHEMBL204_Ki,133,unimol,xgboost,crem_mean,0.031392491158564406,0.02484380015650158,0.03304099057819948
CHEMBL204_Ki,134,molformer,mlp,crem_lime,0.02141221953886772,0.3479649363528559,0.36472783512862844
CHEMBL204_Ki,134,molformer,mlp,crem_mean,0.008468125474405511,0.11020846521060282,0.11553057307174189
CHEMBL204_Ki,134,molformer,xgboost,crem_lime,0.02514032060602863,0.19316018350331,0.1891588695008133
CHEMBL204_Ki,134,molformer,xgboost,crem_mean,0.014086455515830959,0.0793722032614856,0.09097073638519398
CHEMBL204_Ki,134,morgan,mlp,crem_lime,0.06869875370919512,0.02891581198781125,0.09712294715199495
CHEMBL204_Ki,134,morgan,mlp,crem_mean,0.01194506515706637,0.01642501712155446,0.01881900022995303
CHEMBL204_Ki,134,morgan,xgboost,crem_lime,0.02963058751410228,0.3885893354639368,0.3617173191940924
CHEMBL204_Ki,134,morgan,xgboost,crem_mean,0.014875962442823253,0.06529556615835054,0.05453444606937243
CHEMBL204_Ki,134,unimol,mlp,crem_lime,0.10298454388652903,0.014983633366128726,0.08855633908976099
CHEMBL204_Ki,134,unimol,mlp,crem_mean,0.023735960949619914,0.08842437714798496,0.07597735774153892
CHEMBL204_Ki,134,unimol,xgboost,crem_lime,0.055463429097407195,0.04658983193283,0.00930814730572468
CHEMBL204_Ki,134,unimol,xgboost,crem_mean,0.03717736224560698,0.019780885828630863,0.0540017811988161
CHEMBL204_Ki,142,molformer,mlp,crem_lime,0.03709659078534597,0.005777298277383443,0.034854588110184506
CHEMBL204_Ki,142,molformer,mlp,crem_mean,0.16205032759462198,0.14981053033552177,0.2958280485610331
CHEMBL204_Ki,142,molformer,xgboost,crem_lime,0.007772871527015986,0.014717815804868443,0.02031806889309337
CHEMBL204_Ki,142,molformer,xgboost,crem_mean,0.009055208905829558,0.19342632698974593,0.19980580597425043
CHEMBL204_Ki,142,morgan,mlp,crem_lime,0.045831047900669275,0.06293640371578273,0.07102535126213308
CHEMBL204_Ki,142,morgan,mlp,crem_mean,0.10461580955829804,0.1145350395985131,0.08440680942918019
CHEMBL204_Ki,142,morgan,xgboost,crem_lime,0.0880012004913868,0.33483128203288026,0.4228305704061627
CHEMBL204_Ki,142,morgan,xgboost,crem_mean,0.1510084363633848,0.2622139084358084,0.41151707416141714
CHEMBL204_Ki,142,unimol,mlp,crem_lime,0.004442909383849196,0.1729400071888085,0.17500561168640266
CHEMBL204_Ki,142,unimol,mlp,crem_mean,0.08142250479342353,0.2786118952373232,0.2707482126371558
CHEMBL204_Ki,142,unimol,xgboost,crem_lime,0.016693286858871087,0.02244669550495924,0.035055506860067226
CHEMBL204_Ki,142,unimol,xgboost,crem_mean,0.04241517431603342,0.027225153177716066,0.06879597775999396
CHEMBL204_Ki,144,molformer,mlp,crem_lime,0.029456450442120075,0.04960771210370169,0.06545274484446288
CHEMBL204_Ki,144,molformer,mlp,crem_mean,0.12396156958711896,0.02771326443327588,0.11174950250454282
CHEMBL204_Ki,144,molformer,xgboost,crem_lime,0.02070760442173673,0.06006442680678646,0.041230388450414275
CHEMBL204_Ki,144,molformer,xgboost,crem_mean,0.041022507459021036,0.17237322686475431,0.1620043946625869
CHEMBL204_Ki,144,morgan,mlp,crem_lime,0.061381830202915905,0.016477491683050762,0.0604772616030813
CHEMBL204_Ki,144,morgan,mlp,crem_mean,0.14035013729783566,0.029007796467096416,0.13635689278818908
CHEMBL204_Ki,144,morgan,xgboost,crem_lime,0.010833270978108848,0.4409275918792351,0.44094838715654955
CHEMBL204_Ki,144,morgan,xgboost,crem_mean,0.06156078872328195,0.2991333214019172,0.30654175253691796
CHEMBL204_Ki,144,unimol,mlp,crem_lime,0.011521341823458214,0.14996578997304086,0.14909278829569114
CHEMBL204_Ki,144,unimol,mlp,crem_mean,0.06843839538737004,0.11720605975119003,0.11312589795983563
CHEMBL204_Ki,144,unimol,xgboost,crem_lime,0.05793891146489173,0.12728340874120644,0.18014901384272827
CHEMBL204_Ki,144,unimol,xgboost,crem_mean,0.12027868569699894,0.10833089942482801,0.22802037908387685
CHEMBL204_Ki,147,molformer,mlp,crem_lime,0.07677644649459409,0.04558690425837563,0.08777821656573148
CHEMBL204_Ki,147,molformer,mlp,crem_mean,0.0031486183788064187,0.11047401660559422,0.10734666167711124
CHEMBL204_Ki,147,molformer,xgboost,crem_lime,0.025539919050268017,0.15437023121618393,0.14584728081258372
CHEMBL204_Ki,147,molformer,xgboost,crem_mean,0.01607533539780082,0.06012233423461405,0.07616449162970118
CHEMBL204_Ki,147,morgan,mlp,crem_lime,0.1632482654110765,0.07857896233676764,0.1115764858752757
CHEMBL204_Ki,147,morgan,mlp,crem_mean,0.17305854861791936,0.0805920242654691,0.13513630427526585
CHEMBL204_Ki,147,morgan,xgboost,crem_lime,0.029902804635913,0.09363345768614129,0.11990866645111047
CHEMBL204_Ki,147,morgan,xgboost,crem_mean,0.01665600176287934,0.021101808719936586,0.034347061569088094
CHEMBL204_Ki,147,unimol,mlp,crem_lime,0.16561120055583303,0.10605407830370212,0.06817468987862739
CHEMBL204_Ki,147,unimol,mlp,crem_mean,0.043472956984225035,0.0318558216996368,0.02630127172711907
CHEMBL204_Ki,147,unimol,xgboost,crem_lime,0.050227728300692345,0.12363507458985978,0.12759805899883286
CHEMBL204_Ki,147,unimol,xgboost,crem_mean,0.2548406292074012,0.11651535332407185,0.15661093428676637
CHEMBL204_Ki,155,molformer,mlp,crem_lime,0.32775810839336716,0.20900779555685756,0.4406197197355596
CHEMBL204_Ki,155,molformer,mlp,crem_mean,0.02759189710257407,0.19759102423316027,0.17137596018346055
CHEMBL204_Ki,155,molformer,xgboost,crem_lime,0.2958087838249534,0.4005312265853673,0.5254041093134255
CHEMBL204_Ki,155,molformer,xgboost,crem_mean,0.10208518175007311,0.07805351672396961,0.16530822228476444
CHEMBL204_Ki,155,morgan,mlp,crem_lime,0.11491585130803465,0.0770658967960871,0.16961616871751672
CHEMBL204_Ki,155,morgan,mlp,crem_mean,0.09666487046746845,0.19275478592479847,0.2484007297950166
CHEMBL204_Ki,155,morgan,xgboost,crem_lime,0.028060178219864663,0.6480060330360966,0.6208555901868301
CHEMBL204_Ki,155,morgan,xgboost,crem_mean,0.0060362635707411905,0.1018013036862996,0.10710828041473765
CHEMBL204_Ki,155,unimol,mlp,crem_lime,0.04110429437544283,0.11354493719602025,0.14182710200521373
CHEMBL204_Ki,155,unimol,mlp,crem_mean,0.0346413458922451,0.2396941456754872,0.27301028912603326
CHEMBL204_Ki,155,unimol,xgboost,crem_lime,0.0781129292215581,0.19038451383363195,0.14697178567480973
CHEMBL204_Ki,155,unimol,xgboost,crem_mean,0.03750717945992047,0.17136634999509837,0.1715503018914971
CHEMBL204_Ki,156,molformer,mlp,crem_lime,0.14599198138034392,0.16239427996683523,0.30838273358894736
CHEMBL204_Ki,156,molformer,mlp,crem_mean,0.0740670498272808,0.023614493120001214,0.05408561684883014
CHEMBL204_Ki,156,molformer,xgboost,crem_lime,0.17459677476948904,0.2517501257439578,0.22511267005755997
CHEMBL204_Ki,156,molformer,xgboost,crem_mean,0.11677079884711852,0.04588295433281382,0.08633598119205142
CHEMBL204_Ki,156,morgan,mlp,crem_lime,0.2985108758259186,0.2548068012993592,0.30685852941550734
CHEMBL204_Ki,156,morgan,mlp,crem_mean,0.03376873224093582,0.06366510382938825,0.03459605746995941
CHEMBL204_Ki,156,morgan,xgboost,crem_lime,0.05176364665967966,0.10730149093647413,0.13932343621577867
CHEMBL204_Ki,156,morgan,xgboost,crem_mean,0.04655676873274324,0.021401518694023996,0.03393329298877408
CHEMBL204_Ki,156,unimol,mlp,crem_lime,0.09776354114211566,0.11707138463480253,0.20779906495655615
CHEMBL204_Ki,156,unimol,mlp,crem_mean,0.06412629526442183,0.012475279784455928,0.060199864417880174
CHEMBL204_Ki,156,unimol,xgboost,crem_lime,0.16874490683183738,0.2868088419534099,0.14247662916101667
CHEMBL204_Ki,156,unimol,xgboost,crem_mean,0.029735086218273064,0.0448592498990639,0.06864074504441572
CHEMBL204_Ki,172,molformer,mlp,crem_lime,0.03676633238052986,0.12170883584050932,0.14928509466166542
CHEMBL204_Ki,172,molformer,mlp,crem_mean,0.011239906921225146,0.010956269823305815,0.010843423170526084
CHEMBL204_Ki,172,molformer,xgboost,crem_lime,0.1312532030055988,0.097924658632326,0.11193750697300227
CHEMBL204_Ki,172,molformer,xgboost,crem_mean,0.016076883146191,0.014677670937661329,0.01326572482929665
CHEMBL204_Ki,172,morgan,mlp,crem_lime,0.05888266580576518,0.16802849842222406,0.2189695971190378
CHEMBL204_Ki,172,morgan,mlp,crem_mean,0.14489145833156436,0.12230521993597893,0.14045106250330475
CHEMBL204_Ki,172,morgan,xgboost,crem_lime,0.013474557864158352,0.277965874444287,0.2704981296288182
CHEMBL204_Ki,172,morgan,xgboost,crem_mean,0.003926440860137502,0.014962226047337959,0.011076679619580462
CHEMBL204_Ki,172,unimol,mlp,crem_lime,0.07819273007263963,0.06550762715715729,0.1198513768554661
CHEMBL204_Ki,172,unimol,mlp,crem_mean,0.017386998473917448,0.20126092527146403,0.18552354525401724
CHEMBL204_Ki,172,unimol,xgboost,crem_lime,0.08074127627620797,0.06997511048273206,0.13910856607521097
CHEMBL204_Ki,172,unimol,xgboost,crem_mean,0.11849697484446775,0.18423437923825092,0.3019449455479128
CHEMBL204_Ki,178,molformer,mlp,crem_lime,0.012452324893163934,0.047713355574693486,0.056074959882172086
CHEMBL204_Ki,178,molformer,mlp,crem_mean,0.0034534664933419433,0.022372770244844124,0.025718145664503644
CHEMBL204_Ki,178,molformer,xgboost,crem_lime,0.054211695837690546,0.05626939630955614,0.03411372714689508
CHEMBL204_Ki,178,molformer,xgboost,crem_mean,0.014846173987045203,0.007338747881480222,0.009023645463914862
CHEMBL204_Ki,178,morgan,mlp,crem_lime,0.15321357215403356,0.16836870787879804,0.02915124477329288
CHEMBL204_Ki,178,morgan,mlp,crem_mean,0.00044782350804954706,0.00364277881099343,0.0038121784066415952
CHEMBL204_Ki,178,morgan,xgboost,crem_lime,0.02648305197952891,0.3235321217125655,0.3261696019163208
CHEMBL204_Ki,178,morgan,xgboost,crem_mean,0.0039839498142226325,0.0,0.0039839498142226325
CHEMBL204_Ki,178,unimol,mlp,crem_lime,0.035589311956252506,0.023474585520666405,0.04653617941565258
CHEMBL204_Ki,178,unimol,mlp,crem_mean,0.0038542341999529494,0.012991268653903983,0.011214354608648681
CHEMBL204_Ki,178,unimol,xgboost,crem_lime,0.0468084007056201,0.08266304480163619,0.12854109149398008
CHEMBL204_Ki,178,unimol,xgboost,crem_mean,0.0017217535396710844,0.027019989617288125,0.027121555346115822
CHEMBL204_Ki,189,molformer,mlp,crem_lime,0.02635947469954595,0.12192884384553669,0.11614037396825412
CHEMBL204_Ki,189,molformer,mlp,crem_mean,0.07281950709731456,0.14945432326550773,0.1138235440788437
CHEMBL204_Ki,189,molformer,xgboost,crem_lime,0.02712457481154418,0.1429889305118478,0.17009002521440422
CHEMBL204_Ki,189,molformer,xgboost,crem_mean,0.015857622621471643,0.045918368756471546,0.03298660396382709
CHEMBL204_Ki,189,morgan,mlp,crem_lime,0.18110303045786366,0.22644619789362191,0.4016809484119372
CHEMBL204_Ki,189,morgan,mlp,crem_mean,0.0837693190433546,0.10310681827728638,0.09516351877858287
CHEMBL204_Ki,189,morgan,xgboost,crem_lime,0.10720755203899285,0.015689417723505523,0.0969639499093164
CHEMBL204_Ki,189,morgan,xgboost,crem_mean,0.03886479949123333,0.0,0.03886479949123333
CHEMBL204_Ki,189,unimol,mlp,crem_lime,0.020012612940295816,0.11271236560892943,0.11170920640282893
CHEMBL204_Ki,189,unimol,mlp,crem_mean,0.007797233090105012,0.0837392370813468,0.08980885315507331
CHEMBL204_Ki,189,unimol,xgboost,crem_lime,0.006128914028912805,0.2949604681613443,0.2904513506584747
CHEMBL204_Ki,189,unimol,xgboost,crem_mean,0.02446188590347156,0.10923898359745475,0.10794970314664054
CHEMBL2147_Ki,6,molformer,mlp,crem_lime,0.01655408472597374,0.4255882541214302,0.4374567638640889
CHEMBL2147_Ki,6,molformer,mlp,crem_mean,0.09016020983224816,0.27843439357570793,0.3498051011744025
CHEMBL2147_Ki,6,molformer,xgboost,crem_lime,0.3216144773949355,0.3607683020627536,0.4387219181376149
CHEMBL2147_Ki,6,molformer,xgboost,crem_mean,0.14713680255214884,0.1916293575645707,0.19490056701730754
CHEMBL2147_Ki,6,morgan,mlp,crem_lime,0.2881866117460192,0.12646414111273271,0.4088581474349163
CHEMBL2147_Ki,6,morgan,mlp,crem_mean,0.21221314018008086,0.32005386108226197,0.41229498671057835
CHEMBL2147_Ki,6,morgan,xgboost,crem_lime,0.3132402997971898,0.27300005799049776,0.582149466054456
CHEMBL2147_Ki,6,morgan,xgboost,crem_mean,0.07836087091706262,0.18047995499306224,0.24814309462439815
CHEMBL2147_Ki,6,unimol,mlp,crem_lime,0.3167645379517985,0.1569747187280898,0.41774725872701285
CHEMBL2147_Ki,6,unimol,mlp,crem_mean,0.10325052293365909,0.2918018746831015,0.35908002073766926
CHEMBL2147_Ki,6,unimol,xgboost,crem_lime,0.2004643509416887,0.19038730049299393,0.33736531270526365
CHEMBL2147_Ki,6,unimol,xgboost,crem_mean,0.09916374441131166,0.1791882324556434,0.23056535248157722
CHEMBL2147_Ki,7,molformer,mlp,crem_lime,0.002720244974301201,0.10305608555298448,0.10529627706652162
CHEMBL2147_Ki,7,molformer,mlp,crem_mean,0.01345737105144913,0.035493882628686746,0.024054904394554894
CHEMBL2147_Ki,7,molformer,xgboost,crem_lime,0.004712708151642282,0.37562184226762124,0.3732913587955592
CHEMBL2147_Ki,7,molformer,xgboost,crem_mean,0.0015875751765844321,0.20915983579967745,0.20876929163554248
CHEMBL2147_Ki,7,morgan,mlp,crem_lime,0.004781627088641745,0.039260189212084205,0.04403239847996252
CHEMBL2147_Ki,7,morgan,mlp,crem_mean,0.009214048567216984,0.03045507784978092,0.03966909407843042
CHEMBL2147_Ki,7,morgan,xgboost,crem_lime,0.004909473934810645,0.032717867787398235,0.03619645124212364
CHEMBL2147_Ki,7,morgan,xgboost,crem_mean,0.002690194933486855,0.012551906433615305,0.011599055463800186
CHEMBL2147_Ki,7,unimol,mlp,crem_lime,0.004706689442967442,0.4371442402981181,0.43430428072822513
CHEMBL2147_Ki,7,unimol,mlp,crem_mean,0.005025912538609155,0.2655119593701036,0.26116305740633367
CHEMBL2147_Ki,7,unimol,xgboost,crem_lime,0.05447003050327183,0.5132185817488806,0.5571125622814681
CHEMBL2147_Ki,7,unimol,xgboost,crem_mean,0.032723933349443006,0.1763996501945865,0.20790358837911344
CHEMBL2147_Ki,8,molformer,mlp,crem_lime,0.12582127615087152,0.10789737238583197,0.13843831579243582
CHEMBL2147_Ki,8,molformer,mlp,crem_mean,0.16174283973273246,0.31591250017519645,0.28251325781176134
CHEMBL2147_Ki,8,molformer,xgboost,crem_lime,0.2100268473267801,0.33556123003770594,0.4879011454635489
CHEMBL2147_Ki,8,molformer,xgboost,crem_mean,0.1404691329254948,0.16258425527929948,0.2713031671844322
CHEMBL2147_Ki,8,morgan,mlp,crem_lime,0.2775848165650092,0.3982503947359444,0.5272856995364146
CHEMBL2147_Ki,8,morgan,mlp,crem_mean,0.23490334553899597,0.22580661614074585,0.224600590415117
CHEMBL2147_Ki,8,morgan,xgboost,crem_lime,0.21790219780620396,0.1790624241413257,0.06902711458936113
CHEMBL2147_Ki,8,morgan,xgboost,crem_mean,0.3572518668857507,0.13174209885657506,0.37024902915814284
CHEMBL2147_Ki,8,unimol,mlp,crem_lime,0.32943779649032934,0.13037630592450883,0.4100460760583782
CHEMBL2147_Ki,8,unimol,mlp,crem_mean,0.2772394611175789,0.08086224288787487,0.32041784355021163
CHEMBL2147_Ki,8,unimol,xgboost,crem_lime,0.02410012849893941,0.09497692591792538,0.11007259832876169
CHEMBL2147_Ki,8,unimol,xgboost,crem_mean,0.3884358911630334,0.2265697481555251,0.5632522581127215
CHEMBL2147_Ki,13,molformer,mlp,crem_lime,0.0,0.0,0.0
CHEMBL2147_Ki,13,molformer,mlp,crem_mean,0.0,0.0,0.0
CHEMBL2147_Ki,13,molformer,xgboost,crem_lime,0.0,0.0,0.0
CHEMBL2147_Ki,13,molformer,xgboost,crem_mean,0.0,0.0,0.0
CHEMBL2147_Ki,13,morgan,mlp,crem_lime,0.0,0.0,0.0
CHEMBL2147_Ki,13,morgan,mlp,crem_mean,0.0,0.0,0.0
CHEMBL2147_Ki,13,morgan,xgboost,crem_lime,0.0,0.0,0.0
CHEMBL2147_Ki,13,morgan,xgboost,crem_mean,0.0,0.0,0.0
CHEMBL2147_Ki,13,unimol,mlp,crem_lime,0.0,0.0,0.0
CHEMBL2147_Ki,13,unimol,mlp,crem_mean,0.0,0.0,0.0
CHEMBL2147_Ki,13,unimol,xgboost,crem_lime,0.0,0.0,0.0
CHEMBL2147_Ki,13,unimol,xgboost,crem_mean,0.0,0.0,0.0
CHEMBL2147_Ki,15,molformer,mlp,crem_lime,0.10572046298826292,0.2837366173466257,0.37367872615675546
CHEMBL2147_Ki,15,molformer,mlp,crem_mean,0.047363657040977836,0.24169993114888821,0.2889350708456583
CHEMBL2147_Ki,15,molformer,xgboost,crem_lime,0.07609699737983912,0.05387019819343045,0.06301360774889006
CHEMBL2147_Ki,15,molformer,xgboost,crem_mean,0.06272323220101994,0.2796367535095765,0.21699786065359825
CHEMBL2147_Ki,15,morgan,mlp,crem_lime,0.13495701910840294,0.17209584542741022,0.08361566250848929
CHEMBL2147_Ki,15,morgan,mlp,crem_mean,0.26001827591582544,0.34684275636360096,0.4100976323042526
CHEMBL2147_Ki,15,morgan,xgboost,crem_lime,0.32259887474986104,0.1419540671449435,0.28417371132067076
CHEMBL2147_Ki,15,morgan,xgboost,crem_mean,0.15918813485432554,0.208714660774099,0.1680809293639767
CHEMBL2147_Ki,15,unimol,mlp,crem_lime,0.05631064535347442,0.02848917071824829,0.028041540680785185
CHEMBL2147_Ki,15,unimol,mlp,crem_mean,0.06957278321695293,0.2017736531207519,0.17186411638631144
CHEMBL2147_Ki,15,unimol,xgboost,crem_lime,0.03533035579019739,0.11477796608919331,0.1499997743991349
CHEMBL2147_Ki,15,unimol,xgboost,crem_mean,0.1000009805350748,0.08705003289317442,0.17290836351274605
CHEMBL2147_Ki,18,molformer,mlp,crem_lime,0.014273232385404898,0.22543906559889265,0.22731071430065258
CHEMBL2147_Ki,18,molformer,mlp,crem_mean,0.028754831541117236,0.18336346343551194,0.154752593170246
CHEMBL2147_Ki,18,molformer,xgboost,crem_lime,0.2942023087911011,0.3601606441621695,0.6080751527701167
CHEMBL2147_Ki,18,molformer,xgboost,crem_mean,0.010765692378555396,0.15000238885359723,0.1392926169585157
CHEMBL2147_Ki,18,morgan,mlp,crem_lime,0.17472858705168154,0.19208754669834602,0.26253685468911736
CHEMBL2147_Ki,18,morgan,mlp,crem_mean,0.018827082112073297,0.08761450636087276,0.106429395227063
CHEMBL2147_Ki,18,morgan,xgboost,crem_lime,0.003975498193886052,0.11430184205740171,0.116913049542575
CHEMBL2147_Ki,18,morgan,xgboost,crem_mean,0.02295796786747546,0.20578667224239905,0.18288428754404892
CHEMBL2147_Ki,18,unimol,mlp,crem_lime,0.3214993147011799,0.3206269839302906,0.5525881336907604
CHEMBL2147_Ki,18,unimol,mlp,crem_mean,0.21320796761630295,0.031740676557718145,0.24119609980615747
CHEMBL2147_Ki,18,unimol,xgboost,crem_lime,0.09538122596099925,0.12803214804232016,0.032693892111070134
CHEMBL2147_Ki,18,unimol,xgboost,crem_mean,0.00547739697960173,0.03037072659917485,0.027262617838777276
CHEMBL2147_Ki,36,molformer,mlp,crem_lime,0.12576671932185354,0.29434050966808184,0.23469067435715327
CHEMBL2147_Ki,36,molformer,mlp,crem_mean,0.10685457694135507,0.1737487631334237,0.16179458415067222
CHEMBL2147_Ki,36,molformer,xgboost,crem_lime,0.005787796942266792,0.2136235465118281,0.2184199139659415
CHEMBL2147_Ki,36,molformer,xgboost,crem_mean,0.043254237868652116,0.28346017413747465,0.2665893743917124
CHEMBL2147_Ki,36,morgan,mlp,crem_lime,0.0073073381017612375,0.4917806198645256,0.49746790985261835
CHEMBL2147_Ki,36,morgan,mlp,crem_mean,0.018716759122133775,0.20792237472301273,0.19364845719215637
CHEMBL2147_Ki,36,morgan,xgboost,crem_lime,0.008070399345469995,0.4279446541123523,0.4214644964053339
CHEMBL2147_Ki,36,morgan,xgboost,crem_mean,0.0026971372111771474,0.3649476231220431,0.36225608565855943
CHEMBL2147_Ki,36,unimol,mlp,crem_lime,0.006511446014743463,0.10480071856921144,0.11125171925236532
CHEMBL2147_Ki,36,unimol,mlp,crem_mean,0.024014984868685023,0.0658316970879964,0.07097221080775637
CHEMBL2147_Ki,36,unimol,xgboost,crem_lime,0.04922461962739578,0.26341994514093664,0.3126131754239651
CHEMBL2147_Ki,36,unimol,xgboost,crem_mean,0.005321285765846305,0.31716644075274814,0.3172023576135121
CHEMBL2147_Ki,39,molformer,mlp,crem_lime,0.08087188929828014,0.037929735149419254,0.06802007710145094
CHEMBL2147_Ki,39,molformer,mlp,crem_mean,0.014719483337955456,0.05148791424552242,0.06401546526784632
CHEMBL2147_Ki,39,molformer,xgboost,crem_lime,0.02302855100115166,0.07624708058146906,0.06182034219329479
CHEMBL2147_Ki,39,molformer,xgboost,crem_mean,0.0331829806689899,0.0683345290614856,0.035652750657181584
CHEMBL2147_Ki,39,morgan,mlp,crem_lime,0.24601467963506163,0.1725666813811582,0.27692485037356995
CHEMBL2147_Ki,39,morgan,mlp,crem_mean,0.11763544839153073,0.04055471942097173,0.14491719418374424
CHEMBL2147_Ki,39,morgan,xgboost,crem_lime,0.007254463531024575,0.20686408742836768,0.20017591135217364
CHEMBL2147_Ki,39,morgan,xgboost,crem_mean,0.027257028093280324,0.142236793086304,0.161635728840481
CHEMBL2147_Ki,39,unimol,mlp,crem_lime,0.1394764507282779,0.06818635935587063,0.1617750207048427
CHEMBL2147_Ki,39,unimol,mlp,crem_mean,0.07162758046944134,0.04301671751496261,0.0669044932904143
CHEMBL2147_Ki,39,unimol,xgboost,crem_lime,0.11121861983875178,0.11135954110482091,0.030577087775782972
CHEMBL2147_Ki,39,unimol,xgboost,crem_mean,0.025269429202545997,0.09707958350066548,0.08036822246671588
CHEMBL2147_Ki,42,molformer,mlp,crem_lime,0.07011965431475274,0.15274057714490002,0.21842036495554237
CHEMBL2147_Ki,42,molformer,mlp,crem_mean,0.0,0.0028973179892121314,0.00289731798921213
CHEMBL2147_Ki,42,molformer,xgboost,crem_lime,0.024547572230430012,0.02487780701135422,0.009158750743837606
CHEMBL2147_Ki,42,molformer,xgboost,crem_mean,0.0021650635094610914,0.013873733050264387,0.01602914825404014
CHEMBL2147_Ki,42,morgan,mlp,crem_lime,0.0776042733491835,0.018753470924045224,0.05886243563539388
CHEMBL2147_Ki,42,morgan,mlp,crem_mean,0.006054927393068433,0.016438041069874357,0.02036981544074998
CHEMBL2147_Ki,42,morgan,xgboost,crem_lime,0.007189265228291763,0.34580308948641697,0.3420571199400982
CHEMBL2147_Ki,42,morgan,xgboost,crem_mean,0.002345101254075933,0.01698407576294391,0.015219949295618467
CHEMBL2147_Ki,42,unimol,mlp,crem_lime,0.09647734102049746,0.023393780223981628,0.11977130387706644
CHEMBL2147_Ki,42,unimol,mlp,crem_mean,0.0012788118028708192,0.018484336681565072,0.01856050696480879
CHEMBL2147_Ki,42,unimol,xgboost,crem_lime,0.07023784805990126,0.04099103033090969,0.11042334895434391
CHEMBL2147_Ki,42,unimol,xgboost,crem_mean,0.0027093111476315236,0.038077190665536075,0.04057119535010466
CHEMBL2147_Ki,44,molformer,mlp,crem_lime,0.0018038333530177718,0.03934779324145632,0.03763301374813128
CHEMBL2147_Ki,44,molformer,mlp,crem_mean,0.007876695253500352,0.06184704501184314,0.05532926610518221
CHEMBL2147_Ki,44,molformer,xgboost,crem_lime,0.01590734259946015,0.22856665087104952,0.21604638041511978
CHEMBL2147_Ki,44,molformer,xgboost,crem_mean,0.00958709408630887,0.21002236106620434,0.21524343071160876
CHEMBL2147_Ki,44,morgan,mlp,crem_lime,0.22351872778006643,0.019130853199925718,0.2408455589701739
CHEMBL2147_Ki,44,morgan,mlp,crem_mean,0.02295891935962189,0.17732007160257454,0.177164220600219
CHEMBL2147_Ki,44,morgan,xgboost,crem_lime,0.0012154799620062075,0.3187035426726572,0.3181055265838141
CHEMBL2147_Ki,44,morgan,xgboost,crem_mean,0.00882065909664067,0.10537374472825985,0.09801569068727473
CHEMBL2147_Ki,44,unimol,mlp,crem_lime,0.03947469528066072,0.11209422881733935,0.07324546342418511
CHEMBL2147_Ki,44,unimol,mlp,crem_mean,0.15563007814324828,0.10679337809444746,0.18845550814473366
CHEMBL2147_Ki,44,unimol,xgboost,crem_lime,0.047691151285707466,0.04277745068747443,0.08819252730530519
CHEMBL2147_Ki,44,unimol,xgboost,crem_mean,0.027666979741457175,0.09543201619648267,0.10917181127735719
CHEMBL2147_Ki,48,molformer,mlp,crem_lime,0.19997938122672787,0.20072971458258854,0.1937339754959908
CHEMBL2147_Ki,48,molformer,mlp,crem_mean,0.025007947115933175,0.045373237882519804,0.03534328580791757
CHEMBL2147_Ki,48,molformer,xgboost,crem_lime,0.07722515066454147,0.0681307820581812,0.12923436854393602
CHEMBL2147_Ki,48,molformer,xgboost,crem_mean,0.0425199926198577,0.14131968020131264,0.150322772218122
CHEMBL2147_Ki,48,morgan,mlp,crem_lime,0.007042172416748952,0.2930687537978521,0.29158019309879957
CHEMBL2147_Ki,48,morgan,mlp,crem_mean,0.023811224086603664,0.3086995230467279,0.2916574241618525
CHEMBL2147_Ki,48,morgan,xgboost,crem_lime,0.01697071487557023,0.251619419861049,0.24545554769237035
CHEMBL2147_Ki,48,morgan,xgboost,crem_mean,0.009626974818300741,0.370285978324084,0.36519912040741376
CHEMBL2147_Ki,48,unimol,mlp,crem_lime,0.06299818272849532,0.1493777796499647,0.12638801717081033
CHEMBL2147_Ki,48,unimol,mlp,crem_mean,0.14008461729256458,0.16715436961118457,0.2965261249918806
CHEMBL2147_Ki,48,unimol,xgboost,crem_lime,0.15603338641063208,0.1559317592904055,0.14779971952343174
CHEMBL2147_Ki,48,unimol,xgboost,crem_mean,0.09005735189181406,0.18373715449694733,0.09412843841129973
CHEMBL2147_Ki,51,molformer,mlp,crem_lime,0.02085085764274596,0.10044159576799482,0.08389762188306697
CHEMBL2147_Ki,51,molformer,mlp,crem_mean,0.011738519813679921,0.026167360588921863,0.03784401033651868
CHEMBL2147_Ki,51,molformer,xgboost,crem_lime,0.006313430238520509,0.055641596787002354,0.05809717560093286
CHEMBL2147_Ki,51,molformer,xgboost,crem_mean,0.0014661561572989444,0.2252563895723437,0.2262286197920234
CHEMBL2147_Ki,51,morgan,mlp,crem_lime,0.03752891078598927,0.07349011068837256,0.10289051247918353
CHEMBL2147_Ki,51,morgan,mlp,crem_mean,0.005411995999210157,0.04642906787441228,0.05039084362100151
CHEMBL2147_Ki,51,morgan,xgboost,crem_lime,0.001663431363552318,0.2242050551893872,0.22347347797036837
CHEMBL2147_Ki,51,morgan,xgboost,crem_mean,0.003912190492715531,0.1711767041200467,0.16769247318529779
CHEMBL2147_Ki,51,unimol,mlp,crem_lime,0.02358781306631115,0.1449792200050144,0.12253687877062618
CHEMBL2147_Ki,51,unimol,mlp,crem_mean,0.03708024189209703,0.19330475035400074,0.1566495722328956
CHEMBL2147_Ki,51,unimol,xgboost,crem_lime,0.03487813951856722,0.16677997030744482,0.1365290617951308
CHEMBL2147_Ki,51,unimol,xgboost,crem_mean,0.07787120069807357,0.06759468169513533,0.031437970398121025
CHEMBL2147_Ki,52,molformer,mlp,crem_lime,0.014378183499430172,0.04955995365993291,0.05316783601342461
CHEMBL2147_Ki,52,molformer,mlp,crem_mean,0.03350293309426072,0.013634225180537808,0.04257580776217527
CHEMBL2147_Ki,52,molformer,xgboost,crem_lime,0.07826280778910884,0.08733299050026218,0.018215434387591285
CHEMBL2147_Ki,52,molformer,xgboost,crem_mean,0.10617075431213788,0.15523908313094184,0.10933219569109537
CHEMBL2147_Ki,52,morgan,mlp,crem_lime,0.14103613122187567,0.26891186895370756,0.39643495476076984
CHEMBL2147_Ki,52,morgan,mlp,crem_mean,0.04328405851173151,0.07011863667608571,0.07070721848655248
CHEMBL2147_Ki,52,morgan,xgboost,crem_lime,0.05333189538803476,0.1980693284547328,0.14477118472726583
CHEMBL2147_Ki,52,morgan,xgboost,crem_mean,0.03875555601284409,0.163998382251462,0.1532251724172764
CHEMBL2147_Ki,52,unimol,mlp,crem_lime,0.018997680282923864,0.10309225469094667,0.11413296555310629
CHEMBL2147_Ki,52,unimol,mlp,crem_mean,0.04859108683442871,0.10795733549694299,0.06543070001829364
CHEMBL2147_Ki,52,unimol,xgboost,crem_lime,0.05504175435298276,0.022636957942535597,0.0370589430597381
CHEMBL2147_Ki,52,unimol,xgboost,crem_mean,0.06518470885139345,0.025440301947972737,0.0880538089150194
CHEMBL218_EC50,2,molformer,mlp,crem_lime,0.2540982445015658,0.04124099406841796,0.2616683588762862
CHEMBL218_EC50,2,molformer,mlp,crem_mean,0.11870784275947747,0.04063758482639976,0.12952461589557557
CHEMBL218_EC50,2,molformer,xgboost,crem_lime,0.21077998917595825,0.05286368261427263,0.26108021405720794
CHEMBL218_EC50,2,molformer,xgboost,crem_mean,0.14560091083703972,0.019731357595779455,0.15741497208395833
CHEMBL218_EC50,2,morgan,mlp,crem_lime,0.1018833715636151,0.21485185193311954,0.12102529284007879
CHEMBL218_EC50,2,morgan,mlp,crem_mean,0.01293224876549659,0.0317853888091593,0.044560108026382814
CHEMBL218_EC50,2,morgan,xgboost,crem_lime,0.009065766257163425,0.014243982442164863,0.01725042884325651
CHEMBL218_EC50,2,morgan,xgboost,crem_mean,0.018523315226927448,0.10239797227136757,0.11716525960992574
CHEMBL218_EC50,2,unimol,mlp,crem_lime,0.03396594261867175,0.04432400534974707,0.0778181073256139
CHEMBL218_EC50,2,unimol,mlp,crem_mean,0.09041885592131786,0.08687510755661167,0.14452134799415908
CHEMBL218_EC50,2,unimol,xgboost,crem_lime,0.021068851188293058,0.03002633739983096,0.049946644951087964
CHEMBL218_EC50,2,unimol,xgboost,crem_mean,0.09340682737060951,0.03974290831990464,0.054282559873865315
CHEMBL218_EC50,3,molformer,mlp,crem_lime,0.08422400088467927,0.047647990160566006,0.13172641375511882
CHEMBL218_EC50,3,molformer,mlp,crem_mean,0.14169251085425857,0.13129180761088813,0.26527002281825696
CHEMBL218_EC50,3,molformer,xgboost,crem_lime,0.15270443752009738,0.2445945126757149,0.15908825055472742
CHEMBL218_EC50,3,molformer,xgboost,crem_mean,0.10391513747083268,0.043857004152198266,0.1457765889556831
CHEMBL218_EC50,3,morgan,mlp,crem_lime,0.10989357397764968,0.3063882199504742,0.3855331707443971
CHEMBL218_EC50,3,morgan,mlp,crem_mean,0.0481302410498978,0.00803393735432056,0.046644606590553084
CHEMBL218_EC50,3,morgan,xgboost,crem_lime,0.20475341505598385,0.298770313864616,0.48020576820400707
CHEMBL218_EC50,3,morgan,xgboost,crem_mean,0.10785497627988518,0.08895972055709782,0.15972375305491954
CHEMBL218_EC50,3,unimol,mlp,crem_lime,0.05677075156418077,0.15634526175160043,0.2109763054000797
CHEMBL218_EC50,3,unimol,mlp,crem_mean,0.009814476977693507,0.12127919331732324,0.12868659858519682
CHEMBL218_EC50,3,unimol,xgboost,crem_lime,0.2190466632795468,0.3046102281367511,0.22213822927717822
CHEMBL218_EC50,3,unimol,xgboost,crem_mean,0.11488523811656326,0.11691606639303302,0.18457441775900513
CHEMBL218_EC50,4,molformer,mlp,crem_lime,0.04705075372483499,0.037724234889749096,0.060154960515282345
CHEMBL218_EC50,4,molformer,mlp,crem_mean,0.04701663958406058,0.12473636501027667,0.08032839835104616
CHEMBL218_EC50,4,molformer,xgboost,crem_lime,0.07581637330141025,0.1117379130262569,0.1810081277721977
CHEMBL218_EC50,4,molformer,xgboost,crem_mean,0.08636079942796325,0.07766676940822659,0.13468339933303144
CHEMBL218_EC50,4,morgan,mlp,crem_lime,0.0637994380979393,0.0619535110136521,0.08709068058136503
CHEMBL218_EC50,4,morgan,mlp,crem_mean,0.07885968797413026,0.2306794783567111,0.2537084106567722
CHEMBL218_EC50,4,morgan,xgboost,crem_lime,0.08503571779387074,0.13146526155412122,0.1888546432317514
CHEMBL218_EC50,4,morgan,xgboost,crem_mean,0.0760440941206006,0.2078048689067571,0.15374142812585345
CHEMBL218_EC50,4,unimol,mlp,crem_lime,0.04642665431818251,0.18667301974922648,0.15835724671310306
CHEMBL218_EC50,4,unimol,mlp,crem_mean,0.08202607167220806,0.18760515036870792,0.11454356139211522
CHEMBL218_EC50,4,unimol,xgboost,crem_lime,0.08408589247836289,0.037634993046160414,0.08167276954431038
CHEMBL218_EC50,4,unimol,xgboost,crem_mean,0.10543147714803136,0.018530844443952865,0.11827806903448601
CHEMBL218_EC50,17,molformer,mlp,crem_lime,0.28749734450371645,0.3227148965022431,0.041741943666710385
CHEMBL218_EC50,17,molformer,mlp,crem_mean,0.018100313008038507,0.07055243950122533,0.08127214775061066
CHEMBL218_EC50,17,molformer,xgboost,crem_lime,0.2585553733401469,0.17684296653174722,0.34892094455275596
CHEMBL218_EC50,17,molformer,xgboost,crem_mean,0.0573738329085755,0.14694637324496257,0.1975070832821299
CHEMBL218_EC50,17,morgan,mlp,crem_lime,0.028486916027982024,0.4226938545108633,0.41106711552591196
CHEMBL218_EC50,17,morgan,mlp,crem_mean,0.13571740340850882,0.18746423155641034,0.08504155510540529
CHEMBL218_EC50,17,morgan,xgboost,crem_lime,0.0074169789998146125,0.5465987788923692,0.5396174070462697
CHEMBL218_EC50,17,morgan,xgboost,crem_mean,0.03278562831713989,0.12559931090277687,0.09669538350347155
CHEMBL218_EC50,17,unimol,mlp,crem_lime,0.14690892168222805,0.339379432102823,0.46346360993857116
CHEMBL218_EC50,17,unimol,mlp,crem_mean,0.02051329661145901,0.16060685434255711,0.17106564734445198
CHEMBL218_EC50,17,unimol,xgboost,crem_lime,0.2279129662569144,0.0633181238688921,0.2864742020038099
CHEMBL218_EC50,17,unimol,xgboost,crem_mean,0.024598584945732895,0.19889798446960652,0.1747868846999958
CHEMBL218_EC50,27,molformer,mlp,crem_lime,0.08638823143353207,0.33108512229028014,0.33111912364538265
CHEMBL218_EC50,27,molformer,mlp,crem_mean,0.07537123867707113,0.1594996422086702,0.22599166384787833
CHEMBL218_EC50,27,molformer,xgboost,crem_lime,0.16493482716401986,0.14795165142953284,0.26614541251162016
CHEMBL218_EC50,27,molformer,xgboost,crem_mean,0.26788632235380344,0.13176152853280745,0.39170963102078227
CHEMBL218_EC50,27,morgan,mlp,crem_lime,0.17541571975749307,0.24237160009589437,0.07304996670686886
CHEMBL218_EC50,27,morgan,mlp,crem_mean,0.23450962618329246,0.16986680108458882,0.07661739377768911
CHEMBL218_EC50,27,morgan,xgboost,crem_lime,0.016096663632346457,0.13423709036982306,0.13253108322848792
CHEMBL218_EC50,27,morgan,xgboost,crem_mean,0.0054834123986666665,0.06327799389914493,0.05963135824615009
CHEMBL218_EC50,27,unimol,mlp,crem_lime,0.07028513858048299,0.02640671509602008,0.06544821302383656
CHEMBL218_EC50,27,unimol,mlp,crem_mean,0.029597220441555886,0.24069807905506793,0.22279805599474087
CHEMBL218_EC50,27,unimol,xgboost,crem_lime,0.006633940049158211,0.15892939095596711,0.16116532357523383
CHEMBL218_EC50,27,unimol,xgboost,crem_mean,0.05902529273856958,0.1896454491471933,0.14592212129945079
CHEMBL218_EC50,29,molformer,mlp,crem_lime,0.019379487183827114,0.1586624522721411,0.1393032449939972
CHEMBL218_EC50,29,molformer,mlp,crem_mean,0.05046713039610453,0.051444666412034844,0.04440256188448334
CHEMBL218_EC50,29,molformer,xgboost,crem_lime,0.07671423702631668,0.14657354232717526,0.22061501271071585
CHEMBL218_EC50,29,molformer,xgboost,crem_mean,0.20950569204532485,0.21104425973854546,0.41691456174638636
CHEMBL218_EC50,29,morgan,mlp,crem_lime,0.12861595205859433,0.15143819906174008,0.02284783136058625
CHEMBL218_EC50,29,morgan,mlp,crem_mean,0.24720920816731545,0.1454677595062616,0.1625949803309136
CHEMBL218_EC50,29,morgan,xgboost,crem_lime,0.08569105538208364,0.047569475071037134,0.09239039287835235
CHEMBL218_EC50,29,morgan,xgboost,crem_mean,0.1427552358646824,0.0971811262481888,0.08569094457172008
CHEMBL218_EC50,29,unimol,mlp,crem_lime,0.09737066649365891,0.1295450787838282,0.21286589212792825
CHEMBL218_EC50,29,unimol,mlp,crem_mean,0.19937490873704908,0.1604022032960475,0.18619573331450653
CHEMBL218_EC50,29,unimol,xgboost,crem_lime,0.07944973495505056,0.0971828135037051,0.03189092183729367
CHEMBL218_EC50,29,unimol,xgboost,crem_mean,0.08401367137552876,0.24056768385822963,0.20737921030515838
CHEMBL218_EC50,31,molformer,mlp,crem_lime,0.05716708508837099,0.09567900185306703,0.12741489330382122
CHEMBL218_EC50,31,molformer,mlp,crem_mean,0.01672716705560323,0.020816030113639514,0.03257757573152614
CHEMBL218_EC50,31,molformer,xgboost,crem_lime,0.0284409669345997,0.166725528197771,0.1590027364595319
CHEMBL218_EC50,31,molformer,xgboost,crem_mean,0.021937005446400745,0.033305950582747455,0.05229699731368034
CHEMBL218_EC50,31,morgan,mlp,crem_lime,0.08669477320961995,0.4007091219087994,0.44771633895439406
CHEMBL218_EC50,31,morgan,mlp,crem_mean,0.027020808320589857,0.12118188298753127,0.11163434309519765
CHEMBL218_EC50,31,morgan,xgboost,crem_lime,0.2852314115889469,0.049791067206920996,0.2814526909371782
CHEMBL218_EC50,31,morgan,xgboost,crem_mean,0.043462031490869586,0.01743204192232295,0.04508473677314638
CHEMBL218_EC50,31,unimol,mlp,crem_lime,0.17989138334746027,0.32594743744368443,0.47748953819213436
CHEMBL218_EC50,31,unimol,mlp,crem_mean,0.015091269604913304,0.05365745643613136,0.06386736512139415
CHEMBL218_EC50,31,unimol,xgboost,crem_lime,0.09109454852985722,0.08986445086033686,0.030078736205053833
CHEMBL218_EC50,31,unimol,xgboost,crem_mean,0.011827289837295241,0.020816030113639517,0.02862497364196542
CHEMBL218_EC50,36,molformer,mlp,crem_lime,0.028504848533001927,0.016052268618537494,0.01375494371436265
CHEMBL218_EC50,36,molformer,mlp,crem_mean,0.21015021831710853,0.09531358021964993,0.16571702124001608
CHEMBL218_EC50,36,molformer,xgboost,crem_lime,0.035743802650965384,0.02132273464967833,0.05170710643631776
CHEMBL218_EC50,36,molformer,xgboost,crem_mean,0.028179555434904625,0.09368063536098747,0.11512825564833534
CHEMBL218_EC50,36,morgan,mlp,crem_lime,0.11667371852697045,0.07372215011256132,0.1360291669178762
CHEMBL218_EC50,36,morgan,mlp,crem_mean,0.095186373161014,0.35275901591634284,0.43387489253894856
CHEMBL218_EC50,36,morgan,xgboost,crem_lime,0.012377912432907544,0.055263350413991295,0.06589896204409297
CHEMBL218_EC50,36,morgan,xgboost,crem_mean,0.02920585869901391,0.16266555687357506,0.18983497115553438
CHEMBL218_EC50,36,unimol,mlp,crem_lime,0.044179643964564724,0.055446286348004255,0.07109931519869987
CHEMBL218_EC50,36,unimol,mlp,crem_mean,0.3174724044522141,0.07884446605956907,0.36192503460473996
CHEMBL218_EC50,36,unimol,xgboost,crem_lime,0.03550311296859834,0.09078763659047089,0.09196899829902641
CHEMBL218_EC50,36,unimol,xgboost,crem_mean,0.14909851757819448,0.1560545511355267,0.26365814911058244
CHEMBL218_EC50,47,molformer,mlp,crem_lime,0.26948262533917744,0.0627816730690044,0.228326614012477
CHEMBL218_EC50,47,molformer,mlp,crem_mean,0.28174777635148546,0.09776625593710497,0.3441758688406783
CHEMBL218_EC50,47,molformer,xgboost,crem_lime,0.026947961229800997,0.08614061371009891,0.05942065208104298
CHEMBL218_EC50,47,molformer,xgboost,crem_mean,0.15317268605665932,0.19487288024506258,0.2552258240738986
CHEMBL218_EC50,47,morgan,mlp,crem_lime,0.10008356313259142,0.36071923941666895,0.430356779349876
CHEMBL218_EC50,47,morgan,mlp,crem_mean,0.07312702968780613,0.3055172333193109,0.3727114046531793
CHEMBL218_EC50,47,morgan,xgboost,crem_lime,0.03423057567581327,0.04862521936633983,0.07021217956854947
CHEMBL218_EC50,47,morgan,xgboost,crem_mean,0.09883700691920572,0.2615620769513936,0.34876597771582935
CHEMBL218_EC50,47,unimol,mlp,crem_lime,0.031110693529295304,0.22742147200869808,0.2549929388295698
CHEMBL218_EC50,47,unimol,mlp,crem_mean,0.023765297949289693,0.16796133434753646,0.18854429605599368
CHEMBL218_EC50,47,unimol,xgboost,crem_lime,0.12887306036554244,0.022408937657080814,0.13798362821126553
CHEMBL218_EC50,47,unimol,xgboost,crem_mean,0.03160501324322922,0.06013952591398039,0.03830571829903389
CHEMBL218_EC50,49,molformer,mlp,crem_lime,0.07202248224439667,0.05936807053689906,0.0478120768705827
CHEMBL218_EC50,49,molformer,mlp,crem_mean,0.016035085277999666,0.09070624720188947,0.07596471626631748
CHEMBL218_EC50,49,molformer,xgboost,crem_lime,0.06358000377622305,0.09662742570747172,0.09216329789962062
CHEMBL218_EC50,49,molformer,xgboost,crem_mean,0.10297375311577509,0.14657551098586918,0.2113891850800893
CHEMBL218_EC50,49,morgan,mlp,crem_lime,0.1256912186958149,0.09742197302724766,0.06454512984278342
CHEMBL218_EC50,49,morgan,mlp,crem_mean,0.033335929556272015,0.23544921919140807,0.2546538049764717
CHEMBL218_EC50,49,morgan,xgboost,crem_lime,0.004615200047784033,0.2432784563552832,0.23969984123076085
CHEMBL218_EC50,49,morgan,xgboost,crem_mean,0.038408440967576944,0.1658003231474506,0.15179837710967978
CHEMBL218_EC50,49,unimol,mlp,crem_lime,0.10926422329075756,0.12345192404964282,0.22703473977183966
CHEMBL218_EC50,49,unimol,mlp,crem_mean,0.17805084890304543,0.15387118953402812,0.16288651237458343
CHEMBL218_EC50,49,unimol,xgboost,crem_lime,0.2590058894117245,0.10200582906403304,0.32573846490737657
CHEMBL218_EC50,49,unimol,xgboost,crem_mean,0.04488801445260676,0.06285549003983192,0.10652025494433122
CHEMBL218_EC50,50,molformer,mlp,crem_lime,0.1404262534626785,0.23502544050931004,0.3544169905884985
CHEMBL218_EC50,50,molformer,mlp,crem_mean,0.12081539401229298,0.10158692232972621,0.14001241643212362
CHEMBL218_EC50,50,molformer,xgboost,crem_lime,0.10468180179320569,0.0071546569647548625,0.10299333385191387
CHEMBL218_EC50,50,molformer,xgboost,crem_mean,0.09982470279604028,0.09176500822424029,0.19098894201572553
CHEMBL218_EC50,50,morgan,mlp,crem_lime,0.3127077741192464,0.03987178956118143,0.294415364415676
CHEMBL218_EC50,50,morgan,mlp,crem_mean,0.04871835326215235,0.07123245310508054,0.10975525618141681
CHEMBL218_EC50,50,morgan,xgboost,crem_lime,0.07408814631950456,0.06125722407203132,0.03447136299394312
CHEMBL218_EC50,50,morgan,xgboost,crem_mean,0.12049687100187524,0.013691613347362535,0.1341140680056685
CHEMBL218_EC50,50,unimol,mlp,crem_lime,0.14855285125543155,0.12603004384578603,0.27433195800923804
CHEMBL218_EC50,50,unimol,mlp,crem_mean,0.0832059865201508,0.1371690041955166,0.2202200293426996
CHEMBL218_EC50,50,unimol,xgboost,crem_lime,0.15933064550932385,0.11763087305698249,0.14727716184406311
CHEMBL218_EC50,50,unimol,xgboost,crem_mean,0.10020780490262478,0.12872017927423637,0.21678240648401131
CHEMBL218_EC50,51,molformer,mlp,crem_lime,0.1361878336806291,0.3479343746833534,0.2688175631790192
CHEMBL218_EC50,51,molformer,mlp,crem_mean,0.2985747897511574,0.08461690656827413,0.27313307771033135
CHEMBL218_EC50,51,molformer,xgboost,crem_lime,0.06977724636243182,0.062280400098429244,0.027965267753586685
CHEMBL218_EC50,51,molformer,xgboost,crem_mean,0.15138448365484714,0.06829590543345666,0.16865983399086762
CHEMBL218_EC50,51,morgan,mlp,crem_lime,0.12568560977066617,0.2045626553184607,0.155351315027386
CHEMBL218_EC50,51,morgan,mlp,crem_mean,0.013466519855438487,0.13634824784310645,0.12496280979274646
CHEMBL218_EC50,51,morgan,xgboost,crem_lime,0.12253060116868483,0.35152833881194206,0.47266898416558983
CHEMBL218_EC50,51,morgan,xgboost,crem_mean,0.05211955350521461,0.12329304244224712,0.1325556498843063
CHEMBL218_EC50,51,unimol,mlp,crem_lime,0.1821580301550411,0.09999559686294114,0.1004697408103377
CHEMBL218_EC50,51,unimol,mlp,crem_mean,0.0994855836952298,0.059808276158088654,0.08330913023878937
CHEMBL218_EC50,51,unimol,xgboost,crem_lime,0.10176322258098738,0.04528002626722946,0.11346403168058936
CHEMBL218_EC50,51,unimol,xgboost,crem_mean,0.05592251073765837,0.060001084599973976,0.11108746120363346
CHEMBL218_EC50,52,molformer,mlp,crem_lime,0.10582509617877282,0.17440393147837302,0.2792461618464819
CHEMBL218_EC50,52,molformer,mlp,crem_mean,0.03477036424533011,0.14597972615335086,0.17328557154975072
CHEMBL218_EC50,52,molformer,xgboost,crem_lime,0.14838966432352352,0.2657934233523887,0.41307837265505415
CHEMBL218_EC50,52,molformer,xgboost,crem_mean,0.05043000338943041,0.04055264556558655,0.01336730971055289
CHEMBL218_EC50,52,morgan,mlp,crem_lime,0.025285513897075795,0.3110273181774241,0.32980208519596527
CHEMBL218_EC50,52,morgan,mlp,crem_mean,0.05882938685384244,0.25460455194527776,0.19701983410591845
CHEMBL218_EC50,52,morgan,xgboost,crem_lime,0.04033469237546453,0.13953292013298813,0.11602883236855832
CHEMBL218_EC50,52,morgan,xgboost,crem_mean,0.12765973414895576,0.20704768436841872,0.33403740495867706
CHEMBL218_EC50,52,unimol,mlp,crem_lime,0.2987429941097656,0.08934790491097674,0.38736803508814877
CHEMBL218_EC50,52,unimol,mlp,crem_mean,0.17665846001687585,0.14757050085923631,0.2396086727913294
CHEMBL218_EC50,52,unimol,xgboost,crem_lime,0.23022853503089905,0.20920509660983128,0.41245011835847517
CHEMBL218_EC50,52,unimol,xgboost,crem_mean,0.19120268506088947,0.08781659805754335,0.13550063194032733
CHEMBL218_EC50,57,molformer,mlp,crem_lime,0.05863299022566298,0.1411070293824062,0.08758073596378356
CHEMBL218_EC50,57,molformer,mlp,crem_mean,0.04578212613741248,0.06431650832898501,0.018750623165013688
CHEMBL218_EC50,57,molformer,xgboost,crem_lime,0.03967878208744133,0.27652626287170456,0.30115997147020496
CHEMBL218_EC50,57,molformer,xgboost,crem_mean,0.20189819174397636,0.15796008010235468,0.3175063879851236
CHEMBL218_EC50,57,morgan,mlp,crem_lime,0.01632574424392422,0.08320556914813168,0.08459370215163835
CHEMBL218_EC50,57,morgan,mlp,crem_mean,0.06225193100495489,0.14364746510662232,0.12444900084480519
CHEMBL218_EC50,57,morgan,xgboost,crem_lime,0.09223123308867878,0.20239194302719204,0.16668910803395826
CHEMBL218_EC50,57,morgan,xgboost,crem_mean,0.05597311303926122,0.39259154957091025,0.33671504109439154
CHEMBL218_EC50,57,unimol,mlp,crem_lime,0.18588290044033418,0.12474278816077561,0.2490819957933544
CHEMBL218_EC50,57,unimol,mlp,crem_mean,0.135056551342098,0.18664973209139568,0.09880877560276755
CHEMBL218_EC50,57,unimol,xgboost,crem_lime,0.0803218181907588,0.12474171000509457,0.04526859695907747
CHEMBL218_EC50,57,unimol,xgboost,crem_mean,0.09328848814842738,0.12774883102740434,0.10589719176396559
CHEMBL218_EC50,58,molformer,mlp,crem_lime,0.21644547666145916,0.3645609866009287,0.5597950190753602
CHEMBL218_EC50,58,molformer,mlp,crem_mean,0.116818033845576,0.21909005282793984,0.3175457174511755
CHEMBL218_EC50,58,molformer,xgboost,crem_lime,0.08983410406541541,0.30533225553879295,0.3694587633320823
CHEMBL218_EC50,58,molformer,xgboost,crem_mean,0.05393824757129292,0.15592952802483817,0.10201766737956638
CHEMBL218_EC50,58,morgan,mlp,crem_lime,0.12701408192444932,0.03859250260158834,0.09792165006433556
CHEMBL218_EC50,58,morgan,mlp,crem_mean,0.02418423127195779,0.10895991552344082,0.11684491761845424
CHEMBL218_EC50,58,morgan,xgboost,crem_lime,0.03427907859236378,0.034673400217943316,0.06561917593195464
CHEMBL218_EC50,58,morgan,xgboost,crem_mean,0.022923020009637682,0.13291934758817997,0.13792541553001542
CHEMBL218_EC50,58,unimol,mlp,crem_lime,0.04414113525950285,0.3517920837119184,0.3937916464692578
CHEMBL218_EC50,58,unimol,mlp,crem_mean,0.018755363713825517,0.08466846981389578,0.1029261686875479
CHEMBL218_EC50,58,unimol,xgboost,crem_lime,0.36154472000963644,0.10199823380217383,0.435773897199136
CHEMBL218_EC50,58,unimol,xgboost,crem_mean,0.1458867381540636,0.09429127181500618,0.1403984180398265
CHEMBL218_EC50,61,molformer,mlp,crem_lime,0.03508432151908568,0.1788994792911144,0.14411436620979065
CHEMBL218_EC50,61,molformer,mlp,crem_mean,0.005973145851490529,0.12647841425525422,0.12949508288645317
CHEMBL218_EC50,61,molformer,xgboost,crem_lime,0.02912042244495174,0.11088531541966606,0.1341009365082553
CHEMBL218_EC50,61,molformer,xgboost,crem_mean,0.04708663402756422,0.19390828803223145,0.2062991438784139
CHEMBL218_EC50,61,morgan,mlp,crem_lime,0.07361336306688153,0.09240552530422627,0.15009652070003227
CHEMBL218_EC50,61,morgan,mlp,crem_mean,0.0400423266238009,0.012446279831140798,0.05240569625307749
CHEMBL218_EC50,61,morgan,xgboost,crem_lime,0.10478918706452436,0.17553296101699034,0.1739327613535899
CHEMBL218_EC50,61,morgan,xgboost,crem_mean,0.02568127326811865,0.03617859059836455,0.02576003529971698
CHEMBL218_EC50,61,unimol,mlp,crem_lime,0.12838526108389495,0.23940282532302687,0.16105001130269642
CHEMBL218_EC50,61,unimol,mlp,crem_mean,0.016737700427764294,0.0220717915295794,0.0058100262830703495
CHEMBL218_EC50,61,unimol,xgboost,crem_lime,0.041641444067765765,0.20445397794179093,0.23898847519877767
CHEMBL218_EC50,61,unimol,xgboost,crem_mean,0.1479372802241697,0.05186504096687106,0.10586515973945539
CHEMBL218_EC50,63,molformer,mlp,crem_lime,0.1170513440259279,0.291944175562203,0.37543601264973936
CHEMBL218_EC50,63,molformer,mlp,crem_mean,0.10794428821203496,0.1597335600049121,0.13755042184769714
CHEMBL218_EC50,63,molformer,xgboost,crem_lime,0.23794793881922796,0.27405003765252883,0.5112701711648184
CHEMBL218_EC50,63,molformer,xgboost,crem_mean,0.038640396373400054,0.11282287359578008,0.11645304860726347
CHEMBL218_EC50,63,morgan,mlp,crem_lime,0.1716067453486735,0.11770633997937814,0.15780291090782453
CHEMBL218_EC50,63,morgan,mlp,crem_mean,0.1050440761566663,0.14912630904403426,0.1702524081860891
CHEMBL218_EC50,63,morgan,xgboost,crem_lime,0.020237595946054253,0.2904222479446178,0.2759775057139154
CHEMBL218_EC50,63,morgan,xgboost,crem_mean,0.12529849974771437,0.1791991118552656,0.16766992131361375
CHEMBL218_EC50,63,unimol,mlp,crem_lime,0.09552741957148772,0.30214418079704075,0.2104509915340149
CHEMBL218_EC50,63,unimol,mlp,crem_mean,0.06027816615988749,0.1532113202401493,0.1992150370416053
CHEMBL218_EC50,63,unimol,xgboost,crem_lime,0.020560492391477232,0.034069909073698945,0.017267282047689608
CHEMBL218_EC50,63,unimol,xgboost,crem_mean,0.02584040064545611,0.18412732194655243,0.19130089255331875
CHEMBL218_EC50,68,molformer,mlp,crem_lime,0.16431061873445996,0.28714638530987374,0.16293941084522776
CHEMBL218_EC50,68,molformer,mlp,crem_mean,0.030100775162413964,0.06392080214844964,0.03714001591374198
CHEMBL218_EC50,68,molformer,xgboost,crem_lime,0.2008636609595241,0.33244923016586736,0.4467252726375955
CHEMBL218_EC50,68,molformer,xgboost,crem_mean,0.0784032357192149,0.04749292355367263,0.04901964375817929
CHEMBL218_EC50,68,morgan,mlp,crem_lime,0.2408252780352011,0.3056152941338178,0.07442409073027711
CHEMBL218_EC50,68,morgan,mlp,crem_mean,0.07357943304206296,0.021705666248818267,0.09101917459621857
CHEMBL218_EC50,68,morgan,xgboost,crem_lime,0.284494783284764,0.09429487327606478,0.2713476438125352
CHEMBL218_EC50,68,morgan,xgboost,crem_mean,0.06998175743379029,0.05348131706860243,0.026779044842343565
CHEMBL218_EC50,68,unimol,mlp,crem_lime,0.059391514785088355,0.15496952642885495,0.1990931199227397
CHEMBL218_EC50,68,unimol,mlp,crem_mean,0.025505079868573293,0.0450436703590626,0.050187893064497974
CHEMBL218_EC50,68,unimol,xgboost,crem_lime,0.2503284418345559,0.1775001761982792,0.15973156135189948
CHEMBL218_EC50,68,unimol,xgboost,crem_mean,0.05135578140445556,0.027280380931917942,0.06976172691386365
CHEMBL218_EC50,69,molformer,mlp,crem_lime,0.2064352958219542,0.25891256450877864,0.053027513095418276
CHEMBL218_EC50,69,molformer,mlp,crem_mean,0.012873691181684889,0.1475747946337256,0.1387363454871729
CHEMBL218_EC50,69,molformer,xgboost,crem_lime,0.21390955030979542,0.08354883130127905,0.29744551612170794
CHEMBL218_EC50,69,molformer,xgboost,crem_mean,0.01285048782135827,0.02021705786070784,0.03116593380835605
CHEMBL218_EC50,69,morgan,mlp,crem_lime,0.0030859936363430733,0.06438267150742397,0.06743433769070145
CHEMBL218_EC50,69,morgan,mlp,crem_mean,0.01570961108135889,0.09540664842663861,0.09626103470171253
CHEMBL218_EC50,69,morgan,xgboost,crem_lime,0.03359249534807692,0.29415727719052015,0.26293582208067895
CHEMBL218_EC50,69,morgan,xgboost,crem_mean,0.04323523268263838,0.36600334388328215,0.3576363154188671
CHEMBL218_EC50,69,unimol,mlp,crem_lime,0.060352282569772674,0.13588589937524237,0.16466487500675614
CHEMBL218_EC50,69,unimol,mlp,crem_mean,0.02086883419239902,0.10413088832541657,0.08454933637308516
CHEMBL218_EC50,69,unimol,xgboost,crem_lime,0.017956125906926333,0.04610186621504543,0.056591801838323734
CHEMBL218_EC50,69,unimol,xgboost,crem_mean,0.08681188361939729,0.054472940048877,0.06406740773720476
CHEMBL218_EC50,72,molformer,mlp,crem_lime,0.006774034162731727,0.08868037912876646,0.08286833628759609
CHEMBL218_EC50,72,molformer,mlp,crem_mean,0.01657197887043491,0.06298576097798238,0.046448716018261664
CHEMBL218_EC50,72,molformer,xgboost,crem_lime,0.0043825377466004106,0.31526155966038744,0.3140807148528502
CHEMBL218_EC50,72,molformer,xgboost,crem_mean,0.0165551826828578,0.037033460522276705,0.05315463305334629
CHEMBL218_EC50,72,morgan,mlp,crem_lime,0.013396123081207623,0.06666143267171377,0.055907334180430715
CHEMBL218_EC50,72,morgan,mlp,crem_mean,0.007268312553438982,0.0585718574300882,0.05217187707714712
CHEMBL218_EC50,72,morgan,xgboost,crem_lime,0.09583257904260571,0.541062811052596,0.6219194592656859
CHEMBL218_EC50,72,morgan,xgboost,crem_mean,0.029897920704919884,0.381567397732492,0.3874169331959845
CHEMBL218_EC50,72,unimol,mlp,crem_lime,0.21609091419402104,0.2757541342027436,0.39215539547608513
CHEMBL218_EC50,72,unimol,mlp,crem_mean,0.1873727553755359,0.05210655464786934,0.14437286817387682
CHEMBL218_EC50,72,unimol,xgboost,crem_lime,0.003935168917485115,0.130372676520578,0.13430783380932265
CHEMBL218_EC50,72,unimol,xgboost,crem_mean,0.01946408386749114,0.17412869468325065,0.19331170827059654
CHEMBL219_Ki,10,molformer,mlp,crem_lime,0.13114083629712184,0.17566141223926454,0.12316177997906085
CHEMBL219_Ki,10,molformer,mlp,crem_mean,0.07982377309411343,0.019336768587772432,0.06493118287376988
CHEMBL219_Ki,10,molformer,xgboost,crem_lime,0.026601149946992704,0.22534465145427623,0.20395027290566317
CHEMBL219_Ki,10,molformer,xgboost,crem_mean,0.08959177606048538,0.09986001458205482,0.12129620019176715
CHEMBL219_Ki,10,morgan,mlp,crem_lime,0.10108996236023021,0.09606536621427071,0.1969837119064626
CHEMBL219_Ki,10,morgan,mlp,crem_mean,0.01952492334822593,0.04928994503624882,0.05211353241901694
CHEMBL219_Ki,10,morgan,xgboost,crem_lime,0.03385580291535278,0.18836335897311263,0.21479638962970532
CHEMBL219_Ki,10,morgan,xgboost,crem_mean,0.024652616902488492,0.08298166701821838,0.06953058748534613
CHEMBL219_Ki,10,unimol,mlp,crem_lime,0.05636827219463815,0.24839451854698064,0.26959500884197146
CHEMBL219_Ki,10,unimol,mlp,crem_mean,0.02934129008819533,0.11539818956029045,0.10786398162172582
CHEMBL219_Ki,10,unimol,xgboost,crem_lime,0.03923396252713504,0.19640514448388346,0.1620879235223826
CHEMBL219_Ki,10,unimol,xgboost,crem_mean,0.012438667809217758,0.06466427257342244,0.05726948434132715
CHEMBL219_Ki,11,molformer,mlp,crem_lime,0.12246448489105406,0.08491278837278418,0.17994750465071815
CHEMBL219_Ki,11,molformer,mlp,crem_mean,0.1428211332852405,0.09898329233447917,0.19096973477355345
CHEMBL219_Ki,11,molformer,xgboost,crem_lime,0.07433006115921414,0.03749539299081067,0.10419776412581208
CHEMBL219_Ki,11,molformer,xgboost,crem_mean,0.07473026338793433,0.11890051609621705,0.15380018942080093
CHEMBL219_Ki,11,morgan,mlp,crem_lime,0.0941319176477545,0.33962220723670833,0.2690715582989904
CHEMBL219_Ki,11,morgan,mlp,crem_mean,0.15152375906266385,0.2573073416222337,0.26792717480847217
CHEMBL219_Ki,11,morgan,xgboost,crem_lime,0.04924110889261657,0.03543387980572605,0.08432498148422828
CHEMBL219_Ki,11,morgan,xgboost,crem_mean,0.06552152786237397,0.15521424012795168,0.15444544416075584
CHEMBL219_Ki,11,unimol,mlp,crem_lime,0.013033355903986434,0.10998883983055573,0.09700623758007709
CHEMBL219_Ki,11,unimol,mlp,crem_mean,0.11496566302781125,0.06060228248785674,0.1460861339636904
CHEMBL219_Ki,11,unimol,xgboost,crem_lime,0.22272516792717323,0.07642280735125351,0.235751442762865
CHEMBL219_Ki,11,unimol,xgboost,crem_mean,0.1425244600513499,0.04486291045568526,0.10027870141686004
CHEMBL219_Ki,17,molformer,mlp,crem_lime,0.15267528131925276,0.6434197730888093,0.4907496307141527
CHEMBL219_Ki,17,molformer,mlp,crem_mean,0.0,0.0,0.0
CHEMBL219_Ki,17,molformer,xgboost,crem_lime,0.20221055833348986,0.4392875391412497,0.5766909113267205
CHEMBL219_Ki,17,molformer,xgboost,crem_mean,0.0,0.0,0.0
CHEMBL219_Ki,17,morgan,mlp,crem_lime,0.2531964388615675,0.1282717398095616,0.21383924140728672
CHEMBL219_Ki,17,morgan,mlp,crem_mean,0.0,0.0,0.0
CHEMBL219_Ki,17,morgan,xgboost,crem_lime,0.1479505639896447,0.272147383056773,0.13693213069648685
CHEMBL219_Ki,17,morgan,xgboost,crem_mean,0.0,0.03849001794597669,0.03849001794597669
CHEMBL219_Ki,17,unimol,mlp,crem_lime,0.12922064487731158,0.4817767558922418,0.5387815254237333
CHEMBL219_Ki,17,unimol,mlp,crem_mean,0.0,0.0,0.0
CHEMBL219_Ki,17,unimol,xgboost,crem_lime,0.309483548156939,0.18005427317735492,0.16442127446565094
CHEMBL219_Ki,17,unimol,xgboost,crem_mean,0.0,0.03849001794597669,0.03849001794597669
CHEMBL219_Ki,20,molformer,mlp,crem_lime,0.022065109065883236,0.10748097856186514,0.11167872826106119
CHEMBL219_Ki,20,molformer,mlp,crem_mean,0.05921154703454548,0.03294808155496631,0.07840535837892618
CHEMBL219_Ki,20,molformer,xgboost,crem_lime,0.01245773389451305,0.10603748631949678,0.1156481343569276
CHEMBL219_Ki,20,molformer,xgboost,crem_mean,0.019184944310879467,0.027057400855235725,0.03982719202823217
CHEMBL219_Ki,20,morgan,mlp,crem_lime,0.016474551884568703,0.0663393225934052,0.07990368955175622
CHEMBL219_Ki,20,morgan,mlp,crem_mean,0.013502983819493058,0.11809990628931548,0.1176989329269401
CHEMBL219_Ki,20,morgan,xgboost,crem_lime,0.00599271566382867,0.09179945026981522,0.09549846558416694
CHEMBL219_Ki,20,morgan,xgboost,crem_mean,0.020947270208314463,0.02454074577590488,0.004883426204496749
CHEMBL219_Ki,20,unimol,mlp,crem_lime,0.1530289190796884,0.06765161382812711,0.1982942099294185
CHEMBL219_Ki,20,unimol,mlp,crem_mean,0.17548497598939852,0.1379681936214701,0.2928773924239386
CHEMBL219_Ki,20,unimol,xgboost,crem_lime,0.17941455812393464,0.04972760965259759,0.15269019132634262
CHEMBL219_Ki,20,unimol,xgboost,crem_mean,0.03862355514274489,0.10210470068030801,0.07184704135767961
CHEMBL219_Ki,21,molformer,mlp,crem_lime,0.221858492167504,0.14933954703549668,0.2231750142387467
CHEMBL219_Ki,21,molformer,mlp,crem_mean,0.021222449231733144,0.1255780145142282,0.11382958151442465
CHEMBL219_Ki,21,molformer,xgboost,crem_lime,0.032044912279409844,0.09660854081572905,0.06459686168360756
CHEMBL219_Ki,21,molformer,xgboost,crem_mean,0.029326629669229956,0.027710154204113182,0.03534111358127164
CHEMBL219_Ki,21,morgan,mlp,crem_lime,0.18073261397802035,0.4231077821596168,0.28161154972796365
CHEMBL219_Ki,21,morgan,mlp,crem_mean,0.08718860520947985,0.06782409498106025,0.06763241254141746
CHEMBL219_Ki,21,morgan,xgboost,crem_lime,0.01097477609215931,0.24362374598225006,0.25195868095015617
CHEMBL219_Ki,21,morgan,xgboost,crem_mean,0.0031431208719741584,0.11779487989333155,0.12019126336391175
CHEMBL219_Ki,21,unimol,mlp,crem_lime,0.2955582501752869,0.26516912336785003,0.3012447915922957
CHEMBL219_Ki,21,unimol,mlp,crem_mean,0.1746248916656722,0.07810916933037572,0.09652565352191533
CHEMBL219_Ki,21,unimol,xgboost,crem_lime,0.1640891249683112,0.13789224107558706,0.1962229483151878
CHEMBL219_Ki,21,unimol,xgboost,crem_mean,0.14026098882405252,0.08837448597328454,0.05624967075110398
CHEMBL219_Ki,26,molformer,mlp,crem_lime,0.029095352536288668,0.31810367245976073,0.2967189669951524
CHEMBL219_Ki,26,molformer,mlp,crem_mean,0.0026289370356419265,0.09528263039980937,0.09785445197717325
CHEMBL219_Ki,26,molformer,xgboost,crem_lime,0.024455464285037875,0.291056599908216,0.2985750454494358
CHEMBL219_Ki,26,molformer,xgboost,crem_mean,0.0012458295227442957,0.07017596504839226,0.06906491100309035
CHEMBL219_Ki,26,morgan,mlp,crem_lime,0.09762210547331598,0.3240174068012585,0.3144490409496931
CHEMBL219_Ki,26,morgan,mlp,crem_mean,0.06448114191687788,0.08457060474149823,0.08010147712047563
CHEMBL219_Ki,26,morgan,xgboost,crem_lime,0.10239564312677596,0.03409767315992564,0.06987483840151977
CHEMBL219_Ki,26,morgan,xgboost,crem_mean,0.0,0.01256192320465931,0.012561923204659316
CHEMBL219_Ki,26,unimol,mlp,crem_lime,0.07846022216367429,0.031086749181246497,0.06947920778208337
CHEMBL219_Ki,26,unimol,mlp,crem_mean,0.029172964628047134,0.004586445901677293,0.028665388453279834
CHEMBL219_Ki,26,unimol,xgboost,crem_lime,0.4143932583646031,0.11668584673425629,0.5119192179258838
CHEMBL219_Ki,26,unimol,xgboost,crem_mean,0.07221549195362635,0.025401715859622507,0.06654825719610535
CHEMBL219_Ki,37,molformer,mlp,crem_lime,0.15859111333660042,0.4051177030593081,0.5204097834058241
CHEMBL219_Ki,37,molformer,mlp,crem_mean,0.0030280783558115434,0.004252644693116368,0.007243469184381066
CHEMBL219_Ki,37,molformer,xgboost,crem_lime,0.09381374566957419,0.2048641573521849,0.2328625993063232
CHEMBL219_Ki,37,molformer,xgboost,crem_mean,0.006437277306936746,0.0453063583333209,0.041395148715081743
CHEMBL219_Ki,37,morgan,mlp,crem_lime,0.17819409755104706,0.14073030951528256,0.2647237182861661
CHEMBL219_Ki,37,morgan,mlp,crem_mean,0.021634278376457098,0.021828829622138602,0.013816487242561785
CHEMBL219_Ki,37,morgan,xgboost,crem_lime,0.04105071780411301,0.24382176287919052,0.24377032949428182
CHEMBL219_Ki,37,morgan,xgboost,crem_mean,0.0,0.07550310059775191,0.07550310059775191
CHEMBL219_Ki,37,unimol,mlp,crem_lime,0.2972962962035241,0.4777521224862451,0.521786137367942
CHEMBL219_Ki,37,unimol,mlp,crem_mean,0.026194595546566543,0.05949209178463,0.07349649435322139
CHEMBL219_Ki,37,unimol,xgboost,crem_lime,0.1261698650234179,0.2970413550341736,0.42249451144166555
CHEMBL219_Ki,37,unimol,xgboost,crem_mean,0.024980831525674034,0.04975027678739013,0.0389042018748493
CHEMBL219_Ki,41,molformer,mlp,crem_lime,0.0782449269461837,0.06081328486777401,0.09936832297669881
CHEMBL219_Ki,41,molformer,mlp,crem_mean,0.00464082075966179,0.09393506024190051,0.08992427492693755
CHEMBL219_Ki,41,molformer,xgboost,crem_lime,0.009167873458748223,0.1871875958889036,0.18229840858346696
CHEMBL219_Ki,41,molformer,xgboost,crem_mean,0.001633947918414517,0.11422382928406442,0.11529548642349575
CHEMBL219_Ki,41,morgan,mlp,crem_lime,0.0338076198108146,0.28389741487856024,0.28440883548668255
CHEMBL219_Ki,41,morgan,mlp,crem_mean,0.013265566060319724,0.15151675156186636,0.14426978130757726
CHEMBL219_Ki,41,morgan,xgboost,crem_lime,0.1476625047481525,0.12231128860197459,0.1443416563939272
CHEMBL219_Ki,41,morgan,xgboost,crem_mean,0.10037004107155764,0.09945379760512806,0.17287820715687682
CHEMBL219_Ki,41,unimol,mlp,crem_lime,0.17204821633713144,0.033699240648049585,0.19445611128210372
CHEMBL219_Ki,41,unimol,mlp,crem_mean,0.19801753646444561,0.09020612625290582,0.10785193099427867
CHEMBL219_Ki,41,unimol,xgboost,crem_lime,0.06162592345906095,0.0685023210936816,0.07896465360458534
CHEMBL219_Ki,41,unimol,xgboost,crem_mean,0.03701449658331791,0.15939383564325882,0.18640579766189577
CHEMBL219_Ki,42,molformer,mlp,crem_lime,0.059364261225135107,0.025821141360326278,0.036184552519879815
CHEMBL219_Ki,42,molformer,mlp,crem_mean,0.02390872319390398,0.08676828456400301,0.0839863465838938
CHEMBL219_Ki,42,molformer,xgboost,crem_lime,0.20090363372179695,0.09094397227440423,0.18186303416104665
CHEMBL219_Ki,42,molformer,xgboost,crem_mean,0.10267489421113471,0.32961903301375306,0.2636835590477033
CHEMBL219_Ki,42,morgan,mlp,crem_lime,0.05101347942546679,0.11959655452569745,0.16608433203926012
CHEMBL219_Ki,42,morgan,mlp,crem_mean,0.037262526253355834,0.1970766136622369,0.17307601072400688
CHEMBL219_Ki,42,morgan,xgboost,crem_lime,0.006926264940119883,0.19003296862605057,0.1968932990262382
CHEMBL219_Ki,42,morgan,xgboost,crem_mean,0.010110255274781186,0.22345430300381453,0.23281219164980685
CHEMBL219_Ki,42,unimol,mlp,crem_lime,0.032757153212801655,0.01085136496437347,0.03446892934033172
CHEMBL219_Ki,42,unimol,mlp,crem_mean,0.06359498191431705,0.024103270835396286,0.03949173557994288
CHEMBL219_Ki,42,unimol,xgboost,crem_lime,0.20043562683317284,0.3029284724484385,0.45134820700657535
CHEMBL219_Ki,42,unimol,xgboost,crem_mean,0.025145434735354858,0.21980661225678397,0.24225177628842556
CHEMBL219_Ki,45,molformer,mlp,crem_lime,0.03191123854493956,0.4274021854437611,0.4118804433665759
CHEMBL219_Ki,45,molformer,mlp,crem_mean,0.031683194375751025,0.08409232100164729,0.08558140225444566
CHEMBL219_Ki,45,molformer,xgboost,crem_lime,0.088002461715044,0.1270448551270503,0.18145184705386638
CHEMBL219_Ki,45,molformer,xgboost,crem_mean,0.010066251279608081,0.1335271305210941,0.13272521362241332
CHEMBL219_Ki,45,morgan,mlp,crem_lime,0.08284645553065441,0.07331343783300691,0.10734986149953389
CHEMBL219_Ki,45,morgan,mlp,crem_mean,0.006541240424642312,0.07231007441568853,0.0695173568678728
CHEMBL219_Ki,45,morgan,xgboost,crem_lime,0.02984858810904597,0.13833601923220196,0.11316187962324623
CHEMBL219_Ki,45,morgan,xgboost,crem_mean,0.024105905590721528,0.17970913461034907,0.18745707571789244
CHEMBL219_Ki,45,unimol,mlp,crem_lime,0.38208419014527467,0.3459621954844266,0.2531853502474668
CHEMBL219_Ki,45,unimol,mlp,crem_mean,0.018230773946239644,0.13885073306778453,0.1370559357524472
CHEMBL219_Ki,45,unimol,xgboost,crem_lime,0.03997708109189117,0.2546518465582698,0.2174223264438772
CHEMBL219_Ki,45,unimol,xgboost,crem_mean,0.008810347559636824,0.0832108784225944,0.08031656132192264
CHEMBL219_Ki,47,molformer,mlp,crem_lime,0.01607636227057778,0.03217462861702587,0.048042033756635884
CHEMBL219_Ki,47,molformer,mlp,crem_mean,0.0,0.0,0.0
CHEMBL219_Ki,47,molformer,xgboost,crem_lime,0.022744182164626446,0.054490952114001484,0.07368704088293097
CHEMBL219_Ki,47,molformer,xgboost,crem_mean,0.0,0.0,0.0
CHEMBL219_Ki,47,morgan,mlp,crem_lime,0.06217268028834672,0.028883117429335334,0.09003165257515933
CHEMBL219_Ki,47,morgan,mlp,crem_mean,0.0,0.0,0.0
CHEMBL219_Ki,47,morgan,xgboost,crem_lime,0.06946702926093269,0.09173092502389753,0.032354664192634025
CHEMBL219_Ki,47,morgan,xgboost,crem_mean,0.0,0.0,0.0
CHEMBL219_Ki,47,unimol,mlp,crem_lime,0.05995729680362491,0.028225009681761278,0.08692096311315897
CHEMBL219_Ki,47,unimol,mlp,crem_mean,0.0,0.0,0.0
CHEMBL219_Ki,47,unimol,xgboost,crem_lime,0.007015649665768437,0.003558576612973187,0.003935968610301917
CHEMBL219_Ki,47,unimol,xgboost,crem_mean,0.0,0.0,0.0
CHEMBL219_Ki,48,molformer,mlp,crem_lime,0.0903221981780732,0.21425444822117876,0.15162515537080895
CHEMBL219_Ki,48,molformer,mlp,crem_mean,0.1140851036298361,0.11490350152427448,0.001722539355519945
CHEMBL219_Ki,48,molformer,xgboost,crem_lime,0.07893879319352284,0.226142480411032,0.302090820132346
CHEMBL219_Ki,48,molformer,xgboost,crem_mean,0.09244792963408695,0.11762722685676406,0.19657368083668403
CHEMBL219_Ki,48,morgan,mlp,crem_lime,0.014797709859129479,0.014051860326481017,0.002232267842033502
CHEMBL219_Ki,48,morgan,mlp,crem_mean,0.012335517161453525,0.05276285375439437,0.062066034974660504
CHEMBL219_Ki,48,morgan,xgboost,crem_lime,0.04710716603003575,0.07269012837915277,0.07216730435040249
CHEMBL219_Ki,48,morgan,xgboost,crem_mean,0.05425798748266647,0.020732125540026236,0.0407458122629422
CHEMBL219_Ki,48,unimol,mlp,crem_lime,0.025858118981829506,0.07661033921771897,0.05421775810602674
CHEMBL219_Ki,48,unimol,mlp,crem_mean,0.016636846877534906,0.01845911417199538,0.027240046381380265
CHEMBL219_Ki,48,unimol,xgboost,crem_lime,0.02447574980933704,0.019891736767515825,0.0370245055495922
CHEMBL219_Ki,48,unimol,xgboost,crem_mean,0.015159089129256634,0.17325676608310603,0.16096407097653714
CHEMBL219_Ki,49,molformer,mlp,crem_lime,0.06511551471798298,0.024070086843302158,0.0730612012895965
CHEMBL219_Ki,49,molformer,mlp,crem_mean,0.0007749880339221047,0.0015399808063199724,0.0008991852375300273
CHEMBL219_Ki,49,molformer,xgboost,crem_lime,0.21254302086649474,0.11937397169175387,0.32928804488001506
CHEMBL219_Ki,49,molformer,xgboost,crem_mean,0.00843629831212322,0.02109189509018109,0.024825108721050922
CHEMBL219_Ki,49,morgan,mlp,crem_lime,0.11810451588918686,0.17334776421353015,0.2025976314949391
CHEMBL219_Ki,49,morgan,mlp,crem_mean,0.006288815427033745,0.05208694735356503,0.05566113551138982
CHEMBL219_Ki,49,morgan,xgboost,crem_lime,0.07935535920337057,0.0652181223295106,0.08417893979172353
CHEMBL219_Ki,49,morgan,xgboost,crem_mean,0.006288815427033801,0.01499289159126185,0.015561732744803288
CHEMBL219_Ki,49,unimol,mlp,crem_lime,0.0798377730891244,0.09137252046836976,0.17086132114354738
CHEMBL219_Ki,49,unimol,mlp,crem_mean,0.004041009034022211,0.0418251005219217,0.045672100330297505
CHEMBL219_Ki,49,unimol,xgboost,crem_lime,0.08924127670624958,0.17952152641290653,0.2275517193084126
CHEMBL219_Ki,49,unimol,xgboost,crem_mean,0.0027921527361209927,0.021642139605849882,0.018881402631775998
CHEMBL219_Ki,52,molformer,mlp,crem_lime,0.07078696106580437,0.036353522521239516,0.10456555564795982
CHEMBL219_Ki,52,molformer,mlp,crem_mean,0.025149727635154006,0.03353297018020549,0.03022621085083392
CHEMBL219_Ki,52,molformer,xgboost,crem_lime,0.13347861637430314,0.1159245278907806,0.052110684413484654
CHEMBL219_Ki,52,molformer,xgboost,crem_mean,0.03353297018020549,0.03353297018020549,0.0
CHEMBL219_Ki,52,morgan,mlp,crem_lime,0.018762495219876857,0.0065282661432110615,0.012304786852465185
CHEMBL219_Ki,52,morgan,mlp,crem_mean,0.008383242545051487,0.025149727635154006,0.022179974954541992
CHEMBL219_Ki,52,morgan,xgboost,crem_lime,0.06344801011359909,0.14518445880502173,0.18403559772456138
CHEMBL219_Ki,52,morgan,xgboost,crem_mean,0.0,0.03353297018020549,0.03353297018020549
CHEMBL219_Ki,52,unimol,mlp,crem_lime,0.1403283135987269,0.1026102993377307,0.044955359496317175
CHEMBL219_Ki,52,unimol,mlp,crem_mean,0.025149727635154003,0.008383242545051487,0.022179974954541992
CHEMBL219_Ki,52,unimol,xgboost,crem_lime,0.08125613876601223,0.1775045575189282,0.25180843549961074
CHEMBL219_Ki,52,unimol,xgboost,crem_mean,0.030226210850833924,0.02994137443069425,0.0010934664189196338
CHEMBL219_Ki,53,molformer,mlp,crem_lime,0.08008534862797637,0.009828771840406076,0.08904937871903147
CHEMBL219_Ki,53,molformer,mlp,crem_mean,0.006026429783889174,0.002555830302476653,0.007698792062770456
CHEMBL219_Ki,53,molformer,xgboost,crem_lime,0.024653037218736615,0.053811373827412565,0.03630103164202999
CHEMBL219_Ki,53,molformer,xgboost,crem_mean,0.00314983754561542,0.001716309294746876,0.004454542993023368
CHEMBL219_Ki,53,morgan,mlp,crem_lime,0.17325684965775565,0.0929813858556129,0.08030557067295659
CHEMBL219_Ki,53,morgan,mlp,crem_mean,0.00529350341433409,0.0042812375855668765,0.007687454633214313
CHEMBL219_Ki,53,morgan,xgboost,crem_lime,0.005571727327709759,0.11278190820878153,0.11268826915802736
CHEMBL219_Ki,53,morgan,xgboost,crem_mean,0.00043922905178564285,0.019966267234988257,0.020248403717807242
CHEMBL219_Ki,53,unimol,mlp,crem_lime,0.08657658673130994,0.07196061459947878,0.06798199816206704
CHEMBL219_Ki,53,unimol,mlp,crem_mean,0.0035966352183114604,0.003457961071062129,0.004333953182381349
CHEMBL219_Ki,53,unimol,xgboost,crem_lime,0.14150389399772656,0.05941099100064986,0.08507422306686097
CHEMBL219_Ki,53,unimol,xgboost,crem_mean,0.00785774397168361,0.0032945762119346036,0.006639197562032777
CHEMBL219_Ki,56,molformer,mlp,crem_lime,0.14024850716631024,0.3092073275986651,0.33334528182658657
CHEMBL219_Ki,56,molformer,mlp,crem_mean,0.1792736429121729,0.154235371553794,0.1505563489681601
CHEMBL219_Ki,56,molformer,xgboost,crem_lime,0.09543939166231545,0.16081527451371966,0.25436802312208356
CHEMBL219_Ki,56,molformer,xgboost,crem_mean,0.11924072339085036,0.0980879037736163,0.05902711087331113
CHEMBL219_Ki,56,morgan,mlp,crem_lime,0.05850523146554859,0.1963364525898841,0.17646058905821116
CHEMBL219_Ki,56,morgan,mlp,crem_mean,0.1506701307504339,0.06463689785436334,0.2086666983583783
CHEMBL219_Ki,56,morgan,xgboost,crem_lime,0.009947848696731093,0.11763834279052648,0.12296187916714538
CHEMBL219_Ki,56,morgan,xgboost,crem_mean,0.05857704342227678,0.056613417476318616,0.051947764086727674
CHEMBL219_Ki,56,unimol,mlp,crem_lime,0.33573123910083885,0.05049005481528473,0.3339497037940589
CHEMBL219_Ki,56,unimol,mlp,crem_mean,0.23083412585417884,0.02119570257467534,0.23044176477515166
CHEMBL219_Ki,56,unimol,xgboost,crem_lime,0.3094030352442697,0.07680184519665835,0.3751570817465083
CHEMBL219_Ki,56,unimol,xgboost,crem_mean,0.2130132552012734,0.06250008166372606,0.20095255015985908
CHEMBL219_Ki,58,molformer,mlp,crem_lime,0.006056682069347827,0.0853330341183618,0.08804410239683719
CHEMBL219_Ki,58,molformer,mlp,crem_mean,0.01957141108441745,0.10520299623833754,0.11620021317890912
CHEMBL219_Ki,58,molformer,xgboost,crem_lime,0.02337781964429762,0.1634611203429348,0.14139503270624357
CHEMBL219_Ki,58,molformer,xgboost,crem_mean,0.008468663594260793,0.1525747843169255,0.14991586864234466
CHEMBL219_Ki,58,morgan,mlp,crem_lime,0.01596252199155843,0.2060072427106634,0.22189314161767104
CHEMBL219_Ki,58,morgan,mlp,crem_mean,0.009569257668270539,0.15948808458966535,0.16733289568491605
CHEMBL219_Ki,58,morgan,xgboost,crem_lime,0.000100633593901735,0.22444820100017254,0.22450021390019323
CHEMBL219_Ki,58,morgan,xgboost,crem_mean,0.0015211339240501825,0.05203457758278095,0.052916032963027104
CHEMBL219_Ki,58,unimol,mlp,crem_lime,0.08841041232839979,0.1602559051849984,0.19765118868602058
CHEMBL219_Ki,58,unimol,mlp,crem_mean,0.35064306913244925,0.05898020684768073,0.4069366474685834
CHEMBL219_Ki,58,unimol,xgboost,crem_lime,0.09227903976322917,0.26407372027880427,0.26500271201905246
CHEMBL219_Ki,58,unimol,xgboost,crem_mean,0.39862095952105525,0.13116698745498387,0.26746050368686325
CHEMBL219_Ki,64,molformer,mlp,crem_lime,0.09642850856191619,0.23769077368953406,0.32568087569263693
CHEMBL219_Ki,64,molformer,mlp,crem_mean,0.04151122331861515,0.17322842287467904,0.19412410305458405
CHEMBL219_Ki,64,molformer,xgboost,crem_lime,0.14104312928514548,0.27140622810689125,0.36005439897144037
CHEMBL219_Ki,64,molformer,xgboost,crem_mean,0.049518820257342396,0.07014678536399306,0.11701700323294792
CHEMBL219_Ki,64,morgan,mlp,crem_lime,0.039176249451849395,0.05177513560698986,0.0756654327980063
CHEMBL219_Ki,64,morgan,mlp,crem_mean,0.094623418737815,0.126996106338491,0.1826891719013161
CHEMBL219_Ki,64,morgan,xgboost,crem_lime,0.16005462956853164,0.06950351064994566,0.14794400994365683
CHEMBL219_Ki,64,morgan,xgboost,crem_mean,0.07486856353596648,0.044712337430114,0.05812701657552731
CHEMBL219_Ki,64,unimol,mlp,crem_lime,0.01163318086468949,0.2109222492347572,0.19945223999608624
CHEMBL219_Ki,64,unimol,mlp,crem_mean,0.012458677094138077,0.10013212720299862,0.10879480342324645
CHEMBL219_Ki,64,unimol,xgboost,crem_lime,0.004346086669801237,0.21358504960156532,0.21793072985922174
CHEMBL219_Ki,64,unimol,xgboost,crem_mean,0.006699738025875682,0.1570846561697073,0.16337273050422255
CHEMBL219_Ki,71,molformer,mlp,crem_lime,0.019982590082667367,0.34952443688885937,0.3568222110043337
CHEMBL219_Ki,71,molformer,mlp,crem_mean,0.004246826494359157,0.12815706240981184,0.13047217116944662
CHEMBL219_Ki,71,molformer,xgboost,crem_lime,0.01291673844116633,0.08051416840056728,0.09332755264958897
CHEMBL219_Ki,71,molformer,xgboost,crem_mean,0.00896358139974231,0.06978138000754039,0.07750342135101612
CHEMBL219_Ki,71,morgan,mlp,crem_lime,0.026709158093011498,0.04305686038258028,0.019838207691042768
CHEMBL219_Ki,71,morgan,mlp,crem_mean,0.003796536723329518,0.02996543741958624,0.029614739304211296
CHEMBL219_Ki,71,morgan,xgboost,crem_lime,0.004123315138083793,0.09770523223321066,0.09430216220340741
CHEMBL219_Ki,71,morgan,xgboost,crem_mean,0.001449055565690037,0.0394860297635228,0.0407778595776885
CHEMBL219_Ki,71,unimol,mlp,crem_lime,0.05376634614175662,0.04379728895395337,0.06982751628409405
CHEMBL219_Ki,71,unimol,mlp,crem_mean,0.0040608602686006655,0.03977997505062759,0.03913853353121853
CHEMBL219_Ki,71,unimol,xgboost,crem_lime,0.036644937334671675,0.0489432366527283,0.02221614064853334
CHEMBL219_Ki,71,unimol,xgboost,crem_mean,0.003833042991660324,0.09173072819140414,0.09032873224995686
CHEMBL219_Ki,76,molformer,mlp,crem_lime,0.21878600998490563,0.09007317823084689,0.3013523607671952
CHEMBL219_Ki,76,molformer,mlp,crem_mean,0.016974084042219267,0.04649691051738793,0.03020645640922463
CHEMBL219_Ki,76,molformer,xgboost,crem_lime,0.45183332837614204,0.3834914534730186,0.8324579368180729
CHEMBL219_Ki,76,molformer,xgboost,crem_mean,0.03797924890516459,0.058559017644271495,0.09080640198063564
CHEMBL219_Ki,76,morgan,mlp,crem_lime,0.12060568884772668,0.20932312535259742,0.2281729010154275
CHEMBL219_Ki,76,morgan,mlp,crem_mean,0.01253840345478539,0.005447533569440184,0.015675458593065957
CHEMBL219_Ki,76,morgan,xgboost,crem_lime,0.047882139077099956,0.2408066156673796,0.27693628423606187
CHEMBL219_Ki,76,morgan,xgboost,crem_mean,0.020768102659657138,0.04749725439516169,0.06674107556997598
CHEMBL219_Ki,76,unimol,mlp,crem_lime,0.07760453567061873,0.26683204342926703,0.3444356367959126
CHEMBL219_Ki,76,unimol,mlp,crem_mean,0.023584314081885365,0.08851468433338099,0.1051010064522314
CHEMBL219_Ki,76,unimol,xgboost,crem_lime,0.23722101440302013,0.13190133091283623,0.2844174145825088
CHEMBL219_Ki,76,unimol,xgboost,crem_mean,0.03281844774446341,0.061151358760473194,0.08547385135388366
CHEMBL219_Ki,77,molformer,mlp,crem_lime,0.0748754109729286,0.12831526087341608,0.20096584849164506
CHEMBL219_Ki,77,molformer,mlp,crem_mean,0.010574180754388741,0.0,0.010574180754388743
CHEMBL219_Ki,77,molformer,xgboost,crem_lime,0.0,0.13014168485557517,0.13014168485557517
CHEMBL219_Ki,77,molformer,xgboost,crem_mean,0.03172254226316629,0.03172254226316628,0.03172254226316628
CHEMBL219_Ki,77,morgan,mlp,crem_lime,0.14500405504767108,0.07329011418579232,0.19472283478270422
CHEMBL219_Ki,77,morgan,mlp,crem_mean,0.0,0.03172254226316628,0.03172254226316628
CHEMBL219_Ki,77,morgan,xgboost,crem_lime,0.13936183662712606,0.06740814381215227,0.17196414234094556
CHEMBL219_Ki,77,morgan,xgboost,crem_mean,0.0,0.010574180754388741,0.010574180754388738
CHEMBL219_Ki,77,unimol,mlp,crem_lime,0.059651937976742536,0.05918235420135038,0.034651537602256186
CHEMBL219_Ki,77,unimol,mlp,crem_mean,0.0,0.04229672301755502,0.04229672301755502
CHEMBL219_Ki,77,unimol,xgboost,crem_lime,0.026252173128640564,0.18422242517314893,0.1898497434801783
CHEMBL219_Ki,77,unimol,xgboost,crem_mean,0.0,0.03740032574480248,0.03740032574480248
CHEMBL219_Ki,85,molformer,mlp,crem_lime,0.010447829619369882,0.11424604234867898,0.12265724893302224
CHEMBL219_Ki,85,molformer,mlp,crem_mean,0.05730891070258288,0.08252597607014428,0.10217493257132343
CHEMBL219_Ki,85,molformer,xgboost,crem_lime,0.037816203921593676,0.2935602935416891,0.3244102932505164
CHEMBL219_Ki,85,molformer,xgboost,crem_mean,0.008131643509597069,0.15963677666415146,0.15302684587712556
CHEMBL219_Ki,85,morgan,mlp,crem_lime,0.1137240285008434,0.24776674748519806,0.33586327827605317
CHEMBL219_Ki,85,morgan,mlp,crem_mean,0.09501496341295392,0.053620361159191006,0.13421485028582697
CHEMBL219_Ki,85,morgan,xgboost,crem_lime,0.012708171643437963,0.20058572421624637,0.21321855710669188
CHEMBL219_Ki,85,morgan,xgboost,crem_mean,0.005743565180260544,0.19378267392690537,0.19936634869784772
CHEMBL219_Ki,85,unimol,mlp,crem_lime,0.3179298596910683,0.28127400941956177,0.5292089464715123
CHEMBL219_Ki,85,unimol,mlp,crem_mean,0.13378954410188934,0.13679018585883074,0.1876608027594841
CHEMBL219_Ki,85,unimol,xgboost,crem_lime,0.11566382262527734,0.10369827038712065,0.20737024626622888
CHEMBL219_Ki,85,unimol,xgboost,crem_mean,0.08947823939571935,0.12215804144550979,0.20406573571737216
CHEMBL219_Ki,86,molformer,mlp,crem_lime,0.05940121701412053,0.09121679079048128,0.14638949703090984
CHEMBL219_Ki,86,molformer,mlp,crem_mean,0.010131978743286953,0.03208523582874772,0.042204939082254214
CHEMBL219_Ki,86,molformer,xgboost,crem_lime,0.03585295104311193,0.09106933478460805,0.11700370054661811
CHEMBL219_Ki,86,molformer,xgboost,crem_mean,0.006497907885770665,0.13386094662246256,0.1365698896357001
CHEMBL219_Ki,86,morgan,mlp,crem_lime,0.08782192382647395,0.11720535253840095,0.12798187579556317
CHEMBL219_Ki,86,morgan,mlp,crem_mean,0.00370871098973556,0.054454163786000244,0.05347423186487522
CHEMBL219_Ki,86,morgan,xgboost,crem_lime,0.0048681242662680785,0.1492735343456023,0.1476280333618426
CHEMBL219_Ki,86,morgan,xgboost,crem_mean,0.0251329624789058,0.03867075250932262,0.04589580825563872
CHEMBL219_Ki,86,unimol,mlp,crem_lime,0.024073004032730733,0.10146681023820425,0.08641283249525823
CHEMBL219_Ki,86,unimol,mlp,crem_mean,0.013660810504734734,0.055926967333595555,0.06450433580045314
CHEMBL219_Ki,86,unimol,xgboost,crem_lime,0.017876656107383024,0.21681909914847475,0.20721106037145462
CHEMBL219_Ki,86,unimol,xgboost,crem_mean,0.033761012690432815,0.05938906502086632,0.05131812007432824
CHEMBL219_Ki,87,molformer,mlp,crem_lime,0.24086371446800955,0.24084455711659544,0.3937840718638553
CHEMBL219_Ki,87,molformer,mlp,crem_mean,0.22286062634137713,0.18966761980366004,0.3853688141948428
CHEMBL219_Ki,87,molformer,xgboost,crem_lime,0.08568225526437107,0.3395104825229533,0.32115313057753964
CHEMBL219_Ki,87,molformer,xgboost,crem_mean,0.11625956580506945,0.08742439477787235,0.03055756796181814
CHEMBL219_Ki,87,morgan,mlp,crem_lime,0.15579994934316674,0.041629593739285584,0.19499254473835828
CHEMBL219_Ki,87,morgan,mlp,crem_mean,0.045061305495168166,0.07773380914015833,0.04362160269334999
CHEMBL219_Ki,87,morgan,xgboost,crem_lime,0.10387742069671571,0.1675719590941943,0.13270306932653
CHEMBL219_Ki,87,morgan,xgboost,crem_mean,0.05419132889966613,0.05706607547920867,0.012772956350490597
CHEMBL219_Ki,87,unimol,mlp,crem_lime,0.13953960969031626,0.2963067828590242,0.43580759936857766
CHEMBL219_Ki,87,unimol,mlp,crem_mean,0.11257952898140575,0.16154450389991543,0.24992566625763243
CHEMBL219_Ki,87,unimol,xgboost,crem_lime,0.2102227171496728,0.08742376254773768,0.12688905002229203
CHEMBL219_Ki,87,unimol,xgboost,crem_mean,0.06680336163202018,0.0245917381830221,0.0909144367846067
CHEMBL219_Ki,94,molformer,mlp,crem_lime,0.07393339153373057,0.18372796360815102,0.2569035370727532
CHEMBL219_Ki,94,molformer,mlp,crem_mean,0.04421365061146125,0.2357824350498683,0.22487788462219477
CHEMBL219_Ki,94,molformer,xgboost,crem_lime,0.12788013299503131,0.14049553430216172,0.2598458932228831
CHEMBL219_Ki,94,molformer,xgboost,crem_mean,0.04991789833312051,0.0328908025164298,0.024387536440104957
CHEMBL219_Ki,94,morgan,mlp,crem_lime,0.42432300843620957,0.01824133079361997,0.44075202512041695
CHEMBL219_Ki,94,morgan,mlp,crem_mean,0.08816173902502555,0.027732841131914723,0.09981383901906488
CHEMBL219_Ki,94,morgan,xgboost,crem_lime,0.013961240043559165,0.18366107504425455,0.17158100775988555
CHEMBL219_Ki,94,morgan,xgboost,crem_mean,0.08139243433955669,0.21675791925281448,0.23474340269839172
CHEMBL219_Ki,94,unimol,mlp,crem_lime,0.04294122236574376,0.42052424756402257,0.40258823778031805
CHEMBL219_Ki,94,unimol,mlp,crem_mean,0.04048287973803761,0.24918164170142834,0.2874816305140639
CHEMBL219_Ki,94,unimol,xgboost,crem_lime,0.17965064218863275,0.2842841249977112,0.21921692427563222
CHEMBL219_Ki,94,unimol,xgboost,crem_mean,0.042222379887622175,0.16827985600701822,0.19894404976102967
CHEMBL219_Ki,95,molformer,mlp,crem_lime,0.019833100540049817,0.11035701208531432,0.11625234732575933
CHEMBL219_Ki,95,molformer,mlp,crem_mean,0.0,0.0,0.0
CHEMBL219_Ki,95,molformer,xgboost,crem_lime,0.08696852811015399,0.11658354546616262,0.12313627349468925
CHEMBL219_Ki,95,molformer,xgboost,crem_mean,0.0,0.0,0.0
CHEMBL219_Ki,95,morgan,mlp,crem_lime,0.039480189895406664,0.06890547211357538,0.05929570710142087
CHEMBL219_Ki,95,morgan,mlp,crem_mean,0.0,0.0,0.0
CHEMBL219_Ki,95,morgan,xgboost,crem_lime,0.012604692290901326,0.15223469775531684,0.1615535534511009
CHEMBL219_Ki,95,morgan,xgboost,crem_mean,0.0,0.0,0.0
CHEMBL219_Ki,95,unimol,mlp,crem_lime,0.13463252276179838,0.14180495918718863,0.1641744500933979
CHEMBL219_Ki,95,unimol,mlp,crem_mean,0.0,0.0,0.0
CHEMBL219_Ki,95,unimol,xgboost,crem_lime,0.024602128813548146,0.16501037178149713,0.1416732891663926
CHEMBL219_Ki,95,unimol,xgboost,crem_mean,0.0,0.0,0.0
CHEMBL219_Ki,96,molformer,mlp,crem_lime,0.07557679834083914,0.1283418571556438,0.11229900546928745
CHEMBL219_Ki,96,molformer,mlp,crem_mean,0.0015661505734056278,0.0800734171800068,0.08147425814765502
CHEMBL219_Ki,96,molformer,xgboost,crem_lime,0.04319812452557721,0.10312128922084272,0.08008421024365062
CHEMBL219_Ki,96,molformer,xgboost,crem_mean,0.13839642695651386,0.02923888642415055,0.10915867272121337
CHEMBL219_Ki,96,morgan,mlp,crem_lime,0.042337323493239536,0.22474603937768398,0.2473332223980037
CHEMBL219_Ki,96,morgan,mlp,crem_mean,0.01071035356320011,0.035676197346700515,0.025121692916100374
CHEMBL219_Ki,96,morgan,xgboost,crem_lime,0.005130241401790848,0.1712494821282496,0.1725354622448718
CHEMBL219_Ki,96,morgan,xgboost,crem_mean,0.0500718559251938,0.0029595569458380406,0.05296393091518703
CHEMBL219_Ki,96,unimol,mlp,crem_lime,0.056809868733146855,0.08647701599959574,0.03289594999714279
CHEMBL219_Ki,96,unimol,mlp,crem_mean,0.09251593219362324,0.04707515176054849,0.12204418729109401
CHEMBL219_Ki,96,unimol,xgboost,crem_lime,0.08115132075863027,0.2268310912511132,0.2824586980220241
CHEMBL219_Ki,96,unimol,xgboost,crem_mean,0.1364769551501828,0.06285660027802335,0.17814284616120798
CHEMBL219_Ki,99,molformer,mlp,crem_lime,0.09900570188144776,0.17219557774949187,0.15228394652400487
CHEMBL219_Ki,99,molformer,mlp,crem_mean,0.09417777633090252,0.09768809043113512,0.13779635956223002
CHEMBL219_Ki,99,molformer,xgboost,crem_lime,0.0693842192327901,0.061039409030291425,0.09529723693472529
CHEMBL219_Ki,99,molformer,xgboost,crem_mean,0.06047018140812813,0.08035551271593265,0.13256495142587654
CHEMBL219_Ki,99,morgan,mlp,crem_lime,0.1910644249208982,0.15036978865276693,0.26913040686391765
CHEMBL219_Ki,99,morgan,mlp,crem_mean,0.03969080574304795,0.07738323234498914,0.09172847925669218
CHEMBL219_Ki,99,morgan,xgboost,crem_lime,0.021503871618483553,0.06909720832190537,0.08158040663154005
CHEMBL219_Ki,99,morgan,xgboost,crem_mean,0.0151105443268907,0.08903801925246328,0.10215350272034354
CHEMBL219_Ki,99,unimol,mlp,crem_lime,0.2117833454739793,0.0766969610219658,0.13663465820227946
CHEMBL219_Ki,99,unimol,mlp,crem_mean,0.07503153030122735,0.1582883968376101,0.1802685169892166
CHEMBL219_Ki,99,unimol,xgboost,crem_lime,0.05646181395097297,0.17868577933527313,0.12925442333675627
CHEMBL219_Ki,99,unimol,xgboost,crem_mean,0.07039504824580459,0.0946456730367647,0.04429185303164358
CHEMBL219_Ki,109,molformer,mlp,crem_lime,0.003610109990329983,0.087152474894673,0.08815314262945496
CHEMBL219_Ki,109,molformer,mlp,crem_mean,0.005145257473085482,0.054724134536623635,0.05826532555260961
CHEMBL219_Ki,109,molformer,xgboost,crem_lime,0.006553195095961032,0.03191836114992557,0.03221790116551565
CHEMBL219_Ki,109,molformer,xgboost,crem_mean,0.030892108911172514,0.005424918740367989,0.03628504613144423
CHEMBL219_Ki,109,morgan,mlp,crem_lime,0.03310202664463103,0.3949803087121724,0.41470823972265874
CHEMBL219_Ki,109,morgan,mlp,crem_mean,0.0938524412992427,0.18709589342683106,0.21433333278478528
CHEMBL219_Ki,109,morgan,xgboost,crem_lime,0.005769185046196545,0.19722884490057163,0.1930707481674773
CHEMBL219_Ki,109,morgan,xgboost,crem_mean,0.001205155329796764,0.1395377708054618,0.14003039523215144
CHEMBL219_Ki,109,unimol,mlp,crem_lime,0.011028415232627199,0.024122874775515536,0.01637122347204898
CHEMBL219_Ki,109,unimol,mlp,crem_mean,0.0832680100737283,0.08506499657698914,0.13521289084407956
CHEMBL219_Ki,109,unimol,xgboost,crem_lime,0.0048999247884520085,0.027607558315308072,0.024537239588833547
CHEMBL219_Ki,109,unimol,xgboost,crem_mean,0.04172603574303174,0.07220763237049546,0.08590123965118387
CHEMBL219_Ki,115,molformer,mlp,crem_lime,0.24658007622479158,0.49873991849479343,0.4370037044060018
CHEMBL219_Ki,115,molformer,mlp,crem_mean,0.009058884578139964,0.03455353883786394,0.03129591024727758
CHEMBL219_Ki,115,molformer,xgboost,crem_lime,0.07028689576335781,0.14669549807618332,0.20475792257034472
CHEMBL219_Ki,115,molformer,xgboost,crem_mean,0.0,0.010623618108631038,0.01062361810863104
CHEMBL219_Ki,115,morgan,mlp,crem_lime,0.27744457525207084,0.18454927714487315,0.15858359973453384
CHEMBL219_Ki,115,morgan,mlp,crem_mean,0.02396429668731967,0.03685067546123365,0.02413106670249358
CHEMBL219_Ki,115,morgan,xgboost,crem_lime,0.09957328541151386,0.47099753206210404,0.38297052512885393
CHEMBL219_Ki,115,morgan,xgboost,crem_mean,0.0,0.05257297060180363,0.052572970601803624
CHEMBL219_Ki,115,unimol,mlp,crem_lime,0.03271064339472193,0.014444112712490518,0.028707001921432926
CHEMBL219_Ki,115,unimol,mlp,crem_mean,0.003636168889100104,0.015520524198004756,0.016785744826171744
CHEMBL219_Ki,115,unimol,xgboost,crem_lime,0.05814813352410374,0.19440535166548864,0.1983894867545489
CHEMBL219_Ki,115,unimol,xgboost,crem_mean,0.003927570608538273,0.04804627110268131,0.05141081807343135
CHEMBL219_Ki,120,molformer,mlp,crem_lime,0.031699868581236676,0.04218621568317175,0.06937060644653006
CHEMBL219_Ki,120,molformer,mlp,crem_mean,0.0,0.0,0.0
CHEMBL219_Ki,120,molformer,xgboost,crem_lime,0.2520062340764195,0.10902337952303158,0.18035169988130612
CHEMBL219_Ki,120,molformer,xgboost,crem_mean,0.0,0.0,0.0
CHEMBL219_Ki,120,morgan,mlp,crem_lime,0.1629973826754488,0.01570105627166828,0.1691677220613035
CHEMBL219_Ki,120,morgan,mlp,crem_mean,0.0,0.0,0.0
CHEMBL219_Ki,120,morgan,xgboost,crem_lime,0.2681833523258268,0.23277684030232917,0.056894463365318455
CHEMBL219_Ki,120,morgan,xgboost,crem_mean,0.0,0.0,0.0
CHEMBL219_Ki,120,unimol,mlp,crem_lime,0.049011617482669904,0.25739733552211996,0.2086898862902047
CHEMBL219_Ki,120,unimol,mlp,crem_mean,0.0,0.0,0.0
CHEMBL219_Ki,120,unimol,xgboost,crem_lime,0.0776481250583281,0.08584364143527834,0.1385041365955138
CHEMBL219_Ki,120,unimol,xgboost,crem_mean,0.0,0.0,0.0
CHEMBL219_Ki,121,molformer,mlp,crem_lime,0.07184480105304017,0.5852875998963031,0.6156517558620687
CHEMBL219_Ki,121,molformer,mlp,crem_mean,0.05913528485959643,0.09365645548376471,0.11775610255824048
CHEMBL219_Ki,121,molformer,xgboost,crem_lime,0.15673259555542726,0.16886378453796888,0.3242674909029768
CHEMBL219_Ki,121,molformer,xgboost,crem_mean,0.07915181023134654,0.13042229487817536,0.2095260987104348
CHEMBL219_Ki,121,morgan,mlp,crem_lime,0.03385348648504532,0.3494271313699831,0.33579379364172207
CHEMBL219_Ki,121,morgan,mlp,crem_mean,0.04802823913857538,0.33608549678337074,0.3299588743797501
CHEMBL219_Ki,121,morgan,xgboost,crem_lime,0.030890431447653893,0.42671029659367615,0.4515065609351959
CHEMBL219_Ki,121,morgan,xgboost,crem_mean,0.0,0.20673996459676264,0.20673996459676267
CHEMBL219_Ki,121,unimol,mlp,crem_lime,0.1728342315662154,0.45717880861010673,0.6226543267022265
CHEMBL219_Ki,121,unimol,mlp,crem_mean,0.08961236783401184,0.24589108065822507,0.18867748211004484
CHEMBL219_Ki,121,unimol,xgboost,crem_lime,0.18535517519156997,0.575685913436931,0.40694909687281877
CHEMBL219_Ki,121,unimol,xgboost,crem_mean,0.1660122564321021,0.0639587329521046,0.222602675176189
CHEMBL219_Ki,126,molformer,mlp,crem_lime,0.36156140607492315,0.5940634151647388,0.9040946982109362
CHEMBL219_Ki,126,molformer,mlp,crem_mean,0.03303183867012531,0.0444403466019935,0.07743188296346608
CHEMBL219_Ki,126,molformer,xgboost,crem_lime,0.14026015535381164,0.5462371215608048,0.686493407725698
CHEMBL219_Ki,126,molformer,xgboost,crem_mean,0.022103411910416502,0.13365780121409265,0.11561190790504308
CHEMBL219_Ki,126,morgan,mlp,crem_lime,0.025902955779017304,0.4559858354887398,0.4354465513750169
CHEMBL219_Ki,126,morgan,mlp,crem_mean,0.007437086349443164,0.08091022745383968,0.08123193050951502
CHEMBL219_Ki,126,morgan,xgboost,crem_lime,0.2793476550884906,0.10043896110234934,0.3793529157871748
CHEMBL219_Ki,126,morgan,xgboost,crem_mean,0.11370952397322388,0.08898214084355638,0.20253080524161282
CHEMBL219_Ki,126,unimol,mlp,crem_lime,0.3097151926720299,0.38013904442737073,0.14235937376503469
CHEMBL219_Ki,126,unimol,mlp,crem_mean,0.05159034972912544,0.4438529569723917,0.47001550188985647
CHEMBL219_Ki,126,unimol,xgboost,crem_lime,0.19340789266381309,0.16020454275737064,0.18159963934368004
CHEMBL219_Ki,126,unimol,xgboost,crem_mean,0.03118174787948055,0.4028064650451822,0.4318928851172486
CHEMBL219_Ki,127,molformer,mlp,crem_lime,0.11133583023738718,0.2722797768256955,0.34956956133356165
CHEMBL219_Ki,127,molformer,mlp,crem_mean,0.04453220192808388,0.033846415550610694,0.035707404625670146
CHEMBL219_Ki,127,molformer,xgboost,crem_lime,0.03836023174094504,0.2507601695979486,0.26686702408407986
CHEMBL219_Ki,127,molformer,xgboost,crem_mean,0.04890741891449581,0.09404262129380772,0.04852386921680822
CHEMBL219_Ki,127,morgan,mlp,crem_lime,0.11271394188853259,0.035432159753039434,0.07728223544342294
CHEMBL219_Ki,127,morgan,mlp,crem_mean,0.02561735463400667,0.022310146605629345,0.045476590610487644
CHEMBL219_Ki,127,morgan,xgboost,crem_lime,0.13144488570114055,0.11511122671003124,0.06889113772078033
CHEMBL219_Ki,127,morgan,xgboost,crem_mean,0.033002188492086325,0.07347909983374479,0.07159209973170333
CHEMBL219_Ki,127,unimol,mlp,crem_lime,0.03408890000414858,0.06006506441596484,0.09148618187759297
CHEMBL219_Ki,127,unimol,mlp,crem_mean,0.0374775094137989,0.02385273196433061,0.038209913915584086
CHEMBL219_Ki,127,unimol,xgboost,crem_lime,0.0517505135971063,0.4171474998774401,0.4234703580317564
CHEMBL219_Ki,127,unimol,xgboost,crem_mean,0.029657029890090645,0.06948850054826283,0.07964372906984606
CHEMBL228_Ki,0,molformer,mlp,crem_lime,0.028581599309158507,0.679704213440903,0.6883571600080408
CHEMBL228_Ki,0,molformer,mlp,crem_mean,0.05607024719664935,0.06941670708955844,0.10201494646593219
CHEMBL228_Ki,0,molformer,xgboost,crem_lime,0.06962622014496063,0.10450374115414379,0.03503955113498622
CHEMBL228_Ki,0,molformer,xgboost,crem_mean,0.05485386673686673,0.09602957194795309,0.1168647323406689
CHEMBL228_Ki,0,morgan,mlp,crem_lime,0.21984467399650012,0.20167084697592152,0.08488439516175021
CHEMBL228_Ki,0,morgan,mlp,crem_mean,0.13232002158555264,0.18241802041325997,0.299650412308472
CHEMBL228_Ki,0,morgan,xgboost,crem_lime,0.00872422603709261,0.26370270787405237,0.25591275549292714
CHEMBL228_Ki,0,morgan,xgboost,crem_mean,0.02050817649146914,0.03212822552573895,0.05257358334128732
CHEMBL228_Ki,0,unimol,mlp,crem_lime,0.17111826454548545,0.03317578260325715,0.15018295254357994
CHEMBL228_Ki,0,unimol,mlp,crem_mean,0.051659602646429936,0.11900412987019764,0.07633502080138375
CHEMBL228_Ki,0,unimol,xgboost,crem_lime,0.06868688826127672,0.4007816354649657,0.4282784540803445
CHEMBL228_Ki,0,unimol,xgboost,crem_mean,0.05639820076174341,0.031636378451547764,0.06656198508307822
CHEMBL228_Ki,4,molformer,mlp,crem_lime,0.026337431264791333,0.11358790395739869,0.12981826983657097
CHEMBL228_Ki,4,molformer,mlp,crem_mean,0.0,0.0,0.0
CHEMBL228_Ki,4,molformer,xgboost,crem_lime,0.015035066802436286,0.019815094753924928,0.02316359303243214
CHEMBL228_Ki,4,molformer,xgboost,crem_mean,0.0,0.0,0.0
CHEMBL228_Ki,4,morgan,mlp,crem_lime,0.005768836995216022,0.026318948100748668,0.020582874911256707
CHEMBL228_Ki,4,morgan,mlp,crem_mean,0.0,0.0,0.0
CHEMBL228_Ki,4,morgan,xgboost,crem_lime,0.007713417211942275,0.16101577735939876,0.15335321808989635
CHEMBL228_Ki,4,morgan,xgboost,crem_mean,0.0,0.0,0.0
CHEMBL228_Ki,4,unimol,mlp,crem_lime,0.001180781978487353,0.010599443600308024,0.011606908924717748
CHEMBL228_Ki,4,unimol,mlp,crem_mean,0.0,0.0,0.0
CHEMBL228_Ki,4,unimol,xgboost,crem_lime,0.03703523082242907,0.032890785327064354,0.01687374622795731
CHEMBL228_Ki,4,unimol,xgboost,crem_mean,0.0,0.0,0.0
CHEMBL228_Ki,5,molformer,mlp,crem_lime,0.1392294434995454,0.19054001619721875,0.32666170291233143
CHEMBL228_Ki,5,molformer,mlp,crem_mean,0.050299000626488885,0.056144233072513997,0.10632579924851863
CHEMBL228_Ki,5,molformer,xgboost,crem_lime,0.16815849263018282,0.29807108298946206,0.20818712027482558
CHEMBL228_Ki,5,molformer,xgboost,crem_mean,0.07191012006881466,0.15408975399821678,0.2056513107501018
CHEMBL228_Ki,5,morgan,mlp,crem_lime,0.08012890714820843,0.28181189107633753,0.2358013726403693
CHEMBL228_Ki,5,morgan,mlp,crem_mean,0.0137034006646767,0.0662855233763341,0.06382070535613889
CHEMBL228_Ki,5,morgan,xgboost,crem_lime,0.040728993209091735,0.34417311522955263,0.3035656740814174
CHEMBL228_Ki,5,morgan,xgboost,crem_mean,0.041155224100163354,0.06743573407716372,0.036383863072597646
CHEMBL228_Ki,5,unimol,mlp,crem_lime,0.19785540449002403,0.28264095747361795,0.3956548745672745
CHEMBL228_Ki,5,unimol,mlp,crem_mean,0.016117419765436677,0.05817539017672136,0.04466569219401325
CHEMBL228_Ki,5,unimol,xgboost,crem_lime,0.2261230503786792,0.225959297752526,0.008949161997666037
CHEMBL228_Ki,5,unimol,xgboost,crem_mean,0.01568749443872598,0.04230125051790257,0.03768645293948703
CHEMBL228_Ki,9,molformer,mlp,crem_lime,0.028383346276513507,0.4027299122574787,0.4099868501205012
CHEMBL228_Ki,9,molformer,mlp,crem_mean,0.011197703827620205,0.09711546878191915,0.10459462009057448
CHEMBL228_Ki,9,molformer,xgboost,crem_lime,0.010236749715712652,0.2994343731444484,0.30908984756214936
CHEMBL228_Ki,9,molformer,xgboost,crem_mean,0.013936639563295928,0.13372693053234944,0.12523847105713928
CHEMBL228_Ki,9,morgan,mlp,crem_lime,0.006378954180207334,0.43647666803725393,0.4301763891651521
CHEMBL228_Ki,9,morgan,mlp,crem_mean,0.026303047797366662,0.02655059457413926,0.025940246010765642
CHEMBL228_Ki,9,morgan,xgboost,crem_lime,0.13043393386782537,0.315831050177056,0.24899432293514137
CHEMBL228_Ki,9,morgan,xgboost,crem_mean,0.08133393713915421,0.062470212592810014,0.11262657333133506
CHEMBL228_Ki,9,unimol,mlp,crem_lime,0.009633470743814916,0.0744286296816366,0.08273485718287618
CHEMBL228_Ki,9,unimol,mlp,crem_mean,0.015276228110832617,0.08122951251185202,0.09180953025554163
CHEMBL228_Ki,9,unimol,xgboost,crem_lime,0.04816478053457752,0.04205860273593719,0.04534457679709942
CHEMBL228_Ki,9,unimol,xgboost,crem_mean,0.07744799075189726,0.09953315632068023,0.17647010417602188
CHEMBL228_Ki,12,molformer,mlp,crem_lime,0.016435202615205122,0.0016492754235143444,0.01700681241564656
CHEMBL228_Ki,12,molformer,mlp,crem_mean,0.0,0.0,0.0
CHEMBL228_Ki,12,molformer,xgboost,crem_lime,0.022369367706273072,0.02001718750644981,0.009068022758206423
CHEMBL228_Ki,12,molformer,xgboost,crem_mean,0.0,0.0,0.0
CHEMBL228_Ki,12,morgan,mlp,crem_lime,0.0012302421018351808,0.01747148009934902,0.01766053930351084
CHEMBL228_Ki,12,morgan,mlp,crem_mean,0.0,0.0,0.0
CHEMBL228_Ki,12,morgan,xgboost,crem_lime,0.007652306540338094,0.05242088210565179,0.046537630785485604
CHEMBL228_Ki,12,morgan,xgboost,crem_mean,0.0,0.0,0.0
CHEMBL228_Ki,12,unimol,mlp,crem_lime,0.008232518641308147,0.009414108387951939,0.00187808494911367
CHEMBL228_Ki,12,unimol,mlp,crem_mean,0.0,0.0,0.0
CHEMBL228_Ki,12,unimol,xgboost,crem_lime,0.002222139104702476,0.0022345012951150386,0.0038595687512858424
CHEMBL228_Ki,12,unimol,xgboost,crem_mean,0.0,0.0,0.0
CHEMBL228_Ki,15,molformer,mlp,crem_lime,0.02252255381591777,0.2296572245841957,0.236885958852502
CHEMBL228_Ki,15,molformer,mlp,crem_mean,0.031465865499723196,0.24709734236902378,0.2634066823453215
CHEMBL228_Ki,15,molformer,xgboost,crem_lime,0.017567496761366312,0.4118306774319056,0.4283020371907126
CHEMBL228_Ki,15,molformer,xgboost,crem_mean,0.024927364300074365,0.2577415717409172,0.2795889629081201
CHEMBL228_Ki,15,morgan,mlp,crem_lime,0.038165634373751964,0.07278314028185152,0.07487033224491901
CHEMBL228_Ki,15,morgan,mlp,crem_mean,0.01166518142660203,0.0427283474218103,0.05350487885058818
CHEMBL228_Ki,15,morgan,xgboost,crem_lime,0.09383403878648007,0.2915378337209412,0.37839405724196007
CHEMBL228_Ki,15,morgan,xgboost,crem_mean,0.030472758520291562,0.09769308508124278,0.12807716769567035
CHEMBL228_Ki,15,unimol,mlp,crem_lime,0.049902223403828265,0.17523810546434287,0.1844770784248473
CHEMBL228_Ki,15,unimol,mlp,crem_mean,0.07023887453294439,0.1072476685421197,0.04883214693836609
CHEMBL228_Ki,15,unimol,xgboost,crem_lime,0.01998066593047414,0.01251417347790111,0.030689098793494775
CHEMBL228_Ki,15,unimol,xgboost,crem_mean,0.04117062190511119,0.049065763265822585,0.08902733477135273
CHEMBL228_Ki,17,molformer,mlp,crem_lime,0.2709512956582113,0.2751963979737047,0.4707025108765902
CHEMBL228_Ki,17,molformer,mlp,crem_mean,0.223509780064142,0.14841166877709278,0.15177923707560503
CHEMBL228_Ki,17,molformer,xgboost,crem_lime,0.06465364055977443,0.165333433859051,0.2299632891740573
CHEMBL228_Ki,17,molformer,xgboost,crem_mean,0.14876721236804147,0.07701196027130085,0.1407610916508289
CHEMBL228_Ki,17,morgan,mlp,crem_lime,0.1281800414919151,0.09030906894312742,0.11442623488346518
CHEMBL228_Ki,17,morgan,mlp,crem_mean,0.16283037255584543,0.09614693577337181,0.2539294099282824
CHEMBL228_Ki,17,morgan,xgboost,crem_lime,0.0536107825255283,0.2495045289100642,0.21338964194873133
CHEMBL228_Ki,17,morgan,xgboost,crem_mean,0.10599233154749695,0.027204244176954644,0.09287690271275492
CHEMBL228_Ki,17,unimol,mlp,crem_lime,0.1000819901375073,0.4390547849075325,0.3801166498139868
CHEMBL228_Ki,17,unimol,mlp,crem_mean,0.31590000847160066,0.10968939462739626,0.35269616269205073
CHEMBL228_Ki,17,unimol,xgboost,crem_lime,0.19793145218699268,0.33825505680408074,0.5329442658456885
CHEMBL228_Ki,17,unimol,xgboost,crem_mean,0.1460676032802868,0.1727633805183201,0.23976309962032774
CHEMBL228_Ki,23,molformer,mlp,crem_lime,0.09730217154967978,0.3011332317898754,0.3885349777519157
CHEMBL228_Ki,23,molformer,mlp,crem_mean,0.14060235224563236,0.034979307839720725,0.17339125078799525
CHEMBL228_Ki,23,molformer,xgboost,crem_lime,0.06572366408747692,0.25164510433488335,0.19468218776328677
CHEMBL228_Ki,23,molformer,xgboost,crem_mean,0.0321331589537968,0.15696934979355193,0.13201983386418062
CHEMBL228_Ki,23,morgan,mlp,crem_lime,0.24796616690830528,0.26222021045976757,0.5099032589843164
CHEMBL228_Ki,23,morgan,mlp,crem_mean,0.1010626967023523,0.15906950766840317,0.2303557120778163
CHEMBL228_Ki,23,morgan,xgboost,crem_lime,0.07894002001840328,0.4978557063775069,0.5744658436535166
CHEMBL228_Ki,23,morgan,xgboost,crem_mean,0.026923594832869022,0.18720388587008344,0.20389655942919357
CHEMBL228_Ki,23,unimol,mlp,crem_lime,0.07036326280227945,0.3698353777645089,0.40133063062223784
CHEMBL228_Ki,23,unimol,mlp,crem_mean,0.11800952604907052,0.13816739962961586,0.2117350725926392
CHEMBL228_Ki,23,unimol,xgboost,crem_lime,0.21218537874436216,0.18633783522871727,0.3067316260041919
CHEMBL228_Ki,23,unimol,xgboost,crem_mean,0.10696195481599882,0.1948834621635842,0.193608595749931
CHEMBL228_Ki,24,molformer,mlp,crem_lime,0.0,0.0,0.0
CHEMBL228_Ki,24,molformer,mlp,crem_mean,0.0,0.0,0.0
CHEMBL228_Ki,24,molformer,xgboost,crem_lime,0.0,0.0,0.0
CHEMBL228_Ki,24,molformer,xgboost,crem_mean,0.0,0.0,0.0
CHEMBL228_Ki,24,morgan,mlp,crem_lime,0.0,0.0,0.0
CHEMBL228_Ki,24,morgan,mlp,crem_mean,0.0,0.0,0.0
CHEMBL228_Ki,24,morgan,xgboost,crem_lime,0.0,0.0,0.0
CHEMBL228_Ki,24,morgan,xgboost,crem_mean,0.0,0.0,0.0
CHEMBL228_Ki,24,unimol,mlp,crem_lime,0.0,0.0,0.0
CHEMBL228_Ki,24,unimol,mlp,crem_mean,0.0,0.0,0.0
CHEMBL228_Ki,24,unimol,xgboost,crem_lime,0.0,0.0,0.0
CHEMBL228_Ki,24,unimol,xgboost,crem_mean,0.0,0.0,0.0
CHEMBL228_Ki,34,molformer,mlp,crem_lime,0.04532120575902698,0.11805377328845643,0.09709298940431178
CHEMBL228_Ki,34,molformer,mlp,crem_mean,0.0874227065558299,0.10584171458581018,0.18139323652946387
CHEMBL228_Ki,34,molformer,xgboost,crem_lime,0.04344381863343645,0.1061881137110236,0.135144338815581
CHEMBL228_Ki,34,molformer,xgboost,crem_mean,0.04261816120452769,0.1815225583670158,0.2192526202309847
CHEMBL228_Ki,34,morgan,mlp,crem_lime,0.022973958052848686,0.012303939357631537,0.033598221103459155
CHEMBL228_Ki,34,morgan,mlp,crem_mean,0.07374938322188707,0.05720010191889571,0.07899044363082655
CHEMBL228_Ki,34,morgan,xgboost,crem_lime,0.05515244642696573,0.48555043249081187,0.43045005314345464
CHEMBL228_Ki,34,morgan,xgboost,crem_mean,0.04380942216482544,0.15079399088549486,0.11005111903451849
CHEMBL228_Ki,34,unimol,mlp,crem_lime,0.21086731882059973,0.09092945888277905,0.2853945445181684
CHEMBL228_Ki,34,unimol,mlp,crem_mean,0.11424684140841321,0.0445192471617539,0.13902051092296638
CHEMBL228_Ki,34,unimol,xgboost,crem_lime,0.05230621544073851,0.1184115281074477,0.14272719061174155
CHEMBL228_Ki,34,unimol,xgboost,crem_mean,0.05774877026524501,0.04076394381852585,0.02907381314668868
CHEMBL228_Ki,38,molformer,mlp,crem_lime,0.008889513868806289,0.09449317660832103,0.10210444560379868
CHEMBL228_Ki,38,molformer,mlp,crem_mean,0.011011331087583013,0.017313910654298346,0.008158368815343323
CHEMBL228_Ki,38,molformer,xgboost,crem_lime,0.18422408612815863,0.12172647614243813,0.2323621708032363
CHEMBL228_Ki,38,molformer,xgboost,crem_mean,0.09947293627345569,0.06289918403247517,0.12139782390051503
CHEMBL228_Ki,38,morgan,mlp,crem_lime,0.035952113719980375,0.12366306904754588,0.11130846430956096
CHEMBL228_Ki,38,morgan,mlp,crem_mean,0.017178871605611233,0.012007661305694311,0.023093834223319756
CHEMBL228_Ki,38,morgan,xgboost,crem_lime,0.04369024076318357,0.029295955316503832,0.06649656955475822
CHEMBL228_Ki,38,morgan,xgboost,crem_mean,0.002301862754653527,0.007186149902640316,0.008928428167871974
CHEMBL228_Ki,38,unimol,mlp,crem_lime,0.06895181545329541,0.110271085967031,0.17145850544125713
CHEMBL228_Ki,38,unimol,mlp,crem_mean,0.018550009785231966,0.018769643250928746,0.005627537483785237
CHEMBL228_Ki,38,unimol,xgboost,crem_lime,0.16727746835254498,0.04784978525627773,0.12112440679568605
CHEMBL228_Ki,38,unimol,xgboost,crem_mean,0.026758078777962435,0.0617451739905598,0.08849831115743494
CHEMBL228_Ki,46,molformer,mlp,crem_lime,0.04189570382920839,0.091673502103279,0.09057651642720971
CHEMBL228_Ki,46,molformer,mlp,crem_mean,0.024417105134477906,0.02449325805396785,0.007474624020758563
CHEMBL228_Ki,46,molformer,xgboost,crem_lime,0.031051045884575332,0.2424075503977368,0.26712938234182504
CHEMBL228_Ki,46,molformer,xgboost,crem_mean,0.020961220133513148,0.017440789381769926,0.035362726716751086
CHEMBL228_Ki,46,morgan,mlp,crem_lime,0.05050446852524182,0.10257325945424017,0.11856221036243224
CHEMBL228_Ki,46,morgan,mlp,crem_mean,0.025894988154518114,0.027905263010831894,0.004650877168471953
CHEMBL228_Ki,46,morgan,xgboost,crem_lime,0.006996210343363528,0.138998402349535,0.13200878331867005
CHEMBL228_Ki,46,morgan,xgboost,crem_mean,0.005813596460590013,0.026461887337857832,0.029797115965407916
CHEMBL228_Ki,46,unimol,mlp,crem_lime,0.1295715571639549,0.07299831003340983,0.11761479124072324
CHEMBL228_Ki,46,unimol,mlp,crem_mean,0.015607473163116935,0.027905263010831894,0.04260171415829702
CHEMBL228_Ki,46,unimol,xgboost,crem_lime,0.07198200577722162,0.029402433421673767,0.04265435428571723
CHEMBL228_Ki,46,unimol,xgboost,crem_mean,0.02790526301083189,0.02589498815451811,0.04855658317414151
CHEMBL228_Ki,48,molformer,mlp,crem_lime,0.018928935918935803,0.3591963148281132,0.3554773843400979
CHEMBL228_Ki,48,molformer,mlp,crem_mean,0.052041649986653345,0.26254339919017833,0.2174589879916057
CHEMBL228_Ki,48,molformer,xgboost,crem_lime,0.01639375832164714,0.01743614434980763,0.027370088374886848
CHEMBL228_Ki,48,molformer,xgboost,crem_mean,0.05487319662944135,0.0,0.054873196629441345
CHEMBL228_Ki,48,morgan,mlp,crem_lime,0.21200497215299594,0.3210445287701328,0.24407892916792903
CHEMBL228_Ki,48,morgan,mlp,crem_mean,0.04279509397147304,0.3505204463841351,0.32993215907491763
CHEMBL228_Ki,48,morgan,xgboost,crem_lime,0.21776606302259394,0.2610223173795006,0.07954385932665266
CHEMBL228_Ki,48,morgan,xgboost,crem_mean,0.08716263009962667,0.030070326520292987,0.113116415362708
CHEMBL228_Ki,48,unimol,mlp,crem_lime,0.046593145559842966,0.19250971476465137,0.14993730601522845
CHEMBL228_Ki,48,unimol,mlp,crem_mean,0.12334711827150381,0.046587839233600256,0.0923276455491694
CHEMBL228_Ki,48,unimol,xgboost,crem_lime,0.017974876698280323,0.2849185581827283,0.26787575150277215
CHEMBL228_Ki,48,unimol,xgboost,crem_mean,0.037254725080401944,0.05276614492427956,0.08511033192973981
CHEMBL228_Ki,49,molformer,mlp,crem_lime,0.34814876029042513,0.4935037428442074,0.5387735804725308
CHEMBL228_Ki,49,molformer,mlp,crem_mean,0.12912388372996816,0.26305514715938816,0.2222208239571254
CHEMBL228_Ki,49,molformer,xgboost,crem_lime,0.038411974282844576,0.035610718638756,0.05446142846139675
CHEMBL228_Ki,49,molformer,xgboost,crem_mean,0.010768251595215706,0.09317960874657136,0.10196838648491764
CHEMBL228_Ki,49,morgan,mlp,crem_lime,0.008188687446405173,0.04170363830627991,0.04986799627839217
CHEMBL228_Ki,49,morgan,mlp,crem_mean,0.07080523072663451,0.1659046466522182,0.20841488235187555
CHEMBL228_Ki,49,morgan,xgboost,crem_lime,0.009871223381796204,0.13315488271333129,0.1269325755977581
CHEMBL228_Ki,49,morgan,xgboost,crem_mean,0.001610862156491098,0.032847944054057304,0.03298420713458693
CHEMBL228_Ki,49,unimol,mlp,crem_lime,0.4526104714286635,0.3358213603374963,0.5859257778768738
CHEMBL228_Ki,49,unimol,mlp,crem_mean,0.02220706984914051,0.13773003376919243,0.12192103109552088
CHEMBL228_Ki,49,unimol,xgboost,crem_lime,0.12314029894818772,0.11239849065485648,0.03033820091981117
CHEMBL228_Ki,49,unimol,xgboost,crem_mean,0.1008250629164676,0.013209576571506546,0.11304678484835433
CHEMBL228_Ki,52,molformer,mlp,crem_lime,0.07733887957297182,0.2823233951907384,0.26244992273927537
CHEMBL228_Ki,52,molformer,mlp,crem_mean,0.0,0.0,0.0
CHEMBL228_Ki,52,molformer,xgboost,crem_lime,0.2978105069549766,0.18760999472734094,0.4602380260571096
CHEMBL228_Ki,52,molformer,xgboost,crem_mean,0.0,0.04123930494211615,0.04123930494211615
CHEMBL228_Ki,52,morgan,mlp,crem_lime,0.06800776170369126,0.053941806889894965,0.0653301686721123
CHEMBL228_Ki,52,morgan,mlp,crem_mean,0.0,0.0,0.0
CHEMBL228_Ki,52,morgan,xgboost,crem_lime,0.0877799132348748,0.12505061680461735,0.06562762559911106
CHEMBL228_Ki,52,morgan,xgboost,crem_mean,0.0,0.09449111825230672,0.09449111825230673
CHEMBL228_Ki,52,unimol,mlp,crem_lime,0.4571159623521299,0.13911690921679762,0.5657809483717399
CHEMBL228_Ki,52,unimol,mlp,crem_mean,0.0,0.0,0.0
CHEMBL228_Ki,52,unimol,xgboost,crem_lime,0.3129877535834629,0.25473084715607336,0.5304374491962293
CHEMBL228_Ki,52,unimol,xgboost,crem_mean,0.0,0.12371791482634827,0.12371791482634827
CHEMBL228_Ki,53,molformer,mlp,crem_lime,0.12807298866197817,0.30309834170774896,0.2884214914208179
CHEMBL228_Ki,53,molformer,mlp,crem_mean,0.007881712363291294,0.12395225426828364,0.12823372774080705
CHEMBL228_Ki,53,molformer,xgboost,crem_lime,0.22243039415808694,0.16566724493518514,0.3380019528820138
CHEMBL228_Ki,53,molformer,xgboost,crem_mean,0.024769564807349983,0.09568828135129236,0.10049132513460748
CHEMBL228_Ki,53,morgan,mlp,crem_lime,0.011664234002699772,0.2502172093142922,0.2586845289063802
CHEMBL228_Ki,53,morgan,mlp,crem_mean,0.012247426652436113,0.033654556522279035,0.04375097400937485
CHEMBL228_Ki,53,morgan,xgboost,crem_lime,0.06510232300821156,0.2343561150810821,0.2599980255652842
CHEMBL228_Ki,53,morgan,xgboost,crem_mean,0.007443289802822406,0.0631618511817248,0.06948916099550256
CHEMBL228_Ki,53,unimol,mlp,crem_lime,0.037976977605404624,0.08436871770591385,0.10749316884484193
CHEMBL228_Ki,53,unimol,mlp,crem_mean,0.010246746276334522,0.04157356203992323,0.046947420802401676
CHEMBL228_Ki,53,unimol,xgboost,crem_lime,0.02789707122085534,0.07088768921295285,0.0642752663879606
CHEMBL228_Ki,53,unimol,xgboost,crem_mean,0.02394946572129644,0.018590051272119837,0.009406485930694156
CHEMBL228_Ki,55,molformer,mlp,crem_lime,0.2643268990480025,0.15019052623207998,0.2166053149929771
CHEMBL228_Ki,55,molformer,mlp,crem_mean,0.027388509162975506,0.12762084026278375,0.10082838486062863
CHEMBL228_Ki,55,molformer,xgboost,crem_lime,0.03972671126059993,0.2737132827033997,0.250241212385844
CHEMBL228_Ki,55,molformer,xgboost,crem_mean,0.0559169800284988,0.32212817268796,0.28940322078424047
CHEMBL228_Ki,55,morgan,mlp,crem_lime,0.1917990203616328,0.12052036910893586,0.30567054312316855
CHEMBL228_Ki,55,morgan,mlp,crem_mean,0.031548359041407195,0.18498922918997962,0.20447682808331785
CHEMBL228_Ki,55,morgan,xgboost,crem_lime,0.03663229633292834,0.2954009186608127,0.2923669342928463
CHEMBL228_Ki,55,morgan,xgboost,crem_mean,0.03640286564443188,0.21254278798965298,0.20466056212112124
CHEMBL228_Ki,55,unimol,mlp,crem_lime,0.014616314272584094,0.2661626375156924,0.2534328113346046
CHEMBL228_Ki,55,unimol,mlp,crem_mean,0.33676185016100113,0.2251623832400045,0.19756542933966525
CHEMBL228_Ki,55,unimol,xgboost,crem_lime,0.2502051729015519,0.3407056750145724,0.24947007735420643
CHEMBL228_Ki,55,unimol,xgboost,crem_mean,0.37799021023955304,0.3352518231505568,0.2772568524468175
CHEMBL228_Ki,57,molformer,mlp,crem_lime,0.2786646385586601,0.688250365928639,0.6677453698288346
CHEMBL228_Ki,57,molformer,mlp,crem_mean,0.15431712660532226,0.027625479857083395,0.17789295587682266
CHEMBL228_Ki,57,molformer,xgboost,crem_lime,0.32998438660645474,0.28936277251999415,0.23293449826972124
CHEMBL228_Ki,57,molformer,xgboost,crem_mean,0.15200083685349475,0.526747427886513,0.6784325658166256
CHEMBL228_Ki,57,morgan,mlp,crem_lime,0.1125735630204463,0.3163595787777085,0.326425997426646
CHEMBL228_Ki,57,morgan,mlp,crem_mean,0.17610149312568354,0.19547177433090132,0.2769564305484342
CHEMBL228_Ki,57,morgan,xgboost,crem_lime,0.14788962362165348,0.4847159757506341,0.343200223509223
CHEMBL228_Ki,57,morgan,xgboost,crem_mean,0.01060500293990828,0.13636363636363574,0.14622243748621697
CHEMBL228_Ki,57,unimol,mlp,crem_lime,0.04229097411984866,0.5323403260326417,0.5746178871043109
CHEMBL228_Ki,57,unimol,mlp,crem_mean,0.23715529487997897,0.3881895447513167,0.3365361703010099
CHEMBL228_Ki,57,unimol,xgboost,crem_lime,0.011209306596766533,0.06985842968028359,0.07859656038640767
CHEMBL228_Ki,57,unimol,xgboost,crem_mean,0.19814002142849824,0.3028962616318616,0.4992663096891786
CHEMBL228_Ki,60,molformer,mlp,crem_lime,0.02635476294227793,0.5524728664409905,0.5309589293011986
CHEMBL228_Ki,60,molformer,mlp,crem_mean,0.03995226579197512,0.17484983005035853,0.21201637214666633
CHEMBL228_Ki,60,molformer,xgboost,crem_lime,0.018572557868336937,0.5858107703347004,0.5909522388705485
CHEMBL228_Ki,60,molformer,xgboost,crem_mean,0.0050024150850980316,0.055303077737917004,0.06005729258938617
CHEMBL228_Ki,60,morgan,mlp,crem_lime,0.3895132805466575,0.2540571449284368,0.6161765940895435
CHEMBL228_Ki,60,morgan,mlp,crem_mean,0.4250102525968347,0.04848376517013902,0.43539291011433073
CHEMBL228_Ki,60,morgan,xgboost,crem_lime,0.29566426123544387,0.11057862649453788,0.3213102546914747
CHEMBL228_Ki,60,morgan,xgboost,crem_mean,0.022455198737953066,0.17023547213590512,0.1582959513226586
CHEMBL228_Ki,60,unimol,mlp,crem_lime,0.11547005383792525,0.46732378027904037,0.3707068850808842
CHEMBL228_Ki,60,unimol,mlp,crem_mean,0.2672303278541474,0.27280762606150993,0.1493742613454308
CHEMBL228_Ki,60,unimol,xgboost,crem_lime,0.45919816681257536,0.4639996126688377,0.25590317369589555
CHEMBL228_Ki,60,unimol,xgboost,crem_mean,0.1395654242129947,0.13306748253192946,0.1716247903724808
CHEMBL228_Ki,61,molformer,mlp,crem_lime,0.08426760046672142,0.09677440047333673,0.1362027140467049
CHEMBL228_Ki,61,molformer,mlp,crem_mean,0.03345736879318325,0.07879680174676962,0.06502960599842489
CHEMBL228_Ki,61,molformer,xgboost,crem_lime,0.10143710052137261,0.28112447180572503,0.17978813041531294
CHEMBL228_Ki,61,molformer,xgboost,crem_mean,0.018787599399249014,0.09487989991698767,0.11228108481199925
CHEMBL228_Ki,61,morgan,mlp,crem_lime,0.1388949066202881,0.087350883615921,0.17906101858144124
CHEMBL228_Ki,61,morgan,mlp,crem_mean,0.0638325913361628,0.08921113047095776,0.12615975674105576
CHEMBL228_Ki,61,morgan,xgboost,crem_lime,0.05249322299969142,0.19743874538762116,0.1452987297337422
CHEMBL228_Ki,61,morgan,xgboost,crem_mean,0.0,0.04702884025604292,0.04702884025604291
CHEMBL228_Ki,61,unimol,mlp,crem_lime,0.28907820885758273,0.10695410209678961,0.3771061072891489
CHEMBL228_Ki,61,unimol,mlp,crem_mean,0.102230849090282,0.07200046647286991,0.055072962518718266
CHEMBL228_Ki,61,unimol,xgboost,crem_lime,0.05532685702984835,0.1934421993371991,0.15924256158627653
CHEMBL228_Ki,61,unimol,xgboost,crem_mean,0.09134656736937002,0.03345736879318325,0.12388154130144857
CHEMBL228_Ki,64,molformer,mlp,crem_lime,0.032840453001278795,0.05285563512736657,0.07460920030126998
CHEMBL228_Ki,64,molformer,mlp,crem_mean,0.03438160956522579,0.020571175214853746,0.05197624924874464
CHEMBL228_Ki,64,molformer,xgboost,crem_lime,0.019514429829021084,0.06158915096389584,0.07087057613100271
CHEMBL228_Ki,64,molformer,xgboost,crem_mean,0.013261013995449206,0.07907366727786712,0.07750084004921065
CHEMBL228_Ki,64,morgan,mlp,crem_lime,0.11829766032021194,0.12253632936628692,0.08709045899654345
CHEMBL228_Ki,64,morgan,mlp,crem_mean,0.04223294396949569,0.06062372435317879,0.09447957383476747
CHEMBL228_Ki,64,morgan,xgboost,crem_lime,0.06833187853707233,0.24646766675448845,0.26339073575257493
CHEMBL228_Ki,64,morgan,xgboost,crem_mean,0.015925094679794943,0.103125,0.11410399608169045
CHEMBL228_Ki,64,unimol,mlp,crem_lime,0.010367321212137933,0.12440448519223672,0.13176735639862902
CHEMBL228_Ki,64,unimol,mlp,crem_mean,0.00902014360764171,0.07983053267865776,0.07207383343292871
CHEMBL228_Ki,64,unimol,xgboost,crem_lime,0.05594140731171644,0.06957420500260392,0.08933610708699931
CHEMBL228_Ki,64,unimol,xgboost,crem_mean,0.020887861770614823,0.028204209101278785,0.0076509963106614854
CHEMBL228_Ki,65,molformer,mlp,crem_lime,0.03889411394306045,0.05944142284204436,0.0965832801795849
CHEMBL228_Ki,65,molformer,mlp,crem_mean,0.07233516862377162,0.02323451586553687,0.05828151044754526
CHEMBL228_Ki,65,molformer,xgboost,crem_lime,0.1703779693997379,0.2362675891400156,0.09050597521400035
CHEMBL228_Ki,65,molformer,xgboost,crem_mean,0.09153803488419765,0.01900552083141811,0.10740365775741087
CHEMBL228_Ki,65,morgan,mlp,crem_lime,0.007169670163671254,0.17828396131246743,0.17915925003709804
CHEMBL228_Ki,65,morgan,mlp,crem_mean,0.0063945392837286875,0.1217225559827442,0.1158981541897311
CHEMBL228_Ki,65,morgan,xgboost,crem_lime,0.016663274411570735,0.04568123480054722,0.029028996213357788
CHEMBL228_Ki,65,morgan,xgboost,crem_mean,0.0010868393497142014,0.01275986286444122,0.012648802840190378
CHEMBL228_Ki,65,unimol,mlp,crem_lime,0.014790165430698925,0.10911043384440909,0.09657370996110097
CHEMBL228_Ki,65,unimol,mlp,crem_mean,0.020605654190110526,0.07237318000989765,0.08645695888717272
CHEMBL228_Ki,65,unimol,xgboost,crem_lime,0.03412058472525118,0.06765878270287987,0.08329304637552938
CHEMBL228_Ki,65,unimol,xgboost,crem_mean,0.00741512911604641,0.05056332149156153,0.04328401164542025
CHEMBL228_Ki,66,molformer,mlp,crem_lime,0.01612876938599008,0.19862598735127035,0.2002191916956726
CHEMBL228_Ki,66,molformer,mlp,crem_mean,0.045259095777383074,0.11612222919960746,0.15565936438272732
CHEMBL228_Ki,66,molformer,xgboost,crem_lime,0.0055586136006896,0.3015644761080017,0.29794880556794856
CHEMBL228_Ki,66,molformer,xgboost,crem_mean,0.014115442178360528,0.12454282981635226,0.11097714385929291
CHEMBL228_Ki,66,morgan,mlp,crem_lime,0.0228924257161298,0.2808614553785398,0.2636277490098829
CHEMBL228_Ki,66,morgan,mlp,crem_mean,0.0042575185464704905,0.13561005653508937,0.13150043920163237
CHEMBL228_Ki,66,morgan,xgboost,crem_lime,0.12004008021617131,0.032378984595413725,0.12693117425309106
CHEMBL228_Ki,66,morgan,xgboost,crem_mean,0.006511217056357701,0.05248131310001619,0.04824123062568141
CHEMBL228_Ki,66,unimol,mlp,crem_lime,0.08712145255025225,0.0591928376142059,0.029931679526809637
CHEMBL228_Ki,66,unimol,mlp,crem_mean,0.0983396706147486,0.025110949530880614,0.11431509310485985
CHEMBL228_Ki,66,unimol,xgboost,crem_lime,0.07453571460599578,0.030347430789424028,0.09854334973091768
CHEMBL228_Ki,66,unimol,xgboost,crem_mean,0.08213249055746737,0.04514175778621356,0.12684353116829425
CHEMBL228_Ki,79,molformer,mlp,crem_lime,0.18209054522703252,0.5523454040744292,0.4730507099770552
CHEMBL228_Ki,79,molformer,mlp,crem_mean,0.02968251118735464,0.13376617234539764,0.1288108384646357
CHEMBL228_Ki,79,molformer,xgboost,crem_lime,0.017166797661231383,0.19560401285322984,0.19737787573132218
CHEMBL228_Ki,79,molformer,xgboost,crem_mean,0.025286381825424736,0.08931972150707411,0.1032379584867482
CHEMBL228_Ki,79,morgan,mlp,crem_lime,0.0219899302785204,0.022220071607340568,0.04018128779588827
CHEMBL228_Ki,79,morgan,mlp,crem_mean,0.003904787154990185,0.07115868100819042,0.07425517405692829
CHEMBL228_Ki,79,morgan,xgboost,crem_lime,0.013550401535448432,0.01052415488517649,0.021845500734640394
CHEMBL228_Ki,79,morgan,xgboost,crem_mean,0.010964839412223282,0.013494318181818133,0.024455288994225215
CHEMBL228_Ki,79,unimol,mlp,crem_lime,0.2887177059712802,0.1837592876500516,0.24241850145602548
CHEMBL228_Ki,79,unimol,mlp,crem_mean,0.048609233928518604,0.044425951013724096,0.006108436663873006
CHEMBL228_Ki,79,unimol,xgboost,crem_lime,0.21743834924627817,0.06212957704246598,0.1924834686115289
CHEMBL228_Ki,79,unimol,xgboost,crem_mean,0.07383727069154869,0.11326369653104637,0.09105073667730826
CHEMBL228_Ki,88,molformer,mlp,crem_lime,0.03375342445314587,0.10982315594538125,0.12434434131786304
CHEMBL228_Ki,88,molformer,mlp,crem_mean,0.06528379950228769,0.10142160795148333,0.07752691469608486
CHEMBL228_Ki,88,molformer,xgboost,crem_lime,0.042127467809509836,0.10968866157950741,0.1245532889422906
CHEMBL228_Ki,88,molformer,xgboost,crem_mean,0.037230326619039654,0.1000801490171347,0.07381608942513394
CHEMBL228_Ki,88,morgan,mlp,crem_lime,0.17249032540134626,0.08199504046178557,0.10542147421302422
CHEMBL228_Ki,88,morgan,mlp,crem_mean,0.055603805881311426,0.07796874498901325,0.13041480479859452
CHEMBL228_Ki,88,morgan,xgboost,crem_lime,0.13852387301159663,0.0911516912804869,0.22864466994864488
CHEMBL228_Ki,88,morgan,xgboost,crem_mean,0.062004285145941376,0.10807038637421007,0.07878732307723506
CHEMBL228_Ki,88,unimol,mlp,crem_lime,0.1477022381293769,0.23332684954115238,0.36549101895540315
CHEMBL228_Ki,88,unimol,mlp,crem_mean,0.015741156867584087,0.08580595401979856,0.07493959561796272
CHEMBL228_Ki,88,unimol,xgboost,crem_lime,0.17851676769357017,0.20700918970754228,0.06502127261073833
CHEMBL228_Ki,88,unimol,xgboost,crem_mean,0.13183436863076883,0.0843611969142012,0.05195413568622114
CHEMBL228_Ki,89,molformer,mlp,crem_lime,0.04404819495737675,0.16790030930610966,0.1809320875456978
CHEMBL228_Ki,89,molformer,mlp,crem_mean,0.05046502228877889,0.10641524844507681,0.1554446846586883
CHEMBL228_Ki,89,molformer,xgboost,crem_lime,0.08952695375726823,0.1855447226949301,0.23053383365698663
CHEMBL228_Ki,89,molformer,xgboost,crem_mean,0.11628647645712487,0.08586443246131557,0.1892517525112952
CHEMBL228_Ki,89,morgan,mlp,crem_lime,0.08678029149565586,0.057778967294583226,0.10091870435708113
CHEMBL228_Ki,89,morgan,mlp,crem_mean,0.062103688089656925,0.12142168452077916,0.13513212507388078
CHEMBL228_Ki,89,morgan,xgboost,crem_lime,0.04355939452581486,0.08047832304652629,0.04484689797309521
CHEMBL228_Ki,89,morgan,xgboost,crem_mean,0.000771626546072414,0.01976797821447191,0.019196276829420447
CHEMBL228_Ki,89,unimol,mlp,crem_lime,0.10109324855275763,0.33121632691692926,0.2965445728536806
CHEMBL228_Ki,89,unimol,mlp,crem_mean,0.1225468909693805,0.17344871176367932,0.11130278295295225
CHEMBL228_Ki,89,unimol,xgboost,crem_lime,0.012792975891028974,0.05127701819200533,0.06388896320792728
CHEMBL228_Ki,89,unimol,xgboost,crem_mean,0.021314986934208063,0.13891204024354536,0.15090504252362363
CHEMBL228_Ki,93,molformer,mlp,crem_lime,0.04573074864103439,0.34337730525829646,0.2987462311748487
CHEMBL228_Ki,93,molformer,mlp,crem_mean,0.14541927898995818,0.1893538704204653,0.0989702213042233
CHEMBL228_Ki,93,molformer,xgboost,crem_lime,0.012142650100724496,0.23752010845159366,0.23180376246939827
CHEMBL228_Ki,93,molformer,xgboost,crem_mean,0.06441880452956464,0.32723881772467556,0.35890413217588035
CHEMBL228_Ki,93,morgan,mlp,crem_lime,0.13020883733593175,0.019619661335110065,0.14783419486264315
CHEMBL228_Ki,93,morgan,mlp,crem_mean,0.10180405012572384,0.1843647388392478,0.22597830100269584
CHEMBL228_Ki,93,morgan,xgboost,crem_lime,0.0,0.07735046465801676,0.07735046465801676
CHEMBL228_Ki,93,morgan,xgboost,crem_mean,0.0,0.018712243812745152,0.018712243812745135
CHEMBL228_Ki,93,unimol,mlp,crem_lime,0.0407938220658114,0.07578819519771304,0.035011731740197755
CHEMBL228_Ki,93,unimol,mlp,crem_mean,0.007260422139652008,0.2675966169853348,0.26035490537704836
CHEMBL228_Ki,93,unimol,xgboost,crem_lime,0.008909814601043141,0.072862557647089,0.06909406416333153
CHEMBL228_Ki,93,unimol,xgboost,crem_mean,0.01756677072361632,0.04769697602572273,0.04725314560395225
CHEMBL228_Ki,103,molformer,mlp,crem_lime,0.2212952887296249,0.16083928568144523,0.11658263419940113
CHEMBL228_Ki,103,molformer,mlp,crem_mean,0.16565439880506988,0.059122224781171476,0.10990364383187128
CHEMBL228_Ki,103,molformer,xgboost,crem_lime,0.10228108022812922,0.17457084498398057,0.26793334302860783
CHEMBL228_Ki,103,molformer,xgboost,crem_mean,0.05182563755940922,0.0554498129086537,0.0957754593121773
CHEMBL228_Ki,103,morgan,mlp,crem_lime,0.0690768837340704,0.2615962685558453,0.28338530803018014
CHEMBL228_Ki,103,morgan,mlp,crem_mean,0.1162216230305449,0.1584111924485233,0.11016477377490172
CHEMBL228_Ki,103,morgan,xgboost,crem_lime,0.058903246729851366,0.19901548323049034,0.2556042418283013
CHEMBL228_Ki,103,morgan,xgboost,crem_mean,0.035300213204988114,0.10541184089532786,0.07053978327310582
CHEMBL228_Ki,103,unimol,mlp,crem_lime,0.2507919226104772,0.438028437293555,0.45015928993131177
CHEMBL228_Ki,103,unimol,mlp,crem_mean,0.31099665115285086,0.08223849044680491,0.23652155887817497
CHEMBL228_Ki,103,unimol,xgboost,crem_lime,0.05293542473813203,0.22821738619904594,0.19851449601157212
CHEMBL228_Ki,103,unimol,xgboost,crem_mean,0.1874970356261231,0.04325719126731107,0.1617170254384294
CHEMBL228_Ki,106,molformer,mlp,crem_lime,0.06670487777673866,0.17471414890488346,0.19029020254765547
CHEMBL228_Ki,106,molformer,mlp,crem_mean,0.020368676783387142,0.056536716105181656,0.0762733859999422
CHEMBL228_Ki,106,molformer,xgboost,crem_lime,0.09526144114998682,0.08422380304625476,0.16652199017754662
CHEMBL228_Ki,106,molformer,xgboost,crem_mean,0.0606624434547498,0.16849425197993828,0.14036645516898297
CHEMBL228_Ki,106,morgan,mlp,crem_lime,0.1137101140467323,0.10555960426312634,0.16057451674125348
CHEMBL228_Ki,106,morgan,mlp,crem_mean,0.13162034411129242,0.10042655963786334,0.19397580791548324
CHEMBL228_Ki,106,morgan,xgboost,crem_lime,0.015193276233742786,0.30713524291295435,0.3192757117560501
CHEMBL228_Ki,106,morgan,xgboost,crem_mean,0.045252179813643933,0.1552851499990237,0.1996712732450195
CHEMBL228_Ki,106,unimol,mlp,crem_lime,0.1385449079496181,0.056304388492552,0.19484053504695245
CHEMBL228_Ki,106,unimol,mlp,crem_mean,0.08721459687816875,0.08040681377778382,0.1347785918786968
CHEMBL228_Ki,106,unimol,xgboost,crem_lime,0.11171935223639615,0.249001933555824,0.18245030607225712
CHEMBL228_Ki,106,unimol,xgboost,crem_mean,0.13240699607043804,0.09464032328704708,0.08661864818723553
CHEMBL228_Ki,118,molformer,mlp,crem_lime,0.05407747376049654,0.35122942557248826,0.37693454924442193
CHEMBL228_Ki,118,molformer,mlp,crem_mean,0.02369425535911534,0.13414197108892673,0.14758953925933035
CHEMBL228_Ki,118,molformer,xgboost,crem_lime,0.0171360545990017,0.04722600511712655,0.05728571454795799
CHEMBL228_Ki,118,molformer,xgboost,crem_mean,0.004344657973052261,0.016897716560179573,0.013274718569819032
CHEMBL228_Ki,118,morgan,mlp,crem_lime,0.06080819760936709,0.38035169843254224,0.394995332886469
CHEMBL228_Ki,118,morgan,mlp,crem_mean,0.031512665185348,0.13599665221600685,0.15837604746337805
CHEMBL228_Ki,118,morgan,xgboost,crem_lime,0.013080268648075693,0.22176728230046366,0.20868863125842288
CHEMBL228_Ki,118,morgan,xgboost,crem_mean,0.07706158254014077,0.020477257755004388,0.09125541196158493
CHEMBL228_Ki,118,unimol,mlp,crem_lime,0.32711567046105516,0.033428295564757605,0.32198039428436404
CHEMBL228_Ki,118,unimol,mlp,crem_mean,0.02843124063775697,0.06731142117429977,0.041868846134414134
CHEMBL228_Ki,118,unimol,xgboost,crem_lime,0.20780067142170827,0.08982713570144135,0.24841350779002522
CHEMBL228_Ki,118,unimol,xgboost,crem_mean,0.04118370371644767,0.0310705958056841,0.06192035642731096
CHEMBL228_Ki,120,molformer,mlp,crem_lime,0.1731641822941433,0.08155594839564469,0.11647856617561875
CHEMBL228_Ki,120,molformer,mlp,crem_mean,0.04708924705007057,0.12953995284782488,0.17656167996154562
CHEMBL228_Ki,120,molformer,xgboost,crem_lime,0.09802966678645342,0.20436041208126196,0.2292723371580014
CHEMBL228_Ki,120,molformer,xgboost,crem_mean,0.05769225232930576,0.07055472744884793,0.029029195792195883
CHEMBL228_Ki,120,morgan,mlp,crem_lime,0.09012501295676853,0.1406843185784903,0.09801248217716091
CHEMBL228_Ki,120,morgan,mlp,crem_mean,0.12616707438424618,0.01427054907624113,0.12179659528912334
CHEMBL228_Ki,120,morgan,xgboost,crem_lime,0.19909728907408358,0.40725222804069156,0.27518378425413303
CHEMBL228_Ki,120,morgan,xgboost,crem_mean,0.09346901514315573,0.09924667625249416,0.16860491488474522
CHEMBL228_Ki,120,unimol,mlp,crem_lime,0.10253800824144685,0.11229390744708304,0.1446250343823849
CHEMBL228_Ki,120,unimol,mlp,crem_mean,0.04465909972251371,0.14449687581574056,0.13786562724029588
CHEMBL228_Ki,120,unimol,xgboost,crem_lime,0.07185005841818813,0.22441733517050436,0.15501336872639718
CHEMBL228_Ki,120,unimol,xgboost,crem_mean,0.05116936011188992,0.198341940170145,0.14726911713034316
CHEMBL231_Ki,1,molformer,mlp,crem_lime,0.014695498646540428,0.06373281178076333,0.05334377688093
CHEMBL231_Ki,1,molformer,mlp,crem_mean,0.03225981447324523,0.08609290868668341,0.06156833016881978
CHEMBL231_Ki,1,molformer,xgboost,crem_lime,0.016324345084207846,0.06917613105717202,0.07334917399396364
CHEMBL231_Ki,1,molformer,xgboost,crem_mean,0.0874906075464257,0.12120555173635462,0.20312804222156305
CHEMBL231_Ki,1,morgan,mlp,crem_lime,0.02425659855746405,0.12320091207070444,0.13479251607429138
CHEMBL231_Ki,1,morgan,mlp,crem_mean,0.08666526821429983,0.041815697326975376,0.09930102131958378
CHEMBL231_Ki,1,morgan,xgboost,crem_lime,0.030005715564435462,0.037855313497567884,0.011804940172056745
CHEMBL231_Ki,1,morgan,xgboost,crem_mean,0.05209895321139577,0.0595734854867771,0.059557707308241184
CHEMBL231_Ki,1,unimol,mlp,crem_lime,0.029823489123757204,0.09146943628445768,0.08547986114113817
CHEMBL231_Ki,1,unimol,mlp,crem_mean,0.019978092950663228,0.0750713749291033,0.08840837519540962
CHEMBL231_Ki,1,unimol,xgboost,crem_lime,0.04266287699804059,0.20694061297599256,0.21544841376563895
CHEMBL231_Ki,1,unimol,xgboost,crem_mean,0.017775311196111098,0.15486958492529837,0.16751923880314076
CHEMBL231_Ki,5,molformer,mlp,crem_lime,0.07156618966966113,0.06961475627906281,0.12366065250432966
CHEMBL231_Ki,5,molformer,mlp,crem_mean,0.014224248713752368,0.18522164503552155,0.19931788795485836
CHEMBL231_Ki,5,molformer,xgboost,crem_lime,0.013145210137050946,0.10264526469005304,0.10652751397575978
CHEMBL231_Ki,5,molformer,xgboost,crem_mean,0.014778760194845983,0.11647314371967628,0.10172978204730097
CHEMBL231_Ki,5,morgan,mlp,crem_lime,0.11296148720517604,0.17919159010002284,0.15593351772752337
CHEMBL231_Ki,5,morgan,mlp,crem_mean,0.068872923585221,0.09467695794930159,0.12924331773482467
CHEMBL231_Ki,5,morgan,xgboost,crem_lime,0.046940202040281126,0.12663528312915387,0.16647067821691816
CHEMBL231_Ki,5,morgan,xgboost,crem_mean,0.017604344054941826,0.19692747268646837,0.19991808014628534
CHEMBL231_Ki,5,unimol,mlp,crem_lime,0.01394674853883956,0.06191052096531685,0.07494880483383169
CHEMBL231_Ki,5,unimol,mlp,crem_mean,0.016736101648336825,0.05883152175963396,0.07541832673147385
CHEMBL231_Ki,5,unimol,xgboost,crem_lime,0.021911392935278058,0.1000424824351231,0.10688481772887952
CHEMBL231_Ki,5,unimol,xgboost,crem_mean,0.0772677506123937,0.14804390291716701,0.10776218251307042
CHEMBL231_Ki,6,molformer,mlp,crem_lime,0.004604816735149631,0.007957824385479869,0.0034383256182273373
CHEMBL231_Ki,6,molformer,mlp,crem_mean,0.0014071263989708792,0.043627473054932274,0.044805944555841186
CHEMBL231_Ki,6,molformer,xgboost,crem_lime,0.26906347387380736,0.10712995317741533,0.22759150677876275
CHEMBL231_Ki,6,molformer,xgboost,crem_mean,0.2348010758132912,0.11023603110664232,0.1901610186049618
CHEMBL231_Ki,6,morgan,mlp,crem_lime,0.043109209476758246,0.1640180981532501,0.1238906390487503
CHEMBL231_Ki,6,morgan,mlp,crem_mean,0.030421456820844805,0.11087236192582174,0.1194956298516552
CHEMBL231_Ki,6,morgan,xgboost,crem_lime,0.1074968521555528,0.09474743581242114,0.1604640431803108
CHEMBL231_Ki,6,morgan,xgboost,crem_mean,0.007390007720462471,0.14586234275019633,0.15293550545849918
CHEMBL231_Ki,6,unimol,mlp,crem_lime,0.011277264948651852,0.06200554251580164,0.058502573353010484
CHEMBL231_Ki,6,unimol,mlp,crem_mean,0.0028958851062245374,0.11723980164689937,0.11501748161181986
CHEMBL231_Ki,6,unimol,xgboost,crem_lime,0.04664331095978274,0.02182648183783803,0.05001041707710042
CHEMBL231_Ki,6,unimol,xgboost,crem_mean,0.06862389877032665,0.08744151629681726,0.02311207756263251
CHEMBL231_Ki,7,molformer,mlp,crem_lime,0.20178968567267141,0.26303858082771703,0.3140407192148922
CHEMBL231_Ki,7,molformer,mlp,crem_mean,0.08290108143689383,0.15711166734897794,0.1396218118404278
CHEMBL231_Ki,7,molformer,xgboost,crem_lime,0.04203331940902561,0.11338982112725482,0.07596098194534123
CHEMBL231_Ki,7,molformer,xgboost,crem_mean,0.19412544516712427,0.31692817329616585,0.27741628970750437
CHEMBL231_Ki,7,morgan,mlp,crem_lime,0.02597753791386226,0.08867724189640175,0.10750991919770475
CHEMBL231_Ki,7,morgan,mlp,crem_mean,0.031014763329367853,0.15743991868532792,0.13363739850676107
CHEMBL231_Ki,7,morgan,xgboost,crem_lime,0.021428237851789468,0.3063962679949006,0.2858192789734168
CHEMBL231_Ki,7,morgan,xgboost,crem_mean,0.18976376664432323,0.17346651364930238,0.07851962752113892
CHEMBL231_Ki,7,unimol,mlp,crem_lime,0.19437472205030226,0.0393985494457181,0.1552087699712269
CHEMBL231_Ki,7,unimol,mlp,crem_mean,0.08450951433047672,0.0925185776966784,0.14016311655186944
CHEMBL231_Ki,7,unimol,xgboost,crem_lime,0.06433371353113539,0.13038998827764806,0.06795545009697306
CHEMBL231_Ki,7,unimol,xgboost,crem_mean,0.0473408955896003,0.17866243876117363,0.2257689308691777
CHEMBL231_Ki,8,molformer,mlp,crem_lime,0.27357668527010537,0.13300994610862074,0.3961427890498078
CHEMBL231_Ki,8,molformer,mlp,crem_mean,0.16874912566503866,0.05936145804553944,0.16814373519596942
CHEMBL231_Ki,8,molformer,xgboost,crem_lime,0.05820593823429201,0.123964885606341,0.1697923138222785
CHEMBL231_Ki,8,molformer,xgboost,crem_mean,0.015849396450725688,0.04345669205950018,0.050683998901293235
CHEMBL231_Ki,8,morgan,mlp,crem_lime,0.06685011333877582,0.17411211039796076,0.12050446497299923
CHEMBL231_Ki,8,morgan,mlp,crem_mean,0.04203032105471089,0.17397152170065414,0.16826009085611124
CHEMBL231_Ki,8,morgan,xgboost,crem_lime,0.0507797520476534,0.10542218615409281,0.10848548548896672
CHEMBL231_Ki,8,morgan,xgboost,crem_mean,0.03353693754692297,0.22824254894899307,0.1949755161548976
CHEMBL231_Ki,8,unimol,mlp,crem_lime,0.1822521079541022,0.018124897650706517,0.19647896696201966
CHEMBL231_Ki,8,unimol,mlp,crem_mean,0.2685430928154643,0.2706696746517631,0.43267339443614233
CHEMBL231_Ki,8,unimol,xgboost,crem_lime,0.09053292546237848,0.26147406258901723,0.3473432024380635
CHEMBL231_Ki,8,unimol,xgboost,crem_mean,0.07983859362225983,0.2883384822321078,0.25405824641127933
CHEMBL231_Ki,10,molformer,mlp,crem_lime,0.06429915727694183,0.03547516144966043,0.09219663650833236
CHEMBL231_Ki,10,molformer,mlp,crem_mean,0.011470616457862964,0.3735092751837424,0.3642615555307537
CHEMBL231_Ki,10,molformer,xgboost,crem_lime,0.10303810380465264,0.07869437465971614,0.13905297841653289
CHEMBL231_Ki,10,molformer,xgboost,crem_mean,0.011722759053485111,0.13499274412671816,0.12366970481773949
CHEMBL231_Ki,10,morgan,mlp,crem_lime,0.18389892567001886,0.3868578709937868,0.2119152925526569
CHEMBL231_Ki,10,morgan,mlp,crem_mean,0.19804231564452784,0.29619924095540057,0.1487805830068898
CHEMBL231_Ki,10,morgan,xgboost,crem_lime,0.006512965905579287,0.09629551413921682,0.09076362838443303
CHEMBL231_Ki,10,morgan,xgboost,crem_mean,0.012361181243533925,0.2357064061477552,0.2233565996168537
CHEMBL231_Ki,10,unimol,mlp,crem_lime,0.07784950249003686,0.034586469827579416,0.11229600561334598
CHEMBL231_Ki,10,unimol,mlp,crem_mean,0.015803838596494205,0.15144932202245617,0.14408733319632885
CHEMBL231_Ki,10,unimol,xgboost,crem_lime,0.15718556091295113,0.016931102973423862,0.16763637773303908
CHEMBL231_Ki,10,unimol,xgboost,crem_mean,0.2083879624211768,0.09784301547500693,0.11402017159731195
CHEMBL231_Ki,16,molformer,mlp,crem_lime,0.044452418935106396,0.09995494270967804,0.0569461405620241
CHEMBL231_Ki,16,molformer,mlp,crem_mean,0.017269659331917497,0.038394173243563506,0.023609495332188847
CHEMBL231_Ki,16,molformer,xgboost,crem_lime,0.3551386392545048,0.26788597591460855,0.6122530176838522
CHEMBL231_Ki,16,molformer,xgboost,crem_mean,0.01128097440443948,0.1206140580821856,0.11263585408999904
CHEMBL231_Ki,16,morgan,mlp,crem_lime,0.011149361710866864,0.008595231067131478,0.006829338111155365
CHEMBL231_Ki,16,morgan,mlp,crem_mean,0.11552898036852917,0.021487409161437276,0.1065244632638966
CHEMBL231_Ki,16,morgan,xgboost,crem_lime,0.016226719077211484,0.05278985912779058,0.03967106829397765
CHEMBL231_Ki,16,morgan,xgboost,crem_mean,0.012694328434381091,0.1797727628876638,0.1701239872045534
CHEMBL231_Ki,16,unimol,mlp,crem_lime,0.16821993900816343,0.0640362470131099,0.1589107451507051
CHEMBL231_Ki,16,unimol,mlp,crem_mean,0.07885529618075676,0.18413679566215874,0.13795175024519715
CHEMBL231_Ki,16,unimol,xgboost,crem_lime,0.3732543580514018,0.48941511326827586,0.5956559794345857
CHEMBL231_Ki,16,unimol,xgboost,crem_mean,0.14983852229548247,0.16730804937205326,0.29960187590992127
CHEMBL231_Ki,17,molformer,mlp,crem_lime,0.15554485208454896,0.03485027786393735,0.18995510184847125
CHEMBL231_Ki,17,molformer,mlp,crem_mean,0.0046462956845619175,0.0009119485706526442,0.0038146010586668105
CHEMBL231_Ki,17,molformer,xgboost,crem_lime,0.13693532033961442,0.08934189125702297,0.2257922717670097
CHEMBL231_Ki,17,molformer,xgboost,crem_mean,0.009309440559440529,0.00019217215337347844,0.009486164602881172
CHEMBL231_Ki,17,morgan,mlp,crem_lime,0.007199048760589913,0.3415989092705285,0.33664997125477025
CHEMBL231_Ki,17,morgan,mlp,crem_mean,0.0004744429295423825,0.04617138171616497,0.04611333994970034
CHEMBL231_Ki,17,morgan,xgboost,crem_lime,0.0260777894681191,0.0793700723417223,0.05971372601499997
CHEMBL231_Ki,17,morgan,xgboost,crem_mean,0.0,0.02015822984303632,0.02015822984303632
CHEMBL231_Ki,17,unimol,mlp,crem_lime,0.023832482042129927,0.06881360312670863,0.08428354961154866
CHEMBL231_Ki,17,unimol,mlp,crem_mean,0.002773916248875128,0.04147307272776039,0.04119683587072155
CHEMBL231_Ki,17,unimol,xgboost,crem_lime,0.0,0.3035471786909745,0.3035471786909744
CHEMBL231_Ki,17,unimol,xgboost,crem_mean,0.02932505673851098,0.010759354310246801,0.0352182539682539
CHEMBL231_Ki,21,molformer,mlp,crem_lime,0.017190216836825912,0.20479634528365348,0.20777059463971856
CHEMBL231_Ki,21,molformer,mlp,crem_mean,0.050308268205969696,0.17999928109229918,0.13576496204117702
CHEMBL231_Ki,21,molformer,xgboost,crem_lime,0.02050203301798111,0.13132707147962788,0.12014913023193353
CHEMBL231_Ki,21,molformer,xgboost,crem_mean,0.07304839902923724,0.07656430798630177,0.09928205183802932
CHEMBL231_Ki,21,morgan,mlp,crem_lime,0.020550067557643943,0.06461232164817923,0.04696782905374093
CHEMBL231_Ki,21,morgan,mlp,crem_mean,0.037249843924174894,0.23975115449343784,0.2746553247425009
CHEMBL231_Ki,21,morgan,xgboost,crem_lime,0.0007534224440496819,0.11239713689730997,0.11279350725115825
CHEMBL231_Ki,21,morgan,xgboost,crem_mean,0.0021339577528394996,0.167414650422072,0.1653526658217901
CHEMBL231_Ki,21,unimol,mlp,crem_lime,0.034058597365836274,0.047032438623582064,0.06774008754052917
CHEMBL231_Ki,21,unimol,mlp,crem_mean,0.05475329768780114,0.08043562432388367,0.11401683172691528
CHEMBL231_Ki,21,unimol,xgboost,crem_lime,0.050023977728793786,0.04638785160345626,0.00775443063576637
CHEMBL231_Ki,21,unimol,xgboost,crem_mean,0.022145681901135524,0.13621071871483725,0.12011100496184363
CHEMBL231_Ki,26,molformer,mlp,crem_lime,0.15587174698995473,0.253440167458049,0.26307711843260373
CHEMBL231_Ki,26,molformer,mlp,crem_mean,0.0560181940058651,0.020094555810517317,0.043079259605017434
CHEMBL231_Ki,26,molformer,xgboost,crem_lime,0.10240871517692168,0.011446337831107547,0.09541941075744546
CHEMBL231_Ki,26,molformer,xgboost,crem_mean,0.013616354544194045,0.02391166589356269,0.03632408565494494
CHEMBL231_Ki,26,morgan,mlp,crem_lime,0.23340870599497487,0.02733654614535117,0.20710383707769034
CHEMBL231_Ki,26,morgan,mlp,crem_mean,0.017725012811777473,0.12744259200515923,0.11571538088866527
CHEMBL231_Ki,26,morgan,xgboost,crem_lime,0.15625449720887558,0.06953847242674804,0.19590103256209862
CHEMBL231_Ki,26,morgan,xgboost,crem_mean,0.016309274474799795,0.07260872291314134,0.056337002224655035
CHEMBL231_Ki,26,unimol,mlp,crem_lime,0.08844595546780515,0.11963910412942345,0.08106723665475897
CHEMBL231_Ki,26,unimol,mlp,crem_mean,0.07040996809852215,0.08902596204820619,0.14765381404063682
CHEMBL231_Ki,26,unimol,xgboost,crem_lime,0.10430514802225418,0.10440313412636522,0.2085850506028754
CHEMBL231_Ki,26,unimol,xgboost,crem_mean,0.025206596303053462,0.213958440049845,0.19720289739430638
CHEMBL231_Ki,34,molformer,mlp,crem_lime,0.11986594675161318,0.3200033760806383,0.3943179967652593
CHEMBL231_Ki,34,molformer,mlp,crem_mean,0.09913247010897522,0.17155236753102154,0.20867602697020127
CHEMBL231_Ki,34,molformer,xgboost,crem_lime,0.10625257106871668,0.0569927951963128,0.08154542650445024
CHEMBL231_Ki,34,molformer,xgboost,crem_mean,0.01714403510413543,0.011061881643267624,0.023956929808202274
CHEMBL231_Ki,34,morgan,mlp,crem_lime,0.003494506676385126,0.10104825834169308,0.09761399297854667
CHEMBL231_Ki,34,morgan,mlp,crem_mean,0.005804319410260387,0.13381105451459843,0.13431463049904901
CHEMBL231_Ki,34,morgan,xgboost,crem_lime,0.008082856630995188,0.05161103416679683,0.05954920101388704
CHEMBL231_Ki,34,morgan,xgboost,crem_mean,0.03560623526850847,0.011757068003921617,0.031024227087770764
CHEMBL231_Ki,34,unimol,mlp,crem_lime,0.10959320888311297,0.3075837607208879,0.2880202143143618
CHEMBL231_Ki,34,unimol,mlp,crem_mean,0.026937311721326313,0.12217930852072155,0.1247457353932949
CHEMBL231_Ki,34,unimol,xgboost,crem_lime,0.1614675842210863,0.1865586323165813,0.3459207996286043
CHEMBL231_Ki,34,unimol,xgboost,crem_mean,0.03302077062463484,0.12202095600583841,0.1464300638474697
CHEMBL231_Ki,43,molformer,mlp,crem_lime,0.05167990933175131,0.14732195920816313,0.1689224392117517
CHEMBL231_Ki,43,molformer,mlp,crem_mean,0.04154347609617376,0.08129577603799185,0.08895246681188898
CHEMBL231_Ki,43,molformer,xgboost,crem_lime,0.3250522312381606,0.4219739838260809,0.49970985661925466
CHEMBL231_Ki,43,molformer,xgboost,crem_mean,0.009242442925883072,0.11974513445997471,0.11235769102928007
CHEMBL231_Ki,43,morgan,mlp,crem_lime,0.05296245603169236,0.2305565869442197,0.25643072054348653
CHEMBL231_Ki,43,morgan,mlp,crem_mean,0.021207425194049095,0.19512440666236627,0.1750859136567839
CHEMBL231_Ki,43,morgan,xgboost,crem_lime,0.0549517209771249,0.08763310008753109,0.034031841079261035
CHEMBL231_Ki,43,morgan,xgboost,crem_mean,0.10408296672863127,0.04495401384331422,0.06498637310228349
CHEMBL231_Ki,43,unimol,mlp,crem_lime,0.09849260935525228,0.32484295191881224,0.4123034815896186
CHEMBL231_Ki,43,unimol,mlp,crem_mean,0.03734387396227716,0.057123219184525474,0.08447216357536741
CHEMBL231_Ki,43,unimol,xgboost,crem_lime,0.10661035600340521,0.28062281870221895,0.3798170462413114
CHEMBL231_Ki,43,unimol,xgboost,crem_mean,0.26215970363313473,0.1362656243115462,0.35632765689570794
CHEMBL231_Ki,44,molformer,mlp,crem_lime,0.07429865222453293,0.42713538762022524,0.3629893353992534
CHEMBL231_Ki,44,molformer,mlp,crem_mean,0.06631329962569234,0.27114886439150815,0.2587190233047423
CHEMBL231_Ki,44,molformer,xgboost,crem_lime,0.015026895780364327,0.0850194241368615,0.07396150870328581
CHEMBL231_Ki,44,molformer,xgboost,crem_mean,0.0041753628422943065,0.04800474468622642,0.04853740635352236
CHEMBL231_Ki,44,morgan,mlp,crem_lime,0.01182719802087927,0.19533720126953577,0.20709870081153092
CHEMBL231_Ki,44,morgan,mlp,crem_mean,0.05024765564066641,0.19489620822020115,0.21750149216092282
CHEMBL231_Ki,44,morgan,xgboost,crem_lime,0.11936349925336276,0.3325542805730258,0.36173239531794554
CHEMBL231_Ki,44,morgan,xgboost,crem_mean,0.010742758193319532,0.1745331379231708,0.16398735718469404
CHEMBL231_Ki,44,unimol,mlp,crem_lime,0.04060214711080314,0.09260064544546161,0.06676446000062335
CHEMBL231_Ki,44,unimol,mlp,crem_mean,0.00713782888114605,0.1479788188087471,0.14142155502663928
CHEMBL231_Ki,44,unimol,xgboost,crem_lime,0.024338997165486764,0.3108010549382548,0.3326969254505779
CHEMBL231_Ki,44,unimol,xgboost,crem_mean,0.03346014717861868,0.14265776989620174,0.15267095250895493
CHEMBL231_Ki,46,molformer,mlp,crem_lime,0.005975473214276994,0.23308607418901214,0.23587639025152957
CHEMBL231_Ki,46,molformer,mlp,crem_mean,0.00700205841077618,0.30530802631808607,0.30041112968270267
CHEMBL231_Ki,46,molformer,xgboost,crem_lime,0.026669145749329836,0.10282119113411935,0.1166340438974724
CHEMBL231_Ki,46,molformer,xgboost,crem_mean,0.011009694511554875,0.20554280670369413,0.20372002474330994
CHEMBL231_Ki,46,morgan,mlp,crem_lime,0.006287860332230553,0.2241874107771208,0.2304152594101445
CHEMBL231_Ki,46,morgan,mlp,crem_mean,0.013358347879804517,0.10689000734080899,0.10181402521036237
CHEMBL231_Ki,46,morgan,xgboost,crem_lime,0.01880479724526352,0.3331435706850922,0.34025755216054426
CHEMBL231_Ki,46,morgan,xgboost,crem_mean,0.004035691408596572,0.08866028690324439,0.09112373793943855
CHEMBL231_Ki,46,unimol,mlp,crem_lime,0.02300587270659685,0.0345857589744284,0.012275144564784152
CHEMBL231_Ki,46,unimol,mlp,crem_mean,0.01361696133654855,0.07594388502169824,0.0703387280668221
CHEMBL231_Ki,46,unimol,xgboost,crem_lime,0.01305468504748021,0.220459048799893,0.20753300345806863
CHEMBL231_Ki,46,unimol,xgboost,crem_mean,0.0029350919266996865,0.0796438629165628,0.07771347630706144
CHEMBL231_Ki,51,molformer,mlp,crem_lime,0.1460615858499224,0.46855842792236896,0.32690611396899144
CHEMBL231_Ki,51,molformer,mlp,crem_mean,0.1304429395470112,0.12515722118576095,0.010259241764966186
CHEMBL231_Ki,51,molformer,xgboost,crem_lime,0.12543867556595187,0.10464629042956818,0.1198391806852156
CHEMBL231_Ki,51,molformer,xgboost,crem_mean,0.12909114537329874,0.02346140445934917,0.1311791296938157
CHEMBL231_Ki,51,morgan,mlp,crem_lime,0.10646745854703554,0.4303496404517498,0.33707244925257057
CHEMBL231_Ki,51,morgan,mlp,crem_mean,0.007096916823269786,0.16581356743873726,0.16331077248273015
CHEMBL231_Ki,51,morgan,xgboost,crem_lime,0.14403879884794768,0.3000179008634068,0.3834071682461645
CHEMBL231_Ki,51,morgan,xgboost,crem_mean,0.1127316781746084,0.21121818126353264,0.3230120087922196
CHEMBL231_Ki,51,unimol,mlp,crem_lime,0.0165210630470848,0.04000769099095901,0.0523893500857684
CHEMBL231_Ki,51,unimol,mlp,crem_mean,0.019225664326319083,0.03833248180418592,0.019120422085638734
CHEMBL231_Ki,51,unimol,xgboost,crem_lime,0.0764606128512158,0.08357196715979874,0.056087744932445775
CHEMBL231_Ki,51,unimol,xgboost,crem_mean,0.06274273992390023,0.05214725902359014,0.0372097567289578
CHEMBL233_Ki,1,molformer,mlp,crem_lime,0.07032885863925314,0.10474846522863233,0.11276168859989834
CHEMBL233_Ki,1,molformer,mlp,crem_mean,0.05886686909863125,0.1697202310364919,0.2040465111242511
CHEMBL233_Ki,1,molformer,xgboost,crem_lime,0.24891618094516854,0.3096001407612302,0.08224163811386934
CHEMBL233_Ki,1,molformer,xgboost,crem_mean,0.21211053087955883,0.10155743459895378,0.2739080189083378
CHEMBL233_Ki,1,morgan,mlp,crem_lime,0.18285713100234893,0.06726451824506223,0.12625216024527813
CHEMBL233_Ki,1,morgan,mlp,crem_mean,0.13635541586840944,0.04477759513425399,0.1722715871598407
CHEMBL233_Ki,1,morgan,xgboost,crem_lime,0.12357503062938807,0.42433514545930917,0.43909305996887454
CHEMBL233_Ki,1,morgan,xgboost,crem_mean,0.06660692178174032,0.16444147601934955,0.2135730982994976
CHEMBL233_Ki,1,unimol,mlp,crem_lime,0.12303666260609913,0.18663161023064756,0.2366720484022189
CHEMBL233_Ki,1,unimol,mlp,crem_mean,0.14281346373893677,0.23894431558441198,0.12253412806444795
CHEMBL233_Ki,1,unimol,xgboost,crem_lime,0.048620900975454365,0.3850149584348413,0.4013141800688996
CHEMBL233_Ki,1,unimol,xgboost,crem_mean,0.009345123106725958,0.08418435171877772,0.07523888542472237
CHEMBL233_Ki,13,molformer,mlp,crem_lime,0.18530616726037064,0.4644815811329562,0.6328141570266556
CHEMBL233_Ki,13,molformer,mlp,crem_mean,0.027245961301796674,0.10000220572267594,0.11285228005959455
CHEMBL233_Ki,13,molformer,xgboost,crem_lime,0.10773639783822979,0.197276416942156,0.2945685300343037
CHEMBL233_Ki,13,molformer,xgboost,crem_mean,0.0274018282419852,0.03135828635869009,0.058669597869946306
CHEMBL233_Ki,13,morgan,mlp,crem_lime,0.036612374333757886,0.5932800658689292,0.5648643830461001
CHEMBL233_Ki,13,morgan,mlp,crem_mean,0.029283391764615904,0.11218793160127458,0.13236871585260135
CHEMBL233_Ki,13,morgan,xgboost,crem_lime,0.044746191041892744,0.3708415583839187,0.3655255112808971
CHEMBL233_Ki,13,morgan,xgboost,crem_mean,0.059855069283137774,0.021151145668715433,0.07329294185012536
CHEMBL233_Ki,13,unimol,mlp,crem_lime,0.18287826962274914,0.6474930311605142,0.5656249393470302
CHEMBL233_Ki,13,unimol,mlp,crem_mean,0.011990184515678006,0.11026484163998933,0.11278190275353628
CHEMBL233_Ki,13,unimol,xgboost,crem_lime,0.186966513144342,0.10713514515811398,0.2877043873985878
CHEMBL233_Ki,13,unimol,xgboost,crem_mean,0.005624599690838625,0.04339614785708908,0.041067338078691375
CHEMBL233_Ki,18,molformer,mlp,crem_lime,0.019389662821286187,0.013241089954302409,0.012907182377602472
CHEMBL233_Ki,18,molformer,mlp,crem_mean,0.2775179739490363,0.0006461366841504125,0.27695148237493034
CHEMBL233_Ki,18,molformer,xgboost,crem_lime,0.043488741700078146,0.1454443268300564,0.1826944217538246
CHEMBL233_Ki,18,molformer,xgboost,crem_mean,0.332048255082102,0.3178958098943853,0.5713396719923017
CHEMBL233_Ki,18,morgan,mlp,crem_lime,0.004764095864092913,0.012136346119671395,0.014898413753462129
CHEMBL233_Ki,18,morgan,mlp,crem_mean,0.1288818185849952,0.23619818240127635,0.27665877756725366
CHEMBL233_Ki,18,morgan,xgboost,crem_lime,0.057670773514393564,0.11333978846282042,0.12903965763555397
CHEMBL233_Ki,18,morgan,xgboost,crem_mean,0.0022893658092235174,0.4610096567270782,0.46032428891888955
CHEMBL233_Ki,18,unimol,mlp,crem_lime,0.02616060894770555,0.01728931787846432,0.03188866876168192
CHEMBL233_Ki,18,unimol,mlp,crem_mean,0.14648629927973827,0.23720275018838086,0.11988637867669727
CHEMBL233_Ki,18,unimol,xgboost,crem_lime,0.03769390084531327,0.01416266149217977,0.036165085423890374
CHEMBL233_Ki,18,unimol,xgboost,crem_mean,0.10826470861086784,0.10740978113440305,0.1957920971499661
CHEMBL233_Ki,24,molformer,mlp,crem_lime,0.14414229938523182,0.08577909057556053,0.08900916477870818
CHEMBL233_Ki,24,molformer,mlp,crem_mean,0.07042967965253799,0.11556424008802031,0.13758066726558238
CHEMBL233_Ki,24,molformer,xgboost,crem_lime,0.09792575706333423,0.17587402891681103,0.27157741929692564
CHEMBL233_Ki,24,molformer,xgboost,crem_mean,0.06637226929312394,0.20039645492131616,0.25696880009749773
CHEMBL233_Ki,24,morgan,mlp,crem_lime,0.07693721667326885,0.11649945421443712,0.1646305135737877
CHEMBL233_Ki,24,morgan,mlp,crem_mean,0.054247056665346925,0.0559322123573701,0.08505605420217896
CHEMBL233_Ki,24,morgan,xgboost,crem_lime,0.04090882848796373,0.08819310583854724,0.05205195939445247
CHEMBL233_Ki,24,morgan,xgboost,crem_mean,0.022660634748813684,0.08286847719482318,0.08487741062722946
CHEMBL233_Ki,24,unimol,mlp,crem_lime,0.02435671169410416,0.07930315560215444,0.07612831932415992
CHEMBL233_Ki,24,unimol,mlp,crem_mean,0.050126152606686694,0.043915036080635864,0.05391933461368227
CHEMBL233_Ki,24,unimol,xgboost,crem_lime,0.12459285072277096,0.2239473638656533,0.28170043336985856
CHEMBL233_Ki,24,unimol,xgboost,crem_mean,0.0904535641993288,0.08742400148305038,0.04961122785000625
CHEMBL233_Ki,31,molformer,mlp,crem_lime,0.011831964321088323,0.11602076798051231,0.11766808331032272
CHEMBL233_Ki,31,molformer,mlp,crem_mean,0.0027630901621698706,0.04949147177274213,0.04752225576151168
CHEMBL233_Ki,31,molformer,xgboost,crem_lime,0.035009152462914445,0.11405927298696418,0.13514478938561034
CHEMBL233_Ki,31,molformer,xgboost,crem_mean,0.08215300345559814,0.03530024196311619,0.10726746639941623
CHEMBL233_Ki,31,morgan,mlp,crem_lime,0.07087104391303098,0.15830834998981022,0.1559484658883445
CHEMBL233_Ki,31,morgan,mlp,crem_mean,0.007214370586731053,0.10753523144217093,0.10181914536706026
CHEMBL233_Ki,31,morgan,xgboost,crem_lime,0.0010150572589717412,0.04225551048582885,0.041367754638644
CHEMBL233_Ki,31,morgan,xgboost,crem_mean,0.0004836686668556232,0.008953766011803957,0.00848332338067491
CHEMBL233_Ki,31,unimol,mlp,crem_lime,0.09264549937095944,0.15514296662080093,0.14104675697312924
CHEMBL233_Ki,31,unimol,mlp,crem_mean,0.0651455280408929,0.07337126369857187,0.13808325378630834
CHEMBL233_Ki,31,unimol,xgboost,crem_lime,0.1306498071683957,0.030420240478847362,0.10399570342283414
CHEMBL233_Ki,31,unimol,xgboost,crem_mean,0.0030543559030324933,0.006734270687872477,0.009772177915611403
CHEMBL233_Ki,33,molformer,mlp,crem_lime,0.011851336276376053,0.013764313307002007,0.025321494202022746
CHEMBL233_Ki,33,molformer,mlp,crem_mean,0.0,0.0,0.0
CHEMBL233_Ki,33,molformer,xgboost,crem_lime,0.0022185544933080725,0.012660186549094829,0.013830682539855038
CHEMBL233_Ki,33,molformer,xgboost,crem_mean,0.0,0.0,0.0
CHEMBL233_Ki,33,morgan,mlp,crem_lime,0.01611756268309558,0.014923156588734835,0.03104062207266146
CHEMBL233_Ki,33,morgan,mlp,crem_mean,0.0,0.0,0.0
CHEMBL233_Ki,33,morgan,xgboost,crem_lime,0.009772312698811486,0.037195688099402276,0.04504561037575831
CHEMBL233_Ki,33,morgan,xgboost,crem_mean,0.0,0.0,0.0
CHEMBL233_Ki,33,unimol,mlp,crem_lime,0.01127804769920209,0.019556690139952232,0.027029900902462455
CHEMBL233_Ki,33,unimol,mlp,crem_mean,0.0,0.0,0.0
CHEMBL233_Ki,33,unimol,xgboost,crem_lime,0.005298640274602829,0.008942534151761387,0.013584191063202937
CHEMBL233_Ki,33,unimol,xgboost,crem_mean,0.0,0.0,0.0
CHEMBL233_Ki,36,molformer,mlp,crem_lime,0.3672192384125413,0.3538243323599406,0.7047176811864091
CHEMBL233_Ki,36,molformer,mlp,crem_mean,0.10504024745311674,0.1352402804365647,0.24016887972629952
CHEMBL233_Ki,36,molformer,xgboost,crem_lime,0.13938139580828623,0.05040126727103128,0.1804277398685879
CHEMBL233_Ki,36,molformer,xgboost,crem_mean,0.09701576020120697,0.041181294484765235,0.13612941266826853
CHEMBL233_Ki,36,morgan,mlp,crem_lime,0.0075521385021764574,0.009790610242467034,0.016773914398364082
CHEMBL233_Ki,36,morgan,mlp,crem_mean,0.023737534884242652,0.02654736892364226,0.0044149906624640165
CHEMBL233_Ki,36,morgan,xgboost,crem_lime,0.04907186749197322,0.05614030101683431,0.08433494738631717
CHEMBL233_Ki,36,morgan,xgboost,crem_mean,0.036802493165512595,0.019511886678084598,0.01945966710744799
CHEMBL233_Ki,36,unimol,mlp,crem_lime,0.09895456570778513,0.09267002237327773,0.0783283063071776
CHEMBL233_Ki,36,unimol,mlp,crem_mean,0.04395261536870703,0.1264701864903708,0.09031860736743515
CHEMBL233_Ki,36,unimol,xgboost,crem_lime,0.21031227109197,0.11996585165458289,0.13171044538676738
CHEMBL233_Ki,36,unimol,xgboost,crem_mean,0.15724443527366982,0.11536743493100897,0.08243479574307315
CHEMBL233_Ki,41,molformer,mlp,crem_lime,0.0,0.0,0.0
CHEMBL233_Ki,41,molformer,mlp,crem_mean,0.0,0.0,0.0
CHEMBL233_Ki,41,molformer,xgboost,crem_lime,0.0,0.0,0.0
CHEMBL233_Ki,41,molformer,xgboost,crem_mean,0.0,0.0,0.0
CHEMBL233_Ki,41,morgan,mlp,crem_lime,0.0,0.0,0.0
CHEMBL233_Ki,41,morgan,mlp,crem_mean,0.0,0.0,0.0
CHEMBL233_Ki,41,morgan,xgboost,crem_lime,0.0,0.0,0.0
CHEMBL233_Ki,41,morgan,xgboost,crem_mean,0.0,0.0,0.0
CHEMBL233_Ki,41,unimol,mlp,crem_lime,0.0,0.0,0.0
CHEMBL233_Ki,41,unimol,mlp,crem_mean,0.0,0.0,0.0
CHEMBL233_Ki,41,unimol,xgboost,crem_lime,0.0,0.0,0.0
CHEMBL233_Ki,41,unimol,xgboost,crem_mean,0.0,0.0,0.0
CHEMBL233_Ki,44,molformer,mlp,crem_lime,0.017301565384588526,0.1928810814062038,0.20391973413201384
CHEMBL233_Ki,44,molformer,mlp,crem_mean,0.0039763114656977076,0.08951843892871922,0.09182182655439426
CHEMBL233_Ki,44,molformer,xgboost,crem_lime,0.23984948389307834,0.20461493639331385,0.2951699514586825
CHEMBL233_Ki,44,molformer,xgboost,crem_mean,0.013591444972025904,0.0437611411629517,0.05071042198009229
CHEMBL233_Ki,44,morgan,mlp,crem_lime,0.015191511035335406,0.3200805414827291,0.3346667330742687
CHEMBL233_Ki,44,morgan,mlp,crem_mean,0.02770788645593114,0.21258111817557998,0.2361790038914178
CHEMBL233_Ki,44,morgan,xgboost,crem_lime,0.08654075631404978,0.030420300383039466,0.07867699876329694
CHEMBL233_Ki,44,morgan,xgboost,crem_mean,0.0630745094841813,0.15997417393734206,0.19057589320232718
CHEMBL233_Ki,44,unimol,mlp,crem_lime,0.03171880197753617,0.09721541705532233,0.11790883977496545
CHEMBL233_Ki,44,unimol,mlp,crem_mean,0.05348231970881832,0.02915577687885448,0.07617858350274945
CHEMBL233_Ki,44,unimol,xgboost,crem_lime,0.09775335946629522,0.16462073315208195,0.2097503222289251
CHEMBL233_Ki,44,unimol,xgboost,crem_mean,0.03941006904805428,0.039926885172342115,0.07126295585906227
CHEMBL233_Ki,45,molformer,mlp,crem_lime,0.032111054240702354,0.016352355319200967,0.048298698792165286
CHEMBL233_Ki,45,molformer,mlp,crem_mean,0.006621175331283489,0.037871715492407164,0.03139581377750941
CHEMBL233_Ki,45,molformer,xgboost,crem_lime,0.03762213672913699,0.07080504963738556,0.03924483938115453
CHEMBL233_Ki,45,molformer,xgboost,crem_mean,0.03640455327990872,0.09994421099303637,0.12641761965422174
CHEMBL233_Ki,45,morgan,mlp,crem_lime,0.007823794078611335,0.16726666689384007,0.1594499386017781
CHEMBL233_Ki,45,morgan,mlp,crem_mean,0.20698023713017275,0.016903168120042448,0.2113000883824883
CHEMBL233_Ki,45,morgan,xgboost,crem_lime,0.1494417981917775,0.04080506608295504,0.10978861266073608
CHEMBL233_Ki,45,morgan,xgboost,crem_mean,0.17882799075493144,0.013441390533351612,0.17006157606795352
CHEMBL233_Ki,45,unimol,mlp,crem_lime,0.07049989714878016,0.013300884636442106,0.0597700042321286
CHEMBL233_Ki,45,unimol,mlp,crem_mean,0.012363365214654589,0.019607642755815075,0.02918961775209317
CHEMBL233_Ki,45,unimol,xgboost,crem_lime,0.013878895788712053,0.366836064638496,0.3594327701834408
CHEMBL233_Ki,45,unimol,xgboost,crem_mean,0.01471992117199753,0.2202988169121585,0.21721065899316278
CHEMBL233_Ki,47,molformer,mlp,crem_lime,0.03055945627992805,0.23740398124768033,0.23461255362564865
CHEMBL233_Ki,47,molformer,mlp,crem_mean,0.04810425656057253,0.10590939591072533,0.11471532282445362
CHEMBL233_Ki,47,molformer,xgboost,crem_lime,0.06914075167451718,0.16125403556163362,0.11486010206591983
CHEMBL233_Ki,47,molformer,xgboost,crem_mean,0.058886852075833114,0.08676500044628487,0.14147259679713226
CHEMBL233_Ki,47,morgan,mlp,crem_lime,0.25717722932752557,0.11282567578548268,0.23725674817022427
CHEMBL233_Ki,47,morgan,mlp,crem_mean,0.20019389344658353,0.22718507773356414,0.07506656646824476
CHEMBL233_Ki,47,morgan,xgboost,crem_lime,0.09140669662372868,0.1436142100582936,0.19187756542447065
CHEMBL233_Ki,47,morgan,xgboost,crem_mean,0.07707902022621003,0.058560753067360236,0.12275844281737595
CHEMBL233_Ki,47,unimol,mlp,crem_lime,0.19239871195782055,0.11646968239420098,0.2482106420455459
CHEMBL233_Ki,47,unimol,mlp,crem_mean,0.038253534246161215,0.17391838816478405,0.1556534909072519
CHEMBL233_Ki,47,unimol,xgboost,crem_lime,0.24651860242267662,0.056311767621873704,0.27115215908757656
CHEMBL233_Ki,47,unimol,xgboost,crem_mean,0.19443898943008195,0.026836839071648688,0.21812494193209242
CHEMBL233_Ki,48,molformer,mlp,crem_lime,0.024391775971776834,0.08292501678201335,0.09027045158336902
CHEMBL233_Ki,48,molformer,mlp,crem_mean,0.02561229133059179,0.2467530291285386,0.2614617783886709
CHEMBL233_Ki,48,molformer,xgboost,crem_lime,0.2744551220819585,0.11873065408255702,0.3922867208233548
CHEMBL233_Ki,48,molformer,xgboost,crem_mean,0.008261393206901209,0.08791911184353267,0.08600212117724816
CHEMBL233_Ki,48,morgan,mlp,crem_lime,0.1527388402321637,0.28868992657252435,0.1366226466533861
CHEMBL233_Ki,48,morgan,mlp,crem_mean,0.02479051105604616,0.20966994743434764,0.22504782293489334
CHEMBL233_Ki,48,morgan,xgboost,crem_lime,0.0224480851939319,0.09514992020790511,0.10947010080037313
CHEMBL233_Ki,48,morgan,xgboost,crem_mean,0.038279328832960306,0.20040664842076242,0.2369705310911309
CHEMBL233_Ki,48,unimol,mlp,crem_lime,0.20009473799450678,0.04375543855560996,0.20058257262329646
CHEMBL233_Ki,48,unimol,mlp,crem_mean,0.06165386956331288,0.219346167606989,0.1611705161956319
CHEMBL233_Ki,48,unimol,xgboost,crem_lime,0.09642823344219144,0.21834419633338673,0.2171116295662298
CHEMBL233_Ki,48,unimol,xgboost,crem_mean,0.03536952082459704,0.06956018688493473,0.07134131015234987
CHEMBL233_Ki,50,molformer,mlp,crem_lime,0.05618699091867303,0.2334821420625082,0.2847905173359113
CHEMBL233_Ki,50,molformer,mlp,crem_mean,0.008747731351357995,0.012756151800255163,0.004334011854482866
CHEMBL233_Ki,50,molformer,xgboost,crem_lime,0.19695044525538766,0.25422307358855895,0.41992503151981964
CHEMBL233_Ki,50,molformer,xgboost,crem_mean,0.008963273282147315,0.050375954615977915,0.05521143549892695
CHEMBL233_Ki,50,morgan,mlp,crem_lime,0.1288454026386698,0.10245934130335593,0.20759297853877498
CHEMBL233_Ki,50,morgan,mlp,crem_mean,0.00035247269181300916,0.005991932091484717,0.005961791919665611
CHEMBL233_Ki,50,morgan,xgboost,crem_lime,0.003345867619170615,0.23912072719506972,0.23595027429713528
CHEMBL233_Ki,50,morgan,xgboost,crem_mean,0.002291072496784248,0.02025721614534439,0.020622664838126144
CHEMBL233_Ki,50,unimol,mlp,crem_lime,0.14593844932696287,0.23093116109744463,0.3586486529683827
CHEMBL233_Ki,50,unimol,mlp,crem_mean,0.05037595461597791,0.045070701157144955,0.08538881944116666
CHEMBL233_Ki,50,unimol,xgboost,crem_lime,0.10325540558634076,0.1724874342096213,0.10480630517357645
CHEMBL233_Ki,50,unimol,xgboost,crem_mean,0.022186500221180076,0.050196611938926466,0.06320048585993748
CHEMBL233_Ki,52,molformer,mlp,crem_lime,0.11585670409690527,0.0582320021035153,0.16208223845553626
CHEMBL233_Ki,52,molformer,mlp,crem_mean,0.05601881127339042,0.14233969363411117,0.08647565807192205
CHEMBL233_Ki,52,molformer,xgboost,crem_lime,0.40886828561717803,0.257651756509677,0.6662043066030129
CHEMBL233_Ki,52,molformer,xgboost,crem_mean,0.25343923975086174,0.08121735578433437,0.3139602196283482
CHEMBL233_Ki,52,morgan,mlp,crem_lime,0.015590110123176302,0.06214963560647312,0.07773888439951576
CHEMBL233_Ki,52,morgan,mlp,crem_mean,0.021238525000412393,0.10516836846043823,0.1196730306068468
CHEMBL233_Ki,52,morgan,xgboost,crem_lime,0.02210849581513873,0.2901764443396533,0.29734373172592954
CHEMBL233_Ki,52,morgan,xgboost,crem_mean,0.031097357527193076,0.0726465564496675,0.05513758336077363
CHEMBL233_Ki,52,unimol,mlp,crem_lime,0.19065540811831963,0.109393452343339,0.19724517969269367
CHEMBL233_Ki,52,unimol,mlp,crem_mean,0.13133936446438746,0.03545372369089979,0.13349697471325173
CHEMBL233_Ki,52,unimol,xgboost,crem_lime,0.04361262466765976,0.195904830659222,0.23329436942882698
CHEMBL233_Ki,52,unimol,xgboost,crem_mean,0.039905953008856666,0.04482641513977003,0.07414983562413331
CHEMBL233_Ki,53,molformer,mlp,crem_lime,0.06723151670040836,0.1377602767961133,0.2049429140929634
CHEMBL233_Ki,53,molformer,mlp,crem_mean,0.03267649885035632,0.04188442971172655,0.014207575635631157
CHEMBL233_Ki,53,molformer,xgboost,crem_lime,0.10462000571656015,0.1990480843006935,0.24771569288113948
CHEMBL233_Ki,53,molformer,xgboost,crem_mean,0.03373636110532847,0.13480840499303848,0.12863402953695185
CHEMBL233_Ki,53,morgan,mlp,crem_lime,0.03217435744254519,0.0776444748005041,0.046056884109591543
CHEMBL233_Ki,53,morgan,mlp,crem_mean,0.018932651023734696,0.08074296007972298,0.09429808377613075
CHEMBL233_Ki,53,morgan,xgboost,crem_lime,0.09871868825391382,0.27593009039123073,0.19793138004155256
CHEMBL233_Ki,53,morgan,xgboost,crem_mean,0.05825635801379468,0.07102395703829568,0.12654702963196476
CHEMBL233_Ki,53,unimol,mlp,crem_lime,0.12778628945175202,0.1161157185581935,0.10633091742110756
CHEMBL233_Ki,53,unimol,mlp,crem_mean,0.07216546534770008,0.029570378299955243,0.06809963765721981
CHEMBL233_Ki,53,unimol,xgboost,crem_lime,0.20703278233026493,0.05939342023268732,0.1650647743597797
CHEMBL233_Ki,53,unimol,xgboost,crem_mean,0.08443164841034302,0.06483600085504758,0.0797388012352949
CHEMBL233_Ki,54,molformer,mlp,crem_lime,0.14306834341726435,0.023955192141154904,0.15902451941514065
CHEMBL233_Ki,54,molformer,mlp,crem_mean,0.0940579796061194,0.036738623896957825,0.11064412814398708
CHEMBL233_Ki,54,molformer,xgboost,crem_lime,0.018599695120116763,0.22810275506612035,0.2110840471755735
CHEMBL233_Ki,54,molformer,xgboost,crem_mean,0.026626577866151156,0.1573363067828972,0.13149370291647627
CHEMBL233_Ki,54,morgan,mlp,crem_lime,0.002514744631007023,0.04669365450551414,0.048098621308074255
CHEMBL233_Ki,54,morgan,mlp,crem_mean,0.01757429042238488,0.05340952280197163,0.05402671726769179
CHEMBL233_Ki,54,morgan,xgboost,crem_lime,0.00988845506795531,0.4436394075503149,0.4360180299041312
CHEMBL233_Ki,54,morgan,xgboost,crem_mean,0.04033094877920786,0.1326602654714083,0.09400967940160453
CHEMBL233_Ki,54,unimol,mlp,crem_lime,0.03641259773599903,0.18646267247971368,0.16975590116038128
CHEMBL233_Ki,54,unimol,mlp,crem_mean,0.06750697333103306,0.033253270016870964,0.0850252563646813
CHEMBL233_Ki,54,unimol,xgboost,crem_lime,0.062384500257795204,0.09416214901917658,0.04200874674031703
CHEMBL233_Ki,54,unimol,xgboost,crem_mean,0.04112778470454728,0.05944024156062716,0.03691633304557746
CHEMBL233_Ki,57,molformer,mlp,crem_lime,0.037781878298440576,0.0736428583906322,0.05358289194893251
CHEMBL233_Ki,57,molformer,mlp,crem_mean,0.021049228564205096,0.06956846564383193,0.05892863405880905
CHEMBL233_Ki,57,molformer,xgboost,crem_lime,0.05072237087165344,0.031961788438289146,0.0651441939380389
CHEMBL233_Ki,57,molformer,xgboost,crem_mean,0.08430638499500451,0.03980657079809435,0.05496539841707823
CHEMBL233_Ki,57,morgan,mlp,crem_lime,0.02654774298317584,0.03348347864164265,0.05990441836929573
CHEMBL233_Ki,57,morgan,mlp,crem_mean,0.003007032652029362,0.11031252368003568,0.10730702275341361
CHEMBL233_Ki,57,morgan,xgboost,crem_lime,0.01591752218576565,0.05251888763969119,0.03691263168437682
CHEMBL233_Ki,57,morgan,xgboost,crem_mean,0.027063293868263706,0.03732760010954727,0.03461267441181442
CHEMBL233_Ki,57,unimol,mlp,crem_lime,0.06609905793740717,0.09064402631705955,0.09072931403073187
CHEMBL233_Ki,57,unimol,mlp,crem_mean,0.012159389735708587,0.014559890770149457,0.026662356181326407
CHEMBL233_Ki,57,unimol,xgboost,crem_lime,0.04567104964146775,0.14261630661634292,0.11776780436799733
CHEMBL233_Ki,57,unimol,xgboost,crem_mean,0.037205202714855494,0.06271791998416335,0.04800255654307161
CHEMBL233_Ki,65,molformer,mlp,crem_lime,0.011247466312614016,0.32120364213543545,0.3313804941126515
CHEMBL233_Ki,65,molformer,mlp,crem_mean,0.0001071091585034945,0.026269477154909935,0.02633183854110726
CHEMBL233_Ki,65,molformer,xgboost,crem_lime,0.011585653611035189,0.46673671004053996,0.4737931025018528
CHEMBL233_Ki,65,molformer,xgboost,crem_mean,0.002710724241442157,0.23733385627911438,0.23891471131546024
CHEMBL233_Ki,65,morgan,mlp,crem_lime,0.02501822378420615,0.1884917514695099,0.19891047061255718
CHEMBL233_Ki,65,morgan,mlp,crem_mean,0.07479568872433254,0.02460005014814073,0.08980512387847808
CHEMBL233_Ki,65,morgan,xgboost,crem_lime,0.0014701651173320183,0.13544361882515085,0.13424540912547497
CHEMBL233_Ki,65,morgan,xgboost,crem_mean,0.00794435608152548,0.133932752642455,0.12640441252971213
CHEMBL233_Ki,65,unimol,mlp,crem_lime,0.2363657729958354,0.2032660800499356,0.3024759824992801
CHEMBL233_Ki,65,unimol,mlp,crem_mean,0.03436355045711646,0.13087860230879347,0.1568532144679461
CHEMBL233_Ki,65,unimol,xgboost,crem_lime,0.024130886371329253,0.269467646375366,0.24534909862322488
CHEMBL233_Ki,65,unimol,xgboost,crem_mean,0.023706579293500677,0.019617010011839974,0.01387874543144154
CHEMBL233_Ki,66,molformer,mlp,crem_lime,0.0952987604753763,0.29105664311623397,0.38133370346922196
CHEMBL233_Ki,66,molformer,mlp,crem_mean,0.021491819197256956,0.15081026232253553,0.16478218633995464
CHEMBL233_Ki,66,molformer,xgboost,crem_lime,0.014958909598272308,0.16315885751887677,0.17148615630342784
CHEMBL233_Ki,66,molformer,xgboost,crem_mean,0.007850064709985734,0.007614384102235941,0.004849586766089279
CHEMBL233_Ki,66,morgan,mlp,crem_lime,0.08001566274059353,0.3892446214106891,0.3911990886526811
CHEMBL233_Ki,66,morgan,mlp,crem_mean,0.012074455643282037,0.13161901004597895,0.12000421898463624
CHEMBL233_Ki,66,morgan,xgboost,crem_lime,0.04981365878758124,0.1639110143459628,0.15036579727771918
CHEMBL233_Ki,66,morgan,xgboost,crem_mean,0.052483899071601454,0.031218070888829334,0.08242122600138478
CHEMBL233_Ki,66,unimol,mlp,crem_lime,0.058567299319960284,0.3746896706282684,0.3188588061093813
CHEMBL233_Ki,66,unimol,mlp,crem_mean,0.0183522609115415,0.20269250533468242,0.2025028031085107
CHEMBL233_Ki,66,unimol,xgboost,crem_lime,0.21558224333572418,0.19879549168696123,0.1770499869027942
CHEMBL233_Ki,66,unimol,xgboost,crem_mean,0.03983717402556671,0.035845261746112834,0.04476084936244582
CHEMBL233_Ki,67,molformer,mlp,crem_lime,0.019685105270266904,0.09207543337561164,0.08238684688211131
CHEMBL233_Ki,67,molformer,mlp,crem_mean,0.08326684186264297,0.04201020191660844,0.11998990439494704
CHEMBL233_Ki,67,molformer,xgboost,crem_lime,0.12552413521434747,0.26541812045003194,0.34711433335211395
CHEMBL233_Ki,67,molformer,xgboost,crem_mean,0.02546605364916697,0.14225569206571712,0.126105011199707
CHEMBL233_Ki,67,morgan,mlp,crem_lime,0.02926774090465812,0.05204911652964359,0.0746213235286491
CHEMBL233_Ki,67,morgan,mlp,crem_mean,0.016885438357945953,0.05217254777326132,0.06605690072209454
CHEMBL233_Ki,67,morgan,xgboost,crem_lime,0.1391172730347633,0.021040771869816594,0.15826324505321043
CHEMBL233_Ki,67,morgan,xgboost,crem_mean,0.07146552420802076,0.002271147797352938,0.07190345334906506
CHEMBL233_Ki,67,unimol,mlp,crem_lime,0.010087720485533512,0.020317572610121588,0.01210569111416232
CHEMBL233_Ki,67,unimol,mlp,crem_mean,0.058823562250278905,0.10056542049915469,0.11126448387205524
CHEMBL233_Ki,67,unimol,xgboost,crem_lime,0.013522673749907775,0.13415850412172903,0.12220246041173116
CHEMBL233_Ki,67,unimol,xgboost,crem_mean,0.026305805378758172,0.21068996932557063,0.2170412695061644
CHEMBL233_Ki,74,molformer,mlp,crem_lime,0.13603474043226194,0.40694939127988655,0.3177936097308941
CHEMBL233_Ki,74,molformer,mlp,crem_mean,0.06532931766034789,0.16961029389962895,0.1642277648760639
CHEMBL233_Ki,74,molformer,xgboost,crem_lime,0.41668317076865624,0.23313062448427,0.2109848672046519
CHEMBL233_Ki,74,molformer,xgboost,crem_mean,0.2853538371955405,0.15585308102158874,0.30097913239871243
CHEMBL233_Ki,74,morgan,mlp,crem_lime,0.09425108573911553,0.198169586480561,0.15029231796850331
CHEMBL233_Ki,74,morgan,mlp,crem_mean,0.12362088116766103,0.11211347494498475,0.20423300440520425
CHEMBL233_Ki,74,morgan,xgboost,crem_lime,0.10258192492017039,0.4264650259793777,0.4852272222012524
CHEMBL233_Ki,74,morgan,xgboost,crem_mean,0.08991251730267964,0.5106618109984733,0.4954997246274659
CHEMBL233_Ki,74,unimol,mlp,crem_lime,0.03546700392664513,0.5024595046669307,0.5247203378284231
CHEMBL233_Ki,74,unimol,mlp,crem_mean,0.08025822055924521,0.1278986483338618,0.1900692432856874
CHEMBL233_Ki,74,unimol,xgboost,crem_lime,0.1694092852013971,0.4082656319924063,0.3402633556777756
CHEMBL233_Ki,74,unimol,xgboost,crem_mean,0.09289116130021664,0.23231915930011637,0.2813661597436115
CHEMBL233_Ki,78,molformer,mlp,crem_lime,0.21885203016781585,0.33399891507403806,0.31117896476451135
CHEMBL233_Ki,78,molformer,mlp,crem_mean,0.08275812335425729,0.22519728679826514,0.22467601284586652
CHEMBL233_Ki,78,molformer,xgboost,crem_lime,0.0496253263283401,0.25076654454513436,0.2789300301166785
CHEMBL233_Ki,78,molformer,xgboost,crem_mean,0.05169201392715122,0.028223979373034624,0.06761904611284289
CHEMBL233_Ki,78,morgan,mlp,crem_lime,0.13151058277978217,0.10809611298257873,0.1383639092150556
CHEMBL233_Ki,78,morgan,mlp,crem_mean,0.037624543620218484,0.06005566849846172,0.034309285652721115
CHEMBL233_Ki,78,morgan,xgboost,crem_lime,0.013586166876860836,0.13378820610832873,0.12556283351296077
CHEMBL233_Ki,78,morgan,xgboost,crem_mean,0.019973148764507828,0.03769530738528196,0.05710246907589008
CHEMBL233_Ki,78,unimol,mlp,crem_lime,0.06568967408015111,0.12891002363485646,0.19078576675503894
CHEMBL233_Ki,78,unimol,mlp,crem_mean,0.018455189539458072,0.09258946659720563,0.09467527276609511
CHEMBL233_Ki,78,unimol,xgboost,crem_lime,0.048126894417448905,0.03719959080664818,0.023191847819604317
CHEMBL233_Ki,78,unimol,xgboost,crem_mean,0.057303341421217534,0.016357629606585905,0.06743868605080941
CHEMBL233_Ki,84,molformer,mlp,crem_lime,0.22471319981940188,0.288289914116922,0.11316312044416124
CHEMBL233_Ki,84,molformer,mlp,crem_mean,0.023247988539550145,0.1693610908652766,0.14633336759690121
CHEMBL233_Ki,84,molformer,xgboost,crem_lime,0.007550503195252029,0.10138221182130527,0.10883497348844104
CHEMBL233_Ki,84,molformer,xgboost,crem_mean,0.0038828686911610106,0.08887899800538014,0.08996666489736903
CHEMBL233_Ki,84,morgan,mlp,crem_lime,0.023769979723133036,0.059658124262990914,0.03653277604705045
CHEMBL233_Ki,84,morgan,mlp,crem_mean,0.002288693349003463,0.024523938496275606,0.022298321247590992
CHEMBL233_Ki,84,morgan,xgboost,crem_lime,0.13765165357201858,0.03935899195216781,0.17255633309301158
CHEMBL233_Ki,84,morgan,xgboost,crem_mean,0.0031776892874214734,0.028787544859995615,0.03194883726556191
CHEMBL233_Ki,84,unimol,mlp,crem_lime,0.36946067252743947,0.2503210851749047,0.2569252062256191
CHEMBL233_Ki,84,unimol,mlp,crem_mean,0.05871672374577292,0.327838162855428,0.32222397880124115
CHEMBL233_Ki,84,unimol,xgboost,crem_lime,0.03561910144329406,0.38340096670732116,0.36142819529706455
CHEMBL233_Ki,84,unimol,xgboost,crem_mean,0.056413289182065986,0.05580783408825295,0.0746437293243179
CHEMBL233_Ki,86,molformer,mlp,crem_lime,0.03799084601677316,0.16651036924203816,0.19681978062755745
CHEMBL233_Ki,86,molformer,mlp,crem_mean,0.01718304372588177,0.15978326352113317,0.16976659795214688
CHEMBL233_Ki,86,molformer,xgboost,crem_lime,0.14722990818769657,0.38284724841321977,0.37040160018798063
CHEMBL233_Ki,86,molformer,xgboost,crem_mean,0.04257082761305213,0.16509086023431943,0.1426503132382436
CHEMBL233_Ki,86,morgan,mlp,crem_lime,0.04254610684670499,0.16359344649185645,0.20152002944539812
CHEMBL233_Ki,86,morgan,mlp,crem_mean,0.005727681241960569,0.14433756729740643,0.13903525922936927
CHEMBL233_Ki,86,morgan,xgboost,crem_lime,0.015785033187823413,0.19414704694704918,0.2082116311286955
CHEMBL233_Ki,86,morgan,xgboost,crem_mean,0.046799046482366394,0.19319071660951037,0.15227298012282994
CHEMBL233_Ki,86,unimol,mlp,crem_lime,0.1287696884094282,0.01246691036756799,0.1181854415758454
CHEMBL233_Ki,86,unimol,mlp,crem_mean,0.20904074906453846,0.06148659810781201,0.2081001466454207
CHEMBL233_Ki,86,unimol,xgboost,crem_lime,0.32052381167145216,0.3973814621144993,0.20336887597395184
CHEMBL233_Ki,86,unimol,xgboost,crem_mean,0.21684173663698605,0.31898792916225804,0.17889447557742608
CHEMBL233_Ki,94,molformer,mlp,crem_lime,0.14066942565978977,0.1653446238610291,0.28986356228501176
CHEMBL233_Ki,94,molformer,mlp,crem_mean,0.06875221499325151,0.012199308201484458,0.07996967500434521
CHEMBL233_Ki,94,molformer,xgboost,crem_lime,0.050036627577750396,0.2001469750217131,0.24891378480097023
CHEMBL233_Ki,94,molformer,xgboost,crem_mean,0.038669094306728824,0.03478540874906555,0.028240770074294572
CHEMBL233_Ki,94,morgan,mlp,crem_lime,0.08190270890481283,0.21004730974093244,0.2677766987303541
CHEMBL233_Ki,94,morgan,mlp,crem_mean,0.03463318168137506,0.03678288435281297,0.04036468477940648
CHEMBL233_Ki,94,morgan,xgboost,crem_lime,0.3265205966068479,0.2559200223513702,0.22558081461896132
CHEMBL233_Ki,94,morgan,xgboost,crem_mean,0.13824056048458813,0.020719573818427834,0.15881783811159264
CHEMBL233_Ki,94,unimol,mlp,crem_lime,0.3382580526912916,0.14058954088322037,0.41121370716901584
CHEMBL233_Ki,94,unimol,mlp,crem_mean,0.10468203208612618,0.02951467081007101,0.11963563865817207
CHEMBL233_Ki,94,unimol,xgboost,crem_lime,0.1937709238459773,0.3089846888389829,0.44275209292686596
CHEMBL233_Ki,94,unimol,xgboost,crem_mean,0.03179521856821931,0.09746067276062088,0.12470462744606561
CHEMBL233_Ki,98,molformer,mlp,crem_lime,0.094247208555144,0.2157005329206351,0.20415270882094375
CHEMBL233_Ki,98,molformer,mlp,crem_mean,0.028725135112669976,0.05210349315949868,0.07283576336022733
CHEMBL233_Ki,98,molformer,xgboost,crem_lime,0.08718898163391417,0.2670742959247414,0.2597109235566305
CHEMBL233_Ki,98,molformer,xgboost,crem_mean,0.04592012801112983,0.18176744726230415,0.22473265350830865
CHEMBL233_Ki,98,morgan,mlp,crem_lime,0.07168375682391277,0.08237322767062125,0.11489575913501754
CHEMBL233_Ki,98,morgan,mlp,crem_mean,0.039221629340625,0.08110576820845482,0.05192757264501665
CHEMBL233_Ki,98,morgan,xgboost,crem_lime,0.04852813994259335,0.18349517122615344,0.15482000030555773
CHEMBL233_Ki,98,morgan,xgboost,crem_mean,0.0470231657456415,0.12228775306885428,0.14667050464590162
CHEMBL233_Ki,98,unimol,mlp,crem_lime,0.3148863949118516,0.1990572424626446,0.49849087474674514
CHEMBL233_Ki,98,unimol,mlp,crem_mean,0.0614698306584441,0.18731586858154237,0.2270078459937282
CHEMBL233_Ki,98,unimol,xgboost,crem_lime,0.15675540572680857,0.20722322478111652,0.2902864975792313
CHEMBL233_Ki,98,unimol,xgboost,crem_mean,0.06100891069776807,0.137947547170675,0.1967543609333499
CHEMBL233_Ki,99,molformer,mlp,crem_lime,0.056372440903024665,0.31489921311555485,0.3710730685451387
CHEMBL233_Ki,99,molformer,mlp,crem_mean,0.102203998576446,0.19947109239833846,0.23982865712680793
CHEMBL233_Ki,99,molformer,xgboost,crem_lime,0.08191816305404365,0.3314831920345695,0.41234204210249825
CHEMBL233_Ki,99,molformer,xgboost,crem_mean,0.11134748264221239,0.06515509446278961,0.13015453212125236
CHEMBL233_Ki,99,morgan,mlp,crem_lime,0.1254275452669306,0.3827537667877528,0.5043160664188243
CHEMBL233_Ki,99,morgan,mlp,crem_mean,0.008473914909838278,0.15279805194448792,0.15131211007666767
CHEMBL233_Ki,99,morgan,xgboost,crem_lime,0.0990100607809637,0.37887044209179876,0.4769830369938764
CHEMBL233_Ki,99,morgan,xgboost,crem_mean,0.018312186950899784,0.17315714221414175,0.16161052253240682
CHEMBL233_Ki,99,unimol,mlp,crem_lime,0.23751163345568208,0.3071024392535503,0.4667127018249168
CHEMBL233_Ki,99,unimol,mlp,crem_mean,0.0163523148405795,0.11888863445780602,0.1059616311288142
CHEMBL233_Ki,99,unimol,xgboost,crem_lime,0.24071695550619554,0.23489038762908077,0.2648959437862943
CHEMBL233_Ki,99,unimol,xgboost,crem_mean,0.19280174085178636,0.006606416653477355,0.1942629926199891
CHEMBL233_Ki,100,molformer,mlp,crem_lime,0.05362985170373889,0.22211101547095669,0.27553226764096717
CHEMBL233_Ki,100,molformer,mlp,crem_mean,0.014299822114074882,0.01613949846767669,0.015738520617045792
CHEMBL233_Ki,100,molformer,xgboost,crem_lime,0.09542535119118462,0.44276205162814136,0.34838158383966505
CHEMBL233_Ki,100,molformer,xgboost,crem_mean,0.1052427000445542,0.06676742465375556,0.04545370424879656
CHEMBL233_Ki,100,morgan,mlp,crem_lime,0.1248219525870925,0.18606821902430484,0.26192012547729965
CHEMBL233_Ki,100,morgan,mlp,crem_mean,0.016819571769204678,0.054964838241777475,0.04310488246980472
CHEMBL233_Ki,100,morgan,xgboost,crem_lime,0.07042535012985017,0.2601956970309396,0.3063331677472922
CHEMBL233_Ki,100,morgan,xgboost,crem_mean,0.11192550815226611,0.23533828761893452,0.22483828470272102
CHEMBL233_Ki,100,unimol,mlp,crem_lime,0.08607242746869737,0.057031981465443596,0.14289831294611421
CHEMBL233_Ki,100,unimol,mlp,crem_mean,0.11652830396377643,0.013547079392793064,0.10507052846970955
CHEMBL233_Ki,100,unimol,xgboost,crem_lime,0.17044296458307076,0.02904368214897981,0.19344216287259391
CHEMBL233_Ki,100,unimol,xgboost,crem_mean,0.09366300388088146,0.031689063767274574,0.07408116967288815
CHEMBL233_Ki,107,molformer,mlp,crem_lime,0.0740969701359456,0.43900433617424583,0.4572480017888508
CHEMBL233_Ki,107,molformer,mlp,crem_mean,0.0800047213372243,0.05245781979824399,0.10377025111025134
CHEMBL233_Ki,107,molformer,xgboost,crem_lime,0.05166923948732901,0.25114534225986385,0.27462501751909485
CHEMBL233_Ki,107,molformer,xgboost,crem_mean,0.018096634124997412,0.0619579420012397,0.04399107740308833
CHEMBL233_Ki,107,morgan,mlp,crem_lime,0.0072370428194807315,0.1615247942926871,0.1673710523921945
CHEMBL233_Ki,107,morgan,mlp,crem_mean,0.02157668288112553,0.24250366249623242,0.242765048339021
CHEMBL233_Ki,107,morgan,xgboost,crem_lime,0.003998458911202278,0.023435758002417824,0.026380180669317514
CHEMBL233_Ki,107,morgan,xgboost,crem_mean,0.021155015480102658,0.14461206172134689,0.12623287767591856
CHEMBL233_Ki,107,unimol,mlp,crem_lime,0.020834992187700227,0.34832299580937126,0.35906507078648847
CHEMBL233_Ki,107,unimol,mlp,crem_mean,0.10363450219205846,0.11159973351538227,0.1779317346805838
CHEMBL233_Ki,107,unimol,xgboost,crem_lime,0.2904300949498195,0.19738056880798852,0.30611377574536874
CHEMBL233_Ki,107,unimol,xgboost,crem_mean,0.09055899929189136,0.11858076982550099,0.15590338364858175
CHEMBL233_Ki,112,molformer,mlp,crem_lime,0.005926626108310718,0.16772294263947085,0.17362018508072674
CHEMBL233_Ki,112,molformer,mlp,crem_mean,0.022815030044649624,0.0942020204110613,0.08691328173060309
CHEMBL233_Ki,112,molformer,xgboost,crem_lime,0.011502166010078321,0.11303431076295146,0.10276486749286409
CHEMBL233_Ki,112,molformer,xgboost,crem_mean,0.014072858839309014,0.15278304696907893,0.14283817541441376
CHEMBL233_Ki,112,morgan,mlp,crem_lime,0.1818090685293744,0.14145414652109117,0.17575388062251346
CHEMBL233_Ki,112,morgan,mlp,crem_mean,0.06174547903328509,0.12621761466630352,0.12537158182565303
CHEMBL233_Ki,112,morgan,xgboost,crem_lime,0.023020473299554818,0.20106768451024878,0.18713534387275454
CHEMBL233_Ki,112,morgan,xgboost,crem_mean,0.02090628415909986,0.2432579904457121,0.22703569472650345
CHEMBL233_Ki,112,unimol,mlp,crem_lime,0.06195920770091497,0.15731322612872048,0.12736474973880785
CHEMBL233_Ki,112,unimol,mlp,crem_mean,0.06796966524965373,0.08825283983070653,0.06637973847788828
CHEMBL233_Ki,112,unimol,xgboost,crem_lime,0.11434441203244967,0.17419970942960267,0.28823936592019217
CHEMBL233_Ki,112,unimol,xgboost,crem_mean,0.08258678933203015,0.06282880363116171,0.14427638061854603
CHEMBL233_Ki,113,molformer,mlp,crem_lime,0.1886507377653047,0.3367323522925254,0.3355011303444976
CHEMBL233_Ki,113,molformer,mlp,crem_mean,0.06887390624087837,0.09564003097317277,0.15503329236680605
CHEMBL233_Ki,113,molformer,xgboost,crem_lime,0.12377911453476075,0.22207285558348866,0.20666003787030576
CHEMBL233_Ki,113,molformer,xgboost,crem_mean,0.03681690139895657,0.021226725510114227,0.05303655136671208
CHEMBL233_Ki,113,morgan,mlp,crem_lime,0.022419700813995472,0.10106533732205633,0.0932382166683491
CHEMBL233_Ki,113,morgan,mlp,crem_mean,0.07031149759771922,0.07186145859789486,0.1293697050039341
CHEMBL233_Ki,113,morgan,xgboost,crem_lime,0.018518384108775605,0.10435575031835607,0.09540467150149932
CHEMBL233_Ki,113,morgan,xgboost,crem_mean,0.10238028582228088,0.12712820987535287,0.03671498375852947
CHEMBL233_Ki,113,unimol,mlp,crem_lime,0.13609500177878883,0.217875696313117,0.2799287111199764
CHEMBL233_Ki,113,unimol,mlp,crem_mean,0.0418094405618263,0.0964882760561446,0.12387122640199527
CHEMBL233_Ki,113,unimol,xgboost,crem_lime,0.043751813018698724,0.2973336909131868,0.30349747245618625
CHEMBL233_Ki,113,unimol,xgboost,crem_mean,0.08538209385432723,0.06461281085309013,0.07624526202450262
CHEMBL233_Ki,117,molformer,mlp,crem_lime,0.2082446723995477,0.2290828243541334,0.16808313700774716
CHEMBL233_Ki,117,molformer,mlp,crem_mean,0.08017375388483339,0.0696226022045225,0.1287558315467201
CHEMBL233_Ki,117,molformer,xgboost,crem_lime,0.11281380270022413,0.1673510672039305,0.25221733968871995
CHEMBL233_Ki,117,molformer,xgboost,crem_mean,0.011160497559218694,0.05548964722002616,0.06376918188287406
CHEMBL233_Ki,117,morgan,mlp,crem_lime,0.4177082953944916,0.01985911837127841,0.4193832827506495
CHEMBL233_Ki,117,morgan,mlp,crem_mean,0.032771888150472994,0.003993895570206716,0.03657643779464936
CHEMBL233_Ki,117,morgan,xgboost,crem_lime,0.17399055541432012,0.0467163109494064,0.13077195003048533
CHEMBL233_Ki,117,morgan,xgboost,crem_mean,0.06115354824969064,0.011199008098733206,0.05522839482350529
CHEMBL233_Ki,117,unimol,mlp,crem_lime,0.07219436746599746,0.15450545180785943,0.1347298170107528
CHEMBL233_Ki,117,unimol,mlp,crem_mean,0.005180195387187392,0.006575008558807719,0.008937463118972186
CHEMBL233_Ki,117,unimol,xgboost,crem_lime,0.09426438290147192,0.026816409012227607,0.0759751694482068
CHEMBL233_Ki,117,unimol,xgboost,crem_mean,0.003721557253893884,0.005432352472897191,0.0018313350407895132
CHEMBL233_Ki,122,molformer,mlp,crem_lime,0.004403811648239937,0.25771750537312954,0.2599258146525192
CHEMBL233_Ki,122,molformer,mlp,crem_mean,0.024268555466866258,0.2261595198044549,0.20233212057834754
CHEMBL233_Ki,122,molformer,xgboost,crem_lime,0.08769345917839734,0.4842139440994092,0.5181719445184049
CHEMBL233_Ki,122,molformer,xgboost,crem_mean,0.0695745935470565,0.0925688255521301,0.07034382270682851
CHEMBL233_Ki,122,morgan,mlp,crem_lime,0.02282510965239769,0.41581557816393583,0.4130747059166219
CHEMBL233_Ki,122,morgan,mlp,crem_mean,0.013486344520424904,0.15181878791296802,0.14033652477162759
CHEMBL233_Ki,122,morgan,xgboost,crem_lime,0.0031762856887107313,0.13312439160810874,0.13026471584005275
CHEMBL233_Ki,122,morgan,xgboost,crem_mean,0.05374269894048801,0.1343251590902749,0.17072311205296836
CHEMBL233_Ki,122,unimol,mlp,crem_lime,0.24334437405517492,0.10497631954839574,0.18526247201554258
CHEMBL233_Ki,122,unimol,mlp,crem_mean,0.09427589010585806,0.20852541843662464,0.2789272804044634
CHEMBL233_Ki,122,unimol,xgboost,crem_lime,0.22114389399130446,0.19723797301153606,0.3037987992603607
CHEMBL233_Ki,122,unimol,xgboost,crem_mean,0.08210283413174861,0.1839257929378806,0.21258219373432982
CHEMBL233_Ki,124,molformer,mlp,crem_lime,0.018081920657589973,0.45298972156390377,0.4628690556242292
CHEMBL233_Ki,124,molformer,mlp,crem_mean,0.06465997506908419,0.1289578438371978,0.11838907257950369
CHEMBL233_Ki,124,molformer,xgboost,crem_lime,0.4493569118692915,0.5738227025888146,1.0106508370775455
CHEMBL233_Ki,124,molformer,xgboost,crem_mean,0.14684599354586847,0.1193166018490715,0.24523908515921503
CHEMBL233_Ki,124,morgan,mlp,crem_lime,0.21481360217904907,0.18916691716096964,0.21738338620703085
CHEMBL233_Ki,124,morgan,mlp,crem_mean,0.13385851411609215,0.09363826503357443,0.05756223155679673
CHEMBL233_Ki,124,morgan,xgboost,crem_lime,0.027221667110407567,0.02575169580081688,0.012018931447146929
CHEMBL233_Ki,124,morgan,xgboost,crem_mean,0.03380397513918898,0.09424701075097201,0.06664548937850955
CHEMBL233_Ki,124,unimol,mlp,crem_lime,0.30286210577498157,0.4174988810226471,0.3090303138618443
CHEMBL233_Ki,124,unimol,mlp,crem_mean,0.12353381586740292,0.17263809257345325,0.06048881663298553
CHEMBL233_Ki,124,unimol,xgboost,crem_lime,0.11164168937285592,0.38231991085167405,0.43081649865222765
CHEMBL233_Ki,124,unimol,xgboost,crem_mean,0.13645290753976497,0.2377275988054054,0.2491533428065563
CHEMBL233_Ki,132,molformer,mlp,crem_lime,0.0179702491556341,0.06498058465581581,0.04701049066947262
CHEMBL233_Ki,132,molformer,mlp,crem_mean,0.011228999278411237,0.08836294523469124,0.08082636377345859
CHEMBL233_Ki,132,molformer,xgboost,crem_lime,0.01323186434484371,0.3526825870587936,0.3396584200096458
CHEMBL233_Ki,132,molformer,xgboost,crem_mean,0.004155553974690226,0.1249504615240807,0.12750616732653255
CHEMBL233_Ki,132,morgan,mlp,crem_lime,0.013648318642920312,0.16281050990577692,0.17610507725217414
CHEMBL233_Ki,132,morgan,mlp,crem_mean,0.011142585059044089,0.1326497662236043,0.14269322496377443
CHEMBL233_Ki,132,morgan,xgboost,crem_lime,0.011776900935678767,0.1169571785294368,0.1174966776397866
CHEMBL233_Ki,132,morgan,xgboost,crem_mean,0.00851786805411074,0.16439700285965478,0.15597556800474566
CHEMBL233_Ki,132,unimol,mlp,crem_lime,0.09477867281079563,0.0706760455221893,0.03891431483463234
CHEMBL233_Ki,132,unimol,mlp,crem_mean,0.043821610517607294,0.06297738408176512,0.08740055968551944
CHEMBL233_Ki,132,unimol,xgboost,crem_lime,0.03742368447925675,0.0848305176429649,0.06743881655242892
CHEMBL233_Ki,132,unimol,xgboost,crem_mean,0.05378512492105178,0.08015112955000445,0.0895531154471653
CHEMBL233_Ki,134,molformer,mlp,crem_lime,0.010243374543910727,0.05971095806256529,0.06994871488572614
CHEMBL233_Ki,134,molformer,mlp,crem_mean,0.04856820497300103,0.04990936554029146,0.08924117938201584
CHEMBL233_Ki,134,molformer,xgboost,crem_lime,0.09593564911481986,0.049001328623962045,0.14492447891928742
CHEMBL233_Ki,134,molformer,xgboost,crem_mean,0.018519031224649807,0.11024721078869953,0.12089741895034607
CHEMBL233_Ki,134,morgan,mlp,crem_lime,0.01710904645235786,0.09353125114820991,0.07643922916040177
CHEMBL233_Ki,134,morgan,mlp,crem_mean,0.00619561479745537,0.05801983212155243,0.05320466862266219
CHEMBL233_Ki,134,morgan,xgboost,crem_lime,0.0316464461195968,0.07747230222033208,0.09651582431430175
CHEMBL233_Ki,134,morgan,xgboost,crem_mean,0.008044471330997227,0.044943926509746136,0.05099580213773658
CHEMBL233_Ki,134,unimol,mlp,crem_lime,0.020424018159106043,0.049122798686283255,0.034304574116078096
CHEMBL233_Ki,134,unimol,mlp,crem_mean,0.0012828202445448493,0.09884491867620554,0.09899397759865061
CHEMBL233_Ki,134,unimol,xgboost,crem_lime,0.08130502429227526,0.1772914998223802,0.22289059271768702
CHEMBL233_Ki,134,unimol,xgboost,crem_mean,0.09479234361338516,0.07569716384747807,0.0582549953511156
CHEMBL233_Ki,140,molformer,mlp,crem_lime,0.06436723703912585,0.08199524222902309,0.14622484190372026
CHEMBL233_Ki,140,molformer,mlp,crem_mean,0.053995194240296,0.05717442002316418,0.055557595408500464
CHEMBL233_Ki,140,molformer,xgboost,crem_lime,0.04968727652521452,0.32912100718403914,0.31327289383222867
CHEMBL233_Ki,140,molformer,xgboost,crem_mean,0.0200010388066317,0.18525693190513823,0.17209224896349964
CHEMBL233_Ki,140,morgan,mlp,crem_lime,0.05687655314792035,0.21137510004101098,0.26824422967988604
CHEMBL233_Ki,140,morgan,mlp,crem_mean,0.008223395780730954,0.287829296520159,0.2939712312257067
CHEMBL233_Ki,140,morgan,xgboost,crem_lime,0.0327231940213197,0.09255622207026616,0.08626577666018176
CHEMBL233_Ki,140,morgan,xgboost,crem_mean,0.07794628568068374,0.13050243483841523,0.12667975572607404
CHEMBL233_Ki,140,unimol,mlp,crem_lime,0.36174036923065317,0.20906227008100312,0.3301451436105522
CHEMBL233_Ki,140,unimol,mlp,crem_mean,0.20590732143512172,0.0915880145282934,0.1314329133203376
CHEMBL233_Ki,140,unimol,xgboost,crem_lime,0.08212941959212715,0.16138884391932898,0.24048666853470696
CHEMBL233_Ki,140,unimol,xgboost,crem_mean,0.012903483372880786,0.14171382550092732,0.1293409345704597
CHEMBL233_Ki,141,molformer,mlp,crem_lime,0.23584479246298581,0.1484029899346693,0.3124308508627734
CHEMBL233_Ki,141,molformer,mlp,crem_mean,0.13801167665442482,0.12351097492277618,0.24315036367693646
CHEMBL233_Ki,141,molformer,xgboost,crem_lime,0.04981373794212625,0.07589191302925088,0.12565298355065235
CHEMBL233_Ki,141,molformer,xgboost,crem_mean,0.03698153801450176,0.13200284985147906,0.09646649193304556
CHEMBL233_Ki,141,morgan,mlp,crem_lime,0.0607887939571287,0.05369431350676909,0.06657368956974477
CHEMBL233_Ki,141,morgan,mlp,crem_mean,0.0059174865093175365,0.08600077131995525,0.08190173816413672
CHEMBL233_Ki,141,morgan,xgboost,crem_lime,0.05977914080102729,0.12545384646760377,0.1714719450981344
CHEMBL233_Ki,141,morgan,xgboost,crem_mean,0.023422541273101238,0.05897863826139594,0.04927454008766842
CHEMBL233_Ki,141,unimol,mlp,crem_lime,0.15708655466497365,0.2410023569017161,0.3597392524611875
CHEMBL233_Ki,141,unimol,mlp,crem_mean,0.062409526731333965,0.026991543707686482,0.08147590227878115
CHEMBL233_Ki,141,unimol,xgboost,crem_lime,0.14378246535273193,0.2623100999040271,0.39604020406667095
CHEMBL233_Ki,141,unimol,xgboost,crem_mean,0.047927989921160506,0.03821710971415681,0.08527721265048296
CHEMBL233_Ki,142,molformer,mlp,crem_lime,0.3823645191719727,0.1234196792361289,0.502216522380777
CHEMBL233_Ki,142,molformer,mlp,crem_mean,0.029670156473270485,0.1588344816432639,0.14101084681591278
CHEMBL233_Ki,142,molformer,xgboost,crem_lime,0.07997761312128787,0.11876866670307734,0.13704179196359106
CHEMBL233_Ki,142,molformer,xgboost,crem_mean,0.08806941297580545,0.042533143511838505,0.09224200270293399
CHEMBL233_Ki,142,morgan,mlp,crem_lime,0.0903535220170489,0.31128304889193203,0.31220538014978744
CHEMBL233_Ki,142,morgan,mlp,crem_mean,0.025650488221746336,0.08360096364844329,0.06322757504949048
CHEMBL233_Ki,142,morgan,xgboost,crem_lime,0.019605162571498684,0.26129850175112224,0.27705886748736924
CHEMBL233_Ki,142,morgan,xgboost,crem_mean,0.009354712024097956,0.19687451093127445,0.19334884285728943
CHEMBL233_Ki,142,unimol,mlp,crem_lime,0.13880337693820594,0.31073542934884285,0.17314782764192893
CHEMBL233_Ki,142,unimol,mlp,crem_mean,0.05681183360098454,0.12515712689442482,0.17955006997115366
CHEMBL233_Ki,142,unimol,xgboost,crem_lime,0.14070983820041438,0.21436256830928696,0.3234566347506806
CHEMBL233_Ki,142,unimol,xgboost,crem_mean,0.03434743025838614,0.0802350173624237,0.10080757988159188
CHEMBL233_Ki,152,molformer,mlp,crem_lime,0.22291341998512365,0.09813246153106532,0.22831121565595167
CHEMBL233_Ki,152,molformer,mlp,crem_mean,0.010040419624754457,0.09266637655017945,0.08598516133863975
CHEMBL233_Ki,152,molformer,xgboost,crem_lime,0.05848467562912924,0.2645317979752642,0.2755172832793077
CHEMBL233_Ki,152,molformer,xgboost,crem_mean,0.014232671441745443,0.09288751911209181,0.10675728911592275
CHEMBL233_Ki,152,morgan,mlp,crem_lime,0.08743979834277371,0.19283727908910328,0.2580694144170464
CHEMBL233_Ki,152,morgan,mlp,crem_mean,0.00034755488848508203,0.1624784668583964,0.16226431855300594
CHEMBL233_Ki,152,morgan,xgboost,crem_lime,0.08518860294071051,0.10730118254565832,0.028985005975686415
CHEMBL233_Ki,152,morgan,xgboost,crem_mean,0.05437677587518485,0.11182681384756955,0.16619478219185357
CHEMBL233_Ki,152,unimol,mlp,crem_lime,0.05630480331340925,0.1450217139224743,0.18019212322901648
CHEMBL233_Ki,152,unimol,mlp,crem_mean,0.06130765800011607,0.053308495255395875,0.012023551469670227
CHEMBL233_Ki,152,unimol,xgboost,crem_lime,0.0759676079724387,0.09427012483932667,0.10207772238051281
CHEMBL233_Ki,152,unimol,xgboost,crem_mean,0.03286398795687237,0.06283090140343978,0.042448237703779264
CHEMBL233_Ki,159,molformer,mlp,crem_lime,0.39916330820940743,0.06617927733535577,0.4450224023573394
CHEMBL233_Ki,159,molformer,mlp,crem_mean,0.05305203740666184,0.034376708166436835,0.08585008198331101
CHEMBL233_Ki,159,molformer,xgboost,crem_lime,0.01161516765152846,0.2999546615284916,0.28879251505215586
CHEMBL233_Ki,159,molformer,xgboost,crem_mean,0.008699836886935713,0.10897274561942584,0.10500238049679204
CHEMBL233_Ki,159,morgan,mlp,crem_lime,0.05446841395118611,0.2329668616592801,0.17952939982063887
CHEMBL233_Ki,159,morgan,mlp,crem_mean,0.06738300538061806,0.38867699880686835,0.4421178126728012
CHEMBL233_Ki,159,morgan,xgboost,crem_lime,0.32286686061068054,0.3275662439729552,0.5876240072691444
CHEMBL233_Ki,159,morgan,xgboost,crem_mean,0.12632951203407425,0.14588099356503834,0.2621357611009697
CHEMBL233_Ki,159,unimol,mlp,crem_lime,0.07312081102461246,0.15402744800845583,0.2154078188967358
CHEMBL233_Ki,159,unimol,mlp,crem_mean,0.21075149424660033,0.2836564017924764,0.2819224000799403
CHEMBL233_Ki,159,unimol,xgboost,crem_lime,0.023755007754165492,0.2955993035605878,0.317559646639086
CHEMBL233_Ki,159,unimol,xgboost,crem_mean,0.06570182721984003,0.01882695645275519,0.06855318616142815
CHEMBL233_Ki,163,molformer,mlp,crem_lime,0.05277378548325448,0.34676207675323156,0.3177437286424851
CHEMBL233_Ki,163,molformer,mlp,crem_mean,0.04239959834147823,0.09686248148174793,0.12264401664831986
CHEMBL233_Ki,163,molformer,xgboost,crem_lime,0.08325522764964483,0.13930418049535728,0.057312937111891706
CHEMBL233_Ki,163,molformer,xgboost,crem_mean,0.04367585535076841,0.09071361983599627,0.048309136344629966
CHEMBL233_Ki,163,morgan,mlp,crem_lime,0.05517180331365164,0.33656770135198255,0.36530836318214693
CHEMBL233_Ki,163,morgan,mlp,crem_mean,0.08553134975063649,0.1322120373579384,0.14821354877988704
CHEMBL233_Ki,163,morgan,xgboost,crem_lime,0.01495575045934969,0.3970071400103669,0.382392612440421
CHEMBL233_Ki,163,morgan,xgboost,crem_mean,0.011465793161928537,0.1342398649558267,0.1419065062349814
CHEMBL233_Ki,163,unimol,mlp,crem_lime,0.15150490116032928,0.1869440989859804,0.14176204117693603
CHEMBL233_Ki,163,unimol,mlp,crem_mean,0.1259928354253951,0.08042150602401187,0.11690818812694873
CHEMBL233_Ki,163,unimol,xgboost,crem_lime,0.06755726087985636,0.1417335649758901,0.1549481023813787
CHEMBL233_Ki,163,unimol,xgboost,crem_mean,0.08130770644307199,0.08560499296265686,0.1541595079636681
CHEMBL233_Ki,167,molformer,mlp,crem_lime,0.03874548563226501,0.040368173312022936,0.07467515786865886
CHEMBL233_Ki,167,molformer,mlp,crem_mean,0.011972485267406751,0.1993218066003103,0.19608655283322615
CHEMBL233_Ki,167,molformer,xgboost,crem_lime,0.001654321293745152,0.017866005001606636,0.01949268828719631
CHEMBL233_Ki,167,molformer,xgboost,crem_mean,0.03325182340056678,0.09203364123171061,0.10657539170295553
CHEMBL233_Ki,167,morgan,mlp,crem_lime,0.03121400940810374,0.007733782519533229,0.02380113617340214
CHEMBL233_Ki,167,morgan,mlp,crem_mean,0.06647556656559758,0.049284833062781995,0.02260868410571794
CHEMBL233_Ki,167,morgan,xgboost,crem_lime,0.010474431510035328,0.025260785289033093,0.025377609649306247
CHEMBL233_Ki,167,morgan,xgboost,crem_mean,0.02675590830827844,0.017770711002092994,0.01650170128054783
CHEMBL233_Ki,167,unimol,mlp,crem_lime,0.05919007569926726,0.011706360519687889,0.05867058013012206
CHEMBL233_Ki,167,unimol,mlp,crem_mean,0.06219127416145178,0.013062194824044318,0.0694598372834521
CHEMBL233_Ki,167,unimol,xgboost,crem_lime,0.11072648702092024,0.3426859889600763,0.40841324372175347
CHEMBL233_Ki,167,unimol,xgboost,crem_mean,0.17642707616060374,0.4480048270559632,0.5554465322926985
CHEMBL233_Ki,177,molformer,mlp,crem_lime,0.008023659631148468,0.07521638702431376,0.07635500100795485
CHEMBL233_Ki,177,molformer,mlp,crem_mean,0.0643015426190906,0.028730084060974312,0.04927028794417191
CHEMBL233_Ki,177,molformer,xgboost,crem_lime,0.007315905903738984,0.5363184496785496,0.543580087066315
CHEMBL233_Ki,177,molformer,xgboost,crem_mean,0.016090411644321283,0.13639362590061876,0.15078840020159898
CHEMBL233_Ki,177,morgan,mlp,crem_lime,0.026811557032122568,0.26159094656652554,0.27494041532647995
CHEMBL233_Ki,177,morgan,mlp,crem_mean,0.011349733876511947,0.09184434150310104,0.09887452396496615
CHEMBL233_Ki,177,morgan,xgboost,crem_lime,0.002718764253302187,0.37986518637461386,0.3784340648188752
CHEMBL233_Ki,177,morgan,xgboost,crem_mean,0.038144099878282996,0.06628412049252703,0.028700074333741322
CHEMBL233_Ki,177,unimol,mlp,crem_lime,0.04128356350965287,0.3674085853835585,0.32924025531968043
CHEMBL233_Ki,177,unimol,mlp,crem_mean,0.23793248289262037,0.18773960554341187,0.3299279028422677
CHEMBL233_Ki,177,unimol,xgboost,crem_lime,0.17263362064151003,0.34857091903185417,0.4999489078228102
CHEMBL233_Ki,177,unimol,xgboost,crem_mean,0.02696422162581776,0.04686586402106511,0.059708381242415016
CHEMBL233_Ki,180,molformer,mlp,crem_lime,0.35462642744421913,0.28754560929234196,0.26393584022384387
CHEMBL233_Ki,180,molformer,mlp,crem_mean,0.24139627746705258,0.041758890222907456,0.256656478532425
CHEMBL233_Ki,180,molformer,xgboost,crem_lime,0.013163024082982314,0.10165762962341354,0.11102360523377841
CHEMBL233_Ki,180,molformer,xgboost,crem_mean,0.019588640925266746,0.06928803033363791,0.08802092399274793
CHEMBL233_Ki,180,morgan,mlp,crem_lime,0.19838201302401084,0.2164342063436444,0.3901029488885176
CHEMBL233_Ki,180,morgan,mlp,crem_mean,0.09742310191458822,0.3890574218743365,0.2918365696963076
CHEMBL233_Ki,180,morgan,xgboost,crem_lime,0.03183451940203572,0.31646078432618696,0.32454577171784843
CHEMBL233_Ki,180,morgan,xgboost,crem_mean,0.041065886005901865,0.19470406710123217,0.23014401980213323
CHEMBL233_Ki,180,unimol,mlp,crem_lime,0.24573372900054194,0.39088561883865697,0.6340308728375816
CHEMBL233_Ki,180,unimol,mlp,crem_mean,0.07809810448503114,0.03860142792343624,0.06635152510111032
CHEMBL233_Ki,180,unimol,xgboost,crem_lime,0.05746009821934836,0.08355015181268886,0.08352536079742807
CHEMBL233_Ki,180,unimol,xgboost,crem_mean,0.08815267486853616,0.08475782539932632,0.0590153606108909
CHEMBL233_Ki,182,molformer,mlp,crem_lime,0.13185792072654953,0.08218823365548868,0.14865340048456027
CHEMBL233_Ki,182,molformer,mlp,crem_mean,0.00525751633165987,0.0660030179775032,0.06790678857201632
CHEMBL233_Ki,182,molformer,xgboost,crem_lime,0.030223923562667232,0.08376733953889223,0.09882997601320895
CHEMBL233_Ki,182,molformer,xgboost,crem_mean,0.04924686248757952,0.12210170916736177,0.0785626689819653
CHEMBL233_Ki,182,morgan,mlp,crem_lime,0.033182118968505904,0.10006774117302948,0.1288090355998057
CHEMBL233_Ki,182,morgan,mlp,crem_mean,0.016040904914973755,0.23681331321937743,0.24539324652827552
CHEMBL233_Ki,182,morgan,xgboost,crem_lime,0.011679033754805355,0.06249317155293252,0.05147138786037373
CHEMBL233_Ki,182,morgan,xgboost,crem_mean,0.019754208171198065,0.06266554026287585,0.0814541631885727
CHEMBL233_Ki,182,unimol,mlp,crem_lime,0.054660779180650626,0.16587051957015628,0.14086810317126364
CHEMBL233_Ki,182,unimol,mlp,crem_mean,0.03420328515087385,0.05458973465533473,0.0885633568512487
CHEMBL233_Ki,182,unimol,xgboost,crem_lime,0.02727956389552162,0.11358019068525338,0.09368195383116529
CHEMBL233_Ki,182,unimol,xgboost,crem_mean,0.030127793587272206,0.03362218264110063,0.05097205437769305
CHEMBL236_Ki,7,molformer,mlp,crem_lime,0.1901796592832049,0.024040769367318006,0.21417127218875484
CHEMBL236_Ki,7,molformer,mlp,crem_mean,0.07950963483573384,0.11218836925457591,0.19039198409847466
CHEMBL236_Ki,7,molformer,xgboost,crem_lime,0.11876036212351088,0.04234333809351952,0.14137458152310778
CHEMBL236_Ki,7,molformer,xgboost,crem_mean,0.07774754300055262,0.150698094684675,0.18960402101346158
CHEMBL236_Ki,7,morgan,mlp,crem_lime,0.0022616086226758115,0.24828595120927155,0.25000851265492874
CHEMBL236_Ki,7,morgan,mlp,crem_mean,0.020187764492715494,0.14876837359913006,0.1439881795958686
CHEMBL236_Ki,7,morgan,xgboost,crem_lime,0.027938737641655515,0.20749281399990765,0.20501876998011997
CHEMBL236_Ki,7,morgan,xgboost,crem_mean,0.02694754675928464,0.166663272476337,0.16438574472381812
CHEMBL236_Ki,7,unimol,mlp,crem_lime,0.048530232469158704,0.01441441793595099,0.03629708888364284
CHEMBL236_Ki,7,unimol,mlp,crem_mean,0.06439314554807661,0.060367457742997524,0.03792144304418691
CHEMBL236_Ki,7,unimol,xgboost,crem_lime,0.01950286607140612,0.028445582592331466,0.03212458040712194
CHEMBL236_Ki,7,unimol,xgboost,crem_mean,0.030705554438632467,0.07401717634392982,0.0884071701891252
CHEMBL236_Ki,18,molformer,mlp,crem_lime,0.02362719454987332,0.3764192320712972,0.3866884224426251
CHEMBL236_Ki,18,molformer,mlp,crem_mean,0.013486085833343498,0.3542831197299976,0.3612150273711043
CHEMBL236_Ki,18,molformer,xgboost,crem_lime,0.19422345385066947,0.006014058421510014,0.1938247580263605
CHEMBL236_Ki,18,molformer,xgboost,crem_mean,0.16020122284707233,0.028395392453907826,0.16914550499662306
CHEMBL236_Ki,18,morgan,mlp,crem_lime,0.002735886443786991,0.27669572866945297,0.276197567845119
CHEMBL236_Ki,18,morgan,mlp,crem_mean,0.013746434980705375,0.30764164902234775,0.32007305117424656
CHEMBL236_Ki,18,morgan,xgboost,crem_lime,0.011970872037032048,0.1967562805429389,0.20500506523030834
CHEMBL236_Ki,18,morgan,xgboost,crem_mean,0.006040100218794755,0.1769918379225157,0.18095973101978588
CHEMBL236_Ki,18,unimol,mlp,crem_lime,0.027643522565169255,0.32211317667545564,0.2999796373633442
CHEMBL236_Ki,18,unimol,mlp,crem_mean,0.06873217490352689,0.2526316514666192,0.2341942330107858
CHEMBL236_Ki,18,unimol,xgboost,crem_lime,0.010827955208805248,0.3028906346953871,0.2922949595698796
CHEMBL236_Ki,18,unimol,xgboost,crem_mean,0.005743989018291657,0.27283249116842995,0.2703472315675901
CHEMBL236_Ki,22,molformer,mlp,crem_lime,0.08807516055510099,0.156999536610319,0.18630208826651756
CHEMBL236_Ki,22,molformer,mlp,crem_mean,0.031839169256780826,0.06227113264693757,0.06590045527014204
CHEMBL236_Ki,22,molformer,xgboost,crem_lime,0.03296925209785979,0.11780755374858418,0.10936299400825707
CHEMBL236_Ki,22,molformer,xgboost,crem_mean,0.05379725159749155,0.03897307202951844,0.055564071478452846
CHEMBL236_Ki,22,morgan,mlp,crem_lime,0.04433212111566774,0.10491215244251813,0.06943023409591967
CHEMBL236_Ki,22,morgan,mlp,crem_mean,0.0036640313827247424,0.015397549289421721,0.013243408310922402
CHEMBL236_Ki,22,morgan,xgboost,crem_lime,0.02127673332157367,0.2171314382767202,0.19768536303386522
CHEMBL236_Ki,22,morgan,xgboost,crem_mean,0.0008040194256762414,0.010259287871629347,0.009881840320883106
CHEMBL236_Ki,22,unimol,mlp,crem_lime,0.04435524297211249,0.13733327198532208,0.16254450175984167
CHEMBL236_Ki,22,unimol,mlp,crem_mean,0.014559413224451825,0.08517963502134758,0.08600148072874536
CHEMBL236_Ki,22,unimol,xgboost,crem_lime,0.12045601071732909,0.1600943418668894,0.2419824713755325
CHEMBL236_Ki,22,unimol,xgboost,crem_mean,0.005601335332211491,0.03416202754019148,0.03802783343928569
CHEMBL236_Ki,26,molformer,mlp,crem_lime,0.1694413404112223,0.019877183929944305,0.16962268349392176
CHEMBL236_Ki,26,molformer,mlp,crem_mean,0.039311311108689836,0.07429139493248868,0.11217754634112037
CHEMBL236_Ki,26,molformer,xgboost,crem_lime,0.2680184180739967,0.2173395348434842,0.44287392278912424
CHEMBL236_Ki,26,molformer,xgboost,crem_mean,0.08709537355439155,0.06537642754058993,0.1199386196825254
CHEMBL236_Ki,26,morgan,mlp,crem_lime,0.07388569329969635,0.11971810615401661,0.168433865049665
CHEMBL236_Ki,26,morgan,mlp,crem_mean,0.019655655554344904,0.05204641136510908,0.06183615148851991
CHEMBL236_Ki,26,morgan,xgboost,crem_lime,0.00859882632058739,0.2123082144880917,0.216563160379537
CHEMBL236_Ki,26,morgan,xgboost,crem_mean,0.005943311594599023,0.06504340445939019,0.07060482852356469
CHEMBL236_Ki,26,unimol,mlp,crem_lime,0.17735827739186388,0.2807703184253332,0.12613803527761966
CHEMBL236_Ki,26,unimol,mlp,crem_mean,0.06409758916792083,0.10400795290548409,0.09595963857121083
CHEMBL236_Ki,26,unimol,xgboost,crem_lime,0.11564180166846791,0.1757442764597298,0.28513792221633116
CHEMBL236_Ki,26,unimol,xgboost,crem_mean,0.03238286828853878,0.09278992253032328,0.12364552345318268
CHEMBL236_Ki,35,molformer,mlp,crem_lime,0.027641199268037132,0.22559659705197643,0.2189485463069495
CHEMBL236_Ki,35,molformer,mlp,crem_mean,0.015080880115894077,0.053038593153447486,0.058693970526507856
CHEMBL236_Ki,35,molformer,xgboost,crem_lime,0.27285034929464325,0.014519894442866643,0.26752231115353686
CHEMBL236_Ki,35,molformer,xgboost,crem_mean,0.24243061714149353,0.0486227147686881,0.2490900880040231
CHEMBL236_Ki,35,morgan,mlp,crem_lime,0.22899187987707378,0.22364425434504961,0.0579968235352403
CHEMBL236_Ki,35,morgan,mlp,crem_mean,0.08060777816471167,0.14902053749082275,0.13121268848294948
CHEMBL236_Ki,35,morgan,xgboost,crem_lime,0.0008052366221619738,0.06354740089616873,0.06366044518145689
CHEMBL236_Ki,35,morgan,xgboost,crem_mean,0.006925282248885799,0.3302944476764732,0.33337116239407744
CHEMBL236_Ki,35,unimol,mlp,crem_lime,0.20352657968931004,0.03937132855769386,0.2428287281829737
CHEMBL236_Ki,35,unimol,mlp,crem_mean,0.19425423012316997,0.01904030438295085,0.19922418656053092
CHEMBL236_Ki,35,unimol,xgboost,crem_lime,0.08370457013814211,0.08444515755100132,0.16353191196721045
CHEMBL236_Ki,35,unimol,xgboost,crem_mean,0.09304952147451842,0.11123411282813052,0.19412349618305832
CHEMBL236_Ki,45,molformer,mlp,crem_lime,0.009672496229710628,0.40272106030517796,0.4123727014838336
CHEMBL236_Ki,45,molformer,mlp,crem_mean,0.004922814561196822,0.35554946429971324,0.36047185330866555
CHEMBL236_Ki,45,molformer,xgboost,crem_lime,0.011026558873678375,0.009982478795276013,0.0033204021415004638
CHEMBL236_Ki,45,molformer,xgboost,crem_mean,0.003247161283312303,0.0030509665729784993,0.005880398025468448
CHEMBL236_Ki,45,morgan,mlp,crem_lime,0.03840937239084527,0.09630354089189912,0.07560956441031091
CHEMBL236_Ki,45,morgan,mlp,crem_mean,0.009150956156873164,0.1756094468996962,0.1844542341325616
CHEMBL236_Ki,45,morgan,xgboost,crem_lime,0.0019664760244441663,0.005807051264516827,0.004749729156269353
CHEMBL236_Ki,45,morgan,xgboost,crem_mean,0.0,0.03694790460975426,0.03694790460975426
CHEMBL236_Ki,45,unimol,mlp,crem_lime,0.06039865491044469,0.009093279054653246,0.06094564058236468
CHEMBL236_Ki,45,unimol,mlp,crem_mean,0.06455681543290828,0.027070324071814412,0.08193448581224522
CHEMBL236_Ki,45,unimol,xgboost,crem_lime,0.11705823660352975,0.07518442493678662,0.17762186614523615
CHEMBL236_Ki,45,unimol,xgboost,crem_mean,0.19648706066840546,0.03332689815868588,0.2134469182550999
CHEMBL236_Ki,46,molformer,mlp,crem_lime,0.05223604343425066,0.2736628142352917,0.23529176238780355
CHEMBL236_Ki,46,molformer,mlp,crem_mean,0.0849987896306949,0.0849987896306949,0.08499878963069489
CHEMBL236_Ki,46,molformer,xgboost,crem_lime,0.03606009257059792,0.008058326809143763,0.028001765761454155
CHEMBL236_Ki,46,molformer,xgboost,crem_mean,0.0637490922230212,0.021249697407673702,0.07661687359146183
CHEMBL236_Ki,46,morgan,mlp,crem_lime,0.014749511882523225,0.12936532074229729,0.1341893285396485
CHEMBL236_Ki,46,morgan,mlp,crem_mean,0.0,0.021249697407673702,0.0212496974076737
CHEMBL236_Ki,46,morgan,xgboost,crem_lime,0.006356214473849606,0.31297697473337105,0.31091498019448066
CHEMBL236_Ki,46,morgan,xgboost,crem_mean,0.0,0.10018068167806349,0.10018068167806346
CHEMBL236_Ki,46,unimol,mlp,crem_lime,0.04903293254000003,0.03748653155172744,0.07265338847425559
CHEMBL236_Ki,46,unimol,mlp,crem_mean,0.0,0.0212496974076737,0.0212496974076737
CHEMBL236_Ki,46,unimol,xgboost,crem_lime,0.0455448583608712,0.12205048846244779,0.07812986568094421
CHEMBL236_Ki,46,unimol,xgboost,crem_mean,0.07661687359146183,0.0,0.07661687359146183
CHEMBL236_Ki,48,molformer,mlp,crem_lime,0.03918520346670182,0.14529513436665148,0.13011906427208886
CHEMBL236_Ki,48,molformer,mlp,crem_mean,0.03623391217838689,0.1027716858188622,0.07392092208807777
CHEMBL236_Ki,48,molformer,xgboost,crem_lime,0.03906471903257666,0.1990499400055193,0.23810450474811826
CHEMBL236_Ki,48,molformer,xgboost,crem_mean,0.049344096651860715,0.052563248110038686,0.06398290180103629
CHEMBL236_Ki,48,morgan,mlp,crem_lime,0.08641351384655481,0.3273431133141484,0.37282300316777534
CHEMBL236_Ki,48,morgan,mlp,crem_mean,0.030134679670200993,0.08690457192294772,0.07698245978251475
CHEMBL236_Ki,48,morgan,xgboost,crem_lime,0.02304552942687496,0.2781678409386492,0.27037392303239943
CHEMBL236_Ki,48,morgan,xgboost,crem_mean,0.01370243502145667,0.16260664849580017,0.169297336394623
CHEMBL236_Ki,48,unimol,mlp,crem_lime,0.09457806043493773,0.14855849817062278,0.23370157965215804
CHEMBL236_Ki,48,unimol,mlp,crem_mean,0.04867303796584287,0.13717397600093725,0.09892843157802052
CHEMBL236_Ki,48,unimol,xgboost,crem_lime,0.22018568989515394,0.12978385664244793,0.2127006244235323
CHEMBL236_Ki,48,unimol,xgboost,crem_mean,0.12797803447140288,0.04962810814967777,0.1289299875022596
CHEMBL236_Ki,53,molformer,mlp,crem_lime,0.11059271242961664,0.11852007747813845,0.2235438287330899
CHEMBL236_Ki,53,molformer,mlp,crem_mean,0.05557427990903637,0.21484866759887386,0.26932641433916743
CHEMBL236_Ki,53,molformer,xgboost,crem_lime,0.11061393748960045,0.1359156416143925,0.05913750505842806
CHEMBL236_Ki,53,molformer,xgboost,crem_mean,0.03897303464820647,0.18958001784120287,0.1914447715910034
CHEMBL236_Ki,53,morgan,mlp,crem_lime,0.08156091836524158,0.006700732210156768,0.08798440586144415
CHEMBL236_Ki,53,morgan,mlp,crem_mean,0.0040446241385536826,0.16192966837022335,0.16303447868386559
CHEMBL236_Ki,53,morgan,xgboost,crem_lime,0.0486487346582312,0.1300515672471532,0.17181363950569745
CHEMBL236_Ki,53,morgan,xgboost,crem_mean,0.2798802851504777,0.34320610174685,0.22630920805244484
CHEMBL236_Ki,53,unimol,mlp,crem_lime,0.053538862459915515,0.01656885802114998,0.05801374119493049
CHEMBL236_Ki,53,unimol,mlp,crem_mean,0.060365485629806585,0.11179665457228025,0.09831546507832589
CHEMBL236_Ki,53,unimol,xgboost,crem_lime,0.2094032364469799,0.10291728281796816,0.1936376140548215
CHEMBL236_Ki,53,unimol,xgboost,crem_mean,0.16970149297568787,0.09997316427029633,0.13776635516171132
CHEMBL236_Ki,54,molformer,mlp,crem_lime,0.031239743968684452,0.35955835912518436,0.33292857193142006
CHEMBL236_Ki,54,molformer,mlp,crem_mean,0.030569464482794385,0.03595296566356505,0.043702742608661756
CHEMBL236_Ki,54,molformer,xgboost,crem_lime,0.026745754681100627,0.12186897353978343,0.09525029045113481
CHEMBL236_Ki,54,molformer,xgboost,crem_mean,0.05457831988426167,0.07391062019201979,0.051134226778908554
CHEMBL236_Ki,54,morgan,mlp,crem_lime,0.07008159167907095,0.024889228462049853,0.07267759602478424
CHEMBL236_Ki,54,morgan,mlp,crem_mean,0.02494167682362329,0.11908991169027619,0.107723743954209
CHEMBL236_Ki,54,morgan,xgboost,crem_lime,0.019832558741935728,0.11935475858101505,0.10336576243531509
CHEMBL236_Ki,54,morgan,xgboost,crem_mean,0.024769868751323476,0.07871623892804716,0.09700483701281123
CHEMBL236_Ki,54,unimol,mlp,crem_lime,0.030570685269399864,0.042185122422984396,0.06899034398234408
CHEMBL236_Ki,54,unimol,mlp,crem_mean,0.00456849170599086,0.15339813009526976,0.15407545652375573
CHEMBL236_Ki,54,unimol,xgboost,crem_lime,0.027935647219872132,0.19927499605261362,0.22711533636518463
CHEMBL236_Ki,54,unimol,xgboost,crem_mean,0.0618615641495662,0.0650737724703566,0.11998071988689078
CHEMBL236_Ki,67,molformer,mlp,crem_lime,0.08888617734582677,0.17210905512494198,0.22982688131681275
CHEMBL236_Ki,67,molformer,mlp,crem_mean,0.1616112315378669,0.1616112315378669,0.2799188640973632
CHEMBL236_Ki,67,molformer,xgboost,crem_lime,0.09412334951490535,0.3439195831157612,0.35254381081276825
CHEMBL236_Ki,67,molformer,xgboost,crem_mean,0.0,0.15616225445838447,0.1561622544583845
CHEMBL236_Ki,67,morgan,mlp,crem_lime,0.019294726847324254,0.214280695348492,0.20168651903968254
CHEMBL236_Ki,67,morgan,mlp,crem_mean,0.01243163319522054,0.17404286473308747,0.186474497928308
CHEMBL236_Ki,67,morgan,xgboost,crem_lime,0.009539206643475871,0.28767012710290546,0.29510426047997534
CHEMBL236_Ki,67,morgan,xgboost,crem_mean,0.0,0.20377068324339737,0.2037706832433974
CHEMBL236_Ki,67,unimol,mlp,crem_lime,0.04785875888760048,0.3517401256482262,0.34425796657242624
CHEMBL236_Ki,67,unimol,mlp,crem_mean,0.020013913015477898,0.18469855032899077,0.2026682267867973
CHEMBL236_Ki,67,unimol,xgboost,crem_lime,0.04242688351867327,0.27010343664087744,0.3121963989541523
CHEMBL236_Ki,67,unimol,xgboost,crem_mean,0.08768488364051301,0.16648502342876062,0.2537601678574378
CHEMBL236_Ki,76,molformer,mlp,crem_lime,0.05604627866418935,0.18384116243872647,0.13281115706074073
CHEMBL236_Ki,76,molformer,mlp,crem_mean,0.02104589319194054,0.08361248317961748,0.06352024565392372
CHEMBL236_Ki,76,molformer,xgboost,crem_lime,0.0021564369361291914,0.21781349401318126,0.21611923931051133
CHEMBL236_Ki,76,molformer,xgboost,crem_mean,0.006554238962721653,0.17970160959061815,0.1817769737192453
CHEMBL236_Ki,76,morgan,mlp,crem_lime,0.026791044195750107,0.039034716662712854,0.05277945277288451
CHEMBL236_Ki,76,morgan,mlp,crem_mean,0.00048332645084120146,0.04430004652321592,0.04397308288995994
CHEMBL236_Ki,76,morgan,xgboost,crem_lime,0.002736518156064984,0.24342722821701124,0.24136198359302868
CHEMBL236_Ki,76,morgan,xgboost,crem_mean,0.0008499878963069324,0.16238258112913584,0.16233694263697437
CHEMBL236_Ki,76,unimol,mlp,crem_lime,0.22099685303980676,0.21388093343457293,0.1593456167424707
CHEMBL236_Ki,76,unimol,mlp,crem_mean,0.2876125938049764,0.09116741881414017,0.28466855232669114
CHEMBL236_Ki,76,unimol,xgboost,crem_lime,0.050999273778417085,0.16524263922781726,0.16984927021453763
CHEMBL236_Ki,76,unimol,xgboost,crem_mean,0.08839874121592274,0.1629768868452795,0.24523699977837893
CHEMBL236_Ki,77,molformer,mlp,crem_lime,0.03631814559490882,0.08537462160257053,0.08724214533512935
CHEMBL236_Ki,77,molformer,mlp,crem_mean,0.057594080761187924,0.06948770763175516,0.12562061008330044
CHEMBL236_Ki,77,molformer,xgboost,crem_lime,0.0694782156118962,0.44430175683999046,0.4631118594423005
CHEMBL236_Ki,77,molformer,xgboost,crem_mean,0.036038776332595945,0.05351609318640776,0.05424590819646378
CHEMBL236_Ki,77,morgan,mlp,crem_lime,0.00273800957409466,0.12679635279366866,0.12434596949127007
CHEMBL236_Ki,77,morgan,mlp,crem_mean,0.027818962299929334,0.19159020725757112,0.21919431559135708
CHEMBL236_Ki,77,morgan,xgboost,crem_lime,0.029793093981616343,0.2668746307631478,0.28084866356473903
CHEMBL236_Ki,77,morgan,xgboost,crem_mean,0.16649722882476317,0.41155529275061364,0.5671571922253306
CHEMBL236_Ki,77,unimol,mlp,crem_lime,0.07965740638777725,0.17398684252842653,0.2534345363447719
CHEMBL236_Ki,77,unimol,mlp,crem_mean,0.20120955756741876,0.056788203071167075,0.17053464064016408
CHEMBL236_Ki,77,unimol,xgboost,crem_lime,0.11559727571069604,0.06463854989893568,0.14592609294543274
CHEMBL236_Ki,77,unimol,xgboost,crem_mean,0.04392835777174041,0.266499630322958,0.2587822611967127
CHEMBL236_Ki,81,molformer,mlp,crem_lime,0.05632329460488445,0.1036375059418307,0.13783212309053966
CHEMBL236_Ki,81,molformer,mlp,crem_mean,0.1347748655826723,0.12378595550699957,0.21002121038391974
CHEMBL236_Ki,81,molformer,xgboost,crem_lime,0.0567144779406605,0.12256510166960302,0.10950385336995845
CHEMBL236_Ki,81,molformer,xgboost,crem_mean,0.14849000315879302,0.02655253286343275,0.16245926517212772
CHEMBL236_Ki,81,morgan,mlp,crem_lime,0.03253201216452752,0.3192693881328437,0.33201726722475394
CHEMBL236_Ki,81,morgan,mlp,crem_mean,0.04536398708338696,0.07954824500438439,0.0823003339035887
CHEMBL236_Ki,81,morgan,xgboost,crem_lime,0.058555974392263004,0.22826358991445694,0.19195191679856835
CHEMBL236_Ki,81,morgan,xgboost,crem_mean,0.06586959230711767,0.1846196109291614,0.21523475920560237
CHEMBL236_Ki,81,unimol,mlp,crem_lime,0.043496255278302746,0.2662828687312978,0.2370195165601552
CHEMBL236_Ki,81,unimol,mlp,crem_mean,0.031206083047429778,0.17280474313811334,0.16784535748289645
CHEMBL236_Ki,81,unimol,xgboost,crem_lime,0.024592748820773686,0.2027062041302549,0.18755991795436777
CHEMBL236_Ki,81,unimol,xgboost,crem_mean,0.04206101309972217,0.19300942584529604,0.2180566586925327
CHEMBL236_Ki,84,molformer,mlp,crem_lime,0.012282275481301723,0.23783816033549957,0.24123600598084033
CHEMBL236_Ki,84,molformer,mlp,crem_mean,0.0956008727281163,0.178627331225341,0.16608823824550667
CHEMBL236_Ki,84,molformer,xgboost,crem_lime,0.010421967797773787,0.2910218280616413,0.29712628798123636
CHEMBL236_Ki,84,molformer,xgboost,crem_mean,0.04130503543129914,0.029889965800900954,0.06577983371807379
CHEMBL236_Ki,84,morgan,mlp,crem_lime,0.18392519816067085,0.05491354274499653,0.1734275284603457
CHEMBL236_Ki,84,morgan,mlp,crem_mean,0.008599481679818435,0.03484747294478732,0.03250873557148424
CHEMBL236_Ki,84,morgan,xgboost,crem_lime,0.011596755607200948,0.05361876798835174,0.05820498353030876
CHEMBL236_Ki,84,morgan,xgboost,crem_mean,0.003561375029795929,0.20451793428999676,0.20716853077792632
CHEMBL236_Ki,84,unimol,mlp,crem_lime,0.04659242846249671,0.012841055655565422,0.034318062787103185
CHEMBL236_Ki,84,unimol,mlp,crem_mean,0.029987348771602085,0.1013367276122761,0.07177766461650885
CHEMBL236_Ki,84,unimol,xgboost,crem_lime,0.027115832776509127,0.017084475687944786,0.029666156548376642
CHEMBL236_Ki,84,unimol,xgboost,crem_mean,0.025319246041910794,0.05069753766939944,0.07519306638205554
CHEMBL236_Ki,85,molformer,mlp,crem_lime,0.05888300754861742,0.01044194174658184,0.05926659321908909
CHEMBL236_Ki,85,molformer,mlp,crem_mean,0.012934464731693601,0.03979905537614307,0.04655872019026424
CHEMBL236_Ki,85,molformer,xgboost,crem_lime,0.1631827954833704,0.21847088629281047,0.0805329994148767
CHEMBL236_Ki,85,molformer,xgboost,crem_mean,0.05387097162456172,0.13733606863717443,0.08348992765592161
CHEMBL236_Ki,85,morgan,mlp,crem_lime,0.019765646023079352,0.184702819744665,0.18732755091531442
CHEMBL236_Ki,85,morgan,mlp,crem_mean,0.009534657912116318,0.10080308561805874,0.09126860056625327
CHEMBL236_Ki,85,morgan,xgboost,crem_lime,0.007251004480195032,0.0189928859352215,0.014625878905441647
CHEMBL236_Ki,85,morgan,xgboost,crem_mean,0.03293600971881644,0.0297144173924726,0.06209819313185728
CHEMBL236_Ki,85,unimol,mlp,crem_lime,0.030459461123600005,0.21626831392034923,0.2158664010261318
CHEMBL236_Ki,85,unimol,mlp,crem_mean,0.07969047910128432,0.00784823812068726,0.08708119312179811
CHEMBL236_Ki,85,unimol,xgboost,crem_lime,0.31571130585033563,0.06894654060239805,0.36039872319060895
CHEMBL236_Ki,85,unimol,xgboost,crem_mean,0.03576330230830074,0.07094235520570834,0.10669904459120122
CHEMBL236_Ki,86,molformer,mlp,crem_lime,0.03096614655678373,0.23917103249704494,0.2439343669769786
CHEMBL236_Ki,86,molformer,mlp,crem_mean,0.008191474707414333,0.05960768254698851,0.06428095041973378
CHEMBL236_Ki,86,molformer,xgboost,crem_lime,0.02102529319976321,0.29357350182128955,0.3135863739196321
CHEMBL236_Ki,86,molformer,xgboost,crem_mean,0.06212753271787849,0.1156902497070675,0.17780753911596164
CHEMBL236_Ki,86,morgan,mlp,crem_lime,0.24407768835021695,0.12392047979335805,0.1327493199302712
CHEMBL236_Ki,86,morgan,mlp,crem_mean,0.019479743270529527,0.05589590205735721,0.06655778135869525
CHEMBL236_Ki,86,morgan,xgboost,crem_lime,0.03663784712647915,0.291431484845523,0.30598472662921433
CHEMBL236_Ki,86,morgan,xgboost,crem_mean,0.12555964912400383,0.03418593753575435,0.15973551344442005
CHEMBL236_Ki,86,unimol,mlp,crem_lime,0.02113103832268432,0.2556572715392635,0.25722637380970503
CHEMBL236_Ki,86,unimol,mlp,crem_mean,0.003915255087264556,0.11505919489981363,0.11505239292254232
CHEMBL236_Ki,86,unimol,xgboost,crem_lime,0.32972606753453954,0.3085478272697645,0.4320898361127123
CHEMBL236_Ki,86,unimol,xgboost,crem_mean,0.019777131303905352,0.08284133296638152,0.06474035772262099
CHEMBL236_Ki,89,molformer,mlp,crem_lime,0.17243322240063805,0.22985704193378195,0.35478455158190403
CHEMBL236_Ki,89,molformer,mlp,crem_mean,0.03368886875392301,0.10317011762854075,0.06968923330173214
CHEMBL236_Ki,89,molformer,xgboost,crem_lime,0.2596735350842784,0.18202428536504672,0.4412635025458361
CHEMBL236_Ki,89,molformer,xgboost,crem_mean,0.03868113389444815,0.038214008348126466,0.06990683488473336
CHEMBL236_Ki,89,morgan,mlp,crem_lime,0.19307054491909184,0.2041479838748627,0.059608260682303175
CHEMBL236_Ki,89,morgan,mlp,crem_mean,0.04294584859012137,0.09591488491677283,0.05301897394535949
CHEMBL236_Ki,89,morgan,xgboost,crem_lime,0.11678653524459937,0.042854570714766234,0.10202578942012068
CHEMBL236_Ki,89,morgan,xgboost,crem_mean,0.016334036562992812,0.025614253941283267,0.03700122846870275
CHEMBL236_Ki,89,unimol,mlp,crem_lime,0.12347096836155043,0.09717503696983221,0.22027456863504724
CHEMBL236_Ki,89,unimol,mlp,crem_mean,0.009230011347717955,0.04160146821745427,0.03991633090572998
CHEMBL236_Ki,89,unimol,xgboost,crem_lime,0.09630066721111434,0.04796545435933391,0.1389228628331733
CHEMBL236_Ki,89,unimol,xgboost,crem_mean,0.03599425410773234,0.03638242901773998,0.054277973359915146
CHEMBL236_Ki,91,molformer,mlp,crem_lime,0.008788089293083376,0.5039068312587585,0.5062516078682328
CHEMBL236_Ki,91,molformer,mlp,crem_mean,0.08121174363800361,0.3557774507240902,0.2747219458752057
CHEMBL236_Ki,91,molformer,xgboost,crem_lime,0.04732184416497399,0.38640893089825856,0.400773234905021
CHEMBL236_Ki,91,molformer,xgboost,crem_mean,0.006923436664585559,0.2991058743447415,0.2922538325583252
CHEMBL236_Ki,91,morgan,mlp,crem_lime,0.10564292243561338,0.21719892553747025,0.19427641633488038
CHEMBL236_Ki,91,morgan,mlp,crem_mean,0.23364362758713914,0.22394162156523312,0.08983483768426516
CHEMBL236_Ki,91,morgan,xgboost,crem_lime,0.021259008393618585,0.10238326864918865,0.09510992145915904
CHEMBL236_Ki,91,morgan,xgboost,crem_mean,0.1758450248312961,0.17830261820166188,0.10390679273724
CHEMBL236_Ki,91,unimol,mlp,crem_lime,0.19010937327813462,0.16787374815126563,0.20932858469885166
CHEMBL236_Ki,91,unimol,mlp,crem_mean,0.19312784936611066,0.09350074563911326,0.16429362011360973
CHEMBL236_Ki,91,unimol,xgboost,crem_lime,0.16200703447945652,0.3807457133897271,0.22418754433973484
CHEMBL236_Ki,91,unimol,xgboost,crem_mean,0.26219907780422125,0.3012820042972786,0.08055557756950321
CHEMBL236_Ki,97,molformer,mlp,crem_lime,0.03778442643734204,0.030542538350980863,0.06590510370896903
CHEMBL236_Ki,97,molformer,mlp,crem_mean,0.019536200631978456,0.030797971742031416,0.0426167785649865
CHEMBL236_Ki,97,molformer,xgboost,crem_lime,0.03220121942853982,0.08366463640147123,0.1148131953592604
CHEMBL236_Ki,97,molformer,xgboost,crem_mean,0.057094723846402774,0.14761098053861452,0.18489480538913644
CHEMBL236_Ki,97,morgan,mlp,crem_lime,0.14330021130811077,0.10151061822748504,0.1963906790504012
CHEMBL236_Ki,97,morgan,mlp,crem_mean,0.026439802708051133,0.19829116666343807,0.22017597673591355
CHEMBL236_Ki,97,morgan,xgboost,crem_lime,0.012297351134891018,0.12670504812118288,0.11843227300462109
CHEMBL236_Ki,97,morgan,xgboost,crem_mean,0.020244312768799285,0.11925519223261667,0.11978119649466994
CHEMBL236_Ki,97,unimol,mlp,crem_lime,0.00852551564696812,0.2020826346991253,0.21022780025550356
CHEMBL236_Ki,97,unimol,mlp,crem_mean,0.11337145001140288,0.14772303656420116,0.14268973707545446
CHEMBL236_Ki,97,unimol,xgboost,crem_lime,0.045210951657850704,0.02355292149379522,0.06706875265736886
CHEMBL236_Ki,97,unimol,xgboost,crem_mean,0.03303732654850231,0.061211709964675294,0.05048778314043647
CHEMBL236_Ki,99,molformer,mlp,crem_lime,0.009062437261370695,0.0,0.0090624372613707
CHEMBL236_Ki,99,molformer,mlp,crem_mean,0.0009298100638115291,0.03644403692559101,0.03657399131350741
CHEMBL236_Ki,99,molformer,xgboost,crem_lime,0.0073718681870682074,0.00926107291285606,0.00948071980908277
CHEMBL236_Ki,99,molformer,xgboost,crem_mean,0.0014354709198091799,0.0022766738265825926,0.0036538568533565114
CHEMBL236_Ki,99,morgan,mlp,crem_lime,0.019046590517324703,0.031012831529302367,0.040769312215812585
CHEMBL236_Ki,99,morgan,mlp,crem_mean,0.004555504615698769,0.0,0.004555504615698768
CHEMBL236_Ki,99,morgan,xgboost,crem_lime,0.0060293443443073,0.059595348845992546,0.06550821365770108
CHEMBL236_Ki,99,morgan,xgboost,crem_mean,0.0017206864981492564,0.04111994750235689,0.04172732190011093
CHEMBL236_Ki,99,unimol,mlp,crem_lime,0.0766829040282575,0.024722059008858953,0.09194013567834022
CHEMBL236_Ki,99,unimol,mlp,crem_mean,0.040582362006393376,0.009111009231397653,0.04684866417342561
CHEMBL236_Ki,99,unimol,xgboost,crem_lime,0.06327071357404938,0.08037452411226259,0.0795151148984375
CHEMBL236_Ki,99,unimol,xgboost,crem_mean,0.03971396851332891,0.044003939798637794,0.08345304449775647
CHEMBL236_Ki,100,molformer,mlp,crem_lime,0.135866596990457,0.1926994613895265,0.1964179848542553
CHEMBL236_Ki,100,molformer,mlp,crem_mean,0.08637179213113141,0.07775675438420024,0.0995103318620501
CHEMBL236_Ki,100,molformer,xgboost,crem_lime,0.06412380238453344,0.17612807475742598,0.21198549569958083
CHEMBL236_Ki,100,molformer,xgboost,crem_mean,0.022645433634400185,0.13410240473617943,0.11374745084595796
CHEMBL236_Ki,100,morgan,mlp,crem_lime,0.039162276638694156,0.20288670335784403,0.2174331589500202
CHEMBL236_Ki,100,morgan,mlp,crem_mean,0.014040758656612987,0.040537348809011414,0.026556890963894228
CHEMBL236_Ki,100,morgan,xgboost,crem_lime,0.04464249346569088,0.22574089980862,0.2027848966573642
CHEMBL236_Ki,100,morgan,xgboost,crem_mean,0.037897863823729255,0.10928681267620774,0.09387136957454438
CHEMBL236_Ki,100,unimol,mlp,crem_lime,0.05728760080149401,0.20482358453780142,0.2563898406564042
CHEMBL236_Ki,100,unimol,mlp,crem_mean,0.008932612910312224,0.07561501206428972,0.068097641097459
CHEMBL236_Ki,100,unimol,xgboost,crem_lime,0.08245346406749915,0.13642708040773574,0.05539341190628933
CHEMBL236_Ki,100,unimol,xgboost,crem_mean,0.014405199429477038,0.02663841011760456,0.012364496160840763
CHEMBL236_Ki,107,molformer,mlp,crem_lime,0.0,0.0,0.0
CHEMBL236_Ki,107,molformer,mlp,crem_mean,0.0,0.0,0.0
CHEMBL236_Ki,107,molformer,xgboost,crem_lime,0.0,0.0,0.0
CHEMBL236_Ki,107,molformer,xgboost,crem_mean,0.0,0.0,0.0
CHEMBL236_Ki,107,morgan,mlp,crem_lime,0.0,0.0,0.0
CHEMBL236_Ki,107,morgan,mlp,crem_mean,0.0,0.0,0.0
CHEMBL236_Ki,107,morgan,xgboost,crem_lime,0.0,0.0,0.0
CHEMBL236_Ki,107,morgan,xgboost,crem_mean,0.0,0.0,0.0
CHEMBL236_Ki,107,unimol,mlp,crem_lime,0.0,0.0,0.0
CHEMBL236_Ki,107,unimol,mlp,crem_mean,0.0,0.0,0.0
CHEMBL236_Ki,107,unimol,xgboost,crem_lime,0.0,0.0,0.0
CHEMBL236_Ki,107,unimol,xgboost,crem_mean,0.0,0.0,0.0
CHEMBL236_Ki,112,molformer,mlp,crem_lime,0.06203948922070638,0.36458176219083427,0.3040088060461118
CHEMBL236_Ki,112,molformer,mlp,crem_mean,0.032714313078578146,0.041674015193701,0.06552354100381702
CHEMBL236_Ki,112,molformer,xgboost,crem_lime,0.13684141177516926,0.03977836962488999,0.17510997895250702
CHEMBL236_Ki,112,molformer,xgboost,crem_mean,0.11081314736276118,0.14173552605209208,0.12902161057716968
CHEMBL236_Ki,112,morgan,mlp,crem_lime,0.06907672009971699,0.26547688717565654,0.20945788132443444
CHEMBL236_Ki,112,morgan,mlp,crem_mean,0.024479585650610355,0.07643645223476123,0.06335317857853745
CHEMBL236_Ki,112,morgan,xgboost,crem_lime,0.10055538331133586,0.19252385527997143,0.10839002552216043
CHEMBL236_Ki,112,morgan,xgboost,crem_mean,0.05961631640019572,0.16912386228176918,0.11501739423183235
CHEMBL236_Ki,112,unimol,mlp,crem_lime,0.16598795323742438,0.2877978536113421,0.38436427091060965
CHEMBL236_Ki,112,unimol,mlp,crem_mean,0.0036920834212788634,0.032014319213266675,0.03503310162998307
CHEMBL236_Ki,112,unimol,xgboost,crem_lime,0.0902373722186024,0.053580258759640724,0.14217214507807893
CHEMBL236_Ki,112,unimol,xgboost,crem_mean,0.024701156588216044,0.2230451865910333,0.24415004587892883
CHEMBL236_Ki,120,molformer,mlp,crem_lime,0.06309969173551933,0.07631487566409911,0.13735470460893692
CHEMBL236_Ki,120,molformer,mlp,crem_mean,0.031197463199480916,0.22857769033712094,0.2011437289498833
CHEMBL236_Ki,120,molformer,xgboost,crem_lime,0.057926450457322275,0.17962057706511098,0.20978737060215963
CHEMBL236_Ki,120,molformer,xgboost,crem_mean,0.018475853758950823,0.017155974628410328,0.025664257486103872
CHEMBL236_Ki,120,morgan,mlp,crem_lime,0.08917752280286885,0.1755230969686049,0.23075999723969212
CHEMBL236_Ki,120,morgan,mlp,crem_mean,0.03072749969141762,0.11179687918349807,0.1296047169285964
CHEMBL236_Ki,120,morgan,xgboost,crem_lime,0.02363388071735489,0.0845347241919005,0.0690339991115293
CHEMBL236_Ki,120,morgan,xgboost,crem_mean,0.021282732902666617,0.13354755774180774,0.11272857734187822
CHEMBL236_Ki,120,unimol,mlp,crem_lime,0.11113549114901554,0.21721026544590363,0.323418722198148
CHEMBL236_Ki,120,unimol,mlp,crem_mean,0.07172287233272649,0.09065884609791966,0.14292934610723657
CHEMBL236_Ki,120,unimol,xgboost,crem_lime,0.005829665176288272,0.1944383185980336,0.1976334902023669
CHEMBL236_Ki,120,unimol,xgboost,crem_mean,0.08190100493747567,0.06886361655043531,0.040044864199135916
CHEMBL236_Ki,122,molformer,mlp,crem_lime,0.03990341061077985,0.21749111856509637,0.25636300840593734
CHEMBL236_Ki,122,molformer,mlp,crem_mean,0.02179763891442331,0.18341300049619538,0.2024341271818791
CHEMBL236_Ki,122,molformer,xgboost,crem_lime,0.023080730340154183,0.21572834517431413,0.20297078744429317
CHEMBL236_Ki,122,molformer,xgboost,crem_mean,0.03765689163537094,0.11896141502541441,0.08756315751628505
CHEMBL236_Ki,122,morgan,mlp,crem_lime,0.09557639463430691,0.17231769250046125,0.15204541309657085
CHEMBL236_Ki,122,morgan,mlp,crem_mean,0.0796576127892917,0.22614282149770001,0.254223207405385
CHEMBL236_Ki,122,morgan,xgboost,crem_lime,0.008513331892556248,0.2360905985496616,0.23253251715279666
CHEMBL236_Ki,122,morgan,xgboost,crem_mean,0.007221395454293377,0.1743051276218857,0.1678470193346652
CHEMBL236_Ki,122,unimol,mlp,crem_lime,0.025719424995920132,0.15889534444850065,0.14329515932914227
CHEMBL236_Ki,122,unimol,mlp,crem_mean,0.023825279004691592,0.1530488737955466,0.15217185530317145
CHEMBL236_Ki,122,unimol,xgboost,crem_lime,0.12758277636964654,0.30390121551033467,0.42798196383133624
CHEMBL236_Ki,122,unimol,xgboost,crem_mean,0.2251798818944765,0.2393285813672184,0.27008659920898737
CHEMBL236_Ki,127,molformer,mlp,crem_lime,0.5315120305600396,0.5114046334490147,0.3525739657875829
CHEMBL236_Ki,127,molformer,mlp,crem_mean,0.09540496472774235,0.20673842502958978,0.19252672412069502
CHEMBL236_Ki,127,molformer,xgboost,crem_lime,0.4651140785311025,0.2016507938943054,0.6496735771630567
CHEMBL236_Ki,127,molformer,xgboost,crem_mean,0.21919318915758043,0.12919806319491103,0.1418570098601561
CHEMBL236_Ki,127,morgan,mlp,crem_lime,0.010650494132396021,0.4677826182075417,0.478259969056436
CHEMBL236_Ki,127,morgan,mlp,crem_mean,0.07986523685785031,0.20054517314619444,0.14602239210159484
CHEMBL236_Ki,127,morgan,xgboost,crem_lime,0.0157599884375898,0.02891764460551278,0.042313970683223845
CHEMBL236_Ki,127,morgan,xgboost,crem_mean,0.02231020934430139,0.17571241982468067,0.1903016469635983
CHEMBL236_Ki,127,unimol,mlp,crem_lime,0.059054989273365534,0.26715847101183643,0.22111836287603528
CHEMBL236_Ki,127,unimol,mlp,crem_mean,0.019583306845447082,0.30567488193038655,0.2890921749063258
CHEMBL236_Ki,127,unimol,xgboost,crem_lime,0.08590427742447834,0.47956175984269933,0.4087344621008612
CHEMBL236_Ki,127,unimol,xgboost,crem_mean,0.08787549456248603,0.05414648630660188,0.13872787337705822
CHEMBL236_Ki,128,molformer,mlp,crem_lime,0.007241327293694708,0.003663442967718665,0.0053885612632679335
CHEMBL236_Ki,128,molformer,mlp,crem_mean,0.028058506960980372,0.06892080573979129,0.08886099602445037
CHEMBL236_Ki,128,molformer,xgboost,crem_lime,0.009394877056809485,0.03497817873247581,0.04392158675904943
CHEMBL236_Ki,128,molformer,xgboost,crem_mean,0.03718315860150962,0.01637785385529571,0.04195490496656639
CHEMBL236_Ki,128,morgan,mlp,crem_lime,0.009263473673391058,0.13550838709326665,0.13986414344153614
CHEMBL236_Ki,128,morgan,mlp,crem_mean,0.019782235493053038,0.05085885779715834,0.03122123094211328
CHEMBL236_Ki,128,morgan,xgboost,crem_lime,0.0061244523201205315,0.07643389837381523,0.07372231404893209
CHEMBL236_Ki,128,morgan,xgboost,crem_mean,0.04324917794734996,0.09939795116533115,0.11635088065320778
CHEMBL236_Ki,128,unimol,mlp,crem_lime,0.00870727967150644,0.04360922221442982,0.04688024838934677
CHEMBL236_Ki,128,unimol,mlp,crem_mean,0.015061407129095695,0.016447868748574963,0.014977296626342125
CHEMBL236_Ki,128,unimol,xgboost,crem_lime,0.014083036995362813,0.024755329441953508,0.02666897382725213
CHEMBL236_Ki,128,unimol,xgboost,crem_mean,0.018420154786562556,0.004788250642869397,0.019238831166932077
CHEMBL236_Ki,129,molformer,mlp,crem_lime,0.02983512777816326,0.2466840639578213,0.265406219935111
CHEMBL236_Ki,129,molformer,mlp,crem_mean,0.004903503406774174,0.005104779092196613,0.007730376356669053
CHEMBL236_Ki,129,molformer,xgboost,crem_lime,0.02837584299421333,0.03254081719893237,0.047006158364357106
CHEMBL236_Ki,129,molformer,xgboost,crem_mean,0.002274230275046128,0.0023572520341960715,0.0023146263670245346
CHEMBL236_Ki,129,morgan,mlp,crem_lime,0.016170806230523863,0.36736892987709113,0.38301917854255013
CHEMBL236_Ki,129,morgan,mlp,crem_mean,0.0008963565562229088,0.03618616664475663,0.03555177882935231
CHEMBL236_Ki,129,morgan,xgboost,crem_lime,0.0052190127476056045,0.2655342758725932,0.26578840770047196
CHEMBL236_Ki,129,morgan,xgboost,crem_mean,9.238195551549176e-05,0.0014728323193612526,0.001565214274876744
CHEMBL236_Ki,129,unimol,mlp,crem_lime,0.014997045494479479,0.16381330553916443,0.14881640582417333
CHEMBL236_Ki,129,unimol,mlp,crem_mean,0.006363593054869619,0.006895890386763706,0.0029618478601182554
CHEMBL236_Ki,129,unimol,xgboost,crem_lime,0.0481574543489458,0.22511985420750905,0.2724681064250136
CHEMBL236_Ki,129,unimol,xgboost,crem_mean,0.07554998147923833,0.006638249227202803,0.0817941695447313
CHEMBL236_Ki,135,molformer,mlp,crem_lime,0.13842871893353562,0.2323382265440868,0.23629856825136605
CHEMBL236_Ki,135,molformer,mlp,crem_mean,0.02154760996478844,0.1623224420006821,0.1476465650057141
CHEMBL236_Ki,135,molformer,xgboost,crem_lime,0.08989064311297042,0.2758225687442185,0.23858135315943818
CHEMBL236_Ki,135,molformer,xgboost,crem_mean,0.2223910908244488,0.19795421568494467,0.05858094118133279
CHEMBL236_Ki,135,morgan,mlp,crem_lime,0.06659484974386863,0.20398916053987307,0.23985879872574592
CHEMBL236_Ki,135,morgan,mlp,crem_mean,0.052302437790840525,0.08593224251436628,0.0378334814439017
CHEMBL236_Ki,135,morgan,xgboost,crem_lime,0.0013691418036988314,0.2848354110676978,0.2835185245600688
CHEMBL236_Ki,135,morgan,xgboost,crem_mean,0.07678791167013822,0.22366278711866025,0.15586224368575874
CHEMBL236_Ki,135,unimol,mlp,crem_lime,0.05982880800443175,0.06350631750410847,0.09307910464657562
CHEMBL236_Ki,135,unimol,mlp,crem_mean,0.14156584618811563,0.17050517327146072,0.08773588222633202
CHEMBL236_Ki,135,unimol,xgboost,crem_lime,0.08402990054676357,0.07481659495600752,0.027534766535850623
CHEMBL236_Ki,135,unimol,xgboost,crem_mean,0.16893744472809039,0.19337505039936853,0.27455392777920185
CHEMBL236_Ki,136,molformer,mlp,crem_lime,0.0,0.0,0.0
CHEMBL236_Ki,136,molformer,mlp,crem_mean,0.0,0.0,0.0
CHEMBL236_Ki,136,molformer,xgboost,crem_lime,0.0,0.0,0.0
CHEMBL236_Ki,136,molformer,xgboost,crem_mean,0.0,0.0,0.0
CHEMBL236_Ki,136,morgan,mlp,crem_lime,0.0,0.0,0.0
CHEMBL236_Ki,136,morgan,mlp,crem_mean,0.0,0.0,0.0
CHEMBL236_Ki,136,morgan,xgboost,crem_lime,0.0,0.0,0.0
CHEMBL236_Ki,136,morgan,xgboost,crem_mean,0.0,0.0,0.0
CHEMBL236_Ki,136,unimol,mlp,crem_lime,0.0,0.0,0.0
CHEMBL236_Ki,136,unimol,mlp,crem_mean,0.0,0.0,0.0
CHEMBL236_Ki,136,unimol,xgboost,crem_lime,0.0,0.0,0.0
CHEMBL236_Ki,136,unimol,xgboost,crem_mean,0.0,0.0,0.0
CHEMBL236_Ki,137,molformer,mlp,crem_lime,0.012777824805535451,0.0703981740648749,0.07996760018356293
CHEMBL236_Ki,137,molformer,mlp,crem_mean,0.0,0.0,0.0
CHEMBL236_Ki,137,molformer,xgboost,crem_lime,0.02969283789832905,0.012005943366347787,0.04093208140479258
CHEMBL236_Ki,137,molformer,xgboost,crem_mean,0.0,0.0,0.0
CHEMBL236_Ki,137,morgan,mlp,crem_lime,0.03934478982694281,0.04625266332307615,0.08479207349160767
CHEMBL236_Ki,137,morgan,mlp,crem_mean,0.0,0.0,0.0
CHEMBL236_Ki,137,morgan,xgboost,crem_lime,0.015062530236482729,0.10731610148627085,0.12159834091655874
CHEMBL236_Ki,137,morgan,xgboost,crem_mean,0.0,0.0,0.0
CHEMBL236_Ki,137,unimol,mlp,crem_lime,0.015669447022777082,0.0920516907615901,0.07684958282696701
CHEMBL236_Ki,137,unimol,mlp,crem_mean,0.0,0.0,0.0
CHEMBL236_Ki,137,unimol,xgboost,crem_lime,0.03705668368693312,0.14541713511432833,0.18189240336113172
CHEMBL236_Ki,137,unimol,xgboost,crem_mean,0.0,0.0,0.0
CHEMBL236_Ki,138,molformer,mlp,crem_lime,0.039916388028345136,0.05892247784840589,0.09063682688294923
CHEMBL236_Ki,138,molformer,mlp,crem_mean,0.14894746772877476,0.2664747121485748,0.35643974417313584
CHEMBL236_Ki,138,molformer,xgboost,crem_lime,0.41958964334792176,0.25136598703783214,0.49728485756757435
CHEMBL236_Ki,138,molformer,xgboost,crem_mean,0.0748609257852809,0.23091584986037142,0.30246765448518304
CHEMBL236_Ki,138,morgan,mlp,crem_lime,0.05216330669515841,0.044144669161525464,0.08161800501761882
CHEMBL236_Ki,138,morgan,mlp,crem_mean,0.031634911139467495,0.035334110938653504,0.06412632041957218
CHEMBL236_Ki,138,morgan,xgboost,crem_lime,0.012080166914996466,0.39552958685628037,0.4071211162589074
CHEMBL236_Ki,138,morgan,xgboost,crem_mean,0.05074019592878386,0.2766522285044038,0.2939244891970609
CHEMBL236_Ki,138,unimol,mlp,crem_lime,0.05662896547914203,0.3290934946796237,0.3346721222215303
CHEMBL236_Ki,138,unimol,mlp,crem_mean,0.0924017861916772,0.20511529799288564,0.2970270789037934
CHEMBL236_Ki,138,unimol,xgboost,crem_lime,0.22157440269154327,0.33368419740866395,0.4976140231425654
CHEMBL236_Ki,138,unimol,xgboost,crem_mean,0.04095596127844426,0.08615850226234836,0.09713113301700903
CHEMBL236_Ki,140,molformer,mlp,crem_lime,0.09875842583375008,0.07273862001566957,0.06591704447295037
CHEMBL236_Ki,140,molformer,mlp,crem_mean,0.02764468921478684,0.03484277214402495,0.05127569430213915
CHEMBL236_Ki,140,molformer,xgboost,crem_lime,0.11438859647771198,0.2823721232411608,0.16899611731476677
CHEMBL236_Ki,140,molformer,xgboost,crem_mean,0.03783717404802717,0.048699841563341714,0.06677691850101845
CHEMBL236_Ki,140,morgan,mlp,crem_lime,0.04753517376038501,0.09350919391991404,0.06337432725343115
CHEMBL236_Ki,140,morgan,mlp,crem_mean,0.0025470405964249823,0.0690612182696843,0.07118993231095143
CHEMBL236_Ki,140,morgan,xgboost,crem_lime,0.023241119132270713,0.06078453886626615,0.04011187551673105
CHEMBL236_Ki,140,morgan,xgboost,crem_mean,0.0,0.024312147235355762,0.02431214723535577
CHEMBL236_Ki,140,unimol,mlp,crem_lime,0.04057778416219943,0.037034293093467646,0.04939168605190118
CHEMBL236_Ki,140,unimol,mlp,crem_mean,0.009095029256136929,0.006099107955636186,0.0067101116330608385
CHEMBL236_Ki,140,unimol,xgboost,crem_lime,0.03354196000179426,0.10399182130055179,0.07540570058594319
CHEMBL236_Ki,140,unimol,xgboost,crem_mean,0.042202736709496404,0.03118183701283464,0.06313236704926466
CHEMBL236_Ki,142,molformer,mlp,crem_lime,0.33922013940916645,0.14372542433939378,0.3645993225453377
CHEMBL236_Ki,142,molformer,mlp,crem_mean,0.31850976021626115,0.07785571801175412,0.24353965655705653
CHEMBL236_Ki,142,molformer,xgboost,crem_lime,0.016771200649968825,0.2514929800343653,0.23748647957242094
CHEMBL236_Ki,142,molformer,xgboost,crem_mean,0.014734288597944309,0.3279396300110301,0.31329493571802136
CHEMBL236_Ki,142,morgan,mlp,crem_lime,0.011837203735476266,0.44192383734120744,0.4506250211804443
CHEMBL236_Ki,142,morgan,mlp,crem_mean,0.006992230006722455,0.132621345165072,0.1344774400806503
CHEMBL236_Ki,142,morgan,xgboost,crem_lime,0.1098926731893254,0.2166246105753661,0.20617736704607356
CHEMBL236_Ki,142,morgan,xgboost,crem_mean,0.0010362375921109932,0.11891438829268368,0.1199228412736244
CHEMBL236_Ki,142,unimol,mlp,crem_lime,0.01460060554079834,0.12852214839206544,0.1262303256876266
CHEMBL236_Ki,142,unimol,mlp,crem_mean,0.035077433276540004,0.0992652634605229,0.09765790348744606
CHEMBL236_Ki,142,unimol,xgboost,crem_lime,0.06063618806668853,0.10039904759888549,0.041400584029624946
CHEMBL236_Ki,142,unimol,xgboost,crem_mean,0.013696524101186266,0.057606262067973826,0.056365099551901235
CHEMBL236_Ki,143,molformer,mlp,crem_lime,0.04924323181012145,0.09372153918224935,0.04636104456817642
CHEMBL236_Ki,143,molformer,mlp,crem_mean,0.004863489880823215,0.0453306844220172,0.048891115439668294
CHEMBL236_Ki,143,molformer,xgboost,crem_lime,0.011967753672453256,0.29219438185799795,0.29781735842857177
CHEMBL236_Ki,143,molformer,xgboost,crem_mean,0.02984689053427691,0.10442049416746192,0.07532807540202775
CHEMBL236_Ki,143,morgan,mlp,crem_lime,0.05479081392031825,0.1088570563377846,0.09330016762675336
CHEMBL236_Ki,143,morgan,mlp,crem_mean,0.04514975366320088,0.06335858670373397,0.09750262304858186
CHEMBL236_Ki,143,morgan,xgboost,crem_lime,0.13699294910177184,0.20071103326771922,0.2765174704182862
CHEMBL236_Ki,143,morgan,xgboost,crem_mean,0.06623338387199505,0.26586721416208264,0.3318209550697979
CHEMBL236_Ki,143,unimol,mlp,crem_lime,0.03777462444086736,0.10962077625446244,0.1466206253680565
CHEMBL236_Ki,143,unimol,mlp,crem_mean,0.02315373068287762,0.1298688102749858,0.11472230917466664
CHEMBL236_Ki,143,unimol,xgboost,crem_lime,0.03595604247221089,0.3530173675533234,0.36115428955240964
CHEMBL236_Ki,143,unimol,xgboost,crem_mean,0.015806837606735916,0.10274582386246713,0.10690139526954012
CHEMBL236_Ki,149,molformer,mlp,crem_lime,0.03878134054987076,0.02582391915376573,0.05757006014177891
CHEMBL236_Ki,149,molformer,mlp,crem_mean,0.025411848005925247,0.04260207701793008,0.06778955163180721
CHEMBL236_Ki,149,molformer,xgboost,crem_lime,0.01184751491357988,0.017451771187913565,0.02811269296290539
CHEMBL236_Ki,149,molformer,xgboost,crem_mean,0.016170362852351152,0.020459026517131124,0.032400981647142606
CHEMBL236_Ki,149,morgan,mlp,crem_lime,0.050086153464325656,0.057996901613594706,0.04289633474776324
CHEMBL236_Ki,149,morgan,mlp,crem_mean,0.09055248260939645,0.04928055420092936,0.13426307646630872
CHEMBL236_Ki,149,morgan,xgboost,crem_lime,0.029992244986553805,0.011094016430041218,0.037006879004207315
CHEMBL236_Ki,149,morgan,xgboost,crem_mean,0.05429387099824254,0.012812464967650905,0.05938499608936695
CHEMBL236_Ki,149,unimol,mlp,crem_lime,0.04623469701521882,0.10146100826827979,0.05807279816233719
CHEMBL236_Ki,149,unimol,mlp,crem_mean,0.04335542495413355,0.046834450961437575,0.00389838519131695
CHEMBL236_Ki,149,unimol,xgboost,crem_lime,0.14122550271715092,0.0684465196319271,0.1523155783521726
CHEMBL236_Ki,149,unimol,xgboost,crem_mean,0.0017333498966191367,0.15916070929328327,0.15963928165735583
CHEMBL237_EC50,1,molformer,mlp,crem_lime,0.17573084864292413,0.05234079879073573,0.1632882681067128
CHEMBL237_EC50,1,molformer,mlp,crem_mean,0.010288962729655403,0.027040648419281426,0.03322774195822355
CHEMBL237_EC50,1,molformer,xgboost,crem_lime,0.07848933334263547,0.11063559521207807,0.18815841910270606
CHEMBL237_EC50,1,molformer,xgboost,crem_mean,0.013248441117126787,0.09639468998144023,0.10964224180970394
CHEMBL237_EC50,1,morgan,mlp,crem_lime,0.09305200442645208,0.19815314315444155,0.2764703138731438
CHEMBL237_EC50,1,morgan,mlp,crem_mean,0.009636776388441987,0.0830578453517682,0.08505570344175531
CHEMBL237_EC50,1,morgan,xgboost,crem_lime,0.15022698052131167,0.13024119715404806,0.27834315941152526
CHEMBL237_EC50,1,morgan,xgboost,crem_mean,0.03135905479973412,0.24262809070349953,0.2531793923370312
CHEMBL237_EC50,1,unimol,mlp,crem_lime,0.036799464362393355,0.12816835354764483,0.10543003890947687
CHEMBL237_EC50,1,unimol,mlp,crem_mean,0.054053914138163434,0.020166560021857162,0.05622313706878432
CHEMBL237_EC50,1,unimol,xgboost,crem_lime,0.21871662235888162,0.10415068474474169,0.29346673696079323
CHEMBL237_EC50,1,unimol,xgboost,crem_mean,0.05752915319614402,0.0679079827851488,0.12540279340793103
CHEMBL237_EC50,3,molformer,mlp,crem_lime,0.05217856272951892,0.10610167130367029,0.142904316030909
CHEMBL237_EC50,3,molformer,mlp,crem_mean,0.012261281040008953,0.0783989224358308,0.08197607086951764
CHEMBL237_EC50,3,molformer,xgboost,crem_lime,0.06345489533947589,0.09333603233650742,0.07535720516710272
CHEMBL237_EC50,3,molformer,xgboost,crem_mean,0.11862252322903469,0.037260587979475984,0.10341523109911804
CHEMBL237_EC50,3,morgan,mlp,crem_lime,0.022117065303868984,0.010211024386634718,0.02292158933064921
CHEMBL237_EC50,3,morgan,mlp,crem_mean,0.06474296770508417,0.039808094019099266,0.07177507478808019
CHEMBL237_EC50,3,morgan,xgboost,crem_lime,0.009482584341205342,0.526257787307813,0.5168138513213173
CHEMBL237_EC50,3,morgan,xgboost,crem_mean,0.15147429330990783,0.18261300603440755,0.1936332582787015
CHEMBL237_EC50,3,unimol,mlp,crem_lime,0.3491442725503359,0.03432893785844772,0.3480012507350522
CHEMBL237_EC50,3,unimol,mlp,crem_mean,0.2533539874432841,0.13336280242788998,0.38262625606211914
CHEMBL237_EC50,3,unimol,xgboost,crem_lime,0.45209226643240036,0.24896015575562222,0.6599140230381498
CHEMBL237_EC50,3,unimol,xgboost,crem_mean,0.28812956705746323,0.12474170160749587,0.33884585140748286
CHEMBL237_EC50,6,molformer,mlp,crem_lime,0.01817436196957057,0.16814097021499383,0.16956710826240987
CHEMBL237_EC50,6,molformer,mlp,crem_mean,0.026952831444311633,0.1986608852645066,0.17208624972071787
CHEMBL237_EC50,6,molformer,xgboost,crem_lime,0.0020761091548678174,0.08916797009763472,0.08922620018198085
CHEMBL237_EC50,6,molformer,xgboost,crem_mean,0.026319980918160943,0.018154761904761896,0.039587957011063345
CHEMBL237_EC50,6,morgan,mlp,crem_lime,0.06643083655441362,0.07935492046061927,0.12226155349381883
CHEMBL237_EC50,6,morgan,mlp,crem_mean,0.02501296191658802,0.049285400322000135,0.04462492459184411
CHEMBL237_EC50,6,morgan,xgboost,crem_lime,0.10107311791616849,0.013839850518220452,0.09084040254309095
CHEMBL237_EC50,6,morgan,xgboost,crem_mean,0.0,0.35294943260620326,0.35294943260620326
CHEMBL237_EC50,6,unimol,mlp,crem_lime,0.02855380073165953,0.048800780021985984,0.028033464772995002
CHEMBL237_EC50,6,unimol,mlp,crem_mean,0.2166840107308907,0.2973571715452384,0.17315141001793724
CHEMBL237_EC50,6,unimol,xgboost,crem_lime,0.017760303174725062,0.17494447663872995,0.19247342642393614
CHEMBL237_EC50,6,unimol,xgboost,crem_mean,0.2385813647712161,0.20149187032110882,0.38454066221207706
CHEMBL237_EC50,7,molformer,mlp,crem_lime,0.22559200226823273,0.26636472665689753,0.4118879895776819
CHEMBL237_EC50,7,molformer,mlp,crem_mean,0.03639495399882794,0.19521498668320109,0.21491033087834213
CHEMBL237_EC50,7,molformer,xgboost,crem_lime,0.057608180689086054,0.07012959886699659,0.03060428364869477
CHEMBL237_EC50,7,molformer,xgboost,crem_mean,0.033682943652931355,0.18937246566600707,0.19731466634330544
CHEMBL237_EC50,7,morgan,mlp,crem_lime,0.021059763389419426,0.3750716108818239,0.3682884039221119
CHEMBL237_EC50,7,morgan,mlp,crem_mean,0.186706193175044,0.020337734678805484,0.16641135003564309
CHEMBL237_EC50,7,morgan,xgboost,crem_lime,0.36927159369295254,0.13292596283624125,0.48242437726081855
CHEMBL237_EC50,7,morgan,xgboost,crem_mean,0.07505553499465127,0.1620668293167555,0.22330372785069527
CHEMBL237_EC50,7,unimol,mlp,crem_lime,0.08253527654561449,0.33517294974296796,0.3381721934140345
CHEMBL237_EC50,7,unimol,mlp,crem_mean,0.1783744872254822,0.26278352532887345,0.09767836550881011
CHEMBL237_EC50,7,unimol,xgboost,crem_lime,0.012746537564178772,0.23895731727904074,0.251694137439897
CHEMBL237_EC50,7,unimol,xgboost,crem_mean,0.07528376025294647,0.0841900451070409,0.010092345966750321
CHEMBL237_EC50,8,molformer,mlp,crem_lime,0.24104310999658754,0.5231116653280369,0.6614489241526967
CHEMBL237_EC50,8,molformer,mlp,crem_mean,0.008674132650084543,0.10938221734866573,0.10723214796047442
CHEMBL237_EC50,8,molformer,xgboost,crem_lime,0.02475471205796811,0.09563674664908994,0.08572360746718129
CHEMBL237_EC50,8,molformer,xgboost,crem_mean,0.0015723127138898565,0.008710031211022418,0.008675322317000862
CHEMBL237_EC50,8,morgan,mlp,crem_lime,0.0649243423027313,0.2825080671745485,0.3110652365829413
CHEMBL237_EC50,8,morgan,mlp,crem_mean,0.005079928266867686,0.04070005846159021,0.043373504248870674
CHEMBL237_EC50,8,morgan,xgboost,crem_lime,0.0028162734032753244,0.10058321640485428,0.09943823657303906
CHEMBL237_EC50,8,morgan,xgboost,crem_mean,0.0041635836720405935,0.015291910025143251,0.011316549505343311
CHEMBL237_EC50,8,unimol,mlp,crem_lime,0.3674878068712653,0.21596338682006505,0.3293254022339765
CHEMBL237_EC50,8,unimol,mlp,crem_mean,0.06740904592184657,0.07069902617401976,0.07595858125810288
CHEMBL237_EC50,8,unimol,xgboost,crem_lime,0.093573406698223,0.2284723542418437,0.2861608081404876
CHEMBL237_EC50,8,unimol,xgboost,crem_mean,0.04001399109663093,0.046967175149697026,0.054974192159839196
CHEMBL237_EC50,11,molformer,mlp,crem_lime,0.24579425805444785,0.126250724107522,0.3180763925041981
CHEMBL237_EC50,11,molformer,mlp,crem_mean,0.07070949354706367,0.2109288874064896,0.14439991076249045
CHEMBL237_EC50,11,molformer,xgboost,crem_lime,0.15805288154751762,0.18331439686995746,0.2796041428391075
CHEMBL237_EC50,11,molformer,xgboost,crem_mean,0.018137427161262144,0.07531017148439036,0.08849053517569418
CHEMBL237_EC50,11,morgan,mlp,crem_lime,0.08422929217699401,0.25416036253212826,0.18347372405115484
CHEMBL237_EC50,11,morgan,mlp,crem_mean,0.024062174227344375,0.1457068210972088,0.16703286573326542
CHEMBL237_EC50,11,morgan,xgboost,crem_lime,0.028624073544369952,0.1799051703500497,0.17313792388311372
CHEMBL237_EC50,11,morgan,xgboost,crem_mean,0.06499625119152476,0.09802776005187828,0.05879669157564805
CHEMBL237_EC50,11,unimol,mlp,crem_lime,0.27552622029127916,0.16559676035718215,0.4260611276227459
CHEMBL237_EC50,11,unimol,mlp,crem_mean,0.28985882588757705,0.04158735564778716,0.32044788963152954
CHEMBL237_EC50,11,unimol,xgboost,crem_lime,0.13305035079481575,0.225633716967823,0.3582886141196896
CHEMBL237_EC50,11,unimol,xgboost,crem_mean,0.12332725969465265,0.07364138648453822,0.18878661727328663
CHEMBL237_EC50,19,molformer,mlp,crem_lime,0.013402882229148445,0.3206907308107239,0.33091389575869257
CHEMBL237_EC50,19,molformer,mlp,crem_mean,0.005264107915528708,0.023630231146163312,0.02192389612934839
CHEMBL237_EC50,19,molformer,xgboost,crem_lime,0.13027199806572753,0.007290707747721644,0.12706730676088118
CHEMBL237_EC50,19,molformer,xgboost,crem_mean,0.003611392479740599,0.0343476758859227,0.03101070532096541
CHEMBL237_EC50,19,morgan,mlp,crem_lime,0.004099429073979473,0.25058529890786124,0.24898187810188394
CHEMBL237_EC50,19,morgan,mlp,crem_mean,0.020645424343505553,0.11455729860396643,0.12925995676609653
CHEMBL237_EC50,19,morgan,xgboost,crem_lime,0.07194858256057232,0.05415251892829206,0.09518944953080007
CHEMBL237_EC50,19,morgan,xgboost,crem_mean,0.00606087633790484,0.06286926061984038,0.0683776793442486
CHEMBL237_EC50,19,unimol,mlp,crem_lime,0.30892626910211807,0.2818882432205029,0.1874230761655682
CHEMBL237_EC50,19,unimol,mlp,crem_mean,0.07327453009145976,0.013179734729056744,0.06211084276488186
CHEMBL237_EC50,19,unimol,xgboost,crem_lime,0.01850724196544645,0.04984514884479172,0.033599886693115366
CHEMBL237_EC50,19,unimol,xgboost,crem_mean,0.003746063459092781,0.00033228440507881827,0.00368986379129343
CHEMBL237_EC50,21,molformer,mlp,crem_lime,0.15148174084406252,0.15463917033079655,0.06473728942599205
CHEMBL237_EC50,21,molformer,mlp,crem_mean,0.08098680926984894,0.17418180592889018,0.16677277495694773
CHEMBL237_EC50,21,molformer,xgboost,crem_lime,0.026241385787413234,0.0751929523337967,0.0724445471072301
CHEMBL237_EC50,21,molformer,xgboost,crem_mean,0.03984949272630631,0.11569316962867672,0.15368860532465564
CHEMBL237_EC50,21,morgan,mlp,crem_lime,0.1187274900695797,0.24148814221933446,0.1528064984563915
CHEMBL237_EC50,21,morgan,mlp,crem_mean,0.007387175288877488,0.04768478915216274,0.04426280451916705
CHEMBL237_EC50,21,morgan,xgboost,crem_lime,0.01880350719541879,0.15728817102690634,0.17541020843466462
CHEMBL237_EC50,21,morgan,xgboost,crem_mean,0.18122953604720676,0.20808926675783831,0.24126556708444855
CHEMBL237_EC50,21,unimol,mlp,crem_lime,0.4213866609761895,0.14260797613348564,0.3033019465085962
CHEMBL237_EC50,21,unimol,mlp,crem_mean,0.3037061310831867,0.025017266571323908,0.27964995793367353
CHEMBL237_EC50,21,unimol,xgboost,crem_lime,0.33757039703393416,0.12035010373638401,0.23948841487325853
CHEMBL237_EC50,21,unimol,xgboost,crem_mean,0.24816825397165374,0.11032434912240761,0.21245635757818473
CHEMBL237_EC50,23,molformer,mlp,crem_lime,0.034086563538325246,0.09013866641126013,0.09743028672657345
CHEMBL237_EC50,23,molformer,mlp,crem_mean,0.012542541019745605,0.16494438596872169,0.17045059535442472
CHEMBL237_EC50,23,molformer,xgboost,crem_lime,0.038186519405221775,0.2803842032528049,0.24260166124008808
CHEMBL237_EC50,23,molformer,xgboost,crem_mean,0.013077675254071237,0.1335976432000897,0.12313734567560589
CHEMBL237_EC50,23,morgan,mlp,crem_lime,0.09211474394333795,0.28614442184538647,0.30148860755812396
CHEMBL237_EC50,23,morgan,mlp,crem_mean,0.03454508092015533,0.13568554684191167,0.15947898905227517
CHEMBL237_EC50,23,morgan,xgboost,crem_lime,0.18341228685436348,0.11967901996417822,0.2636088885474718
CHEMBL237_EC50,23,morgan,xgboost,crem_mean,0.03621949565642032,0.2821578107021977,0.2922888155826569
CHEMBL237_EC50,23,unimol,mlp,crem_lime,0.02167865514895786,0.3704325967093508,0.37367125654726147
CHEMBL237_EC50,23,unimol,mlp,crem_mean,0.022861713457477444,0.09360522553159617,0.11552639699401836
CHEMBL237_EC50,23,unimol,xgboost,crem_lime,0.04453527421991993,0.03008728268252907,0.04083381957496741
CHEMBL237_EC50,23,unimol,xgboost,crem_mean,0.06218356785668056,0.2699372918409478,0.23672693089318714
CHEMBL237_EC50,32,molformer,mlp,crem_lime,0.02463021276455767,0.3156505441511669,0.29283944710914894
CHEMBL237_EC50,32,molformer,mlp,crem_mean,0.007752670556676164,0.08503371292966216,0.08787812851930778
CHEMBL237_EC50,32,molformer,xgboost,crem_lime,0.07587444236954688,0.17357787723819754,0.2259729901900279
CHEMBL237_EC50,32,molformer,xgboost,crem_mean,0.047239924362158896,0.016413190521026372,0.05467049106389406
CHEMBL237_EC50,32,morgan,mlp,crem_lime,0.028467232919637986,0.09016625684243865,0.11039743834843065
CHEMBL237_EC50,32,morgan,mlp,crem_mean,0.035851766963212364,0.05555866355386947,0.08697550011541388
CHEMBL237_EC50,32,morgan,xgboost,crem_lime,0.0071256307113493015,0.18420470950360304,0.18210529410602583
CHEMBL237_EC50,32,morgan,xgboost,crem_mean,0.053547221183671855,0.03521209442477083,0.054057442150132244
CHEMBL237_EC50,32,unimol,mlp,crem_lime,0.04127882405918211,0.13317526348117142,0.0938144551383244
CHEMBL237_EC50,32,unimol,mlp,crem_mean,0.10219550315835081,0.026667277516257862,0.07554376048074972
CHEMBL237_EC50,32,unimol,xgboost,crem_lime,0.059106386604447024,0.19231182576311726,0.1967106741391921
CHEMBL237_EC50,32,unimol,xgboost,crem_mean,0.030373297320330686,0.07059341858523566,0.0771110078181859
CHEMBL237_EC50,42,molformer,mlp,crem_lime,0.018748674081627795,0.29123526381238307,0.2752714838876303
CHEMBL237_EC50,42,molformer,mlp,crem_mean,0.011071340208054621,0.05271586573053372,0.05568232162473464
CHEMBL237_EC50,42,molformer,xgboost,crem_lime,0.08073862488711929,0.06661623837195749,0.08259549762969803
CHEMBL237_EC50,42,molformer,xgboost,crem_mean,0.10819748541308616,0.012154628861694746,0.11297427472547047
CHEMBL237_EC50,42,morgan,mlp,crem_lime,0.1842457564260869,0.16428694382582704,0.04487616184559095
CHEMBL237_EC50,42,morgan,mlp,crem_mean,0.0970375043698142,0.08956233422275243,0.16324344285834974
CHEMBL237_EC50,42,morgan,xgboost,crem_lime,0.0007559380467102502,0.1536068763507945,0.15419377060034728
CHEMBL237_EC50,42,morgan,xgboost,crem_mean,0.0019266117673017228,0.04834299643615335,0.04738537546156773
CHEMBL237_EC50,42,unimol,mlp,crem_lime,0.09548410438353365,0.19417117419649724,0.21112953009066057
CHEMBL237_EC50,42,unimol,mlp,crem_mean,0.04355904223946612,0.1081241175700246,0.1494123822788364
CHEMBL237_EC50,42,unimol,xgboost,crem_lime,0.03502892782250203,0.11795139045478344,0.15118155967265667
CHEMBL237_EC50,42,unimol,xgboost,crem_mean,0.0445501293332913,0.1838990441969526,0.13935451388927342
CHEMBL237_EC50,44,molformer,mlp,crem_lime,0.05892320276108699,0.38196031215656767,0.3501372782770496
CHEMBL237_EC50,44,molformer,mlp,crem_mean,0.0957812836532771,0.22362850945287524,0.31271021905757823
CHEMBL237_EC50,44,molformer,xgboost,crem_lime,0.011798648323577979,0.503563648695061,0.4918012320876576
CHEMBL237_EC50,44,molformer,xgboost,crem_mean,0.0314106359437612,0.10286142700194555,0.07414068696523429
CHEMBL237_EC50,44,morgan,mlp,crem_lime,0.018506869857212165,0.269658566102803,0.27388819669941317
CHEMBL237_EC50,44,morgan,mlp,crem_mean,0.10790735701181577,0.33474380566754386,0.3536160372930895
CHEMBL237_EC50,44,morgan,xgboost,crem_lime,0.2103013893957546,0.36408521508023023,0.3346289203784938
CHEMBL237_EC50,44,morgan,xgboost,crem_mean,0.14868794134273616,0.3151519717226819,0.20048043503336446
CHEMBL237_EC50,44,unimol,mlp,crem_lime,0.2905516389849277,0.23510532551787677,0.1123361700105796
CHEMBL237_EC50,44,unimol,mlp,crem_mean,0.08973275133758003,0.25935908411179803,0.18564530176312616
CHEMBL237_EC50,44,unimol,xgboost,crem_lime,0.2974270223237666,0.12030926405521561,0.3062821326494617
CHEMBL237_EC50,44,unimol,xgboost,crem_mean,0.0920587498002758,0.3418124884866192,0.41946595787486335
CHEMBL237_EC50,48,molformer,mlp,crem_lime,0.050308133575220265,0.508455715311453,0.45820566963789483
CHEMBL237_EC50,48,molformer,mlp,crem_mean,0.022910724967842338,0.22733492806561162,0.20523250648820301
CHEMBL237_EC50,48,molformer,xgboost,crem_lime,0.022910724967842338,0.48598946687305816,0.4792465264204989
CHEMBL237_EC50,48,molformer,xgboost,crem_mean,0.00744598561454871,0.04467591368729259,0.048826592920240525
CHEMBL237_EC50,48,morgan,mlp,crem_lime,0.2265485386432215,0.4191194585409992,0.1926042133349101
CHEMBL237_EC50,48,morgan,mlp,crem_mean,0.04321923281517813,0.17695461273568663,0.15279035860738985
CHEMBL237_EC50,48,morgan,xgboost,crem_lime,0.20257870998497535,0.15542788983498018,0.3166572913152589
CHEMBL237_EC50,48,morgan,xgboost,crem_mean,0.0,0.37028612805724176,0.37028612805724176
CHEMBL237_EC50,48,unimol,mlp,crem_lime,0.23251927149072188,0.35746508940876437,0.5869216281056259
CHEMBL237_EC50,48,unimol,mlp,crem_mean,0.17149310141945232,0.08339968416089227,0.11844044541330552
CHEMBL237_EC50,48,unimol,xgboost,crem_lime,0.47807629965682147,0.2251821102321366,0.25582591565837143
CHEMBL237_EC50,48,unimol,xgboost,crem_mean,0.11086271818849074,0.07509626517237196,0.16547168549805633
CHEMBL237_EC50,52,molformer,mlp,crem_lime,0.09319488901665,0.03226323090758365,0.10497662559049248
CHEMBL237_EC50,52,molformer,mlp,crem_mean,0.07531265536148872,0.06094783749954026,0.04822515480036206
CHEMBL237_EC50,52,molformer,xgboost,crem_lime,0.0965791225673867,0.36032143681656736,0.3843755769212636
CHEMBL237_EC50,52,molformer,xgboost,crem_mean,0.12860186077566274,0.10314990223644918,0.2300049165180724
CHEMBL237_EC50,52,morgan,mlp,crem_lime,0.02485471318295791,0.23911076438205303,0.26302149240208217
CHEMBL237_EC50,52,morgan,mlp,crem_mean,0.049496472394546506,0.0352334012639377,0.07454727298886041
CHEMBL237_EC50,52,morgan,xgboost,crem_lime,0.12758660898656393,0.24031685206002654,0.24076516448713847
CHEMBL237_EC50,52,morgan,xgboost,crem_mean,0.10191925956219779,0.29160701479973095,0.34458018367703647
CHEMBL237_EC50,52,unimol,mlp,crem_lime,0.07295455269824569,0.019495097614794604,0.05612399509172817
CHEMBL237_EC50,52,unimol,mlp,crem_mean,0.17145090738023597,0.1865659118147753,0.35458448489573774
CHEMBL237_EC50,52,unimol,xgboost,crem_lime,0.21673408916213338,0.15615691150354757,0.060581463415037076
CHEMBL237_EC50,52,unimol,xgboost,crem_mean,0.17690606389259758,0.13193065237967522,0.08672640868704928
CHEMBL237_EC50,53,molformer,mlp,crem_lime,0.03406754083919869,0.25180087183768335,0.23558986896726786
CHEMBL237_EC50,53,molformer,mlp,crem_mean,0.08195872739311497,0.12661510015624117,0.12012371279813443
CHEMBL237_EC50,53,molformer,xgboost,crem_lime,0.05825988116694961,0.10555758638794344,0.10585408373185547
CHEMBL237_EC50,53,molformer,xgboost,crem_mean,0.06170554325828821,0.0643204793888987,0.09908913292314864
CHEMBL237_EC50,53,morgan,mlp,crem_lime,0.042157817917809315,0.22877886765544686,0.27087216603648906
CHEMBL237_EC50,53,morgan,mlp,crem_mean,0.10891039071544426,0.11122847562502042,0.22013245934935904
CHEMBL237_EC50,53,morgan,xgboost,crem_lime,0.0025204369823786823,0.05936538173375962,0.06067284870800307
CHEMBL237_EC50,53,morgan,xgboost,crem_mean,0.0026892709756215624,0.11918966139594192,0.12140196509180079
CHEMBL237_EC50,53,unimol,mlp,crem_lime,0.02174883894186312,0.04284400804190165,0.06431679360377804
CHEMBL237_EC50,53,unimol,mlp,crem_mean,0.0747124977427732,0.03889015619140562,0.06590271220543566
CHEMBL237_EC50,53,unimol,xgboost,crem_lime,0.062201423935310224,0.22791134059808382,0.2116383372190801
CHEMBL237_EC50,53,unimol,xgboost,crem_mean,0.09119762750865147,0.12199142682980572,0.18530667389821892
CHEMBL237_EC50,54,molformer,mlp,crem_lime,0.024877391224245787,0.08330818140542291,0.07722172740254578
CHEMBL237_EC50,54,molformer,mlp,crem_mean,0.10565315329002388,0.10126420771881268,0.1766982107093895
CHEMBL237_EC50,54,molformer,xgboost,crem_lime,0.2155912287412106,0.3135447445867587,0.1955637680631241
CHEMBL237_EC50,54,molformer,xgboost,crem_mean,0.0793802925747455,0.04334074125524361,0.04479554167291276
CHEMBL237_EC50,54,morgan,mlp,crem_lime,0.3007129423748846,0.18947446798021925,0.38194956204435454
CHEMBL237_EC50,54,morgan,mlp,crem_mean,0.0923489845704252,0.2605846424778871,0.3404276062797868
CHEMBL237_EC50,54,morgan,xgboost,crem_lime,0.01061728250443156,0.15565179652354214,0.16626799161998848
CHEMBL237_EC50,54,morgan,xgboost,crem_mean,0.04185169492076575,0.23798869374550685,0.2620870713341154
CHEMBL237_EC50,54,unimol,mlp,crem_lime,0.2744962292473667,0.1890129034072156,0.3681752292925078
CHEMBL237_EC50,54,unimol,mlp,crem_mean,0.05794387399969449,0.10742113748177981,0.08421608961874356
CHEMBL237_EC50,54,unimol,xgboost,crem_lime,0.4238599880610189,0.10813264994405213,0.338282441872898
CHEMBL237_EC50,54,unimol,xgboost,crem_mean,0.20458068039057742,0.15976230216020096,0.11202198426747619
CHEMBL237_EC50,57,molformer,mlp,crem_lime,0.01477070974116505,0.08449988726299411,0.07219460631514997
CHEMBL237_EC50,57,molformer,mlp,crem_mean,0.02060268487430141,0.0668296169532875,0.08719878602607146
CHEMBL237_EC50,57,molformer,xgboost,crem_lime,0.04418439575486099,0.09550411018854085,0.05349802494066502
CHEMBL237_EC50,57,molformer,xgboost,crem_mean,0.05609497266656756,0.20620867708164592,0.1734496910638592
CHEMBL237_EC50,57,morgan,mlp,crem_lime,0.14199581950958656,0.029896192471707363,0.12459729119416522
CHEMBL237_EC50,57,morgan,mlp,crem_mean,0.061858533903396254,0.26530633932235465,0.29717245647312773
CHEMBL237_EC50,57,morgan,xgboost,crem_lime,0.028042549154071585,0.3013394692586879,0.328253816421807
CHEMBL237_EC50,57,morgan,xgboost,crem_mean,0.06447080566630745,0.39818576549778306,0.3705228608936143
CHEMBL237_EC50,57,unimol,mlp,crem_lime,0.18127118606151382,0.04138287242653052,0.2044383586161696
CHEMBL237_EC50,57,unimol,mlp,crem_mean,0.17389214187280738,0.22390984086932936,0.3975576132261477
CHEMBL237_EC50,57,unimol,xgboost,crem_lime,0.03161383338317957,0.046297508429574544,0.05580035990598003
CHEMBL237_EC50,57,unimol,xgboost,crem_mean,0.2003935998350087,0.14550142022904444,0.10796424613354208
CHEMBL237_EC50,65,molformer,mlp,crem_lime,0.013723291073885804,0.11840497802172303,0.1066829774424352
CHEMBL237_EC50,65,molformer,mlp,crem_mean,0.0019337691061985774,0.3410062751299726,0.3402695979757229
CHEMBL237_EC50,65,molformer,xgboost,crem_lime,0.005027950568821101,0.1897258495376977,0.18909071124431917
CHEMBL237_EC50,65,molformer,xgboost,crem_mean,0.005200342110527371,0.0432998446567833,0.03809996644217829
CHEMBL237_EC50,65,morgan,mlp,crem_lime,0.025192238986374262,0.14825803231858245,0.12546188859237856
CHEMBL237_EC50,65,morgan,mlp,crem_mean,0.006231641966217915,0.0429630930526764,0.03673518852071061
CHEMBL237_EC50,65,morgan,xgboost,crem_lime,0.013784217135805714,0.06452223286450126,0.07471804606458761
CHEMBL237_EC50,65,morgan,xgboost,crem_mean,0.007811602734856188,0.07307701215494994,0.07383741457403215
CHEMBL237_EC50,65,unimol,mlp,crem_lime,0.01048984815134849,0.04248523599388838,0.03326518743167359
CHEMBL237_EC50,65,unimol,mlp,crem_mean,0.029774802695545832,0.02619824024259736,0.05121204507129049
CHEMBL237_EC50,65,unimol,xgboost,crem_lime,0.05591385758450755,0.028246296263134917,0.03224981657189465
CHEMBL237_EC50,65,unimol,xgboost,crem_mean,0.05714239995591056,0.01643604324642451,0.046474522423162704
CHEMBL237_Ki,10,molformer,mlp,crem_lime,0.1405675163906955,0.28783579413216837,0.31558220194325043
CHEMBL237_Ki,10,molformer,mlp,crem_mean,0.02638888888888885,0.09514649199141083,0.11502649989898996
CHEMBL237_Ki,10,molformer,xgboost,crem_lime,0.06142154245364799,0.2547445249194966,0.2468764864586559
CHEMBL237_Ki,10,molformer,xgboost,crem_mean,0.026388888888888847,0.07617816051807559,0.08061938722607491
CHEMBL237_Ki,10,morgan,mlp,crem_lime,0.054582086697189856,0.2115105110306903,0.2639292543722939
CHEMBL237_Ki,10,morgan,mlp,crem_mean,0.0,0.030471264207230207,0.0304712642072302
CHEMBL237_Ki,10,morgan,xgboost,crem_lime,0.03737624441892658,0.20984216108581658,0.2246607257731743
CHEMBL237_Ki,10,morgan,xgboost,crem_mean,0.0,0.06252057274578429,0.06252057274578428
CHEMBL237_Ki,10,unimol,mlp,crem_lime,0.18171741833692032,0.02817981142449787,0.19141076241960941
CHEMBL237_Ki,10,unimol,mlp,crem_mean,0.03047126420723027,0.015235632103615124,0.040309693613037496
CHEMBL237_Ki,10,unimol,xgboost,crem_lime,0.11245461257029264,0.2971672660074337,0.3939845853749189
CHEMBL237_Ki,10,unimol,xgboost,crem_mean,0.015235632103615124,0.08061938722607499,0.08482840947169733
CHEMBL237_Ki,12,molformer,mlp,crem_lime,0.029524158011879218,0.2935516804516183,0.32068222625039583
CHEMBL237_Ki,12,molformer,mlp,crem_mean,0.022954179062488783,0.4005331482810016,0.40603177850424677
CHEMBL237_Ki,12,molformer,xgboost,crem_lime,0.2938765265772064,0.2620551063605269,0.484794853058002
CHEMBL237_Ki,12,molformer,xgboost,crem_mean,0.11932943322257056,0.04852822377649452,0.08155122036920645
CHEMBL237_Ki,12,morgan,mlp,crem_lime,0.0022573230114718225,0.11539953207867189,0.11380980283561297
CHEMBL237_Ki,12,morgan,mlp,crem_mean,0.01552692642118455,0.09921567416492214,0.11204309048490035
CHEMBL237_Ki,12,morgan,xgboost,crem_lime,0.016427864712758995,0.37945107400444794,0.3660498514551026
CHEMBL237_Ki,12,morgan,xgboost,crem_mean,0.007539871522458966,0.41036731513771085,0.40883191246068123
CHEMBL237_Ki,12,unimol,mlp,crem_lime,0.03255158312743117,0.0033403837003113963,0.03580318737058298
CHEMBL237_Ki,12,unimol,mlp,crem_mean,0.060637935186428224,0.03785148046139266,0.023106127517374557
CHEMBL237_Ki,12,unimol,xgboost,crem_lime,0.017195404809983866,0.035153764784442695,0.01904121663615929
CHEMBL237_Ki,12,unimol,xgboost,crem_mean,0.04152644910525029,0.07282001971095117,0.10388403800675525
CHEMBL237_Ki,27,molformer,mlp,crem_lime,0.03964903001919872,0.008188576616127591,0.04472832716202201
CHEMBL237_Ki,27,molformer,mlp,crem_mean,0.0060722232095513935,0.023486613915321825,0.027850710565034915
CHEMBL237_Ki,27,molformer,xgboost,crem_lime,0.07048678753016896,0.014319822606547182,0.06039003721312267
CHEMBL237_Ki,27,molformer,xgboost,crem_mean,0.016009920231841928,0.12196179969737331,0.13183999701897645
CHEMBL237_Ki,27,morgan,mlp,crem_lime,0.15898139558413968,0.06005131609927413,0.19769474899180403
CHEMBL237_Ki,27,morgan,mlp,crem_mean,0.09777076363953427,0.11832941213949189,0.03674068541867646
CHEMBL237_Ki,27,morgan,xgboost,crem_lime,0.032493130468554336,0.20451034017873965,0.22715633339050706
CHEMBL237_Ki,27,morgan,xgboost,crem_mean,0.03787631076979477,0.17148731896479863,0.14249723869841877
CHEMBL237_Ki,27,unimol,mlp,crem_lime,0.002680675427497281,0.24398232791862312,0.2424634610305047
CHEMBL237_Ki,27,unimol,mlp,crem_mean,0.010516788248604348,0.07968040947861546,0.06919318334731898
CHEMBL237_Ki,27,unimol,xgboost,crem_lime,0.21637271066448593,0.21837937829312015,0.4347393907297249
CHEMBL237_Ki,27,unimol,xgboost,crem_mean,0.1416993459614124,0.090898629041621,0.2317718112865171
CHEMBL237_Ki,33,molformer,mlp,crem_lime,0.0343781597812333,0.3057804341211259,0.30524978008474163
CHEMBL237_Ki,33,molformer,mlp,crem_mean,0.036265589843268546,0.19722971680523402,0.23317861284798977
CHEMBL237_Ki,33,molformer,xgboost,crem_lime,0.04061143683842432,0.08353792671636318,0.05600776407119255
CHEMBL237_Ki,33,molformer,xgboost,crem_mean,0.09278321502008123,0.1237117143834835,0.20121120262104134
CHEMBL237_Ki,33,morgan,mlp,crem_lime,0.05549624817938937,0.19227017865011917,0.17514567172715415
CHEMBL237_Ki,33,morgan,mlp,crem_mean,0.09497904004669955,0.09409406079485512,0.1451329778706814
CHEMBL237_Ki,33,morgan,xgboost,crem_lime,0.05964311254467156,0.13081113276611755,0.08562175336990226
CHEMBL237_Ki,33,morgan,xgboost,crem_mean,0.050120788724755304,0.47299076123796485,0.5230848618306907
CHEMBL237_Ki,33,unimol,mlp,crem_lime,0.051108967685182485,0.0610559089784953,0.10432601004867584
CHEMBL237_Ki,33,unimol,mlp,crem_mean,0.06054175554799052,0.17171445386247658,0.18495961436394442
CHEMBL237_Ki,33,unimol,xgboost,crem_lime,0.05413024317123686,0.2433121236688797,0.19246922134856898
CHEMBL237_Ki,33,unimol,xgboost,crem_mean,0.03471964464398682,0.2670682410065842,0.23886315329936747
CHEMBL237_Ki,38,molformer,mlp,crem_lime,0.01042153457004454,0.3052203338895449,0.3058360075394238
CHEMBL237_Ki,38,molformer,mlp,crem_mean,0.04685939450258889,0.10591546067960132,0.14560355019477958
CHEMBL237_Ki,38,molformer,xgboost,crem_lime,0.08128144574220464,0.3083816220738713,0.289375293666257
CHEMBL237_Ki,38,molformer,xgboost,crem_mean,0.0151016066309399,0.06342592797891593,0.05730369423884049
CHEMBL237_Ki,38,morgan,mlp,crem_lime,0.026184564114455793,0.3620837838249241,0.38245886823409037
CHEMBL237_Ki,38,morgan,mlp,crem_mean,0.011650831149559195,0.2598348567803854,0.27148351129149484
CHEMBL237_Ki,38,morgan,xgboost,crem_lime,0.015512850145321323,0.27898534123091,0.29249670234986624
CHEMBL237_Ki,38,morgan,xgboost,crem_mean,0.0061952778341173645,0.11661435694312113,0.12189086513793428
CHEMBL237_Ki,38,unimol,mlp,crem_lime,0.045392674793533115,0.02041077200246989,0.026284198507009467
CHEMBL237_Ki,38,unimol,mlp,crem_mean,0.052805824811910713,0.09184431995674236,0.04740716362301933
CHEMBL237_Ki,38,unimol,xgboost,crem_lime,0.11689145136831461,0.026787968955079778,0.14301941425545805
CHEMBL237_Ki,38,unimol,xgboost,crem_mean,0.0964886192421528,0.06747166455664273,0.15094108440219167
CHEMBL237_Ki,41,molformer,mlp,crem_lime,0.037203959642293526,0.05017570599981119,0.0864681734303963
CHEMBL237_Ki,41,molformer,mlp,crem_mean,0.05435194831420536,0.18888622098852612,0.24138375354109753
CHEMBL237_Ki,41,molformer,xgboost,crem_lime,0.022889615537174463,0.01819033823510377,0.04049629839525375
CHEMBL237_Ki,41,molformer,xgboost,crem_mean,0.019463901165876922,0.05165248512537711,0.041410183340702296
CHEMBL237_Ki,41,morgan,mlp,crem_lime,0.20102462380421088,0.08825377797777194,0.27432183847250013
CHEMBL237_Ki,41,morgan,mlp,crem_mean,0.055152870036934545,0.19665964749741893,0.24723232150556917
CHEMBL237_Ki,41,morgan,xgboost,crem_lime,0.04758310504248802,0.006122500387508122,0.053016405216464293
CHEMBL237_Ki,41,morgan,xgboost,crem_mean,0.02948107394125503,0.007946561939633787,0.022070465250952152
CHEMBL237_Ki,41,unimol,mlp,crem_lime,0.008094516937333828,0.21239230239763396,0.21390704339603636
CHEMBL237_Ki,41,unimol,mlp,crem_mean,0.03685999942241717,0.08302857676005757,0.10351645787060604
CHEMBL237_Ki,41,unimol,xgboost,crem_lime,0.00835491292984393,0.11464519418082487,0.10649451924090773
CHEMBL237_Ki,41,unimol,xgboost,crem_mean,0.008526774025509245,0.26365612105852554,0.2626632500646849
CHEMBL237_Ki,43,molformer,mlp,crem_lime,0.005684586634340224,0.10252281506277175,0.10696112888761761
CHEMBL237_Ki,43,molformer,mlp,crem_mean,0.014233690194439102,0.022050688229173897,0.03576347927979234
CHEMBL237_Ki,43,molformer,xgboost,crem_lime,0.1233950007528543,0.1086918639119641,0.06256279156525973
CHEMBL237_Ki,43,molformer,xgboost,crem_mean,0.053888293468038105,0.03993755317745907,0.05295882746681126
CHEMBL237_Ki,43,morgan,mlp,crem_lime,0.36978705994552047,0.06529162443545848,0.41368616881704373
CHEMBL237_Ki,43,morgan,mlp,crem_mean,0.007005707016909944,0.07049028925456557,0.07282484164074543
CHEMBL237_Ki,43,morgan,xgboost,crem_lime,0.2837709242903661,0.09340732550830762,0.3305570467462016
CHEMBL237_Ki,43,morgan,xgboost,crem_mean,0.036858541162198354,0.009334046635661772,0.04553842598506179
CHEMBL237_Ki,43,unimol,mlp,crem_lime,0.08438378087422939,0.022285608090667118,0.09483123745892799
CHEMBL237_Ki,43,unimol,mlp,crem_mean,0.04606591414762633,0.1673791254382049,0.213005814761977
CHEMBL237_Ki,43,unimol,xgboost,crem_lime,0.21864810516474006,0.09588491598869174,0.2855597556282437
CHEMBL237_Ki,43,unimol,xgboost,crem_mean,0.028178755988949943,0.06682429783499644,0.038681976735631916
CHEMBL237_Ki,45,molformer,mlp,crem_lime,0.3594157223432823,0.3708276208005302,0.6999253621410033
CHEMBL237_Ki,45,molformer,mlp,crem_mean,0.018740859283745904,0.07191849873047784,0.08919965260164076
CHEMBL237_Ki,45,molformer,xgboost,crem_lime,0.3465928165105014,0.01216381495574558,0.3457247874224595
CHEMBL237_Ki,45,molformer,xgboost,crem_mean,0.0034990101248880017,0.04589353462123676,0.04369602327582343
CHEMBL237_Ki,45,morgan,mlp,crem_lime,0.009069240824352353,0.13741850567899305,0.13195657862927324
CHEMBL237_Ki,45,morgan,mlp,crem_mean,0.004164897885674483,0.03238405740622367,0.029953803500815963
CHEMBL237_Ki,45,morgan,xgboost,crem_lime,0.002566363515594827,0.06191226417689053,0.05934635112454699
CHEMBL237_Ki,45,morgan,xgboost,crem_mean,0.001777744625889398,0.016127879006934753,0.0165157088961118
CHEMBL237_Ki,45,unimol,mlp,crem_lime,0.06617526580322795,0.41167949739079485,0.3455427309951533
CHEMBL237_Ki,45,unimol,mlp,crem_mean,0.18199117408156376,0.038562444961883866,0.17902078984656772
CHEMBL237_Ki,45,unimol,xgboost,crem_lime,0.002677401066002884,0.11711272651289287,0.11778905766074957
CHEMBL237_Ki,45,unimol,xgboost,crem_mean,0.02572199707307519,0.025655366594609545,0.05079528934552472
CHEMBL237_Ki,53,molformer,mlp,crem_lime,0.17135614195483376,0.2748246992521057,0.23104263904713418
CHEMBL237_Ki,53,molformer,mlp,crem_mean,0.08920523806275837,0.10838898792788769,0.15095287589973908
CHEMBL237_Ki,53,molformer,xgboost,crem_lime,0.052809037850487045,0.06524202042303369,0.07029618937878519
CHEMBL237_Ki,53,molformer,xgboost,crem_mean,0.025171670277625145,0.11632569072306699,0.13264499906687768
CHEMBL237_Ki,53,morgan,mlp,crem_lime,0.03935071913020876,0.31842986591331685,0.2975784763869344
CHEMBL237_Ki,53,morgan,mlp,crem_mean,0.05448554400822256,0.09102118542514336,0.042273998157470155
CHEMBL237_Ki,53,morgan,xgboost,crem_lime,0.02627170760481983,0.38480760952977966,0.3585657049300309
CHEMBL237_Ki,53,morgan,xgboost,crem_mean,0.00634340549022599,0.21494040516146456,0.2091272293684436
CHEMBL237_Ki,53,unimol,mlp,crem_lime,0.14511679780146888,0.3209771374664931,0.18004251819079384
CHEMBL237_Ki,53,unimol,mlp,crem_mean,0.09664537128703371,0.05368469894985846,0.12648570037294674
CHEMBL237_Ki,53,unimol,xgboost,crem_lime,0.04712185249770005,0.2975307703596333,0.3194452538859656
CHEMBL237_Ki,53,unimol,xgboost,crem_mean,0.05613781358783558,0.11578929388979056,0.1353768876444699
CHEMBL237_Ki,54,molformer,mlp,crem_lime,0.09900160225618065,0.32406541856783644,0.2525346052270033
CHEMBL237_Ki,54,molformer,mlp,crem_mean,0.08518117893756232,0.15217758681396168,0.07313381390721663
CHEMBL237_Ki,54,molformer,xgboost,crem_lime,0.10068534414165066,0.18214467750154917,0.27676644124800504
CHEMBL237_Ki,54,molformer,xgboost,crem_mean,0.04639421805988061,0.17073033054217998,0.21549297309623625
CHEMBL237_Ki,54,morgan,mlp,crem_lime,0.11854897561660754,0.017747966344508613,0.13416408237460714
CHEMBL237_Ki,54,morgan,mlp,crem_mean,0.04552780259136398,0.05010111554393004,0.01958739959210312
CHEMBL237_Ki,54,morgan,xgboost,crem_lime,0.011812494457111614,0.3296259753036173,0.324467377787252
CHEMBL237_Ki,54,morgan,xgboost,crem_mean,0.003230892487419144,0.25327445433511453,0.25515528487031786
CHEMBL237_Ki,54,unimol,mlp,crem_lime,0.05338597010586204,0.04160955914577402,0.09490107635728683
CHEMBL237_Ki,54,unimol,mlp,crem_mean,0.19048029933939806,0.26088616634834,0.18573710799122936
CHEMBL237_Ki,54,unimol,xgboost,crem_lime,0.05099447797817401,0.3501123119279586,0.2995973850739889
CHEMBL237_Ki,54,unimol,xgboost,crem_mean,0.0500914281516089,0.2166990986969761,0.26498039193588263
CHEMBL237_Ki,72,molformer,mlp,crem_lime,0.0,0.05757526946321763,0.05757526946321762
CHEMBL237_Ki,72,molformer,mlp,crem_mean,0.0,0.04506148442455605,0.04506148442455605
CHEMBL237_Ki,72,molformer,xgboost,crem_lime,0.15699580910657474,0.14534016390151916,0.13052030044748333
CHEMBL237_Ki,72,molformer,xgboost,crem_mean,0.04689080480844511,0.04689080480844511,0.0780487804878047
CHEMBL237_Ki,72,morgan,mlp,crem_lime,0.03717091038910236,0.24186600197860247,0.24966861421599953
CHEMBL237_Ki,72,morgan,mlp,crem_mean,0.04689080480844512,0.04852775245721424,0.04506148442455605
CHEMBL237_Ki,72,morgan,xgboost,crem_lime,0.016984713360025064,0.0008796782931922816,0.0174411985104417
CHEMBL237_Ki,72,morgan,xgboost,crem_mean,0.0,0.010037734511239231,0.010037734511239233
CHEMBL237_Ki,72,unimol,mlp,crem_lime,0.2561317153792843,0.03241776708212827,0.2659640847837552
CHEMBL237_Ki,72,unimol,mlp,crem_mean,0.003466268032658189,0.04689080480844512,0.04545967906581823
CHEMBL237_Ki,72,unimol,xgboost,crem_lime,0.04877258088197972,0.1629578978647252,0.13316779510277588
CHEMBL237_Ki,72,unimol,xgboost,crem_mean,0.0034662680326581893,0.04506148442455605,0.04689080480844511
CHEMBL237_Ki,74,molformer,mlp,crem_lime,0.012543375391289234,0.2774409681989552,0.28340042712431374
CHEMBL237_Ki,74,molformer,mlp,crem_mean,0.002602003764204868,0.022650109240439253,0.020109523232888376
CHEMBL237_Ki,74,molformer,xgboost,crem_lime,0.03763658826016228,0.01897773529652903,0.026524013945421705
CHEMBL237_Ki,74,molformer,xgboost,crem_mean,0.003784732747934369,0.01511673855714601,0.012597035364931267
CHEMBL237_Ki,74,morgan,mlp,crem_lime,0.21060695454990144,0.2897468766057974,0.2725972937815958
CHEMBL237_Ki,74,morgan,mlp,crem_mean,0.03714173325550846,0.12729592877339632,0.14993188264848092
CHEMBL237_Ki,74,morgan,xgboost,crem_lime,0.00480986575154696,0.2972641955789682,0.2950288741910754
CHEMBL237_Ki,74,morgan,xgboost,crem_mean,0.0007434296469157096,0.14063090501585432,0.1410342420576268
CHEMBL237_Ki,74,unimol,mlp,crem_lime,0.013584620838828729,0.03813787079706511,0.051646239829503594
CHEMBL237_Ki,74,unimol,mlp,crem_mean,0.028063853742426554,0.019679053808562354,0.037176644693194816
CHEMBL237_Ki,74,unimol,xgboost,crem_lime,0.01817628926829946,0.3112707052449329,0.304763856356054
CHEMBL237_Ki,74,unimol,xgboost,crem_mean,0.01647935717329803,0.004635499674826793,0.02105157920506384
CHEMBL237_Ki,79,molformer,mlp,crem_lime,0.026265412877283192,0.38505840581655315,0.3606392013220348
CHEMBL237_Ki,79,molformer,mlp,crem_mean,0.021572028253080775,0.04990679714017324,0.053189932006876446
CHEMBL237_Ki,79,molformer,xgboost,crem_lime,0.038521312556664536,0.289739351558437,0.28028764844832316
CHEMBL237_Ki,79,molformer,xgboost,crem_mean,0.019749296703594786,0.12251332430096083,0.1027837488309337
CHEMBL237_Ki,79,morgan,mlp,crem_lime,0.015759350963054277,0.2359101849940839,0.22408026831944552
CHEMBL237_Ki,79,morgan,mlp,crem_mean,0.030458365813025835,0.07189979356196245,0.0963298962464229
CHEMBL237_Ki,79,morgan,xgboost,crem_lime,0.0031400691584350885,0.2957961937474021,0.2977895907023676
CHEMBL237_Ki,79,morgan,xgboost,crem_mean,0.009984612362529495,0.26610490834197403,0.2723088969720198
CHEMBL237_Ki,79,unimol,mlp,crem_lime,0.04900141055946308,0.3516627513007642,0.3709700877237417
CHEMBL237_Ki,79,unimol,mlp,crem_mean,0.09799676315243754,0.2273509494108469,0.18675609903907167
CHEMBL237_Ki,79,unimol,xgboost,crem_lime,0.1616824845438721,0.12913159391263693,0.128315059077197
CHEMBL237_Ki,79,unimol,xgboost,crem_mean,0.07691370956401675,0.03386132907423012,0.07380300772815962
CHEMBL237_Ki,85,molformer,mlp,crem_lime,0.04977918820789604,0.31134460996310614,0.32012572855560123
CHEMBL237_Ki,85,molformer,mlp,crem_mean,0.006057944797777001,0.07840025183699677,0.07951356477834289
CHEMBL237_Ki,85,molformer,xgboost,crem_lime,0.07989887057898003,0.13199298461310768,0.2028669180991781
CHEMBL237_Ki,85,molformer,xgboost,crem_mean,0.0020108977250601102,0.04618360882297235,0.046471253810224815
CHEMBL237_Ki,85,morgan,mlp,crem_lime,0.1257340739729509,0.14425715903894604,0.20893259647644363
CHEMBL237_Ki,85,morgan,mlp,crem_mean,0.03749416986684926,0.010166512180297968,0.04308344582327897
CHEMBL237_Ki,85,morgan,xgboost,crem_lime,0.027928641817266647,0.028330481049420035,0.0409724525952827
CHEMBL237_Ki,85,morgan,xgboost,crem_mean,0.0047953902979994455,0.012807369877090061,0.014829436242215917
CHEMBL237_Ki,85,unimol,mlp,crem_lime,0.06690887056744436,0.24525278201555933,0.18331421006556006
CHEMBL237_Ki,85,unimol,mlp,crem_mean,0.04110256464536418,0.04727427487152149,0.07641882501316553
CHEMBL237_Ki,85,unimol,xgboost,crem_lime,0.11187907934166866,0.13204284511113498,0.11689912763908851
CHEMBL237_Ki,85,unimol,xgboost,crem_mean,0.01995872849859546,0.005360973749441736,0.01625931737625981
CHEMBL237_Ki,86,molformer,mlp,crem_lime,0.22702170830839435,0.31324279839367325,0.48124298321923575
CHEMBL237_Ki,86,molformer,mlp,crem_mean,0.03983505084369995,0.002932572795883884,0.0427633698778403
CHEMBL237_Ki,86,molformer,xgboost,crem_lime,0.19681482147291574,0.23903508392388245,0.3859586908073803
CHEMBL237_Ki,86,molformer,xgboost,crem_mean,0.0064150029909958925,0.04601146951502275,0.04973638784810787
CHEMBL237_Ki,86,morgan,mlp,crem_lime,0.23559838676696856,0.3937461278953583,0.37947133749993334
CHEMBL237_Ki,86,morgan,mlp,crem_mean,0.04426116760411111,0.04665456720724248,0.04329438197408229
CHEMBL237_Ki,86,morgan,xgboost,crem_lime,0.005535248240671399,0.056749281784258955,0.054883239852293424
CHEMBL237_Ki,86,morgan,xgboost,crem_mean,0.0,0.0,0.0
CHEMBL237_Ki,86,unimol,mlp,crem_lime,0.20205161975055833,0.1264190020725725,0.3282708490418065
CHEMBL237_Ki,86,unimol,mlp,crem_mean,0.007694066135053793,0.020031422736508844,0.022240154809304042
CHEMBL237_Ki,86,unimol,xgboost,crem_lime,0.11692420485105527,0.2656523128183412,0.16148695554305648
CHEMBL237_Ki,86,unimol,xgboost,crem_mean,0.007445570500840436,0.005815316614096032,0.002984424819286602
CHEMBL237_Ki,87,molformer,mlp,crem_lime,0.01792949487426393,0.023380081341544373,0.02760356885950492
CHEMBL237_Ki,87,molformer,mlp,crem_mean,0.026515994364366482,0.0454341399784653,0.04589539021493196
CHEMBL237_Ki,87,molformer,xgboost,crem_lime,0.00431822360527797,0.022378061792297583,0.02295163716220908
CHEMBL237_Ki,87,molformer,xgboost,crem_mean,0.00498359066016598,0.01675282540398581,0.021520660262686068
CHEMBL237_Ki,87,morgan,mlp,crem_lime,0.010809515325536846,0.28782080689794565,0.29847270450491675
CHEMBL237_Ki,87,morgan,mlp,crem_mean,0.0051903720960758196,0.09009459906700068,0.09063759921784448
CHEMBL237_Ki,87,morgan,xgboost,crem_lime,0.11662805369863469,0.103401893675324,0.20519740429051647
CHEMBL237_Ki,87,morgan,xgboost,crem_mean,0.02735097430613825,0.06573702791419585,0.06733663868891623
CHEMBL237_Ki,87,unimol,mlp,crem_lime,0.03392201748153213,0.11208044508116213,0.0804306184383614
CHEMBL237_Ki,87,unimol,mlp,crem_mean,0.07476943703445725,0.05870658911038603,0.12606490084033342
CHEMBL237_Ki,87,unimol,xgboost,crem_lime,0.13382939710252081,0.17947046825805676,0.16024010288186963
CHEMBL237_Ki,87,unimol,xgboost,crem_mean,0.07979080675606179,0.07496025313147192,0.13107886400340701
CHEMBL237_Ki,93,molformer,mlp,crem_lime,0.04431699136310837,0.3658133997282013,0.39802470581384325
CHEMBL237_Ki,93,molformer,mlp,crem_mean,0.10737961220503764,0.08906086355743453,0.1105330763653165
CHEMBL237_Ki,93,molformer,xgboost,crem_lime,0.14306390850728898,0.21536687049928713,0.10623273782762067
CHEMBL237_Ki,93,molformer,xgboost,crem_mean,0.06201250768781526,0.3781222834663102,0.3206378669434113
CHEMBL237_Ki,93,morgan,mlp,crem_lime,0.05046191736637167,0.39785263834196016,0.4352390556738925
CHEMBL237_Ki,93,morgan,mlp,crem_mean,0.052838413679831164,0.14507668294044465,0.19790151836750214
CHEMBL237_Ki,93,morgan,xgboost,crem_lime,0.16846301858738177,0.540325517616702,0.4523099569116489
CHEMBL237_Ki,93,morgan,xgboost,crem_mean,0.06334610935832291,0.26750819831507905,0.30582803309633216
CHEMBL237_Ki,93,unimol,mlp,crem_lime,0.06113505406232191,0.1904973484207831,0.22125223541690622
CHEMBL237_Ki,93,unimol,mlp,crem_mean,0.20870709959433587,0.07451464626680378,0.2818635032421493
CHEMBL237_Ki,93,unimol,xgboost,crem_lime,0.058788110876024015,0.3216202623124065,0.38040836472932466
CHEMBL237_Ki,93,unimol,xgboost,crem_mean,0.1408223241068192,0.17627508601926906,0.13879230338957738
CHEMBL237_Ki,94,molformer,mlp,crem_lime,0.02584037991444633,0.10229997220853965,0.12328083466112714
CHEMBL237_Ki,94,molformer,mlp,crem_mean,0.12455243986797607,0.09986553977020708,0.14033071854268928
CHEMBL237_Ki,94,molformer,xgboost,crem_lime,0.2750026423783823,0.02493582823911805,0.2932847340100317
CHEMBL237_Ki,94,molformer,xgboost,crem_mean,0.09492046791509046,0.08488141409413168,0.1495933399541405
CHEMBL237_Ki,94,morgan,mlp,crem_lime,0.057254442541764226,0.018777295508798784,0.043043317077325706
CHEMBL237_Ki,94,morgan,mlp,crem_mean,0.07679565490732113,0.038704991823103746,0.11547094519181775
CHEMBL237_Ki,94,morgan,xgboost,crem_lime,0.008776833916562659,0.04759188801215223,0.05086883603621382
CHEMBL237_Ki,94,morgan,xgboost,crem_mean,0.019323377813891495,0.20882170040261647,0.20514178451538312
CHEMBL237_Ki,94,unimol,mlp,crem_lime,0.03795244207718213,0.07631663868670678,0.040071489332521595
CHEMBL237_Ki,94,unimol,mlp,crem_mean,0.19293184265728028,0.09318512308555837,0.23763114784564507
CHEMBL237_Ki,94,unimol,xgboost,crem_lime,0.03246944724122042,0.09591201543439257,0.06469513265666235
CHEMBL237_Ki,94,unimol,xgboost,crem_mean,0.07734758153891405,0.12747985733659392,0.20307222151990362
CHEMBL237_Ki,99,molformer,mlp,crem_lime,0.12036286195756545,0.1513311249606234,0.2682092351449122
CHEMBL237_Ki,99,molformer,mlp,crem_mean,0.03890114267481243,0.1434462121562195,0.1731232022872925
CHEMBL237_Ki,99,molformer,xgboost,crem_lime,0.10092411404240949,0.1747900737435555,0.1463951042813534
CHEMBL237_Ki,99,molformer,xgboost,crem_mean,0.11452652417230161,0.11685313805377519,0.10620621761238135
CHEMBL237_Ki,99,morgan,mlp,crem_lime,0.048645400906327504,0.22118989371334832,0.2685665474716836
CHEMBL237_Ki,99,morgan,mlp,crem_mean,0.03967154282607009,0.05593979697606456,0.0179314251857345
CHEMBL237_Ki,99,morgan,xgboost,crem_lime,0.08818611633238996,0.303761272915852,0.22284921718641854
CHEMBL237_Ki,99,morgan,xgboost,crem_mean,0.005687684013831511,0.00684215994448722,0.0015428487355149208
CHEMBL237_Ki,99,unimol,mlp,crem_lime,0.14791191296317197,0.16756451051510882,0.1049228212563341
CHEMBL237_Ki,99,unimol,mlp,crem_mean,0.057723214813768756,0.05831627746391287,0.06420240827128328
CHEMBL237_Ki,99,unimol,xgboost,crem_lime,0.151718790715486,0.30851288930775894,0.43841225861394867
CHEMBL237_Ki,99,unimol,xgboost,crem_mean,0.057941777989712444,0.05146846162386143,0.08331114456143231
CHEMBL237_Ki,107,molformer,mlp,crem_lime,0.08685165140772041,0.1358125106358739,0.13947512810923554
CHEMBL237_Ki,107,molformer,mlp,crem_mean,0.006411748101507406,0.13786085265976464,0.13482261191104558
CHEMBL237_Ki,107,molformer,xgboost,crem_lime,0.049479081290807594,0.06350050120023254,0.02428796875550121
CHEMBL237_Ki,107,molformer,xgboost,crem_mean,0.09575029533952732,0.268071008121399,0.30980645593562295
CHEMBL237_Ki,107,morgan,mlp,crem_lime,0.007127838794049039,0.3876804405475221,0.3806271306686045
CHEMBL237_Ki,107,morgan,mlp,crem_mean,0.029641691149666062,0.43740796859731906,0.43599374956178655
CHEMBL237_Ki,107,morgan,xgboost,crem_lime,0.09396289416178086,0.0508199562418928,0.12411738475815613
CHEMBL237_Ki,107,morgan,xgboost,crem_mean,0.037946400513230054,0.055809593361893096,0.08359020200922486
CHEMBL237_Ki,107,unimol,mlp,crem_lime,0.07230215722540206,0.19624040649695523,0.2654549346750172
CHEMBL237_Ki,107,unimol,mlp,crem_mean,0.10875904668003918,0.20890983345916805,0.316568515797299
CHEMBL237_Ki,107,unimol,xgboost,crem_lime,0.010261412509300068,0.19281445335582922,0.2021007949965737
CHEMBL237_Ki,107,unimol,xgboost,crem_mean,0.021005789399029806,0.4551382633043727,0.4379821249762199
CHEMBL237_Ki,108,molformer,mlp,crem_lime,0.006637413831927081,0.2762764515168546,0.2793091364853081
CHEMBL237_Ki,108,molformer,mlp,crem_mean,0.011249536590141909,0.2113068708250968,0.20197248552251484
CHEMBL237_Ki,108,molformer,xgboost,crem_lime,0.0854196753621217,0.11094310688115272,0.17621222446325707
CHEMBL237_Ki,108,molformer,xgboost,crem_mean,0.01654808725054811,0.0914575206542553,0.07543140136401905
CHEMBL237_Ki,108,morgan,mlp,crem_lime,0.03227947255294332,0.14197690592336962,0.15523753802746837
CHEMBL237_Ki,108,morgan,mlp,crem_mean,0.050328995072814096,0.07284012771316141,0.11719131114448936
CHEMBL237_Ki,108,morgan,xgboost,crem_lime,0.0038645534669173253,0.31455449870038715,0.3184019293778406
CHEMBL237_Ki,108,morgan,xgboost,crem_mean,0.0010245277279271733,0.3317312409133519,0.3327039677344919
CHEMBL237_Ki,108,unimol,mlp,crem_lime,0.01835395260481292,0.23024912264641656,0.23695241272684098
CHEMBL237_Ki,108,unimol,mlp,crem_mean,0.04723987394794859,0.1681967107114208,0.12583718548640327
CHEMBL237_Ki,108,unimol,xgboost,crem_lime,0.016298885966016186,0.23098594168983924,0.24459570185817323
CHEMBL237_Ki,108,unimol,xgboost,crem_mean,0.049000704617303735,0.07090214995964939,0.1185858056895075
CHEMBL237_Ki,111,molformer,mlp,crem_lime,0.18438104531725286,0.31530126887123017,0.13293205716707632
CHEMBL237_Ki,111,molformer,mlp,crem_mean,0.03816551033085005,0.22424932516510557,0.19002035170805662
CHEMBL237_Ki,111,molformer,xgboost,crem_lime,0.053759225273309744,0.06388840281344448,0.10398839048947224
CHEMBL237_Ki,111,molformer,xgboost,crem_mean,0.07172669962899472,0.030986913408758626,0.04375970300947545
CHEMBL237_Ki,111,morgan,mlp,crem_lime,0.0033153422676538164,0.22303991172206283,0.22116055774568097
CHEMBL237_Ki,111,morgan,mlp,crem_mean,0.0406766964187689,0.18411988875087876,0.16866918460024638
CHEMBL237_Ki,111,morgan,xgboost,crem_lime,0.17394239950278229,0.029266277173448995,0.1903643754044675
CHEMBL237_Ki,111,morgan,xgboost,crem_mean,0.07222888469142887,0.07991964699877031,0.027198416015782084
CHEMBL237_Ki,111,unimol,mlp,crem_lime,0.09724746958774261,0.1995042145479899,0.24135424702996583
CHEMBL237_Ki,111,unimol,mlp,crem_mean,0.00881155125618119,0.08598269221568113,0.07797000444196611
CHEMBL237_Ki,111,unimol,xgboost,crem_lime,0.17414763672922973,0.220168014849913,0.046340806383216956
CHEMBL237_Ki,111,unimol,xgboost,crem_mean,0.01795111705320816,0.08909000498669564,0.07461566463819796
CHEMBL237_Ki,112,molformer,mlp,crem_lime,0.17634632650404278,0.046755290416343104,0.21795988189899318
CHEMBL237_Ki,112,molformer,mlp,crem_mean,0.07675124214836171,0.1991293586312887,0.27578008622627176
CHEMBL237_Ki,112,molformer,xgboost,crem_lime,0.3853717282145473,0.2867196591665393,0.40961902434123487
CHEMBL237_Ki,112,molformer,xgboost,crem_mean,0.09522721337155884,0.11563185251226137,0.02173907776162109
CHEMBL237_Ki,112,morgan,mlp,crem_lime,0.38709098607313225,0.08386422698855339,0.3481352801180851
CHEMBL237_Ki,112,morgan,mlp,crem_mean,0.062270098107369685,0.02757550559540712,0.08746727671324318
CHEMBL237_Ki,112,morgan,xgboost,crem_lime,0.09164945422720601,0.42484629091034914,0.41995549349691236
CHEMBL237_Ki,112,morgan,xgboost,crem_mean,0.018798503701784416,0.12320385695673103,0.12195014485760501
CHEMBL237_Ki,112,unimol,mlp,crem_lime,0.19223515003200736,0.04984237187162404,0.2276181973383952
CHEMBL237_Ki,112,unimol,mlp,crem_mean,0.20138435311870703,0.02701839856713489,0.2063482414710072
CHEMBL237_Ki,112,unimol,xgboost,crem_lime,0.08682195492271963,0.05188505937062017,0.1302790384332303
CHEMBL237_Ki,112,unimol,xgboost,crem_mean,0.28696892145475755,0.17323730141645433,0.42734521248688584
CHEMBL237_Ki,114,molformer,mlp,crem_lime,0.03043211744922849,0.19704879800255262,0.16745651067085146
CHEMBL237_Ki,114,molformer,mlp,crem_mean,0.06826256753218271,0.07676269643017573,0.06774991953553622
CHEMBL237_Ki,114,molformer,xgboost,crem_lime,0.03448944236566597,0.04928811375822097,0.05890287040406236
CHEMBL237_Ki,114,molformer,xgboost,crem_mean,0.008515978741082423,0.13358247417882027,0.12506918485222854
CHEMBL237_Ki,114,morgan,mlp,crem_lime,0.018639691809925356,0.29538039262172244,0.30411866054494313
CHEMBL237_Ki,114,morgan,mlp,crem_mean,0.017889210211268755,0.11826178841312569,0.10228036685330573
CHEMBL237_Ki,114,morgan,xgboost,crem_lime,0.017302120708776916,0.16544687805093344,0.1550795491761274
CHEMBL237_Ki,114,morgan,xgboost,crem_mean,0.010795746368185507,0.17808255509269674,0.16728782249845134
CHEMBL237_Ki,114,unimol,mlp,crem_lime,0.13358771105402364,0.03210734169573591,0.1511390532091453
CHEMBL237_Ki,114,unimol,mlp,crem_mean,0.07176996355171356,0.08715911077524578,0.019435889196628958
CHEMBL237_Ki,114,unimol,xgboost,crem_lime,0.16341378091805653,0.1695795025934432,0.331545745313526
CHEMBL237_Ki,114,unimol,xgboost,crem_mean,0.10977092075736378,0.04984887463818733,0.12007753454579106
CHEMBL237_Ki,116,molformer,mlp,crem_lime,0.01662452253149802,0.3424913058231449,0.3498642704344785
CHEMBL237_Ki,116,molformer,mlp,crem_mean,0.00952227450094085,0.03433401090067016,0.04153576028343955
CHEMBL237_Ki,116,molformer,xgboost,crem_lime,0.0081038177643243,0.18363940460742736,0.18127398104885126
CHEMBL237_Ki,116,molformer,xgboost,crem_mean,0.0022593622787410532,0.1524681493693959,0.15165533336131598
CHEMBL237_Ki,116,morgan,mlp,crem_lime,0.07900483617493688,0.1798721434406275,0.22861370607100817
CHEMBL237_Ki,116,morgan,mlp,crem_mean,0.08722578028210917,0.052542533129113556,0.13912648201780933
CHEMBL237_Ki,116,morgan,xgboost,crem_lime,0.036126683079020706,0.12535296451363895,0.1347245004354128
CHEMBL237_Ki,116,morgan,xgboost,crem_mean,0.008603546826560459,0.09072117758401396,0.08451158802979956
CHEMBL237_Ki,116,unimol,mlp,crem_lime,0.07806885318944062,0.13939398578300488,0.1897950335799937
CHEMBL237_Ki,116,unimol,mlp,crem_mean,0.029705864386652216,0.10396126468889329,0.10452263027418901
CHEMBL237_Ki,116,unimol,xgboost,crem_lime,0.11307494664217832,0.12493894834683643,0.11517739776840694
CHEMBL237_Ki,116,unimol,xgboost,crem_mean,0.0678907958657567,0.06735670192010766,0.008047354644708507
CHEMBL237_Ki,117,molformer,mlp,crem_lime,0.11912442687729569,0.02720135575277453,0.1115402428762584
CHEMBL237_Ki,117,molformer,mlp,crem_mean,0.05477896683578987,0.05198559590930045,0.09012748307545985
CHEMBL237_Ki,117,molformer,xgboost,crem_lime,0.06540688522310008,0.35614925184743074,0.29228556881323464
CHEMBL237_Ki,117,molformer,xgboost,crem_mean,0.04634388178480228,0.16442446684617595,0.17213981029212463
CHEMBL237_Ki,117,morgan,mlp,crem_lime,0.10780273855835817,0.10400725084191328,0.21179547336705354
CHEMBL237_Ki,117,morgan,mlp,crem_mean,0.03745011872200728,0.0801448114627209,0.07960461911096087
CHEMBL237_Ki,117,morgan,xgboost,crem_lime,0.13360018332333568,0.20938098987353418,0.24425940430510334
CHEMBL237_Ki,117,morgan,xgboost,crem_mean,0.06705451218418719,0.14333644488240888,0.11356435509676156
CHEMBL237_Ki,117,unimol,mlp,crem_lime,0.31776801155789286,0.10524061972454059,0.2606709527015488
CHEMBL237_Ki,117,unimol,mlp,crem_mean,0.05660045034929715,0.04160878157326986,0.07260562309458807
CHEMBL237_Ki,117,unimol,xgboost,crem_lime,0.1271760630416864,0.15374752376550205,0.26558734865070166
CHEMBL237_Ki,117,unimol,xgboost,crem_mean,0.02666588864865557,0.05991905449452242,0.04141660933118492
CHEMBL237_Ki,120,molformer,mlp,crem_lime,0.36345938770493824,0.2932844598848489,0.6417812684305506
CHEMBL237_Ki,120,molformer,mlp,crem_mean,0.25425179392320035,0.2271029867110078,0.4730930035911372
CHEMBL237_Ki,120,molformer,xgboost,crem_lime,0.013744138468040614,0.07204167767475869,0.059441663828387566
CHEMBL237_Ki,120,molformer,xgboost,crem_mean,0.12165899819492698,0.10339523586879501,0.2249412004802351
CHEMBL237_Ki,120,morgan,mlp,crem_lime,0.0032390804572473616,0.018397999957145895,0.015611186717853161
CHEMBL237_Ki,120,morgan,mlp,crem_mean,0.02549384300022742,0.02561748701243267,0.041554856272923914
CHEMBL237_Ki,120,morgan,xgboost,crem_lime,0.028540413814440176,0.2365763903885282,0.2366903147259015
CHEMBL237_Ki,120,morgan,xgboost,crem_mean,0.0705812481829262,0.06644047752693649,0.08058952443943003
CHEMBL237_Ki,120,unimol,mlp,crem_lime,0.12115003767875517,0.13221015811052644,0.0610769299394567
CHEMBL237_Ki,120,unimol,mlp,crem_mean,0.06558304241306363,0.14056097506808687,0.16144117455220894
CHEMBL237_Ki,120,unimol,xgboost,crem_lime,0.0639611359251419,0.11321883856600207,0.15574013357638597
CHEMBL237_Ki,120,unimol,xgboost,crem_mean,0.105294289405511,0.08599212283609069,0.17962160934251362
CHEMBL237_Ki,127,molformer,mlp,crem_lime,0.002374483761228836,0.07876873427110437,0.08049638175857027
CHEMBL237_Ki,127,molformer,mlp,crem_mean,0.023475088365198994,0.06065940558146791,0.0779611480011695
CHEMBL237_Ki,127,molformer,xgboost,crem_lime,0.2072784529187869,0.10454492189053222,0.28591132468577757
CHEMBL237_Ki,127,molformer,xgboost,crem_mean,0.1229866676448882,0.04784281447926388,0.17082038994093787
CHEMBL237_Ki,127,morgan,mlp,crem_lime,0.03276101737334232,0.11860980059856993,0.14763861678712645
CHEMBL237_Ki,127,morgan,mlp,crem_mean,0.004731236390151536,0.0754836040144387,0.07602590214808143
CHEMBL237_Ki,127,morgan,xgboost,crem_lime,0.10730275143528455,0.0930973850664119,0.014654846281670525
CHEMBL237_Ki,127,morgan,xgboost,crem_mean,0.014318071655649163,0.04529119450324345,0.04337159824292308
CHEMBL237_Ki,127,unimol,mlp,crem_lime,0.035657420160535774,0.2634444280348658,0.25302409939889237
CHEMBL237_Ki,127,unimol,mlp,crem_mean,0.012003035095674814,0.0668157481896588,0.06001924568242301
CHEMBL237_Ki,127,unimol,xgboost,crem_lime,0.07913915242744071,0.05612553599122762,0.13415906841010797
CHEMBL237_Ki,127,unimol,xgboost,crem_mean,0.03762398677667991,0.019305356678947477,0.043582693525476786
CHEMBL237_Ki,128,molformer,mlp,crem_lime,0.0,0.24416144305306148,0.24416144305306148
CHEMBL237_Ki,128,molformer,mlp,crem_mean,0.0009484547432924503,0.39395696513304385,0.39489941791508715
CHEMBL237_Ki,128,molformer,xgboost,crem_lime,0.15818194936226013,0.1490316772777804,0.14674816852652794
CHEMBL237_Ki,128,molformer,xgboost,crem_mean,0.23759839486169027,0.14248204752691307,0.1357287234274796
CHEMBL237_Ki,128,morgan,mlp,crem_lime,0.4370054138157906,0.04690584138358203,0.4375834287993276
CHEMBL237_Ki,128,morgan,mlp,crem_mean,0.1306110698520174,0.10503516069221186,0.2294438883840661
CHEMBL237_Ki,128,morgan,xgboost,crem_lime,0.13137329840481474,0.25628768977717453,0.3707037275186161
CHEMBL237_Ki,128,morgan,xgboost,crem_mean,0.08639671617552898,0.33785625215649245,0.29990497634518665
CHEMBL237_Ki,128,unimol,mlp,crem_lime,0.03347815748874788,0.026213560674755672,0.04651059730627575
CHEMBL237_Ki,128,unimol,mlp,crem_mean,0.10212514243356827,0.029222222020781397,0.07939657868881403
CHEMBL237_Ki,128,unimol,xgboost,crem_lime,0.17264602103972318,0.12922173587207317,0.1541577548345573
CHEMBL237_Ki,128,unimol,xgboost,crem_mean,0.03627396843969181,0.11723420454197847,0.11958229547378035
CHEMBL237_Ki,130,molformer,mlp,crem_lime,0.0053540307611151475,0.00963075728727291,0.00474717365972117
CHEMBL237_Ki,130,molformer,mlp,crem_mean,0.0,0.0,0.0
CHEMBL237_Ki,130,molformer,xgboost,crem_lime,0.0036289009206470087,0.007827951076861269,0.005212436425855111
CHEMBL237_Ki,130,molformer,xgboost,crem_mean,0.0,0.0,0.0
CHEMBL237_Ki,130,morgan,mlp,crem_lime,0.015249127421122863,0.0334337000340517,0.03228551608611206
CHEMBL237_Ki,130,morgan,mlp,crem_mean,0.0,0.0,0.0
CHEMBL237_Ki,130,morgan,xgboost,crem_lime,0.017949925389650827,0.028825226952814448,0.041210405737664005
CHEMBL237_Ki,130,morgan,xgboost,crem_mean,0.0,0.0,0.0
CHEMBL237_Ki,130,unimol,mlp,crem_lime,0.03408160155443852,0.03797765541290243,0.044161941724603866
CHEMBL237_Ki,130,unimol,mlp,crem_mean,0.0,0.0,0.0
CHEMBL237_Ki,130,unimol,xgboost,crem_lime,0.017049154076361785,0.017121357580583602,0.0005669611600144796
CHEMBL237_Ki,130,unimol,xgboost,crem_mean,0.0,0.0,0.0
CHEMBL237_Ki,134,molformer,mlp,crem_lime,0.48125689198207594,0.06754740399940645,0.43532886190114206
CHEMBL237_Ki,134,molformer,mlp,crem_mean,0.2882297267203615,0.21878857397826132,0.14487327727327243
CHEMBL237_Ki,134,molformer,xgboost,crem_lime,0.30773754421192345,0.10135855148077226,0.21383044707440024
CHEMBL237_Ki,134,molformer,xgboost,crem_mean,0.07600933581577514,0.09431786606493668,0.07970739638687431
CHEMBL237_Ki,134,morgan,mlp,crem_lime,0.20171384679449908,0.12746927636772015,0.3278132990854773
CHEMBL237_Ki,134,morgan,mlp,crem_mean,0.052436084934620805,0.15957257218532453,0.12622854164181949
CHEMBL237_Ki,134,morgan,xgboost,crem_lime,0.007516812276933761,0.17336291118200092,0.17569424220153151
CHEMBL237_Ki,134,morgan,xgboost,crem_mean,0.06758952106570068,0.2773159336489213,0.3187334147814395
CHEMBL237_Ki,134,unimol,mlp,crem_lime,0.18526803152848587,0.19186770377480183,0.3765012562939486
CHEMBL237_Ki,134,unimol,mlp,crem_mean,0.21840669696549114,0.14748504943671753,0.23371703104126182
CHEMBL237_Ki,134,unimol,xgboost,crem_lime,0.21494720547679136,0.007082412367785528,0.22134767323942578
CHEMBL237_Ki,134,unimol,xgboost,crem_mean,0.09485901961030022,0.0643329005217951,0.1579405809349357
CHEMBL237_Ki,138,molformer,mlp,crem_lime,0.027575023049550416,0.13304959524078963,0.13242793686597315
CHEMBL237_Ki,138,molformer,mlp,crem_mean,0.008064843555314685,0.040864103300308,0.035059299324382336
CHEMBL237_Ki,138,molformer,xgboost,crem_lime,0.07059697370188275,0.18210401314455218,0.1271047990498342
CHEMBL237_Ki,138,molformer,xgboost,crem_mean,0.013951656599668382,0.048337205108379765,0.05870452272375109
CHEMBL237_Ki,138,morgan,mlp,crem_lime,0.19336184762651124,0.18268598941507666,0.2920100873200718
CHEMBL237_Ki,138,morgan,mlp,crem_mean,0.02299944780496245,0.15817721322931405,0.1530973087957579
CHEMBL237_Ki,138,morgan,xgboost,crem_lime,0.05016616860509232,0.28725196341963055,0.33082099996457004
CHEMBL237_Ki,138,morgan,xgboost,crem_mean,0.021463041945757086,0.07651814722017788,0.09094675794773648
CHEMBL237_Ki,138,unimol,mlp,crem_lime,0.10574906992028757,0.10232591241058223,0.19195642474488683
CHEMBL237_Ki,138,unimol,mlp,crem_mean,0.04323535099376903,0.10844309093083529,0.1350814170208988
CHEMBL237_Ki,138,unimol,xgboost,crem_lime,0.11516000850600742,0.08935824555942633,0.047090468813844905
CHEMBL237_Ki,138,unimol,xgboost,crem_mean,0.012377521402937592,0.048438638268998364,0.05620559939496559
CHEMBL237_Ki,141,molformer,mlp,crem_lime,0.06616601409839022,0.0029390723522279825,0.06832919580858145
CHEMBL237_Ki,141,molformer,mlp,crem_mean,0.04245565615859064,0.0,0.04245565615859064
CHEMBL237_Ki,141,molformer,xgboost,crem_lime,0.19696426730873393,0.08015085257226447,0.25178837219800765
CHEMBL237_Ki,141,molformer,xgboost,crem_mean,0.04245565615859064,0.00346576784968087,0.04592142400827151
CHEMBL237_Ki,141,morgan,mlp,crem_lime,0.01617358329851078,0.13767848509417094,0.12150490179566015
CHEMBL237_Ki,141,morgan,mlp,crem_mean,0.03898988830890977,0.04043395824627686,0.001444069937367087
CHEMBL237_Ki,141,morgan,xgboost,crem_lime,0.0,0.24688554133074195,0.24688554133074195
CHEMBL237_Ki,141,morgan,xgboost,crem_mean,0.03898988830890977,0.026243194054073923,0.0652330823629837
CHEMBL237_Ki,141,unimol,mlp,crem_lime,0.2568242689530317,0.19209045599306507,0.06474335876036169
CHEMBL237_Ki,141,unimol,mlp,crem_mean,0.04332209812101086,0.04043395824627686,0.04195265496368604
CHEMBL237_Ki,141,unimol,xgboost,crem_lime,0.23151985846101392,0.15693333312404859,0.35110893039548136
CHEMBL237_Ki,141,unimol,xgboost,crem_mean,0.0008664419624202167,0.01666258703341513,0.016281771786667395
CHEMBL237_Ki,143,molformer,mlp,crem_lime,0.06234707538237187,0.13355049402472202,0.17048714870322257
CHEMBL237_Ki,143,molformer,mlp,crem_mean,0.04926614475486195,0.11989753267170043,0.1474568639580534
CHEMBL237_Ki,143,molformer,xgboost,crem_lime,0.07550982348156447,0.1524799688683962,0.21310202703685813
CHEMBL237_Ki,143,molformer,xgboost,crem_mean,0.007803391058441455,0.17806735381745825,0.1772926555137359
CHEMBL237_Ki,143,morgan,mlp,crem_lime,0.08726135897401585,0.13749065052468354,0.21841073013385556
CHEMBL237_Ki,143,morgan,mlp,crem_mean,0.008791994288047916,0.13349224391267486,0.14224527879131182
CHEMBL237_Ki,143,morgan,xgboost,crem_lime,0.03664281505000932,0.028764321450317414,0.03656494214839834
CHEMBL237_Ki,143,morgan,xgboost,crem_mean,0.046194916298796754,0.011794589333296513,0.057235558847875075
CHEMBL237_Ki,143,unimol,mlp,crem_lime,0.05679302078430899,0.0922227299487611,0.10023241559432189
CHEMBL237_Ki,143,unimol,mlp,crem_mean,0.041950282600300176,0.08552563898370782,0.09271872114708785
CHEMBL237_Ki,143,unimol,xgboost,crem_lime,0.06862536552594013,0.39186703220449565,0.43066253970941903
CHEMBL237_Ki,143,unimol,xgboost,crem_mean,0.06677016166799238,0.1749943418915716,0.13708645693878052
CHEMBL237_Ki,146,molformer,mlp,crem_lime,0.012178638770909134,0.1331349756737511,0.13467023416478194
CHEMBL237_Ki,146,molformer,mlp,crem_mean,0.059260838331348306,0.07863488902987023,0.11638510079769573
CHEMBL237_Ki,146,molformer,xgboost,crem_lime,0.0148329372147315,0.0806504658271388,0.07359921720645565
CHEMBL237_Ki,146,molformer,xgboost,crem_mean,0.02009987586809026,0.07174091365312249,0.05164113737659239
CHEMBL237_Ki,146,morgan,mlp,crem_lime,0.027095294610937296,0.23607577605905283,0.2453863469205158
CHEMBL237_Ki,146,morgan,mlp,crem_mean,0.005901446909573217,0.11929365959474007,0.11432789277049017
CHEMBL237_Ki,146,morgan,xgboost,crem_lime,0.007547349294883518,0.3351535069951779,0.33900766619265327
CHEMBL237_Ki,146,morgan,xgboost,crem_mean,0.00888702807598765,0.19461291941664968,0.200126202719502
CHEMBL237_Ki,146,unimol,mlp,crem_lime,0.01475772427749132,0.16110058140021644,0.1478454997392033
CHEMBL237_Ki,146,unimol,mlp,crem_mean,0.04223460020557431,0.010616710765686333,0.05024693074607304
CHEMBL237_Ki,146,unimol,xgboost,crem_lime,0.12066775380835236,0.11106577615239115,0.23068674225137584
CHEMBL237_Ki,146,unimol,xgboost,crem_mean,0.03362867583072292,0.06271460442237535,0.07804158508933562
CHEMBL237_Ki,152,molformer,mlp,crem_lime,0.0059521830989191496,0.012323051314938726,0.017423097522678007
CHEMBL237_Ki,152,molformer,mlp,crem_mean,0.030083854932534737,0.0492491186583225,0.050460041989430035
CHEMBL237_Ki,152,molformer,xgboost,crem_lime,0.03881512754913546,0.025610217313689353,0.036319482464093784
CHEMBL237_Ki,152,molformer,xgboost,crem_mean,0.035282516450477135,0.05796015089546356,0.07649764574993136
CHEMBL237_Ki,152,morgan,mlp,crem_lime,0.04374469846708018,0.036932198537640605,0.062348020512193444
CHEMBL237_Ki,152,morgan,mlp,crem_mean,0.3195599355438687,0.007694166529585426,0.32192899355877513
CHEMBL237_Ki,152,morgan,xgboost,crem_lime,0.22479099214093476,0.5453324661078449,0.7360305167463409
CHEMBL237_Ki,152,morgan,xgboost,crem_mean,0.14241424031192038,0.4371824538363666,0.574614672284774
CHEMBL237_Ki,152,unimol,mlp,crem_lime,0.12720320121559442,0.15158561839365906,0.18662485279735
CHEMBL237_Ki,152,unimol,mlp,crem_mean,0.32969725279041223,0.05705775149297492,0.29157876637661856
CHEMBL237_Ki,152,unimol,xgboost,crem_lime,0.028542535187681253,0.08716264863967053,0.09750071417702909
CHEMBL237_Ki,152,unimol,xgboost,crem_mean,0.1708569413877781,0.09875399310651684,0.2575292179025169
CHEMBL237_Ki,158,molformer,mlp,crem_lime,0.017672313590875195,0.04394717773622725,0.0457989835108618
CHEMBL237_Ki,158,molformer,mlp,crem_mean,0.009984445507220085,0.0585496993291222,0.06787771814312651
CHEMBL237_Ki,158,molformer,xgboost,crem_lime,0.015107338928152263,0.12548031868429566,0.13988023869380678
CHEMBL237_Ki,158,molformer,xgboost,crem_mean,0.027849478026926302,0.07980788479713774,0.051975676420097094
CHEMBL237_Ki,158,morgan,mlp,crem_lime,0.049582007494610156,0.2527947064401656,0.2665078905518002
CHEMBL237_Ki,158,morgan,mlp,crem_mean,0.06141255688536255,0.07301080881993452,0.060226538765854834
CHEMBL237_Ki,158,morgan,xgboost,crem_lime,0.010530619768908794,0.03412894181300755,0.024402920713543632
CHEMBL237_Ki,158,morgan,xgboost,crem_mean,0.07269140736120042,0.26018615194263667,0.3322895202436439
CHEMBL237_Ki,158,unimol,mlp,crem_lime,0.015455398637769518,0.1683751346823279,0.17208595558697468
CHEMBL237_Ki,158,unimol,mlp,crem_mean,0.018028986992626537,0.19838175355150522,0.18599149808557933
CHEMBL237_Ki,158,unimol,xgboost,crem_lime,0.055527513365959305,0.16821911514757423,0.21323966878410625
CHEMBL237_Ki,158,unimol,xgboost,crem_mean,0.11126778226543539,0.1795587703818557,0.0862856007277186
CHEMBL237_Ki,159,molformer,mlp,crem_lime,0.019989408237376306,0.2638798703973019,0.2809401489016072
CHEMBL237_Ki,159,molformer,mlp,crem_mean,0.027033549103490956,0.17453136748382378,0.1884869680000498
CHEMBL237_Ki,159,molformer,xgboost,crem_lime,0.003944745930086134,0.029182782917058968,0.03016697588278499
CHEMBL237_Ki,159,molformer,xgboost,crem_mean,0.012469992023904418,0.13661176392266963,0.12717115142685825
CHEMBL237_Ki,159,morgan,mlp,crem_lime,0.05071191008469424,0.014515357343553213,0.045745946327237295
CHEMBL237_Ki,159,morgan,mlp,crem_mean,0.01938757200590416,0.008073338081970404,0.01378712780524155
CHEMBL237_Ki,159,morgan,xgboost,crem_lime,0.015085180781795243,0.37706830415274667,0.36203663550265247
CHEMBL237_Ki,159,morgan,xgboost,crem_mean,0.07267383741256762,0.06052318172005693,0.11860198914825067
CHEMBL237_Ki,159,unimol,mlp,crem_lime,0.1670898010183,0.05391405710598207,0.2124111273725468
CHEMBL237_Ki,159,unimol,mlp,crem_mean,0.19118328316987343,0.0331032206864343,0.22265184588515166
CHEMBL237_Ki,159,unimol,xgboost,crem_lime,0.11077336555696954,0.09895378202118546,0.11015653231300652
CHEMBL237_Ki,159,unimol,xgboost,crem_mean,0.09747231977062158,0.1198497936833352,0.1950022841901543
CHEMBL237_Ki,161,molformer,mlp,crem_lime,0.3711003803612442,0.10349117219417471,0.3350818062515283
CHEMBL237_Ki,161,molformer,mlp,crem_mean,0.028367690230626165,0.2446822683589409,0.22917787858809893
CHEMBL237_Ki,161,molformer,xgboost,crem_lime,0.0280510644495907,0.2135590359617457,0.22650562740562166
CHEMBL237_Ki,161,molformer,xgboost,crem_mean,0.051340389057197955,0.004626013120169808,0.048300378570028585
CHEMBL237_Ki,161,morgan,mlp,crem_lime,0.05207801023773183,0.16068675482933917,0.1453366299077196
CHEMBL237_Ki,161,morgan,mlp,crem_mean,0.2044709580817292,0.340837369411758,0.34730995194262704
CHEMBL237_Ki,161,morgan,xgboost,crem_lime,0.03756392701512543,0.15012789462906814,0.1132002628401669
CHEMBL237_Ki,161,morgan,xgboost,crem_mean,0.20963049865327485,0.16359629413850513,0.30025388166451605
CHEMBL237_Ki,161,unimol,mlp,crem_lime,0.08347647646622834,0.05126577290633316,0.12918562688279553
CHEMBL237_Ki,161,unimol,mlp,crem_mean,0.22317335102485425,0.12752223859622794,0.35011806387968
CHEMBL237_Ki,161,unimol,xgboost,crem_lime,0.029796431068521277,0.19866436379004235,0.169001433962827
CHEMBL237_Ki,161,unimol,xgboost,crem_mean,0.029249822836557752,0.2521371088502383,0.22876952353423255
CHEMBL237_Ki,162,molformer,mlp,crem_lime,0.0027751964593300473,0.007797291287591519,0.0050504921740456956
CHEMBL237_Ki,162,molformer,mlp,crem_mean,0.0032412108494464277,0.04893567783861353,0.05024077188727058
CHEMBL237_Ki,162,molformer,xgboost,crem_lime,0.00626913159198985,0.03096838919335711,0.035809510085778304
CHEMBL237_Ki,162,molformer,xgboost,crem_mean,0.026225477194673216,0.04886173927224208,0.041774718447690776
CHEMBL237_Ki,162,morgan,mlp,crem_lime,0.003930701420949012,0.005860462952069377,0.0032106856469570986
CHEMBL237_Ki,162,morgan,mlp,crem_mean,0.01048785362186417,0.037639968080462605,0.027502154081246274
CHEMBL237_Ki,162,morgan,xgboost,crem_lime,0.03634565454138911,0.012972120029487529,0.03509878258325594
CHEMBL237_Ki,162,morgan,xgboost,crem_mean,0.01727472048583291,0.0019640547782495813,0.019131089280166144
CHEMBL237_Ki,162,unimol,mlp,crem_lime,0.0270727117051103,0.018751856827539656,0.008770567424620252
CHEMBL237_Ki,162,unimol,mlp,crem_mean,0.011679508138698029,0.017295114050420335,0.026455345093092743
CHEMBL237_Ki,162,unimol,xgboost,crem_lime,0.0481166702024532,0.03277565170815733,0.08088113565581966
CHEMBL237_Ki,162,unimol,xgboost,crem_mean,0.0048126041899301635,0.05439725156820689,0.05621200343165403
CHEMBL238_Ki,1,molformer,mlp,crem_lime,0.04621773458403092,0.04983731917326676,0.0748584294579754
CHEMBL238_Ki,1,molformer,mlp,crem_mean,0.08554015719627502,0.05175915033286757,0.10785466606195059
CHEMBL238_Ki,1,molformer,xgboost,crem_lime,0.09443708082524636,0.12069734822404715,0.1772428664428998
CHEMBL238_Ki,1,molformer,xgboost,crem_mean,0.006811902513140923,0.03277084387659059,0.02951953387688084
CHEMBL238_Ki,1,morgan,mlp,crem_lime,0.09898689901097549,0.4151604676712928,0.3932096703144038
CHEMBL238_Ki,1,morgan,mlp,crem_mean,0.03064133406052952,0.182280647815124,0.17857579314837277
CHEMBL238_Ki,1,morgan,xgboost,crem_lime,0.05143668734291397,0.4015882404487624,0.3520133269465232
CHEMBL238_Ki,1,morgan,xgboost,crem_mean,0.016104149391620456,0.12830005981991677,0.1419719363026274
CHEMBL238_Ki,1,unimol,mlp,crem_lime,0.14970279499491368,0.31473555753618593,0.24955094309280623
CHEMBL238_Ki,1,unimol,mlp,crem_mean,0.06659384057319497,0.14346804468510427,0.09259921740255216
CHEMBL238_Ki,1,unimol,xgboost,crem_lime,0.09259018996831778,0.0838594793185317,0.1711110098070612
CHEMBL238_Ki,1,unimol,xgboost,crem_mean,0.030316010874690793,0.04945321209060278,0.0204673228925617
CHEMBL238_Ki,3,molformer,mlp,crem_lime,0.09773509490468531,0.29508328837265313,0.3679536172192901
CHEMBL238_Ki,3,molformer,mlp,crem_mean,0.09700211297798142,0.21157761799671537,0.30529965636469636
CHEMBL238_Ki,3,molformer,xgboost,crem_lime,0.11484178214561341,0.30328033140954247,0.33651149233664257
CHEMBL238_Ki,3,molformer,xgboost,crem_mean,0.021710719985754044,0.1593925885959125,0.14801772855016884
CHEMBL238_Ki,3,morgan,mlp,crem_lime,0.1066401191288761,0.024550071960972853,0.08262801258751791
CHEMBL238_Ki,3,morgan,mlp,crem_mean,0.08746989552042839,0.08557698772484178,0.08855541298398244
CHEMBL238_Ki,3,morgan,xgboost,crem_lime,0.018657596030480318,0.130002549218732,0.12842421930892522
CHEMBL238_Ki,3,morgan,xgboost,crem_mean,0.005310979734921163,0.04657845649320003,0.044897123979187575
CHEMBL238_Ki,3,unimol,mlp,crem_lime,0.09914750779810837,0.1288842894812977,0.22474877417354766
CHEMBL238_Ki,3,unimol,mlp,crem_mean,0.016354109839130358,0.17930634520106406,0.17263989691743614
CHEMBL238_Ki,3,unimol,xgboost,crem_lime,0.086561223206237,0.19002456565674697,0.1034800177468895
CHEMBL238_Ki,3,unimol,xgboost,crem_mean,0.049427269070183584,0.1615184706695212,0.13482022221869652
CHEMBL238_Ki,5,molformer,mlp,crem_lime,0.004618634274318493,0.03544187469462707,0.03364029324921759
CHEMBL238_Ki,5,molformer,mlp,crem_mean,0.0,0.0,0.0
CHEMBL238_Ki,5,molformer,xgboost,crem_lime,0.024951734604633808,0.023173622187354328,0.041340620689456126
CHEMBL238_Ki,5,molformer,xgboost,crem_mean,0.0,0.0,0.0
CHEMBL238_Ki,5,morgan,mlp,crem_lime,0.020363181699671565,0.03616145692098958,0.03291438669379402
CHEMBL238_Ki,5,morgan,mlp,crem_mean,0.0,0.0,0.0
CHEMBL238_Ki,5,morgan,xgboost,crem_lime,0.010810021709564913,0.09049494451493828,0.10130253315699742
CHEMBL238_Ki,5,morgan,xgboost,crem_mean,0.0,0.0,0.0
CHEMBL238_Ki,5,unimol,mlp,crem_lime,0.03005254540867992,0.004726297239494153,0.02965003475718025
CHEMBL238_Ki,5,unimol,mlp,crem_mean,0.0,0.0,0.0
CHEMBL238_Ki,5,unimol,xgboost,crem_lime,0.005381669853368747,0.07906889569115824,0.0828144290593127
CHEMBL238_Ki,5,unimol,xgboost,crem_mean,0.0,0.0,0.0
CHEMBL238_Ki,16,molformer,mlp,crem_lime,0.057794160996314355,0.22930230143228528,0.24119944939402638
CHEMBL238_Ki,16,molformer,mlp,crem_mean,0.009140909697254446,0.05167875400491006,0.059040561505153785
CHEMBL238_Ki,16,molformer,xgboost,crem_lime,0.04518615418759552,0.309281198372209,0.2692515155288495
CHEMBL238_Ki,16,molformer,xgboost,crem_mean,0.06206075616944298,0.10964849572955097,0.12380784305141812
CHEMBL238_Ki,16,morgan,mlp,crem_lime,0.11461671054954624,0.35202354491591403,0.40555902326190335
CHEMBL238_Ki,16,morgan,mlp,crem_mean,0.05128969789474822,0.09484302496036034,0.1348016008119597
CHEMBL238_Ki,16,morgan,xgboost,crem_lime,0.016517278835023557,0.27421288764511487,0.28993113756058114
CHEMBL238_Ki,16,morgan,xgboost,crem_mean,0.029046272785565867,0.1269137059153451,0.15482570090474712
CHEMBL238_Ki,16,unimol,mlp,crem_lime,0.1453386722306455,0.2824216340110588,0.16770491158951353
CHEMBL238_Ki,16,unimol,mlp,crem_mean,0.04888726631600244,0.030240442219453868,0.0632389319080903
CHEMBL238_Ki,16,unimol,xgboost,crem_lime,0.19342582058584848,0.3858950075615318,0.44139900174124397
CHEMBL238_Ki,16,unimol,xgboost,crem_mean,0.04042600827368767,0.18044794339484768,0.14406789451466104
CHEMBL238_Ki,18,molformer,mlp,crem_lime,0.0522495021995405,0.04684613124677156,0.03163421544532012
CHEMBL238_Ki,18,molformer,mlp,crem_mean,0.03126184178385774,0.09374064179462704,0.12426631668923994
CHEMBL238_Ki,18,molformer,xgboost,crem_lime,0.21173222314958537,0.08248728715455159,0.15674467731470135
CHEMBL238_Ki,18,molformer,xgboost,crem_mean,0.18880867038571403,0.14925431568013023,0.04103732290812831
CHEMBL238_Ki,18,morgan,mlp,crem_lime,0.04303002982013872,0.22069879029255488,0.20913596311825197
CHEMBL238_Ki,18,morgan,mlp,crem_mean,0.009211249518984154,0.16328684374214325,0.16203202568624103
CHEMBL238_Ki,18,morgan,xgboost,crem_lime,0.0027793302057467473,0.31797059329333144,0.31831815295997684
CHEMBL238_Ki,18,morgan,xgboost,crem_mean,0.0005737556554446412,0.2373973146338921,0.23797107028933678
CHEMBL238_Ki,18,unimol,mlp,crem_lime,0.32213178527591957,0.030195444011858363,0.3001044292489492
CHEMBL238_Ki,18,unimol,mlp,crem_mean,0.10117802074824994,0.016977053576976507,0.11003337874652167
CHEMBL238_Ki,18,unimol,xgboost,crem_lime,0.2649504259306522,0.3060852629227122,0.4748037801591266
CHEMBL238_Ki,18,unimol,xgboost,crem_mean,0.09387693302967863,0.06806721422939618,0.05800632912233384
CHEMBL238_Ki,20,molformer,mlp,crem_lime,0.11740375560292214,0.3651302350037394,0.2534081559078081
CHEMBL238_Ki,20,molformer,mlp,crem_mean,0.04192836205677335,0.11303543317442519,0.12631463834138038
CHEMBL238_Ki,20,molformer,xgboost,crem_lime,0.08097836643336821,0.22893816279331072,0.1571050180289704
CHEMBL238_Ki,20,molformer,xgboost,crem_mean,0.007843461138191734,0.05769064632206562,0.06548960413160264
CHEMBL238_Ki,20,morgan,mlp,crem_lime,0.011476915203740333,0.08659592926476396,0.09659026034333051
CHEMBL238_Ki,20,morgan,mlp,crem_mean,0.02107634303158682,0.060889506513700106,0.04712623492467107
CHEMBL238_Ki,20,morgan,xgboost,crem_lime,0.014843185692045489,0.19277646237745139,0.2056516854639749
CHEMBL238_Ki,20,morgan,xgboost,crem_mean,0.001247977978114884,0.0635091062409229,0.0646848843864669
CHEMBL238_Ki,20,unimol,mlp,crem_lime,0.025757678093863198,0.20502656965772717,0.23012648711291642
CHEMBL238_Ki,20,unimol,mlp,crem_mean,0.06313962763149858,0.07796488609169028,0.0763672491803084
CHEMBL238_Ki,20,unimol,xgboost,crem_lime,0.03680332248713994,0.16605602366073735,0.1997735805636437
CHEMBL238_Ki,20,unimol,xgboost,crem_mean,0.0035218230631790166,0.1387897792739164,0.142103746314243
CHEMBL238_Ki,23,molformer,mlp,crem_lime,0.4275566907137784,0.2720649403234439,0.3628317962974955
CHEMBL238_Ki,23,molformer,mlp,crem_mean,0.2078269389019022,0.043693299712458396,0.169597236455245
CHEMBL238_Ki,23,molformer,xgboost,crem_lime,0.1900063824306338,0.2608964280881784,0.3322940789676659
CHEMBL238_Ki,23,molformer,xgboost,crem_mean,0.02667906807715416,0.45686426529529933,0.4826993153307483
CHEMBL238_Ki,23,morgan,mlp,crem_lime,0.1477880951256118,0.404590555037318,0.5362734858461321
CHEMBL238_Ki,23,morgan,mlp,crem_mean,0.0961218839171411,0.4484653987822222,0.5140854947625976
CHEMBL238_Ki,23,morgan,xgboost,crem_lime,0.006209033003793866,0.07641897257498888,0.07869235741445195
CHEMBL238_Ki,23,morgan,xgboost,crem_mean,0.07583724386366258,0.16605491558257032,0.18649854081022307
CHEMBL238_Ki,23,unimol,mlp,crem_lime,0.08376365481872967,0.07560349785592758,0.017090932180155366
CHEMBL238_Ki,23,unimol,mlp,crem_mean,0.15737563683151196,0.32955801087751224,0.30747313402842524
CHEMBL238_Ki,23,unimol,xgboost,crem_lime,0.09469304863524419,0.09953403265511244,0.1851710747482009
CHEMBL238_Ki,23,unimol,xgboost,crem_mean,0.27173876046495643,0.29924044234425135,0.5207701766850512
CHEMBL238_Ki,27,molformer,mlp,crem_lime,0.12479770923057523,0.06943067433976455,0.18786324179841496
CHEMBL238_Ki,27,molformer,mlp,crem_mean,0.011194978058272968,0.009526031694832045,0.019031514738159325
CHEMBL238_Ki,27,molformer,xgboost,crem_lime,0.05465395315437358,0.2065510106125173,0.2584647052468631
CHEMBL238_Ki,27,molformer,xgboost,crem_mean,0.006275632414497533,0.0492318036782188,0.05532004847381576
CHEMBL238_Ki,27,morgan,mlp,crem_lime,0.06489447092112818,0.23906963907282516,0.25594097113382835
CHEMBL238_Ki,27,morgan,mlp,crem_mean,0.01898320501999683,0.02448775934122109,0.04276935302187035
CHEMBL238_Ki,27,morgan,xgboost,crem_lime,0.006465088987161175,0.058324413326845216,0.06478008129506196
CHEMBL238_Ki,27,morgan,xgboost,crem_mean,0.05389399764484352,0.013593173575439323,0.05017854176773538
CHEMBL238_Ki,27,unimol,mlp,crem_lime,0.09331096272107355,0.1976541014523397,0.23127163836775536
CHEMBL238_Ki,27,unimol,mlp,crem_mean,0.1531353188600802,0.09995463171247991,0.23938140454008555
CHEMBL238_Ki,27,unimol,xgboost,crem_lime,0.06846861404170072,0.1702626616367007,0.23796451029552002
CHEMBL238_Ki,27,unimol,xgboost,crem_mean,0.025864266945337663,0.1471980549266619,0.13182809643934842
CHEMBL238_Ki,34,molformer,mlp,crem_lime,0.16205152680807236,0.12870688450828788,0.14156201907025368
CHEMBL238_Ki,34,molformer,mlp,crem_mean,0.19111278589252684,0.08340550252716922,0.25114363309905996
CHEMBL238_Ki,34,molformer,xgboost,crem_lime,0.03287703858324509,0.14804723080633655,0.17881557805784548
CHEMBL238_Ki,34,molformer,xgboost,crem_mean,0.1429183055301662,0.1398559915095108,0.20535422058470515
CHEMBL238_Ki,34,morgan,mlp,crem_lime,0.020985386749307035,0.3825936927417254,0.3662380191850214
CHEMBL238_Ki,34,morgan,mlp,crem_mean,0.12762212752261493,0.168660708923354,0.2823478947317639
CHEMBL238_Ki,34,morgan,xgboost,crem_lime,0.025798402082872342,0.17233001966760178,0.19740893854054029
CHEMBL238_Ki,34,morgan,xgboost,crem_mean,0.006825680054943738,0.010825317547305424,0.015416470487226658
CHEMBL238_Ki,34,unimol,mlp,crem_lime,0.2176018324069424,0.09482256331304723,0.31241484868960423
CHEMBL238_Ki,34,unimol,mlp,crem_mean,0.3020464812585935,0.07055225997201521,0.36698447127933403
CHEMBL238_Ki,34,unimol,xgboost,crem_lime,0.1829059630567672,0.04037988695967735,0.19954547145989773
CHEMBL238_Ki,34,unimol,xgboost,crem_mean,0.12383125403769339,0.08021497053596642,0.05021249140274597
CHEMBL238_Ki,36,molformer,mlp,crem_lime,0.24429029261438237,0.37998956850368326,0.5400828731928919
CHEMBL238_Ki,36,molformer,mlp,crem_mean,0.05766211644284721,0.06454541630076177,0.12200319902678652
CHEMBL238_Ki,36,molformer,xgboost,crem_lime,0.02688835313579978,0.04284165207111679,0.03626022847521039
CHEMBL238_Ki,36,molformer,xgboost,crem_mean,0.03637880406237774,0.10278305606418053,0.12230472720359607
CHEMBL238_Ki,36,morgan,mlp,crem_lime,0.09489233256638627,0.0053590686962774374,0.09048916080835526
CHEMBL238_Ki,36,morgan,mlp,crem_mean,0.05683716204908924,0.006131375471231095,0.06180597661707194
CHEMBL238_Ki,36,morgan,xgboost,crem_lime,0.014996470947100132,0.06060615155812007,0.04770476464038297
CHEMBL238_Ki,36,morgan,xgboost,crem_mean,0.005942114755757204,0.07607642408202957,0.08071763513458588
CHEMBL238_Ki,36,unimol,mlp,crem_lime,0.27962903397900135,0.15079299750869343,0.1956821823193623
CHEMBL238_Ki,36,unimol,mlp,crem_mean,0.1534069837361504,0.032234330497432864,0.15045437789487415
CHEMBL238_Ki,36,unimol,xgboost,crem_lime,0.2451992141064571,0.05931115280430865,0.30259481737333616
CHEMBL238_Ki,36,unimol,xgboost,crem_mean,0.05874031612642146,0.053438204100348746,0.05758480836705359
CHEMBL238_Ki,38,molformer,mlp,crem_lime,0.33280727771801005,0.5140878085389252,0.5903266974639307
CHEMBL238_Ki,38,molformer,mlp,crem_mean,0.06451117468470108,0.057145897627538446,0.09881648889246064
CHEMBL238_Ki,38,molformer,xgboost,crem_lime,0.3546854747206613,0.07514796875383319,0.36662760664840155
CHEMBL238_Ki,38,molformer,xgboost,crem_mean,0.10420633081442482,0.1265610766734544,0.1367923289609439
CHEMBL238_Ki,38,morgan,mlp,crem_lime,0.001960853022265118,0.26552320990345885,0.26392402769950185
CHEMBL238_Ki,38,morgan,mlp,crem_mean,0.07036073023409183,0.1284729705459524,0.1326689779998476
CHEMBL238_Ki,38,morgan,xgboost,crem_lime,0.0006349159851792478,0.034514341007445014,0.03387945752235038
CHEMBL238_Ki,38,morgan,xgboost,crem_mean,0.004116628534331033,0.03136696859356989,0.0277735105810722
CHEMBL238_Ki,38,unimol,mlp,crem_lime,0.06107768680077584,0.0561978794116015,0.059456519702305456
CHEMBL238_Ki,38,unimol,mlp,crem_mean,0.07025206975684829,0.038780046484551786,0.0973087952149062
CHEMBL238_Ki,38,unimol,xgboost,crem_lime,0.12444462550950708,0.08795115032960986,0.08762122807951356
CHEMBL238_Ki,38,unimol,xgboost,crem_mean,0.19918051358792094,0.06492060553376768,0.1370090180507149
CHEMBL238_Ki,42,molformer,mlp,crem_lime,0.07015987827932064,0.16315991353934248,0.1742823579700465
CHEMBL238_Ki,42,molformer,mlp,crem_mean,0.015286491677036114,0.03818488409271281,0.025611202709402096
CHEMBL238_Ki,42,molformer,xgboost,crem_lime,0.12465917841441759,0.07555537074868098,0.050703568163609575
CHEMBL238_Ki,42,molformer,xgboost,crem_mean,0.012337314188639115,0.12834358131480145,0.13806045870526693
CHEMBL238_Ki,42,morgan,mlp,crem_lime,0.14335884073725513,0.09736276944060668,0.20796016745872345
CHEMBL238_Ki,42,morgan,mlp,crem_mean,0.15802824865278417,0.14764554939496627,0.30273290087501603
CHEMBL238_Ki,42,morgan,xgboost,crem_lime,0.19457226886641052,0.3096260719853377,0.4282430662023283
CHEMBL238_Ki,42,morgan,xgboost,crem_mean,0.0956390166124626,0.07116805295613798,0.1337448819369419
CHEMBL238_Ki,42,unimol,mlp,crem_lime,0.28390612043159885,0.40380531182898416,0.2501828949959402
CHEMBL238_Ki,42,unimol,mlp,crem_mean,0.2120189449449999,0.13168491763745585,0.22029560768885637
CHEMBL238_Ki,42,unimol,xgboost,crem_lime,0.15363989274331227,0.5634680763847901,0.6204638806656574
CHEMBL238_Ki,42,unimol,xgboost,crem_mean,0.06840010184867519,0.20923749205641684,0.15358123140648447
CHEMBL238_Ki,47,molformer,mlp,crem_lime,0.039548736527591374,0.009667109341141464,0.03024266715053503
CHEMBL238_Ki,47,molformer,mlp,crem_mean,0.13467430740303246,0.20049628824179638,0.30534669702771067
CHEMBL238_Ki,47,molformer,xgboost,crem_lime,0.011530064658117858,0.11302819447356754,0.104361180744699
CHEMBL238_Ki,47,molformer,xgboost,crem_mean,0.0940975792093669,0.07773563446523793,0.10159774538799028
CHEMBL238_Ki,47,morgan,mlp,crem_lime,0.045148762757346486,0.2775812673828865,0.31233600655596017
CHEMBL238_Ki,47,morgan,mlp,crem_mean,0.15582602599714226,0.25555711006378057,0.10368322883904892
CHEMBL238_Ki,47,morgan,xgboost,crem_lime,0.001446841410794493,0.05978648845493228,0.05904665033510267
CHEMBL238_Ki,47,morgan,xgboost,crem_mean,0.0007267688178758534,0.14433756729740638,0.14366646075197642
CHEMBL238_Ki,47,unimol,mlp,crem_lime,0.16716332077055396,0.2744875078221854,0.16408343082264454
CHEMBL238_Ki,47,unimol,mlp,crem_mean,0.27580220954693924,0.3142956054985747,0.5088314196873173
CHEMBL238_Ki,47,unimol,xgboost,crem_lime,0.04124453942675794,0.21852096887809613,0.19507799852167634
CHEMBL238_Ki,47,unimol,xgboost,crem_mean,0.26855306634033477,0.12853428409428413,0.3879906075584487
CHEMBL238_Ki,52,molformer,mlp,crem_lime,0.07544577117596112,0.326419410200357,0.2684697079170816
CHEMBL238_Ki,52,molformer,mlp,crem_mean,0.011571662046395629,0.17741054157524616,0.18897588716322336
CHEMBL238_Ki,52,molformer,xgboost,crem_lime,0.22365797204769927,0.1330603777199791,0.2746803752764946
CHEMBL238_Ki,52,molformer,xgboost,crem_mean,0.015443811478096247,0.2037012368434185,0.19714813262814776
CHEMBL238_Ki,52,morgan,mlp,crem_lime,0.002338261497896445,0.22769854233626038,0.22539002863365112
CHEMBL238_Ki,52,morgan,mlp,crem_mean,0.015851818684978022,0.05094335403062041,0.06075786822375026
CHEMBL238_Ki,52,morgan,xgboost,crem_lime,0.007569356157140719,0.3395715169844416,0.33295290725952925
CHEMBL238_Ki,52,morgan,xgboost,crem_mean,0.01826664206300131,0.31254903735764933,0.319243413442364
CHEMBL238_Ki,52,unimol,mlp,crem_lime,0.2567731388523055,0.6114137354074006,0.7883137827110546
CHEMBL238_Ki,52,unimol,mlp,crem_mean,0.08618142058742907,0.29800041149993806,0.3816895942764152
CHEMBL238_Ki,52,unimol,xgboost,crem_lime,0.34225479109362683,0.2123132835017165,0.36220996187970517
CHEMBL238_Ki,52,unimol,xgboost,crem_mean,0.03645195086999828,0.05998112076187306,0.05029714960571505
CHEMBL238_Ki,55,molformer,mlp,crem_lime,0.2184364411347364,0.15434598607205732,0.3671865678296332
CHEMBL238_Ki,55,molformer,mlp,crem_mean,0.06949246470242117,0.13044557926119596,0.19993699421420466
CHEMBL238_Ki,55,molformer,xgboost,crem_lime,0.19831186056671507,0.025489560031523563,0.1941915844875158
CHEMBL238_Ki,55,molformer,xgboost,crem_mean,0.031973396657436245,0.11843331749806325,0.15038067153276408
CHEMBL238_Ki,55,morgan,mlp,crem_lime,0.06498791214238657,0.04022560738429376,0.10487505916094268
CHEMBL238_Ki,55,morgan,mlp,crem_mean,0.13999553969233955,0.21319370673092722,0.20684295042701478
CHEMBL238_Ki,55,morgan,xgboost,crem_lime,0.013363258949223692,0.1803227907993236,0.19120307022212069
CHEMBL238_Ki,55,morgan,xgboost,crem_mean,0.04582484598011964,0.04849683322559642,0.07085622555814004
CHEMBL238_Ki,55,unimol,mlp,crem_lime,0.11980877787789869,0.2735153171479438,0.29277787612407297
CHEMBL238_Ki,55,unimol,mlp,crem_mean,0.01799493316798256,0.09281590346259769,0.10368908193124234
CHEMBL238_Ki,55,unimol,xgboost,crem_lime,0.11808792654006489,0.172443311577924,0.10403052491255
CHEMBL238_Ki,55,unimol,xgboost,crem_mean,0.1814563050408228,0.09945850885590249,0.2743226431534462
CHEMBL238_Ki,58,molformer,mlp,crem_lime,0.16047390158859826,0.21130029390710817,0.35498453849691414
CHEMBL238_Ki,58,molformer,mlp,crem_mean,0.2698371812504652,0.27701010961243916,0.5388145694486051
CHEMBL238_Ki,58,molformer,xgboost,crem_lime,0.03140082809712777,0.02532366230913577,0.056245477639818464
CHEMBL238_Ki,58,molformer,xgboost,crem_mean,0.08673071828270078,0.1926676941115832,0.25251308601548567
CHEMBL238_Ki,58,morgan,mlp,crem_lime,0.048735281554444794,0.03227044790084003,0.021681524377254083
CHEMBL238_Ki,58,morgan,mlp,crem_mean,0.019079093473122585,0.028066737225895855,0.02411032032858603
CHEMBL238_Ki,58,morgan,xgboost,crem_lime,0.01036520624931958,0.01609177555201462,0.013065225903230011
CHEMBL238_Ki,58,morgan,xgboost,crem_mean,0.0013768933237629393,0.0,0.0013768933237629393
CHEMBL238_Ki,58,unimol,mlp,crem_lime,0.015515132080677679,0.008864084113742992,0.015534512168086247
CHEMBL238_Ki,58,unimol,mlp,crem_mean,0.020758183827660842,0.011240198766068101,0.01016169766269275
CHEMBL238_Ki,58,unimol,xgboost,crem_lime,0.005734968542812983,0.01552018486193727,0.014632242674245972
CHEMBL238_Ki,58,unimol,xgboost,crem_mean,0.003332968914595371,0.1745407666631185,0.17289435611254006
CHEMBL238_Ki,63,molformer,mlp,crem_lime,0.17378578607478185,0.20221519085620615,0.3529696498780989
CHEMBL238_Ki,63,molformer,mlp,crem_mean,0.04542375252182253,0.17991690808626226,0.2227876602012343
CHEMBL238_Ki,63,molformer,xgboost,crem_lime,0.16339409475589053,0.2280216867290036,0.07934348946677294
CHEMBL238_Ki,63,molformer,xgboost,crem_mean,0.027997619282788547,0.05422011092864962,0.08195421747503401
CHEMBL238_Ki,63,morgan,mlp,crem_lime,0.0933620974687941,0.08234546585817969,0.165054644205537
CHEMBL238_Ki,63,morgan,mlp,crem_mean,0.024510957738006718,0.0893714914917637,0.06625280936411496
CHEMBL238_Ki,63,morgan,xgboost,crem_lime,0.029316512169651428,0.29856630257681194,0.3014639113705112
CHEMBL238_Ki,63,morgan,xgboost,crem_mean,0.033277910955488446,0.2201992017971363,0.2508213516740436
CHEMBL238_Ki,63,unimol,mlp,crem_lime,0.20197941785944698,0.15247854771272037,0.3396421256421359
CHEMBL238_Ki,63,unimol,mlp,crem_mean,0.04558592120711397,0.07623481777816193,0.08544921378665345
CHEMBL238_Ki,63,unimol,xgboost,crem_lime,0.26351850700405133,0.19214799068732616,0.07567613762338632
CHEMBL238_Ki,63,unimol,xgboost,crem_mean,0.03661973373036192,0.09104360411521249,0.08945510300838125
CHEMBL238_Ki,64,molformer,mlp,crem_lime,0.020182482766513382,0.11363487921938269,0.10725221073325662
CHEMBL238_Ki,64,molformer,mlp,crem_mean,0.08449028329604277,0.05487922985526078,0.10044649039217132
CHEMBL238_Ki,64,molformer,xgboost,crem_lime,0.0820488279984099,0.18042732056039745,0.21069495183267536
CHEMBL238_Ki,64,molformer,xgboost,crem_mean,0.03599068749775427,0.3157340561014851,0.33525205262773305
CHEMBL238_Ki,64,morgan,mlp,crem_lime,0.011046851488947514,0.43872568177864185,0.442134139919625
CHEMBL238_Ki,64,morgan,mlp,crem_mean,0.01230005066053049,0.3937735232426992,0.3976343223799092
CHEMBL238_Ki,64,morgan,xgboost,crem_lime,0.011594150322419356,0.0015597300643295767,0.012218964644711663
CHEMBL238_Ki,64,morgan,xgboost,crem_mean,0.0044927525728268615,0.03872471317735293,0.042601450659240626
CHEMBL238_Ki,64,unimol,mlp,crem_lime,0.10605306265444842,0.010749417061312256,0.10040800939897482
CHEMBL238_Ki,64,unimol,mlp,crem_mean,0.016649520842835934,0.06187189317527343,0.07170717605200908
CHEMBL238_Ki,64,unimol,xgboost,crem_lime,0.015124096736247592,0.046880393575055176,0.0548732435426382
CHEMBL238_Ki,64,unimol,xgboost,crem_mean,0.03128841380288426,0.1817807182280381,0.15317021051461593
CHEMBL238_Ki,70,molformer,mlp,crem_lime,0.0,0.0,0.0
CHEMBL238_Ki,70,molformer,mlp,crem_mean,0.0,0.0,0.0
CHEMBL238_Ki,70,molformer,xgboost,crem_lime,0.0,0.0,0.0
CHEMBL238_Ki,70,molformer,xgboost,crem_mean,0.0,0.0,0.0
CHEMBL238_Ki,70,morgan,mlp,crem_lime,0.0,0.0,0.0
CHEMBL238_Ki,70,morgan,mlp,crem_mean,0.0,0.0,0.0
CHEMBL238_Ki,70,morgan,xgboost,crem_lime,0.0,0.0,0.0
CHEMBL238_Ki,70,morgan,xgboost,crem_mean,0.0,0.0,0.0
CHEMBL238_Ki,70,unimol,mlp,crem_lime,0.0,0.0,0.0
CHEMBL238_Ki,70,unimol,mlp,crem_mean,0.0,0.0,0.0
CHEMBL238_Ki,70,unimol,xgboost,crem_lime,0.0,0.0,0.0
CHEMBL238_Ki,70,unimol,xgboost,crem_mean,0.0,0.0,0.0
CHEMBL239_EC50,1,molformer,mlp,crem_lime,0.2192922982897444,0.33135385867158,0.11206285471964464
CHEMBL239_EC50,1,molformer,mlp,crem_mean,0.07178822358000538,0.0837175999808281,0.10841513632663098
CHEMBL239_EC50,1,molformer,xgboost,crem_lime,0.17488924813231893,0.28058234754692835,0.28039073515987756
CHEMBL239_EC50,1,molformer,xgboost,crem_mean,0.04242169575057433,0.24851278275739727,0.2608015877824206
CHEMBL239_EC50,1,morgan,mlp,crem_lime,0.08020325466741916,0.0461428003579295,0.09784185771380151
CHEMBL239_EC50,1,morgan,mlp,crem_mean,0.09564322364695932,0.10984126809981376,0.03487050984292307
CHEMBL239_EC50,1,morgan,xgboost,crem_lime,0.05934862577865804,0.13947867386222398,0.1988165968233745
CHEMBL239_EC50,1,morgan,xgboost,crem_mean,0.03462931505042681,0.2623723866016006,0.29687510417401647
CHEMBL239_EC50,1,unimol,mlp,crem_lime,0.22637469934309934,0.16732658036422637,0.2293610902785002
CHEMBL239_EC50,1,unimol,mlp,crem_mean,0.10216659735615723,0.09503975381571939,0.013972406232968982
CHEMBL239_EC50,1,unimol,xgboost,crem_lime,0.048384374502761576,0.36065689484194435,0.32694852557025916
CHEMBL239_EC50,1,unimol,xgboost,crem_mean,0.04560395471723882,0.0646618465028393,0.09840517321971509
CHEMBL239_EC50,2,molformer,mlp,crem_lime,0.18966242316630438,0.510362597174888,0.5892893815354489
CHEMBL239_EC50,2,molformer,mlp,crem_mean,0.09531028591902212,0.36019563024231227,0.3499894305451738
CHEMBL239_EC50,2,molformer,xgboost,crem_lime,0.43036095370887384,0.23318961160677226,0.5845434389921028
CHEMBL239_EC50,2,molformer,xgboost,crem_mean,0.2295830471750656,0.1965420732784101,0.3657633107276559
CHEMBL239_EC50,2,morgan,mlp,crem_lime,0.0790765470415814,0.260798236157115,0.19664840298882041
CHEMBL239_EC50,2,morgan,mlp,crem_mean,0.007751958006773393,0.2733913926484505,0.2769182412861029
CHEMBL239_EC50,2,morgan,xgboost,crem_lime,0.04368638219534684,0.27137198617114844,0.2807759424307118
CHEMBL239_EC50,2,morgan,xgboost,crem_mean,0.07794723852280724,0.17087631618714758,0.18542443566953623
CHEMBL239_EC50,2,unimol,mlp,crem_lime,0.1693415133843252,0.42153866372037396,0.25463505444318807
CHEMBL239_EC50,2,unimol,mlp,crem_mean,0.0690911344741249,0.3468420087284549,0.370372821028028
CHEMBL239_EC50,2,unimol,xgboost,crem_lime,0.21507830369079303,0.32596105406768555,0.24680639148804676
CHEMBL239_EC50,2,unimol,xgboost,crem_mean,0.10379852142625239,0.04239923728104237,0.1035995513996111
CHEMBL239_EC50,7,molformer,mlp,crem_lime,0.0008058440592842332,0.2738651830246103,0.2736275142770791
CHEMBL239_EC50,7,molformer,mlp,crem_mean,0.010464652756058916,0.07236559381934535,0.06283497051420414
CHEMBL239_EC50,7,molformer,xgboost,crem_lime,0.04340184701407396,0.07462746019874576,0.10906294028190464
CHEMBL239_EC50,7,molformer,xgboost,crem_mean,0.00805054015170036,0.010728365461252961,0.013497469629334784
CHEMBL239_EC50,7,morgan,mlp,crem_lime,0.10364585567198613,0.33904514805502844,0.3644967483296143
CHEMBL239_EC50,7,morgan,mlp,crem_mean,0.021215388034424406,0.11952260816568995,0.0983195364427212
CHEMBL239_EC50,7,morgan,xgboost,crem_lime,0.0366237173641898,0.02147352398328685,0.029399158109503054
CHEMBL239_EC50,7,morgan,xgboost,crem_mean,0.0007667794044224875,0.02645729589821736,0.026659974999114898
CHEMBL239_EC50,7,unimol,mlp,crem_lime,0.4892890823148214,0.14184675081247497,0.34985593678470706
CHEMBL239_EC50,7,unimol,mlp,crem_mean,0.147887503423385,0.162186175661652,0.24775079905104588
CHEMBL239_EC50,7,unimol,xgboost,crem_lime,0.3554819030568179,0.1263779171690186,0.4530297705405688
CHEMBL239_EC50,7,unimol,xgboost,crem_mean,0.010854216434525301,0.01136275273183711,0.011159870732636655
CHEMBL239_EC50,14,molformer,mlp,crem_lime,0.0033481148753334833,0.050881199702797496,0.04887913894434248
CHEMBL239_EC50,14,molformer,mlp,crem_mean,0.012986607081875256,0.0345757894865094,0.03536533249937585
CHEMBL239_EC50,14,molformer,xgboost,crem_lime,0.02354735779239739,0.2231566548941427,0.23836859493106394
CHEMBL239_EC50,14,molformer,xgboost,crem_mean,0.07778111704089596,0.09251980239474974,0.141307882826774
CHEMBL239_EC50,14,morgan,mlp,crem_lime,0.009962116677446705,0.14190252639017223,0.14328771249825312
CHEMBL239_EC50,14,morgan,mlp,crem_mean,0.002845258282568987,0.02783605947443948,0.03067443269692812
CHEMBL239_EC50,14,morgan,xgboost,crem_lime,0.01484517921829878,0.19693826483369448,0.2010076472895255
CHEMBL239_EC50,14,morgan,xgboost,crem_mean,0.008092501810870616,0.08331475743771213,0.07832271589957396
CHEMBL239_EC50,14,unimol,mlp,crem_lime,0.09623506118193603,0.11969292772322374,0.15702303252985028
CHEMBL239_EC50,14,unimol,mlp,crem_mean,0.019444990626924338,0.09076559957885633,0.07767824615666201
CHEMBL239_EC50,14,unimol,xgboost,crem_lime,0.07660698893935622,0.14707536131296897,0.21487276121644133
CHEMBL239_EC50,14,unimol,xgboost,crem_mean,0.11048903660382631,0.039966762266741424,0.09942921862450962
CHEMBL239_EC50,16,molformer,mlp,crem_lime,0.010167839544147345,0.25608976659770116,0.24704715422435702
CHEMBL239_EC50,16,molformer,mlp,crem_mean,0.0011338525261152374,0.01888257332167148,0.019747966954572163
CHEMBL239_EC50,16,molformer,xgboost,crem_lime,0.0660205214715335,0.3339303961750638,0.31961743400224596
CHEMBL239_EC50,16,molformer,xgboost,crem_mean,0.007154217275310973,0.03215862733331409,0.025239531637594202
CHEMBL239_EC50,16,morgan,mlp,crem_lime,0.07607078865987685,0.054674937822800626,0.10078135959567673
CHEMBL239_EC50,16,morgan,mlp,crem_mean,0.0129960412039423,0.03527779092310561,0.038299267399571874
CHEMBL239_EC50,16,morgan,xgboost,crem_lime,0.09300139332768617,0.3755495984990843,0.3006587917912291
CHEMBL239_EC50,16,morgan,xgboost,crem_mean,0.03145627070645525,0.062026273380461974,0.04208977123593101
CHEMBL239_EC50,16,unimol,mlp,crem_lime,0.10039167343998107,0.04548812401298463,0.10137971984376723
CHEMBL239_EC50,16,unimol,mlp,crem_mean,0.031247429652702472,0.01960580571512698,0.050768754449347274
CHEMBL239_EC50,16,unimol,xgboost,crem_lime,0.03558325655782474,0.1724917284639808,0.1515321052565156
CHEMBL239_EC50,16,unimol,xgboost,crem_mean,0.003930991937206618,0.025875326053749495,0.02466012002546544
CHEMBL239_EC50,18,molformer,mlp,crem_lime,0.02395319906098391,0.04060981093971616,0.05768539045284655
CHEMBL239_EC50,18,molformer,mlp,crem_mean,0.040536582653999315,0.05160914631679847,0.02895516169810128
CHEMBL239_EC50,18,molformer,xgboost,crem_lime,0.09534536397712348,0.15030643387581966,0.2096746009427266
CHEMBL239_EC50,18,molformer,xgboost,crem_mean,0.03447411317387988,0.11800996635755635,0.14943574614632077
CHEMBL239_EC50,18,morgan,mlp,crem_lime,0.07728016725803213,0.16511302521447013,0.09878708497157286
CHEMBL239_EC50,18,morgan,mlp,crem_mean,0.11155067780787638,0.15197667407184304,0.04754568121779225
CHEMBL239_EC50,18,morgan,xgboost,crem_lime,0.020568263745656443,0.07540601023932035,0.08117246471670371
CHEMBL239_EC50,18,morgan,xgboost,crem_mean,0.062860200753114,0.06829589622045745,0.13078843141241325
CHEMBL239_EC50,18,unimol,mlp,crem_lime,0.06725743153061133,0.1488440628476213,0.17965058866966768
CHEMBL239_EC50,18,unimol,mlp,crem_mean,0.04658683977239027,0.04873356364154593,0.06868641165447126
CHEMBL239_EC50,18,unimol,xgboost,crem_lime,0.024712421651749538,0.09060930142265869,0.08777317984449215
CHEMBL239_EC50,18,unimol,xgboost,crem_mean,0.03870660478224782,0.1022104598124224,0.13157172523961405
CHEMBL239_EC50,22,molformer,mlp,crem_lime,0.3259731284419102,0.15361122202158842,0.46027649597272446
CHEMBL239_EC50,22,molformer,mlp,crem_mean,0.05298007063363648,0.19613000585227813,0.24398941844530087
CHEMBL239_EC50,22,molformer,xgboost,crem_lime,0.13490116809640326,0.1651196128992441,0.2977066532051457
CHEMBL239_EC50,22,molformer,xgboost,crem_mean,0.046635516813031304,0.05819462809074748,0.08753139701087069
CHEMBL239_EC50,22,morgan,mlp,crem_lime,0.123420776067169,0.12945015511548794,0.19459714765375435
CHEMBL239_EC50,22,morgan,mlp,crem_mean,0.04617610463991877,0.061965217597676196,0.08649690654851346
CHEMBL239_EC50,22,morgan,xgboost,crem_lime,0.021502299136552203,0.24058575443939062,0.21943877029427641
CHEMBL239_EC50,22,morgan,xgboost,crem_mean,0.11926086224124198,0.11760149458932903,0.020800552490355943
CHEMBL239_EC50,22,unimol,mlp,crem_lime,0.15067002815295055,0.2796875580168938,0.43034708833353613
CHEMBL239_EC50,22,unimol,mlp,crem_mean,0.023348977675979925,0.05981905834330512,0.0815888643871717
CHEMBL239_EC50,22,unimol,xgboost,crem_lime,0.035830653073631265,0.2322569109233665,0.2584401906862341
CHEMBL239_EC50,22,unimol,xgboost,crem_mean,0.06658005176401416,0.09386511455458495,0.15670862275065534
CHEMBL239_EC50,24,molformer,mlp,crem_lime,0.13577155595332802,0.11660927901884227,0.24766042714127484
CHEMBL239_EC50,24,molformer,mlp,crem_mean,0.06121166404152115,0.22867428164527026,0.2793944007904882
CHEMBL239_EC50,24,molformer,xgboost,crem_lime,0.07454652643532432,0.1410026449289714,0.21477560658098566
CHEMBL239_EC50,24,molformer,xgboost,crem_mean,0.20836368040378353,0.15461275667192095,0.33394334407827553
CHEMBL239_EC50,24,morgan,mlp,crem_lime,0.052593563583411954,0.23057674803838768,0.2807015883980517
CHEMBL239_EC50,24,morgan,mlp,crem_mean,0.050133649224273505,0.06721423678839338,0.08185888528013553
CHEMBL239_EC50,24,morgan,xgboost,crem_lime,0.10057455768052875,0.1433862034302951,0.14253301038285848
CHEMBL239_EC50,24,morgan,xgboost,crem_mean,0.036342406658052766,0.0611124503881018,0.09745425411058922
CHEMBL239_EC50,24,unimol,mlp,crem_lime,0.08436185089905711,0.13282972071614646,0.0732900368180278
CHEMBL239_EC50,24,unimol,mlp,crem_mean,0.011951991092717813,0.19558508283263532,0.18855414893165706
CHEMBL239_EC50,24,unimol,xgboost,crem_lime,0.16685777965202156,0.08021909449373724,0.2460559262388147
CHEMBL239_EC50,24,unimol,xgboost,crem_mean,0.045609900077184184,0.17683120783096404,0.15740608086197316
CHEMBL239_EC50,25,molformer,mlp,crem_lime,0.36603998118731923,0.01633885596244613,0.3820401610271726
CHEMBL239_EC50,25,molformer,mlp,crem_mean,0.06544488181332458,0.12557933670610416,0.11086632904493356
CHEMBL239_EC50,25,molformer,xgboost,crem_lime,0.10133980125772735,0.07227637922182144,0.1729145286728218
CHEMBL239_EC50,25,molformer,xgboost,crem_mean,0.04232313665592098,0.13172457544603683,0.09004677296936346
CHEMBL239_EC50,25,morgan,mlp,crem_lime,0.019627170502295174,0.2696933684289006,0.2503392593129739
CHEMBL239_EC50,25,morgan,mlp,crem_mean,0.0905301847199923,0.04460933735495487,0.06288258578390163
CHEMBL239_EC50,25,morgan,xgboost,crem_lime,0.020443457721409215,0.5801908019091608,0.5738347494522571
CHEMBL239_EC50,25,morgan,xgboost,crem_mean,0.09371983151051985,0.2544119428820609,0.2369376514120503
CHEMBL239_EC50,25,unimol,mlp,crem_lime,0.016968150307916503,0.020557514697632347,0.033246771408182274
CHEMBL239_EC50,25,unimol,mlp,crem_mean,0.13365269274050653,0.050462695181917996,0.14449337481619526
CHEMBL239_EC50,25,unimol,xgboost,crem_lime,0.019571402984781123,0.027896472829507777,0.009066093546904647
CHEMBL239_EC50,25,unimol,xgboost,crem_mean,0.05948421484641551,0.02832571534687317,0.08043635816471849
CHEMBL239_EC50,26,molformer,mlp,crem_lime,0.05201853806014868,0.13794631339400074,0.1511626512000612
CHEMBL239_EC50,26,molformer,mlp,crem_mean,0.019151839761757005,0.044510836526383456,0.025362755836714275
CHEMBL239_EC50,26,molformer,xgboost,crem_lime,0.037371818573301616,0.08319691626687468,0.04655189456257824
CHEMBL239_EC50,26,molformer,xgboost,crem_mean,0.020274919270553738,0.06233943838680247,0.058188250606190636
CHEMBL239_EC50,26,morgan,mlp,crem_lime,0.060494335400502294,0.12243822980066933,0.10745395107965444
CHEMBL239_EC50,26,morgan,mlp,crem_mean,0.01862128123657678,0.08734270518538727,0.07712879330242356
CHEMBL239_EC50,26,morgan,xgboost,crem_lime,0.07531520827274005,0.07720837200889914,0.14612033594724239
CHEMBL239_EC50,26,morgan,xgboost,crem_mean,0.10477913691203418,0.05071067297155888,0.1252729516395567
CHEMBL239_EC50,26,unimol,mlp,crem_lime,0.05435223742835331,0.06982021593856272,0.12149897692371908
CHEMBL239_EC50,26,unimol,mlp,crem_mean,0.05191282126296215,0.0801241583561972,0.10465102543246219
CHEMBL239_EC50,26,unimol,xgboost,crem_lime,0.06805366642067215,0.0825465440069726,0.07507572809058358
CHEMBL239_EC50,26,unimol,xgboost,crem_mean,0.01944024057168065,0.011542950537303046,0.02151649089671817
CHEMBL239_EC50,29,molformer,mlp,crem_lime,0.15742155116185916,0.1860496624336575,0.28779926217890206
CHEMBL239_EC50,29,molformer,mlp,crem_mean,0.2696638700204136,0.2710583642212115,0.5377467714600288
CHEMBL239_EC50,29,molformer,xgboost,crem_lime,0.04756349609924296,0.1314608498028498,0.16874475479641332
CHEMBL239_EC50,29,molformer,xgboost,crem_mean,0.1582456839244389,0.08260526313824859,0.23732191921026954
CHEMBL239_EC50,29,morgan,mlp,crem_lime,0.0789114167532268,0.26685670045353754,0.26442516162127944
CHEMBL239_EC50,29,morgan,mlp,crem_mean,0.13095728331817094,0.2010939701955915,0.07048965076480954
CHEMBL239_EC50,29,morgan,xgboost,crem_lime,0.18041700699928231,0.13369468345962895,0.3140765084159033
CHEMBL239_EC50,29,morgan,xgboost,crem_mean,0.07218393446789409,0.14943636152597767,0.18505908726238213
CHEMBL239_EC50,29,unimol,mlp,crem_lime,0.08048493231620692,0.0708425020002212,0.06985189172801361
CHEMBL239_EC50,29,unimol,mlp,crem_mean,0.05436919765919667,0.08545006218376529,0.13977618095152755
CHEMBL239_EC50,29,unimol,xgboost,crem_lime,0.07458099616400223,0.08198239711071878,0.15229757065445285
CHEMBL239_EC50,29,unimol,xgboost,crem_mean,0.07517946547438197,0.10570048766142819,0.16918660044138026
CHEMBL239_EC50,30,molformer,mlp,crem_lime,0.145248641571807,0.3284745669326426,0.43093408197960137
CHEMBL239_EC50,30,molformer,mlp,crem_mean,0.07926872079137334,0.17054547121675612,0.1214801067985713
CHEMBL239_EC50,30,molformer,xgboost,crem_lime,0.07241323735851216,0.1819806735223706,0.2466843139767589
CHEMBL239_EC50,30,molformer,xgboost,crem_mean,0.013625292874272717,0.05909684998210116,0.06639133969135257
CHEMBL239_EC50,30,morgan,mlp,crem_lime,0.22762460630984707,0.40295056241962424,0.23487315049540294
CHEMBL239_EC50,30,morgan,mlp,crem_mean,0.03402694149910388,0.1269549401041547,0.14518905048408093
CHEMBL239_EC50,30,morgan,xgboost,crem_lime,0.14226441895946668,0.2759052055001735,0.38770179951600237
CHEMBL239_EC50,30,morgan,xgboost,crem_mean,0.07384873838618104,0.03627594170491807,0.09921844423237511
CHEMBL239_EC50,30,unimol,mlp,crem_lime,0.3667580484444525,0.22681133740030357,0.5587764133703054
CHEMBL239_EC50,30,unimol,mlp,crem_mean,0.07348800229069456,0.08188373611651852,0.15191620147029597
CHEMBL239_EC50,30,unimol,xgboost,crem_lime,0.24674880761998727,0.4048363837389708,0.5177177181880573
CHEMBL239_EC50,30,unimol,xgboost,crem_mean,0.07832040014504116,0.07108253822932928,0.14891728936987145
CHEMBL239_EC50,35,molformer,mlp,crem_lime,0.05119975170141161,0.25591562148276037,0.2300610717027228
CHEMBL239_EC50,35,molformer,mlp,crem_mean,0.009484227382448099,0.0688969523465573,0.07832533215469473
CHEMBL239_EC50,35,molformer,xgboost,crem_lime,0.13195250860833713,0.17098341537229964,0.2215446228191805
CHEMBL239_EC50,35,molformer,xgboost,crem_mean,0.03709924993298782,0.06572272680482324,0.03903381195945749
CHEMBL239_EC50,35,morgan,mlp,crem_lime,0.08096574341421725,0.022680988176595085,0.09160990027686411
CHEMBL239_EC50,35,morgan,mlp,crem_mean,0.040316891146185294,0.0447059700830059,0.06222838632398981
CHEMBL239_EC50,35,morgan,xgboost,crem_lime,0.17401485077172038,0.10019943248525519,0.09613127600012482
CHEMBL239_EC50,35,morgan,xgboost,crem_mean,0.04901798861794809,0.0921259738669959,0.0845656284128092
CHEMBL239_EC50,35,unimol,mlp,crem_lime,0.04935276561768885,0.04538843237013062,0.04448198858977286
CHEMBL239_EC50,35,unimol,mlp,crem_mean,0.11854514564452202,0.10990358713003258,0.09530534740770905
CHEMBL239_EC50,35,unimol,xgboost,crem_lime,0.13399455586725734,0.13730340049493897,0.10999835373888385
CHEMBL239_EC50,35,unimol,xgboost,crem_mean,0.1038993967761887,0.1685970601310662,0.17766042426119213
CHEMBL239_EC50,37,molformer,mlp,crem_lime,0.024986361326378947,0.0900094637391108,0.1129681324032798
CHEMBL239_EC50,37,molformer,mlp,crem_mean,0.0009759017015402875,0.021636313088936706,0.021547435330402258
CHEMBL239_EC50,37,molformer,xgboost,crem_lime,0.0187970715562517,0.3152655942218814,0.33252730365390926
CHEMBL239_EC50,37,molformer,xgboost,crem_mean,0.019908797718799394,0.10655524070348364,0.12152685660003197
CHEMBL239_EC50,37,morgan,mlp,crem_lime,0.04605356217573823,0.05968908069895643,0.08712312967930737
CHEMBL239_EC50,37,morgan,mlp,crem_mean,0.007861585455370792,0.050045601987031355,0.042244519088802536
CHEMBL239_EC50,37,morgan,xgboost,crem_lime,0.040557804011146906,0.13637136899870306,0.11437028747304977
CHEMBL239_EC50,37,morgan,xgboost,crem_mean,0.016009857084732907,0.027894259388595202,0.021385861416682774
CHEMBL239_EC50,37,unimol,mlp,crem_lime,0.20049645713629863,0.08913267275478792,0.2555518760677431
CHEMBL239_EC50,37,unimol,mlp,crem_mean,0.025449211368256928,0.018126682105537983,0.01741354668554743
CHEMBL239_EC50,37,unimol,xgboost,crem_lime,0.18410336596281673,0.2638107140041098,0.321185303423155
CHEMBL239_EC50,37,unimol,xgboost,crem_mean,0.07417672335062464,0.01025254338341368,0.08015760630795277
CHEMBL239_EC50,38,molformer,mlp,crem_lime,0.2593790806336384,0.2985019466004983,0.3074273504512651
CHEMBL239_EC50,38,molformer,mlp,crem_mean,0.10848510152372026,0.025285824299021684,0.09558605057022054
CHEMBL239_EC50,38,molformer,xgboost,crem_lime,0.10858436820869234,0.03241720677832432,0.14040298200865484
CHEMBL239_EC50,38,molformer,xgboost,crem_mean,0.01508880294435084,0.08638071492656055,0.09978184689890021
CHEMBL239_EC50,38,morgan,mlp,crem_lime,0.027800120291217027,0.033112771452182554,0.03676067951945391
CHEMBL239_EC50,38,morgan,mlp,crem_mean,0.018065725225179092,0.01115744869936228,0.028696026451945106
CHEMBL239_EC50,38,morgan,xgboost,crem_lime,0.04341448955787147,0.04618635980310135,0.054280758889903954
CHEMBL239_EC50,38,morgan,xgboost,crem_mean,0.0023736337323398693,0.029475322802297307,0.028300832948835362
CHEMBL239_EC50,38,unimol,mlp,crem_lime,0.013393675891217052,0.0548774337823152,0.04837209685954925
CHEMBL239_EC50,38,unimol,mlp,crem_mean,0.06646182307552226,0.028390435240110326,0.043423046378367476
CHEMBL239_EC50,38,unimol,xgboost,crem_lime,0.01072635218330057,0.20371600148237973,0.21384304300614806
CHEMBL239_EC50,38,unimol,xgboost,crem_mean,0.024150488317788397,0.057095979598156155,0.0451325864044171
CHEMBL239_EC50,40,molformer,mlp,crem_lime,0.028639168702561862,0.06034092105924264,0.07752346876118837
CHEMBL239_EC50,40,molformer,mlp,crem_mean,0.029061892888320316,0.01433364320984741,0.01561280187264866
CHEMBL239_EC50,40,molformer,xgboost,crem_lime,0.13783442727419876,0.30401378451066,0.39826438252475027
CHEMBL239_EC50,40,molformer,xgboost,crem_mean,0.17364371841344398,0.047941339007197416,0.20566052597186882
CHEMBL239_EC50,40,morgan,mlp,crem_lime,0.0015388810893218652,0.17935331962945636,0.17804992246754883
CHEMBL239_EC50,40,morgan,mlp,crem_mean,0.01639378074805435,0.03914598233412495,0.0486431517223895
CHEMBL239_EC50,40,morgan,xgboost,crem_lime,0.000179005617649913,0.032751099453274285,0.03288461697248428
CHEMBL239_EC50,40,morgan,xgboost,crem_mean,0.004868164040311122,0.005182994696404083,0.001109812237117909
CHEMBL239_EC50,40,unimol,mlp,crem_lime,0.003365085529320594,0.012356202192461991,0.015167772039779748
CHEMBL239_EC50,40,unimol,mlp,crem_mean,0.027645553300492374,0.060203266808757344,0.07986699585937652
CHEMBL239_EC50,40,unimol,xgboost,crem_lime,0.016253391296358253,0.031546747150162535,0.044635835603769866
CHEMBL239_EC50,40,unimol,xgboost,crem_mean,0.05036464981620772,0.010023416966877082,0.04788946100328605
CHEMBL239_EC50,48,molformer,mlp,crem_lime,0.14141772901726518,0.09878443756238539,0.08330424504946456
CHEMBL239_EC50,48,molformer,mlp,crem_mean,0.006147735963074871,0.029953842367219517,0.03542387320804984
CHEMBL239_EC50,48,molformer,xgboost,crem_lime,0.05767723722886285,0.26296844903846534,0.3204078557718823
CHEMBL239_EC50,48,molformer,xgboost,crem_mean,0.06198947180164168,0.17182097551930456,0.23272291817497026
CHEMBL239_EC50,48,morgan,mlp,crem_lime,0.11587512790025219,0.3205470861512667,0.37956638523864267
CHEMBL239_EC50,48,morgan,mlp,crem_mean,0.06381008489618178,0.21628924557687135,0.279703125649774
CHEMBL239_EC50,48,morgan,xgboost,crem_lime,0.11691674160101327,0.21022284019132012,0.09489836870925418
CHEMBL239_EC50,48,morgan,xgboost,crem_mean,0.07490293078362102,0.05616423638624791,0.12864082321726997
CHEMBL239_EC50,48,unimol,mlp,crem_lime,0.07991366537502842,0.10283583410419476,0.1722315607355267
CHEMBL239_EC50,48,unimol,mlp,crem_mean,0.1466594321621553,0.16719706389463834,0.2619468874272493
CHEMBL239_EC50,48,unimol,xgboost,crem_lime,0.10429256731593212,0.11909154051346196,0.09476582601854391
CHEMBL239_EC50,48,unimol,xgboost,crem_mean,0.10998402716066896,0.15954023266474918,0.25585735312707925
CHEMBL239_EC50,52,molformer,mlp,crem_lime,0.06766170646742466,0.09522000069737269,0.11421930498872786
CHEMBL239_EC50,52,molformer,mlp,crem_mean,0.0010223321209906747,0.004159092468999351,0.003186298671467772
CHEMBL239_EC50,52,molformer,xgboost,crem_lime,0.025397419247141718,0.00941871264499282,0.023860888369998282
CHEMBL239_EC50,52,molformer,xgboost,crem_mean,0.00042031665931012907,0.002780036983770251,0.0031343352501451384
CHEMBL239_EC50,52,morgan,mlp,crem_lime,0.007239012781516042,0.08413135741889838,0.08902573253707798
CHEMBL239_EC50,52,morgan,mlp,crem_mean,0.0025170940156488764,0.0018147795000642386,0.003939587992547857
CHEMBL239_EC50,52,morgan,xgboost,crem_lime,0.1172534386922385,0.02026889600069606,0.12560242137375252
CHEMBL239_EC50,52,morgan,xgboost,crem_mean,0.0008514259750688256,0.002990321453897688,0.0022022369283859144
CHEMBL239_EC50,52,unimol,mlp,crem_lime,0.025167778024171927,0.1195386078755995,0.13762492985055658
CHEMBL239_EC50,52,unimol,mlp,crem_mean,0.00406735474956753,0.004112101493171445,0.007979202182183075
CHEMBL239_EC50,52,unimol,xgboost,crem_lime,0.0026472996915969317,0.059405152126611835,0.05676640485785082
CHEMBL239_EC50,52,unimol,xgboost,crem_mean,0.002189621475109927,0.004179293800629918,0.006349823311351613
CHEMBL239_EC50,57,molformer,mlp,crem_lime,0.01190856929029169,0.06098016689390258,0.06992267837414542
CHEMBL239_EC50,57,molformer,mlp,crem_mean,0.022060294632129832,0.1721598465434827,0.19319593519980502
CHEMBL239_EC50,57,molformer,xgboost,crem_lime,0.0554748774083775,0.04465653165700827,0.0592075987970867
CHEMBL239_EC50,57,molformer,xgboost,crem_mean,0.18007325333558266,0.044176529292893243,0.22235366143514299
CHEMBL239_EC50,57,morgan,mlp,crem_lime,0.05280780580748619,0.06223463898687645,0.014218668134546569
CHEMBL239_EC50,57,morgan,mlp,crem_mean,0.06053193889728362,0.16475014427035797,0.22497835708485106
CHEMBL239_EC50,57,morgan,xgboost,crem_lime,0.0394763987240834,0.15620692220772744,0.19122791215301438
CHEMBL239_EC50,57,morgan,xgboost,crem_mean,0.020795123500450395,0.28292745452418194,0.2924647536566768
CHEMBL239_EC50,57,unimol,mlp,crem_lime,0.03347459546484827,0.1266487143014654,0.15996381160213294
CHEMBL239_EC50,57,unimol,mlp,crem_mean,0.11698155402740097,0.07119687257826668,0.12113653997868735
CHEMBL239_EC50,57,unimol,xgboost,crem_lime,0.04639471075774502,0.009842730756737318,0.0553494142811798
CHEMBL239_EC50,57,unimol,xgboost,crem_mean,0.047881187245016325,0.017026915549048127,0.04086651064023297
CHEMBL239_EC50,66,molformer,mlp,crem_lime,0.06351928317334972,0.03788347457015281,0.043340734042938554
CHEMBL239_EC50,66,molformer,mlp,crem_mean,0.02314489196336828,0.024092927888192863,0.029618250506358645
CHEMBL239_EC50,66,molformer,xgboost,crem_lime,0.17850988050606145,0.18012656632995738,0.3077295670147466
CHEMBL239_EC50,66,molformer,xgboost,crem_mean,0.04034951303581665,0.021940423324799924,0.023165988052178545
CHEMBL239_EC50,66,morgan,mlp,crem_lime,0.04294078867239074,0.054001473209869484,0.08805123375390074
CHEMBL239_EC50,66,morgan,mlp,crem_mean,0.04934127648332217,0.09518931245163738,0.07223306820671938
CHEMBL239_EC50,66,morgan,xgboost,crem_lime,0.08346671595384171,0.16653478647035708,0.20141312822186788
CHEMBL239_EC50,66,morgan,xgboost,crem_mean,0.03568372228210947,0.17614620642900786,0.21175600410694306
CHEMBL239_EC50,66,unimol,mlp,crem_lime,0.018588861222470245,0.0424846699020946,0.05011847821031026
CHEMBL239_EC50,66,unimol,mlp,crem_mean,0.024217177871848287,0.22271699725897795,0.24307550621778906
CHEMBL239_EC50,66,unimol,xgboost,crem_lime,0.07259513334409196,0.47439877024641597,0.486744898410878
CHEMBL239_EC50,66,unimol,xgboost,crem_mean,0.19711687564101965,0.2078088077403323,0.3703990137809832
CHEMBL239_EC50,68,molformer,mlp,crem_lime,0.11880675790016172,0.12052094641442491,0.16152336428931804
CHEMBL239_EC50,68,molformer,mlp,crem_mean,0.0682688744610172,0.11344063231968395,0.11896897749128324
CHEMBL239_EC50,68,molformer,xgboost,crem_lime,0.12903193552354558,0.13738459151214424,0.18587151692221493
CHEMBL239_EC50,68,molformer,xgboost,crem_mean,0.031315925782554675,0.09224360201775955,0.11549584584345256
CHEMBL239_EC50,68,morgan,mlp,crem_lime,0.01993778309358063,0.11853430995978008,0.113710521613123
CHEMBL239_EC50,68,morgan,mlp,crem_mean,0.009168645140764932,0.0181776046599954,0.012237961105147924
CHEMBL239_EC50,68,morgan,xgboost,crem_lime,0.0588327783754619,0.08028782296007768,0.021854993738638764
CHEMBL239_EC50,68,morgan,xgboost,crem_mean,0.007632016794187626,0.02184152686361749,0.014989434243250215
CHEMBL239_EC50,68,unimol,mlp,crem_lime,0.07594354905650162,0.2607563488629601,0.2988102463244839
CHEMBL239_EC50,68,unimol,mlp,crem_mean,0.09238279429006682,0.05624522195691036,0.11835421468003379
CHEMBL239_EC50,68,unimol,xgboost,crem_lime,0.3682739361541585,0.14455816780195707,0.22372060177419645
CHEMBL239_EC50,68,unimol,xgboost,crem_mean,0.07625566811069237,0.06893488787414527,0.1324256581206328
CHEMBL239_EC50,74,molformer,mlp,crem_lime,0.07560395697697335,0.15198165432337085,0.1557579777872322
CHEMBL239_EC50,74,molformer,mlp,crem_mean,0.18231900674218735,0.16824267065594228,0.06832387394794995
CHEMBL239_EC50,74,molformer,xgboost,crem_lime,0.09738680078466475,0.08175807715975696,0.15511388989036012
CHEMBL239_EC50,74,molformer,xgboost,crem_mean,0.02747668887399318,0.13532441379238197,0.14723950072951877
CHEMBL239_EC50,74,morgan,mlp,crem_lime,0.03955710955843284,0.3150261706624853,0.3239774840160674
CHEMBL239_EC50,74,morgan,mlp,crem_mean,0.030334448670846743,0.26167268593610227,0.24467653172452936
CHEMBL239_EC50,74,morgan,xgboost,crem_lime,0.006193623776760248,0.06879252451464934,0.06805897914304442
CHEMBL239_EC50,74,morgan,xgboost,crem_mean,0.010403925439362943,0.01854708763168152,0.0279686388218967
CHEMBL239_EC50,74,unimol,mlp,crem_lime,0.28050994858934764,0.14403574517025258,0.4243729876832055
CHEMBL239_EC50,74,unimol,mlp,crem_mean,0.08666768867984904,0.0439023827059747,0.1220075747883388
CHEMBL239_EC50,74,unimol,xgboost,crem_lime,0.09703920423516033,0.0957576823641492,0.18929196999839376
CHEMBL239_EC50,74,unimol,xgboost,crem_mean,0.13184980062113216,0.03538628980141887,0.15784499949572625
CHEMBL239_EC50,75,molformer,mlp,crem_lime,0.011318099834133812,0.09165245525282542,0.10273985717744824
CHEMBL239_EC50,75,molformer,mlp,crem_mean,0.0018784895059615926,0.09809959005629508,0.09981188483463657
CHEMBL239_EC50,75,molformer,xgboost,crem_lime,0.033389557479400964,0.23731147266256714,0.2073098025983137
CHEMBL239_EC50,75,molformer,xgboost,crem_mean,0.013078844506008594,0.148267288872269,0.13558068415615232
CHEMBL239_EC50,75,morgan,mlp,crem_lime,0.02667733279835787,0.16157147253059517,0.1592372790868118
CHEMBL239_EC50,75,morgan,mlp,crem_mean,0.16258725239199903,0.20958183851201426,0.13811052730184592
CHEMBL239_EC50,75,morgan,xgboost,crem_lime,0.016491530170715772,0.06684492520524236,0.05035452106126808
CHEMBL239_EC50,75,morgan,xgboost,crem_mean,0.07832553077009262,0.17257719413216055,0.2445203731186228
CHEMBL239_EC50,75,unimol,mlp,crem_lime,0.013853866373314072,0.0388391864332654,0.026705662180398042
CHEMBL239_EC50,75,unimol,mlp,crem_mean,0.026945505368343076,0.21425569231956984,0.24107623320603427
CHEMBL239_EC50,75,unimol,xgboost,crem_lime,0.031438561175489016,0.11579643074071344,0.09335358746645403
CHEMBL239_EC50,75,unimol,xgboost,crem_mean,0.011075355641160009,0.14226738607203177,0.15224231510104402
CHEMBL239_EC50,85,molformer,mlp,crem_lime,0.23932446273204416,0.24056114130083806,0.20851011477989034
CHEMBL239_EC50,85,molformer,mlp,crem_mean,0.02846930884194669,0.07313046761406299,0.06851401878710107
CHEMBL239_EC50,85,molformer,xgboost,crem_lime,0.013160644233828846,0.3975887776406455,0.38808045911533445
CHEMBL239_EC50,85,molformer,xgboost,crem_mean,0.05809728651777374,0.10523927458016213,0.04952513144612138
CHEMBL239_EC50,85,morgan,mlp,crem_lime,0.09210964749502136,0.3354350531098892,0.3758910271112429
CHEMBL239_EC50,85,morgan,mlp,crem_mean,0.024874709064010608,0.04565474423817608,0.06239314155855645
CHEMBL239_EC50,85,morgan,xgboost,crem_lime,0.06831426541913294,0.048741984152924155,0.05182654746196805
CHEMBL239_EC50,85,morgan,xgboost,crem_mean,0.04065137621561842,0.08130386376982456,0.10661041042578871
CHEMBL239_EC50,85,unimol,mlp,crem_lime,0.16250018908019184,0.2011108093727749,0.2456675953124446
CHEMBL239_EC50,85,unimol,mlp,crem_mean,0.04335400018453047,0.059946729153499315,0.025812886326177762
CHEMBL239_EC50,85,unimol,xgboost,crem_lime,0.12607371245858878,0.1798433103583491,0.26355583430076485
CHEMBL239_EC50,85,unimol,xgboost,crem_mean,0.047483810786018564,0.1232115778104382,0.09904726431679806
CHEMBL239_EC50,91,molformer,mlp,crem_lime,0.04231815801182104,0.06504112048797743,0.022729300553944544
CHEMBL239_EC50,91,molformer,mlp,crem_mean,0.04000698496840233,0.031219799653081838,0.009244142141643581
CHEMBL239_EC50,91,molformer,xgboost,crem_lime,0.10154504636309918,0.23424699904644466,0.31952271009748495
CHEMBL239_EC50,91,molformer,xgboost,crem_mean,0.023714375507475634,0.09505834858097172,0.11753433446504598
CHEMBL239_EC50,91,morgan,mlp,crem_lime,0.03587841277003121,0.013499519993466248,0.03348452427237469
CHEMBL239_EC50,91,morgan,mlp,crem_mean,0.01987005054510175,0.06533620275462701,0.08118178600187204
CHEMBL239_EC50,91,morgan,xgboost,crem_lime,0.09405633793268231,0.08331895612538355,0.17736607265147178
CHEMBL239_EC50,91,morgan,xgboost,crem_mean,0.01666031994818724,0.07878167110450525,0.08810582862250847
CHEMBL239_EC50,91,unimol,mlp,crem_lime,0.14149287914161596,0.024643681302038863,0.15092514098370716
CHEMBL239_EC50,91,unimol,mlp,crem_mean,0.04863123254618146,0.10863420823133442,0.11532105725924932
CHEMBL239_EC50,91,unimol,xgboost,crem_lime,0.33502901927535755,0.028892215473068632,0.3457870896853594
CHEMBL239_EC50,91,unimol,xgboost,crem_mean,0.04475291034086022,0.02718294675041423,0.07185262406122517
CHEMBL239_EC50,102,molformer,mlp,crem_lime,0.15280315757028332,0.09437806994871345,0.20383122593297584
CHEMBL239_EC50,102,molformer,mlp,crem_mean,0.09907326660813442,0.37137921657923945,0.3046446531906249
CHEMBL239_EC50,102,molformer,xgboost,crem_lime,0.19794504618521486,0.18364825655223957,0.17345251131535303
CHEMBL239_EC50,102,molformer,xgboost,crem_mean,0.03192760973959204,0.2684242413582038,0.28820351923986987
CHEMBL239_EC50,102,morgan,mlp,crem_lime,0.03798022534316054,0.03495179341825445,0.017289532196045627
CHEMBL239_EC50,102,morgan,mlp,crem_mean,0.014685868755235832,0.053964055221448426,0.04407554062629511
CHEMBL239_EC50,102,morgan,xgboost,crem_lime,0.03460599130447518,0.3458376213450256,0.353192957511697
CHEMBL239_EC50,102,morgan,xgboost,crem_mean,0.012770834696013086,0.10342597003191846,0.09847716547711328
CHEMBL239_EC50,102,unimol,mlp,crem_lime,0.04566143244054502,0.029578209098444098,0.05899375544257475
CHEMBL239_EC50,102,unimol,mlp,crem_mean,0.04123402109172324,0.039828731987209945,0.08017618495974246
CHEMBL239_EC50,102,unimol,xgboost,crem_lime,0.013117949500397769,0.10762334252535936,0.11605279713110715
CHEMBL239_EC50,102,unimol,xgboost,crem_mean,0.04855159025874151,0.09355796884877561,0.06866118174850953
CHEMBL239_EC50,107,molformer,mlp,crem_lime,0.054169738181460675,0.10542865433497504,0.11118260976391436
CHEMBL239_EC50,107,molformer,mlp,crem_mean,0.06392757701422297,0.042672330398086954,0.06342923567196712
CHEMBL239_EC50,107,molformer,xgboost,crem_lime,0.06142792537221661,0.20617743458081753,0.2644423013421725
CHEMBL239_EC50,107,molformer,xgboost,crem_mean,0.06363000888069233,0.10347324069879066,0.1655245840705703
CHEMBL239_EC50,107,morgan,mlp,crem_lime,0.019012678950208157,0.07296039868849745,0.060313852010124104
CHEMBL239_EC50,107,morgan,mlp,crem_mean,0.022001534269715888,0.061791727684900856,0.07535332459896524
CHEMBL239_EC50,107,morgan,xgboost,crem_lime,0.005831519006477782,0.15051645000848934,0.1450595548807316
CHEMBL239_EC50,107,morgan,xgboost,crem_mean,0.017139860029098,0.05079325629601567,0.06169235982283033
CHEMBL239_EC50,107,unimol,mlp,crem_lime,0.024807761484899472,0.06271326619161739,0.08199283735180674
CHEMBL239_EC50,107,unimol,mlp,crem_mean,0.031107529253034973,0.03302809163027676,0.05438513381838077
CHEMBL239_EC50,107,unimol,xgboost,crem_lime,0.01852061043844004,0.2019517456873955,0.21962882382351473
CHEMBL239_EC50,107,unimol,xgboost,crem_mean,0.028390097076980435,0.04982848415329983,0.024405650657557367
CHEMBL239_EC50,114,molformer,mlp,crem_lime,0.042879300843795314,0.3061315658794505,0.26367882989793945
CHEMBL239_EC50,114,molformer,mlp,crem_mean,0.04788416682498686,0.08255010157963673,0.058681399736568225
CHEMBL239_EC50,114,molformer,xgboost,crem_lime,0.02603102260169341,0.2128690494843986,0.23292746272994708
CHEMBL239_EC50,114,molformer,xgboost,crem_mean,0.031669013421754315,0.03271016030457345,0.04876756619845872
CHEMBL239_EC50,114,morgan,mlp,crem_lime,0.24671326071463057,0.1854561246854834,0.2926116034365922
CHEMBL239_EC50,114,morgan,mlp,crem_mean,0.03240731776341024,0.0406775243022982,0.07092034783966315
CHEMBL239_EC50,114,morgan,xgboost,crem_lime,0.015092157321128672,0.17447123696053582,0.16898970827336082
CHEMBL239_EC50,114,morgan,xgboost,crem_mean,0.016588960843141685,0.14688751353398521,0.13434184448413355
CHEMBL239_EC50,114,unimol,mlp,crem_lime,0.04522785391096309,0.20766480957792682,0.19505323246164608
CHEMBL239_EC50,114,unimol,mlp,crem_mean,0.029175657516633945,0.14009355513084853,0.11303305815698288
CHEMBL239_EC50,114,unimol,xgboost,crem_lime,0.1461507451447489,0.1841586576819139,0.3198746056448322
CHEMBL239_EC50,114,unimol,xgboost,crem_mean,0.014446154332231984,0.1045695206198015,0.11901493642915266
CHEMBL239_EC50,115,molformer,mlp,crem_lime,0.14821753939568458,0.0061187528132747105,0.15332370362197847
CHEMBL239_EC50,115,molformer,mlp,crem_mean,0.021240004571188555,0.10387025587989536,0.08508355678707505
CHEMBL239_EC50,115,molformer,xgboost,crem_lime,0.04714291763832018,0.037743815711228194,0.00984105476580485
CHEMBL239_EC50,115,molformer,xgboost,crem_mean,0.01630823217909254,0.15283628815855355,0.16768640930424544
CHEMBL239_EC50,115,morgan,mlp,crem_lime,0.012156631941360456,0.21571578102488312,0.2277608145711264
CHEMBL239_EC50,115,morgan,mlp,crem_mean,0.01251923919999589,0.07600513273318008,0.07365705430526052
CHEMBL239_EC50,115,morgan,xgboost,crem_lime,0.025392827114535832,0.01693712637087859,0.04213941117458954
CHEMBL239_EC50,115,morgan,xgboost,crem_mean,0.01537089729733958,0.007704934564815533,0.00784787896175285
CHEMBL239_EC50,115,unimol,mlp,crem_lime,0.05355320971888552,0.18625876458350216,0.18918570405868626
CHEMBL239_EC50,115,unimol,mlp,crem_mean,0.0480098117665721,0.07499749211298055,0.02949734147743992
CHEMBL239_EC50,115,unimol,xgboost,crem_lime,0.10808109089259112,0.019020163361303334,0.12696993030531148
CHEMBL239_EC50,115,unimol,xgboost,crem_mean,0.04746217902448964,0.12606536163299042,0.12159541458636738
CHEMBL239_EC50,118,molformer,mlp,crem_lime,0.016167168759013195,0.13914911757810738,0.14714285409802874
CHEMBL239_EC50,118,molformer,mlp,crem_mean,0.021286642420984023,0.04665372956295227,0.03489451887059617
CHEMBL239_EC50,118,molformer,xgboost,crem_lime,0.010524372886398016,0.03130442729400903,0.04122187765288875
CHEMBL239_EC50,118,molformer,xgboost,crem_mean,0.004923801639349928,0.06106674785291671,0.06363676791659226
CHEMBL239_EC50,118,morgan,mlp,crem_lime,0.0692733047980708,0.2464929026355362,0.18988088737923736
CHEMBL239_EC50,118,morgan,mlp,crem_mean,0.04838568637143058,0.1447826830925385,0.17766143528952727
CHEMBL239_EC50,118,morgan,xgboost,crem_lime,0.018198522617673976,0.09094526386621085,0.08761933652848859
CHEMBL239_EC50,118,morgan,xgboost,crem_mean,0.045365641830574205,0.04021991212605364,0.005192115772737771
CHEMBL239_EC50,118,unimol,mlp,crem_lime,0.1795441585195854,0.06693461074796914,0.1443526972007612
CHEMBL239_EC50,118,unimol,mlp,crem_mean,0.00964758715551469,0.09400237260688311,0.09698501033187024
CHEMBL239_EC50,118,unimol,xgboost,crem_lime,0.07423414157364586,0.0344770686484532,0.06971761594099604
CHEMBL239_EC50,118,unimol,xgboost,crem_mean,0.061546025654817,0.0037715386679582135,0.06501072260369622
CHEMBL239_EC50,124,molformer,mlp,crem_lime,0.19062633979236573,0.09273335223136535,0.28317488389022755
CHEMBL239_EC50,124,molformer,mlp,crem_mean,0.03313173707572021,0.14426650237344396,0.12038517872784298
CHEMBL239_EC50,124,molformer,xgboost,crem_lime,0.0578851550706932,0.13186271415609546,0.16355355319441975
CHEMBL239_EC50,124,molformer,xgboost,crem_mean,0.05434335479967061,0.12536511904525488,0.08788786478807763
CHEMBL239_EC50,124,morgan,mlp,crem_lime,0.03108687853190954,0.28718143859689943,0.3181030155210587
CHEMBL239_EC50,124,morgan,mlp,crem_mean,0.19542592741989503,0.2008210146694605,0.32922284667119583
CHEMBL239_EC50,124,morgan,xgboost,crem_lime,0.01787415511963709,0.20647348412182912,0.19134791537980209
CHEMBL239_EC50,124,morgan,xgboost,crem_mean,0.20905991415263617,0.1851179891263156,0.39119125314630065
CHEMBL239_EC50,124,unimol,mlp,crem_lime,0.12436421117610934,0.15663355616603616,0.2300170377009403
CHEMBL239_EC50,124,unimol,mlp,crem_mean,0.09798494981121202,0.22574395843418918,0.2846803030975573
CHEMBL239_EC50,124,unimol,xgboost,crem_lime,0.10275983666403658,0.1290994474768858,0.23023501204808225
CHEMBL239_EC50,124,unimol,xgboost,crem_mean,0.058634078791371065,0.29151394778028633,0.32450133386074115
CHEMBL239_EC50,126,molformer,mlp,crem_lime,0.009085803742525742,0.1916183051666663,0.18574984458942084
CHEMBL239_EC50,126,molformer,mlp,crem_mean,0.012160547316746503,0.0763792728314209,0.07574770346369529
CHEMBL239_EC50,126,molformer,xgboost,crem_lime,0.07900360831808197,0.03807765735257837,0.04520958747032932
CHEMBL239_EC50,126,molformer,xgboost,crem_mean,0.017684955140271397,0.06773327583152029,0.056671962306500526
CHEMBL239_EC50,126,morgan,mlp,crem_lime,0.012904702011148676,0.02736812458180238,0.029719406480524107
CHEMBL239_EC50,126,morgan,mlp,crem_mean,0.015711929848904283,0.0716229990900452,0.0766705369492031
CHEMBL239_EC50,126,morgan,xgboost,crem_lime,0.00843245092143831,0.1555479732701339,0.1549189333523681
CHEMBL239_EC50,126,morgan,xgboost,crem_mean,0.00446628083293442,0.015617251575712582,0.014462901066598307
CHEMBL239_EC50,126,unimol,mlp,crem_lime,0.004108220625377567,0.022221611019225377,0.023464479648166833
CHEMBL239_EC50,126,unimol,mlp,crem_mean,0.040620613737907714,0.04334521257524981,0.07745860599706242
CHEMBL239_EC50,126,unimol,xgboost,crem_lime,0.2179297306474214,0.047278373886375936,0.18898527966477158
CHEMBL239_EC50,126,unimol,xgboost,crem_mean,0.02990982556241387,0.02226412796416856,0.04968747176029605
CHEMBL239_EC50,127,molformer,mlp,crem_lime,0.00358334678790456,0.042939884015428226,0.03937253359595776
CHEMBL239_EC50,127,molformer,mlp,crem_mean,0.011289493972864977,0.005563036746796409,0.016675672113208095
CHEMBL239_EC50,127,molformer,xgboost,crem_lime,0.019330257458623875,0.004041977042272946,0.01765662636371982
CHEMBL239_EC50,127,molformer,xgboost,crem_mean,0.01509866168520426,0.067379935642276,0.05228200692840038
CHEMBL239_EC50,127,morgan,mlp,crem_lime,0.010370026763246405,0.011995655503415062,0.0116551752111781
CHEMBL239_EC50,127,morgan,mlp,crem_mean,0.017723412330415543,0.01267126579638693,0.021357714365294853
CHEMBL239_EC50,127,morgan,xgboost,crem_lime,0.035429362605608986,0.05577304416631904,0.07398468486974899
CHEMBL239_EC50,127,morgan,xgboost,crem_mean,0.05783742913787586,0.130614190153244,0.12395987281498612
CHEMBL239_EC50,127,unimol,mlp,crem_lime,0.02319864689889952,0.013410332705273285,0.031626200970553305
CHEMBL239_EC50,127,unimol,mlp,crem_mean,0.017698596705014096,0.04660002016988679,0.060078840715926674
CHEMBL239_EC50,127,unimol,xgboost,crem_lime,0.018530876943578797,0.07743182301557447,0.08618495842235521
CHEMBL239_EC50,127,unimol,xgboost,crem_mean,0.02059579634406331,0.08251495168720414,0.10310956421252873
CHEMBL244_Ki,2,molformer,mlp,crem_lime,0.2723733286880441,0.22069765320810958,0.35623905003469314
CHEMBL244_Ki,2,molformer,mlp,crem_mean,0.010830184369928279,0.15004372820354775,0.145616608660859
CHEMBL244_Ki,2,molformer,xgboost,crem_lime,0.09087630872638863,0.27191512404680196,0.2719092248836416
CHEMBL244_Ki,2,molformer,xgboost,crem_mean,0.18371437986768724,0.10148965673338578,0.08237137179595809
CHEMBL244_Ki,2,morgan,mlp,crem_lime,0.08732879103366925,0.14556247150574878,0.07710868098680451
CHEMBL244_Ki,2,morgan,mlp,crem_mean,0.052046780071623375,0.3550246274023817,0.3644980533762793
CHEMBL244_Ki,2,morgan,xgboost,crem_lime,0.05185344931910238,0.2737740985135678,0.2716652410624272
CHEMBL244_Ki,2,morgan,xgboost,crem_mean,0.13539173755632353,0.08774395056314921,0.07648656640993551
CHEMBL244_Ki,2,unimol,mlp,crem_lime,0.15176347177758695,0.27501857071089775,0.21984765064999018
CHEMBL244_Ki,2,unimol,mlp,crem_mean,0.02229109683435506,0.01765946431947151,0.03989468283280674
CHEMBL244_Ki,2,unimol,xgboost,crem_lime,0.060262876211748806,0.3022245963642426,0.2522766783102391
CHEMBL244_Ki,2,unimol,xgboost,crem_mean,0.2324995333057422,0.07907266425884699,0.2601945278677214
CHEMBL244_Ki,3,molformer,mlp,crem_lime,0.04690481011957185,0.045069043189208444,0.02858314903694353
CHEMBL244_Ki,3,molformer,mlp,crem_mean,0.003859235743382414,0.1421396553699614,0.13910576692399843
CHEMBL244_Ki,3,molformer,xgboost,crem_lime,0.19933944557410094,0.2092713019946661,0.24093218947014017
CHEMBL244_Ki,3,molformer,xgboost,crem_mean,0.06016918994077056,0.22315434090541636,0.18225001652002434
CHEMBL244_Ki,3,morgan,mlp,crem_lime,0.0785717237619339,0.28869434804053157,0.21013018409894713
CHEMBL244_Ki,3,morgan,mlp,crem_mean,0.05001236572637997,0.20751838865459027,0.23798950720341971
CHEMBL244_Ki,3,morgan,xgboost,crem_lime,0.17371728169406697,0.3230891342744589,0.29310749932160995
CHEMBL244_Ki,3,morgan,xgboost,crem_mean,0.014941921346208586,0.21784080615423793,0.2035725252086755
CHEMBL244_Ki,3,unimol,mlp,crem_lime,0.1827903295385427,0.2574274530425348,0.3745110791208311
CHEMBL244_Ki,3,unimol,mlp,crem_mean,0.19773537340393688,0.15650156156543515,0.35268849264995883
CHEMBL244_Ki,3,unimol,xgboost,crem_lime,0.15770897297098607,0.14238898070822836,0.2958807326006034
CHEMBL244_Ki,3,unimol,xgboost,crem_mean,0.043809205474029125,0.04435742980546494,0.07388093801186307
CHEMBL244_Ki,6,molformer,mlp,crem_lime,0.05256230419206958,0.21900762293860893,0.21615828237761522
CHEMBL244_Ki,6,molformer,mlp,crem_mean,0.005302396343931711,0.2203818198767231,0.21514355078314482
CHEMBL244_Ki,6,molformer,xgboost,crem_lime,0.06862956694942127,0.15827358886499915,0.19729215215379975
CHEMBL244_Ki,6,molformer,xgboost,crem_mean,0.02455538771771854,0.21149455109721196,0.23115561657870592
CHEMBL244_Ki,6,morgan,mlp,crem_lime,0.014402533964580043,0.123767144166619,0.10974673859272753
CHEMBL244_Ki,6,morgan,mlp,crem_mean,0.011810535415382243,0.17925922848660925,0.17855472027782138
CHEMBL244_Ki,6,morgan,xgboost,crem_lime,0.0014233608732596285,0.2832122896621416,0.2837999150237958
CHEMBL244_Ki,6,morgan,xgboost,crem_mean,0.0013426136353193296,0.29046869911424034,0.2918039637985324
CHEMBL244_Ki,6,unimol,mlp,crem_lime,0.011461158744026657,0.15197594913420523,0.15990780090035417
CHEMBL244_Ki,6,unimol,mlp,crem_mean,0.016078039850737143,0.1802958452778027,0.1652313512287902
CHEMBL244_Ki,6,unimol,xgboost,crem_lime,0.05033974101383216,0.053445344255251694,0.0031099121866903345
CHEMBL244_Ki,6,unimol,xgboost,crem_mean,0.019903857900726768,0.2078975282848967,0.22095414023637025
CHEMBL244_Ki,25,molformer,mlp,crem_lime,0.2721658649127469,0.28225973453719305,0.5531782673030423
CHEMBL244_Ki,25,molformer,mlp,crem_mean,0.014502817766725015,0.059078230788965,0.046495330000324735
CHEMBL244_Ki,25,molformer,xgboost,crem_lime,0.19272499927788939,0.12622624555975462,0.2850481843839757
CHEMBL244_Ki,25,molformer,xgboost,crem_mean,0.05161232365398672,0.010228668094994694,0.06049125445222073
CHEMBL244_Ki,25,morgan,mlp,crem_lime,0.11355989388125554,0.1314292427506435,0.09735436993093356
CHEMBL244_Ki,25,morgan,mlp,crem_mean,0.009005538470709376,0.049781464226518725,0.056274173582614655
CHEMBL244_Ki,25,morgan,xgboost,crem_lime,0.029885080762576673,0.2833577883730135,0.29103014392243143
CHEMBL244_Ki,25,morgan,xgboost,crem_mean,0.002959758727903097,0.09257270724677157,0.09402182420932302
CHEMBL244_Ki,25,unimol,mlp,crem_lime,0.029170403065265187,0.4936755157534575,0.5043762908999326
CHEMBL244_Ki,25,unimol,mlp,crem_mean,0.02046399625357208,0.0672556644823788,0.05573889220009911
CHEMBL244_Ki,25,unimol,xgboost,crem_lime,0.20120094468541166,0.2953349195151756,0.41323424166258305
CHEMBL244_Ki,25,unimol,xgboost,crem_mean,0.029422608715504034,0.04993763930306125,0.07934490666819498
CHEMBL244_Ki,32,molformer,mlp,crem_lime,0.05631300902364069,0.06407031156459318,0.11286392551877011
CHEMBL244_Ki,32,molformer,mlp,crem_mean,0.04453844933748539,0.005031306946189758,0.04835905198186707
CHEMBL244_Ki,32,molformer,xgboost,crem_lime,0.05991705976959781,0.14813992463381717,0.1869958159329987
CHEMBL244_Ki,32,molformer,xgboost,crem_mean,0.0025833059028607594,0.015588457268119837,0.01356842071931454
CHEMBL244_Ki,32,morgan,mlp,crem_lime,0.05087943256696336,0.23140249372518457,0.23767021516873904
CHEMBL244_Ki,32,morgan,mlp,crem_mean,0.0,0.01818653347947316,0.018186533479473157
CHEMBL244_Ki,32,morgan,xgboost,crem_lime,0.03971895294638392,0.027461089269183413,0.033304766725278205
CHEMBL244_Ki,32,morgan,xgboost,crem_mean,0.03464101615137749,0.00949670995661129,0.03442655225258545
CHEMBL244_Ki,32,unimol,mlp,crem_lime,0.24629407024584296,0.053350734472087685,0.21715309357053525
CHEMBL244_Ki,32,unimol,mlp,crem_mean,0.04050699108216518,0.01064189832689638,0.04978304973398399
CHEMBL244_Ki,32,unimol,xgboost,crem_lime,0.012283317623431607,0.1364408909064432,0.1293410342817305
CHEMBL244_Ki,32,unimol,xgboost,crem_mean,0.017971065179155855,0.018559987621112984,0.006142029954464979
CHEMBL244_Ki,35,molformer,mlp,crem_lime,0.15799948193839652,0.056859750269346386,0.11571300718992683
CHEMBL244_Ki,35,molformer,mlp,crem_mean,0.03944227089804118,0.01292972448656229,0.040034863853852354
CHEMBL244_Ki,35,molformer,xgboost,crem_lime,0.12793188086743532,0.11647752235136904,0.030354526441599416
CHEMBL244_Ki,35,molformer,xgboost,crem_mean,0.02197393430642082,0.1567761612424143,0.15362952837009794
CHEMBL244_Ki,35,morgan,mlp,crem_lime,0.029295176909114623,0.1994263533201691,0.22681986653741737
CHEMBL244_Ki,35,morgan,mlp,crem_mean,0.013393672275910224,0.06658712404807969,0.055644633073974284
CHEMBL244_Ki,35,morgan,xgboost,crem_lime,0.025649806166226335,0.37964262325982806,0.3695277766843458
CHEMBL244_Ki,35,morgan,xgboost,crem_mean,0.01623404378727045,0.3561242817991733,0.3476963221214459
CHEMBL244_Ki,35,unimol,mlp,crem_lime,0.04501704404183979,0.15878657547972647,0.13012933138726052
CHEMBL244_Ki,35,unimol,mlp,crem_mean,0.03162061747854331,0.07627527294667924,0.07310950413518771
CHEMBL244_Ki,35,unimol,xgboost,crem_lime,0.021579682994735908,0.257024640921962,0.2780966107997688
CHEMBL244_Ki,35,unimol,xgboost,crem_mean,0.031286646284221134,0.12023475062176754,0.1499035394006345
CHEMBL244_Ki,36,molformer,mlp,crem_lime,0.19311290745826257,0.25626113205825063,0.14673102388048476
CHEMBL244_Ki,36,molformer,mlp,crem_mean,0.10853472666284708,0.18697918194188062,0.09661861870728557
CHEMBL244_Ki,36,molformer,xgboost,crem_lime,0.07566413919378406,0.2514773019475287,0.17581472819142452
CHEMBL244_Ki,36,molformer,xgboost,crem_mean,0.011523479496685677,0.2281894425682076,0.2338535324602116
CHEMBL244_Ki,36,morgan,mlp,crem_lime,0.219237932672879,0.4349980702600263,0.489005020235926
CHEMBL244_Ki,36,morgan,mlp,crem_mean,0.12965758296041832,0.17136223337916234,0.17380686115720498
CHEMBL244_Ki,36,morgan,xgboost,crem_lime,0.07015393404438015,0.2973057053157252,0.3362453052361215
CHEMBL244_Ki,36,morgan,xgboost,crem_mean,0.05697877619616868,0.03943297836164389,0.09168169533382285
CHEMBL244_Ki,36,unimol,mlp,crem_lime,0.1348940926101137,0.15726071829502203,0.055513346664354195
CHEMBL244_Ki,36,unimol,mlp,crem_mean,0.05127821533528816,0.09612256678147028,0.0658637476809035
CHEMBL244_Ki,36,unimol,xgboost,crem_lime,0.14882312091543043,0.24787065159437885,0.381209511654926
CHEMBL244_Ki,36,unimol,xgboost,crem_mean,0.18458142388891824,0.04442310244083185,0.2245194140291689
CHEMBL244_Ki,37,molformer,mlp,crem_lime,0.06284887168861014,0.1831953497082461,0.21875501070172357
CHEMBL244_Ki,37,molformer,mlp,crem_mean,0.014818763643956321,0.1593119528904358,0.17410483770308918
CHEMBL244_Ki,37,molformer,xgboost,crem_lime,0.005593149690732091,0.05492829789336586,0.05866862682696647
CHEMBL244_Ki,37,molformer,xgboost,crem_mean,0.034300758668003875,0.0498390952006486,0.02588992905458619
CHEMBL244_Ki,37,morgan,mlp,crem_lime,0.023222751930017653,0.14603370688740497,0.12308418396410475
CHEMBL244_Ki,37,morgan,mlp,crem_mean,0.025245910319294747,0.08913030352145088,0.09107647921419063
CHEMBL244_Ki,37,morgan,xgboost,crem_lime,0.016747149186740775,0.03519442257344455,0.04087078953898108
CHEMBL244_Ki,37,morgan,xgboost,crem_mean,0.02351588447793407,0.0682848179753881,0.09124035093896955
CHEMBL244_Ki,37,unimol,mlp,crem_lime,0.0824207460309677,0.03519117290508238,0.11551988988282354
CHEMBL244_Ki,37,unimol,mlp,crem_mean,0.028645370315699862,0.012009538297214002,0.039843332207071376
CHEMBL244_Ki,37,unimol,xgboost,crem_lime,0.01431270604969008,0.030200234980339247,0.04443457280710288
CHEMBL244_Ki,37,unimol,xgboost,crem_mean,0.05628853731765032,0.01951207317849778,0.07030561795071066
CHEMBL244_Ki,38,molformer,mlp,crem_lime,0.046535147154728715,0.004146783871182562,0.04265679777233316
CHEMBL244_Ki,38,molformer,mlp,crem_mean,0.04275714361127551,0.019542224456716894,0.02328198015673771
CHEMBL244_Ki,38,molformer,xgboost,crem_lime,0.04312602668359884,0.14368431738025578,0.10086889232209298
CHEMBL244_Ki,38,molformer,xgboost,crem_mean,0.034720683494619535,0.05782768210654155,0.06364523985192301
CHEMBL244_Ki,38,morgan,mlp,crem_lime,0.1496492140452701,0.44567257751634753,0.32282903197434804
CHEMBL244_Ki,38,morgan,mlp,crem_mean,0.06838030560047814,0.13418175782141945,0.1642612043624392
CHEMBL244_Ki,38,morgan,xgboost,crem_lime,0.004145506097007776,0.1331208433948732,0.13711504061833907
CHEMBL244_Ki,38,morgan,xgboost,crem_mean,0.003932265758791131,0.1590462363919188,0.1565822890108143
CHEMBL244_Ki,38,unimol,mlp,crem_lime,0.19575069424893593,0.4216653047031222,0.5598613576286846
CHEMBL244_Ki,38,unimol,mlp,crem_mean,0.0555338682139591,0.12997064824348942,0.1624546282249927
CHEMBL244_Ki,38,unimol,xgboost,crem_lime,0.37863389411417586,0.018781431870241744,0.3892003257145012
CHEMBL244_Ki,38,unimol,xgboost,crem_mean,0.016482794912572814,0.021258063307001245,0.03448447442057039
CHEMBL244_Ki,50,molformer,mlp,crem_lime,0.09699261496339351,0.24152175622366848,0.33496827169838456
CHEMBL244_Ki,50,molformer,mlp,crem_mean,0.018495455904929015,0.026584167781094053,0.03306581572397006
CHEMBL244_Ki,50,molformer,xgboost,crem_lime,0.051462430924232555,0.26787111460102697,0.21640874843136457
CHEMBL244_Ki,50,molformer,xgboost,crem_mean,0.058624898127311975,0.05322921623360914,0.018921713947900442
CHEMBL244_Ki,50,morgan,mlp,crem_lime,0.3545644032857605,0.12468905054448659,0.23966036954276101
CHEMBL244_Ki,50,morgan,mlp,crem_mean,0.15922276062888205,0.09414688432592411,0.07103309629566125
CHEMBL244_Ki,50,morgan,xgboost,crem_lime,0.016520463175552155,0.08841798254355934,0.10264690954989332
CHEMBL244_Ki,50,morgan,xgboost,crem_mean,0.01104654012910681,0.08060230482803447,0.0702179248198644
CHEMBL244_Ki,50,unimol,mlp,crem_lime,0.11526084564953971,0.08399305851340885,0.14033322520924624
CHEMBL244_Ki,50,unimol,mlp,crem_mean,0.03338528717907095,0.051530007424622756,0.0821648496706177
CHEMBL244_Ki,50,unimol,xgboost,crem_lime,0.0533563819160888,0.15065382550217557,0.13565465720222558
CHEMBL244_Ki,50,unimol,xgboost,crem_mean,0.024903040854369004,0.08596993967997561,0.09199485227604964
CHEMBL244_Ki,55,molformer,mlp,crem_lime,0.00887567877095147,0.049418767520742424,0.040694364351069684
CHEMBL244_Ki,55,molformer,mlp,crem_mean,0.00633717352035952,0.050779838598396916,0.04906566534951597
CHEMBL244_Ki,55,molformer,xgboost,crem_lime,0.19512967947741583,0.29447068273841726,0.09990640622261487
CHEMBL244_Ki,55,molformer,xgboost,crem_mean,0.06060934442146075,0.14331322506213443,0.08514145367836125
CHEMBL244_Ki,55,morgan,mlp,crem_lime,0.014050753317301216,0.07035421434746503,0.061399392190955394
CHEMBL244_Ki,55,morgan,mlp,crem_mean,0.13575311030204212,0.010073125666747477,0.12569325247278088
CHEMBL244_Ki,55,morgan,xgboost,crem_lime,0.030098050036919417,0.02326263271435126,0.0466740421502698
CHEMBL244_Ki,55,morgan,xgboost,crem_mean,0.0009481236242967208,0.04770302746684031,0.04701297947493354
CHEMBL244_Ki,55,unimol,mlp,crem_lime,0.03704191157937233,0.004295681402543804,0.04040049546876136
CHEMBL244_Ki,55,unimol,mlp,crem_mean,0.014644264297092277,0.022493310957671115,0.014595984782517824
CHEMBL244_Ki,55,unimol,xgboost,crem_lime,0.006875161014081523,0.006851522237435212,0.009276998942740686
CHEMBL244_Ki,55,unimol,xgboost,crem_mean,0.04321179313708539,0.06581197516083422,0.07037966229946209
CHEMBL244_Ki,67,molformer,mlp,crem_lime,0.031116306251373262,0.21095147425274186,0.22714033994134164
CHEMBL244_Ki,67,molformer,mlp,crem_mean,0.16535873993966316,0.18724214715440182,0.26038042183060817
CHEMBL244_Ki,67,molformer,xgboost,crem_lime,0.23146220683147237,0.020020153005070516,0.22844340544523173
CHEMBL244_Ki,67,molformer,xgboost,crem_mean,0.18126281617180884,0.17252716057429784,0.3537764475977471
CHEMBL244_Ki,67,morgan,mlp,crem_lime,0.09680015712214568,0.23086463041750732,0.1392959105249047
CHEMBL244_Ki,67,morgan,mlp,crem_mean,0.012521286215852084,0.19690828467227434,0.2082719960608335
CHEMBL244_Ki,67,morgan,xgboost,crem_lime,0.016915568909231616,0.09462894043182986,0.0877627146486781
CHEMBL244_Ki,67,morgan,xgboost,crem_mean,0.019922696428933507,0.01762334853312831,0.02881215756724968
CHEMBL244_Ki,67,unimol,mlp,crem_lime,0.03486268508042499,0.21523027965457572,0.21361159346376268
CHEMBL244_Ki,67,unimol,mlp,crem_mean,0.019702420600871712,0.15090301739917172,0.13139961900974556
CHEMBL244_Ki,67,unimol,xgboost,crem_lime,0.03454461122571638,0.1201533796349977,0.09991734985074327
CHEMBL244_Ki,67,unimol,xgboost,crem_mean,0.12244616608620494,0.12064664966860204,0.23199009908064042
CHEMBL244_Ki,68,molformer,mlp,crem_lime,0.007255603244172627,0.11693184266028178,0.12058482063988883
CHEMBL244_Ki,68,molformer,mlp,crem_mean,0.004793723832513858,0.028587074752802154,0.025910747071471237
CHEMBL244_Ki,68,molformer,xgboost,crem_lime,0.012841969010168828,0.0502031634856851,0.03944031687056975
CHEMBL244_Ki,68,molformer,xgboost,crem_mean,0.005071800140105945,0.0018380059124246282,0.0066181152263802435
CHEMBL244_Ki,68,morgan,mlp,crem_lime,0.06528518188108275,0.2299681688653996,0.24360007205626097
CHEMBL244_Ki,68,morgan,mlp,crem_mean,0.01714225726735829,0.005269612375328246,0.022266917374085506
CHEMBL244_Ki,68,morgan,xgboost,crem_lime,0.282905524473911,0.010572646260883223,0.27480931668349845
CHEMBL244_Ki,68,morgan,xgboost,crem_mean,0.037896356136674914,0.013868398933374614,0.026250828231622416
CHEMBL244_Ki,68,unimol,mlp,crem_lime,0.0957577999746217,0.2537861539539525,0.2648857606964009
CHEMBL244_Ki,68,unimol,mlp,crem_mean,0.0009774184047829611,0.03360042540621897,0.032732113752903524
CHEMBL244_Ki,68,unimol,xgboost,crem_lime,0.1596276428802153,0.1300917167714147,0.06691376205455964
CHEMBL244_Ki,68,unimol,xgboost,crem_mean,0.0009744810553736243,0.04593533044501292,0.04497659602973012
CHEMBL244_Ki,73,molformer,mlp,crem_lime,0.006807380432318094,0.23172672163277486,0.23569518626265723
CHEMBL244_Ki,73,molformer,mlp,crem_mean,0.03877779824928456,0.08698970645023377,0.056812361547857564
CHEMBL244_Ki,73,molformer,xgboost,crem_lime,0.02331677466131971,0.023672372083948512,0.03527215387567681
CHEMBL244_Ki,73,molformer,xgboost,crem_mean,0.005524616600026338,0.04963123543764618,0.05063161131438986
CHEMBL244_Ki,73,morgan,mlp,crem_lime,0.05207932310086672,0.1124545532145748,0.1546928921362934
CHEMBL244_Ki,73,morgan,mlp,crem_mean,0.06724571110053684,0.10191331344222213,0.16441645004304253
CHEMBL244_Ki,73,morgan,xgboost,crem_lime,0.11716749902812061,0.03509152968252624,0.09890585639491345
CHEMBL244_Ki,73,morgan,xgboost,crem_mean,0.09988086623034234,0.045322738679790364,0.06405718127451185
CHEMBL244_Ki,73,unimol,mlp,crem_lime,0.005468258630244031,0.0220569909600119,0.01659118673544746
CHEMBL244_Ki,73,unimol,mlp,crem_mean,0.004272574020729895,0.029965587996272434,0.030332303642222152
CHEMBL244_Ki,73,unimol,xgboost,crem_lime,0.049315304628140814,0.12228563891053341,0.17121015075660595
CHEMBL244_Ki,73,unimol,xgboost,crem_mean,0.0352177546868871,0.10765345347411569,0.119783034761971
CHEMBL244_Ki,74,molformer,mlp,crem_lime,0.024253952133744053,0.4064519410460707,0.4156397878194932
CHEMBL244_Ki,74,molformer,mlp,crem_mean,0.017498794675538634,0.1313138590958562,0.14770694561276146
CHEMBL244_Ki,74,molformer,xgboost,crem_lime,0.16750996226848427,0.09035822116720137,0.17210127213736573
CHEMBL244_Ki,74,molformer,xgboost,crem_mean,0.008173664350526683,0.05593683478566806,0.053052504953538394
CHEMBL244_Ki,74,morgan,mlp,crem_lime,0.1047583502890826,0.2050089570153786,0.3058114538599178
CHEMBL244_Ki,74,morgan,mlp,crem_mean,0.019687378735129716,0.04264129088197656,0.05154208309915506
CHEMBL244_Ki,74,morgan,xgboost,crem_lime,0.06353735886321744,0.08877424755763234,0.14127375851607177
CHEMBL244_Ki,74,morgan,xgboost,crem_mean,0.1241548009689173,0.014654426947983738,0.1326544936213335
CHEMBL244_Ki,74,unimol,mlp,crem_lime,0.03262407615442837,0.16536450266250324,0.19770696799572093
CHEMBL244_Ki,74,unimol,mlp,crem_mean,0.005908399372653487,0.09508030327475271,0.09261006202442966
CHEMBL244_Ki,74,unimol,xgboost,crem_lime,0.07025806096441635,0.2734881020279317,0.3051063548734244
CHEMBL244_Ki,74,unimol,xgboost,crem_mean,0.023230438616075787,0.055599849663944,0.07189887610736372
CHEMBL244_Ki,77,molformer,mlp,crem_lime,0.08321455257922046,0.3850162250181939,0.30435707437161585
CHEMBL244_Ki,77,molformer,mlp,crem_mean,0.02004619173332782,0.08687185899923935,0.09061253748991685
CHEMBL244_Ki,77,molformer,xgboost,crem_lime,0.3241138330538935,0.305232605054014,0.5904064563691982
CHEMBL244_Ki,77,molformer,xgboost,crem_mean,0.06020739634081239,0.04880547970878242,0.08328640074018916
CHEMBL244_Ki,77,morgan,mlp,crem_lime,0.35324633495459457,0.08426895841093957,0.432584100880264
CHEMBL244_Ki,77,morgan,mlp,crem_mean,0.026923176748988017,0.04435222038708696,0.06167797742912495
CHEMBL244_Ki,77,morgan,xgboost,crem_lime,0.02530125552736988,0.3206694294579642,0.3250365353115453
CHEMBL244_Ki,77,morgan,xgboost,crem_mean,0.02277480085123055,0.18896388597420707,0.2022356025205741
CHEMBL244_Ki,77,unimol,mlp,crem_lime,0.1814541798813318,0.4163237867223075,0.4770803763753375
CHEMBL244_Ki,77,unimol,mlp,crem_mean,0.08554034694758085,0.16559616373044633,0.11357394874282249
CHEMBL244_Ki,77,unimol,xgboost,crem_lime,0.20573989845751017,0.031879635633808,0.1921104078755403
CHEMBL244_Ki,77,unimol,xgboost,crem_mean,0.04700501573292575,0.05183971984657299,0.07795258013358015
CHEMBL244_Ki,87,molformer,mlp,crem_lime,0.04983700810419949,0.15392352229362125,0.13291114678028712
CHEMBL244_Ki,87,molformer,mlp,crem_mean,0.012280838739320704,0.11222244810645562,0.12202044227580455
CHEMBL244_Ki,87,molformer,xgboost,crem_lime,0.0416036486406879,0.019321572210543425,0.02450047676221348
CHEMBL244_Ki,87,molformer,xgboost,crem_mean,0.12004703279577458,0.17368611853745466,0.28960536697305794
CHEMBL244_Ki,87,morgan,mlp,crem_lime,0.01563580900507134,0.10188130708356549,0.09547255903080325
CHEMBL244_Ki,87,morgan,mlp,crem_mean,0.0375414104493421,0.24829120108490088,0.2709907185564705
CHEMBL244_Ki,87,morgan,xgboost,crem_lime,0.10493900108203838,0.18118538098633158,0.10991722321212996
CHEMBL244_Ki,87,morgan,xgboost,crem_mean,0.07248726664177235,0.2623995457154949,0.21030264453424943
CHEMBL244_Ki,87,unimol,mlp,crem_lime,0.014383727272418469,0.31775165381954995,0.30400536030098857
CHEMBL244_Ki,87,unimol,mlp,crem_mean,0.17978992229832616,0.20208894144897113,0.30988928812286715
CHEMBL244_Ki,87,unimol,xgboost,crem_lime,0.043297980018723446,0.09437239775585217,0.1000245246438078
CHEMBL244_Ki,87,unimol,xgboost,crem_mean,0.10887860445697356,0.22060627756122717,0.31745354988712626
CHEMBL244_Ki,90,molformer,mlp,crem_lime,0.006841173690228826,0.22509544587265515,0.2232688381886291
CHEMBL244_Ki,90,molformer,mlp,crem_mean,0.00852454927485379,0.15257833331401882,0.14837143162839725
CHEMBL244_Ki,90,molformer,xgboost,crem_lime,0.019312708738571386,0.02178474242097302,0.037649177170344106
CHEMBL244_Ki,90,molformer,xgboost,crem_mean,0.01873178289594725,0.015421775574523127,0.026693965166215056
CHEMBL244_Ki,90,morgan,mlp,crem_lime,0.03271160967358102,0.040161374857730435,0.025160535446630643
CHEMBL244_Ki,90,morgan,mlp,crem_mean,0.04782246063146216,0.028511217144790168,0.07246127437212398
CHEMBL244_Ki,90,morgan,xgboost,crem_lime,0.0005306708294751226,0.08792968029714993,0.08839864912491306
CHEMBL244_Ki,90,morgan,xgboost,crem_mean,0.0021579045149180405,0.09946477053236494,0.1002002486445461
CHEMBL244_Ki,90,unimol,mlp,crem_lime,0.1293448255715038,0.26019504298144325,0.22679871077954372
CHEMBL244_Ki,90,unimol,mlp,crem_mean,0.043431141982332014,0.09763334741232844,0.13211881165717593
CHEMBL244_Ki,90,unimol,xgboost,crem_lime,0.07965627286313053,0.01177619757283857,0.09126180735747991
CHEMBL244_Ki,90,unimol,xgboost,crem_mean,0.07517877083689965,0.02014258584965548,0.09360950702337946
CHEMBL244_Ki,92,molformer,mlp,crem_lime,0.0288080385640956,0.5207241822189472,0.547041828456429
CHEMBL244_Ki,92,molformer,mlp,crem_mean,0.010803761813076749,0.14470700596315356,0.154830928650241
CHEMBL244_Ki,92,molformer,xgboost,crem_lime,0.15102958077640422,0.0627963609997138,0.09076742674444616
CHEMBL244_Ki,92,molformer,xgboost,crem_mean,0.070281633047631,0.008432202761012685,0.07033498415771881
CHEMBL244_Ki,92,morgan,mlp,crem_lime,0.3167254665378733,0.0033833315592105514,0.31440756284808635
CHEMBL244_Ki,92,morgan,mlp,crem_mean,0.06571187374728986,0.0011100693960832732,0.06668965103655519
CHEMBL244_Ki,92,morgan,xgboost,crem_lime,0.0,0.019056551112270767,0.019056551112270628
CHEMBL244_Ki,92,morgan,xgboost,crem_mean,0.0,0.002810279110885336,0.0028102791108853132
CHEMBL244_Ki,92,unimol,mlp,crem_lime,0.04310663057938101,0.029170033310961532,0.040552159929951585
CHEMBL244_Ki,92,unimol,mlp,crem_mean,0.0027018657771633136,0.009296099701196032,0.007253181422172715
CHEMBL244_Ki,92,unimol,xgboost,crem_lime,0.009389765504532575,0.04667449637180003,0.04083698649212155
CHEMBL244_Ki,92,unimol,xgboost,crem_mean,0.0007774636013252138,0.008256079472701868,0.007591825508547482
CHEMBL244_Ki,93,molformer,mlp,crem_lime,0.04882527331889692,0.014887999401542283,0.06086320802951478
CHEMBL244_Ki,93,molformer,mlp,crem_mean,0.06199425662270277,0.107406767445052,0.060274912262488066
CHEMBL244_Ki,93,molformer,xgboost,crem_lime,0.05484445449865551,0.03157839410315595,0.023421193164704812
CHEMBL244_Ki,93,molformer,xgboost,crem_mean,0.02515057133982671,0.1604758489762409,0.13558061152035372
CHEMBL244_Ki,93,morgan,mlp,crem_lime,0.06463178419046811,0.21676296869522235,0.15256382145523953
CHEMBL244_Ki,93,morgan,mlp,crem_mean,0.18960727730112248,0.1032230035868554,0.09420776660771175
CHEMBL244_Ki,93,morgan,xgboost,crem_lime,0.002227642207261256,0.007381517052644463,0.006750927842076116
CHEMBL244_Ki,93,morgan,xgboost,crem_mean,0.005214712520676617,0.02288902116482134,0.019497115904365033
CHEMBL244_Ki,93,unimol,mlp,crem_lime,0.010549807935084646,0.0857991501552928,0.09521475138287283
CHEMBL244_Ki,93,unimol,mlp,crem_mean,0.01870457722881686,0.0881803180312787,0.10477830950268455
CHEMBL244_Ki,93,unimol,xgboost,crem_lime,0.05844731410806936,0.0479838657028051,0.03996001545768058
CHEMBL244_Ki,93,unimol,xgboost,crem_mean,0.03476231512139017,0.21960526613497314,0.23075079037261437
CHEMBL244_Ki,95,molformer,mlp,crem_lime,0.030766857756361884,0.04352184336201483,0.07428107095746965
CHEMBL244_Ki,95,molformer,mlp,crem_mean,0.04594703274356284,0.03486074828036424,0.07444049647869813
CHEMBL244_Ki,95,molformer,xgboost,crem_lime,0.018660110629501528,0.05674883288180857,0.0388358063991273
CHEMBL244_Ki,95,molformer,xgboost,crem_mean,0.10740169347116117,0.07745031016596185,0.03771873272180953
CHEMBL244_Ki,95,morgan,mlp,crem_lime,0.01940166828588354,0.09839418597058401,0.10670397218252015
CHEMBL244_Ki,95,morgan,mlp,crem_mean,0.09102419093809246,0.04179901295387692,0.12430079106661128
CHEMBL244_Ki,95,morgan,xgboost,crem_lime,0.0672274662698761,0.03803775495554166,0.04375047320097218
CHEMBL244_Ki,95,morgan,xgboost,crem_mean,0.3479213133712912,0.29029071130803924,0.6309393090983886
CHEMBL244_Ki,95,unimol,mlp,crem_lime,0.02593133603768396,0.008692500116380869,0.03392930786112539
CHEMBL244_Ki,95,unimol,mlp,crem_mean,0.10688154342774561,0.130758274700361,0.2007635461577287
CHEMBL244_Ki,95,unimol,xgboost,crem_lime,0.050395012609280976,0.0691025679706344,0.11511270481663997
CHEMBL244_Ki,95,unimol,xgboost,crem_mean,0.033170766425335646,0.18133432759003443,0.21447277981913274
CHEMBL244_Ki,100,molformer,mlp,crem_lime,0.18594853579435267,0.16069555528568935,0.07317008539630561
CHEMBL244_Ki,100,molformer,mlp,crem_mean,0.16562586583247385,0.27508580234702573,0.18887397169982678
CHEMBL244_Ki,100,molformer,xgboost,crem_lime,0.2196388873404939,0.07426289935444245,0.1631984180610676
CHEMBL244_Ki,100,molformer,xgboost,crem_mean,0.09897944197052595,0.07253218048769665,0.10045315830592506
CHEMBL244_Ki,100,morgan,mlp,crem_lime,0.1304739358366174,0.15689299652891092,0.09286778043692978
CHEMBL244_Ki,100,morgan,mlp,crem_mean,0.05759813280272185,0.06943095562733591,0.12185027700168793
CHEMBL244_Ki,100,morgan,xgboost,crem_lime,0.06669055817171309,0.16047283608939517,0.16495382765369962
CHEMBL244_Ki,100,morgan,xgboost,crem_mean,0.028548471042402337,0.11825380130852801,0.14438365768765443
CHEMBL244_Ki,100,unimol,mlp,crem_lime,0.14961567018908004,0.13987201461306192,0.014567503116811589
CHEMBL244_Ki,100,unimol,mlp,crem_mean,0.07859014259463344,0.09897106152856215,0.11142499520690267
CHEMBL244_Ki,100,unimol,xgboost,crem_lime,0.07669002834389646,0.14854623359727911,0.2252080442307923
CHEMBL244_Ki,100,unimol,xgboost,crem_mean,0.010009270225567595,0.21842876779567222,0.21157686731100644
CHEMBL244_Ki,107,molformer,mlp,crem_lime,0.015254295840941947,0.013611234304214839,0.02885599624541961
CHEMBL244_Ki,107,molformer,mlp,crem_mean,0.0017143060267829104,0.007043589972386277,0.006253692652493994
CHEMBL244_Ki,107,molformer,xgboost,crem_lime,0.040258855132449124,0.025440544328677577,0.02269508049411086
CHEMBL244_Ki,107,molformer,xgboost,crem_mean,0.000775761000091198,0.009110322975161856,0.008426546368295937
CHEMBL244_Ki,107,morgan,mlp,crem_lime,0.0011925560332366949,0.057501888269809794,0.0585619545188009
CHEMBL244_Ki,107,morgan,mlp,crem_mean,0.002518944895770056,0.003883726281505846,0.005708951594075558
CHEMBL244_Ki,107,morgan,xgboost,crem_lime,0.0010543999627833892,0.05250575932683619,0.052486094112299916
CHEMBL244_Ki,107,morgan,xgboost,crem_mean,0.00043857584278537043,0.016987878290970412,0.016549302448185043
CHEMBL244_Ki,107,unimol,mlp,crem_lime,0.007501613177370272,0.010802167548232664,0.005762161882436409
CHEMBL244_Ki,107,unimol,mlp,crem_mean,0.010537011797159978,0.003298387256166836,0.011427528469293761
CHEMBL244_Ki,107,unimol,xgboost,crem_lime,0.005130284003542905,0.021528992262606884,0.017342315309469832
CHEMBL244_Ki,107,unimol,xgboost,crem_mean,0.0012152244274346948,0.0012459972127672676,0.0011605113384877178
CHEMBL244_Ki,108,molformer,mlp,crem_lime,0.05410569852442734,0.24517991767408007,0.29912977186872924
CHEMBL244_Ki,108,molformer,mlp,crem_mean,0.005979650040071177,0.1195584522838132,0.1254343104102483
CHEMBL244_Ki,108,molformer,xgboost,crem_lime,0.09985356830111736,0.04185426625944457,0.13818826218240307
CHEMBL244_Ki,108,molformer,xgboost,crem_mean,0.03299062279227195,0.10584931243746437,0.09520083060579439
CHEMBL244_Ki,108,morgan,mlp,crem_lime,0.01070667171980717,0.02809023102635706,0.033878995078750536
CHEMBL244_Ki,108,morgan,mlp,crem_mean,0.022404480120935183,0.010427807057929223,0.012228416505627868
CHEMBL244_Ki,108,morgan,xgboost,crem_lime,0.012691395614320483,0.222684237179288,0.21458728535511637
CHEMBL244_Ki,108,morgan,xgboost,crem_mean,0.02718842092063457,0.08437083043297605,0.074850790558478
CHEMBL244_Ki,108,unimol,mlp,crem_lime,0.1720847656108709,0.04171024608416699,0.19124353629781926
CHEMBL244_Ki,108,unimol,mlp,crem_mean,0.055005959266087374,0.01682719384638809,0.07061580464856652
CHEMBL244_Ki,108,unimol,xgboost,crem_lime,0.09653604641461527,0.19935041016749483,0.1752695259370218
CHEMBL244_Ki,108,unimol,xgboost,crem_mean,0.06953552932437843,0.07772037383987197,0.035283857080238595
CHEMBL244_Ki,114,molformer,mlp,crem_lime,0.20895888745331465,0.0,0.20895888745331462
CHEMBL244_Ki,114,molformer,mlp,crem_mean,0.026294052957279514,0.13522655806600867,0.12418512369958637
CHEMBL244_Ki,114,molformer,xgboost,crem_lime,0.06509509753452507,0.37790551283754076,0.37656041772336785
CHEMBL244_Ki,114,molformer,xgboost,crem_mean,0.013147026478639698,0.03401612263179324,0.042657548401383805
CHEMBL244_Ki,114,morgan,mlp,crem_lime,0.032911889872272886,0.31403332312299803,0.2990025077960005
CHEMBL244_Ki,114,morgan,mlp,crem_mean,0.005008391039481812,0.05616412173664335,0.05839479107671273
CHEMBL244_Ki,114,morgan,xgboost,crem_lime,0.08041800039076107,0.04586634854442869,0.10545561201981059
CHEMBL244_Ki,114,morgan,xgboost,crem_mean,0.007888215887183827,0.0023496813280972765,0.0092886891329479
CHEMBL244_Ki,114,unimol,mlp,crem_lime,0.0,0.4134951876346368,0.4134951876346368
CHEMBL244_Ki,114,unimol,mlp,crem_mean,0.07888215887183835,0.11765055952951006,0.13522655806600867
CHEMBL244_Ki,114,unimol,xgboost,crem_lime,0.07362334828038243,0.0,0.07362334828038243
CHEMBL244_Ki,114,unimol,xgboost,crem_mean,0.007843370635300703,0.09480455617723665,0.09397942514810215
CHEMBL244_Ki,116,molformer,mlp,crem_lime,0.2876813015382351,0.23509063518490061,0.4621717698939966
CHEMBL244_Ki,116,molformer,mlp,crem_mean,0.04617201515774602,0.0033842556956694726,0.04456571811503974
CHEMBL244_Ki,116,molformer,xgboost,crem_lime,0.4741104912956442,0.25050450941432767,0.650392627854586
CHEMBL244_Ki,116,molformer,xgboost,crem_mean,0.06096107558204901,0.04302217665812881,0.10150811659648637
CHEMBL244_Ki,116,morgan,mlp,crem_lime,0.041039826823283845,0.17196958836901216,0.14808941031700676
CHEMBL244_Ki,116,morgan,mlp,crem_mean,0.008126253272751087,0.0031845249913451663,0.010482479144512771
CHEMBL244_Ki,116,morgan,xgboost,crem_lime,0.07250108831658116,0.4971989760922355,0.52673869061578
CHEMBL244_Ki,116,morgan,xgboost,crem_mean,0.027501671735290275,0.10209308466128704,0.12022245315528732
CHEMBL244_Ki,116,unimol,mlp,crem_lime,0.3845798487952081,0.24024875584195546,0.48837553636319314
CHEMBL244_Ki,116,unimol,mlp,crem_mean,0.0679775786960754,0.11995258945562232,0.18380290771244787
CHEMBL244_Ki,116,unimol,xgboost,crem_lime,0.24479711554097816,0.35941853752845604,0.12404172539061796
CHEMBL244_Ki,116,unimol,xgboost,crem_mean,0.05378837689850837,0.10463088924497824,0.12606145027857488
CHEMBL244_Ki,118,molformer,mlp,crem_lime,0.26664902601388285,0.18666060937725112,0.42575738188793755
CHEMBL244_Ki,118,molformer,mlp,crem_mean,0.03340750529391724,0.07139398748936658,0.08989898856370367
CHEMBL244_Ki,118,molformer,xgboost,crem_lime,0.07838983070407077,0.2490719465532122,0.32516211103849607
CHEMBL244_Ki,118,molformer,xgboost,crem_mean,0.005669856517285815,0.015355952073502122,0.019204267359093096
CHEMBL244_Ki,118,morgan,mlp,crem_lime,0.12479048437475644,0.26429855952743436,0.21061462948307913
CHEMBL244_Ki,118,morgan,mlp,crem_mean,0.001923237340541166,0.08665243895370177,0.08473362760335755
CHEMBL244_Ki,118,morgan,xgboost,crem_lime,0.13840332777247336,0.11050657460134426,0.061219035771146596
CHEMBL244_Ki,118,morgan,xgboost,crem_mean,0.008626366719101601,0.05525366364911218,0.05268111805490696
CHEMBL244_Ki,118,unimol,mlp,crem_lime,0.11288134904664368,0.08792820867133957,0.08401248791802197
CHEMBL244_Ki,118,unimol,mlp,crem_mean,0.012026379945815818,0.015764343324491354,0.01835231454619122
CHEMBL244_Ki,118,unimol,xgboost,crem_lime,0.3891271869017714,0.20500300688645173,0.5932168890599491
CHEMBL244_Ki,118,unimol,xgboost,crem_mean,0.1778212525322083,0.025098812611894408,0.19724969653161292
CHEMBL244_Ki,121,molformer,mlp,crem_lime,0.034830869497640415,0.13772578873995253,0.1055777573989737
CHEMBL244_Ki,121,molformer,mlp,crem_mean,0.04898849519572291,0.11276623378800958,0.06744745688585371
CHEMBL244_Ki,121,molformer,xgboost,crem_lime,0.035571784812631985,0.20423539694264614,0.16965899604764792
CHEMBL244_Ki,121,molformer,xgboost,crem_mean,0.006622527025400026,0.06590842332535952,0.06271868205429522
CHEMBL244_Ki,121,morgan,mlp,crem_lime,0.031055193343392386,0.075380281061818,0.10489727164925283
CHEMBL244_Ki,121,morgan,mlp,crem_mean,0.037907131561568184,0.04806303745691312,0.08007644119121943
CHEMBL244_Ki,121,morgan,xgboost,crem_lime,0.05549088632753146,0.042409435559164085,0.08174609787986342
CHEMBL244_Ki,121,morgan,xgboost,crem_mean,0.006147521079656485,0.07087579417371874,0.0769555244175055
CHEMBL244_Ki,121,unimol,mlp,crem_lime,0.01706758233023387,0.03891452311367065,0.05072287756899802
CHEMBL244_Ki,121,unimol,mlp,crem_mean,0.0543181235299548,0.1136494789045941,0.10133469731845951
CHEMBL244_Ki,121,unimol,xgboost,crem_lime,0.02256591083311308,0.0516123818275976,0.029267273954607022
CHEMBL244_Ki,121,unimol,xgboost,crem_mean,0.02540161311882938,0.1207710977603456,0.10350054649244907
CHEMBL244_Ki,126,molformer,mlp,crem_lime,0.05150767849634992,0.037994685631680014,0.0885104450290347
CHEMBL244_Ki,126,molformer,mlp,crem_mean,0.08633667222951978,0.04254370913675091,0.06504019035167863
CHEMBL244_Ki,126,molformer,xgboost,crem_lime,0.08587347756457114,0.018762691505547543,0.08626902397599889
CHEMBL244_Ki,126,molformer,xgboost,crem_mean,0.07201623858057318,0.054298353248671764,0.09897824088482754
CHEMBL244_Ki,126,morgan,mlp,crem_lime,0.06047877603079348,0.19462911970733407,0.14225607043899338
CHEMBL244_Ki,126,morgan,mlp,crem_mean,0.042577029536889084,0.1734830945658866,0.18200349619813938
CHEMBL244_Ki,126,morgan,xgboost,crem_lime,0.021395893685692325,0.1621981007184752,0.15699867144222127
CHEMBL244_Ki,126,morgan,xgboost,crem_mean,0.007269584664955198,0.08978847496408618,0.08815863760636682
CHEMBL244_Ki,126,unimol,mlp,crem_lime,0.028947144025948602,0.06881271395523053,0.06443484762178257
CHEMBL244_Ki,126,unimol,mlp,crem_mean,0.08425079766778701,0.06864365189240529,0.14412374217846016
CHEMBL244_Ki,126,unimol,xgboost,crem_lime,0.05839830560809253,0.03231154865692549,0.08253478367587305
CHEMBL244_Ki,126,unimol,xgboost,crem_mean,0.06030458843380245,0.021647148104971252,0.07717281860308575
CHEMBL244_Ki,130,molformer,mlp,crem_lime,0.010415973082093933,0.058543428400874585,0.06873250102316236
CHEMBL244_Ki,130,molformer,mlp,crem_mean,0.05203210449739237,0.17230194139227178,0.12140949373128157
CHEMBL244_Ki,130,molformer,xgboost,crem_lime,0.05208154016352586,0.1205664688241985,0.16002513473354757
CHEMBL244_Ki,130,molformer,xgboost,crem_mean,0.1025595992354499,0.08803010844850796,0.0206769992626866
CHEMBL244_Ki,130,morgan,mlp,crem_lime,0.012496271476061135,0.10825854319484537,0.09578548039087462
CHEMBL244_Ki,130,morgan,mlp,crem_mean,0.056282431006867154,0.09097091071987798,0.03917673224477878
CHEMBL244_Ki,130,morgan,xgboost,crem_lime,0.005249800370889555,0.0975962267359683,0.10142949106037644
CHEMBL244_Ki,130,morgan,xgboost,crem_mean,0.004089281855106507,0.24191577663205965,0.23917674527712657
CHEMBL244_Ki,130,unimol,mlp,crem_lime,0.0023003760484369006,0.0755192622983058,0.07781312193330747
CHEMBL244_Ki,130,unimol,mlp,crem_mean,0.028921678221871017,0.12119611420530065,0.15011543528354795
CHEMBL244_Ki,130,unimol,xgboost,crem_lime,0.01107211709221024,0.15918036246821388,0.17018498173701854
CHEMBL244_Ki,130,unimol,xgboost,crem_mean,0.047441493890006806,0.0836945613773771,0.1301258257010275
CHEMBL244_Ki,141,molformer,mlp,crem_lime,0.04587213110106457,0.17979007106212583,0.2155269173191844
CHEMBL244_Ki,141,molformer,mlp,crem_mean,0.20078421365136515,0.1519984499592427,0.3045681515707518
CHEMBL244_Ki,141,molformer,xgboost,crem_lime,0.008550153423488582,0.14122672186466845,0.14441793700035363
CHEMBL244_Ki,141,molformer,xgboost,crem_mean,0.020150040812570474,0.05514246019611379,0.040871300613778354
CHEMBL244_Ki,141,morgan,mlp,crem_lime,0.14754035552263464,0.235840061601104,0.09118188091312368
CHEMBL244_Ki,141,morgan,mlp,crem_mean,0.14593324333751584,0.192108280997809,0.10561677742683132
CHEMBL244_Ki,141,morgan,xgboost,crem_lime,0.06795995226985235,0.15266410962446925,0.13482154263109516
CHEMBL244_Ki,141,morgan,xgboost,crem_mean,0.0100411046207115,0.16216148706272537,0.15235152727990336
CHEMBL244_Ki,141,unimol,mlp,crem_lime,0.10576126875861855,0.026710076661685025,0.1324607492797153
CHEMBL244_Ki,141,unimol,mlp,crem_mean,0.0871228976476739,0.0032959206175850442,0.08925192527820118
CHEMBL244_Ki,141,unimol,xgboost,crem_lime,0.036120707737259845,0.1946570272050235,0.22690253811242495
CHEMBL244_Ki,141,unimol,xgboost,crem_mean,0.04648045725591742,0.18049668913863015,0.22375452837653245
CHEMBL244_Ki,148,molformer,mlp,crem_lime,0.02558182939161107,0.2054517955460834,0.20973774024282743
CHEMBL244_Ki,148,molformer,mlp,crem_mean,0.008683057548114171,0.021346140559351807,0.029896772963819193
CHEMBL244_Ki,148,molformer,xgboost,crem_lime,0.2875484120089524,0.27703199276303836,0.38462495484949205
CHEMBL244_Ki,148,molformer,xgboost,crem_mean,0.018712451164481822,0.07978217332337526,0.09821548618935819
CHEMBL244_Ki,148,morgan,mlp,crem_lime,0.020109189391368014,0.3091583931199616,0.3157557728635531
CHEMBL244_Ki,148,morgan,mlp,crem_mean,0.008322229547292552,0.1774974842356409,0.18238090382533473
CHEMBL244_Ki,148,morgan,xgboost,crem_lime,0.12713225516228358,0.16121314947871443,0.03419793347804275
CHEMBL244_Ki,148,morgan,xgboost,crem_mean,0.015118470775102736,0.010041432654285944,0.007210090023128942
CHEMBL244_Ki,148,unimol,mlp,crem_lime,0.12685146486197632,0.3496523531213302,0.38704178838774334
CHEMBL244_Ki,148,unimol,mlp,crem_mean,0.10073004725351287,0.1826372398792111,0.2813353355089102
CHEMBL244_Ki,148,unimol,xgboost,crem_lime,0.25842113567030445,0.14689810289251967,0.34758038046988565
CHEMBL244_Ki,148,unimol,xgboost,crem_mean,0.07120099412605767,0.03404568006669059,0.05742671456598781
CHEMBL244_Ki,149,molformer,mlp,crem_lime,0.10736491904575926,0.2761080463460848,0.23825932204274816
CHEMBL244_Ki,149,molformer,mlp,crem_mean,0.004724712142014354,0.12978386032412934,0.12955218395518356
CHEMBL244_Ki,149,molformer,xgboost,crem_lime,0.35931630771071177,0.3933159979332341,0.16957653856360283
CHEMBL244_Ki,149,molformer,xgboost,crem_mean,0.18632424284894655,0.10950722198443541,0.08216885367386352
CHEMBL244_Ki,149,morgan,mlp,crem_lime,0.037119548100230416,0.2746971474477,0.27031872616703406
CHEMBL244_Ki,149,morgan,mlp,crem_mean,0.01028358086129948,0.061435922006230714,0.05764295167811256
CHEMBL244_Ki,149,morgan,xgboost,crem_lime,0.17607688708395533,0.1606954526527299,0.23754326930328895
CHEMBL244_Ki,149,morgan,xgboost,crem_mean,0.025058657023013964,0.2601703717405937,0.269767960861029
CHEMBL244_Ki,149,unimol,mlp,crem_lime,0.05743249531407808,0.06638705619160953,0.10168647602968552
CHEMBL244_Ki,149,unimol,mlp,crem_mean,0.032244654595976266,0.1862410203186279,0.17861176315608326
CHEMBL244_Ki,149,unimol,xgboost,crem_lime,0.070787182617466,0.09504213006971292,0.16307323284459196
CHEMBL244_Ki,149,unimol,xgboost,crem_mean,0.2328766820514625,0.19792485467322948,0.4270879205316499
CHEMBL244_Ki,153,molformer,mlp,crem_lime,0.10908755694375462,0.02163214857763335,0.1253130886209701
CHEMBL244_Ki,153,molformer,mlp,crem_mean,0.31189469307603357,0.18318427250343247,0.4353884076231211
CHEMBL244_Ki,153,molformer,xgboost,crem_lime,0.19233197970804747,0.14680352462259513,0.05976845984002061
CHEMBL244_Ki,153,molformer,xgboost,crem_mean,0.06730611525755634,0.42695205106438117,0.3887888169574877
CHEMBL244_Ki,153,morgan,mlp,crem_lime,0.02036045403176066,0.269850147708352,0.2742317394820834
CHEMBL244_Ki,153,morgan,mlp,crem_mean,0.018331799409283304,0.32506786138028876,0.30721548012605626
CHEMBL244_Ki,153,morgan,xgboost,crem_lime,0.061190515338611466,0.2970236326077182,0.3025330235363863
CHEMBL244_Ki,153,morgan,xgboost,crem_mean,0.06355530307093306,0.07026772470021626,0.133183559040742
CHEMBL244_Ki,153,unimol,mlp,crem_lime,0.04194110178969099,0.05848097503647106,0.04598762730061452
CHEMBL244_Ki,153,unimol,mlp,crem_mean,0.10652161435991564,0.31980754713352094,0.3534831290487898
CHEMBL244_Ki,153,unimol,xgboost,crem_lime,0.01215438453503185,0.0528286496104434,0.06498113904427648
CHEMBL244_Ki,153,unimol,xgboost,crem_mean,0.11285468986931663,0.29110483937335924,0.2210612841171389
CHEMBL244_Ki,155,molformer,mlp,crem_lime,0.042744656961375256,0.17783247763088894,0.14431972455179248
CHEMBL244_Ki,155,molformer,mlp,crem_mean,0.05418337133310853,0.04681684405534533,0.07701132381636444
CHEMBL244_Ki,155,molformer,xgboost,crem_lime,0.10504325184740246,0.5015703506540133,0.5998986854514694
CHEMBL244_Ki,155,molformer,xgboost,crem_mean,0.05764379136405108,0.18774093936994757,0.2191389722348669
CHEMBL244_Ki,155,morgan,mlp,crem_lime,0.24072202059493175,0.1795009899915937,0.4202213181718014
CHEMBL244_Ki,155,morgan,mlp,crem_mean,0.016927096955112964,0.09000003315036871,0.10189215825446049
CHEMBL244_Ki,155,morgan,xgboost,crem_lime,0.1016308514776922,0.46130730390473335,0.5115392574662931
CHEMBL244_Ki,155,morgan,xgboost,crem_mean,0.0038683461667818795,0.09686012292981594,0.09991255690436229
CHEMBL244_Ki,155,unimol,mlp,crem_lime,0.07351737986440926,0.08692473633031896,0.1140821740927922
CHEMBL244_Ki,155,unimol,mlp,crem_mean,0.013888850812347081,0.06372576045372888,0.050046392278457544
CHEMBL244_Ki,155,unimol,xgboost,crem_lime,0.007177648639973899,0.13660418962252277,0.129491041709855
CHEMBL244_Ki,155,unimol,xgboost,crem_mean,0.0017804985726112227,0.05985950483513766,0.058704389576866016
CHEMBL244_Ki,157,molformer,mlp,crem_lime,0.001533364355471865,0.2194888486437359,0.21923345616011314
CHEMBL244_Ki,157,molformer,mlp,crem_mean,0.0021094086629447673,0.31057255397094385,0.312156967465111
CHEMBL244_Ki,157,molformer,xgboost,crem_lime,0.008077645198765205,0.07026909472037866,0.07742087777901802
CHEMBL244_Ki,157,molformer,xgboost,crem_mean,0.009951297996659891,0.06343943849043025,0.072942053945332
CHEMBL244_Ki,157,morgan,mlp,crem_lime,0.04448609379274101,0.08321201471064418,0.1271693314350044
CHEMBL244_Ki,157,morgan,mlp,crem_mean,0.04998740296465358,0.10841675780979393,0.1548209452407495
CHEMBL244_Ki,157,morgan,xgboost,crem_lime,0.007345293639411326,0.04934973025804476,0.046211740133106825
CHEMBL244_Ki,157,morgan,xgboost,crem_mean,0.01217443377468538,0.0678058083297757,0.07761590150627616
CHEMBL244_Ki,157,unimol,mlp,crem_lime,0.05746195968702605,0.055250412344310385,0.09761880110656404
CHEMBL244_Ki,157,unimol,mlp,crem_mean,0.019725172795124098,0.24290732275516994,0.23788088924283776
CHEMBL244_Ki,157,unimol,xgboost,crem_lime,0.008568895207620997,0.07930469064608092,0.07431005036792529
CHEMBL244_Ki,157,unimol,xgboost,crem_mean,0.18056514965532786,0.10508780700121903,0.08370459406787614
CHEMBL244_Ki,159,molformer,mlp,crem_lime,0.012008059467481425,0.04050032761973243,0.031595551482965535
CHEMBL244_Ki,159,molformer,mlp,crem_mean,0.104698087592659,0.0609161864612052,0.16551827420709575
CHEMBL244_Ki,159,molformer,xgboost,crem_lime,0.010287635448495125,0.014905625439862989,0.019783349365322476
CHEMBL244_Ki,159,molformer,xgboost,crem_mean,0.07890727639197176,0.07439471613308501,0.06261375903363543
CHEMBL244_Ki,159,morgan,mlp,crem_lime,0.018186153615319903,0.028718300780313188,0.04690372767605794
CHEMBL244_Ki,159,morgan,mlp,crem_mean,0.0171735318890756,0.09527081742894712,0.07813833614069929
CHEMBL244_Ki,159,morgan,xgboost,crem_lime,0.024392137386659875,0.008554848626645932,0.03111377867544467
CHEMBL244_Ki,159,morgan,xgboost,crem_mean,0.04245740500986685,0.05806747218961109,0.0790389063184531
CHEMBL244_Ki,159,unimol,mlp,crem_lime,0.0021349911062464475,0.00818413672068286,0.00839225519210267
CHEMBL244_Ki,159,unimol,mlp,crem_mean,0.06618098745662844,0.22176981499318985,0.2879500344502352
CHEMBL244_Ki,159,unimol,xgboost,crem_lime,0.010739939092161777,0.04828673223973149,0.055517520052613824
CHEMBL244_Ki,159,unimol,xgboost,crem_mean,0.03941189422726157,0.21036764358624685,0.2403801517026006
CHEMBL244_Ki,162,molformer,mlp,crem_lime,0.034075768546207336,0.27960217087590483,0.2604056819080358
CHEMBL244_Ki,162,molformer,mlp,crem_mean,0.009979912662460367,0.016170392489803884,0.01915233516941491
CHEMBL244_Ki,162,molformer,xgboost,crem_lime,0.026174527662683182,0.01924481325451549,0.024648416030175965
CHEMBL244_Ki,162,molformer,xgboost,crem_mean,0.034335185793943346,0.3355771697617026,0.3698479751384665
CHEMBL244_Ki,162,morgan,mlp,crem_lime,0.022570776776017525,0.14051683164309786,0.1329831320046586
CHEMBL244_Ki,162,morgan,mlp,crem_mean,0.05370056116228344,0.33814569142478657,0.3815907130249249
CHEMBL244_Ki,162,morgan,xgboost,crem_lime,0.0476206779954025,0.14805128358275732,0.10158693264113706
CHEMBL244_Ki,162,morgan,xgboost,crem_mean,0.0031331725882652863,0.0037691837850320617,0.00085558091500473
CHEMBL244_Ki,162,unimol,mlp,crem_lime,0.03673350492902818,0.003892763439116647,0.040607667557727066
CHEMBL244_Ki,162,unimol,mlp,crem_mean,0.023946537038587085,0.17706389964266153,0.19388988138187108
CHEMBL244_Ki,162,unimol,xgboost,crem_lime,0.0015184279741449083,0.10983891040598866,0.10870445744885616
CHEMBL244_Ki,162,unimol,xgboost,crem_mean,0.12963864113073484,0.37982942784478096,0.46012113692085266
CHEMBL244_Ki,163,molformer,mlp,crem_lime,0.06870590136527577,0.42855608905182074,0.3721737532885738
CHEMBL244_Ki,163,molformer,mlp,crem_mean,0.08395174490983556,0.021020554917392662,0.09616479930912415
CHEMBL244_Ki,163,molformer,xgboost,crem_lime,0.18261853753678053,0.06302844021703337,0.21193097566068225
CHEMBL244_Ki,163,molformer,xgboost,crem_mean,0.010601150676747335,0.05026245801078813,0.046123734378004884
CHEMBL244_Ki,163,morgan,mlp,crem_lime,0.0032809099685599144,0.025065716914727393,0.027314440122352908
CHEMBL244_Ki,163,morgan,mlp,crem_mean,0.007889371699657973,0.02240909668052119,0.014530218682967794
CHEMBL244_Ki,163,morgan,xgboost,crem_lime,0.01700699266091161,0.055917704225306814,0.039303541952832796
CHEMBL244_Ki,163,morgan,xgboost,crem_mean,0.012440573565148732,0.04125025236096611,0.05288402896676008
CHEMBL244_Ki,163,unimol,mlp,crem_lime,0.006394252689136651,0.025508722595727677,0.028009418865311504
CHEMBL244_Ki,163,unimol,mlp,crem_mean,0.007102952934278136,0.0381642746592667,0.044660135616949447
CHEMBL244_Ki,163,unimol,xgboost,crem_lime,0.006826191834954466,0.07817050531832369,0.07341222664051512
CHEMBL244_Ki,163,unimol,xgboost,crem_mean,0.004156227352580104,0.08175944987694535,0.08511254119049946
CHEMBL244_Ki,164,molformer,mlp,crem_lime,0.11238417200081893,0.3600822990909697,0.36442433605462554
CHEMBL244_Ki,164,molformer,mlp,crem_mean,0.051854454777759684,0.2888125352477647,0.33364832527548155
CHEMBL244_Ki,164,molformer,xgboost,crem_lime,0.1367298069488357,0.10239104144898284,0.22814809221833
CHEMBL244_Ki,164,molformer,xgboost,crem_mean,0.28378541530636847,0.07939601670905508,0.35558068039102025
CHEMBL244_Ki,164,morgan,mlp,crem_lime,0.07728771325835518,0.07527780518345233,0.12316290822787142
CHEMBL244_Ki,164,morgan,mlp,crem_mean,0.08260083824359753,0.1357066894086425,0.06292510648242639
CHEMBL244_Ki,164,morgan,xgboost,crem_lime,0.009441817844859732,0.38053865042746954,0.37988702972950733
CHEMBL244_Ki,164,morgan,xgboost,crem_mean,0.02080690674324786,0.16968091184736728,0.1880727395984026
CHEMBL244_Ki,164,unimol,mlp,crem_lime,0.06508765551164357,0.11908916976625784,0.18405718717642391
CHEMBL244_Ki,164,unimol,mlp,crem_mean,0.01871261987683231,0.004454849545692442,0.02283045624193295
CHEMBL244_Ki,164,unimol,xgboost,crem_lime,0.0580220162511047,0.19448939496014908,0.1991660183587057
CHEMBL244_Ki,164,unimol,xgboost,crem_mean,0.04668792846726934,0.24671491107165944,0.29337075869403706
CHEMBL244_Ki,168,molformer,mlp,crem_lime,0.2419575428935971,0.33477842746125513,0.13478891709739568
CHEMBL244_Ki,168,molformer,mlp,crem_mean,0.06319483998011621,0.18654910956848061,0.15416605255004484
CHEMBL244_Ki,168,molformer,xgboost,crem_lime,0.0936881371122843,0.22284937796026957,0.27593671300525
CHEMBL244_Ki,168,molformer,xgboost,crem_mean,0.08116324105082214,0.15343808431414513,0.07748029054611033
CHEMBL244_Ki,168,morgan,mlp,crem_lime,0.09768488877475026,0.40205047514278724,0.384882727895765
CHEMBL244_Ki,168,morgan,mlp,crem_mean,0.014993297012413058,0.16030417989898338,0.15975972284614995
CHEMBL244_Ki,168,morgan,xgboost,crem_lime,0.016500006513639205,0.45168793923538214,0.4395457466245697
CHEMBL244_Ki,168,morgan,xgboost,crem_mean,0.002481523593043383,0.33548366239323246,0.33523253622209037
CHEMBL244_Ki,168,unimol,mlp,crem_lime,0.10477161439684919,0.2010184680930783,0.17155239001260658
CHEMBL244_Ki,168,unimol,mlp,crem_mean,0.20976508532260174,0.1073164635425805,0.15124058835010762
CHEMBL244_Ki,168,unimol,xgboost,crem_lime,0.16229432594499163,0.2861118138874272,0.14189174229905577
CHEMBL244_Ki,168,unimol,xgboost,crem_mean,0.26118623967345966,0.26845570054310064,0.3562527161088351
CHEMBL244_Ki,169,molformer,mlp,crem_lime,0.13395183359735063,0.126162437193175,0.17826550853755044
CHEMBL244_Ki,169,molformer,mlp,crem_mean,0.05881396629353999,0.21069322843518565,0.21493677672832182
CHEMBL244_Ki,169,molformer,xgboost,crem_lime,0.06394861214843477,0.17010697949916065,0.1926671613757634
CHEMBL244_Ki,169,molformer,xgboost,crem_mean,0.004713322632223526,0.186109565817744,0.18145176505238653
CHEMBL244_Ki,169,morgan,mlp,crem_lime,0.12131155791136927,0.14665209218501288,0.2653246937103307
CHEMBL244_Ki,169,morgan,mlp,crem_mean,0.01300962972265671,0.1247630096582649,0.13767404976404857
CHEMBL244_Ki,169,morgan,xgboost,crem_lime,0.004203925147936385,0.04600657772059318,0.04594336703261935
CHEMBL244_Ki,169,morgan,xgboost,crem_mean,0.0029658214076823323,0.05358171459087814,0.053495643430596776
CHEMBL244_Ki,169,unimol,mlp,crem_lime,0.23447417950075222,0.08107698646916499,0.16561446612300124
CHEMBL244_Ki,169,unimol,mlp,crem_mean,0.0627957117180868,0.06889227238403711,0.007626580797167709
CHEMBL244_Ki,169,unimol,xgboost,crem_lime,0.10589820658031375,0.16023158776958588,0.2604088364209956
CHEMBL244_Ki,169,unimol,xgboost,crem_mean,0.08744371554582644,0.09081234626118181,0.13182855986965933
CHEMBL244_Ki,171,molformer,mlp,crem_lime,0.06965797925155558,0.024181674987332848,0.056570860364215526
CHEMBL244_Ki,171,molformer,mlp,crem_mean,0.016283111742011178,0.01068759778102512,0.026555855462760604
CHEMBL244_Ki,171,molformer,xgboost,crem_lime,0.07970165392569614,0.0947414059152402,0.17330103822597248
CHEMBL244_Ki,171,molformer,xgboost,crem_mean,0.026143318980450737,0.005628014082352491,0.023832781916079588
CHEMBL244_Ki,171,morgan,mlp,crem_lime,0.024552078124176757,0.10269889279001629,0.122551890267263
CHEMBL244_Ki,171,morgan,mlp,crem_mean,0.007408782995320103,0.09523527716983124,0.09145925893713258
CHEMBL244_Ki,171,morgan,xgboost,crem_lime,0.009903431044582191,0.14304378568949103,0.14209274741709993
CHEMBL244_Ki,171,morgan,xgboost,crem_mean,0.004249140218153265,0.048724065139365676,0.05035207711865927
CHEMBL244_Ki,171,unimol,mlp,crem_lime,0.0038898944239128016,0.057886588757898746,0.05954401413216932
CHEMBL244_Ki,171,unimol,mlp,crem_mean,0.006913478333450046,0.10657249793716547,0.11332510953223461
CHEMBL244_Ki,171,unimol,xgboost,crem_lime,0.007677495088257784,0.03545069743574171,0.029160531127635538
CHEMBL244_Ki,171,unimol,xgboost,crem_mean,0.010566807998014597,0.022836208360945107,0.012687600804652885
CHEMBL244_Ki,172,molformer,mlp,crem_lime,0.13510422075712514,0.39583522929482345,0.4860142886906533
CHEMBL244_Ki,172,molformer,mlp,crem_mean,0.13104045756260863,0.047050995336788935,0.1778095591703749
CHEMBL244_Ki,172,molformer,xgboost,crem_lime,0.06753836620975541,0.4005065213147389,0.3334985526173799
CHEMBL244_Ki,172,molformer,xgboost,crem_mean,0.00832356692482286,0.08063052773029962,0.08151089639005585
CHEMBL244_Ki,172,morgan,mlp,crem_lime,0.3339478812012933,0.11755944732344441,0.3118612315954552
CHEMBL244_Ki,172,morgan,mlp,crem_mean,0.009780652917224098,0.014222531906554977,0.004442254455431273
CHEMBL244_Ki,172,morgan,xgboost,crem_lime,0.14169724044720683,0.03318889417777305,0.15343894012858594
CHEMBL244_Ki,172,morgan,xgboost,crem_mean,0.0747948218376126,0.09137727173062853,0.02465938423624642
CHEMBL244_Ki,172,unimol,mlp,crem_lime,0.026581444311354507,0.11801463004945528,0.13443562642575987
CHEMBL244_Ki,172,unimol,mlp,crem_mean,0.013181139933301467,0.045958423743333,0.04050095107546361
CHEMBL244_Ki,172,unimol,xgboost,crem_lime,0.077614364651293,0.03777162014230883,0.0799806974891941
CHEMBL244_Ki,172,unimol,xgboost,crem_mean,0.04566020585108202,0.028659647192698954,0.06879070053241328
CHEMBL244_Ki,173,molformer,mlp,crem_lime,0.06875676577558652,0.06737316619074322,0.08722445409467064
CHEMBL244_Ki,173,molformer,mlp,crem_mean,0.004729577102317026,0.0033303446593418687,0.003997483044069055
CHEMBL244_Ki,173,molformer,xgboost,crem_lime,0.014990768032766173,0.11736066628615897,0.10670031258029906
CHEMBL244_Ki,173,molformer,xgboost,crem_mean,0.0051317418884938406,0.01082570537692559,0.014601925871053374
CHEMBL244_Ki,173,morgan,mlp,crem_lime,0.024192827738639785,0.26818095888624943,0.2725658709668415
CHEMBL244_Ki,173,morgan,mlp,crem_mean,0.003449711605387535,0.054166884136246075,0.052269385288933656
CHEMBL244_Ki,173,morgan,xgboost,crem_lime,0.002826156989977945,0.03353945363324136,0.03471588752457589
CHEMBL244_Ki,173,morgan,xgboost,crem_mean,0.0021295178270290863,0.02525245657712442,0.02675210770185363
CHEMBL244_Ki,173,unimol,mlp,crem_lime,0.0010782956730955643,0.1382800013632814,0.1372099235747911
CHEMBL244_Ki,173,unimol,mlp,crem_mean,0.00043027827334978907,0.0728395673204609,0.07317584370267079
CHEMBL244_Ki,173,unimol,xgboost,crem_lime,0.013124986401310173,0.5297564694296408,0.5316505773016806
CHEMBL244_Ki,173,unimol,xgboost,crem_mean,0.004782841690272517,0.05722091353789477,0.05445509012054743
CHEMBL244_Ki,175,molformer,mlp,crem_lime,0.05734632156899353,0.07801400359473724,0.11792577933874404
CHEMBL244_Ki,175,molformer,mlp,crem_mean,0.1059197577922099,0.20705832192361043,0.10984698035914993
CHEMBL244_Ki,175,molformer,xgboost,crem_lime,0.11479568607957485,0.18577377804518797,0.2783268068555366
CHEMBL244_Ki,175,molformer,xgboost,crem_mean,0.09334477474246122,0.18601079088000286,0.2560201259467481
CHEMBL244_Ki,175,morgan,mlp,crem_lime,0.01878561444617751,0.12972305693493733,0.13318077212282597
CHEMBL244_Ki,175,morgan,mlp,crem_mean,0.03352942956424995,0.1988150432228703,0.19362634009254912
CHEMBL244_Ki,175,morgan,xgboost,crem_lime,0.05816604048635462,0.23194076068450215,0.2814901464556165
CHEMBL244_Ki,175,morgan,xgboost,crem_mean,0.04543874704291794,0.19418291389903028,0.19666819603134
CHEMBL244_Ki,175,unimol,mlp,crem_lime,0.1085323019569437,0.15681955247877213,0.24989786916264353
CHEMBL244_Ki,175,unimol,mlp,crem_mean,0.06662339469731644,0.19597387906039435,0.2075586017451489
CHEMBL244_Ki,175,unimol,xgboost,crem_lime,0.03668476169591607,0.10462375042346696,0.0696343859327245
CHEMBL244_Ki,175,unimol,xgboost,crem_mean,0.01434708599399812,0.142121555509393,0.15631703223078597
CHEMBL244_Ki,182,molformer,mlp,crem_lime,0.1339583479784085,0.19211265960406831,0.0629941149749102
CHEMBL244_Ki,182,molformer,mlp,crem_mean,0.008038742115450997,0.008564886336757976,0.008873961377709405
CHEMBL244_Ki,182,molformer,xgboost,crem_lime,0.034952963174771846,0.28109155734781144,0.26200417840459067
CHEMBL244_Ki,182,molformer,xgboost,crem_mean,0.003361797041765901,0.04614043294526734,0.04850031504429411
CHEMBL244_Ki,182,morgan,mlp,crem_lime,0.23134814473538662,0.09547136530351372,0.3265628195285724
CHEMBL244_Ki,182,morgan,mlp,crem_mean,0.00586465977419424,0.0776482428452466,0.07178461933509128
CHEMBL244_Ki,182,morgan,xgboost,crem_lime,0.08415811835468828,0.2627360853659664,0.32463825694403337
CHEMBL244_Ki,182,morgan,xgboost,crem_mean,0.003867878215988556,0.050975975772057744,0.05347590269675034
CHEMBL244_Ki,182,unimol,mlp,crem_lime,0.09558944546017217,0.3440489932279366,0.2509989673770035
CHEMBL244_Ki,182,unimol,mlp,crem_mean,0.027212466907068116,0.025902236148830794,0.011307752945131554
CHEMBL244_Ki,182,unimol,xgboost,crem_lime,0.028101894945156913,0.08106564154357757,0.07324635663809023
CHEMBL244_Ki,182,unimol,xgboost,crem_mean,0.0004177838082371217,0.05763455202184947,0.05727655379457453
CHEMBL244_Ki,183,molformer,mlp,crem_lime,0.00430465300307081,0.010207342851536013,0.008532070798847362
CHEMBL244_Ki,183,molformer,mlp,crem_mean,0.0006334564082017957,0.051241474463896486,0.051769853297573346
CHEMBL244_Ki,183,molformer,xgboost,crem_lime,0.004226897249579964,0.021545717342016116,0.017606537431685654
CHEMBL244_Ki,183,molformer,xgboost,crem_mean,0.02969364323784513,0.005687418792524192,0.02508658564099974
CHEMBL244_Ki,183,morgan,mlp,crem_lime,0.017938113336765198,0.06044637920193948,0.07748476142923702
CHEMBL244_Ki,183,morgan,mlp,crem_mean,0.0574069869932866,0.0013121597027036481,0.05676228310900253
CHEMBL244_Ki,183,morgan,xgboost,crem_lime,0.009302655955805211,0.21448413995953844,0.2236041847132964
CHEMBL244_Ki,183,morgan,xgboost,crem_mean,0.0,0.0,0.0
CHEMBL244_Ki,183,unimol,mlp,crem_lime,0.06461389903179757,0.23632819026757776,0.24641354910922156
CHEMBL244_Ki,183,unimol,mlp,crem_mean,0.03586903212472752,0.05683333131366978,0.025921381986250876
CHEMBL244_Ki,183,unimol,xgboost,crem_lime,0.011431449040618017,0.20789537359495794,0.2130931438931506
CHEMBL244_Ki,183,unimol,xgboost,crem_mean,0.019953889683433236,0.06330287565474388,0.07051243038264977
CHEMBL244_Ki,189,molformer,mlp,crem_lime,0.016628731373231675,0.2448236776245968,0.2302668528094326
CHEMBL244_Ki,189,molformer,mlp,crem_mean,0.0,0.03983113355384873,0.03983113355384873
CHEMBL244_Ki,189,molformer,xgboost,crem_lime,0.2571830927758565,0.19602833166640646,0.10207546676520768
CHEMBL244_Ki,189,molformer,xgboost,crem_mean,0.04001287054041397,0.03766527497057338,0.004919336328334106
CHEMBL244_Ki,189,morgan,mlp,crem_lime,0.0029675773367393555,0.030443532920680524,0.032196444370658994
CHEMBL244_Ki,189,morgan,mlp,crem_mean,5.457316435034231e-05,0.00030951666280980863,0.0003618380299901028
CHEMBL244_Ki,189,morgan,xgboost,crem_lime,0.05965921543758404,0.14714981910824937,0.1819362586615713
CHEMBL244_Ki,189,morgan,xgboost,crem_mean,0.0009286429885984101,0.03396178054056622,0.034408893085339745
CHEMBL244_Ki,189,unimol,mlp,crem_lime,0.006681290971221973,0.1855417043416027,0.1861937234018327
CHEMBL244_Ki,189,unimol,mlp,crem_mean,0.0,0.01965581947197465,0.01965581947197465
CHEMBL244_Ki,189,unimol,xgboost,crem_lime,0.006296117988975787,0.27046442675939,0.27117806292828356
CHEMBL244_Ki,189,unimol,xgboost,crem_mean,0.0001296129709653801,0.04005899934113916,0.04018702483647196
CHEMBL244_Ki,194,molformer,mlp,crem_lime,0.004950881053942041,0.01601453812703641,0.020267367104951046
CHEMBL244_Ki,194,molformer,mlp,crem_mean,0.021650066521504283,0.27628492031899116,0.29176652201483416
CHEMBL244_Ki,194,molformer,xgboost,crem_lime,0.008582855968286077,0.07069414643877062,0.07250730746911746
CHEMBL244_Ki,194,molformer,xgboost,crem_mean,0.13408710605286717,0.23796488148123154,0.1281377037155438
CHEMBL244_Ki,194,morgan,mlp,crem_lime,0.02022985362881484,0.16188671449812017,0.17330470835178657
CHEMBL244_Ki,194,morgan,mlp,crem_mean,0.051041120554543205,0.25908531861341794,0.20898803200586544
CHEMBL244_Ki,194,morgan,xgboost,crem_lime,0.004043927094896993,0.042871715573414806,0.04316180918265804
CHEMBL244_Ki,194,morgan,xgboost,crem_mean,0.004662442528836776,0.10760698664416933,0.11226443238155735
CHEMBL244_Ki,194,unimol,mlp,crem_lime,0.034954804739179626,0.010987661813855158,0.03895392959637165
CHEMBL244_Ki,194,unimol,mlp,crem_mean,0.04074916214682989,0.2533010342010664,0.2932616580329397
CHEMBL244_Ki,194,unimol,xgboost,crem_lime,0.10150287539352934,0.0002571969853152033,0.10128054381062612
CHEMBL244_Ki,194,unimol,xgboost,crem_mean,0.22437502279441254,0.05494208583934819,0.2591431765475683
CHEMBL244_Ki,200,molformer,mlp,crem_lime,0.03977953126404423,0.028293377090649125,0.06634784761361325
CHEMBL244_Ki,200,molformer,mlp,crem_mean,0.06535218268573069,0.042902615108532376,0.10555090814866282
CHEMBL244_Ki,200,molformer,xgboost,crem_lime,0.2536033773059922,0.07487284832474841,0.2196235053187733
CHEMBL244_Ki,200,molformer,xgboost,crem_mean,0.17495200719344878,0.12115178754654944,0.09545122896112646
CHEMBL244_Ki,200,morgan,mlp,crem_lime,0.0231822040624765,0.14632988831322005,0.16788623740664177
CHEMBL244_Ki,200,morgan,mlp,crem_mean,0.019410063301783968,0.07832096499846108,0.07309370254701564
CHEMBL244_Ki,200,morgan,xgboost,crem_lime,0.043246353869279594,0.07455305205931763,0.10897197817932247
CHEMBL244_Ki,200,morgan,xgboost,crem_mean,0.06565990440476413,0.07709056632431756,0.13985078317720717
CHEMBL244_Ki,200,unimol,mlp,crem_lime,0.035552240858670016,0.08082899644014559,0.11095907122067451
CHEMBL244_Ki,200,unimol,mlp,crem_mean,0.13499528171872757,0.038571670498843906,0.17356297117774264
CHEMBL244_Ki,200,unimol,xgboost,crem_lime,0.08441011224913753,0.11847924752589793,0.1144483488037211
CHEMBL244_Ki,200,unimol,xgboost,crem_mean,0.28167425618591124,0.06304832779583254,0.21925529088097936
CHEMBL244_Ki,202,molformer,mlp,crem_lime,0.049595213147302177,0.34685858837142824,0.3290145476141554
CHEMBL244_Ki,202,molformer,mlp,crem_mean,0.1110578010227904,0.3231129034321331,0.24137426034688927
CHEMBL244_Ki,202,molformer,xgboost,crem_lime,0.20487630967193093,0.4377590748006658,0.6060507257064228
CHEMBL244_Ki,202,molformer,xgboost,crem_mean,0.048831913972379556,0.30494078154467635,0.3496763008254373
CHEMBL244_Ki,202,morgan,mlp,crem_lime,0.14828087253324734,0.12735063246769499,0.06712566084296796
CHEMBL244_Ki,202,morgan,mlp,crem_mean,0.04417563175312085,0.09916043715580405,0.056584703875875844
CHEMBL244_Ki,202,morgan,xgboost,crem_lime,0.09099704424001501,0.29219158604442486,0.3831858993909803
CHEMBL244_Ki,202,morgan,xgboost,crem_mean,0.01436131840815117,0.2547861737885805,0.2653401726821487
CHEMBL244_Ki,202,unimol,mlp,crem_lime,0.167536873931016,0.27345857756579445,0.40175180752826184
CHEMBL244_Ki,202,unimol,mlp,crem_mean,0.0750462067543111,0.10023227130667334,0.028701868486137226
CHEMBL244_Ki,202,unimol,xgboost,crem_lime,0.11442878561267371,0.09834799387972253,0.016405614026995106
CHEMBL244_Ki,202,unimol,xgboost,crem_mean,0.07295666225466745,0.13469899651357264,0.13142758606460503
CHEMBL262_Ki,0,molformer,mlp,crem_lime,0.028256583861288185,0.21203311678163922,0.19477356475247845
CHEMBL262_Ki,0,molformer,mlp,crem_mean,0.005085800155188467,0.18538599318070806,0.1836275966471807
CHEMBL262_Ki,0,molformer,xgboost,crem_lime,0.13242530961428897,0.10658940849406141,0.23696428576323147
CHEMBL262_Ki,0,molformer,xgboost,crem_mean,0.059487714004263455,0.09032250810978065,0.11275128982663833
CHEMBL262_Ki,0,morgan,mlp,crem_lime,0.052445679906681676,0.04390156858115164,0.03782401302744819
CHEMBL262_Ki,0,morgan,mlp,crem_mean,0.06370122597697082,0.04059340360443986,0.0560592630192276
CHEMBL262_Ki,0,morgan,xgboost,crem_lime,0.009049846521993721,0.14346828576269127,0.14242555761320216
CHEMBL262_Ki,0,morgan,xgboost,crem_mean,0.00518985744736615,0.24058858652434928,0.23583352494276721
CHEMBL262_Ki,0,unimol,mlp,crem_lime,0.06667876053273085,0.07158664521019542,0.0656908735499194
CHEMBL262_Ki,0,unimol,mlp,crem_mean,0.07079220255358201,0.17426433155656634,0.21704084536370902
CHEMBL262_Ki,0,unimol,xgboost,crem_lime,0.012103094513098283,0.11316306489490356,0.12526591071633209
CHEMBL262_Ki,0,unimol,xgboost,crem_mean,0.006039387684286318,0.09456880275710787,0.09087286271541441
CHEMBL262_Ki,3,molformer,mlp,crem_lime,0.09058006458486886,0.33084154896845464,0.28206696883971333
CHEMBL262_Ki,3,molformer,mlp,crem_mean,0.015068072214391425,0.22131674453557895,0.22849165201027954
CHEMBL262_Ki,3,molformer,xgboost,crem_lime,0.41060578628112177,0.25174668800925465,0.1765644544723253
CHEMBL262_Ki,3,molformer,xgboost,crem_mean,0.1208352809558927,0.02061063002569837,0.10053929730371791
CHEMBL262_Ki,3,morgan,mlp,crem_lime,0.04191841867948254,0.22962895469380246,0.249142049620782
CHEMBL262_Ki,3,morgan,mlp,crem_mean,0.007445074935144433,0.08706323839529857,0.08762609460864658
CHEMBL262_Ki,3,morgan,xgboost,crem_lime,0.01031001312712426,0.34637606521605524,0.3565391358829845
CHEMBL262_Ki,3,morgan,xgboost,crem_mean,0.002568645659792445,0.10578239202848054,0.103839125374834
CHEMBL262_Ki,3,unimol,mlp,crem_lime,0.34564510688081396,0.29435750129851923,0.5581268020345369
CHEMBL262_Ki,3,unimol,mlp,crem_mean,0.15959387204566047,0.010068804333988343,0.14973851163804222
CHEMBL262_Ki,3,unimol,xgboost,crem_lime,0.4373904127245363,0.35160799123881287,0.4437584956764598
CHEMBL262_Ki,3,unimol,xgboost,crem_mean,0.11006926302423059,0.023849907441576414,0.10846931580889933
CHEMBL262_Ki,5,molformer,mlp,crem_lime,0.148080453644139,0.35066131962805946,0.22174251560411326
CHEMBL262_Ki,5,molformer,mlp,crem_mean,0.04526293961272036,0.18382510480530695,0.1874385212338969
CHEMBL262_Ki,5,molformer,xgboost,crem_lime,0.1813997343160357,0.35072808690053536,0.3982607414619899
CHEMBL262_Ki,5,molformer,xgboost,crem_mean,0.06478932271386537,0.01841099098473443,0.08067260043565656
CHEMBL262_Ki,5,morgan,mlp,crem_lime,0.019663357414223898,0.08140944506694163,0.06941671728858048
CHEMBL262_Ki,5,morgan,mlp,crem_mean,0.0035434894148677846,0.02027229388516212,0.017532255919332117
CHEMBL262_Ki,5,morgan,xgboost,crem_lime,0.03182406746922669,0.17425353887066142,0.2032836119375253
CHEMBL262_Ki,5,morgan,xgboost,crem_mean,0.002832143891828443,0.011032809140669075,0.012949717639858499
CHEMBL262_Ki,5,unimol,mlp,crem_lime,0.42142690349491646,0.12988166967776563,0.44466405187428276
CHEMBL262_Ki,5,unimol,mlp,crem_mean,0.16307274176483508,0.02446804741519949,0.14768952242756161
CHEMBL262_Ki,5,unimol,xgboost,crem_lime,0.10419488912536275,0.16134223606946435,0.25686086383303103
CHEMBL262_Ki,5,unimol,xgboost,crem_mean,0.023681349512125794,0.02522369552531832,0.011544074784244775
CHEMBL262_Ki,6,molformer,mlp,crem_lime,0.30245563011845306,0.14988193095433444,0.23736824576689772
CHEMBL262_Ki,6,molformer,mlp,crem_mean,0.09936330522047754,0.114113081213531,0.03960566635578122
CHEMBL262_Ki,6,molformer,xgboost,crem_lime,0.24145778302814805,0.0630716668730957,0.19880634909349476
CHEMBL262_Ki,6,molformer,xgboost,crem_mean,0.09084888315024957,0.12246317255139237,0.1772637631936469
CHEMBL262_Ki,6,morgan,mlp,crem_lime,0.28523296098289763,0.03615359447586215,0.30215131722862154
CHEMBL262_Ki,6,morgan,mlp,crem_mean,0.23938652256985252,0.13259850051338035,0.3414054310583488
CHEMBL262_Ki,6,morgan,xgboost,crem_lime,0.036003008175093866,0.25321615365599026,0.2869562551336055
CHEMBL262_Ki,6,morgan,xgboost,crem_mean,0.016285703651522525,0.1223694692256112,0.13865319098697348
CHEMBL262_Ki,6,unimol,mlp,crem_lime,0.07503799223298714,0.5076171775242424,0.5561854791440185
CHEMBL262_Ki,6,unimol,mlp,crem_mean,0.037100429034246714,0.1786998919913939,0.16201568914450404
CHEMBL262_Ki,6,unimol,xgboost,crem_lime,0.12123504991870811,0.4059252231194807,0.5127422549894508
CHEMBL262_Ki,6,unimol,xgboost,crem_mean,0.049999867837954834,0.15991232503787284,0.1910777914672993
CHEMBL262_Ki,12,molformer,mlp,crem_lime,0.015279162120134804,0.09126121807191116,0.07967032907207802
CHEMBL262_Ki,12,molformer,mlp,crem_mean,0.015546176880628055,0.07020539576830703,0.07870717843473361
CHEMBL262_Ki,12,molformer,xgboost,crem_lime,0.034707546393263386,0.06967366627300044,0.08468989471055383
CHEMBL262_Ki,12,molformer,xgboost,crem_mean,0.011142317656577316,0.030587178870942717,0.028647828883816298
CHEMBL262_Ki,12,morgan,mlp,crem_lime,0.1495845557003412,0.128628722386663,0.25346610376993794
CHEMBL262_Ki,12,morgan,mlp,crem_mean,0.04533385061761898,0.061175410152995144,0.0879972486734236
CHEMBL262_Ki,12,morgan,xgboost,crem_lime,0.01843205848278871,0.1703825208673573,0.16503700357383072
CHEMBL262_Ki,12,morgan,xgboost,crem_mean,0.028219649411483666,0.07161109073476835,0.045601008485612604
CHEMBL262_Ki,12,unimol,mlp,crem_lime,0.12660709839430037,0.08586104646279946,0.08967250610192591
CHEMBL262_Ki,12,unimol,mlp,crem_mean,0.026508297398896947,0.05174682862677929,0.052447336366437926
CHEMBL262_Ki,12,unimol,xgboost,crem_lime,0.15684983450798862,0.20051761503252213,0.13797293234499736
CHEMBL262_Ki,12,unimol,xgboost,crem_mean,0.06643427162762068,0.09355732404667476,0.03299308707127474
CHEMBL262_Ki,14,molformer,mlp,crem_lime,0.15541296551831046,0.03518681936068742,0.16841948555590927
CHEMBL262_Ki,14,molformer,mlp,crem_mean,0.1253225415264707,0.0431382834832896,0.08247096245496095
CHEMBL262_Ki,14,molformer,xgboost,crem_lime,0.14398780591478888,0.12638528111761768,0.13379263965225544
CHEMBL262_Ki,14,molformer,xgboost,crem_mean,0.10455556631520291,0.05671395996568466,0.0749922153466897
CHEMBL262_Ki,14,morgan,mlp,crem_lime,0.1541555650721608,0.15761951596252816,0.3090580765128273
CHEMBL262_Ki,14,morgan,mlp,crem_mean,0.12041393841196309,0.050078911269999075,0.09448800006519285
CHEMBL262_Ki,14,morgan,xgboost,crem_lime,0.010696429842046933,0.10736925703436803,0.09678480416859515
CHEMBL262_Ki,14,morgan,xgboost,crem_mean,0.05038625967231072,0.15993280103660837,0.19392557125120274
CHEMBL262_Ki,14,unimol,mlp,crem_lime,0.028869129691130285,0.38369531293702963,0.4091282845775205
CHEMBL262_Ki,14,unimol,mlp,crem_mean,0.15714820201722438,0.30419441795619967,0.4495251935441712
CHEMBL262_Ki,14,unimol,xgboost,crem_lime,0.15148392398548052,0.06957921519974877,0.14030719635478317
CHEMBL262_Ki,14,unimol,xgboost,crem_mean,0.11441900630638885,0.04408613783949002,0.14828314909791898
CHEMBL262_Ki,15,molformer,mlp,crem_lime,0.30649835037224593,0.10603068222436385,0.33177241931198753
CHEMBL262_Ki,15,molformer,mlp,crem_mean,0.1162430486441511,0.12194067789538474,0.18112037213831675
CHEMBL262_Ki,15,molformer,xgboost,crem_lime,0.12631096714218135,0.18683820328271059,0.06362040028578368
CHEMBL262_Ki,15,molformer,xgboost,crem_mean,0.03838030288473208,0.11959623907744221,0.10161332690077376
CHEMBL262_Ki,15,morgan,mlp,crem_lime,0.3037003313941399,0.3005020968067223,0.5930642061727818
CHEMBL262_Ki,15,morgan,mlp,crem_mean,0.20215597137833932,0.10240031973599859,0.19175263302301027
CHEMBL262_Ki,15,morgan,xgboost,crem_lime,0.1863776868943502,0.36376039383114545,0.39185384029211406
CHEMBL262_Ki,15,morgan,xgboost,crem_mean,0.03596462780995812,0.31231264597054015,0.34806197956353024
CHEMBL262_Ki,15,unimol,mlp,crem_lime,0.2346099636069076,0.33790441834244206,0.10678000956420594
CHEMBL262_Ki,15,unimol,mlp,crem_mean,0.08925785909797473,0.16908903979957457,0.10272869016988644
CHEMBL262_Ki,15,unimol,xgboost,crem_lime,0.2803467336574503,0.2270769468155814,0.3690162550758419
CHEMBL262_Ki,15,unimol,xgboost,crem_mean,0.09387022758545105,0.08545433285989368,0.14548093582548605
CHEMBL262_Ki,17,molformer,mlp,crem_lime,0.26023108761575603,0.37665763767482613,0.1426942381557432
CHEMBL262_Ki,17,molformer,mlp,crem_mean,0.19758209212267192,0.1932825071547254,0.05002160027255386
CHEMBL262_Ki,17,molformer,xgboost,crem_lime,0.49018028446887024,0.4443053797064769,0.919813079208385
CHEMBL262_Ki,17,molformer,xgboost,crem_mean,0.2568848279186897,0.14113006580190857,0.39511692804950255
CHEMBL262_Ki,17,morgan,mlp,crem_lime,0.00705650329009547,0.25459057275866426,0.2576444130103597
CHEMBL262_Ki,17,morgan,mlp,crem_mean,0.11022610506900421,0.07056503290095423,0.12701705922171772
CHEMBL262_Ki,17,morgan,xgboost,crem_lime,0.006744300391927896,0.14609523148435563,0.14080979713368727
CHEMBL262_Ki,17,morgan,xgboost,crem_mean,0.03881076809552482,0.2009493927241732,0.18213440747654264
CHEMBL262_Ki,17,unimol,mlp,crem_lime,0.04202308451126991,0.3380374350679678,0.34062726998395243
CHEMBL262_Ki,17,unimol,mlp,crem_mean,0.030758584736288244,0.12721292218959698,0.14868975074062316
CHEMBL262_Ki,17,unimol,xgboost,crem_lime,0.27408125309323833,0.057493499745354636,0.33153361533119474
CHEMBL262_Ki,17,unimol,xgboost,crem_mean,0.0352825164504772,0.03881076809552482,0.064190912526843
CHEMBL262_Ki,21,molformer,mlp,crem_lime,0.07617067323405541,0.3285279762925902,0.3094919757553531
CHEMBL262_Ki,21,molformer,mlp,crem_mean,0.0028206128722571455,0.10902271677188115,0.10669998266324421
CHEMBL262_Ki,21,molformer,xgboost,crem_lime,0.03257565171888366,0.3803176482631056,0.348250248627801
CHEMBL262_Ki,21,molformer,xgboost,crem_mean,0.024479895581220573,0.12451874951781954,0.14000340675243467
CHEMBL262_Ki,21,morgan,mlp,crem_lime,0.012518859569729368,0.28421912610382843,0.27173991382826884
CHEMBL262_Ki,21,morgan,mlp,crem_mean,0.12481380561092725,0.14188029497436228,0.01714219184760969
CHEMBL262_Ki,21,morgan,xgboost,crem_lime,0.23879789195356915,0.05254550142639243,0.2837285272546958
CHEMBL262_Ki,21,morgan,xgboost,crem_mean,0.1204174655606724,0.08978497977163323,0.20448188927698147
CHEMBL262_Ki,21,unimol,mlp,crem_lime,0.2731379102233186,0.0535686898077011,0.26388787933527985
CHEMBL262_Ki,21,unimol,mlp,crem_mean,0.022425930550418017,0.021454187776228865,0.04318147938726499
CHEMBL262_Ki,21,unimol,xgboost,crem_lime,0.07020332263296127,0.39848519034762153,0.34078538976697087
CHEMBL262_Ki,21,unimol,xgboost,crem_mean,0.08615612649139541,0.15643396551270197,0.07719019784116292
CHEMBL262_Ki,25,molformer,mlp,crem_lime,0.029139959176426842,0.2731657031671545,0.2574514961381155
CHEMBL262_Ki,25,molformer,mlp,crem_mean,0.09777193435638536,0.08482960805916538,0.1064093807715352
CHEMBL262_Ki,25,molformer,xgboost,crem_lime,0.27418220129565624,0.34789939458000907,0.6147936244070008
CHEMBL262_Ki,25,molformer,xgboost,crem_mean,0.017402714101673118,0.20660929973716954,0.21772656689447914
CHEMBL262_Ki,25,morgan,mlp,crem_lime,0.5239264577035715,0.11887965628154869,0.43287897605547343
CHEMBL262_Ki,25,morgan,mlp,crem_mean,0.11582856529353674,0.054355867726304304,0.14959395484542337
CHEMBL262_Ki,25,morgan,xgboost,crem_lime,0.010805826718975781,0.26815968630932036,0.25944049407957964
CHEMBL262_Ki,25,morgan,xgboost,crem_mean,0.0053882438973904285,0.1178753381323856,0.12115622341246114
CHEMBL262_Ki,25,unimol,mlp,crem_lime,0.12054945915472912,0.21709349031630526,0.09866399557210129
CHEMBL262_Ki,25,unimol,mlp,crem_mean,0.05595234726812057,0.23271040227046674,0.23638834052626476
CHEMBL262_Ki,25,unimol,xgboost,crem_lime,0.13141517515084114,0.15591637406363335,0.1968670980971741
CHEMBL262_Ki,25,unimol,xgboost,crem_mean,0.024839022900051605,0.10112681196528688,0.12080001137727171
CHEMBL262_Ki,34,molformer,mlp,crem_lime,0.2257548565112853,0.33325792162222434,0.5382873744309371
CHEMBL262_Ki,34,molformer,mlp,crem_mean,0.24784480952956195,0.31543095975003554,0.48571479517103816
CHEMBL262_Ki,34,molformer,xgboost,crem_lime,0.2801014120753616,0.11941695326862996,0.16154655044010377
CHEMBL262_Ki,34,molformer,xgboost,crem_mean,0.3345791175032771,0.3351867519537162,0.2313119107116163
CHEMBL262_Ki,34,morgan,mlp,crem_lime,0.213838010808058,0.41425312879500675,0.5354673925023775
CHEMBL262_Ki,34,morgan,mlp,crem_mean,0.25251482348996085,0.3496205178761317,0.12459102408816075
CHEMBL262_Ki,34,morgan,xgboost,crem_lime,0.1480175909682908,0.47430230906366716,0.42150864453658204
CHEMBL262_Ki,34,morgan,xgboost,crem_mean,0.17688365943735013,0.07717675924707347,0.12586003526214481
CHEMBL262_Ki,34,unimol,mlp,crem_lime,0.07373048703191615,0.2640902770145846,0.19037302149702875
CHEMBL262_Ki,34,unimol,mlp,crem_mean,0.08962897324113124,0.35029088624700144,0.43337222429320793
CHEMBL262_Ki,34,unimol,xgboost,crem_lime,0.041618402975031485,0.20044242580975574,0.22605974873101528
CHEMBL262_Ki,34,unimol,xgboost,crem_mean,0.15234456333272198,0.24521536162251872,0.34818492942987145
CHEMBL262_Ki,38,molformer,mlp,crem_lime,0.29969208655082397,0.5353136756550012,0.4715510703155478
CHEMBL262_Ki,38,molformer,mlp,crem_mean,0.11963261820189691,0.19092906327650466,0.18070779361644487
CHEMBL262_Ki,38,molformer,xgboost,crem_lime,0.22150980717218163,0.22387839360175468,0.04522789274466977
CHEMBL262_Ki,38,molformer,xgboost,crem_mean,0.012175525078617367,0.12581670770049683,0.1140859681523812
CHEMBL262_Ki,38,morgan,mlp,crem_lime,0.11882283869953306,0.004667469810308529,0.1226185332156416
CHEMBL262_Ki,38,morgan,mlp,crem_mean,0.006632425073889479,0.029743050335412996,0.02342160448839801
CHEMBL262_Ki,38,morgan,xgboost,crem_lime,0.0007589303958479731,0.23955424857651664,0.2388082819312029
CHEMBL262_Ki,38,morgan,xgboost,crem_mean,0.000652327117225731,0.12093328335940709,0.12033117790681304
CHEMBL262_Ki,38,unimol,mlp,crem_lime,0.1186195679361102,0.46060524847144485,0.5444494538985581
CHEMBL262_Ki,38,unimol,mlp,crem_mean,0.007902022397461725,0.22470808463357297,0.2325901168068862
CHEMBL262_Ki,38,unimol,xgboost,crem_lime,0.12112067237206331,0.13253848626844178,0.23172886637347528
CHEMBL262_Ki,38,unimol,xgboost,crem_mean,0.023871441037622683,0.15567990678454363,0.1543818157245736
CHEMBL262_Ki,43,molformer,mlp,crem_lime,0.11343245017426938,0.33007428306605,0.2824030200749263
CHEMBL262_Ki,43,molformer,mlp,crem_mean,0.0052685668894851,0.007312346646678339,0.006968000723389423
CHEMBL262_Ki,43,molformer,xgboost,crem_lime,0.16432012531027854,0.09206040188976439,0.20731069144689146
CHEMBL262_Ki,43,molformer,xgboost,crem_mean,0.00432327272590048,0.007220644340459777,0.007719813331151521
CHEMBL262_Ki,43,morgan,mlp,crem_lime,0.004276581243514381,0.04059720682737638,0.03655812752987621
CHEMBL262_Ki,43,morgan,mlp,crem_mean,0.0019349964744374587,0.013040033403011067,0.01403334385090534
CHEMBL262_Ki,43,morgan,xgboost,crem_lime,0.01885294502931987,0.23425643902888693,0.21540349478969906
CHEMBL262_Ki,43,morgan,xgboost,crem_mean,0.0045581366665756835,0.08808513658706502,0.08382398906430058
CHEMBL262_Ki,43,unimol,mlp,crem_lime,0.024359787590426663,0.2005139815953619,0.1966915454791186
CHEMBL262_Ki,43,unimol,mlp,crem_mean,0.00548642365171513,0.04184340337575498,0.03669171923303888
CHEMBL262_Ki,43,unimol,xgboost,crem_lime,0.11366910059889603,0.17014413268374912,0.25074250269581366
CHEMBL262_Ki,43,unimol,xgboost,crem_mean,0.06363629990417762,0.11465484950356883,0.09871854334615678
CHEMBL264_Ki,8,molformer,mlp,crem_lime,0.31348955862284034,0.15814007387988294,0.2376403652727791
CHEMBL264_Ki,8,molformer,mlp,crem_mean,0.08499926132076997,0.1435022305160806,0.20827109043711303
CHEMBL264_Ki,8,molformer,xgboost,crem_lime,0.06471707042736848,0.08736407599667227,0.13899740143264674
CHEMBL264_Ki,8,molformer,xgboost,crem_mean,0.011287416548759305,0.1599057231145714,0.16138054541324443
CHEMBL264_Ki,8,morgan,mlp,crem_lime,0.07261809722897743,0.3370950834652026,0.3337597593917885
CHEMBL264_Ki,8,morgan,mlp,crem_mean,0.025459801607708086,0.051163823557826976,0.05569437892846145
CHEMBL264_Ki,8,morgan,xgboost,crem_lime,0.032854972018379246,0.09959843541686395,0.1284023425009498
CHEMBL264_Ki,8,morgan,xgboost,crem_mean,0.023844686433702987,0.08491581789017792,0.08936391259485073
CHEMBL264_Ki,8,unimol,mlp,crem_lime,0.21341259207825658,0.33740653185662334,0.21410567304550715
CHEMBL264_Ki,8,unimol,mlp,crem_mean,0.0397329624138355,0.1712356679964463,0.15685096832899406
CHEMBL264_Ki,8,unimol,xgboost,crem_lime,0.08030563358760584,0.23382578271077234,0.3141308438464899
CHEMBL264_Ki,8,unimol,xgboost,crem_mean,0.03458315956207148,0.17267774734290764,0.2050893932989008
CHEMBL264_Ki,12,molformer,mlp,crem_lime,0.18407680394612247,0.1504617522523595,0.12083888822515189
CHEMBL264_Ki,12,molformer,mlp,crem_mean,0.18045621357641853,0.0851526074719511,0.2630209153833792
CHEMBL264_Ki,12,molformer,xgboost,crem_lime,0.12855245116536435,0.02687277782164991,0.1018380358173073
CHEMBL264_Ki,12,molformer,xgboost,crem_mean,0.09325478203455673,0.2286155965104625,0.27914124911463745
CHEMBL264_Ki,12,morgan,mlp,crem_lime,0.14200008412632179,0.1573714472714369,0.21994630214204433
CHEMBL264_Ki,12,morgan,mlp,crem_mean,0.006519495765852636,0.13349006869948027,0.1327689988008715
CHEMBL264_Ki,12,morgan,xgboost,crem_lime,0.09664885011930911,0.4440445901760649,0.4577436934290351
CHEMBL264_Ki,12,morgan,xgboost,crem_mean,0.1627721477412234,0.07733988574981276,0.1643354947574083
CHEMBL264_Ki,12,unimol,mlp,crem_lime,0.02949424827342266,0.207678842908523,0.19591152096306252
CHEMBL264_Ki,12,unimol,mlp,crem_mean,0.09795980515197873,0.1620681900736435,0.2599835256809438
CHEMBL264_Ki,12,unimol,xgboost,crem_lime,0.06523804739015276,0.10406982379853486,0.05076699085612955
CHEMBL264_Ki,12,unimol,xgboost,crem_mean,0.03424021713770438,0.22863592959125328,0.2033190270862004
CHEMBL264_Ki,19,molformer,mlp,crem_lime,0.1613265592090997,0.1422026462151503,0.02441092746021311
CHEMBL264_Ki,19,molformer,mlp,crem_mean,0.0797143681207927,0.10412488552068347,0.03481968137815188
CHEMBL264_Ki,19,molformer,xgboost,crem_lime,0.012679787237632566,0.07447471215226154,0.08706183747603229
CHEMBL264_Ki,19,molformer,xgboost,crem_mean,0.04044898150248076,0.0354484531904087,0.07258067931472174
CHEMBL264_Ki,19,morgan,mlp,crem_lime,0.10319613444494916,0.052104360823189394,0.14561868504459163
CHEMBL264_Ki,19,morgan,mlp,crem_mean,0.11819498588022087,0.02875664480149296,0.10638218193168965
CHEMBL264_Ki,19,morgan,xgboost,crem_lime,0.0302415055840914,0.09415732751151394,0.12265411785684131
CHEMBL264_Ki,19,morgan,xgboost,crem_mean,0.05648384186458931,0.060070910999561675,0.08736024811111648
CHEMBL264_Ki,19,unimol,mlp,crem_lime,0.1799246316347291,0.1658109092531398,0.1421878786043389
CHEMBL264_Ki,19,unimol,mlp,crem_mean,0.04652995122421712,0.18400644572857103,0.2300066235103953
CHEMBL264_Ki,19,unimol,xgboost,crem_lime,0.11047023854183664,0.03720138483376822,0.07442527104821349
CHEMBL264_Ki,19,unimol,xgboost,crem_mean,0.024321756589219316,0.1321049611192024,0.14375652569167782
CHEMBL264_Ki,20,molformer,mlp,crem_lime,0.24631345438236457,0.3262830778910359,0.49565188939322413
CHEMBL264_Ki,20,molformer,mlp,crem_mean,0.11296145801497932,0.16568248653539921,0.270673034693051
CHEMBL264_Ki,20,molformer,xgboost,crem_lime,0.2280743602648288,0.2930815520726889,0.2233842160281802
CHEMBL264_Ki,20,molformer,xgboost,crem_mean,0.09292192165363616,0.19189048151058574,0.22747710800289261
CHEMBL264_Ki,20,morgan,mlp,crem_lime,0.31662553225859197,0.4968457346510526,0.7476733991093105
CHEMBL264_Ki,20,morgan,mlp,crem_mean,0.15423820223829868,0.30416276257637204,0.3464433661705724
CHEMBL264_Ki,20,morgan,xgboost,crem_lime,0.03497258452777362,0.261731012544833,0.23067622066928511
CHEMBL264_Ki,20,morgan,xgboost,crem_mean,0.011513417221936906,0.03784234241748691,0.03418379087171549
CHEMBL264_Ki,20,unimol,mlp,crem_lime,0.19131489777086375,0.13135908653237993,0.2768545076313884
CHEMBL264_Ki,20,unimol,mlp,crem_mean,0.10066069672812057,0.015431428666701358,0.08893304946788266
CHEMBL264_Ki,20,unimol,xgboost,crem_lime,0.06094029191346077,0.15182958687081577,0.12145131182798545
CHEMBL264_Ki,20,unimol,xgboost,crem_mean,0.030351096340837713,0.0068692103013908035,0.034696312084570524
CHEMBL264_Ki,21,molformer,mlp,crem_lime,0.005608752711491119,0.39432132540625703,0.39730379880465067
CHEMBL264_Ki,21,molformer,mlp,crem_mean,0.05169134465788158,0.25897297102840183,0.21644652989621407
CHEMBL264_Ki,21,molformer,xgboost,crem_lime,0.21459722951689802,0.3407831303936248,0.47062850245648385
CHEMBL264_Ki,21,molformer,xgboost,crem_mean,0.08679951132276385,0.11137048511765762,0.1883468628409597
CHEMBL264_Ki,21,morgan,mlp,crem_lime,0.11551071611651618,0.23403024965617517,0.2643045089892298
CHEMBL264_Ki,21,morgan,mlp,crem_mean,0.010740262437241282,0.2066838496004614,0.21737894752479572
CHEMBL264_Ki,21,morgan,xgboost,crem_lime,0.075775342985011,0.3127347575929896,0.37036106294174165
CHEMBL264_Ki,21,morgan,xgboost,crem_mean,0.021301426542036817,0.0796989937984342,0.07640576234724131
CHEMBL264_Ki,21,unimol,mlp,crem_lime,0.10566451370450908,0.11806730454042978,0.18733488032083206
CHEMBL264_Ki,21,unimol,mlp,crem_mean,0.01043741149913792,0.0790356742220006,0.08674842758293931
CHEMBL264_Ki,21,unimol,xgboost,crem_lime,0.0987803288666023,0.10229688970449778,0.09738770939679918
CHEMBL264_Ki,21,unimol,xgboost,crem_mean,0.03380174364879657,0.09983316278703436,0.12281824078946875
CHEMBL264_Ki,25,molformer,mlp,crem_lime,0.08948391907372297,0.17881365247552533,0.25575129804928026
CHEMBL264_Ki,25,molformer,mlp,crem_mean,0.1361284271508395,0.020203955757206148,0.14827701286389308
CHEMBL264_Ki,25,molformer,xgboost,crem_lime,0.041176932383565346,0.10930436257063071,0.13870916015073928
CHEMBL264_Ki,25,molformer,xgboost,crem_mean,0.026070384052665957,0.18525789477192456,0.21130621436520003
CHEMBL264_Ki,25,morgan,mlp,crem_lime,0.4327281601815321,0.3474590338962317,0.7716334527958262
CHEMBL264_Ki,25,morgan,mlp,crem_mean,0.22996658401662948,0.2322312503323954,0.426869439491442
CHEMBL264_Ki,25,morgan,xgboost,crem_lime,0.016867614441738437,0.10045391352924979,0.10776676081940552
CHEMBL264_Ki,25,morgan,xgboost,crem_mean,0.06324557316062443,0.07322199694271576,0.06603841025510912
CHEMBL264_Ki,25,unimol,mlp,crem_lime,0.20989478310187082,0.05788613036319095,0.2157541279749084
CHEMBL264_Ki,25,unimol,mlp,crem_mean,0.0891292446160613,0.2802477256411699,0.3450236562971524
CHEMBL264_Ki,25,unimol,xgboost,crem_lime,0.25281675362493133,0.07516492636554094,0.29171847933599476
CHEMBL264_Ki,25,unimol,xgboost,crem_mean,0.1863805201789172,0.15076552233861634,0.31320975452113686
CHEMBL264_Ki,30,molformer,mlp,crem_lime,0.12431577573028192,0.6543552086281725,0.5618386993521046
CHEMBL264_Ki,30,molformer,mlp,crem_mean,0.2020680908137862,0.6678812211078419,0.6631636087822703
CHEMBL264_Ki,30,molformer,xgboost,crem_lime,0.4207131166424722,0.2711555047576144,0.2857215277850756
CHEMBL264_Ki,30,molformer,xgboost,crem_mean,0.352835039840702,0.21303490529568916,0.23066350028496016
CHEMBL264_Ki,30,morgan,mlp,crem_lime,0.174938552271527,0.06979899544123926,0.1161281053379849
CHEMBL264_Ki,30,morgan,mlp,crem_mean,0.08904256417384983,0.3568188916105611,0.411536301594011
CHEMBL264_Ki,30,morgan,xgboost,crem_lime,0.1754212128337273,0.6517375691129216,0.4942892688011918
CHEMBL264_Ki,30,morgan,xgboost,crem_mean,0.1909605526534752,0.6589693688306638,0.7161544213665189
CHEMBL264_Ki,30,unimol,mlp,crem_lime,0.1817308028798803,0.3050170977500924,0.1863703416387606
CHEMBL264_Ki,30,unimol,mlp,crem_mean,0.07465620407487136,0.5203045641458619,0.5948762157682832
CHEMBL264_Ki,30,unimol,xgboost,crem_lime,0.09950316583047003,0.42145406665546814,0.4328268209130833
CHEMBL264_Ki,30,unimol,xgboost,crem_mean,0.37927505066340056,0.3874325355871562,0.23269924324247307
CHEMBL264_Ki,36,molformer,mlp,crem_lime,0.20491025986670616,0.188000829743363,0.3735280889408712
CHEMBL264_Ki,36,molformer,mlp,crem_mean,0.05052641205730575,0.15608359146120662,0.11425624312304547
CHEMBL264_Ki,36,molformer,xgboost,crem_lime,0.08959267163994582,0.21459050429866064,0.2496916676474387
CHEMBL264_Ki,36,molformer,xgboost,crem_mean,0.1158375887750441,0.06909168627591503,0.059862441144751075
CHEMBL264_Ki,36,morgan,mlp,crem_lime,0.05599954898490541,0.20838252121829268,0.19684309196845173
CHEMBL264_Ki,36,morgan,mlp,crem_mean,0.03323479268446557,0.0638566885020989,0.07899097213172177
CHEMBL264_Ki,36,morgan,xgboost,crem_lime,0.05314539176130522,0.12248519306573727,0.166014118988081
CHEMBL264_Ki,36,morgan,xgboost,crem_mean,0.00029119982271284594,0.06157641642752726,0.06167404090338381
CHEMBL264_Ki,36,unimol,mlp,crem_lime,0.13369360985333673,0.15620826886172004,0.27266113471194453
CHEMBL264_Ki,36,unimol,mlp,crem_mean,0.040461661746819456,0.11482816116438282,0.11890055876885255
CHEMBL264_Ki,36,unimol,xgboost,crem_lime,0.13483388660651086,0.2836180780757775,0.4047844628203178
CHEMBL264_Ki,36,unimol,xgboost,crem_mean,0.023323386742504573,0.04036785456527123,0.06067078055601951
CHEMBL264_Ki,38,molformer,mlp,crem_lime,0.03717278364101064,0.5658887473234855,0.5633976077283033
CHEMBL264_Ki,38,molformer,mlp,crem_mean,0.0,0.0,0.0
CHEMBL264_Ki,38,molformer,xgboost,crem_lime,0.27205315680395303,0.6475531896813715,0.7826848904184303
CHEMBL264_Ki,38,molformer,xgboost,crem_mean,0.0,0.22452510468485454,0.22452510468485448
CHEMBL264_Ki,38,morgan,mlp,crem_lime,0.12557906161320168,0.4051972362721916,0.4958743298239764
CHEMBL264_Ki,38,morgan,mlp,crem_mean,0.0,0.0,0.0
CHEMBL264_Ki,38,morgan,xgboost,crem_lime,0.2797917532188739,0.28838389649358354,0.5244783313319001
CHEMBL264_Ki,38,morgan,xgboost,crem_mean,0.0,0.28867513459481264,0.28867513459481264
CHEMBL264_Ki,38,unimol,mlp,crem_lime,0.06142142986913667,0.6876314561636773,0.6408914275437294
CHEMBL264_Ki,38,unimol,mlp,crem_mean,4.406061034464155e-16,0.0,4.166419153831055e-16
CHEMBL264_Ki,38,unimol,xgboost,crem_lime,0.41034261817160606,0.2939406611720461,0.251776078415846
CHEMBL264_Ki,38,unimol,xgboost,crem_mean,4.2457866502527573e-16,1.9229626863835638e-16,2.2434564674474914e-16
CHEMBL264_Ki,49,molformer,mlp,crem_lime,0.048332284690409594,0.23539085662432288,0.28247948447605425
CHEMBL264_Ki,49,molformer,mlp,crem_mean,0.005454799594497292,0.04921704564599796,0.0477047840790925
CHEMBL264_Ki,49,molformer,xgboost,crem_lime,0.07645863065085548,0.22206073142395324,0.27373332764723146
CHEMBL264_Ki,49,molformer,xgboost,crem_mean,0.016880525665354015,0.17852272417688783,0.19242512524527997
CHEMBL264_Ki,49,morgan,mlp,crem_lime,0.06932112553931788,0.1696216957105624,0.20459367281148647
CHEMBL264_Ki,49,morgan,mlp,crem_mean,0.06616642728211922,0.14576554936462546,0.10657176989332963
CHEMBL264_Ki,49,morgan,xgboost,crem_lime,0.010323150481600055,0.1909772573851774,0.18872954297112396
CHEMBL264_Ki,49,morgan,xgboost,crem_mean,0.009426856343766773,0.05626684839879928,0.06322535882624898
CHEMBL264_Ki,49,unimol,mlp,crem_lime,0.33484762326021406,0.42865358967414047,0.20962114483578714
CHEMBL264_Ki,49,unimol,mlp,crem_mean,0.09703966619759255,0.09018241845952636,0.05659302690303615
CHEMBL264_Ki,49,unimol,xgboost,crem_lime,0.11381703182479042,0.08049836919603863,0.07940348053726676
CHEMBL264_Ki,49,unimol,xgboost,crem_mean,0.09902785938019497,0.04490574822858978,0.1249254479936473
CHEMBL264_Ki,52,molformer,mlp,crem_lime,0.08850559157263695,0.5324787778683542,0.4770201862050063
CHEMBL264_Ki,52,molformer,mlp,crem_mean,0.05442977294871695,0.14985750849070967,0.19537823326441187
CHEMBL264_Ki,52,molformer,xgboost,crem_lime,0.4020966798605732,0.39028794404229433,0.6906279024151597
CHEMBL264_Ki,52,molformer,xgboost,crem_mean,0.08957803584411064,0.03779843107784193,0.05716910832168396
CHEMBL264_Ki,52,morgan,mlp,crem_lime,0.11915605327179293,0.291187376069991,0.20910792499971426
CHEMBL264_Ki,52,morgan,mlp,crem_mean,0.02173827170393604,0.15918268301158647,0.1378313754661497
CHEMBL264_Ki,52,morgan,xgboost,crem_lime,0.24181933969206554,0.05459243914420681,0.23219267325045614
CHEMBL264_Ki,52,morgan,xgboost,crem_mean,0.007334382667621459,0.016220793277232286,0.018204088613884402
CHEMBL264_Ki,52,unimol,mlp,crem_lime,0.24625903925465284,0.1667805927872174,0.3671241960959271
CHEMBL264_Ki,52,unimol,mlp,crem_mean,0.03528251645047706,0.09154759523200727,0.09681734363815848
CHEMBL264_Ki,52,unimol,xgboost,crem_lime,0.2527093485289764,0.043639601634350766,0.2127308070408813
CHEMBL264_Ki,52,unimol,xgboost,crem_mean,0.12812469133204796,0.08540565337068758,0.14063225643991875
CHEMBL264_Ki,55,molformer,mlp,crem_lime,0.014844948506728612,0.11563031638854446,0.12822456418632086
CHEMBL264_Ki,55,molformer,mlp,crem_mean,0.00026362223487392633,0.001962703752001677,0.002088326131369732
CHEMBL264_Ki,55,molformer,xgboost,crem_lime,0.014541267680520232,0.14871751125637964,0.15585354984871844
CHEMBL264_Ki,55,molformer,xgboost,crem_mean,0.00026638553206872394,0.055239398017730375,0.055234244335924214
CHEMBL264_Ki,55,morgan,mlp,crem_lime,0.01818543910729755,0.0302652711889076,0.02020947531646591
CHEMBL264_Ki,55,morgan,mlp,crem_mean,0.002243712009847028,0.04169890691624434,0.03954277621468501
CHEMBL264_Ki,55,morgan,xgboost,crem_lime,0.00790781762731979,0.22304292862104394,0.2152738114733807
CHEMBL264_Ki,55,morgan,xgboost,crem_mean,0.0001832950542800942,0.020185908433619466,0.020338079984166726
CHEMBL264_Ki,55,unimol,mlp,crem_lime,0.13997467033719665,0.26321368649048543,0.38235964594558736
CHEMBL264_Ki,55,unimol,mlp,crem_mean,0.042185574442449,0.005051049253707204,0.03722250038215612
CHEMBL264_Ki,55,unimol,xgboost,crem_lime,0.1303566309809867,0.1930102782901892,0.18610497129148837
CHEMBL264_Ki,55,unimol,xgboost,crem_mean,0.04631345987162479,0.011390269988860766,0.05634502900631437
CHEMBL264_Ki,57,molformer,mlp,crem_lime,0.12577848292803792,0.0073269577418593355,0.12776758405649416
CHEMBL264_Ki,57,molformer,mlp,crem_mean,0.10959957153370943,0.03886288011459653,0.1484586830302378
CHEMBL264_Ki,57,molformer,xgboost,crem_lime,0.11792033286714738,0.02598673949992819,0.11625589263004403
CHEMBL264_Ki,57,molformer,xgboost,crem_mean,0.12799463927213323,0.015354875358937009,0.12815963385217863
CHEMBL264_Ki,57,morgan,mlp,crem_lime,0.07617937690999504,0.03665905536355157,0.07751400234464605
CHEMBL264_Ki,57,morgan,mlp,crem_mean,0.0493368626454085,0.08787078069326063,0.13705359754889826
CHEMBL264_Ki,57,morgan,xgboost,crem_lime,0.2995546982557014,0.08725136304776895,0.3272454321899406
CHEMBL264_Ki,57,morgan,xgboost,crem_mean,0.05468091029170114,0.05703749706744575,0.019541229848763227
CHEMBL264_Ki,57,unimol,mlp,crem_lime,0.05713655434007855,0.25494364682315673,0.2366657537819228
CHEMBL264_Ki,57,unimol,mlp,crem_mean,0.001060434308935809,0.22501788032304354,0.2246699133454043
CHEMBL264_Ki,57,unimol,xgboost,crem_lime,0.04399202363136936,0.10970560591811901,0.06672523832938336
CHEMBL264_Ki,57,unimol,xgboost,crem_mean,0.003134930565014895,0.1391507352055995,0.13813775724989052
CHEMBL264_Ki,59,molformer,mlp,crem_lime,0.02982528388960556,0.17197522772044507,0.1421816070731315
CHEMBL264_Ki,59,molformer,mlp,crem_mean,0.08481120627568045,0.2720881878417865,0.3124886792705261
CHEMBL264_Ki,59,molformer,xgboost,crem_lime,0.031748375605797394,0.030531393540742646,0.052923649928037886
CHEMBL264_Ki,59,molformer,xgboost,crem_mean,0.0777960058577809,0.1312256494423932,0.0699344210857108
CHEMBL264_Ki,59,morgan,mlp,crem_lime,0.0,0.020863051982544917,0.020863051982544914
CHEMBL264_Ki,59,morgan,mlp,crem_mean,0.048802219814820566,0.04150773130542401,0.01913590572908092
CHEMBL264_Ki,59,morgan,xgboost,crem_lime,0.021744360787661204,0.06847193052778908,0.04673863657676392
CHEMBL264_Ki,59,morgan,xgboost,crem_mean,0.09553087346388983,0.08147085504060478,0.16019723703287284
CHEMBL264_Ki,59,unimol,mlp,crem_lime,0.004888859428738747,0.1867435660197773,0.1819347314096119
CHEMBL264_Ki,59,unimol,mlp,crem_mean,0.1249486630126791,0.3215994932798602,0.41900312420638075
CHEMBL264_Ki,59,unimol,xgboost,crem_lime,0.007996122686009084,0.059071619512556905,0.06680913615212504
CHEMBL264_Ki,59,unimol,xgboost,crem_mean,0.09166636041741391,0.2654552711706222,0.31915313149392216
CHEMBL264_Ki,64,molformer,mlp,crem_lime,0.0340643755325914,0.17767492956636685,0.15145869747078444
CHEMBL264_Ki,64,molformer,mlp,crem_mean,0.1597604184368277,0.08390408220910321,0.08411651378365116
CHEMBL264_Ki,64,molformer,xgboost,crem_lime,0.14953556976767673,0.1038803430742799,0.16665135972094777
CHEMBL264_Ki,64,molformer,xgboost,crem_mean,0.20442299497162983,0.07806344719347269,0.2383776168327544
CHEMBL264_Ki,64,morgan,mlp,crem_lime,0.18785242384558812,0.19255989614492014,0.052114921434127784
CHEMBL264_Ki,64,morgan,mlp,crem_mean,0.0928726588502302,0.12794035057841593,0.035163652848886943
CHEMBL264_Ki,64,morgan,xgboost,crem_lime,0.029369276840031648,0.3422437679726314,0.36983593412185567
CHEMBL264_Ki,64,morgan,xgboost,crem_mean,0.03614483673282779,0.15686780239006543,0.18591859527105328
CHEMBL264_Ki,64,unimol,mlp,crem_lime,0.13882286069628857,0.1973346268112127,0.3030786942652824
CHEMBL264_Ki,64,unimol,mlp,crem_mean,0.1296684020227289,0.049311877055354524,0.17873383465505127
CHEMBL264_Ki,64,unimol,xgboost,crem_lime,0.05370111290601593,0.07833387096688478,0.12121699990265201
CHEMBL264_Ki,64,unimol,xgboost,crem_mean,0.1705857174957848,0.09821739830734347,0.25297570795379826
CHEMBL264_Ki,66,molformer,mlp,crem_lime,0.3431480301608856,0.1631441150812991,0.4974532853869334
CHEMBL264_Ki,66,molformer,mlp,crem_mean,0.2374486207872757,0.10232810878350769,0.3392267624101786
CHEMBL264_Ki,66,molformer,xgboost,crem_lime,0.03281462960132712,0.03212845769079615,0.007180557694264105
CHEMBL264_Ki,66,molformer,xgboost,crem_mean,0.1395432097016797,0.1160181835428913,0.16986791661955647
CHEMBL264_Ki,66,morgan,mlp,crem_lime,0.2741788470264078,0.03490479560174241,0.28923358885338124
CHEMBL264_Ki,66,morgan,mlp,crem_mean,0.21982908345322752,0.18611523963940924,0.40580119415051974
CHEMBL264_Ki,66,morgan,xgboost,crem_lime,0.011865502636613063,0.1428788248946527,0.14014216121584816
CHEMBL264_Ki,66,morgan,xgboost,crem_mean,0.026186423094592737,0.17521002967528632,0.17235102745055256
CHEMBL264_Ki,66,unimol,mlp,crem_lime,0.13629929018061898,0.1538967413181217,0.24009718044325737
CHEMBL264_Ki,66,unimol,mlp,crem_mean,0.106759663693902,0.22296580845079778,0.29923547118593413
CHEMBL264_Ki,66,unimol,xgboost,crem_lime,0.047772714233461355,0.17397137499634577,0.20750282489644467
CHEMBL264_Ki,66,unimol,xgboost,crem_mean,0.11945166909422011,0.34008933524227686,0.2248755223541214
CHEMBL264_Ki,80,molformer,mlp,crem_lime,0.19392747973727922,0.14202072517618772,0.295514714261176
CHEMBL264_Ki,80,molformer,mlp,crem_mean,0.06331689893581234,0.059703266473018136,0.09901687106773929
CHEMBL264_Ki,80,molformer,xgboost,crem_lime,0.1135962529022699,0.07817524259993563,0.13145400391826906
CHEMBL264_Ki,80,molformer,xgboost,crem_mean,0.01130025522643921,0.0315045705225958,0.02020510255052262
CHEMBL264_Ki,80,morgan,mlp,crem_lime,0.12193251893425867,0.10075091449622899,0.21695213087771073
CHEMBL264_Ki,80,morgan,mlp,crem_mean,0.042645190337870106,0.06954331614807326,0.03038915910323825
CHEMBL264_Ki,80,morgan,xgboost,crem_lime,0.01033675969704639,0.12715188772056157,0.11683548861683696
CHEMBL264_Ki,80,morgan,xgboost,crem_mean,0.06396778550680515,0.02557402664208217,0.06939636191241522
CHEMBL264_Ki,80,unimol,mlp,crem_lime,0.018636434667740877,0.08158370226772357,0.08866587004767357
CHEMBL264_Ki,80,unimol,mlp,crem_mean,0.006196202503694398,0.0021322595168934938,0.004660720233295655
CHEMBL264_Ki,80,unimol,xgboost,crem_lime,0.07129102668513126,0.05871305834456897,0.11695299749240798
CHEMBL264_Ki,80,unimol,xgboost,crem_mean,0.07581367171176896,0.0014946795960906277,0.07574222007464938
CHEMBL264_Ki,81,molformer,mlp,crem_lime,0.03050837089692807,0.3044448910693661,0.27415499108426067
CHEMBL264_Ki,81,molformer,mlp,crem_mean,0.04202248137050539,0.07748523390385671,0.118764526370877
CHEMBL264_Ki,81,molformer,xgboost,crem_lime,0.008771148021082415,0.05039212393100954,0.045865613372028755
CHEMBL264_Ki,81,molformer,xgboost,crem_mean,0.03203988266805281,0.06895164560829374,0.085856002621807
CHEMBL264_Ki,81,morgan,mlp,crem_lime,0.03316821151424463,0.19783876276569465,0.1710180504874162
CHEMBL264_Ki,81,morgan,mlp,crem_mean,0.025710015984733603,0.07636553655289834,0.09441323604253127
CHEMBL264_Ki,81,morgan,xgboost,crem_lime,0.07673886766735366,0.40452885725193866,0.4205621366476708
CHEMBL264_Ki,81,morgan,xgboost,crem_mean,0.024351962158415216,0.3447043691469459,0.368890586822489
CHEMBL264_Ki,81,unimol,mlp,crem_lime,0.06564575262461174,0.3506742083144724,0.3991445880146003
CHEMBL264_Ki,81,unimol,mlp,crem_mean,0.06267299786654568,0.11272290687833558,0.15513683416168975
CHEMBL264_Ki,81,unimol,xgboost,crem_lime,0.04181950595737347,0.37087995901392906,0.4116680224511439
CHEMBL264_Ki,81,unimol,xgboost,crem_mean,0.03878916179589144,0.12262443126212816,0.1513998378433421
CHEMBL264_Ki,82,molformer,mlp,crem_lime,0.47469451833420734,0.045892048402118794,0.4327403902239491
CHEMBL264_Ki,82,molformer,mlp,crem_mean,0.027190750511285375,0.08038367515470103,0.10694390506171796
CHEMBL264_Ki,82,molformer,xgboost,crem_lime,0.5492368249994223,0.5178926693411656,0.45510552449659214
CHEMBL264_Ki,82,molformer,xgboost,crem_mean,0.1844704650661819,0.05263449913277057,0.1741919637469605
CHEMBL264_Ki,82,morgan,mlp,crem_lime,0.13726014949524057,0.236278556000384,0.334780294731391
CHEMBL264_Ki,82,morgan,mlp,crem_mean,0.18753236612113527,0.037325028187585506,0.1882963196881543
CHEMBL264_Ki,82,morgan,xgboost,crem_lime,0.03759832203773262,0.43036677944058116,0.43908242036426365
CHEMBL264_Ki,82,morgan,xgboost,crem_mean,0.015680257023146675,0.08458715137346526,0.09067925025254443
CHEMBL264_Ki,82,unimol,mlp,crem_lime,0.008860333227698153,0.08321912099350635,0.08504233753105822
CHEMBL264_Ki,82,unimol,mlp,crem_mean,0.04365062721470998,0.03516308134015046,0.07524176462504185
CHEMBL264_Ki,82,unimol,xgboost,crem_lime,0.06789522149216841,0.025670425929877855,0.08222914877519995
CHEMBL264_Ki,82,unimol,xgboost,crem_mean,0.06595995275677509,0.18762113853027043,0.13502557990385353
CHEMBL264_Ki,91,molformer,mlp,crem_lime,0.08096275282947235,0.27410321893807765,0.3515830649721231
CHEMBL264_Ki,91,molformer,mlp,crem_mean,0.007117723302672955,0.09599433736677615,0.10202745750250256
CHEMBL264_Ki,91,molformer,xgboost,crem_lime,0.14566744818810373,0.06272857390234843,0.15120289629366718
CHEMBL264_Ki,91,molformer,xgboost,crem_mean,0.036315445501419824,0.11133424103256324,0.1256480822372788
CHEMBL264_Ki,91,morgan,mlp,crem_lime,0.05217027151646226,0.12645906014808847,0.15229167483120262
CHEMBL264_Ki,91,morgan,mlp,crem_mean,0.040226618435672434,0.11719731993463785,0.09045951810446126
CHEMBL264_Ki,91,morgan,xgboost,crem_lime,0.07282114218424916,0.38165421371608305,0.44564481015607044
CHEMBL264_Ki,91,morgan,xgboost,crem_mean,0.015227267845885328,0.09284816144479077,0.10795313625021191
CHEMBL264_Ki,91,unimol,mlp,crem_lime,0.09604768578043116,0.041047735347251736,0.1286658493591881
CHEMBL264_Ki,91,unimol,mlp,crem_mean,0.030115790084335615,0.0786131091519714,0.09400281277130065
CHEMBL264_Ki,91,unimol,xgboost,crem_lime,0.0863084985956804,0.12910889416668825,0.08496058241758424
CHEMBL264_Ki,91,unimol,xgboost,crem_mean,0.05001987096604755,0.06314357084914186,0.11203313726736033
CHEMBL264_Ki,96,molformer,mlp,crem_lime,0.014647687177925566,0.1391147204838112,0.12755504402926907
CHEMBL264_Ki,96,molformer,mlp,crem_mean,0.0078805478952192,0.18869723851857334,0.19241619453475908
CHEMBL264_Ki,96,molformer,xgboost,crem_lime,0.014737128182073452,0.27907074776237695,0.279908711936427
CHEMBL264_Ki,96,molformer,xgboost,crem_mean,0.0039399003259204665,0.14726772611992076,0.15094464391888682
CHEMBL264_Ki,96,morgan,mlp,crem_lime,0.18383380339610159,0.21462772303099323,0.35438680350534696
CHEMBL264_Ki,96,morgan,mlp,crem_mean,0.018506940253791675,0.1856309339057021,0.1699453628717422
CHEMBL264_Ki,96,morgan,xgboost,crem_lime,0.0046100025382522945,0.14305251455494972,0.14738894377212572
CHEMBL264_Ki,96,morgan,xgboost,crem_mean,0.002490748671973925,0.27727927364219945,0.2773789645822576
CHEMBL264_Ki,96,unimol,mlp,crem_lime,0.013437365334579046,0.21412357152440495,0.2163737805657598
CHEMBL264_Ki,96,unimol,mlp,crem_mean,0.0030614309589165013,0.040624620940989224,0.04320584085198654
CHEMBL264_Ki,96,unimol,xgboost,crem_lime,0.08639416531860997,0.3030739506233807,0.3880000836053426
CHEMBL264_Ki,96,unimol,xgboost,crem_mean,0.08622973735420231,0.12591328543992375,0.18130548617108166
CHEMBL264_Ki,98,molformer,mlp,crem_lime,0.13529583950575985,0.08210872015089699,0.193353018109696
CHEMBL264_Ki,98,molformer,mlp,crem_mean,0.03085739409643704,0.0303621699524723,0.05002494761823341
CHEMBL264_Ki,98,molformer,xgboost,crem_lime,0.16192661897468943,0.0997670832741093,0.11362581293365816
CHEMBL264_Ki,98,molformer,xgboost,crem_mean,0.025011863685111824,0.03571439207605961,0.032240728857183154
CHEMBL264_Ki,98,morgan,mlp,crem_lime,0.1723130454074786,0.24644233593963108,0.2386710521529059
CHEMBL264_Ki,98,morgan,mlp,crem_mean,0.04628429921719014,0.08108384084224608,0.04801197631388693
CHEMBL264_Ki,98,morgan,xgboost,crem_lime,0.0038363795275767657,0.22698717175837807,0.2235722617580619
CHEMBL264_Ki,98,morgan,xgboost,crem_mean,0.006508819504733409,0.04093379627843598,0.04055503136802402
CHEMBL264_Ki,98,unimol,mlp,crem_lime,0.3507764097873249,0.3401574476734871,0.5718859864153502
CHEMBL264_Ki,98,unimol,mlp,crem_mean,0.049732377090291206,0.07263308996963568,0.09198933647415582
CHEMBL264_Ki,98,unimol,xgboost,crem_lime,0.040816043587101315,0.08649054336552991,0.0458680063722434
CHEMBL264_Ki,98,unimol,xgboost,crem_mean,0.024266833616874796,0.04499625292619849,0.05365600339280659
CHEMBL264_Ki,100,molformer,mlp,crem_lime,0.17829912241360968,0.2785409894443516,0.42726597501869656
CHEMBL264_Ki,100,molformer,mlp,crem_mean,0.026618185060007883,0.07504565547082778,0.06191237793741275
CHEMBL264_Ki,100,molformer,xgboost,crem_lime,0.2630412855339595,0.06319037144908231,0.22055789006649135
CHEMBL264_Ki,100,molformer,xgboost,crem_mean,0.028513284880432057,0.04486567236861966,0.05148532317921995
CHEMBL264_Ki,100,morgan,mlp,crem_lime,0.02803957017200282,0.12861753098795667,0.1497594752777164
CHEMBL264_Ki,100,morgan,mlp,crem_mean,0.05654288533748886,0.046800730411877836,0.06230842120600499
CHEMBL264_Ki,100,morgan,xgboost,crem_lime,0.12840387917571588,0.10083212032747896,0.22542685987261066
CHEMBL264_Ki,100,morgan,xgboost,crem_mean,0.11451009228315559,0.13660980194562805,0.22979408850911484
CHEMBL264_Ki,100,unimol,mlp,crem_lime,0.05290685518139364,0.1407564744071737,0.09069385103425849
CHEMBL264_Ki,100,unimol,mlp,crem_mean,0.01078640500556733,0.11607983501549633,0.10544768100836252
CHEMBL264_Ki,100,unimol,xgboost,crem_lime,0.044702071817450756,0.4226900143119219,0.37987908774589096
CHEMBL264_Ki,100,unimol,xgboost,crem_mean,0.010835527661956015,0.16527648482750376,0.15730037305710656
CHEMBL264_Ki,106,molformer,mlp,crem_lime,0.24623034643751718,0.2861169339098505,0.15302037518956946
CHEMBL264_Ki,106,molformer,mlp,crem_mean,0.13126907542422142,0.3685628743163228,0.25710280233358696
CHEMBL264_Ki,106,molformer,xgboost,crem_lime,0.26258271191423055,0.26950441029186634,0.2323538867271017
CHEMBL264_Ki,106,molformer,xgboost,crem_mean,0.0588220157847686,0.18086365314271946,0.23851494366564827
CHEMBL264_Ki,106,morgan,mlp,crem_lime,0.12057070681342162,0.04258930261611595,0.13876681829822243
CHEMBL264_Ki,106,morgan,mlp,crem_mean,0.2101975249718615,0.12002934836132795,0.17709013919893768
CHEMBL264_Ki,106,morgan,xgboost,crem_lime,0.10028355478415964,0.47789317624238953,0.5208379825834829
CHEMBL264_Ki,106,morgan,xgboost,crem_mean,0.04168941832930627,0.30053457406657125,0.3411989978518225
CHEMBL264_Ki,106,unimol,mlp,crem_lime,0.049351572189252166,0.14414439281840316,0.09893392324326553
CHEMBL264_Ki,106,unimol,mlp,crem_mean,0.01531933930368741,0.3044628959381931,0.2906998184278475
CHEMBL264_Ki,106,unimol,xgboost,crem_lime,0.01752281901359637,0.38054663682599965,0.3732785175235045
CHEMBL264_Ki,106,unimol,xgboost,crem_mean,0.019293896817286944,0.1070925663792891,0.09097828425397439
CHEMBL264_Ki,107,molformer,mlp,crem_lime,0.17294087382957019,0.1571766207150032,0.1828019918502482
CHEMBL264_Ki,107,molformer,mlp,crem_mean,0.006119059236611937,0.005260430132863599,0.0021601152019488316
CHEMBL264_Ki,107,molformer,xgboost,crem_lime,0.07288978858129248,0.031167152596239728,0.046267756252523606
CHEMBL264_Ki,107,molformer,xgboost,crem_mean,8.163889553025154e-05,0.014146575494768972,0.014227747553448106
CHEMBL264_Ki,107,morgan,mlp,crem_lime,0.026384207821251008,0.21280597462120177,0.20542856779643026
CHEMBL264_Ki,107,morgan,mlp,crem_mean,0.0013368171988032047,0.0009070988392245079,0.0009819632981398
CHEMBL264_Ki,107,morgan,xgboost,crem_lime,0.016726289646578074,0.09473528558293842,0.11135815619013033
CHEMBL264_Ki,107,morgan,xgboost,crem_mean,0.0,0.013865483588074972,0.013865483588074972
CHEMBL264_Ki,107,unimol,mlp,crem_lime,0.07172417507569771,0.04211853013947556,0.05119479055526382
CHEMBL264_Ki,107,unimol,mlp,crem_mean,0.005699471348507467,0.006803241294183982,0.01167057909528318
CHEMBL264_Ki,107,unimol,xgboost,crem_lime,0.11050217019063709,0.27732576640001033,0.36241091420029037
CHEMBL264_Ki,107,unimol,xgboost,crem_mean,0.00626362514443362,0.012983529642235366,0.017431400897961243
CHEMBL264_Ki,108,molformer,mlp,crem_lime,0.18726697935729492,0.09021828733018447,0.27155130533761096
CHEMBL264_Ki,108,molformer,mlp,crem_mean,0.08471003303905117,0.10603247419275848,0.03767177541587332
CHEMBL264_Ki,108,molformer,xgboost,crem_lime,0.06146374896362049,0.1431366593175061,0.18510593996575556
CHEMBL264_Ki,108,molformer,xgboost,crem_mean,0.010159269552825444,0.08520588364800352,0.08078367077442712
CHEMBL264_Ki,108,morgan,mlp,crem_lime,0.10186307419286683,0.1277784458981045,0.229392738256729
CHEMBL264_Ki,108,morgan,mlp,crem_mean,0.009867065282567707,0.04162569713781116,0.0510254894658427
CHEMBL264_Ki,108,morgan,xgboost,crem_lime,0.011024654157887708,0.15355194594681218,0.14733933171092423
CHEMBL264_Ki,108,morgan,xgboost,crem_mean,0.01983355491053635,0.07097150940323071,0.06940730238162808
CHEMBL264_Ki,108,unimol,mlp,crem_lime,0.13889350650826454,0.18877193305713555,0.2106215080064464
CHEMBL264_Ki,108,unimol,mlp,crem_mean,0.02344661204744834,0.061772254809339164,0.038801028536680104
CHEMBL264_Ki,108,unimol,xgboost,crem_lime,0.10298643388842466,0.21077378144700407,0.2978582029899956
CHEMBL264_Ki,108,unimol,xgboost,crem_mean,0.041141476623200994,0.08965491982849358,0.12990399295086977
CHEMBL264_Ki,113,molformer,mlp,crem_lime,0.06445121444007558,0.09769441879381488,0.16011589812596536
CHEMBL264_Ki,113,molformer,mlp,crem_mean,0.05007406446830456,0.053447956428104036,0.032498318728758274
CHEMBL264_Ki,113,molformer,xgboost,crem_lime,0.05663061224704645,0.04783724057026792,0.05607716217755279
CHEMBL264_Ki,113,molformer,xgboost,crem_mean,0.10648013008605225,0.07934426476483905,0.03415050679569113
CHEMBL264_Ki,113,morgan,mlp,crem_lime,0.188903508057242,0.21056250886643257,0.3907826517844009
CHEMBL264_Ki,113,morgan,mlp,crem_mean,0.04728565253032234,0.044250837203782166,0.09135368285857556
CHEMBL264_Ki,113,morgan,xgboost,crem_lime,0.024880427284414783,0.295813554211867,0.31922908111802006
CHEMBL264_Ki,113,morgan,xgboost,crem_mean,0.023583131704873726,0.1405842720348894,0.11700115217216624
CHEMBL264_Ki,113,unimol,mlp,crem_lime,0.1446102806839235,0.008160549822594228,0.1445961680508983
CHEMBL264_Ki,113,unimol,mlp,crem_mean,0.10920144107298287,0.03801701252664023,0.07940883541992025
CHEMBL264_Ki,113,unimol,xgboost,crem_lime,0.12868606303069108,0.07292957592588034,0.1718274753029483
CHEMBL264_Ki,113,unimol,xgboost,crem_mean,0.03212292979060528,0.07807882896182054,0.04787898207041452
CHEMBL264_Ki,114,molformer,mlp,crem_lime,0.07377394035459958,0.36926657672005664,0.4375181148877007
CHEMBL264_Ki,114,molformer,mlp,crem_mean,0.014759052908966577,0.27219421960461454,0.2578354760439401
CHEMBL264_Ki,114,molformer,xgboost,crem_lime,0.0072757477983551285,0.27729651354154905,0.27003711529387364
CHEMBL264_Ki,114,molformer,xgboost,crem_mean,0.070195803412929,0.15102503910168485,0.164683616223946
CHEMBL264_Ki,114,morgan,mlp,crem_lime,0.009578945985731275,0.1030671138208753,0.09824163776613593
CHEMBL264_Ki,114,morgan,mlp,crem_mean,0.0017428430533534833,0.18874714828227854,0.1879781965726242
CHEMBL264_Ki,114,morgan,xgboost,crem_lime,0.008222127398606744,0.43747469853920934,0.429794805612892
CHEMBL264_Ki,114,morgan,xgboost,crem_mean,0.021216078659812808,0.1678616116429962,0.14668875885153
CHEMBL264_Ki,114,unimol,mlp,crem_lime,0.5678164904202294,0.17527413857557342,0.6921819565350122
CHEMBL264_Ki,114,unimol,mlp,crem_mean,0.3050702749513943,0.28049972858901706,0.23618673054437248
CHEMBL264_Ki,114,unimol,xgboost,crem_lime,0.13478056155365253,0.08279174008680025,0.0999994076302928
CHEMBL264_Ki,114,unimol,xgboost,crem_mean,0.1016092255095596,0.17612803770650992,0.1889572425514947
CHEMBL264_Ki,115,molformer,mlp,crem_lime,0.12531129383492293,0.05209944293848554,0.0738001559604587
CHEMBL264_Ki,115,molformer,mlp,crem_mean,0.07251333250187225,0.08480862423006744,0.14312652649036164
CHEMBL264_Ki,115,molformer,xgboost,crem_lime,0.08239607196444519,0.1758051321512838,0.24453360046833922
CHEMBL264_Ki,115,molformer,xgboost,crem_mean,0.079174211000243,0.18535428438843432,0.2645182412841017
CHEMBL264_Ki,115,morgan,mlp,crem_lime,0.060121373721939805,0.11771756523077605,0.09376552369553601
CHEMBL264_Ki,115,morgan,mlp,crem_mean,0.04448380592315701,0.14326375321931184,0.0991498891671249
CHEMBL264_Ki,115,morgan,xgboost,crem_lime,0.03629231048676449,0.17736101131020912,0.1497788382903723
CHEMBL264_Ki,115,morgan,xgboost,crem_mean,0.022539972018060704,0.11151314016911827,0.0892575207509313
CHEMBL264_Ki,115,unimol,mlp,crem_lime,0.07015191564753952,0.06746831751268928,0.038410246120912137
CHEMBL264_Ki,115,unimol,mlp,crem_mean,0.15234679923821795,0.21336095566564445,0.33312551179898203
CHEMBL264_Ki,115,unimol,xgboost,crem_lime,0.027493377977164203,0.2392384592177734,0.24280637183697398
CHEMBL264_Ki,115,unimol,xgboost,crem_mean,0.09186365204474808,0.28014315632746434,0.28774635023169254
CHEMBL264_Ki,131,molformer,mlp,crem_lime,0.13922457517494066,0.23262643049365514,0.27437019089536674
CHEMBL264_Ki,131,molformer,mlp,crem_mean,0.09576029409206409,0.03294187473157865,0.06709523385691342
CHEMBL264_Ki,131,molformer,xgboost,crem_lime,0.018674540413349098,0.21688491579267735,0.22816616426496045
CHEMBL264_Ki,131,molformer,xgboost,crem_mean,0.025291072372475486,0.07957540016010076,0.09659434802819895
CHEMBL264_Ki,131,morgan,mlp,crem_lime,0.21466189259278495,0.18891161581595994,0.2647363150920664
CHEMBL264_Ki,131,morgan,mlp,crem_mean,0.03012343423546043,0.034947200847787165,0.06457250451818795
CHEMBL264_Ki,131,morgan,xgboost,crem_lime,0.14370999247518026,0.23499559181483307,0.35856972365374007
CHEMBL264_Ki,131,morgan,xgboost,crem_mean,0.0870829374227356,0.03347820885691888,0.1204708899301811
CHEMBL264_Ki,131,unimol,mlp,crem_lime,0.040256768221949076,0.17467373266987937,0.17613104236891772
CHEMBL264_Ki,131,unimol,mlp,crem_mean,0.059254705932203396,0.10218647425722939,0.10494695325260567
CHEMBL264_Ki,131,unimol,xgboost,crem_lime,0.11337803837839662,0.026165427874556946,0.1210745464130417
CHEMBL264_Ki,131,unimol,xgboost,crem_mean,0.05206223346540478,0.132151575115655,0.11826453062157574
CHEMBL264_Ki,132,molformer,mlp,crem_lime,0.05025312991797286,0.18665510721351009,0.1578681145661186
CHEMBL264_Ki,132,molformer,mlp,crem_mean,0.05393494742363152,0.22179025255459103,0.2649415322406208
CHEMBL264_Ki,132,molformer,xgboost,crem_lime,0.09359207712128403,0.17652654507782764,0.25456214077146483
CHEMBL264_Ki,132,molformer,xgboost,crem_mean,0.008945456578443103,0.15944550191982482,0.1678277252640368
CHEMBL264_Ki,132,morgan,mlp,crem_lime,0.020409927624375147,0.08060317299064552,0.07956882256311931
CHEMBL264_Ki,132,morgan,mlp,crem_mean,0.0314652737333042,0.02471771230493672,0.047654010151582264
CHEMBL264_Ki,132,morgan,xgboost,crem_lime,0.1294319462127189,0.10186004121757378,0.12782016835638063
CHEMBL264_Ki,132,morgan,xgboost,crem_mean,0.05249473032911168,0.074678091235248,0.11435695574650642
CHEMBL264_Ki,132,unimol,mlp,crem_lime,0.034816083260129915,0.026335852791498245,0.030579163950543414
CHEMBL264_Ki,132,unimol,mlp,crem_mean,0.09222887560361687,0.06441135204268732,0.046590554410711756
CHEMBL264_Ki,132,unimol,xgboost,crem_lime,0.07909117601267053,0.15548408419179358,0.19460018126183853
CHEMBL264_Ki,132,unimol,xgboost,crem_mean,0.1624884731503404,0.1045892655795675,0.2252733987931953
CHEMBL264_Ki,133,molformer,mlp,crem_lime,0.2906076734547565,0.12826819743628703,0.16783776454286597
CHEMBL264_Ki,133,molformer,mlp,crem_mean,0.025743717625792868,0.19258594620923308,0.1825912068744895
CHEMBL264_Ki,133,molformer,xgboost,crem_lime,0.11172571844179306,0.039226106818282584,0.1402215732917824
CHEMBL264_Ki,133,molformer,xgboost,crem_mean,0.00773780524780421,0.0234685027254425,0.015734759123148343
CHEMBL264_Ki,133,morgan,mlp,crem_lime,0.019266571109099826,0.5380677166511025,0.5386016137731995
CHEMBL264_Ki,133,morgan,mlp,crem_mean,0.004410652178196365,0.04728105681023868,0.05167325568959755
CHEMBL264_Ki,133,morgan,xgboost,crem_lime,0.003640227162056688,0.05890025498183795,0.05862387028297142
CHEMBL264_Ki,133,morgan,xgboost,crem_mean,0.008821725257128571,0.05638943028354521,0.061319958658671146
CHEMBL264_Ki,133,unimol,mlp,crem_lime,0.02263167806348436,0.0843937711611649,0.10679148792211615
CHEMBL264_Ki,133,unimol,mlp,crem_mean,0.023018856286727785,0.044743248632113555,0.06776204370387957
CHEMBL264_Ki,133,unimol,xgboost,crem_lime,0.020027776004481294,0.03258344133383931,0.039820594072362984
CHEMBL264_Ki,133,unimol,xgboost,crem_mean,0.016927984815498304,0.011028262189027069,0.025147705151176446
CHEMBL264_Ki,134,molformer,mlp,crem_lime,0.011975179034864067,0.40819485685282914,0.40986718124572036
CHEMBL264_Ki,134,molformer,mlp,crem_mean,0.015093681987843464,0.05497164701542484,0.04118121801415196
CHEMBL264_Ki,134,molformer,xgboost,crem_lime,0.05908219328333867,0.10149807819142395,0.16001648493155363
CHEMBL264_Ki,134,molformer,xgboost,crem_mean,0.017103906023020858,0.03287463150879403,0.02628515514332744
CHEMBL264_Ki,134,morgan,mlp,crem_lime,0.021126341972573046,0.01599355151152894,0.02099042384888103
CHEMBL264_Ki,134,morgan,mlp,crem_mean,0.012083865421098013,0.05046490111134366,0.04572762621854175
CHEMBL264_Ki,134,morgan,xgboost,crem_lime,0.004178647582196661,0.007711093241787521,0.011146993430115205
CHEMBL264_Ki,134,morgan,xgboost,crem_mean,0.0002397389476491938,0.012477896040804945,0.012359770495541454
CHEMBL264_Ki,134,unimol,mlp,crem_lime,0.41604388124760183,0.3438734970183853,0.5865212779565299
CHEMBL264_Ki,134,unimol,mlp,crem_mean,0.29778116896607065,0.055695552649599946,0.27507248857646066
CHEMBL264_Ki,134,unimol,xgboost,crem_lime,0.36001239735710955,0.33912181360834304,0.37017182403010873
CHEMBL264_Ki,134,unimol,xgboost,crem_mean,0.00646795702511959,0.026198203451467433,0.020050775266682194
CHEMBL264_Ki,136,molformer,mlp,crem_lime,0.028421722600918,0.059512283264181245,0.048241377926342956
CHEMBL264_Ki,136,molformer,mlp,crem_mean,0.06600563421450334,0.05892165792689184,0.014085596460649724
CHEMBL264_Ki,136,molformer,xgboost,crem_lime,0.07953662240349778,0.010934824047445462,0.07022075365489454
CHEMBL264_Ki,136,molformer,xgboost,crem_mean,0.051871296066282775,0.015917242283551333,0.06261535186083984
CHEMBL264_Ki,136,morgan,mlp,crem_lime,0.05587426714946533,0.07110338529426077,0.12506013154519086
CHEMBL264_Ki,136,morgan,mlp,crem_mean,0.02763651740603262,0.08608948125756545,0.1100558313790448
CHEMBL264_Ki,136,morgan,xgboost,crem_lime,0.0058305074154815515,0.16241788800532234,0.15743597743327714
CHEMBL264_Ki,136,morgan,xgboost,crem_mean,0.0099388821817216,0.07847290349131222,0.07168443285485404
CHEMBL264_Ki,136,unimol,mlp,crem_lime,0.0068815889902021955,0.12355924123230079,0.13032241707670633
CHEMBL264_Ki,136,unimol,mlp,crem_mean,0.005295577570910967,0.007174681525399165,0.008779699492525155
CHEMBL264_Ki,136,unimol,xgboost,crem_lime,0.013598176155933674,0.01427229054520524,0.018615723585979342
CHEMBL264_Ki,136,unimol,xgboost,crem_mean,0.021813680368043948,0.023084658818450735,0.0019090657495441673
CHEMBL264_Ki,144,molformer,mlp,crem_lime,0.12280086029777651,0.03118146808951754,0.15396862296656447
CHEMBL264_Ki,144,molformer,mlp,crem_mean,0.04435498830522129,0.1289103792782507,0.17209261272505746
CHEMBL264_Ki,144,molformer,xgboost,crem_lime,0.03277087858924879,0.07356566346982832,0.1053798976883429
CHEMBL264_Ki,144,molformer,xgboost,crem_mean,0.049184969980926876,0.06665070880692439,0.11327129532917635
CHEMBL264_Ki,144,morgan,mlp,crem_lime,0.03632962555528551,0.07454946929851121,0.09372419705806358
CHEMBL264_Ki,144,morgan,mlp,crem_mean,0.10745399627573331,0.09855922215422108,0.15097973453854213
CHEMBL264_Ki,144,morgan,xgboost,crem_lime,0.029732541992486282,0.30691134025500116,0.27964116527890953
CHEMBL264_Ki,144,morgan,xgboost,crem_mean,0.011426555884933302,0.09446790897300622,0.08304268934713813
CHEMBL264_Ki,144,unimol,mlp,crem_lime,0.008396200416776668,0.06903812543521921,0.06232826666592078
CHEMBL264_Ki,144,unimol,mlp,crem_mean,0.05600959414680676,0.023701795903255128,0.042799101288771055
CHEMBL264_Ki,144,unimol,xgboost,crem_lime,0.006183689469132232,0.11264027943800188,0.11789109466181415
CHEMBL264_Ki,144,unimol,xgboost,crem_mean,0.02574569226503042,0.05915271780124507,0.03948381663605666
CHEMBL264_Ki,145,molformer,mlp,crem_lime,0.25946398522451136,0.19677963212092528,0.28820554664821463
CHEMBL264_Ki,145,molformer,mlp,crem_mean,0.05995655954707137,0.1635385438366662,0.11180132033525195
CHEMBL264_Ki,145,molformer,xgboost,crem_lime,0.020492291757113163,0.4605430029085924,0.46409527159699376
CHEMBL264_Ki,145,molformer,xgboost,crem_mean,0.1598137229798661,0.28994248126078925,0.40436585756882154
CHEMBL264_Ki,145,morgan,mlp,crem_lime,0.16269715561935938,0.3878534122218471,0.4862607008227339
CHEMBL264_Ki,145,morgan,mlp,crem_mean,0.01936600248314412,0.20206077045848125,0.20586021281123082
CHEMBL264_Ki,145,morgan,xgboost,crem_lime,0.19671981945501624,0.23901962667578455,0.4332053039909839
CHEMBL264_Ki,145,morgan,xgboost,crem_mean,0.18929354051212033,0.10735980675903067,0.29381006531277565
CHEMBL264_Ki,145,unimol,mlp,crem_lime,0.08827418996726709,0.3554126735977627,0.37058162218672763
CHEMBL264_Ki,145,unimol,mlp,crem_mean,0.01608564050183648,0.08858768939006072,0.10212124131767684
CHEMBL264_Ki,145,unimol,xgboost,crem_lime,0.05066042421369067,0.20863423080750407,0.25893585595281476
CHEMBL264_Ki,145,unimol,xgboost,crem_mean,0.03414243451903107,0.04785941535425909,0.02973440829245369
CHEMBL264_Ki,149,molformer,mlp,crem_lime,0.21022229915395138,0.30455050707850445,0.5099293800932041
CHEMBL264_Ki,149,molformer,mlp,crem_mean,0.12979445552802082,0.1365180425277039,0.2636920009258332
CHEMBL264_Ki,149,molformer,xgboost,crem_lime,0.12075117711293674,0.4600796637141084,0.5180672114698265
CHEMBL264_Ki,149,molformer,xgboost,crem_mean,0.11149706943803064,0.3062837264332985,0.37040267455353204
CHEMBL264_Ki,149,morgan,mlp,crem_lime,0.13347254242175716,0.18049103508207356,0.19459852752915163
CHEMBL264_Ki,149,morgan,mlp,crem_mean,0.13271448545597958,0.17477985125720666,0.2957773872605096
CHEMBL264_Ki,149,morgan,xgboost,crem_lime,0.08097902838434097,0.37385861923612346,0.29304603556391534
CHEMBL264_Ki,149,morgan,xgboost,crem_mean,0.0,0.2928911632957153,0.2928911632957153
CHEMBL264_Ki,149,unimol,mlp,crem_lime,0.16885033465386998,0.49464760394230783,0.6071638717133755
CHEMBL264_Ki,149,unimol,mlp,crem_mean,0.18049745661582528,0.15488943732304913,0.3268526943648238
CHEMBL264_Ki,149,unimol,xgboost,crem_lime,0.38151275078462343,0.4676014808361648,0.6859998572298769
CHEMBL264_Ki,149,unimol,xgboost,crem_mean,0.14962831295516313,0.3360573637331951,0.3465751241734794
CHEMBL264_Ki,155,molformer,mlp,crem_lime,0.03920439442694385,0.034727103319208925,0.007801356194946044
CHEMBL264_Ki,155,molformer,mlp,crem_mean,0.1091155740413542,0.05627081515983353,0.15818259373288868
CHEMBL264_Ki,155,molformer,xgboost,crem_lime,0.024061803560431638,0.2073969988648626,0.22832654068278946
CHEMBL264_Ki,155,molformer,xgboost,crem_mean,0.045793342414460314,0.07623722154631937,0.10344131371310954
CHEMBL264_Ki,155,morgan,mlp,crem_lime,0.13554027232725832,0.12474564260017836,0.18916876993389709
CHEMBL264_Ki,155,morgan,mlp,crem_mean,0.0343232761705732,0.1861613981095269,0.1519447657335007
CHEMBL264_Ki,155,morgan,xgboost,crem_lime,0.010648560507267014,0.10252602674381185,0.09228159494202155
CHEMBL264_Ki,155,morgan,xgboost,crem_mean,0.01005305205538762,0.11960691447199037,0.12339644501629157
CHEMBL264_Ki,155,unimol,mlp,crem_lime,0.11712976807179072,0.12447989192418688,0.2311027951459963
CHEMBL264_Ki,155,unimol,mlp,crem_mean,0.06879568972902073,0.14574788424267535,0.207708117478356
CHEMBL264_Ki,155,unimol,xgboost,crem_lime,0.11165383434909276,0.1663547743659012,0.22308963384476713
CHEMBL264_Ki,155,unimol,xgboost,crem_mean,0.14587359970168143,0.07001356206274424,0.2111827403407181
CHEMBL264_Ki,158,molformer,mlp,crem_lime,0.17019663533128596,0.44888841793447826,0.3486682297466838
CHEMBL264_Ki,158,molformer,mlp,crem_mean,0.040414646975298694,0.33095958042080026,0.36777466007768955
CHEMBL264_Ki,158,molformer,xgboost,crem_lime,0.2044099018483723,0.13299177043856028,0.27937037227669587
CHEMBL264_Ki,158,molformer,xgboost,crem_mean,0.1290301609086917,0.23282201112036524,0.34288778204137477
CHEMBL264_Ki,158,morgan,mlp,crem_lime,0.16831949863527684,0.48575538685396746,0.5938876982046214
CHEMBL264_Ki,158,morgan,mlp,crem_mean,0.1324726185401919,0.2517740515202804,0.3647070620864673
CHEMBL264_Ki,158,morgan,xgboost,crem_lime,0.06759327630612608,0.32747586986620747,0.3555208965918705
CHEMBL264_Ki,158,morgan,xgboost,crem_mean,0.04293767799608299,0.15049618365511286,0.10759116580322799
CHEMBL264_Ki,158,unimol,mlp,crem_lime,0.08292637836857106,0.23997093409040499,0.3228966422927281
CHEMBL264_Ki,158,unimol,mlp,crem_mean,0.09961149569898806,0.10670587755534056,0.1959303687673859
CHEMBL264_Ki,158,unimol,xgboost,crem_lime,0.22662564668076782,0.34734052004552,0.5374629937622389
CHEMBL264_Ki,158,unimol,xgboost,crem_mean,0.0055451815091488825,0.1911379873553896,0.19471086173688867
CHEMBL264_Ki,163,molformer,mlp,crem_lime,0.029585151087217158,0.5167572882186049,0.5418603742341599
CHEMBL264_Ki,163,molformer,mlp,crem_mean,0.00935329923149947,0.31206704066520546,0.3028264043316438
CHEMBL264_Ki,163,molformer,xgboost,crem_lime,0.011991167838443633,0.22821619926124,0.23199985558450778
CHEMBL264_Ki,163,molformer,xgboost,crem_mean,0.01609541417565125,0.23659541554377186,0.22714941841907166
CHEMBL264_Ki,163,morgan,mlp,crem_lime,0.013584897021870442,0.3618778624707301,0.3754621753020064
CHEMBL264_Ki,163,morgan,mlp,crem_mean,0.00373515307844537,0.10056444502889116,0.09713213755009455
CHEMBL264_Ki,163,morgan,xgboost,crem_lime,0.006196740519360247,0.2883816347423675,0.2836019287335528
CHEMBL264_Ki,163,morgan,xgboost,crem_mean,0.0010963731913105088,0.2654277425527065,0.2657897140166464
CHEMBL264_Ki,163,unimol,mlp,crem_lime,0.05970794864127118,0.1583389774998648,0.09952749205437496
CHEMBL264_Ki,163,unimol,mlp,crem_mean,0.04413277679035306,0.10196248625118873,0.11549455914607028
CHEMBL264_Ki,163,unimol,xgboost,crem_lime,0.013817886121885605,0.20358731874709565,0.20983697349371885
CHEMBL264_Ki,163,unimol,xgboost,crem_mean,0.005269291212571677,0.21874591015581968,0.21382680003993976
CHEMBL264_Ki,170,molformer,mlp,crem_lime,0.003226062225502549,0.023069736791998897,0.026146661150000812
CHEMBL264_Ki,170,molformer,mlp,crem_mean,0.0021772848392983576,0.05141840764868352,0.05018531442500372
CHEMBL264_Ki,170,molformer,xgboost,crem_lime,0.021649265046332616,0.21755147071219932,0.19860150333192156
CHEMBL264_Ki,170,molformer,xgboost,crem_mean,0.005185740479202532,0.10318978061235495,0.10268571679023353
CHEMBL264_Ki,170,morgan,mlp,crem_lime,0.2750179787271109,0.21445416574757634,0.45914229769264236
CHEMBL264_Ki,170,morgan,mlp,crem_mean,0.06177925439049514,0.17625652512119033,0.11704018649921231
CHEMBL264_Ki,170,morgan,xgboost,crem_lime,0.06558037698700228,0.28054714960368293,0.31938513006352826
CHEMBL264_Ki,170,morgan,xgboost,crem_mean,0.038841075607336295,0.23000184136250326,0.197430886317986
CHEMBL264_Ki,170,unimol,mlp,crem_lime,0.03561286436434652,0.046486936295086656,0.07434337921197051
CHEMBL264_Ki,170,unimol,mlp,crem_mean,0.07121914792680928,0.006337948703152925,0.064939222615254
CHEMBL264_Ki,170,unimol,xgboost,crem_lime,0.14230211094660372,0.06919688930904665,0.15120881912911993
CHEMBL264_Ki,170,unimol,xgboost,crem_mean,0.02855956355317614,0.04295442788642074,0.030333004156702047
CHEMBL264_Ki,176,molformer,mlp,crem_lime,0.011885286109168699,0.18497402322187995,0.19566536019719086
CHEMBL264_Ki,176,molformer,mlp,crem_mean,0.029017984330205616,0.03507843547512552,0.057368925380848125
CHEMBL264_Ki,176,molformer,xgboost,crem_lime,0.21861699077247823,0.029052614991143002,0.18969953914157556
CHEMBL264_Ki,176,molformer,xgboost,crem_mean,0.08329984446144885,0.010882594359725054,0.08208246844061422
CHEMBL264_Ki,176,morgan,mlp,crem_lime,0.22308715781101024,0.3070144344263505,0.2557568246593232
CHEMBL264_Ki,176,morgan,mlp,crem_mean,0.010882594359725054,0.023941707591395103,0.013059113231670028
CHEMBL264_Ki,176,morgan,xgboost,crem_lime,0.09545297295237433,0.3359692275386251,0.2445782995175786
CHEMBL264_Ki,176,morgan,xgboost,crem_mean,0.02176518871945011,0.09237451046629068,0.10688232649488227
CHEMBL264_Ki,176,unimol,mlp,crem_lime,0.054206589716234675,0.02648865544889708,0.0367801599214488
CHEMBL264_Ki,176,unimol,mlp,crem_mean,0.014147372667642598,0.021333941169941504,0.02301994080323232
CHEMBL264_Ki,176,unimol,xgboost,crem_lime,0.1915549194040654,0.13682987551590373,0.09616478661615761
CHEMBL264_Ki,176,unimol,xgboost,crem_mean,0.06068957007189145,0.06132030499717576,0.10138111731475882
CHEMBL264_Ki,183,molformer,mlp,crem_lime,0.27539632379785645,0.3690020351536012,0.29788953607951557
CHEMBL264_Ki,183,molformer,mlp,crem_mean,0.1651164740393883,0.0821549324281434,0.10625736314283889
CHEMBL264_Ki,183,molformer,xgboost,crem_lime,0.24164758743235723,0.21727447295529004,0.33472259619507644
CHEMBL264_Ki,183,molformer,xgboost,crem_mean,0.06343274905971037,0.1142318003854682,0.14999062816445968
CHEMBL264_Ki,183,morgan,mlp,crem_lime,0.06433666462687318,0.20870112892684528,0.20182441699395515
CHEMBL264_Ki,183,morgan,mlp,crem_mean,0.11524659959021755,0.11290665249526187,0.22598753074099018
CHEMBL264_Ki,183,morgan,xgboost,crem_lime,0.16230259607497066,0.19053301531794867,0.05046234773183326
CHEMBL264_Ki,183,morgan,xgboost,crem_mean,0.12407535431513657,0.17147567388078264,0.2856415357064074
CHEMBL264_Ki,183,unimol,mlp,crem_lime,0.549904884509843,0.10445524109669804,0.5314683424310247
CHEMBL264_Ki,183,unimol,mlp,crem_mean,0.3302246497902314,0.0573171697684449,0.3624689639391188
CHEMBL264_Ki,183,unimol,xgboost,crem_lime,0.3961717561229643,0.28346496118054515,0.6574098698669477
CHEMBL264_Ki,183,unimol,xgboost,crem_mean,0.13471173102558087,0.18976418022394964,0.3132965199884281
CHEMBL264_Ki,184,molformer,mlp,crem_lime,0.0121772177838054,0.34584981657160646,0.3397537956035323
CHEMBL264_Ki,184,molformer,mlp,crem_mean,0.07413383373045858,0.34967655266064485,0.29441679856569203
CHEMBL264_Ki,184,molformer,xgboost,crem_lime,0.015315485944537377,0.2618371062516354,0.24949206330660795
CHEMBL264_Ki,184,molformer,xgboost,crem_mean,0.02244196259718971,0.3287738095025014,0.3099388502925917
CHEMBL264_Ki,184,morgan,mlp,crem_lime,0.025652432371145253,0.01551900793675156,0.04011370957412243
CHEMBL264_Ki,184,morgan,mlp,crem_mean,0.023082435337141126,0.25821060454574624,0.23523220741786147
CHEMBL264_Ki,184,morgan,xgboost,crem_lime,0.003677002832217608,0.2710776478488764,0.27464577476199714
CHEMBL264_Ki,184,morgan,xgboost,crem_mean,0.03375321185157427,0.23909322235008867,0.2074901054189449
CHEMBL264_Ki,184,unimol,mlp,crem_lime,0.04171576407584953,0.15043334078169604,0.1617352673730321
CHEMBL264_Ki,184,unimol,mlp,crem_mean,0.05105542568204277,0.046160252488300545,0.053163548186838314
CHEMBL264_Ki,184,unimol,xgboost,crem_lime,0.037494759868889595,0.06730620092806062,0.1017007769312697
CHEMBL264_Ki,184,unimol,xgboost,crem_mean,0.18675840272578806,0.17172573587769932,0.14716531998536725
CHEMBL264_Ki,186,molformer,mlp,crem_lime,0.07960383008488442,0.3528365672914618,0.4138074315042031
CHEMBL264_Ki,186,molformer,mlp,crem_mean,0.2679277387118878,0.256397196785562,0.37050956890305636
CHEMBL264_Ki,186,molformer,xgboost,crem_lime,0.01182397437006751,0.013489518353380756,0.0016803289716911622
CHEMBL264_Ki,186,molformer,xgboost,crem_mean,0.30619242707139654,0.07741213970768956,0.2921096734464266
CHEMBL264_Ki,186,morgan,mlp,crem_lime,0.04569926615529221,0.037575631703414644,0.06514114540444307
CHEMBL264_Ki,186,morgan,mlp,crem_mean,0.002646061519289669,0.2684993524109265,0.26677459735358183
CHEMBL264_Ki,186,morgan,xgboost,crem_lime,0.01533095001938741,0.0721808137125355,0.05787987745225204
CHEMBL264_Ki,186,morgan,xgboost,crem_mean,0.05859136221284263,0.0859261181315579,0.14119335342736963
CHEMBL264_Ki,186,unimol,mlp,crem_lime,0.005171894412986025,0.026460274760551614,0.026756208809397438
CHEMBL264_Ki,186,unimol,mlp,crem_mean,0.03212553706909573,0.09121832478287034,0.11139996428553789
CHEMBL264_Ki,186,unimol,xgboost,crem_lime,0.018987251490991026,0.008829828950587305,0.026518551846106627
CHEMBL264_Ki,186,unimol,xgboost,crem_mean,0.08213569677273029,0.07491783731125831,0.1516637504584349
CHEMBL264_Ki,187,molformer,mlp,crem_lime,0.03266720938527041,0.02156845897926855,0.02203049543155018
CHEMBL264_Ki,187,molformer,mlp,crem_mean,0.0031511415198814344,0.0294795926437837,0.02975860609790884
CHEMBL264_Ki,187,molformer,xgboost,crem_lime,0.055160648458544695,0.07730169101791688,0.08038250179412523
CHEMBL264_Ki,187,molformer,xgboost,crem_mean,0.03548942927430855,0.07987545436286797,0.08367808499986727
CHEMBL264_Ki,187,morgan,mlp,crem_lime,0.03263633637907767,0.015500825559675723,0.036451169280574916
CHEMBL264_Ki,187,morgan,mlp,crem_mean,0.018663572072487134,0.044648236160384575,0.05932351500689822
CHEMBL264_Ki,187,morgan,xgboost,crem_lime,0.03497706478912858,0.02525518680717118,0.05853102535422268
CHEMBL264_Ki,187,morgan,xgboost,crem_mean,0.01682325221159269,0.13069091067491923,0.11553803461970932
CHEMBL264_Ki,187,unimol,mlp,crem_lime,0.053745294632774186,0.024425538447886936,0.0383028036650198
CHEMBL264_Ki,187,unimol,mlp,crem_mean,0.022648094171689566,0.036375374660555654,0.04710687048207969
CHEMBL264_Ki,187,unimol,xgboost,crem_lime,0.2059903187391303,0.18006482765438228,0.3797792529394714
CHEMBL264_Ki,187,unimol,xgboost,crem_mean,0.05971083120907914,0.0909673893234251,0.1424762897756478
CHEMBL2835_Ki,2,molformer,mlp,crem_lime,0.015893682570405885,0.2109167647096293,0.19671147637497047
CHEMBL2835_Ki,2,molformer,mlp,crem_mean,0.04690986701706839,0.35504662197139963,0.39540431878773313
CHEMBL2835_Ki,2,molformer,xgboost,crem_lime,0.0018377345062247088,0.11468258057450523,0.1150563371135142
CHEMBL2835_Ki,2,molformer,xgboost,crem_mean,0.0,0.07809761506961561,0.07809761506961561
CHEMBL2835_Ki,2,morgan,mlp,crem_lime,0.026023928963326202,0.4089471870218144,0.42864358120883206
CHEMBL2835_Ki,2,morgan,mlp,crem_mean,0.0017595330378747647,0.1334272747402876,0.13517498431214664
CHEMBL2835_Ki,2,morgan,xgboost,crem_lime,0.001636215337784368,0.48373181798523385,0.48211527829975287
CHEMBL2835_Ki,2,morgan,xgboost,crem_mean,0.005370526209537174,0.3359616391245514,0.333602393274299
CHEMBL2835_Ki,2,unimol,mlp,crem_lime,0.3332009766820123,0.5396137200170279,0.7586664273837637
CHEMBL2835_Ki,2,unimol,mlp,crem_mean,0.05510599554546261,0.2502793022505156,0.22248677900537264
CHEMBL2835_Ki,2,unimol,xgboost,crem_lime,0.243854521591934,0.5018424435869447,0.7451630041547018
CHEMBL2835_Ki,2,unimol,xgboost,crem_mean,0.2577875829126967,0.11939980586825437,0.3655036421193832
CHEMBL2835_Ki,7,molformer,mlp,crem_lime,0.16682061937335532,0.04372932230964761,0.1247573684583867
CHEMBL2835_Ki,7,molformer,mlp,crem_mean,0.013004030966939455,0.13982832782053797,0.14766472867883618
CHEMBL2835_Ki,7,molformer,xgboost,crem_lime,0.04438183698513022,0.13900991851360406,0.09915559062084871
CHEMBL2835_Ki,7,molformer,xgboost,crem_mean,0.012166067439667605,0.09910460997960996,0.09595520825574032
CHEMBL2835_Ki,7,morgan,mlp,crem_lime,0.057357384402325046,0.16151976431498496,0.12501073685143732
CHEMBL2835_Ki,7,morgan,mlp,crem_mean,0.12657104732800142,0.10073314163026663,0.19685001083684847
CHEMBL2835_Ki,7,morgan,xgboost,crem_lime,0.16781960278708777,0.12863878440557064,0.25196253763623583
CHEMBL2835_Ki,7,morgan,xgboost,crem_mean,0.1258928307322151,0.0863227538335347,0.060623887062626836
CHEMBL2835_Ki,7,unimol,mlp,crem_lime,0.029032802815402815,0.0790396092981339,0.06108719750820945
CHEMBL2835_Ki,7,unimol,mlp,crem_mean,0.002078122668280492,0.19649494095097958,0.19839921165478336
CHEMBL2835_Ki,7,unimol,xgboost,crem_lime,0.13334746086080293,0.08927367411867193,0.19721746776740892
CHEMBL2835_Ki,7,unimol,xgboost,crem_mean,0.09486002852025947,0.2572228361806215,0.3396050694917881
CHEMBL2835_Ki,8,molformer,mlp,crem_lime,0.019408003860770108,0.17295028377064806,0.1880098280600733
CHEMBL2835_Ki,8,molformer,mlp,crem_mean,0.0046500029995738415,0.11235534066497123,0.10916600028427195
CHEMBL2835_Ki,8,molformer,xgboost,crem_lime,0.13149485272348382,0.37713759962576915,0.48018115646047366
CHEMBL2835_Ki,8,molformer,xgboost,crem_mean,0.3435537852238308,0.22451415061491742,0.5656884451904145
CHEMBL2835_Ki,8,morgan,mlp,crem_lime,0.012928239569043938,0.2744388727571703,0.28736704246279804
CHEMBL2835_Ki,8,morgan,mlp,crem_mean,0.014560402645083043,0.23159440910713422,0.24613487514390048
CHEMBL2835_Ki,8,morgan,xgboost,crem_lime,0.04474720947620399,0.09281522633895382,0.07130081937504981
CHEMBL2835_Ki,8,morgan,xgboost,crem_mean,0.04449464609254117,0.20078729963497882,0.1823622416694149
CHEMBL2835_Ki,8,unimol,mlp,crem_lime,0.11438256476874724,0.169652053037148,0.07517286588403443
CHEMBL2835_Ki,8,unimol,mlp,crem_mean,0.036722733342837495,0.070878296289313,0.049189207303169454
CHEMBL2835_Ki,8,unimol,xgboost,crem_lime,0.21336358138205974,0.2780368770587278,0.15140217887554655
CHEMBL2835_Ki,8,unimol,xgboost,crem_mean,0.06947997465594807,0.11214939920171182,0.07437179636722038
CHEMBL2835_Ki,13,molformer,mlp,crem_lime,0.02750127471465192,0.3921241162918579,0.4123943998315175
CHEMBL2835_Ki,13,molformer,mlp,crem_mean,0.04385962269621579,0.07779944148348178,0.09519920809029543
CHEMBL2835_Ki,13,molformer,xgboost,crem_lime,0.08847491016353948,0.3112073965210402,0.35674889443546165
CHEMBL2835_Ki,13,molformer,xgboost,crem_mean,0.04136525447254052,0.08023470652708768,0.10708698082441447
CHEMBL2835_Ki,13,morgan,mlp,crem_lime,0.05989418090317116,0.12519406243430856,0.17602199673763486
CHEMBL2835_Ki,13,morgan,mlp,crem_mean,0.0705272765320739,0.1857119339901045,0.25562112843181833
CHEMBL2835_Ki,13,morgan,xgboost,crem_lime,0.04112647498630909,0.24412941319567727,0.2030395194739951
CHEMBL2835_Ki,13,morgan,xgboost,crem_mean,0.09364461546112013,0.3227651839726315,0.2710492133326967
CHEMBL2835_Ki,13,unimol,mlp,crem_lime,0.1842338677440751,0.08904639068522707,0.10282156297236311
CHEMBL2835_Ki,13,unimol,mlp,crem_mean,0.02860761366534265,0.10789286249218996,0.08420355399172397
CHEMBL2835_Ki,13,unimol,xgboost,crem_lime,0.026282364294461152,0.3013477608697887,0.29633767554884055
CHEMBL2835_Ki,13,unimol,xgboost,crem_mean,0.10852950478534183,0.24022467475461717,0.19265139870150447
CHEMBL2835_Ki,18,molformer,mlp,crem_lime,0.019740763518130183,0.24004662799532478,0.2597837802202291
CHEMBL2835_Ki,18,molformer,mlp,crem_mean,0.021383391306315388,0.13007951412474972,0.11743615448541533
CHEMBL2835_Ki,18,molformer,xgboost,crem_lime,0.18101129358084292,0.2122049167100102,0.15063082832931826
CHEMBL2835_Ki,18,molformer,xgboost,crem_mean,0.03537218562922522,0.22737293562172098,0.2619274606139013
CHEMBL2835_Ki,18,morgan,mlp,crem_lime,0.01507880922509621,0.1600666509953639,0.1746080627066865
CHEMBL2835_Ki,18,morgan,mlp,crem_mean,0.03653220809479158,0.15651383998943663,0.15781084142575955
CHEMBL2835_Ki,18,morgan,xgboost,crem_lime,0.004695827424665601,0.21570624651027895,0.21101073444485147
CHEMBL2835_Ki,18,morgan,xgboost,crem_mean,0.018111934631771832,0.054707139854717916,0.07215031352874081
CHEMBL2835_Ki,18,unimol,mlp,crem_lime,0.014206420753500417,0.12312308174541182,0.13384638939163634
CHEMBL2835_Ki,18,unimol,mlp,crem_mean,0.06619642219394521,0.08351686839797164,0.08096839626808751
CHEMBL2835_Ki,18,unimol,xgboost,crem_lime,0.24817096086666215,0.1744775968076849,0.3024318712449568
CHEMBL2835_Ki,18,unimol,xgboost,crem_mean,0.03137291389030578,0.1483527148892594,0.16649447093501565
CHEMBL287_Ki,2,molformer,mlp,crem_lime,0.002171021632773836,0.07227246067872851,0.07298412352166049
CHEMBL287_Ki,2,molformer,mlp,crem_mean,0.0,0.0,0.0
CHEMBL287_Ki,2,molformer,xgboost,crem_lime,0.01219113192407749,0.0826143544613047,0.07143439157247083
CHEMBL287_Ki,2,molformer,xgboost,crem_mean,0.0,0.0,0.0
CHEMBL287_Ki,2,morgan,mlp,crem_lime,0.00871742739723006,0.05483327813913056,0.06354907921922197
CHEMBL287_Ki,2,morgan,mlp,crem_mean,0.0,0.0,0.0
CHEMBL287_Ki,2,morgan,xgboost,crem_lime,0.01627867300346682,0.09344756087695089,0.10639732054586142
CHEMBL287_Ki,2,morgan,xgboost,crem_mean,0.0,0.0,0.0
CHEMBL287_Ki,2,unimol,mlp,crem_lime,0.005616113231946518,0.016685713178124225,0.016108715996401533
CHEMBL287_Ki,2,unimol,mlp,crem_mean,0.0,0.0,0.0
CHEMBL287_Ki,2,unimol,xgboost,crem_lime,0.00676660374327128,0.07790068709789538,0.08015154025243579
CHEMBL287_Ki,2,unimol,xgboost,crem_mean,0.0,0.0,0.0
CHEMBL287_Ki,9,molformer,mlp,crem_lime,0.029818269191854874,0.26844825529563393,0.23954616892384617
CHEMBL287_Ki,9,molformer,mlp,crem_mean,0.0,0.0,0.0
CHEMBL287_Ki,9,molformer,xgboost,crem_lime,0.019217891445550913,0.1938389292526879,0.19791150702277407
CHEMBL287_Ki,9,molformer,xgboost,crem_mean,0.0,0.0,0.0
CHEMBL287_Ki,9,morgan,mlp,crem_lime,0.014996468156977593,0.035802046744849915,0.048422985854803625
CHEMBL287_Ki,9,morgan,mlp,crem_mean,0.0,0.0,0.0
CHEMBL287_Ki,9,morgan,xgboost,crem_lime,0.01755079336201194,0.035107281017868724,0.03721781012822316
CHEMBL287_Ki,9,morgan,xgboost,crem_mean,0.0,0.0,0.0
CHEMBL287_Ki,9,unimol,mlp,crem_lime,0.11358486876384558,0.01815121937361129,0.11200865225322608
CHEMBL287_Ki,9,unimol,mlp,crem_mean,0.0,0.0,0.0
CHEMBL287_Ki,9,unimol,xgboost,crem_lime,0.021590828917686905,0.05495421249810655,0.03425221399237297
CHEMBL287_Ki,9,unimol,xgboost,crem_mean,0.0,0.0,0.0
CHEMBL287_Ki,12,molformer,mlp,crem_lime,0.03367002732496105,0.19057127935875548,0.1644592306634564
CHEMBL287_Ki,12,molformer,mlp,crem_mean,0.127822144657643,0.31629834704342297,0.26485566412222195
CHEMBL287_Ki,12,molformer,xgboost,crem_lime,0.1304025533064598,0.08779791260993292,0.04398340244564268
CHEMBL287_Ki,12,molformer,xgboost,crem_mean,0.03216347534581716,0.15012218470364894,0.13337727989891027
CHEMBL287_Ki,12,morgan,mlp,crem_lime,0.25981687059761344,0.17320578028263597,0.12852806283924442
CHEMBL287_Ki,12,morgan,mlp,crem_mean,0.17201846366566967,0.028775393934705275,0.1574696796024327
CHEMBL287_Ki,12,morgan,xgboost,crem_lime,0.14694618148149352,0.2754301711121109,0.17347842821385723
CHEMBL287_Ki,12,morgan,xgboost,crem_mean,0.15960717169948363,0.040137091729115636,0.16450330737510852
CHEMBL287_Ki,12,unimol,mlp,crem_lime,0.009473360349605994,0.01913535829112062,0.012074244864781513
CHEMBL287_Ki,12,unimol,mlp,crem_mean,0.08870019631404166,0.043575965976897876,0.04648944351116856
CHEMBL287_Ki,12,unimol,xgboost,crem_lime,0.03711835287725736,0.06000569218785622,0.09695632120788467
CHEMBL287_Ki,12,unimol,xgboost,crem_mean,0.1871680924971887,0.15825051047224603,0.19336320196011714
CHEMBL287_Ki,18,molformer,mlp,crem_lime,0.030298114708826318,0.4918150074383664,0.49028234459412473
CHEMBL287_Ki,18,molformer,mlp,crem_mean,0.011653765500650575,0.06714322045065857,0.06421402876834104
CHEMBL287_Ki,18,molformer,xgboost,crem_lime,0.019823782913804735,0.08652869441060382,0.06766668892367421
CHEMBL287_Ki,18,molformer,xgboost,crem_mean,0.007812042119979987,0.019050177420263586,0.02671820531664677
CHEMBL287_Ki,18,morgan,mlp,crem_lime,0.06308944067690159,0.2659620225112383,0.20545605790941085
CHEMBL287_Ki,18,morgan,mlp,crem_mean,0.04640910618335589,0.020197375454469813,0.02650321390709728
CHEMBL287_Ki,18,morgan,xgboost,crem_lime,0.01514054299969161,0.4751819024319863,0.4774327699150632
CHEMBL287_Ki,18,morgan,xgboost,crem_mean,0.012386374542585057,0.048791032364208696,0.05357441468125645
CHEMBL287_Ki,18,unimol,mlp,crem_lime,0.08690165547727234,0.04728557507091606,0.07287625722959754
CHEMBL287_Ki,18,unimol,mlp,crem_mean,0.006445423096156575,0.017467339369068673,0.012883916428194135
CHEMBL287_Ki,18,unimol,xgboost,crem_lime,0.020702811778811375,0.3987850943821482,0.4192005555204981
CHEMBL287_Ki,18,unimol,xgboost,crem_mean,0.004386719023926948,0.061366074963341975,0.060793414414884187
CHEMBL287_Ki,19,molformer,mlp,crem_lime,0.0056587175670497186,0.000606236252472391,0.006070582154004292
CHEMBL287_Ki,19,molformer,mlp,crem_mean,0.06932200210003832,0.06351662899340854,0.028461446559462318
CHEMBL287_Ki,19,molformer,xgboost,crem_lime,0.00040442909865081857,0.023018684070613603,0.02300408713276478
CHEMBL287_Ki,19,molformer,xgboost,crem_mean,0.03299212842102959,0.3058988296080458,0.28488511259518406
CHEMBL287_Ki,19,morgan,mlp,crem_lime,0.18307902018960012,0.10597979860765937,0.263418171786587
CHEMBL287_Ki,19,morgan,mlp,crem_mean,0.08324531671781377,0.07376546129343778,0.1522717881957385
CHEMBL287_Ki,19,morgan,xgboost,crem_lime,0.04909549056528844,0.2557477251834169,0.25486983941589864
CHEMBL287_Ki,19,morgan,xgboost,crem_mean,0.06889666044131453,0.13437634581582733,0.15466554326958937
CHEMBL287_Ki,19,unimol,mlp,crem_lime,0.010749873806867288,0.02533165827718323,0.03467419972484392
CHEMBL287_Ki,19,unimol,mlp,crem_mean,0.006353756640075203,0.018654435707171572,0.024711389710609155
CHEMBL287_Ki,19,unimol,xgboost,crem_lime,0.010680380189206034,0.3299285297762866,0.3350461437295985
CHEMBL287_Ki,19,unimol,xgboost,crem_mean,0.006096174316823283,0.17760513621340185,0.1795630157896751
CHEMBL287_Ki,22,molformer,mlp,crem_lime,0.0,0.0,0.0
CHEMBL287_Ki,22,molformer,mlp,crem_mean,0.010468438946844832,0.19327257966597172,0.18314040635380774
CHEMBL287_Ki,22,molformer,xgboost,crem_lime,0.0,0.0,0.0
CHEMBL287_Ki,22,molformer,xgboost,crem_mean,0.03154186169636295,0.34041920446125556,0.30888687373835194
CHEMBL287_Ki,22,morgan,mlp,crem_lime,0.0,0.0,0.0
CHEMBL287_Ki,22,morgan,mlp,crem_mean,0.2562560130771072,0.34844814975095445,0.46073473405655135
CHEMBL287_Ki,22,morgan,xgboost,crem_lime,0.0,0.0,0.0
CHEMBL287_Ki,22,morgan,xgboost,crem_mean,0.003186046635996302,0.3328929391503017,0.3349780810790918
CHEMBL287_Ki,22,unimol,mlp,crem_lime,0.0,0.0,0.0
CHEMBL287_Ki,22,unimol,mlp,crem_mean,0.05149151248886299,0.40505889197294026,0.356080623478235
CHEMBL287_Ki,22,unimol,xgboost,crem_lime,0.0,0.0,0.0
CHEMBL287_Ki,22,unimol,xgboost,crem_mean,0.2318216128185408,0.06706955982113455,0.23823442812455498
CHEMBL287_Ki,26,molformer,mlp,crem_lime,0.11165851242018662,0.2655041512479864,0.19760131238172932
CHEMBL287_Ki,26,molformer,mlp,crem_mean,0.0697445616690641,0.09797913864026497,0.03736627034542372
CHEMBL287_Ki,26,molformer,xgboost,crem_lime,0.0351410202253194,0.21202617466886708,0.2253003011210052
CHEMBL287_Ki,26,molformer,xgboost,crem_mean,0.05707471310670374,0.1244230796007299,0.12003496868138602
CHEMBL287_Ki,26,morgan,mlp,crem_lime,0.04059794054546636,0.022977832875175363,0.02288990558828554
CHEMBL287_Ki,26,morgan,mlp,crem_mean,0.0018867655855870392,0.09054538445511988,0.08891726612753456
CHEMBL287_Ki,26,morgan,xgboost,crem_lime,0.03167478541589915,0.12314010227144086,0.11809680224391766
CHEMBL287_Ki,26,morgan,xgboost,crem_mean,0.03181556671667623,0.0865211086960753,0.056386087539549386
CHEMBL287_Ki,26,unimol,mlp,crem_lime,0.04195089450286889,0.22163520917897975,0.19386661432503022
CHEMBL287_Ki,26,unimol,mlp,crem_mean,0.03304732910378876,0.042473944515756486,0.05589290884044965
CHEMBL287_Ki,26,unimol,xgboost,crem_lime,0.013204349556301594,0.23854278153933614,0.22614909794414964
CHEMBL287_Ki,26,unimol,xgboost,crem_mean,0.01652366621877066,0.09540875777120582,0.0919216382814006
CHEMBL287_Ki,27,molformer,mlp,crem_lime,0.20689895798425192,0.27703854921228455,0.4034870431710469
CHEMBL287_Ki,27,molformer,mlp,crem_mean,0.07025954136298465,0.08123330856562506,0.030971664142615367
CHEMBL287_Ki,27,molformer,xgboost,crem_lime,0.27911234144676034,0.04042559526908265,0.30689186500190974
CHEMBL287_Ki,27,molformer,xgboost,crem_mean,0.09873906936315646,0.07979046136760644,0.1387316934517273
CHEMBL287_Ki,27,morgan,mlp,crem_lime,0.029120737261757394,0.11454881471746767,0.08596928202308901
CHEMBL287_Ki,27,morgan,mlp,crem_mean,0.07949043133914717,0.03098289319145878,0.09658573883451216
CHEMBL287_Ki,27,morgan,xgboost,crem_lime,0.060132525064267986,0.05111915847518602,0.05998323659371933
CHEMBL287_Ki,27,morgan,xgboost,crem_mean,0.03852311439473111,0.008199627883227745,0.04634881080644986
CHEMBL287_Ki,27,unimol,mlp,crem_lime,0.04797026768429807,0.22463226990102017,0.18507399095413113
CHEMBL287_Ki,27,unimol,mlp,crem_mean,0.08259604535875502,0.07236791216113934,0.010272305903522228
CHEMBL287_Ki,27,unimol,xgboost,crem_lime,0.24437318680076353,0.022040483870122734,0.23881921777105192
CHEMBL287_Ki,27,unimol,xgboost,crem_mean,0.01172074504285534,0.009173242450632271,0.01480912606823124
CHEMBL287_Ki,28,molformer,mlp,crem_lime,0.11349077092594761,0.4945871920134294,0.607610242713112
CHEMBL287_Ki,28,molformer,mlp,crem_mean,0.13878354164642512,0.27715800341079666,0.16608953182982222
CHEMBL287_Ki,28,molformer,xgboost,crem_lime,0.11820894472441061,0.4087882231737393,0.290589850801273
CHEMBL287_Ki,28,molformer,xgboost,crem_mean,0.01903941132335066,0.1857546711485888,0.17676793153396086
CHEMBL287_Ki,28,morgan,mlp,crem_lime,0.13603911577859157,0.25442869516225425,0.3838484144414293
CHEMBL287_Ki,28,morgan,mlp,crem_mean,0.0020525773157312674,0.09577087888336798,0.09758517474945745
CHEMBL287_Ki,28,morgan,xgboost,crem_lime,0.03215675611698559,0.11713851996711941,0.14218658693747502
CHEMBL287_Ki,28,morgan,xgboost,crem_mean,0.04852262406998176,0.1327970799917297,0.18121807676357565
CHEMBL287_Ki,28,unimol,mlp,crem_lime,0.11197727916781712,0.2437985188261329,0.20921492979506123
CHEMBL287_Ki,28,unimol,mlp,crem_mean,0.061363985303865554,0.12119394678471136,0.11216727179868681
CHEMBL287_Ki,28,unimol,xgboost,crem_lime,0.06323435418161327,0.1232987299228105,0.11283297769807484
CHEMBL287_Ki,28,unimol,xgboost,crem_mean,0.0149939927932735,0.02258560895321852,0.02315389569356237
CHEMBL287_Ki,32,molformer,mlp,crem_lime,0.06059848233484241,0.06607600882036857,0.03787792788517379
CHEMBL287_Ki,32,molformer,mlp,crem_mean,0.03125801119979511,0.03957363788105179,0.016238274804659912
CHEMBL287_Ki,32,molformer,xgboost,crem_lime,0.021346838454028655,0.04806899629141298,0.04072052872614021
CHEMBL287_Ki,32,molformer,xgboost,crem_mean,0.04010867861888335,0.05342763450826601,0.07853737376670882
CHEMBL287_Ki,32,morgan,mlp,crem_lime,0.04339165140269731,0.194671535343294,0.2082808080796426
CHEMBL287_Ki,32,morgan,mlp,crem_mean,0.04718768251637682,0.08723934704449335,0.11792397090234111
CHEMBL287_Ki,32,morgan,xgboost,crem_lime,0.032605411296381975,0.2741977273801647,0.3064536970575754
CHEMBL287_Ki,32,morgan,xgboost,crem_mean,0.03362919818022355,0.15110133585930172,0.18114070360015536
CHEMBL287_Ki,32,unimol,mlp,crem_lime,0.08169234210978432,0.15414561167998705,0.18562575957519367
CHEMBL287_Ki,32,unimol,mlp,crem_mean,0.023075745586072376,0.06017727414396919,0.04434467439361563
CHEMBL287_Ki,32,unimol,xgboost,crem_lime,0.0333801052309673,0.15371218434856176,0.1810139892268564
CHEMBL287_Ki,32,unimol,xgboost,crem_mean,0.007064326379819595,0.1033532881138985,0.10667880779580914
CHEMBL287_Ki,35,molformer,mlp,crem_lime,0.024275636997803017,0.13974418654849893,0.11559555623966451
CHEMBL287_Ki,35,molformer,mlp,crem_mean,0.03350755758833884,0.12446721780492184,0.15792899398314394
CHEMBL287_Ki,35,molformer,xgboost,crem_lime,0.04994022489407397,0.16398468399126556,0.11543445805709542
CHEMBL287_Ki,35,molformer,xgboost,crem_mean,0.029039240429281,0.1054064175637542,0.08354793744709837
CHEMBL287_Ki,35,morgan,mlp,crem_lime,0.04624547327210214,0.3286546100130277,0.3098558556816133
CHEMBL287_Ki,35,morgan,mlp,crem_mean,0.005276352995165348,0.09136741155193193,0.086297488543176
CHEMBL287_Ki,35,morgan,xgboost,crem_lime,0.04352093041783399,0.133426886728729,0.12326249438066364
CHEMBL287_Ki,35,morgan,xgboost,crem_mean,0.009858926911045581,0.1194071488521788,0.12707337780555097
CHEMBL287_Ki,35,unimol,mlp,crem_lime,0.03546361557209642,0.15593075159083117,0.1416506043162141
CHEMBL287_Ki,35,unimol,mlp,crem_mean,0.023877999819145714,0.1102839540283141,0.12286343029498646
CHEMBL287_Ki,35,unimol,xgboost,crem_lime,0.033219429501903056,0.38224081042720803,0.4086902095482756
CHEMBL287_Ki,35,unimol,xgboost,crem_mean,0.057920928883578505,0.14467458645521072,0.20234208349022978
CHEMBL287_Ki,40,molformer,mlp,crem_lime,0.1336006624302917,0.009644644348743344,0.13929317818958273
CHEMBL287_Ki,40,molformer,mlp,crem_mean,0.09457139843357434,0.011662237140665003,0.10616180487910337
CHEMBL287_Ki,40,molformer,xgboost,crem_lime,0.06863599205811506,0.3721980367194588,0.3036910811037007
CHEMBL287_Ki,40,molformer,xgboost,crem_mean,0.00432671359355974,0.2218072129799682,0.21782137132994092
CHEMBL287_Ki,40,morgan,mlp,crem_lime,0.0016845304959591846,0.3152623040568545,0.3164916641317525
CHEMBL287_Ki,40,morgan,mlp,crem_mean,0.0005976156846450579,0.2138014088910513,0.21427751170022782
CHEMBL287_Ki,40,morgan,xgboost,crem_lime,0.014625900381401212,0.1667982454899347,0.17663734675824835
CHEMBL287_Ki,40,morgan,xgboost,crem_mean,0.004994996767182562,0.0,0.004994996767182562
CHEMBL287_Ki,40,unimol,mlp,crem_lime,0.29585354833111394,0.019652565378085893,0.28298777968404426
CHEMBL287_Ki,40,unimol,mlp,crem_mean,0.12474648582019163,0.013881957000524865,0.11442722150138379
CHEMBL287_Ki,40,unimol,xgboost,crem_lime,0.019684036658140745,0.48911728622919326,0.5012592255713704
CHEMBL287_Ki,40,unimol,xgboost,crem_mean,0.09430280986076794,0.08736996110518255,0.007437660667473407
CHEMBL287_Ki,43,molformer,mlp,crem_lime,0.04381608374351333,0.09812683710213835,0.14177205370074591
CHEMBL287_Ki,43,molformer,mlp,crem_mean,0.030436761391796928,0.004301889700830083,0.029508256480924706
CHEMBL287_Ki,43,molformer,xgboost,crem_lime,0.242348152541425,0.5626658589243394,0.3216145064690443
CHEMBL287_Ki,43,molformer,xgboost,crem_mean,0.04588271052468354,0.13159403055227084,0.09410166684764876
CHEMBL287_Ki,43,morgan,mlp,crem_lime,0.3157089314934736,0.1554378219237006,0.4669111618427089
CHEMBL287_Ki,43,morgan,mlp,crem_mean,0.03208956355125781,0.06209628903014172,0.09404315400743565
CHEMBL287_Ki,43,morgan,xgboost,crem_lime,0.12025580589895828,0.21766741523867145,0.09937649525645245
CHEMBL287_Ki,43,morgan,xgboost,crem_mean,0.09565595955756184,0.2399351812023294,0.15057189650909428
CHEMBL287_Ki,43,unimol,mlp,crem_lime,0.05610407474309247,0.5407267284966131,0.5048454970812434
CHEMBL287_Ki,43,unimol,mlp,crem_mean,0.06064203590481847,0.21049480852434388,0.15497533066570068
CHEMBL287_Ki,43,unimol,xgboost,crem_lime,0.3604301163898172,0.34236233979348546,0.6643086586166201
CHEMBL287_Ki,43,unimol,xgboost,crem_mean,0.1446141316633096,0.12085254720575299,0.24734176661120835
CHEMBL287_Ki,51,molformer,mlp,crem_lime,0.2327504559954931,0.3650339567736614,0.4045347207510483
CHEMBL287_Ki,51,molformer,mlp,crem_mean,0.03610991739835501,0.06095134747413783,0.025008745176855803
CHEMBL287_Ki,51,molformer,xgboost,crem_lime,0.14053665830839146,0.3698752234757473,0.22979444954012668
CHEMBL287_Ki,51,molformer,xgboost,crem_mean,0.08535711499151773,0.24193938195166478,0.1680159486855459
CHEMBL287_Ki,51,morgan,mlp,crem_lime,0.10643132542581271,0.4257565650280023,0.40050500631147784
CHEMBL287_Ki,51,morgan,mlp,crem_mean,0.006494565331118709,0.11634522337252866,0.11757836959640953
CHEMBL287_Ki,51,morgan,xgboost,crem_lime,0.2778023505051688,0.13212702614219057,0.35408041783777155
CHEMBL287_Ki,51,morgan,xgboost,crem_mean,0.021265335871329966,0.03188048191385781,0.0507338790099028
CHEMBL287_Ki,51,unimol,mlp,crem_lime,0.266179296752566,0.04798950050656032,0.21844310888921484
CHEMBL287_Ki,51,unimol,mlp,crem_mean,0.20811612642459398,0.09296777384384418,0.2848154619784848
CHEMBL287_Ki,51,unimol,xgboost,crem_lime,0.1827843189042037,0.3149558378150633,0.409648128520512
CHEMBL287_Ki,51,unimol,xgboost,crem_mean,0.01834371865404141,0.24924509002924491,0.2522756927047928
CHEMBL287_Ki,66,molformer,mlp,crem_lime,0.0653921869517185,0.3794374642401718,0.41533859777314364
CHEMBL287_Ki,66,molformer,mlp,crem_mean,0.02416120727397658,0.4132874501852405,0.42331774647546433
CHEMBL287_Ki,66,molformer,xgboost,crem_lime,0.12457471031928508,0.33772746391553904,0.2286342477384656
CHEMBL287_Ki,66,molformer,xgboost,crem_mean,0.06672361480856523,0.18964153807733464,0.25635524688173855
CHEMBL287_Ki,66,morgan,mlp,crem_lime,0.04299565053149175,0.14413037013088198,0.18323064398803723
CHEMBL287_Ki,66,morgan,mlp,crem_mean,0.039363249965459104,0.16479446844067533,0.19547386609172834
CHEMBL287_Ki,66,morgan,xgboost,crem_lime,0.0016465631345014583,0.32697488350275666,0.32764918147775435
CHEMBL287_Ki,66,morgan,xgboost,crem_mean,0.12107710373803059,0.4013234039238641,0.48706720965513195
CHEMBL287_Ki,66,unimol,mlp,crem_lime,0.1167725711872391,0.14501859369830092,0.10926540501069307
CHEMBL287_Ki,66,unimol,mlp,crem_mean,0.16601652432487374,0.37654737074878986,0.36365912219332325
CHEMBL287_Ki,66,unimol,xgboost,crem_lime,0.5236326346840998,0.1133753380957492,0.43221995252301887
CHEMBL287_Ki,66,unimol,xgboost,crem_mean,0.0791664041687151,0.23185418424161788,0.1953840506516004
CHEMBL287_Ki,68,molformer,mlp,crem_lime,0.1580096071631763,0.07864143305041842,0.2251343242546498
CHEMBL287_Ki,68,molformer,mlp,crem_mean,0.041548676405138624,0.05034101217733358,0.09014397281440692
CHEMBL287_Ki,68,molformer,xgboost,crem_lime,0.046664444792284224,0.3480274730497538,0.3190575066341322
CHEMBL287_Ki,68,molformer,xgboost,crem_mean,0.0,0.0647998254715462,0.06479982547154621
CHEMBL287_Ki,68,morgan,mlp,crem_lime,0.040186395083252655,0.1835510386813998,0.16178286484741874
CHEMBL287_Ki,68,morgan,mlp,crem_mean,0.012841704429090594,0.04227665502415778,0.03028793273832315
CHEMBL287_Ki,68,morgan,xgboost,crem_lime,0.024766506420071468,0.10512399832423104,0.11109547629849109
CHEMBL287_Ki,68,morgan,xgboost,crem_mean,0.007035020687241035,0.09951245954911388,0.1065316345877329
CHEMBL287_Ki,68,unimol,mlp,crem_lime,0.018122636223462843,0.23076989424420444,0.21463182335464018
CHEMBL287_Ki,68,unimol,mlp,crem_mean,0.012841704429090594,0.01477726567637397,0.013910847401510997
CHEMBL287_Ki,68,unimol,xgboost,crem_lime,0.03367226096725708,0.030773359571777358,0.053073006712423314
CHEMBL287_Ki,68,unimol,xgboost,crem_mean,0.03563538199909443,0.04031659667179586,0.005806683741849573
CHEMBL287_Ki,74,molformer,mlp,crem_lime,0.020122735980286865,0.3281951532497371,0.341466388283671
CHEMBL287_Ki,74,molformer,mlp,crem_mean,0.058831701697480566,0.13431271068025497,0.09940302063730952
CHEMBL287_Ki,74,molformer,xgboost,crem_lime,0.05875553109929356,0.3270118499815863,0.3575993713598421
CHEMBL287_Ki,74,molformer,xgboost,crem_mean,0.0779660713396494,0.28969361034909463,0.2936882025960193
CHEMBL287_Ki,74,morgan,mlp,crem_lime,0.06092029824145312,0.42186424583840787,0.4826744833936356
CHEMBL287_Ki,74,morgan,mlp,crem_mean,0.10502154468028572,0.36568401654344396,0.46785667068853304
CHEMBL287_Ki,74,morgan,xgboost,crem_lime,0.10769031432233772,0.22886796689131664,0.3364030031584317
CHEMBL287_Ki,74,morgan,xgboost,crem_mean,0.08550550653832195,0.318920032801718,0.23351264439625571
CHEMBL287_Ki,74,unimol,mlp,crem_lime,0.006303901618286786,0.06977046661753518,0.06840717630400485
CHEMBL287_Ki,74,unimol,mlp,crem_mean,0.08495783355603603,0.11948853098285803,0.18357871158763361
CHEMBL287_Ki,74,unimol,xgboost,crem_lime,0.024627002117067077,0.21541598304399556,0.21108209597276098
CHEMBL287_Ki,74,unimol,xgboost,crem_mean,0.1058619948951907,0.391870142636701,0.2862263487451683
CHEMBL287_Ki,82,molformer,mlp,crem_lime,0.11568683325197167,0.04112011513383651,0.15622958317462404
CHEMBL287_Ki,82,molformer,mlp,crem_mean,0.020709557264324316,0.03463185363606568,0.05035383443189724
CHEMBL287_Ki,82,molformer,xgboost,crem_lime,0.03214844290259626,0.10511750589254712,0.1338508398524456
CHEMBL287_Ki,82,molformer,xgboost,crem_mean,0.05319571013116209,0.03682706040484594,0.041148657672704855
CHEMBL287_Ki,82,morgan,mlp,crem_lime,0.027900386689397365,0.098426548395922,0.12103907442894497
CHEMBL287_Ki,82,morgan,mlp,crem_mean,0.01484302435869642,0.03418823189963088,0.024477819042979666
CHEMBL287_Ki,82,morgan,xgboost,crem_lime,0.11011461194447333,0.32016287360183876,0.3799447287956753
CHEMBL287_Ki,82,morgan,xgboost,crem_mean,0.07987274412265141,0.21417768981756577,0.27881134890896836
CHEMBL287_Ki,82,unimol,mlp,crem_lime,0.08297248452511617,0.23235360137419164,0.31475172458032014
CHEMBL287_Ki,82,unimol,mlp,crem_mean,0.01170310000783299,0.15386375595455243,0.157424140029189
CHEMBL287_Ki,82,unimol,xgboost,crem_lime,0.20355306167830714,0.1766033449887409,0.2842039864425255
CHEMBL287_Ki,82,unimol,xgboost,crem_mean,0.0571045751026524,0.08745999286377604,0.09902808541335392
CHEMBL287_Ki,83,molformer,mlp,crem_lime,0.01936636769059075,0.4213443162635185,0.41611825192857704
CHEMBL287_Ki,83,molformer,mlp,crem_mean,0.01342182045889242,0.2017653160232243,0.215178580580705
CHEMBL287_Ki,83,molformer,xgboost,crem_lime,0.11557021179745476,0.16492871794762984,0.16149521082124396
CHEMBL287_Ki,83,molformer,xgboost,crem_mean,0.08207952683251743,0.12232062944308529,0.15337522620024116
CHEMBL287_Ki,83,morgan,mlp,crem_lime,0.025415850480929994,0.26984921372683707,0.24662762019320464
CHEMBL287_Ki,83,morgan,mlp,crem_mean,0.015459332269299452,0.10245270654707053,0.09996505565789712
CHEMBL287_Ki,83,morgan,xgboost,crem_lime,0.04831039349005595,0.39895121998880567,0.4451374092785279
CHEMBL287_Ki,83,morgan,xgboost,crem_mean,0.008076060713524607,0.11423064973725354,0.11885862959692611
CHEMBL287_Ki,83,unimol,mlp,crem_lime,0.2513068549644523,0.03536959168941984,0.22148139620059776
CHEMBL287_Ki,83,unimol,mlp,crem_mean,0.06444616225702723,0.24397273653767346,0.2726505715517287
CHEMBL287_Ki,83,unimol,xgboost,crem_lime,0.1550321306259601,0.14018137604101233,0.2803882654935956
CHEMBL287_Ki,83,unimol,xgboost,crem_mean,0.13641963671492147,0.08966970352245064,0.13008542003970194
CHEMBL287_Ki,84,molformer,mlp,crem_lime,0.24468382095995853,0.03229991837698827,0.22355710097552506
CHEMBL287_Ki,84,molformer,mlp,crem_mean,0.011280556574486296,0.015478079958299302,0.01912459893380733
CHEMBL287_Ki,84,molformer,xgboost,crem_lime,0.056839114969498665,0.0720877959508197,0.12238781751484268
CHEMBL287_Ki,84,molformer,xgboost,crem_mean,0.0030894737586261893,0.062176614011903594,0.0629037543366412
CHEMBL287_Ki,84,morgan,mlp,crem_lime,0.04069230590122304,0.049341293561971054,0.0471601799518135
CHEMBL287_Ki,84,morgan,mlp,crem_mean,0.0074494315143479525,0.09546987307143961,0.09843311850131396
CHEMBL287_Ki,84,morgan,xgboost,crem_lime,0.025957776927783453,0.2885679049436197,0.3109727826785299
CHEMBL287_Ki,84,morgan,xgboost,crem_mean,0.011815987706269704,0.13171125330787395,0.14173032166880345
CHEMBL287_Ki,84,unimol,mlp,crem_lime,0.057187249204016084,0.15995074905924248,0.16375037064901118
CHEMBL287_Ki,84,unimol,mlp,crem_mean,0.005031107431642933,0.06748994583627395,0.06622632504094464
CHEMBL287_Ki,84,unimol,xgboost,crem_lime,0.06821877710472939,0.02393207255214355,0.08096618323241535
CHEMBL287_Ki,84,unimol,xgboost,crem_mean,0.035049778139803776,0.07372626573706069,0.09939896771866105
CHEMBL287_Ki,85,molformer,mlp,crem_lime,0.0663743530861269,0.3015709806335473,0.2523772853287821
CHEMBL287_Ki,85,molformer,mlp,crem_mean,0.1097398076902261,0.31127039719932365,0.25710644069744204
CHEMBL287_Ki,85,molformer,xgboost,crem_lime,0.06650168016357727,0.09812738481096865,0.03311121460658569
CHEMBL287_Ki,85,molformer,xgboost,crem_mean,0.11492700980718358,0.019282384296963606,0.10724249487009693
CHEMBL287_Ki,85,morgan,mlp,crem_lime,0.27264407465775625,0.10310739950787047,0.3602952132367186
CHEMBL287_Ki,85,morgan,mlp,crem_mean,0.17069084737531207,0.05667580991880489,0.12776644608500867
CHEMBL287_Ki,85,morgan,xgboost,crem_lime,0.07125695241672378,0.03191849523012867,0.04473122328757235
CHEMBL287_Ki,85,morgan,xgboost,crem_mean,0.0272202149030057,0.2147483945020449,0.24189155772841436
CHEMBL287_Ki,85,unimol,mlp,crem_lime,0.21894716203176878,0.11952307409753408,0.207359336829173
CHEMBL287_Ki,85,unimol,mlp,crem_mean,0.0831094663848001,0.19068267112980525,0.27039754198480886
CHEMBL287_Ki,85,unimol,xgboost,crem_lime,0.24126730253540563,0.38350600094431586,0.1567058104070238
CHEMBL287_Ki,85,unimol,xgboost,crem_mean,0.2759786363609323,0.11381428048879629,0.17139752933206834
CHEMBL287_Ki,89,molformer,mlp,crem_lime,0.13263347711630755,0.15482769404960428,0.033812612919333136
CHEMBL287_Ki,89,molformer,mlp,crem_mean,0.025590102691311806,0.05537207104531139,0.037059187985639314
CHEMBL287_Ki,89,molformer,xgboost,crem_lime,0.18138366026436856,0.14761199250761342,0.16741373629674516
CHEMBL287_Ki,89,molformer,xgboost,crem_mean,0.033735128533569206,0.11162750495902533,0.13344342273573187
CHEMBL287_Ki,89,morgan,mlp,crem_lime,0.02749592159359609,0.26866680732049925,0.2516292882259515
CHEMBL287_Ki,89,morgan,mlp,crem_mean,0.015524386912262603,0.13227150438276605,0.13056887739910794
CHEMBL287_Ki,89,morgan,xgboost,crem_lime,0.03519229421683026,0.12042162263436802,0.13162105231424964
CHEMBL287_Ki,89,morgan,xgboost,crem_mean,0.0099247834262757,0.13131846368457506,0.12259232401873087
CHEMBL287_Ki,89,unimol,mlp,crem_lime,0.17005045571065555,0.07216145890555557,0.21659514617414422
CHEMBL287_Ki,89,unimol,mlp,crem_mean,0.06562012134685805,0.12249285030662278,0.16772748977814736
CHEMBL287_Ki,89,unimol,xgboost,crem_lime,0.09094313497364982,0.1318643705365676,0.20596749127429625
CHEMBL287_Ki,89,unimol,xgboost,crem_mean,0.06181037709411092,0.0833315427252306,0.06127150649023976
CHEMBL287_Ki,93,molformer,mlp,crem_lime,0.04612858755694126,0.30514835169646604,0.3509103299179372
CHEMBL287_Ki,93,molformer,mlp,crem_mean,0.06704735937010073,0.11629071060922423,0.051368049398896796
CHEMBL287_Ki,93,molformer,xgboost,crem_lime,0.20612409125455838,0.1647072477096733,0.37011858154818333
CHEMBL287_Ki,93,molformer,xgboost,crem_mean,0.03656131693404161,0.1882700250174679,0.2248272033462384
CHEMBL287_Ki,93,morgan,mlp,crem_lime,0.2330061836322173,0.054378020624953685,0.2872272797611502
CHEMBL287_Ki,93,morgan,mlp,crem_mean,0.017183043725881683,0.19673635379907675,0.2134711173972836
CHEMBL287_Ki,93,morgan,xgboost,crem_lime,0.006067267516990408,0.3497107063392236,0.34365089305281304
CHEMBL287_Ki,93,morgan,xgboost,crem_mean,0.06798668358405333,0.12688462329993166,0.12477692593122618
CHEMBL287_Ki,93,unimol,mlp,crem_lime,0.11264175918897427,0.06574461034923217,0.1634422754795295
CHEMBL287_Ki,93,unimol,mlp,crem_mean,0.13719980527529335,0.2078658415250419,0.3060806468113159
CHEMBL287_Ki,93,unimol,xgboost,crem_lime,0.10052455088960785,0.0616415264995941,0.10378745152798591
CHEMBL287_Ki,93,unimol,xgboost,crem_mean,0.07801275451557975,0.16583393081351405,0.21437633423903016
CHEMBL287_Ki,96,molformer,mlp,crem_lime,0.141517571306911,0.5482434498874779,0.4205767237758473
CHEMBL287_Ki,96,molformer,mlp,crem_mean,0.01057397626931621,0.2140294980415099,0.22377452171071488
CHEMBL287_Ki,96,molformer,xgboost,crem_lime,0.08942440956023515,0.3226088808901589,0.26658330179092427
CHEMBL287_Ki,96,molformer,xgboost,crem_mean,0.048138098996215566,0.37206107949301787,0.4170691440441232
CHEMBL287_Ki,96,morgan,mlp,crem_lime,0.06814104877865564,0.20242011734341986,0.13485850178198971
CHEMBL287_Ki,96,morgan,mlp,crem_mean,0.08952929854664197,0.19749312723702425,0.28427809122285025
CHEMBL287_Ki,96,morgan,xgboost,crem_lime,0.12223793768442043,0.22189217228101243,0.24458814784076313
CHEMBL287_Ki,96,morgan,xgboost,crem_mean,0.04476411820702613,0.22757071384396352,0.27223337100563916
CHEMBL287_Ki,96,unimol,mlp,crem_lime,0.04862713709833049,0.1260943306728004,0.08809869997108069
CHEMBL287_Ki,96,unimol,mlp,crem_mean,0.014247470066936628,0.12359691109724252,0.11406884510644283
CHEMBL287_Ki,96,unimol,xgboost,crem_lime,0.33432259285006,0.2322603052148948,0.51390236008564
CHEMBL287_Ki,96,unimol,xgboost,crem_mean,0.1030618425650772,0.045691179560388616,0.12907721285593207
CHEMBL287_Ki,97,molformer,mlp,crem_lime,0.017124199423412076,0.10476049769866962,0.09298779929772266
CHEMBL287_Ki,97,molformer,mlp,crem_mean,0.2610500010177332,0.23030924775541584,0.4912957033942942
CHEMBL287_Ki,97,molformer,xgboost,crem_lime,0.03773257279156115,0.010873402468888417,0.044548613194387736
CHEMBL287_Ki,97,molformer,xgboost,crem_mean,0.18013808333227832,0.21374439212622565,0.2718938678186084
CHEMBL287_Ki,97,morgan,mlp,crem_lime,0.16170905215206977,0.15418935514423956,0.31460947382751225
CHEMBL287_Ki,97,morgan,mlp,crem_mean,0.14708150745959847,0.10926607881987131,0.03782832348257347
CHEMBL287_Ki,97,morgan,xgboost,crem_lime,0.23115177874035686,0.5620683737650158,0.33454501599733966
CHEMBL287_Ki,97,morgan,xgboost,crem_mean,0.10044096558336867,0.46644483569149614,0.3665974008888823
CHEMBL287_Ki,97,unimol,mlp,crem_lime,0.270845174791391,0.05635335214198052,0.22198205733321202
CHEMBL287_Ki,97,unimol,mlp,crem_mean,0.15841877303711238,0.03272153211371138,0.17270531474278322
CHEMBL287_Ki,97,unimol,xgboost,crem_lime,0.22254566288963293,0.008806033267964232,0.21383536923616456
CHEMBL287_Ki,97,unimol,xgboost,crem_mean,0.07551111678888155,0.050922106355820417,0.12059404826764725
CHEMBL287_Ki,101,molformer,mlp,crem_lime,0.14753345563687448,0.20280881155760216,0.2775463212494164
CHEMBL287_Ki,101,molformer,mlp,crem_mean,0.04080927285629142,0.031710551002492406,0.06534085741793359
CHEMBL287_Ki,101,molformer,xgboost,crem_lime,0.0298689738611594,0.03418002986826479,0.0627802097249875
CHEMBL287_Ki,101,molformer,xgboost,crem_mean,0.06135964537073054,0.2049806861814565,0.2195968594393104
CHEMBL287_Ki,101,morgan,mlp,crem_lime,0.06395729084299656,0.16174950566860327,0.16104407100841509
CHEMBL287_Ki,101,morgan,mlp,crem_mean,0.09933561272360868,0.05755649599581011,0.060013435217543355
CHEMBL287_Ki,101,morgan,xgboost,crem_lime,0.051028932114449435,0.1753018647423453,0.1560726839947646
CHEMBL287_Ki,101,morgan,xgboost,crem_mean,0.026295545086598128,0.14544230899960348,0.12624001529739998
CHEMBL287_Ki,101,unimol,mlp,crem_lime,0.07309732350555541,0.23947281942022966,0.25263905692839417
CHEMBL287_Ki,101,unimol,mlp,crem_mean,0.0324052967450305,0.17422749157472464,0.19454115766240576
CHEMBL287_Ki,101,unimol,xgboost,crem_lime,0.06857679944716025,0.11577355586075853,0.11315333977353222
CHEMBL287_Ki,101,unimol,xgboost,crem_mean,0.04444152978379196,0.08599498535687815,0.0976187000137173
CHEMBL2971_Ki,4,molformer,mlp,crem_lime,0.1708435177822331,0.14849225113560424,0.11132686808073072
CHEMBL2971_Ki,4,molformer,mlp,crem_mean,0.0,0.0,0.0
CHEMBL2971_Ki,4,molformer,xgboost,crem_lime,0.09598062477065526,0.15990842475605874,0.2551143965896107
CHEMBL2971_Ki,4,molformer,xgboost,crem_mean,0.0,0.0,0.0
CHEMBL2971_Ki,4,morgan,mlp,crem_lime,0.1575875047385701,0.11966018371870536,0.27644820095039396
CHEMBL2971_Ki,4,morgan,mlp,crem_mean,0.0,0.0,0.0
CHEMBL2971_Ki,4,morgan,xgboost,crem_lime,0.24894090149574272,0.06742972949749752,0.27912918053581315
CHEMBL2971_Ki,4,morgan,xgboost,crem_mean,0.0824786098842324,0.37796447300922725,0.41239304942116134
CHEMBL2971_Ki,4,unimol,mlp,crem_lime,0.04256867619419709,0.2815998060145842,0.2703024646603649
CHEMBL2971_Ki,4,unimol,mlp,crem_mean,0.0,0.0,0.0
CHEMBL2971_Ki,4,unimol,xgboost,crem_lime,0.1941891226489987,0.10396973371751356,0.29806254697082646
CHEMBL2971_Ki,4,unimol,xgboost,crem_mean,0.0,0.08247860988423242,0.08247860988423242
CHEMBL2971_Ki,8,molformer,mlp,crem_lime,0.3239213311569279,0.1267945886374544,0.44283664579357296
CHEMBL2971_Ki,8,molformer,mlp,crem_mean,0.049034710569755564,0.19331104255916398,0.17069446096409152
CHEMBL2971_Ki,8,molformer,xgboost,crem_lime,0.30801516979755644,0.14844994773950668,0.15983238328978142
CHEMBL2971_Ki,8,molformer,xgboost,crem_mean,0.058703866388666585,0.11791882697467185,0.1753802516970221
CHEMBL2971_Ki,8,morgan,mlp,crem_lime,0.5246852642831837,0.4280900744296233,0.7011613944205976
CHEMBL2971_Ki,8,morgan,mlp,crem_mean,0.1317890619471607,0.04508830673671351,0.14841567634168298
CHEMBL2971_Ki,8,morgan,xgboost,crem_lime,0.19713632124830452,0.31507256264629496,0.4410659657963453
CHEMBL2971_Ki,8,morgan,xgboost,crem_mean,0.05870873273009568,0.21159029342732766,0.25839182087043977
CHEMBL2971_Ki,8,unimol,mlp,crem_lime,0.22687905292360977,0.30188526114704906,0.4595998424001008
CHEMBL2971_Ki,8,unimol,mlp,crem_mean,0.09902359579761603,0.09529302699900315,0.18991790593551458
CHEMBL2971_Ki,8,unimol,xgboost,crem_lime,0.14512946765607612,0.46727105238787003,0.42601153156891003
CHEMBL2971_Ki,8,unimol,xgboost,crem_mean,0.1544182193492784,0.032579723200002415,0.17290830704219
CHEMBL2971_Ki,11,molformer,mlp,crem_lime,0.05980748189793889,0.3648538559384264,0.3166838957650125
CHEMBL2971_Ki,11,molformer,mlp,crem_mean,0.0,0.06306545648114606,0.063065456481146
CHEMBL2971_Ki,11,molformer,xgboost,crem_lime,0.17577556380022272,0.39065628224012056,0.5600471365464214
CHEMBL2971_Ki,11,molformer,xgboost,crem_mean,0.040430970327808256,0.2449055792578967,0.2814004381856533
CHEMBL2971_Ki,11,morgan,mlp,crem_lime,0.006704219443459829,0.011027993421327974,0.01091811429993518
CHEMBL2971_Ki,11,morgan,mlp,crem_mean,0.056505778406264875,0.03497976758483063,0.02152601082143424
CHEMBL2971_Ki,11,morgan,xgboost,crem_lime,0.048147483289539085,0.37243409844654707,0.3309970292090197
CHEMBL2971_Ki,11,morgan,xgboost,crem_mean,0.21171964590818554,0.4253613515287146,0.21553805692701328
CHEMBL2971_Ki,11,unimol,mlp,crem_lime,0.0025641277596120796,0.24972222606307115,0.2510083614019032
CHEMBL2971_Ki,11,unimol,mlp,crem_mean,0.04939562873104857,0.07092453986118269,0.1202772208629823
CHEMBL2971_Ki,11,unimol,xgboost,crem_lime,0.3328432937201295,0.09724127350350409,0.27937795271708576
CHEMBL2971_Ki,11,unimol,xgboost,crem_mean,0.04043097032780823,0.3789582897419226,0.34322339435732896
CHEMBL2971_Ki,15,molformer,mlp,crem_lime,0.10484586792776934,0.14922148279265524,0.2383213662968132
CHEMBL2971_Ki,15,molformer,mlp,crem_mean,0.0069529038984739,0.15818047747953898,0.16444285078546644
CHEMBL2971_Ki,15,molformer,xgboost,crem_lime,0.06962903226065326,0.2092662868127019,0.14097560883389787
CHEMBL2971_Ki,15,molformer,xgboost,crem_mean,0.08113706064189001,0.043192596961982625,0.07183825138182426
CHEMBL2971_Ki,15,morgan,mlp,crem_lime,0.037251767864764855,0.24861300917533533,0.2858259005781371
CHEMBL2971_Ki,15,morgan,mlp,crem_mean,0.012122661826360546,0.0069174145961464805,0.018517955595193644
CHEMBL2971_Ki,15,morgan,xgboost,crem_lime,0.16026615341918143,0.1848598858696176,0.31714844798286806
CHEMBL2971_Ki,15,morgan,xgboost,crem_mean,0.09508087307658995,0.034392009086374103,0.12693553292891588
CHEMBL2971_Ki,15,unimol,mlp,crem_lime,0.19962482840810072,0.2344964176677661,0.10232429628074338
CHEMBL2971_Ki,15,unimol,mlp,crem_mean,0.11778609955530862,0.23241816483211059,0.22718274094915505
CHEMBL2971_Ki,15,unimol,xgboost,crem_lime,0.03895368868289761,0.20922448220349468,0.24809215105637886
CHEMBL2971_Ki,15,unimol,xgboost,crem_mean,0.11305701282640954,0.0858460497848635,0.09201023830010721
CHEMBL2971_Ki,17,molformer,mlp,crem_lime,0.01466987596240943,0.08828689926586586,0.08045805607147971
CHEMBL2971_Ki,17,molformer,mlp,crem_mean,0.03352279910667845,0.14216984427503498,0.13007565749017067
CHEMBL2971_Ki,17,molformer,xgboost,crem_lime,0.020888609551947226,0.26693187499242965,0.275517631213624
CHEMBL2971_Ki,17,molformer,xgboost,crem_mean,0.18607670188580352,0.16391599863134465,0.024651731393745258
CHEMBL2971_Ki,17,morgan,mlp,crem_lime,0.1200855620444171,0.17915577680699493,0.06976421765557644
CHEMBL2971_Ki,17,morgan,mlp,crem_mean,0.12716411085871515,0.08934941184441889,0.13943640841179303
CHEMBL2971_Ki,17,morgan,xgboost,crem_lime,0.09969744848295452,0.3109902166446441,0.4088048029700623
CHEMBL2971_Ki,17,morgan,xgboost,crem_mean,0.037463295364054267,0.2485095519712095,0.2823163244409664
CHEMBL2971_Ki,17,unimol,mlp,crem_lime,0.15246984704129993,0.1391193752531897,0.20039191139755327
CHEMBL2971_Ki,17,unimol,mlp,crem_mean,0.004995143443272237,0.024611351646345078,0.02950261858001121
CHEMBL2971_Ki,17,unimol,xgboost,crem_lime,0.1009763141834129,0.08961828332627494,0.0912796181881874
CHEMBL2971_Ki,17,unimol,xgboost,crem_mean,0.045948437666695666,0.09615064867003363,0.05591074783854156
CHEMBL2971_Ki,20,molformer,mlp,crem_lime,0.10230511038652522,0.03984518548938221,0.12128119876982578
CHEMBL2971_Ki,20,molformer,mlp,crem_mean,0.022664118565484052,0.07654458320404683,0.0653414844739314
CHEMBL2971_Ki,20,molformer,xgboost,crem_lime,0.04227221956227194,0.05539359052321232,0.09263550186708368
CHEMBL2971_Ki,20,molformer,xgboost,crem_mean,0.11310344816910052,0.13254963816362414,0.2382714949766614
CHEMBL2971_Ki,20,morgan,mlp,crem_lime,0.080898083843702,0.04515444719755171,0.03743050412606053
CHEMBL2971_Ki,20,morgan,mlp,crem_mean,0.06999526675896361,0.0053961407431363274,0.0753868844592064
CHEMBL2971_Ki,20,morgan,xgboost,crem_lime,0.04722168409619483,0.09940059169747169,0.14437333111236922
CHEMBL2971_Ki,20,morgan,xgboost,crem_mean,0.0,0.12014129310663683,0.12014129310663683
CHEMBL2971_Ki,20,unimol,mlp,crem_lime,0.010840182745971746,0.0820811429168013,0.07277165380300125
CHEMBL2971_Ki,20,unimol,mlp,crem_mean,0.030315200671097553,0.03777257683629642,0.011099875407147476
CHEMBL2971_Ki,20,unimol,xgboost,crem_lime,0.019022949942464916,0.10237999279522113,0.09942416967431342
CHEMBL2971_Ki,20,unimol,xgboost,crem_mean,0.019543112918475415,0.05900311571046629,0.06384638079769824
CHEMBL2971_Ki,22,molformer,mlp,crem_lime,0.30571462077075107,0.2651926036994075,0.19240421847642833
CHEMBL2971_Ki,22,molformer,mlp,crem_mean,0.11321190778254117,0.10137188004480048,0.11778659206088694
CHEMBL2971_Ki,22,molformer,xgboost,crem_lime,0.27594982972087634,0.375585479861996,0.15604756102724288
CHEMBL2971_Ki,22,molformer,xgboost,crem_mean,0.10042900412556342,0.14763817446325914,0.13123908111274066
CHEMBL2971_Ki,22,morgan,mlp,crem_lime,0.04939628678948562,0.23181011515499006,0.2073461766636762
CHEMBL2971_Ki,22,morgan,mlp,crem_mean,0.019202560650775326,0.11521829538596438,0.11689413141658277
CHEMBL2971_Ki,22,morgan,xgboost,crem_lime,0.008506362325271988,0.28940481041946986,0.28751188311978737
CHEMBL2971_Ki,22,morgan,xgboost,crem_mean,0.006516035729522709,0.15250772666535276,0.15201096770074338
CHEMBL2971_Ki,22,unimol,mlp,crem_lime,0.04423180094464698,0.4043393530408402,0.3624130818210947
CHEMBL2971_Ki,22,unimol,mlp,crem_mean,0.07116481414578174,0.07744527564603261,0.13748802212284505
CHEMBL2971_Ki,22,unimol,xgboost,crem_lime,0.05926438642158482,0.1047023976426198,0.07298863983210283
CHEMBL2971_Ki,22,unimol,xgboost,crem_mean,0.06644274881622414,0.08642303481443377,0.10197071373035248
CHEMBL2971_Ki,23,molformer,mlp,crem_lime,0.16544578507254365,0.24481441218740266,0.38604091484752423
CHEMBL2971_Ki,23,molformer,mlp,crem_mean,0.07909484036740569,0.06888321972137819,0.13169684671165208
CHEMBL2971_Ki,23,molformer,xgboost,crem_lime,0.015912613851417224,0.2177116303074087,0.23108000197174633
CHEMBL2971_Ki,23,molformer,xgboost,crem_mean,0.005941849881932557,0.07879868892085101,0.07895049580348171
CHEMBL2971_Ki,23,morgan,mlp,crem_lime,0.27592522205374115,0.26645400633898947,0.5288866626748953
CHEMBL2971_Ki,23,morgan,mlp,crem_mean,0.1701785663196791,0.12203868608003557,0.2721944917337903
CHEMBL2971_Ki,23,morgan,xgboost,crem_lime,0.04172246187548999,0.08607850549571888,0.05778445584190091
CHEMBL2971_Ki,23,morgan,xgboost,crem_mean,0.05567306167185675,0.06013003668966473,0.11580230162467216
CHEMBL2971_Ki,23,unimol,mlp,crem_lime,0.03245148518407005,0.2489214400041309,0.2654723652007764
CHEMBL2971_Ki,23,unimol,mlp,crem_mean,0.003679881547996565,0.028481999610600887,0.030827934738536726
CHEMBL2971_Ki,23,unimol,xgboost,crem_lime,0.026526052211487523,0.3954554685391602,0.3693277126466907
CHEMBL2971_Ki,23,unimol,xgboost,crem_mean,0.0010253648281449447,0.13899927628618636,0.14002411353870298
CHEMBL2971_Ki,30,molformer,mlp,crem_lime,0.038584436796989356,0.04555932518428599,0.07300819718180525
CHEMBL2971_Ki,30,molformer,mlp,crem_mean,0.01893251144950776,0.07879770598265054,0.08608222470301986
CHEMBL2971_Ki,30,molformer,xgboost,crem_lime,0.011471013965957434,0.145873100153335,0.14076624406457627
CHEMBL2971_Ki,30,molformer,xgboost,crem_mean,0.005420915823678892,0.1024930749537572,0.09736385648742023
CHEMBL2971_Ki,30,morgan,mlp,crem_lime,0.10663878453993025,0.1215296520093091,0.2248833645624815
CHEMBL2971_Ki,30,morgan,mlp,crem_mean,0.009585314835447004,0.09459179073965754,0.10375579782203014
CHEMBL2971_Ki,30,morgan,xgboost,crem_lime,0.003262301006430322,0.14461056389092486,0.14760827685379524
CHEMBL2971_Ki,30,morgan,xgboost,crem_mean,0.010518671490685798,0.033704879663072,0.0441020471719457
CHEMBL2971_Ki,30,unimol,mlp,crem_lime,0.022183310298556864,0.05601616875494398,0.03786437895190727
CHEMBL2971_Ki,30,unimol,mlp,crem_mean,0.014666688021271572,0.05510037811439365,0.04378239323153133
CHEMBL2971_Ki,30,unimol,xgboost,crem_lime,0.09022106407852123,0.11196384081413009,0.1995594239408954
CHEMBL2971_Ki,30,unimol,xgboost,crem_mean,0.0439933241088812,0.009627074951362936,0.04230915884803131
CHEMBL2971_Ki,32,molformer,mlp,crem_lime,0.08229316790626717,0.03718649598670547,0.11138991438052573
CHEMBL2971_Ki,32,molformer,mlp,crem_mean,0.06009249141187423,0.07981367043384932,0.12952982780894517
CHEMBL2971_Ki,32,molformer,xgboost,crem_lime,0.04970801058965477,0.07803103720887941,0.1273854760785903
CHEMBL2971_Ki,32,molformer,xgboost,crem_mean,0.06650665979865644,0.09793330365248047,0.07877563217658734
CHEMBL2971_Ki,32,morgan,mlp,crem_lime,0.0533561345658167,0.0847704989776713,0.08113059728425687
CHEMBL2971_Ki,32,morgan,mlp,crem_mean,0.08522731892665397,0.11545848300154028,0.19920195414837039
CHEMBL2971_Ki,32,morgan,xgboost,crem_lime,0.00459936629014515,0.15719534805027638,0.15654022991731018
CHEMBL2971_Ki,32,morgan,xgboost,crem_mean,0.005317354915881924,0.40127514624559396,0.4038384062325084
CHEMBL2971_Ki,32,unimol,mlp,crem_lime,0.033154784868586896,0.20642312793045095,0.210134592392473
CHEMBL2971_Ki,32,unimol,mlp,crem_mean,0.026865946348719996,0.148495230063986,0.13431820153344537
CHEMBL2971_Ki,32,unimol,xgboost,crem_lime,0.10076333488119946,0.16852847525614684,0.12962073569713672
CHEMBL2971_Ki,32,unimol,xgboost,crem_mean,0.05239680163960956,0.3119703070240978,0.3477711705070307
CHEMBL2971_Ki,34,molformer,mlp,crem_lime,0.05158679684893757,0.21207754070406573,0.2551481102294706
CHEMBL2971_Ki,34,molformer,mlp,crem_mean,0.019884981124342515,0.0659877213679795,0.054618164533336226
CHEMBL2971_Ki,34,molformer,xgboost,crem_lime,0.005731472746301073,0.1732154755771491,0.1719163078049366
CHEMBL2971_Ki,34,molformer,xgboost,crem_mean,0.07603655853930487,0.1298970501101473,0.05507455937218945
CHEMBL2971_Ki,34,morgan,mlp,crem_lime,0.17582318616681375,0.23055344437383957,0.09896128261447801
CHEMBL2971_Ki,34,morgan,mlp,crem_mean,0.059974234522673815,0.034544200108217724,0.02543333287519537
CHEMBL2971_Ki,34,morgan,xgboost,crem_lime,0.023099442915248146,0.26981947521519006,0.27003909612963617
CHEMBL2971_Ki,34,morgan,xgboost,crem_mean,0.012427595414811619,0.36473184999099323,0.3558655147981984
CHEMBL2971_Ki,34,unimol,mlp,crem_lime,0.06173437224022122,0.13180149266173702,0.17892602756728382
CHEMBL2971_Ki,34,unimol,mlp,crem_mean,0.02482499587780508,0.029461087371999425,0.009391660618947188
CHEMBL2971_Ki,34,unimol,xgboost,crem_lime,0.04345439027139764,0.2839474460694875,0.2997523863206532
CHEMBL2971_Ki,34,unimol,xgboost,crem_mean,0.10624726843601515,0.25238411927187504,0.29950506470245936
CHEMBL3979_EC50,0,molformer,mlp,crem_lime,0.05608608904888662,0.23622274056419645,0.21183821916868004
CHEMBL3979_EC50,0,molformer,mlp,crem_mean,0.01979896099020966,0.02153416893333571,0.009504989903123142
CHEMBL3979_EC50,0,molformer,xgboost,crem_lime,0.11063170403134606,0.24062251904524537,0.3366151236627473
CHEMBL3979_EC50,0,molformer,xgboost,crem_mean,0.07451999141849225,0.09563678958989373,0.04728897944086283
CHEMBL3979_EC50,0,morgan,mlp,crem_lime,0.035356526548684736,0.38330893555100304,0.39868086812232206
CHEMBL3979_EC50,0,morgan,mlp,crem_mean,0.07282424632879392,0.16415294656583354,0.22361714802372518
CHEMBL3979_EC50,0,morgan,xgboost,crem_lime,0.07530177090094217,0.173925902008444,0.20794095730678883
CHEMBL3979_EC50,0,morgan,xgboost,crem_mean,0.036937728180124516,0.06159301941334377,0.09450136727377899
CHEMBL3979_EC50,0,unimol,mlp,crem_lime,0.180108428214475,0.03125346271196664,0.18487273276197724
CHEMBL3979_EC50,0,unimol,mlp,crem_mean,0.07437034573576327,0.09109974786619049,0.16266620054471137
CHEMBL3979_EC50,0,unimol,xgboost,crem_lime,0.10484581137446194,0.11856113981983835,0.049901602032362456
CHEMBL3979_EC50,0,unimol,xgboost,crem_mean,0.10899990078245318,0.02760678470823284,0.1024783626835128
CHEMBL3979_EC50,4,molformer,mlp,crem_lime,0.06250072899239834,0.1052197429564297,0.08715533807748892
CHEMBL3979_EC50,4,molformer,mlp,crem_mean,0.006247874946830047,0.029040476904346853,0.02851986621279659
CHEMBL3979_EC50,4,molformer,xgboost,crem_lime,0.015787055826151575,0.18412901727013573,0.18088182612928505
CHEMBL3979_EC50,4,molformer,xgboost,crem_mean,0.02328690548025728,0.22580828726453428,0.2264056761642844
CHEMBL3979_EC50,4,morgan,mlp,crem_lime,0.1200075836432148,0.1057649993442251,0.06616887306981736
CHEMBL3979_EC50,4,morgan,mlp,crem_mean,0.00896145283616162,0.0655225346787363,0.06125850687233522
CHEMBL3979_EC50,4,morgan,xgboost,crem_lime,0.012252167748193508,0.1990840562666115,0.20527581017216442
CHEMBL3979_EC50,4,morgan,xgboost,crem_mean,0.0030865787600196366,0.18871766185036123,0.18836347441359916
CHEMBL3979_EC50,4,unimol,mlp,crem_lime,0.08324427327288378,0.16837247555427917,0.1822190882544305
CHEMBL3979_EC50,4,unimol,mlp,crem_mean,0.04831951757597646,0.0659047798949004,0.11067586727449807
CHEMBL3979_EC50,4,unimol,xgboost,crem_lime,0.11673892749373999,0.09876766626413261,0.02506715231493866
CHEMBL3979_EC50,4,unimol,xgboost,crem_mean,0.050662937861152176,0.1361667430491306,0.18581097209738362
CHEMBL3979_EC50,13,molformer,mlp,crem_lime,0.03565651230023198,0.021823786874522206,0.020451264847558392
CHEMBL3979_EC50,13,molformer,mlp,crem_mean,0.021313243992970295,0.015176014618168135,0.01850525762876406
CHEMBL3979_EC50,13,molformer,xgboost,crem_lime,0.06673701034361214,0.08740123607768568,0.1359254959883755
CHEMBL3979_EC50,13,molformer,xgboost,crem_mean,0.03927855057438324,0.07415770226590503,0.11243212753372128
CHEMBL3979_EC50,13,morgan,mlp,crem_lime,0.004844784917540749,0.046607558948336986,0.042029691185079966
CHEMBL3979_EC50,13,morgan,mlp,crem_mean,0.009002370374058056,0.12787266142899503,0.1327526765246247
CHEMBL3979_EC50,13,morgan,xgboost,crem_lime,0.0229774262471545,0.2431887389163118,0.22340633684908173
CHEMBL3979_EC50,13,morgan,xgboost,crem_mean,0.03449387457095988,0.07991566170206797,0.060276549529299214
CHEMBL3979_EC50,13,unimol,mlp,crem_lime,0.09587088900052732,0.22896928510317346,0.31875499272358065
CHEMBL3979_EC50,13,unimol,mlp,crem_mean,0.011175942431451999,0.16624632351539148,0.17458660318452868
CHEMBL3979_EC50,13,unimol,xgboost,crem_lime,0.05801696215396366,0.0032820925794791664,0.05504248094637455
CHEMBL3979_EC50,13,unimol,xgboost,crem_mean,0.08526444476991797,0.0428920205388542,0.1258746814840658
CHEMBL3979_EC50,16,molformer,mlp,crem_lime,0.007668216044992327,0.06111195684193086,0.06611305002802988
CHEMBL3979_EC50,16,molformer,mlp,crem_mean,0.038961658188412476,0.1452947407647191,0.1719591372676529
CHEMBL3979_EC50,16,molformer,xgboost,crem_lime,0.029626959493748706,0.23039978759791094,0.2030011623871226
CHEMBL3979_EC50,16,molformer,xgboost,crem_mean,0.014252117223635865,0.11082696561728397,0.11779149608175171
CHEMBL3979_EC50,16,morgan,mlp,crem_lime,0.012439487102304154,0.2880337840306943,0.29021280192925547
CHEMBL3979_EC50,16,morgan,mlp,crem_mean,0.009634105328566287,0.15590810662108967,0.14720103625342731
CHEMBL3979_EC50,16,morgan,xgboost,crem_lime,0.0034332007729657686,0.22935995650640764,0.22677699297919623
CHEMBL3979_EC50,16,morgan,xgboost,crem_mean,0.021208990678284537,0.23959284020236965,0.22945508658304734
CHEMBL3979_EC50,16,unimol,mlp,crem_lime,0.11900200093962766,0.1482932438868279,0.25114988409446914
CHEMBL3979_EC50,16,unimol,mlp,crem_mean,0.08502185654603191,0.04381727275185508,0.11643080985536908
CHEMBL3979_EC50,16,unimol,xgboost,crem_lime,0.03530236640348388,0.13681334165106424,0.1429395600098897
CHEMBL3979_EC50,16,unimol,xgboost,crem_mean,0.054898655453004895,0.04316173516705962,0.043513658236560136
CHEMBL3979_EC50,18,molformer,mlp,crem_lime,0.11748658130351133,0.0690469287058617,0.08840016717573647
CHEMBL3979_EC50,18,molformer,mlp,crem_mean,0.0,0.0,0.0
CHEMBL3979_EC50,18,molformer,xgboost,crem_lime,0.12332630729321448,0.16363302737656996,0.12670423422316515
CHEMBL3979_EC50,18,molformer,xgboost,crem_mean,0.0,0.0,0.0
CHEMBL3979_EC50,18,morgan,mlp,crem_lime,0.03047158022438543,0.16806956818548757,0.18051291055899713
CHEMBL3979_EC50,18,morgan,mlp,crem_mean,0.0,0.0,0.0
CHEMBL3979_EC50,18,morgan,xgboost,crem_lime,0.06322424886338322,0.3314689972814758,0.3917639249332611
CHEMBL3979_EC50,18,morgan,xgboost,crem_mean,0.0,0.0,0.0
CHEMBL3979_EC50,18,unimol,mlp,crem_lime,0.006050356569528825,0.029802382464081116,0.03431572904536346
CHEMBL3979_EC50,18,unimol,mlp,crem_mean,0.0,0.0,0.0
CHEMBL3979_EC50,18,unimol,xgboost,crem_lime,0.023789774459056865,0.049842872845679,0.04205290822686828
CHEMBL3979_EC50,18,unimol,xgboost,crem_mean,0.0,0.0,0.0
CHEMBL3979_EC50,21,molformer,mlp,crem_lime,0.03124317940230061,0.36633739601789067,0.3532818243943131
CHEMBL3979_EC50,21,molformer,mlp,crem_mean,0.002759403615845733,0.013852766391791678,0.016605868871832102
CHEMBL3979_EC50,21,molformer,xgboost,crem_lime,0.07786730818586417,0.35154973451657684,0.32621575511869644
CHEMBL3979_EC50,21,molformer,xgboost,crem_mean,0.0007945181870140716,0.07039371515896374,0.0704352609447843
CHEMBL3979_EC50,21,morgan,mlp,crem_lime,0.0700941312499027,0.5150086730979646,0.5336269528260548
CHEMBL3979_EC50,21,morgan,mlp,crem_mean,0.08147911261023406,0.1204391478453347,0.10883826610061947
CHEMBL3979_EC50,21,morgan,xgboost,crem_lime,0.022962719136539824,0.18071690711695715,0.2026290262459922
CHEMBL3979_EC50,21,morgan,xgboost,crem_mean,0.26422485517219907,0.20014498377502574,0.31697128276563596
CHEMBL3979_EC50,21,unimol,mlp,crem_lime,0.09387091794947904,0.01308837223465826,0.10595787076856884
CHEMBL3979_EC50,21,unimol,mlp,crem_mean,0.003856253345498778,0.026566822026297024,0.025761685426097823
CHEMBL3979_EC50,21,unimol,xgboost,crem_lime,0.019651919380087566,0.48474752321920767,0.5021429004472636
CHEMBL3979_EC50,21,unimol,xgboost,crem_mean,0.008049302682356615,0.1575299495793382,0.1611675280806125
CHEMBL3979_EC50,24,molformer,mlp,crem_lime,0.0029236333625769742,0.05924185364202299,0.061788060729238925
CHEMBL3979_EC50,24,molformer,mlp,crem_mean,0.0008392127097914856,0.01079047951574119,0.010740006400661058
CHEMBL3979_EC50,24,molformer,xgboost,crem_lime,0.006731676932097648,0.12779067591982574,0.13414570481154464
CHEMBL3979_EC50,24,molformer,xgboost,crem_mean,0.0032256983004038666,0.01281906149573013,0.012386646112997337
CHEMBL3979_EC50,24,morgan,mlp,crem_lime,0.044138583701161846,0.04667840958141195,0.04827982929468995
CHEMBL3979_EC50,24,morgan,mlp,crem_mean,0.005395226874863398,0.011863125272244295,0.013107461458573565
CHEMBL3979_EC50,24,morgan,xgboost,crem_lime,0.008315363255434175,0.3168503164631747,0.3233890825669696
CHEMBL3979_EC50,24,morgan,xgboost,crem_mean,0.002867552358378105,0.041528730937071906,0.04437567276732849
CHEMBL3979_EC50,24,unimol,mlp,crem_lime,0.0800765893543231,0.08348691083460268,0.1634160912927331
CHEMBL3979_EC50,24,unimol,mlp,crem_mean,0.013054513530987284,0.036870031873418176,0.04564865773555633
CHEMBL3979_EC50,24,unimol,xgboost,crem_lime,0.09442041913658887,0.3330019601456403,0.3859185188854946
CHEMBL3979_EC50,24,unimol,xgboost,crem_mean,0.02809927088152117,0.022341995102943053,0.047420542439782803
CHEMBL3979_EC50,26,molformer,mlp,crem_lime,0.08059899231287733,0.043513382363046145,0.0983658615054002
CHEMBL3979_EC50,26,molformer,mlp,crem_mean,0.15730028640620877,0.04776832754770459,0.1864048311801402
CHEMBL3979_EC50,26,molformer,xgboost,crem_lime,0.04197195638422139,0.06835018948337565,0.10342990032215937
CHEMBL3979_EC50,26,molformer,xgboost,crem_mean,0.035503599230424336,0.22634907657836634,0.19087478473059585
CHEMBL3979_EC50,26,morgan,mlp,crem_lime,0.00869476219047642,0.12491667759657678,0.13356002949362977
CHEMBL3979_EC50,26,morgan,mlp,crem_mean,0.02689096108838879,0.056658616676828276,0.06707647099832706
CHEMBL3979_EC50,26,morgan,xgboost,crem_lime,0.10638422382935316,0.062399851541773584,0.13828641240515732
CHEMBL3979_EC50,26,morgan,xgboost,crem_mean,0.040138694116475276,0.019066427088869038,0.05659511218727263
CHEMBL3979_EC50,26,unimol,mlp,crem_lime,0.06290157694038206,0.09688362911820243,0.0926143144231905
CHEMBL3979_EC50,26,unimol,mlp,crem_mean,0.11899868753144799,0.10900581499424321,0.2187240461107892
CHEMBL3979_EC50,26,unimol,xgboost,crem_lime,0.04852462696599386,0.04602659370905736,0.00351983477890716
CHEMBL3979_EC50,26,unimol,xgboost,crem_mean,0.039833355246448716,0.07851102301035064,0.10330157364295742
CHEMBL3979_EC50,34,molformer,mlp,crem_lime,0.07074940267237215,0.05665878176043326,0.014895995725509441
CHEMBL3979_EC50,34,molformer,mlp,crem_mean,0.017282431721245554,0.10063621902445496,0.10471394392051987
CHEMBL3979_EC50,34,molformer,xgboost,crem_lime,0.06278733328275704,0.11722335571486732,0.1455047828508618
CHEMBL3979_EC50,34,molformer,xgboost,crem_mean,0.049639400019264854,0.03936472830519263,0.0889947988557299
CHEMBL3979_EC50,34,morgan,mlp,crem_lime,0.04604617748112337,0.03771271034980586,0.027241912065649226
CHEMBL3979_EC50,34,morgan,mlp,crem_mean,0.023860547166910103,0.05596373103834946,0.07982414888080804
CHEMBL3979_EC50,34,morgan,xgboost,crem_lime,0.05713632937176684,0.24004863582369892,0.24821041778857686
CHEMBL3979_EC50,34,morgan,xgboost,crem_mean,0.02437919652748625,0.10345321005307323,0.11912562330120094
CHEMBL3979_EC50,34,unimol,mlp,crem_lime,0.07230813058636858,0.019591867932473302,0.07657861178523195
CHEMBL3979_EC50,34,unimol,mlp,crem_mean,0.033573972533891716,0.08551830084029688,0.10217497425968616
CHEMBL3979_EC50,34,unimol,xgboost,crem_lime,0.1282193829165322,0.05048308613938999,0.10912561507414384
CHEMBL3979_EC50,34,unimol,xgboost,crem_mean,0.00787599226188432,0.058600446628685215,0.06606879789005879
CHEMBL3979_EC50,35,molformer,mlp,crem_lime,0.22156465598931088,0.19859753688479448,0.33521910037769054
CHEMBL3979_EC50,35,molformer,mlp,crem_mean,0.001002629055142853,0.05541432953990882,0.055011212735155905
CHEMBL3979_EC50,35,molformer,xgboost,crem_lime,0.024759266898681128,0.4536312701683506,0.4642267783959525
CHEMBL3979_EC50,35,molformer,xgboost,crem_mean,0.01568448984028666,0.006565666367778367,0.022247623304131665
CHEMBL3979_EC50,35,morgan,mlp,crem_lime,0.04147274573632155,0.12761026120253752,0.1256416953010611
CHEMBL3979_EC50,35,morgan,mlp,crem_mean,0.0020447705853652107,0.01940181949164615,0.01892765009540365
CHEMBL3979_EC50,35,morgan,xgboost,crem_lime,0.016764746499199654,0.05352962611627068,0.06110360415268851
CHEMBL3979_EC50,35,morgan,xgboost,crem_mean,0.0007697828113273251,0.0009433827927934627,0.0016953486824753444
CHEMBL3979_EC50,35,unimol,mlp,crem_lime,0.017032505301150743,0.11391964645407403,0.13079708513852434
CHEMBL3979_EC50,35,unimol,mlp,crem_mean,0.0037542212602984376,0.00684505770327505,0.010071696569624396
CHEMBL3979_EC50,35,unimol,xgboost,crem_lime,0.026396783763328036,0.34326892416143406,0.34407128763767136
CHEMBL3979_EC50,35,unimol,xgboost,crem_mean,0.0005896142454959652,0.14876722786580804,0.14935653863941278
CHEMBL3979_EC50,38,molformer,mlp,crem_lime,0.02051070097653364,0.33716743062753507,0.35621733207442585
CHEMBL3979_EC50,38,molformer,mlp,crem_mean,0.002706459985304578,0.10981020086302477,0.11064067144773938
CHEMBL3979_EC50,38,molformer,xgboost,crem_lime,0.0020239910099198225,0.3845045308852011,0.3844210418154575
CHEMBL3979_EC50,38,molformer,xgboost,crem_mean,0.0012396913444789233,0.08197959887710045,0.08142340522148157
CHEMBL3979_EC50,38,morgan,mlp,crem_lime,0.2799329135683712,0.03964041874423459,0.3184807408297144
CHEMBL3979_EC50,38,morgan,mlp,crem_mean,0.00663755595376777,0.00534876979548153,0.011725499031722661
CHEMBL3979_EC50,38,morgan,xgboost,crem_lime,0.0030419001637495505,0.05688331821945733,0.059262144613139896
CHEMBL3979_EC50,38,morgan,xgboost,crem_mean,0.00113146166011396,0.008348715884175652,0.008220083319190526
CHEMBL3979_EC50,38,unimol,mlp,crem_lime,0.16277416700585898,0.1271697654052468,0.26590083605380405
CHEMBL3979_EC50,38,unimol,mlp,crem_mean,0.01782649786305878,0.006854480219505253,0.024198950591069808
CHEMBL3979_EC50,38,unimol,xgboost,crem_lime,0.11774413687935713,0.032091140731034355,0.09100778899833241
CHEMBL3979_EC50,38,unimol,xgboost,crem_mean,0.12034607035471348,0.004769489806228445,0.12477959694550612
CHEMBL3979_EC50,40,molformer,mlp,crem_lime,0.01630568365522432,0.5391449625027834,0.5229089177377866
CHEMBL3979_EC50,40,molformer,mlp,crem_mean,0.007464337773478652,0.01057856888174125,0.007961408680799958
CHEMBL3979_EC50,40,molformer,xgboost,crem_lime,0.32105318578949005,0.3505210226786139,0.6715400277461627
CHEMBL3979_EC50,40,molformer,xgboost,crem_mean,0.010323988905317615,0.05220861887100414,0.05975631489560928
CHEMBL3979_EC50,40,morgan,mlp,crem_lime,0.027575537402815046,0.11983857042415612,0.12728276331120958
CHEMBL3979_EC50,40,morgan,mlp,crem_mean,0.020008858377319444,0.1433875360374006,0.15040572510860603
CHEMBL3979_EC50,40,morgan,xgboost,crem_lime,0.02464353871247831,0.04145572700226011,0.0631512758846096
CHEMBL3979_EC50,40,morgan,xgboost,crem_mean,0.00506355961907477,0.008917898216298922,0.01134468253394848
CHEMBL3979_EC50,40,unimol,mlp,crem_lime,0.07942754377699626,0.4058585902850254,0.41956337679998557
CHEMBL3979_EC50,40,unimol,mlp,crem_mean,0.026252375277861742,0.1507554789555078,0.14730591392364054
CHEMBL3979_EC50,40,unimol,xgboost,crem_lime,0.07713620587451751,0.448587218895929,0.37171533978098265
CHEMBL3979_EC50,40,unimol,xgboost,crem_mean,0.041438503075559414,0.04970796058342295,0.05374833337297671
CHEMBL3979_EC50,43,molformer,mlp,crem_lime,0.07972486646347567,0.142996091510444,0.2125572294188211
CHEMBL3979_EC50,43,molformer,mlp,crem_mean,0.07229070016795515,0.2102882299727967,0.15391606630627241
CHEMBL3979_EC50,43,molformer,xgboost,crem_lime,0.060721905143906046,0.17564642468667901,0.12133319993947893
CHEMBL3979_EC50,43,molformer,xgboost,crem_mean,0.03042309899437817,0.0743440134171949,0.10401565773683336
CHEMBL3979_EC50,43,morgan,mlp,crem_lime,0.1992211278262694,0.16711719542875494,0.2679144319579317
CHEMBL3979_EC50,43,morgan,mlp,crem_mean,0.04037966454666427,0.03356721671747091,0.0590207358602251
CHEMBL3979_EC50,43,morgan,xgboost,crem_lime,0.04057809928523402,0.14585832859099768,0.12941243216721968
CHEMBL3979_EC50,43,morgan,xgboost,crem_mean,0.021515769810158274,0.006534517131342448,0.01899394309929991
CHEMBL3979_EC50,43,unimol,mlp,crem_lime,0.1879961082091349,0.3893309454968054,0.42831065276226155
CHEMBL3979_EC50,43,unimol,mlp,crem_mean,0.018963881838923186,0.058612892246918645,0.07751663219065168
CHEMBL3979_EC50,43,unimol,xgboost,crem_lime,0.029720126584998487,0.27256272202827203,0.2929085026354751
CHEMBL3979_EC50,43,unimol,xgboost,crem_mean,0.032022256428094656,0.05575813773717763,0.06308020536711928
CHEMBL3979_EC50,60,molformer,mlp,crem_lime,0.05511588607330426,0.23097838126056866,0.2828739948637279
CHEMBL3979_EC50,60,molformer,mlp,crem_mean,0.07375243292120637,0.03940756380109607,0.04694415942648284
CHEMBL3979_EC50,60,molformer,xgboost,crem_lime,0.2622446270170333,0.03022685887776491,0.23203070554412925
CHEMBL3979_EC50,60,molformer,xgboost,crem_mean,0.15313137895101686,0.19679196758017065,0.21638143644159577
CHEMBL3979_EC50,60,morgan,mlp,crem_lime,0.5535783092423106,0.535920160766744,0.635762349410133
CHEMBL3979_EC50,60,morgan,mlp,crem_mean,0.17768749433936584,0.20297816129321164,0.1254300313381247
CHEMBL3979_EC50,60,morgan,xgboost,crem_lime,0.04313816013091045,0.044946984243186654,0.05229669918246149
CHEMBL3979_EC50,60,morgan,xgboost,crem_mean,0.06127556458539596,0.12671397476046814,0.16418429915343158
CHEMBL3979_EC50,60,unimol,mlp,crem_lime,0.15300911921625054,0.075603579219969,0.10529566657289109
CHEMBL3979_EC50,60,unimol,mlp,crem_mean,0.026253262183552836,0.08300125269760343,0.10924663346739155
CHEMBL3979_EC50,60,unimol,xgboost,crem_lime,0.5159538536129664,0.12952231444739787,0.5201237686355183
CHEMBL3979_EC50,60,unimol,xgboost,crem_mean,0.13567166614566137,0.3030214907654254,0.34848533020403843
CHEMBL3979_EC50,63,molformer,mlp,crem_lime,0.038171991231193116,0.2643053079707105,0.2774571761389803
CHEMBL3979_EC50,63,molformer,mlp,crem_mean,0.023365237191088552,0.10465932196074622,0.08162169249293845
CHEMBL3979_EC50,63,molformer,xgboost,crem_lime,0.007738304759024562,0.13388104986687593,0.12638289162219524
CHEMBL3979_EC50,63,molformer,xgboost,crem_mean,0.0034163353214143456,0.07187625714141554,0.06881517212642467
CHEMBL3979_EC50,63,morgan,mlp,crem_lime,0.022608294004597466,0.17333678710379086,0.16032144033343532
CHEMBL3979_EC50,63,morgan,mlp,crem_mean,0.005319557189085728,0.12614716162118692,0.12084352088508893
CHEMBL3979_EC50,63,morgan,xgboost,crem_lime,0.00373841330919968,0.05979989512768896,0.05903688259274807
CHEMBL3979_EC50,63,morgan,xgboost,crem_mean,0.004639766049532781,0.08956564848497074,0.09207932678107433
CHEMBL3979_EC50,63,unimol,mlp,crem_lime,0.01338312851487913,0.023426186371037043,0.010455459688005526
CHEMBL3979_EC50,63,unimol,mlp,crem_mean,0.023727580959588553,0.05546573539412283,0.07377455503598185
CHEMBL3979_EC50,63,unimol,xgboost,crem_lime,0.12257988003697462,0.1937687852428137,0.287163513112513
CHEMBL3979_EC50,63,unimol,xgboost,crem_mean,0.07776828432023741,0.16250703113300285,0.18060011657749164
CHEMBL3979_EC50,65,molformer,mlp,crem_lime,0.05692630261296657,0.23663869440228946,0.28521028192838677
CHEMBL3979_EC50,65,molformer,mlp,crem_mean,0.015747105958953882,0.060781967044693436,0.04669175863178499
CHEMBL3979_EC50,65,molformer,xgboost,crem_lime,0.04161482272187626,0.16159952742078565,0.1669103921103937
CHEMBL3979_EC50,65,molformer,xgboost,crem_mean,0.04005105023915141,0.03192202152693312,0.030963929613529003
CHEMBL3979_EC50,65,morgan,mlp,crem_lime,0.10556623333232125,0.010229095582146377,0.11369716705161745
CHEMBL3979_EC50,65,morgan,mlp,crem_mean,0.030841801724274857,0.005044755970607474,0.03586236142708347
CHEMBL3979_EC50,65,morgan,xgboost,crem_lime,0.006742836534706471,0.14441871945646295,0.14178113696936895
CHEMBL3979_EC50,65,morgan,xgboost,crem_mean,0.02283387992405476,0.0332249246094755,0.04717924009662243
CHEMBL3979_EC50,65,unimol,mlp,crem_lime,0.08169494915061767,0.07934831177702191,0.07440753163313076
CHEMBL3979_EC50,65,unimol,mlp,crem_mean,0.0754548593709229,0.054671847505582835,0.12625586008940315
CHEMBL3979_EC50,65,unimol,xgboost,crem_lime,0.17825858280676737,0.1682176270362224,0.15769791155989857
CHEMBL3979_EC50,65,unimol,xgboost,crem_mean,0.055456460408770135,0.059496587758180106,0.005675045280000826
CHEMBL3979_EC50,66,molformer,mlp,crem_lime,0.013050244087912513,0.019360959988749857,0.01202558085734339
CHEMBL3979_EC50,66,molformer,mlp,crem_mean,0.026722416401841673,0.0485240246410158,0.036829921796332606
CHEMBL3979_EC50,66,molformer,xgboost,crem_lime,0.03853149781672386,0.0679456203022756,0.0571018053068151
CHEMBL3979_EC50,66,molformer,xgboost,crem_mean,0.012954338321102855,0.05141127038573664,0.058253883776998985
CHEMBL3979_EC50,66,morgan,mlp,crem_lime,0.054819447131241476,0.15648797244697948,0.18254673200684174
CHEMBL3979_EC50,66,morgan,mlp,crem_mean,0.014339923556303969,0.10360641269103546,0.11711143886333149
CHEMBL3979_EC50,66,morgan,xgboost,crem_lime,0.07517815086278558,0.3212518793558583,0.36183366793386873
CHEMBL3979_EC50,66,morgan,xgboost,crem_mean,0.0843509215396273,0.06852971607172029,0.07228602788074968
CHEMBL3979_EC50,66,unimol,mlp,crem_lime,0.1859473698954308,0.3253465393488166,0.15692109579659974
CHEMBL3979_EC50,66,unimol,mlp,crem_mean,0.03763558398395636,0.2043270141273271,0.16902530003153177
CHEMBL3979_EC50,66,unimol,xgboost,crem_lime,0.06239705897038442,0.33907534893250907,0.386778641029852
CHEMBL3979_EC50,66,unimol,xgboost,crem_mean,0.02110604792171847,0.1473951135174106,0.1412644679418705
CHEMBL4005_Ki,0,molformer,mlp,crem_lime,0.08075585443857011,0.19375620244394742,0.19123861671934508
CHEMBL4005_Ki,0,molformer,mlp,crem_mean,0.04753692086076969,0.14798390595833905,0.1698903524506312
CHEMBL4005_Ki,0,molformer,xgboost,crem_lime,0.050732543892869415,0.2675119098131065,0.2918904089832372
CHEMBL4005_Ki,0,molformer,xgboost,crem_mean,0.00603486901508565,0.11414264051967608,0.1090089944261838
CHEMBL4005_Ki,0,morgan,mlp,crem_lime,0.0946864307907313,0.11434404247100312,0.20282198735272958
CHEMBL4005_Ki,0,morgan,mlp,crem_mean,0.010126221371642109,0.018912674984988956,0.013118608274447297
CHEMBL4005_Ki,0,morgan,xgboost,crem_lime,0.07442571150242366,0.10645022622238222,0.1626705659810065
CHEMBL4005_Ki,0,morgan,xgboost,crem_mean,0.025720115108692165,0.06161404590918685,0.05865636540926958
CHEMBL4005_Ki,0,unimol,mlp,crem_lime,0.11009324937167161,0.17944176672201478,0.1944470263877243
CHEMBL4005_Ki,0,unimol,mlp,crem_mean,0.010699923517128476,0.06954847711075067,0.059005302428653775
CHEMBL4005_Ki,0,unimol,xgboost,crem_lime,0.2564429347476053,0.21336919302296758,0.044050531520034984
CHEMBL4005_Ki,0,unimol,xgboost,crem_mean,0.009309401153497657,0.06951918446004338,0.07698509357672313
CHEMBL4005_Ki,4,molformer,mlp,crem_lime,0.12884421960866355,0.3958059416739638,0.3393049912682336
CHEMBL4005_Ki,4,molformer,mlp,crem_mean,0.017941791879764944,0.08205762017530076,0.09747253224054135
CHEMBL4005_Ki,4,molformer,xgboost,crem_lime,0.17769903039633383,0.262623047391087,0.21645124482464506
CHEMBL4005_Ki,4,molformer,xgboost,crem_mean,0.0467076621338733,0.17341294036902424,0.12778974169533783
CHEMBL4005_Ki,4,morgan,mlp,crem_lime,0.03330638152153909,0.2566669648002287,0.2734296944696606
CHEMBL4005_Ki,4,morgan,mlp,crem_mean,0.026562131673834782,0.1859838963270505,0.1732144464017757
CHEMBL4005_Ki,4,morgan,xgboost,crem_lime,0.04157797378375641,0.39163129079192444,0.35966813782721335
CHEMBL4005_Ki,4,morgan,xgboost,crem_mean,0.0317316121408378,0.15636096488960385,0.14545222615880188
CHEMBL4005_Ki,4,unimol,mlp,crem_lime,0.058232599989209405,0.23485511180560337,0.24650957988349126
CHEMBL4005_Ki,4,unimol,mlp,crem_mean,0.005621965976726796,0.12298735597611019,0.12121782083966612
CHEMBL4005_Ki,4,unimol,xgboost,crem_lime,0.10028368719153806,0.21222855384599343,0.29408814600071603
CHEMBL4005_Ki,4,unimol,xgboost,crem_mean,0.05187242982726921,0.01389368699511562,0.06478636532729445
CHEMBL4005_Ki,6,molformer,mlp,crem_lime,0.022842762022825872,0.28960145702153905,0.3100016259419746
CHEMBL4005_Ki,6,molformer,mlp,crem_mean,0.00920758972868758,0.09745703449987614,0.09521259508237359
CHEMBL4005_Ki,6,molformer,xgboost,crem_lime,0.06475071034344401,0.20583559275380292,0.1429894402976302
CHEMBL4005_Ki,6,molformer,xgboost,crem_mean,0.02980938304784783,0.10702006156441993,0.07725220073894157
CHEMBL4005_Ki,6,morgan,mlp,crem_lime,0.028366582919187856,0.29745195961052906,0.2741973766958438
CHEMBL4005_Ki,6,morgan,mlp,crem_mean,0.00839665311533625,0.14134044561218867,0.14184774145797782
CHEMBL4005_Ki,6,morgan,xgboost,crem_lime,0.04096021590594305,0.1935036868131397,0.17678958149972013
CHEMBL4005_Ki,6,morgan,xgboost,crem_mean,0.009350941687823267,0.09753054713334301,0.10661767219154877
CHEMBL4005_Ki,6,unimol,mlp,crem_lime,0.02205820495102052,0.06036229803992523,0.041560698992434746
CHEMBL4005_Ki,6,unimol,mlp,crem_mean,0.03165680791609165,0.028206392660839883,0.053431605316021064
CHEMBL4005_Ki,6,unimol,xgboost,crem_lime,0.026442479727161763,0.19265985502941613,0.17122105171379084
CHEMBL4005_Ki,6,unimol,xgboost,crem_mean,0.02723938528471688,0.01632987182977543,0.014695019657865146
CHEMBL4005_Ki,12,molformer,mlp,crem_lime,0.1370078832204527,0.2089046436618902,0.14502395071435673
CHEMBL4005_Ki,12,molformer,mlp,crem_mean,0.1760850123626626,0.329525999980753,0.4022351319259502
CHEMBL4005_Ki,12,molformer,xgboost,crem_lime,0.020261596690293617,0.15065480573702936,0.16738271837883476
CHEMBL4005_Ki,12,molformer,xgboost,crem_mean,0.14492561304273602,0.2179099379657035,0.23673109235978831
CHEMBL4005_Ki,12,morgan,mlp,crem_lime,0.0428625508951417,0.34662751699728256,0.34868527697371315
CHEMBL4005_Ki,12,morgan,mlp,crem_mean,0.05720639781141336,0.3161244547641335,0.2966131782477162
CHEMBL4005_Ki,12,morgan,xgboost,crem_lime,0.006099408429901855,0.33239357004561393,0.3284643546428093
CHEMBL4005_Ki,12,morgan,xgboost,crem_mean,0.021493978539170507,0.4058598328204596,0.4272834037114347
CHEMBL4005_Ki,12,unimol,mlp,crem_lime,0.1286973210223148,0.11436398157363971,0.03519392418053019
CHEMBL4005_Ki,12,unimol,mlp,crem_mean,0.058167586901264653,0.12653107959771145,0.1840429337244114
CHEMBL4005_Ki,12,unimol,xgboost,crem_lime,0.08773489560693162,0.15139577536624071,0.22335687092504433
CHEMBL4005_Ki,12,unimol,xgboost,crem_mean,0.08100076085792286,0.2397525432820878,0.3180860257191501
CHEMBL4005_Ki,17,molformer,mlp,crem_lime,0.08692590842917254,0.16741939391432523,0.22640277389189717
CHEMBL4005_Ki,17,molformer,mlp,crem_mean,0.16113753199792877,0.29870272620148447,0.3238522596506448
CHEMBL4005_Ki,17,molformer,xgboost,crem_lime,0.08611099187766538,0.04715759383892634,0.11438032414399561
CHEMBL4005_Ki,17,molformer,xgboost,crem_mean,0.09660941988367215,0.21755803817633715,0.150371180007832
CHEMBL4005_Ki,17,morgan,mlp,crem_lime,0.026729889745255184,0.14836309964373837,0.12490467975405804
CHEMBL4005_Ki,17,morgan,mlp,crem_mean,0.12716936792089123,0.2760777013434247,0.4032436676899742
CHEMBL4005_Ki,17,morgan,xgboost,crem_lime,0.04250284455146949,0.18789064843831768,0.17794098936333208
CHEMBL4005_Ki,17,morgan,xgboost,crem_mean,0.17091174813756302,0.06137785382778637,0.2264415764146072
CHEMBL4005_Ki,17,unimol,mlp,crem_lime,0.08394694258981653,0.13101655316644945,0.19331573676147346
CHEMBL4005_Ki,17,unimol,mlp,crem_mean,0.06046328044207456,0.19717330499488037,0.20026982729655798
CHEMBL4005_Ki,17,unimol,xgboost,crem_lime,0.016435013004437737,0.014523014118934505,0.010673864583220666
CHEMBL4005_Ki,17,unimol,xgboost,crem_mean,0.047537922658302305,0.16608904905043578,0.16985745022914595
CHEMBL4005_Ki,20,molformer,mlp,crem_lime,0.014497864228556758,0.3090107664183707,0.29851329798628906
CHEMBL4005_Ki,20,molformer,mlp,crem_mean,0.019399888088109905,0.03807268027095872,0.05104420569559556
CHEMBL4005_Ki,20,molformer,xgboost,crem_lime,0.29250628031332215,0.03119664367635464,0.3232979978946422
CHEMBL4005_Ki,20,molformer,xgboost,crem_mean,0.15508523966536808,0.04557753534937925,0.11361986661065224
CHEMBL4005_Ki,20,morgan,mlp,crem_lime,0.026678263004793066,0.14697049873860213,0.1392582008650539
CHEMBL4005_Ki,20,morgan,mlp,crem_mean,0.12175740070596805,0.17293742200106557,0.2373705102438884
CHEMBL4005_Ki,20,morgan,xgboost,crem_lime,0.008374131209728696,0.237746238585983,0.2460208652777353
CHEMBL4005_Ki,20,morgan,xgboost,crem_mean,0.19694725023907889,0.2575591445652525,0.3799422014097541
CHEMBL4005_Ki,20,unimol,mlp,crem_lime,0.07088493090742118,0.014790444295081584,0.06334051221582307
CHEMBL4005_Ki,20,unimol,mlp,crem_mean,0.08598475295064142,0.045971482545815075,0.1109573827414187
CHEMBL4005_Ki,20,unimol,xgboost,crem_lime,0.03554711507529322,0.027094963672023506,0.042471465569909835
CHEMBL4005_Ki,20,unimol,xgboost,crem_mean,0.0230492932309711,0.03073390545889167,0.04021891454561438
CHEMBL4005_Ki,24,molformer,mlp,crem_lime,0.014832055887640484,0.04670977806041745,0.05238329653737008
CHEMBL4005_Ki,24,molformer,mlp,crem_mean,0.08989553377684982,0.03841242260802131,0.05152752727896344
CHEMBL4005_Ki,24,molformer,xgboost,crem_lime,0.03970351706799247,0.13101282732238492,0.17038353562234623
CHEMBL4005_Ki,24,molformer,xgboost,crem_mean,0.07071373254127764,0.06663617940108583,0.12800595325896952
CHEMBL4005_Ki,24,morgan,mlp,crem_lime,0.141514386052061,0.026100568364864678,0.1533614078224367
CHEMBL4005_Ki,24,morgan,mlp,crem_mean,0.03291051239532963,0.05740138049530096,0.06255170326141916
CHEMBL4005_Ki,24,morgan,xgboost,crem_lime,0.06231034212403774,0.024759983256800715,0.04271500684142039
CHEMBL4005_Ki,24,morgan,xgboost,crem_mean,0.08484953039849662,0.13765161250507635,0.22119860722636936
CHEMBL4005_Ki,24,unimol,mlp,crem_lime,0.3059710609245567,0.09072267916751395,0.39645516004873427
CHEMBL4005_Ki,24,unimol,mlp,crem_mean,0.16582339873922264,0.08029807606054348,0.23455087110335773
CHEMBL4005_Ki,24,unimol,xgboost,crem_lime,0.11859751875637355,0.2822592902387609,0.2832971105492357
CHEMBL4005_Ki,24,unimol,xgboost,crem_mean,0.031164729892135572,0.041628383145072036,0.06459502536779783
CHEMBL4005_Ki,29,molformer,mlp,crem_lime,0.04456219526325241,0.20075556510900433,0.23582937905161958
CHEMBL4005_Ki,29,molformer,mlp,crem_mean,0.030665922666917776,0.01698102924711246,0.04657308470565234
CHEMBL4005_Ki,29,molformer,xgboost,crem_lime,0.03816129069566778,0.2280825522265189,0.19078325392154502
CHEMBL4005_Ki,29,molformer,xgboost,crem_mean,0.0028345980297900726,0.1349346000862015,0.1323127105837224
CHEMBL4005_Ki,29,morgan,mlp,crem_lime,0.04453974896361062,0.30900212394967924,0.35289857890361315
CHEMBL4005_Ki,29,morgan,mlp,crem_mean,0.018892583837222986,0.07783039993387567,0.09363563513799897
CHEMBL4005_Ki,29,morgan,xgboost,crem_lime,0.255086450047567,0.10935146403631703,0.21851032409472895
CHEMBL4005_Ki,29,morgan,xgboost,crem_mean,0.08030678936266192,0.034334144024955125,0.0974616614899725
CHEMBL4005_Ki,29,unimol,mlp,crem_lime,0.03928623612088996,0.24677908442273236,0.2363235158355333
CHEMBL4005_Ki,29,unimol,mlp,crem_mean,0.017765613943881674,0.11322311639547605,0.09713347449511693
CHEMBL4005_Ki,29,unimol,xgboost,crem_lime,0.2786023401810117,0.1640677920587004,0.2692155990059666
CHEMBL4005_Ki,29,unimol,xgboost,crem_mean,0.14201571913653124,0.1339420606955741,0.027639809649150953
CHEMBL4005_Ki,38,molformer,mlp,crem_lime,0.08502039855548421,0.08871547764188409,0.09022197029498698
CHEMBL4005_Ki,38,molformer,mlp,crem_mean,0.07194777091098035,0.027088622942813195,0.05209679028207016
CHEMBL4005_Ki,38,molformer,xgboost,crem_lime,0.010205422510062567,0.04696284883601164,0.037024045555791994
CHEMBL4005_Ki,38,molformer,xgboost,crem_mean,0.00855861745500027,0.09867747253784645,0.09332012313442051
CHEMBL4005_Ki,38,morgan,mlp,crem_lime,0.17451977767439286,0.20680980532336146,0.17597699817818913
CHEMBL4005_Ki,38,morgan,mlp,crem_mean,0.14481436154489752,0.020831281988270937,0.14706538171250838
CHEMBL4005_Ki,38,morgan,xgboost,crem_lime,0.030434898308773682,0.23938376406360212,0.2270154459905284
CHEMBL4005_Ki,38,morgan,xgboost,crem_mean,0.004445265771676468,0.13383622003230672,0.13182418737962978
CHEMBL4005_Ki,38,unimol,mlp,crem_lime,0.03250774365353947,0.11541248799283527,0.08603723612210348
CHEMBL4005_Ki,38,unimol,mlp,crem_mean,0.007869388688652779,0.04588154008641331,0.04021235544862818
CHEMBL4005_Ki,38,unimol,xgboost,crem_lime,0.03230898567318488,0.2762089754796431,0.3080664060358952
CHEMBL4005_Ki,38,unimol,xgboost,crem_mean,0.015369810027834338,0.16098617188679795,0.1502165995528222
CHEMBL4005_Ki,39,molformer,mlp,crem_lime,0.020535522926112274,0.34624463548504153,0.35986915131438774
CHEMBL4005_Ki,39,molformer,mlp,crem_mean,0.036568780179304795,0.016760219887042283,0.0482956890722023
CHEMBL4005_Ki,39,molformer,xgboost,crem_lime,0.15091935714813845,0.2440830560806387,0.09866034975842397
CHEMBL4005_Ki,39,molformer,xgboost,crem_mean,0.060395087205961595,0.005561190693367078,0.055714950324926106
CHEMBL4005_Ki,39,morgan,mlp,crem_lime,0.19352267294800785,0.021340364164561705,0.21465479261937387
CHEMBL4005_Ki,39,morgan,mlp,crem_mean,0.0018108405259466803,0.003712472319452121,0.003397035350049262
CHEMBL4005_Ki,39,morgan,xgboost,crem_lime,0.013829814874039576,0.2173727559216303,0.2037173041360602
CHEMBL4005_Ki,39,morgan,xgboost,crem_mean,0.00042702639648248064,0.03856002768104685,0.03864511516905702
CHEMBL4005_Ki,39,unimol,mlp,crem_lime,0.012041166507847529,0.011994275631128455,0.010427306768107571
CHEMBL4005_Ki,39,unimol,mlp,crem_mean,0.00685897098909674,0.05850432601436486,0.060918480067980424
CHEMBL4005_Ki,39,unimol,xgboost,crem_lime,0.011096287318029214,0.16706747568917646,0.1755149371941392
CHEMBL4005_Ki,39,unimol,xgboost,crem_mean,0.0014084462070395067,0.01892563920654113,0.019566739767003308
CHEMBL4005_Ki,43,molformer,mlp,crem_lime,0.007965353122227743,0.1334780776092359,0.13087611722476117
CHEMBL4005_Ki,43,molformer,mlp,crem_mean,0.011638536084836141,0.059411958766452375,0.0704182529282818
CHEMBL4005_Ki,43,molformer,xgboost,crem_lime,0.010398046700150322,0.12069397350273851,0.12540916311256184
CHEMBL4005_Ki,43,molformer,xgboost,crem_mean,0.06375084623341408,0.08091341942740582,0.13466913210451018
CHEMBL4005_Ki,43,morgan,mlp,crem_lime,0.023657781133622664,0.19314652466981833,0.1992422872123226
CHEMBL4005_Ki,43,morgan,mlp,crem_mean,0.01014276474878303,0.10917656570919877,0.10836728175463681
CHEMBL4005_Ki,43,morgan,xgboost,crem_lime,0.09706502837741246,0.07389444604359424,0.0809115569997837
CHEMBL4005_Ki,43,morgan,xgboost,crem_mean,0.04436094192508513,0.10430197946748991,0.08504293636964536
CHEMBL4005_Ki,43,unimol,mlp,crem_lime,0.09296131056264344,0.11170216751188022,0.13668523342648092
CHEMBL4005_Ki,43,unimol,mlp,crem_mean,0.0442055305102658,0.015412055981497601,0.059614821740362915
CHEMBL4005_Ki,43,unimol,xgboost,crem_lime,0.012933630131063762,0.024793351181891132,0.012856807748240126
CHEMBL4005_Ki,43,unimol,xgboost,crem_mean,0.009833759227668005,0.01938141825651697,0.027713618239051236
CHEMBL4005_Ki,46,molformer,mlp,crem_lime,0.4497895356453891,0.5436909808363863,0.9696615422522122
CHEMBL4005_Ki,46,molformer,mlp,crem_mean,0.09497716322945081,0.29025872350162685,0.22104174977321117
CHEMBL4005_Ki,46,molformer,xgboost,crem_lime,0.07147605526924768,0.4588373458904141,0.4878346097774608
CHEMBL4005_Ki,46,molformer,xgboost,crem_mean,0.34389114904134793,0.25955486290617386,0.6029879937339799
CHEMBL4005_Ki,46,morgan,mlp,crem_lime,0.11595487928067001,0.15018746467519065,0.17018409425068365
CHEMBL4005_Ki,46,morgan,mlp,crem_mean,0.16131145959400098,0.24801723500661987,0.3773339199709473
CHEMBL4005_Ki,46,morgan,xgboost,crem_lime,0.07530407096864553,0.345525375721102,0.38776304709308046
CHEMBL4005_Ki,46,morgan,xgboost,crem_mean,0.07882885182239939,0.18569017969641452,0.14355545503553413
CHEMBL4005_Ki,46,unimol,mlp,crem_lime,0.20982814687274295,0.08122271880524452,0.2575648743510625
CHEMBL4005_Ki,46,unimol,mlp,crem_mean,0.16790886862643675,0.07611711216277436,0.24327787671104734
CHEMBL4005_Ki,46,unimol,xgboost,crem_lime,0.1530960908620845,0.3754764027672242,0.22689779567490087
CHEMBL4005_Ki,46,unimol,xgboost,crem_mean,0.19853368703908905,0.2418006397777066,0.290999780763145
CHEMBL4005_Ki,56,molformer,mlp,crem_lime,0.07724411466386695,0.23061550805019465,0.3075868763166323
CHEMBL4005_Ki,56,molformer,mlp,crem_mean,0.12774353818012893,0.05914196667984348,0.1864445507204575
CHEMBL4005_Ki,56,molformer,xgboost,crem_lime,0.4762625109697605,0.4440669390682776,0.7328531713335075
CHEMBL4005_Ki,56,molformer,xgboost,crem_mean,0.32825697149504396,0.07307897849301044,0.25911381341062384
CHEMBL4005_Ki,56,morgan,mlp,crem_lime,0.14396857091079296,0.07046946298734627,0.19446455873119353
CHEMBL4005_Ki,56,morgan,mlp,crem_mean,0.03453226858702847,0.15822737859024785,0.17893514186750237
CHEMBL4005_Ki,56,morgan,xgboost,crem_lime,0.17456939060828938,0.05995057270081402,0.2320070684891387
CHEMBL4005_Ki,56,morgan,xgboost,crem_mean,0.07617645207633149,0.04758788745384496,0.11858357068370971
CHEMBL4005_Ki,56,unimol,mlp,crem_lime,0.24901273370233232,0.1311670613613215,0.3545535240396904
CHEMBL4005_Ki,56,unimol,mlp,crem_mean,0.09916311780012982,0.12415386507114348,0.22261513205486025
CHEMBL4005_Ki,56,unimol,xgboost,crem_lime,0.05515346121917793,0.16719044049130105,0.20355050439521835
CHEMBL4005_Ki,56,unimol,xgboost,crem_mean,0.17090924057509224,0.09408639941287347,0.2008385299992033
CHEMBL4005_Ki,57,molformer,mlp,crem_lime,0.009006376410282936,0.5541088210054335,0.5583513532838855
CHEMBL4005_Ki,57,molformer,mlp,crem_mean,0.005272476553950701,0.1326325192224998,0.13747313633398178
CHEMBL4005_Ki,57,molformer,xgboost,crem_lime,0.032933220582858684,0.3835133568468431,0.37046927847999184
CHEMBL4005_Ki,57,molformer,xgboost,crem_mean,0.028703877872604963,0.11219750732626763,0.09469009074285888
CHEMBL4005_Ki,57,morgan,mlp,crem_lime,0.1494688628522475,0.47753542845612384,0.3354042449437819
CHEMBL4005_Ki,57,morgan,mlp,crem_mean,0.008417802905215524,0.4120521640537615,0.4036462194795749
CHEMBL4005_Ki,57,morgan,xgboost,crem_lime,0.001855060302787372,0.4831899004215314,0.4814177901247716
CHEMBL4005_Ki,57,morgan,xgboost,crem_mean,0.003221554019010864,0.3784970819808885,0.37673761747081685
CHEMBL4005_Ki,57,unimol,mlp,crem_lime,0.13679351305024154,0.022997787112746238,0.14312696669168765
CHEMBL4005_Ki,57,unimol,mlp,crem_mean,0.14904141085485847,0.01718162192601282,0.16573529470557946
CHEMBL4005_Ki,57,unimol,xgboost,crem_lime,0.4482325327700248,0.03469657493634731,0.41356714620163443
CHEMBL4005_Ki,57,unimol,xgboost,crem_mean,0.17808477348397078,0.1467239297807914,0.2845864789086638
CHEMBL4005_Ki,59,molformer,mlp,crem_lime,0.029034781522807526,0.258352863289827,0.24088474100300775
CHEMBL4005_Ki,59,molformer,mlp,crem_mean,0.02720641213905181,0.17565210248154342,0.18729032203985027
CHEMBL4005_Ki,59,molformer,xgboost,crem_lime,0.03217963142202079,0.30556629163520044,0.27427509397477784
CHEMBL4005_Ki,59,molformer,xgboost,crem_mean,0.01911113919377036,0.1712928352609701,0.1800618289806853
CHEMBL4005_Ki,59,morgan,mlp,crem_lime,0.05958660266372778,0.24388241245427628,0.30197780478669056
CHEMBL4005_Ki,59,morgan,mlp,crem_mean,0.005329062825427606,0.19663895752640845,0.19212382608664028
CHEMBL4005_Ki,59,morgan,xgboost,crem_lime,0.028335283405490363,0.1687564127322436,0.14946327009352348
CHEMBL4005_Ki,59,morgan,xgboost,crem_mean,0.010454417646431333,0.11793953013685242,0.11494370135986012
CHEMBL4005_Ki,59,unimol,mlp,crem_lime,0.02752941083019933,0.027709441168531374,0.013246540040576384
CHEMBL4005_Ki,59,unimol,mlp,crem_mean,0.019743090997213462,0.14605432465992577,0.1650682757914489
CHEMBL4005_Ki,59,unimol,xgboost,crem_lime,0.1943712662969583,0.05323183616732009,0.14435139761508545
CHEMBL4005_Ki,59,unimol,xgboost,crem_mean,0.128680896174822,0.13343286363330492,0.05130751991903112
CHEMBL4005_Ki,62,molformer,mlp,crem_lime,0.05049865162254641,0.07898719604717237,0.1204281045916359
CHEMBL4005_Ki,62,molformer,mlp,crem_mean,0.029130539753511122,0.2069190614567162,0.19415451551460017
CHEMBL4005_Ki,62,molformer,xgboost,crem_lime,0.04990312601225372,0.1268583387960927,0.1729875487712736
CHEMBL4005_Ki,62,molformer,xgboost,crem_mean,0.04290486092879752,0.13560094082160334,0.15059823245932222
CHEMBL4005_Ki,62,morgan,mlp,crem_lime,0.0984550053139323,0.1796511120497584,0.1123402328126309
CHEMBL4005_Ki,62,morgan,mlp,crem_mean,0.11016014769364878,0.26229186701524604,0.3182483111721123
CHEMBL4005_Ki,62,morgan,xgboost,crem_lime,0.06245989574868263,0.2781834482136459,0.22084934977746748
CHEMBL4005_Ki,62,morgan,xgboost,crem_mean,0.02929421212827711,0.06862614946683077,0.039334025675986074
CHEMBL4005_Ki,62,unimol,mlp,crem_lime,0.29258637500199475,0.27491293658383154,0.02455498551667547
CHEMBL4005_Ki,62,unimol,mlp,crem_mean,0.15244640580789345,0.14033266131151978,0.036116658017576485
CHEMBL4005_Ki,62,unimol,xgboost,crem_lime,0.31442210336757503,0.1726331610480874,0.46819515248279087
CHEMBL4005_Ki,62,unimol,xgboost,crem_mean,0.022675826501652573,0.13724086013435857,0.14872665586079833
CHEMBL4005_Ki,67,molformer,mlp,crem_lime,0.39778017102822116,0.45183877504394704,0.7678539790939191
CHEMBL4005_Ki,67,molformer,mlp,crem_mean,0.19662161060436045,0.26385797067721023,0.3949018261736993
CHEMBL4005_Ki,67,molformer,xgboost,crem_lime,0.009972467275404741,0.11527731329311434,0.12152751406564015
CHEMBL4005_Ki,67,molformer,xgboost,crem_mean,0.027916447354866102,0.13194455959785226,0.15778983923074813
CHEMBL4005_Ki,67,morgan,mlp,crem_lime,0.050948241457676395,0.565429906450282,0.5913861456388735
CHEMBL4005_Ki,67,morgan,mlp,crem_mean,0.02236376536781953,0.08199429892359435,0.08346666319080011
CHEMBL4005_Ki,67,morgan,xgboost,crem_lime,0.1189584865463675,0.5345079707444449,0.6530377659965193
CHEMBL4005_Ki,67,morgan,xgboost,crem_mean,0.14287117139209166,0.2868276971494728,0.4289440185298011
CHEMBL4005_Ki,67,unimol,mlp,crem_lime,0.007798031216319239,0.04680749552264174,0.04794700346554497
CHEMBL4005_Ki,67,unimol,mlp,crem_mean,0.015823714330042708,0.16797584057582476,0.18375117315959957
CHEMBL4005_Ki,67,unimol,xgboost,crem_lime,0.014237333109865436,0.13717620723704255,0.14277567542983516
CHEMBL4005_Ki,67,unimol,xgboost,crem_mean,0.028113585545040932,0.15770000676011048,0.1344095792924556
CHEMBL4203_Ki,4,molformer,mlp,crem_lime,0.14583765211805702,0.04754144867692303,0.15246611880792052
CHEMBL4203_Ki,4,molformer,mlp,crem_mean,0.04900485020679844,0.07401093936682417,0.11879427863716993
CHEMBL4203_Ki,4,molformer,xgboost,crem_lime,0.16723590013846162,0.4199365706394504,0.5351725307852128
CHEMBL4203_Ki,4,molformer,xgboost,crem_mean,0.06339003761199133,0.10978578346413936,0.17022184002213467
CHEMBL4203_Ki,4,morgan,mlp,crem_lime,0.08390742750748877,0.2705085276289418,0.24878756423889414
CHEMBL4203_Ki,4,morgan,mlp,crem_mean,0.01946830240187077,0.11921508652794319,0.10000924413535126
CHEMBL4203_Ki,4,morgan,xgboost,crem_lime,0.14086165699329217,0.09494937344601376,0.09430145747845943
CHEMBL4203_Ki,4,morgan,xgboost,crem_mean,0.008700567023757452,0.09449135577660728,0.09942853264027433
CHEMBL4203_Ki,4,unimol,mlp,crem_lime,0.09007127057007562,0.12557432738751123,0.2046476725133097
CHEMBL4203_Ki,4,unimol,mlp,crem_mean,0.054302086476275,0.07989568398794483,0.07365484143965584
CHEMBL4203_Ki,4,unimol,xgboost,crem_lime,0.10956140745865589,0.07059072342897352,0.06259880061510427
CHEMBL4203_Ki,4,unimol,xgboost,crem_mean,0.045715813237255244,0.017331795842678653,0.06271052033873831
CHEMBL4203_Ki,5,molformer,mlp,crem_lime,0.007693138343769588,0.06116569527644938,0.06625597871912906
CHEMBL4203_Ki,5,molformer,mlp,crem_mean,0.051306797207955786,0.01854975323808141,0.03313512495948439
CHEMBL4203_Ki,5,molformer,xgboost,crem_lime,0.03153690136894573,0.18800363706196518,0.20262418077687255
CHEMBL4203_Ki,5,molformer,xgboost,crem_mean,0.038190246086979636,0.11049290732568047,0.14528286641643867
CHEMBL4203_Ki,5,morgan,mlp,crem_lime,0.13643847254413344,0.2214104696727837,0.10458145757473043
CHEMBL4203_Ki,5,morgan,mlp,crem_mean,0.002476379831082945,0.1901220251463883,0.18917229803182253
CHEMBL4203_Ki,5,morgan,xgboost,crem_lime,0.009217830598390507,0.15046684574222768,0.15705606397524347
CHEMBL4203_Ki,5,morgan,xgboost,crem_mean,0.0036084391824351644,0.14300361027639577,0.14296946151917653
CHEMBL4203_Ki,5,unimol,mlp,crem_lime,0.05495431040142196,0.13664443417982777,0.10429181341215703
CHEMBL4203_Ki,5,unimol,mlp,crem_mean,0.19138820227299602,0.12860401318726816,0.07361311142175611
CHEMBL4203_Ki,5,unimol,xgboost,crem_lime,0.1754366828771419,0.166650704394078,0.01974957829489731
CHEMBL4203_Ki,5,unimol,xgboost,crem_mean,0.019020198650654435,0.33340564402342426,0.3179991789032681
CHEMBL4203_Ki,7,molformer,mlp,crem_lime,0.089527627709433,0.05658967241831316,0.09084525462490661
CHEMBL4203_Ki,7,molformer,mlp,crem_mean,0.0,0.47897071941933733,0.47897071941933733
CHEMBL4203_Ki,7,molformer,xgboost,crem_lime,0.08306619883628082,0.7515970748156365,0.7952306810892589
CHEMBL4203_Ki,7,molformer,xgboost,crem_mean,0.017220808657147965,0.3867020680950221,0.40377196396065473
CHEMBL4203_Ki,7,morgan,mlp,crem_lime,0.08493261249088054,8.252325904466732e-16,0.0849326124908808
CHEMBL4203_Ki,7,morgan,mlp,crem_mean,0.017220808657147937,8.08745870615863e-16,0.017220808657148323
CHEMBL4203_Ki,7,morgan,xgboost,crem_lime,0.03917733969500937,0.0,0.03917733969500934
CHEMBL4203_Ki,7,morgan,xgboost,crem_mean,0.13432230752575045,0.060272830300016,0.11653029959804811
CHEMBL4203_Ki,7,unimol,mlp,crem_lime,0.5533553201946081,0.3851603499554479,0.9384664129338423
CHEMBL4203_Ki,7,unimol,mlp,crem_mean,0.017220808657147937,0.4826252600446124,0.4776221627710246
CHEMBL4203_Ki,7,unimol,xgboost,crem_lime,0.5675300272119694,0.6938499132231043,0.8628151877312058
CHEMBL4203_Ki,7,unimol,xgboost,crem_mean,0.017220808657147937,0.5718917507985051,0.5594726549462997
CHEMBL4203_Ki,17,molformer,mlp,crem_lime,0.048606478882716804,0.4262361115132746,0.46788318606046964
CHEMBL4203_Ki,17,molformer,mlp,crem_mean,0.0883821595786758,0.03269439532091905,0.10989240094944468
CHEMBL4203_Ki,17,molformer,xgboost,crem_lime,0.02431273301828551,0.4299910815713818,0.4060475405193411
CHEMBL4203_Ki,17,molformer,xgboost,crem_mean,0.12446541686157744,0.35968525317571626,0.4213119246746359
CHEMBL4203_Ki,17,morgan,mlp,crem_lime,0.10084456331684424,0.04602942923884259,0.10623217881876958
CHEMBL4203_Ki,17,morgan,mlp,crem_mean,0.014624351216834804,0.08246671892249387,0.0867749141510802
CHEMBL4203_Ki,17,morgan,xgboost,crem_lime,0.05854204011979443,0.23280803023577187,0.21815927976494726
CHEMBL4203_Ki,17,morgan,xgboost,crem_mean,0.16710555111158382,0.31030696814700975,0.314161807357267
CHEMBL4203_Ki,17,unimol,mlp,crem_lime,0.09523511586167173,0.4331398491046043,0.5251437502784192
CHEMBL4203_Ki,17,unimol,mlp,crem_mean,0.15278769627230637,0.0963429536220135,0.21968948112739642
CHEMBL4203_Ki,17,unimol,xgboost,crem_lime,0.18621715086106377,0.3861856819629114,0.5715405818047808
CHEMBL4203_Ki,17,unimol,xgboost,crem_mean,0.09997153820436074,0.07874706406109033,0.1495497807528172
CHEMBL4203_Ki,21,molformer,mlp,crem_lime,0.006361986437351266,0.4316911597905351,0.4377057478760188
CHEMBL4203_Ki,21,molformer,mlp,crem_mean,0.0,0.06998185081086367,0.06998185081086367
CHEMBL4203_Ki,21,molformer,xgboost,crem_lime,0.012555366738942747,0.008906781012291474,0.02107603671630291
CHEMBL4203_Ki,21,molformer,xgboost,crem_mean,0.0,0.0599844435521688,0.0599844435521688
CHEMBL4203_Ki,21,morgan,mlp,crem_lime,1.5700924586837752e-16,1.9229626863835638e-16,3.3306690738754696e-16
CHEMBL4203_Ki,21,morgan,mlp,crem_mean,0.0,0.0599844435521688,0.0599844435521688
CHEMBL4203_Ki,21,morgan,xgboost,crem_lime,1.7554167342883506e-16,0.48085435804947585,0.4808543580494758
CHEMBL4203_Ki,21,morgan,xgboost,crem_mean,0.0,0.11266505798524161,0.11266505798524161
CHEMBL4203_Ki,21,unimol,mlp,crem_lime,0.17250071797275215,0.4735135619799998,0.6460142799527518
CHEMBL4203_Ki,21,unimol,mlp,crem_mean,0.0599844435521688,0.11266505798524161,0.12996629436303248
CHEMBL4203_Ki,21,unimol,xgboost,crem_lime,0.17250071797275213,0.19590787817294136,0.36579619007654196
CHEMBL4203_Ki,21,unimol,xgboost,crem_mean,0.11266505798524161,0.07526120628014575,0.1708494817765379
CHEMBL4203_Ki,24,molformer,mlp,crem_lime,0.14332595979325405,0.16280636805848667,0.2698937339400586
CHEMBL4203_Ki,24,molformer,mlp,crem_mean,0.012065717684478991,0.10786247293704682,0.119839689831651
CHEMBL4203_Ki,24,molformer,xgboost,crem_lime,0.06414063518109814,0.09829795849219809,0.055423013505903285
CHEMBL4203_Ki,24,molformer,xgboost,crem_mean,0.05300884897288594,0.15250138589898635,0.1030647367947682
CHEMBL4203_Ki,24,morgan,mlp,crem_lime,0.012551904844660434,0.11655387403768382,0.10408305152845276
CHEMBL4203_Ki,24,morgan,mlp,crem_mean,0.015124042101076901,0.0696973754374996,0.07215409867843947
CHEMBL4203_Ki,24,morgan,xgboost,crem_lime,0.02649490323015131,0.15705829887045902,0.1808102037430807
CHEMBL4203_Ki,24,morgan,xgboost,crem_mean,0.06103801492799277,0.02457340839434074,0.0741776621289277
CHEMBL4203_Ki,24,unimol,mlp,crem_lime,0.02255014548720473,0.037724902110891155,0.05860750155571179
CHEMBL4203_Ki,24,unimol,mlp,crem_mean,0.009169451706662373,0.01955846128758716,0.02777555643028233
CHEMBL4203_Ki,24,unimol,xgboost,crem_lime,0.05064875861410556,0.06233509798478923,0.09511243462222074
CHEMBL4203_Ki,24,unimol,xgboost,crem_mean,0.016651046233219734,0.024032814273486993,0.027367503225103857
CHEMBL4616_EC50,2,molformer,mlp,crem_lime,0.007550468962875968,0.26048437546776676,0.2658099491123038
CHEMBL4616_EC50,2,molformer,mlp,crem_mean,0.03152006603595241,0.0696013708591961,0.08612342008921693
CHEMBL4616_EC50,2,molformer,xgboost,crem_lime,0.037770722094908726,0.420232969941787,0.3869813437527118
CHEMBL4616_EC50,2,molformer,xgboost,crem_mean,0.0977588596529624,0.09862836670001426,0.114686750185546
CHEMBL4616_EC50,2,morgan,mlp,crem_lime,0.0289292930958344,0.26035482317210545,0.251499747197372
CHEMBL4616_EC50,2,morgan,mlp,crem_mean,0.009675269279661312,0.1722010986701121,0.16827086823253937
CHEMBL4616_EC50,2,morgan,xgboost,crem_lime,0.1731284036406994,0.2526648683048875,0.2777614467417229
CHEMBL4616_EC50,2,morgan,xgboost,crem_mean,0.16586348388284802,0.1631177145094588,0.048211607691768306
CHEMBL4616_EC50,2,unimol,mlp,crem_lime,0.051640029328422925,0.20847317826245945,0.1617838140846621
CHEMBL4616_EC50,2,unimol,mlp,crem_mean,0.05216703305419134,0.20347340951972728,0.1558543173078541
CHEMBL4616_EC50,2,unimol,xgboost,crem_lime,0.03981005471643389,0.02005881697732927,0.058273131504716094
CHEMBL4616_EC50,2,unimol,xgboost,crem_mean,0.11106240315990427,0.04188982643513128,0.09834366705256845
CHEMBL4616_EC50,7,molformer,mlp,crem_lime,0.030859805576802745,0.06629728862380596,0.0937703018495789
CHEMBL4616_EC50,7,molformer,mlp,crem_mean,0.02494624267252339,0.019342554354280308,0.009359664045768362
CHEMBL4616_EC50,7,molformer,xgboost,crem_lime,0.03024184603010601,0.07028683634112057,0.09201377319914339
CHEMBL4616_EC50,7,molformer,xgboost,crem_mean,0.0429407676080518,0.08359975581050456,0.08915008932249135
CHEMBL4616_EC50,7,morgan,mlp,crem_lime,0.0479838146142878,0.15170030460972667,0.1367492249139962
CHEMBL4616_EC50,7,morgan,mlp,crem_mean,0.09916018881622271,0.18782063431289572,0.2417321704746848
CHEMBL4616_EC50,7,morgan,xgboost,crem_lime,0.09046771819914312,0.32368512258548565,0.3928731381730032
CHEMBL4616_EC50,7,morgan,xgboost,crem_mean,0.102880933673546,0.11786248364645104,0.2194679133382356
CHEMBL4616_EC50,7,unimol,mlp,crem_lime,0.04765350626103531,0.2809410908242959,0.2334175507669844
CHEMBL4616_EC50,7,unimol,mlp,crem_mean,0.05053754205810879,0.25601550586311134,0.20558608730965547
CHEMBL4616_EC50,7,unimol,xgboost,crem_lime,0.0802024608062712,0.19284610832389948,0.11558550638467098
CHEMBL4616_EC50,7,unimol,xgboost,crem_mean,0.16436091111341808,0.15848728981114724,0.32220570453813846
CHEMBL4616_EC50,13,molformer,mlp,crem_lime,0.14288419468048255,0.5683125275902662,0.43482214939867114
CHEMBL4616_EC50,13,molformer,mlp,crem_mean,0.07249150823315426,0.316033062961827,0.24481443656368276
CHEMBL4616_EC50,13,molformer,xgboost,crem_lime,0.021480821576548927,0.25031060954273787,0.27154215728224707
CHEMBL4616_EC50,13,molformer,xgboost,crem_mean,0.009741896952982696,0.06594522081468583,0.07334878823053098
CHEMBL4616_EC50,13,morgan,mlp,crem_lime,0.09210173991098611,0.5032450220437583,0.5819088936229888
CHEMBL4616_EC50,13,morgan,mlp,crem_mean,0.012589539000502154,0.2126845269178263,0.20580342896812695
CHEMBL4616_EC50,13,morgan,xgboost,crem_lime,0.08998558558572765,0.20887745974672103,0.12524724988048344
CHEMBL4616_EC50,13,morgan,xgboost,crem_mean,0.06832872636896624,0.13847423491895272,0.19545745291023714
CHEMBL4616_EC50,13,unimol,mlp,crem_lime,0.1672476477013203,0.07226872087225578,0.20142559121689957
CHEMBL4616_EC50,13,unimol,mlp,crem_mean,0.03759976534509137,0.14448206265672608,0.18164058350844184
CHEMBL4616_EC50,13,unimol,xgboost,crem_lime,0.14399484630535012,0.2776751815898663,0.33412374358273844
CHEMBL4616_EC50,13,unimol,xgboost,crem_mean,0.11596895453599183,0.08776156095113359,0.18871434062239495
CHEMBL4616_EC50,14,molformer,mlp,crem_lime,0.07414266289367372,0.07969093189630141,0.147531096581616
CHEMBL4616_EC50,14,molformer,mlp,crem_mean,0.008227095919590663,0.08974359179636923,0.08354311391942036
CHEMBL4616_EC50,14,molformer,xgboost,crem_lime,0.027631218675767618,0.13420131482845102,0.12818391089456926
CHEMBL4616_EC50,14,molformer,xgboost,crem_mean,0.09279394369464788,0.18753902242735723,0.24562462918278474
CHEMBL4616_EC50,14,morgan,mlp,crem_lime,0.02951208179098095,0.08285557363406969,0.05654912977183865
CHEMBL4616_EC50,14,morgan,mlp,crem_mean,0.02150350242441096,0.05199562099221818,0.07223388984672213
CHEMBL4616_EC50,14,morgan,xgboost,crem_lime,0.011963808762648272,0.21077773032425923,0.21841869443688228
CHEMBL4616_EC50,14,morgan,xgboost,crem_mean,0.04122303599379467,0.25903973923256923,0.21934526537742902
CHEMBL4616_EC50,14,unimol,mlp,crem_lime,0.03913080357962372,0.19626137174656752,0.2242454803567443
CHEMBL4616_EC50,14,unimol,mlp,crem_mean,0.0435273611532399,0.1322488488054024,0.09626163195355274
CHEMBL4616_EC50,14,unimol,xgboost,crem_lime,0.04845483981016027,0.2861454453953214,0.2446761174419986
CHEMBL4616_EC50,14,unimol,xgboost,crem_mean,0.17739768174421797,0.014999916670876672,0.17864650974110585
CHEMBL4616_EC50,23,molformer,mlp,crem_lime,0.08333110169532885,0.2032902233219441,0.12754689651458048
CHEMBL4616_EC50,23,molformer,mlp,crem_mean,0.02260691198228198,0.06234884249808005,0.04216506873742891
CHEMBL4616_EC50,23,molformer,xgboost,crem_lime,0.012082375349902632,0.12187584533967201,0.13392200514557204
CHEMBL4616_EC50,23,molformer,xgboost,crem_mean,0.050634371060787976,0.13397544752830662,0.08387043334953932
CHEMBL4616_EC50,23,morgan,mlp,crem_lime,0.08342918380519852,0.0805006850719055,0.15991148653927642
CHEMBL4616_EC50,23,morgan,mlp,crem_mean,0.061762467550248,0.1538758408276097,0.2125080385026024
CHEMBL4616_EC50,23,morgan,xgboost,crem_lime,0.016939586835740948,0.2837488348727242,0.28406766568553565
CHEMBL4616_EC50,23,morgan,xgboost,crem_mean,0.08311551671757,0.17611346935345684,0.1800116808765404
CHEMBL4616_EC50,23,unimol,mlp,crem_lime,0.19015568028947408,0.14273716986376705,0.31899163613747417
CHEMBL4616_EC50,23,unimol,mlp,crem_mean,0.025753494095405303,0.24880971127015142,0.24571584871361088
CHEMBL4616_EC50,23,unimol,xgboost,crem_lime,0.1400617324001328,0.05217103594721276,0.1504407974663265
CHEMBL4616_EC50,23,unimol,xgboost,crem_mean,0.10690334320325871,0.2373763031362475,0.2136981510713495
CHEMBL4616_EC50,31,molformer,mlp,crem_lime,0.0,0.0,0.0
CHEMBL4616_EC50,31,molformer,mlp,crem_mean,0.0,0.0,0.0
CHEMBL4616_EC50,31,molformer,xgboost,crem_lime,0.0,0.0,0.0
CHEMBL4616_EC50,31,molformer,xgboost,crem_mean,0.0,0.0,0.0
CHEMBL4616_EC50,31,morgan,mlp,crem_lime,0.0,0.0,0.0
CHEMBL4616_EC50,31,morgan,mlp,crem_mean,0.0,0.0,0.0
CHEMBL4616_EC50,31,morgan,xgboost,crem_lime,0.0,0.0,0.0
CHEMBL4616_EC50,31,morgan,xgboost,crem_mean,0.0,0.0,0.0
CHEMBL4616_EC50,31,unimol,mlp,crem_lime,0.0,0.0,0.0
CHEMBL4616_EC50,31,unimol,mlp,crem_mean,0.0,0.0,0.0
CHEMBL4616_EC50,31,unimol,xgboost,crem_lime,0.0,0.0,0.0
CHEMBL4616_EC50,31,unimol,xgboost,crem_mean,0.0,0.0,0.0
CHEMBL4616_EC50,34,molformer,mlp,crem_lime,0.031122945293519468,0.035288861334734654,0.005940970240838295
CHEMBL4616_EC50,34,molformer,mlp,crem_mean,0.0,0.0,0.0
CHEMBL4616_EC50,34,molformer,xgboost,crem_lime,0.03060645720571375,0.20746615681133515,0.23390278429733458
CHEMBL4616_EC50,34,molformer,xgboost,crem_mean,0.0,0.0,0.0
CHEMBL4616_EC50,34,morgan,mlp,crem_lime,0.051144107189030015,0.019293614625053,0.035914493978574366
CHEMBL4616_EC50,34,morgan,mlp,crem_mean,0.0,0.0,0.0
CHEMBL4616_EC50,34,morgan,xgboost,crem_lime,0.010903109443665219,0.07121843497353408,0.07707167155380164
CHEMBL4616_EC50,34,morgan,xgboost,crem_mean,0.0,0.0,0.0
CHEMBL4616_EC50,34,unimol,mlp,crem_lime,0.020392800614517502,0.23492112128229614,0.2227048285656499
CHEMBL4616_EC50,34,unimol,mlp,crem_mean,0.0,0.0,0.0
CHEMBL4616_EC50,34,unimol,xgboost,crem_lime,0.1706948943316155,0.15857412608520893,0.06726364201354271
CHEMBL4616_EC50,34,unimol,xgboost,crem_mean,0.0,0.0,0.0
CHEMBL4616_EC50,35,molformer,mlp,crem_lime,0.08914233334931738,0.21952802450013711,0.3044886322223942
CHEMBL4616_EC50,35,molformer,mlp,crem_mean,0.005580125867740142,0.08126585056004067,0.07790473939189026
CHEMBL4616_EC50,35,molformer,xgboost,crem_lime,0.0628686432940315,0.1262196466163714,0.11783678183640506
CHEMBL4616_EC50,35,molformer,xgboost,crem_mean,0.015246623243399671,0.11451351346310422,0.11411505089869094
CHEMBL4616_EC50,35,morgan,mlp,crem_lime,0.025536041630798315,0.13365195946857528,0.12420928746307237
CHEMBL4616_EC50,35,morgan,mlp,crem_mean,0.02814862300696779,0.07197063002220525,0.055025597175558556
CHEMBL4616_EC50,35,morgan,xgboost,crem_lime,0.1708188248492017,0.3282924655474461,0.2667039357777627
CHEMBL4616_EC50,35,morgan,xgboost,crem_mean,0.023923851441001436,0.2590652712018519,0.24213884978360384
CHEMBL4616_EC50,35,unimol,mlp,crem_lime,0.03130668384945299,0.19898083103694975,0.20771943113913233
CHEMBL4616_EC50,35,unimol,mlp,crem_mean,0.09171857596011658,0.026617508115911275,0.11684216923535815
CHEMBL4616_EC50,35,unimol,xgboost,crem_lime,0.06702046512875437,0.1473684694288201,0.09840049900255932
CHEMBL4616_EC50,35,unimol,xgboost,crem_mean,0.03316141312385654,0.1564529792892053,0.18838137267270233
CHEMBL4616_EC50,37,molformer,mlp,crem_lime,0.03551073730316697,0.01107367799422932,0.04647177883028938
CHEMBL4616_EC50,37,molformer,mlp,crem_mean,0.06184146726013648,0.09556659036409333,0.15717250308172032
CHEMBL4616_EC50,37,molformer,xgboost,crem_lime,0.03777670565685502,0.0416042598197399,0.004838071076119058
CHEMBL4616_EC50,37,molformer,xgboost,crem_mean,0.039364688908664486,0.05393680087597285,0.0776329969802986
CHEMBL4616_EC50,37,morgan,mlp,crem_lime,0.09273885061770047,0.18953688357337842,0.2739182705392065
CHEMBL4616_EC50,37,morgan,mlp,crem_mean,0.09306376163677628,0.14523079876600667,0.17917053871743951
CHEMBL4616_EC50,37,morgan,xgboost,crem_lime,0.05100529208019005,0.16739700061906249,0.21076425945658492
CHEMBL4616_EC50,37,morgan,xgboost,crem_mean,0.08759276815932718,0.11868315458765587,0.1858266917684047
CHEMBL4616_EC50,37,unimol,mlp,crem_lime,0.20267729429867395,0.12342229512016324,0.29415282156741934
CHEMBL4616_EC50,37,unimol,mlp,crem_mean,0.05591431786582595,0.021259659946330663,0.0571061959094097
CHEMBL4616_EC50,37,unimol,xgboost,crem_lime,0.11128158955172604,0.039214834316144094,0.09716676247546185
CHEMBL4616_EC50,37,unimol,xgboost,crem_mean,0.03658661589717669,0.055997413319238055,0.09180702891276835
CHEMBL4792_Ki,3,molformer,mlp,crem_lime,0.05413338136666441,0.0706276282225534,0.06985325016306752
CHEMBL4792_Ki,3,molformer,mlp,crem_mean,0.024470766276035335,0.02000187637939897,0.0343536575893195
CHEMBL4792_Ki,3,molformer,xgboost,crem_lime,0.03190734055883306,0.1043596336439437,0.13043606850785747
CHEMBL4792_Ki,3,molformer,xgboost,crem_mean,0.0904079076516447,0.2056158429566084,0.14600458173403869
CHEMBL4792_Ki,3,morgan,mlp,crem_lime,0.05354785932356967,0.01968835812125254,0.06937633132933937
CHEMBL4792_Ki,3,morgan,mlp,crem_mean,0.06693896079909212,0.025970693439942457,0.06763430418513455
CHEMBL4792_Ki,3,morgan,xgboost,crem_lime,0.024402993932380324,0.05942265502504987,0.05140733311161686
CHEMBL4792_Ki,3,morgan,xgboost,crem_mean,0.02736805528151948,0.118457555516246,0.09140721397444208
CHEMBL4792_Ki,3,unimol,mlp,crem_lime,0.12811512866287378,0.07533960895279623,0.07084914040359809
CHEMBL4792_Ki,3,unimol,mlp,crem_mean,0.08235482971016196,0.01787703993444755,0.06449935713579567
CHEMBL4792_Ki,3,unimol,xgboost,crem_lime,0.1556281476970097,0.09710694143844333,0.15102406650970537
CHEMBL4792_Ki,3,unimol,xgboost,crem_mean,0.10367703956679006,0.03728438082069963,0.1355052886191616
CHEMBL4792_Ki,4,molformer,mlp,crem_lime,0.03361061428198491,0.04900247346225349,0.0726157885647801
CHEMBL4792_Ki,4,molformer,mlp,crem_mean,0.02288392879828926,0.03880297126253424,0.055885907172479383
CHEMBL4792_Ki,4,molformer,xgboost,crem_lime,0.03957408595212427,0.44923386598043163,0.4865550923799846
CHEMBL4792_Ki,4,molformer,xgboost,crem_mean,0.021517442464518935,0.03347620511074648,0.04849565779853857
CHEMBL4792_Ki,4,morgan,mlp,crem_lime,0.036211125736567186,0.09654561039880151,0.1016319459290054
CHEMBL4792_Ki,4,morgan,mlp,crem_mean,0.0007355548542307119,0.05045421304631193,0.05051879433720442
CHEMBL4792_Ki,4,morgan,xgboost,crem_lime,0.0,0.08966222759443303,0.08966222759443301
CHEMBL4792_Ki,4,morgan,xgboost,crem_mean,0.018450318220756,0.07321039830561424,0.07381979856153936
CHEMBL4792_Ki,4,unimol,mlp,crem_lime,0.03583443660982339,0.025581238298259076,0.06127622266968288
CHEMBL4792_Ki,4,unimol,mlp,crem_mean,0.0578103661581534,0.04016326943858844,0.07973097484923114
CHEMBL4792_Ki,4,unimol,xgboost,crem_lime,0.029256118259447128,0.023858476279006165,0.017574573612802007
CHEMBL4792_Ki,4,unimol,xgboost,crem_mean,0.046240174115226323,0.03708251548674523,0.015136854893913941
CHEMBL4792_Ki,6,molformer,mlp,crem_lime,0.07253435161187831,0.12834596606262175,0.16849685947446585
CHEMBL4792_Ki,6,molformer,mlp,crem_mean,0.004340979467591167,0.060539927426865904,0.05923536748570717
CHEMBL4792_Ki,6,molformer,xgboost,crem_lime,0.02225216560080122,0.05936630248520854,0.062346544888647576
CHEMBL4792_Ki,6,molformer,xgboost,crem_mean,0.03646955952482722,0.0074664304669363685,0.036359414159879096
CHEMBL4792_Ki,6,morgan,mlp,crem_lime,0.007650839991671436,0.186638048820226,0.18019859436009175
CHEMBL4792_Ki,6,morgan,mlp,crem_mean,5.173389508866381e-05,0.037438605697362896,0.03742979033183452
CHEMBL4792_Ki,6,morgan,xgboost,crem_lime,0.05561064874799009,0.055168102113858065,0.10610101245912723
CHEMBL4792_Ki,6,morgan,xgboost,crem_mean,5.173389508866381e-05,0.00919798222973668,0.009172224705421918
CHEMBL4792_Ki,6,unimol,mlp,crem_lime,0.12398825415656418,0.3922938019634011,0.5061543011510136
CHEMBL4792_Ki,6,unimol,mlp,crem_mean,0.008652257351537365,0.012397700094550438,0.0037802764811652205
CHEMBL4792_Ki,6,unimol,xgboost,crem_lime,0.11350984763703473,0.39637951470721006,0.46609570624767
CHEMBL4792_Ki,6,unimol,xgboost,crem_mean,0.03829037505739206,0.00783622366284056,0.030683713762691685
CHEMBL4792_Ki,8,molformer,mlp,crem_lime,0.014397734745032219,0.08504674764473877,0.08049640093769253
CHEMBL4792_Ki,8,molformer,mlp,crem_mean,0.0008709413131048919,0.001977935748384874,0.001186492418380645
CHEMBL4792_Ki,8,molformer,xgboost,crem_lime,0.03242047534742077,0.18750575620406992,0.21287265806645692
CHEMBL4792_Ki,8,molformer,xgboost,crem_mean,0.07770330456648586,0.04818042132539848,0.09938686945967072
CHEMBL4792_Ki,8,morgan,mlp,crem_lime,0.3990680106077934,0.020342469791677163,0.41345983937859204
CHEMBL4792_Ki,8,morgan,mlp,crem_mean,0.17121709016551898,0.15545032461548103,0.1722352873306012
CHEMBL4792_Ki,8,morgan,xgboost,crem_lime,0.0008440670263141174,0.5221759540475526,0.5214408495891549
CHEMBL4792_Ki,8,morgan,xgboost,crem_mean,0.002606724302231808,0.1736448782477528,0.1759251433384829
CHEMBL4792_Ki,8,unimol,mlp,crem_lime,0.0049279522413459235,0.5448552934936743,0.5401923135233824
CHEMBL4792_Ki,8,unimol,mlp,crem_mean,0.04229607407942322,0.20528986922757145,0.1664204903368807
CHEMBL4792_Ki,8,unimol,xgboost,crem_lime,0.42735409725216017,0.12129165078251247,0.3073208587108713
CHEMBL4792_Ki,8,unimol,xgboost,crem_mean,0.04565098200978193,0.07297182583893655,0.11862279413791983
CHEMBL4792_Ki,13,molformer,mlp,crem_lime,0.09534428285765593,0.40419403457453174,0.4559145224953845
CHEMBL4792_Ki,13,molformer,mlp,crem_mean,0.058560369043002616,0.08894572050747841,0.141918887020563
CHEMBL4792_Ki,13,molformer,xgboost,crem_lime,0.1852386699938613,0.06246785118405915,0.21541924408970337
CHEMBL4792_Ki,13,molformer,xgboost,crem_mean,0.007281853994734231,0.008266420780588311,0.01476998872603042
CHEMBL4792_Ki,13,morgan,mlp,crem_lime,0.008440786103082238,0.47142291659948765,0.47188588119108554
CHEMBL4792_Ki,13,morgan,mlp,crem_mean,0.00687354497868551,0.2651978051460015,0.25842944084569675
CHEMBL4792_Ki,13,morgan,xgboost,crem_lime,0.012844275685711492,0.17933975088103005,0.17884860769515518
CHEMBL4792_Ki,13,morgan,xgboost,crem_mean,0.0026608068713524402,0.13010004489926524,0.13209549267350726
CHEMBL4792_Ki,13,unimol,mlp,crem_lime,0.19375218548583914,0.2677855851578392,0.34635524577767424
CHEMBL4792_Ki,13,unimol,mlp,crem_mean,0.06810707105073328,0.05314551593571372,0.10359350670790769
CHEMBL4792_Ki,13,unimol,xgboost,crem_lime,0.08424548209699005,0.16773477312408996,0.09192566834622314
CHEMBL4792_Ki,13,unimol,xgboost,crem_mean,0.09402501867445369,0.09515638613089604,0.009768127172719639
CHEMBL4792_Ki,19,molformer,mlp,crem_lime,0.027821810916334094,0.012904170800065212,0.032119103160465255
CHEMBL4792_Ki,19,molformer,mlp,crem_mean,0.05910296166606466,0.1192319118527872,0.16627503424884044
CHEMBL4792_Ki,19,molformer,xgboost,crem_lime,0.039405433045069944,0.1393266815757901,0.14506817988978613
CHEMBL4792_Ki,19,molformer,xgboost,crem_mean,0.043273247729493536,0.20800932732611455,0.20787057518176036
CHEMBL4792_Ki,19,morgan,mlp,crem_lime,0.07355198659426754,0.09594582990445757,0.11502476206812871
CHEMBL4792_Ki,19,morgan,mlp,crem_mean,0.055804875686112636,0.1438101728784523,0.15797690398653816
CHEMBL4792_Ki,19,morgan,xgboost,crem_lime,0.036581710881482675,0.4014307172883981,0.38898730066749854
CHEMBL4792_Ki,19,morgan,xgboost,crem_mean,0.014764636602250152,0.25320056122373535,0.25773717736749446
CHEMBL4792_Ki,19,unimol,mlp,crem_lime,0.07308713159410095,0.2350097022275931,0.27918978141891776
CHEMBL4792_Ki,19,unimol,mlp,crem_mean,0.07096400491376449,0.2788093117551754,0.2712292107104545
CHEMBL4792_Ki,19,unimol,xgboost,crem_lime,0.1876388739790106,0.27957626204654445,0.45218203799747814
CHEMBL4792_Ki,19,unimol,xgboost,crem_mean,0.06761426837089547,0.2582228543546266,0.3230086061089373
CHEMBL4792_Ki,20,molformer,mlp,crem_lime,0.06738566012231065,0.21033287742406412,0.1511588889210983
CHEMBL4792_Ki,20,molformer,mlp,crem_mean,0.00010978934084700168,0.0017918074946879268,0.0019009605244926229
CHEMBL4792_Ki,20,molformer,xgboost,crem_lime,0.02902837900472635,0.30087591373612244,0.3298167291690057
CHEMBL4792_Ki,20,molformer,xgboost,crem_mean,0.0003168464928970394,0.034957316366034025,0.03517648810480359
CHEMBL4792_Ki,20,morgan,mlp,crem_lime,0.05927445841721714,0.30632226938609075,0.35526934482229905
CHEMBL4792_Ki,20,morgan,mlp,crem_mean,0.0006390539852152598,0.00892200282645785,0.009199451263617675
CHEMBL4792_Ki,20,morgan,xgboost,crem_lime,0.021369934700774102,0.5109962001057902,0.519083716473397
CHEMBL4792_Ki,20,morgan,xgboost,crem_mean,0.0001335358224425734,0.07216878364870323,0.0722934514408608
CHEMBL4792_Ki,20,unimol,mlp,crem_lime,0.020670987473843896,0.24783939905243138,0.2329932477975337
CHEMBL4792_Ki,20,unimol,mlp,crem_mean,0.0008421498364180754,0.0019811294850290433,0.001489024497626636
CHEMBL4792_Ki,20,unimol,xgboost,crem_lime,0.11742958741584995,0.3009454366443759,0.19956210395103646
CHEMBL4792_Ki,20,unimol,xgboost,crem_mean,0.00161993238450076,0.001646032010736632,0.0031183739267383933
CHEMBL4792_Ki,21,molformer,mlp,crem_lime,0.032932551006631755,0.06071734969288654,0.09338860098210007
CHEMBL4792_Ki,21,molformer,mlp,crem_mean,0.02798194798133579,0.16559794073661419,0.16316310600428496
CHEMBL4792_Ki,21,molformer,xgboost,crem_lime,0.033129890441146954,0.24522949824481577,0.2211778698146218
CHEMBL4792_Ki,21,molformer,xgboost,crem_mean,0.03480959837025689,0.29090178723104604,0.2560933365045393
CHEMBL4792_Ki,21,morgan,mlp,crem_lime,0.0839033211520602,0.3132677211400118,0.3696230948792374
CHEMBL4792_Ki,21,morgan,mlp,crem_mean,0.047538406470655756,0.3637467360868126,0.40857778364272973
CHEMBL4792_Ki,21,morgan,xgboost,crem_lime,0.09537310864955612,0.11566603263828602,0.14967526758470945
CHEMBL4792_Ki,21,morgan,xgboost,crem_mean,0.038781342206124225,0.09331044913319798,0.08589173999124096
CHEMBL4792_Ki,21,unimol,mlp,crem_lime,0.08809768099659022,0.15192661085302156,0.23885323341851114
CHEMBL4792_Ki,21,unimol,mlp,crem_mean,0.01524097995588834,0.0837581361009272,0.09118698878428362
CHEMBL4792_Ki,21,unimol,xgboost,crem_lime,0.06896424162747447,0.15657613027921516,0.13394186961081442
CHEMBL4792_Ki,21,unimol,xgboost,crem_mean,0.082777078710236,0.15707080791395367,0.09981286028985731
CHEMBL4792_Ki,31,molformer,mlp,crem_lime,0.26571414765571205,0.46126106077617085,0.3464480398736844
CHEMBL4792_Ki,31,molformer,mlp,crem_mean,0.13742066121391733,0.2841914886670456,0.15055428436937462
CHEMBL4792_Ki,31,molformer,xgboost,crem_lime,0.08651118727206027,0.19731066870353026,0.23658102025047553
CHEMBL4792_Ki,31,molformer,xgboost,crem_mean,0.04766862371291332,0.4570033798226428,0.47324452598007627
CHEMBL4792_Ki,31,morgan,mlp,crem_lime,0.34989123435261815,0.18487622458011638,0.4376983838122983
CHEMBL4792_Ki,31,morgan,mlp,crem_mean,0.041497653460008485,0.2450983353374844,0.2092686916167688
CHEMBL4792_Ki,31,morgan,xgboost,crem_lime,0.06056140432877615,0.27453682279304253,0.32162748270483166
CHEMBL4792_Ki,31,morgan,xgboost,crem_mean,0.02696936656220186,0.1440637715457303,0.12654033504645665
CHEMBL4792_Ki,31,unimol,mlp,crem_lime,0.026396507320594103,0.0984525578972235,0.09554329275793548
CHEMBL4792_Ki,31,unimol,mlp,crem_mean,0.16749785034137515,0.1495381306135781,0.29597352622196615
CHEMBL4792_Ki,31,unimol,xgboost,crem_lime,0.06822896454252136,0.11231723314316717,0.11328589913108866
CHEMBL4792_Ki,31,unimol,xgboost,crem_mean,0.05758527854138368,0.2003401151613626,0.14425781700489423
CHEMBL4792_Ki,32,molformer,mlp,crem_lime,0.1360892480712312,0.3780635185089082,0.4355841641619232
CHEMBL4792_Ki,32,molformer,mlp,crem_mean,0.02285223508912316,0.13326019967453856,0.12420048993674428
CHEMBL4792_Ki,32,molformer,xgboost,crem_lime,0.03400363057497126,0.35857351331685877,0.3430849731309362
CHEMBL4792_Ki,32,molformer,xgboost,crem_mean,0.07337463212140777,0.34693067956659546,0.3544975043461057
CHEMBL4792_Ki,32,morgan,mlp,crem_lime,0.12443895347680844,0.3735558535257749,0.38610338297202323
CHEMBL4792_Ki,32,morgan,mlp,crem_mean,0.04501154182423964,0.10519276210123352,0.06450146455572207
CHEMBL4792_Ki,32,morgan,xgboost,crem_lime,0.09998797932986699,0.2543389167429464,0.3250333128477212
CHEMBL4792_Ki,32,morgan,xgboost,crem_mean,0.037794125778472694,0.07667735449329152,0.06498698178839867
CHEMBL4792_Ki,32,unimol,mlp,crem_lime,0.15447191138785935,0.21312597262299235,0.19641955461103972
CHEMBL4792_Ki,32,unimol,mlp,crem_mean,0.11842386049857463,0.15259807303741244,0.21871182505660125
CHEMBL4792_Ki,32,unimol,xgboost,crem_lime,0.08088703843177306,0.40480649089087095,0.3302134169402195
CHEMBL4792_Ki,32,unimol,xgboost,crem_mean,0.23176242903790947,0.07928210872758214,0.15263688372763123
CHEMBL4792_Ki,37,molformer,mlp,crem_lime,0.03280433577003575,0.08262084418231311,0.11530124450154663
CHEMBL4792_Ki,37,molformer,mlp,crem_mean,0.07829188027702906,0.06680801823561063,0.054009252864790656
CHEMBL4792_Ki,37,molformer,xgboost,crem_lime,0.027007486992046033,0.11732599338294285,0.13867730466282865
CHEMBL4792_Ki,37,molformer,xgboost,crem_mean,0.1311600840266626,0.02348342662453042,0.14022048322315506
CHEMBL4792_Ki,37,morgan,mlp,crem_lime,0.050285733333550506,0.2133914885572112,0.26314683764061647
CHEMBL4792_Ki,37,morgan,mlp,crem_mean,0.0031145768767472833,0.15838918046369513,0.15795802429652858
CHEMBL4792_Ki,37,morgan,xgboost,crem_lime,0.017385417256992032,0.24930379853283433,0.23724395640390908
CHEMBL4792_Ki,37,morgan,xgboost,crem_mean,0.026744352972371148,0.14446376671023106,0.12835830291036332
CHEMBL4792_Ki,37,unimol,mlp,crem_lime,0.05320387090594972,0.3766406385834841,0.3950145525521133
CHEMBL4792_Ki,37,unimol,mlp,crem_mean,0.016453162929532538,0.21128997135372599,0.22750946705885883
CHEMBL4792_Ki,37,unimol,xgboost,crem_lime,0.22876868575830883,0.38265694875821715,0.5581424641455747
CHEMBL4792_Ki,37,unimol,xgboost,crem_mean,0.1271145253310249,0.1083334054113035,0.20404885487031993
CHEMBL4792_Ki,39,molformer,mlp,crem_lime,0.15097386260366086,0.1136121279848045,0.0855104319455451
CHEMBL4792_Ki,39,molformer,mlp,crem_mean,0.14807323562268265,0.12988045645697274,0.23724420502998325
CHEMBL4792_Ki,39,molformer,xgboost,crem_lime,0.0328319381977921,0.05765467073673145,0.07378192893914652
CHEMBL4792_Ki,39,molformer,xgboost,crem_mean,0.005008322354902942,0.1775528366956829,0.18113421547149403
CHEMBL4792_Ki,39,morgan,mlp,crem_lime,0.14492968957739594,0.05285842474026829,0.15930427352293144
CHEMBL4792_Ki,39,morgan,mlp,crem_mean,0.023997203671888383,0.12642167375083238,0.11150610813041043
CHEMBL4792_Ki,39,morgan,xgboost,crem_lime,0.15400745791690307,0.4023822745110412,0.25367243186259464
CHEMBL4792_Ki,39,morgan,xgboost,crem_mean,0.07098325470468109,0.36781735053168824,0.3081042764282725
CHEMBL4792_Ki,39,unimol,mlp,crem_lime,0.26234080446320457,0.15032227156346883,0.32109578967712765
CHEMBL4792_Ki,39,unimol,mlp,crem_mean,0.08344155033492791,0.1648831528610034,0.1466338259442527
CHEMBL4792_Ki,39,unimol,xgboost,crem_lime,0.18074622872670779,0.27435646740406056,0.12084186157116045
CHEMBL4792_Ki,39,unimol,xgboost,crem_mean,0.07783060305342425,0.17669333197864692,0.2465037126002091
CHEMBL4792_Ki,40,molformer,mlp,crem_lime,0.007472633373355991,0.3762736112988995,0.3837341748575733
CHEMBL4792_Ki,40,molformer,mlp,crem_mean,0.00303170032591813,0.1717695730069596,0.17148381078752295
CHEMBL4792_Ki,40,molformer,xgboost,crem_lime,0.05798737648647111,0.17412938233278927,0.1556001466382944
CHEMBL4792_Ki,40,molformer,xgboost,crem_mean,0.01735205035860837,0.04929104567847801,0.04351955912502895
CHEMBL4792_Ki,40,morgan,mlp,crem_lime,0.1742750910008899,0.346220289314311,0.32638239502253485
CHEMBL4792_Ki,40,morgan,mlp,crem_mean,0.057709069820332276,0.08219836928142972,0.09173926549681129
CHEMBL4792_Ki,40,morgan,xgboost,crem_lime,0.0772637928890002,0.08475537941554669,0.11452923123321607
CHEMBL4792_Ki,40,morgan,xgboost,crem_mean,0.06074598027631615,0.11936869381821213,0.08579239767381483
CHEMBL4792_Ki,40,unimol,mlp,crem_lime,0.1422027158857581,0.16441353661081368,0.21735997146366365
CHEMBL4792_Ki,40,unimol,mlp,crem_mean,0.03620395976458038,0.05154201947770149,0.08770653366938042
CHEMBL4792_Ki,40,unimol,xgboost,crem_lime,0.02336141970157676,0.22520594109666348,0.23544618584932847
CHEMBL4792_Ki,40,unimol,xgboost,crem_mean,0.05519389099546019,0.18510360358492947,0.17221323297463229
CHEMBL4792_Ki,44,molformer,mlp,crem_lime,0.18525019705392193,0.29863670294767425,0.419001766667842
CHEMBL4792_Ki,44,molformer,mlp,crem_mean,0.07614779037778875,0.06488151369876745,0.13929195318071888
CHEMBL4792_Ki,44,molformer,xgboost,crem_lime,0.1351703948068947,0.25060425232535766,0.16001552392051613
CHEMBL4792_Ki,44,molformer,xgboost,crem_mean,0.1176063236545268,0.2710840014118672,0.37655111280922215
CHEMBL4792_Ki,44,morgan,mlp,crem_lime,0.06440183150810311,0.42593333003302175,0.4539370322099504
CHEMBL4792_Ki,44,morgan,mlp,crem_mean,0.05555167833603905,0.3532870897667771,0.40819413964912354
CHEMBL4792_Ki,44,morgan,xgboost,crem_lime,0.10474884332478822,0.35901483427670206,0.3483424798904196
CHEMBL4792_Ki,44,morgan,xgboost,crem_mean,0.08487129639034406,0.2544858883783179,0.3343636285447264
CHEMBL4792_Ki,44,unimol,mlp,crem_lime,0.03472569569622842,0.11327144780862493,0.0799847542736969
CHEMBL4792_Ki,44,unimol,mlp,crem_mean,0.15528262915559043,0.06530225342950312,0.18470678124006587
CHEMBL4792_Ki,44,unimol,xgboost,crem_lime,0.12953089459699016,0.41755949479267596,0.5272755010849646
CHEMBL4792_Ki,44,unimol,xgboost,crem_mean,0.2028170215647285,0.296259317983319,0.4932772951864657
CHEMBL4792_Ki,61,molformer,mlp,crem_lime,0.011454758371331955,0.33580302734416884,0.34657515467116756
CHEMBL4792_Ki,61,molformer,mlp,crem_mean,0.0,0.0,0.0
CHEMBL4792_Ki,61,molformer,xgboost,crem_lime,0.11317520014675242,0.26857294941065224,0.37787292129898703
CHEMBL4792_Ki,61,molformer,xgboost,crem_mean,0.0,0.38490017945975064,0.3849001794597506
CHEMBL4792_Ki,61,morgan,mlp,crem_lime,0.009521913339057123,0.3829672823495874,0.3737267501932154
CHEMBL4792_Ki,61,morgan,mlp,crem_mean,0.0,0.0,0.0
CHEMBL4792_Ki,61,morgan,xgboost,crem_lime,0.009818580637879798,0.013795401219044785,0.023057887348555173
CHEMBL4792_Ki,61,morgan,xgboost,crem_mean,0.0,0.4547418206595806,0.4547418206595806
CHEMBL4792_Ki,61,unimol,mlp,crem_lime,0.24115742783372285,0.33426654551010243,0.3943329297205935
CHEMBL4792_Ki,61,unimol,mlp,crem_mean,0.0,0.0,0.0
CHEMBL4792_Ki,61,unimol,xgboost,crem_lime,0.06654364210279404,0.3667870290270672,0.430024368835655
CHEMBL4792_Ki,61,unimol,xgboost,crem_mean,0.0,0.0,0.0
CHEMBL4792_Ki,65,molformer,mlp,crem_lime,0.2596368236487212,0.24095576830944382,0.49271585004148644
CHEMBL4792_Ki,65,molformer,mlp,crem_mean,0.19368697897881995,0.2789067168671642,0.4595474616990773
CHEMBL4792_Ki,65,molformer,xgboost,crem_lime,0.02796745471759882,0.08321235297729168,0.058462976429434065
CHEMBL4792_Ki,65,molformer,xgboost,crem_mean,0.14602898869480893,0.23087556464069148,0.09057332616334143
CHEMBL4792_Ki,65,morgan,mlp,crem_lime,0.024197275778843026,0.08878931222538021,0.07718943926252071
CHEMBL4792_Ki,65,morgan,mlp,crem_mean,0.011418613182824328,0.28233523776154074,0.2931077441013441
CHEMBL4792_Ki,65,morgan,xgboost,crem_lime,0.020532467105206082,0.2114184103176099,0.20344415522204237
CHEMBL4792_Ki,65,morgan,xgboost,crem_mean,0.10798859117016917,0.42066521486835257,0.48796782581465603
CHEMBL4792_Ki,65,unimol,mlp,crem_lime,0.10237692338533193,0.18127096682045832,0.08100001962472272
CHEMBL4792_Ki,65,unimol,mlp,crem_mean,0.22335798244600197,0.1505563251911036,0.08756025046482556
CHEMBL4792_Ki,65,unimol,xgboost,crem_lime,0.051329019279297214,0.1220620199888014,0.12310995953716145
CHEMBL4792_Ki,65,unimol,xgboost,crem_mean,0.18773477863848817,0.24369919751430416,0.38904546391534583
CHEMBL4792_Ki,72,molformer,mlp,crem_lime,0.0781590063729588,0.4698448988344788,0.41410022323463874
CHEMBL4792_Ki,72,molformer,mlp,crem_mean,0.17449724934278127,0.13233621413884394,0.10571082003571361
CHEMBL4792_Ki,72,molformer,xgboost,crem_lime,0.1567242158669056,0.21351275665204597,0.2732613939660791
CHEMBL4792_Ki,72,molformer,xgboost,crem_mean,0.06353761691147147,0.17224255500915572,0.19958755516995066
CHEMBL4792_Ki,72,morgan,mlp,crem_lime,0.019625798301940188,0.41401385708005234,0.3947250382444623
CHEMBL4792_Ki,72,morgan,mlp,crem_mean,0.13750204667094398,0.10642165273819468,0.11744194082574569
CHEMBL4792_Ki,72,morgan,xgboost,crem_lime,0.15723805242122843,0.4573444832522094,0.3001100366929024
CHEMBL4792_Ki,72,morgan,xgboost,crem_mean,0.02033367492631815,0.0742786149981455,0.08419508234948853
CHEMBL4792_Ki,72,unimol,mlp,crem_lime,0.09200676481076761,0.36700225947795456,0.44173528158757797
CHEMBL4792_Ki,72,unimol,mlp,crem_mean,0.019690128971035743,0.06709750468689711,0.08072982305014159
CHEMBL4792_Ki,72,unimol,xgboost,crem_lime,0.14601116692415433,0.29392952220453966,0.43537644598062836
CHEMBL4792_Ki,72,unimol,xgboost,crem_mean,0.1370585158668649,0.07627338444655865,0.18745216190143912
CHEMBL4792_Ki,74,molformer,mlp,crem_lime,0.0688699887774023,0.14423343365572064,0.20205039226414168
CHEMBL4792_Ki,74,molformer,mlp,crem_mean,0.05648093266265724,0.24055569288858114,0.2960988961397313
CHEMBL4792_Ki,74,molformer,xgboost,crem_lime,0.14724881326810996,0.027514420670650158,0.17398755101942048
CHEMBL4792_Ki,74,molformer,xgboost,crem_mean,0.05048371999906047,0.10695285230820958,0.08617271010089536
CHEMBL4792_Ki,74,morgan,mlp,crem_lime,0.12987540216317894,0.19969620723212037,0.3153224268379587
CHEMBL4792_Ki,74,morgan,mlp,crem_mean,0.22045080821747928,0.17329493618790676,0.34442247732924913
CHEMBL4792_Ki,74,morgan,xgboost,crem_lime,0.004521447984256596,0.30914807721381676,0.31328884627282166
CHEMBL4792_Ki,74,morgan,xgboost,crem_mean,0.00831665979607757,0.16975474721576778,0.17683523182551325
CHEMBL4792_Ki,74,unimol,mlp,crem_lime,0.07189226308268541,0.10519223126317782,0.08017160610496984
CHEMBL4792_Ki,74,unimol,mlp,crem_mean,0.06959800070464155,0.03865580192695141,0.10811859844503785
CHEMBL4792_Ki,74,unimol,xgboost,crem_lime,0.0384405703644249,0.17078047171413005,0.13675961207976334
CHEMBL4792_Ki,74,unimol,xgboost,crem_mean,0.05248215431763811,0.06749222230271233,0.09155605261200886
CHEMBL4792_Ki,75,molformer,mlp,crem_lime,0.07391659704256179,0.1559413987600146,0.12015839001189649
CHEMBL4792_Ki,75,molformer,mlp,crem_mean,0.034321938190921185,0.05371149221414706,0.03878925394496497
CHEMBL4792_Ki,75,molformer,xgboost,crem_lime,0.1848333368385476,0.3149135333129144,0.3770579185850155
CHEMBL4792_Ki,75,molformer,xgboost,crem_mean,0.066861029776008,0.11284731639791101,0.07999214102543833
CHEMBL4792_Ki,75,morgan,mlp,crem_lime,0.08173009352659763,0.2765313018562229,0.35604167363084077
CHEMBL4792_Ki,75,morgan,mlp,crem_mean,0.029178286219820958,0.056837458125868795,0.06621292396734028
CHEMBL4792_Ki,75,morgan,xgboost,crem_lime,0.02386079161790439,0.11800540706407261,0.09917608599718598
CHEMBL4792_Ki,75,morgan,xgboost,crem_mean,0.011345514005434763,0.05740892630134847,0.062499057262997905
CHEMBL4792_Ki,75,unimol,mlp,crem_lime,0.14050415380353948,0.04259190958043687,0.14530117446136928
CHEMBL4792_Ki,75,unimol,mlp,crem_mean,0.11716267097145444,0.14630255399969722,0.17194653232093893
CHEMBL4792_Ki,75,unimol,xgboost,crem_lime,0.12320231616612583,0.12029400691421563,0.09720739766300453
CHEMBL4792_Ki,75,unimol,xgboost,crem_mean,0.039079688275325264,0.10622280086296872,0.08011620126429535
CHEMBL4792_Ki,77,molformer,mlp,crem_lime,0.17187936628627073,0.42191786147143895,0.3251209355458602
CHEMBL4792_Ki,77,molformer,mlp,crem_mean,0.09396069092224145,0.2478890493438503,0.25338598157410425
CHEMBL4792_Ki,77,molformer,xgboost,crem_lime,0.2849619734738942,0.1441669569416661,0.34107571604628606
CHEMBL4792_Ki,77,molformer,xgboost,crem_mean,0.04007422896678047,0.14565072357892891,0.13502558618974342
CHEMBL4792_Ki,77,morgan,mlp,crem_lime,0.23910413482649778,0.03022492583692203,0.2097601879310217
CHEMBL4792_Ki,77,morgan,mlp,crem_mean,0.21607584510700562,0.10066658017352438,0.3113687409052808
CHEMBL4792_Ki,77,morgan,xgboost,crem_lime,0.01108809677808587,0.2751693817595893,0.26631013434702233
CHEMBL4792_Ki,77,morgan,xgboost,crem_mean,0.0372038567182293,0.2340730754444767,0.27072499813222045
CHEMBL4792_Ki,77,unimol,mlp,crem_lime,0.04649420255661748,0.2224780268905131,0.17661521795692803
CHEMBL4792_Ki,77,unimol,mlp,crem_mean,0.22276038210349425,0.0648807327271781,0.25998480326740503
CHEMBL4792_Ki,77,unimol,xgboost,crem_lime,0.057032813905558775,0.28734760234733436,0.3149480685459593
CHEMBL4792_Ki,77,unimol,xgboost,crem_mean,0.19190142143951539,0.3151280701018066,0.45815917126999384
CHEMBL4792_Ki,78,molformer,mlp,crem_lime,0.012627511410117762,0.29060678946414154,0.30249417136195283
CHEMBL4792_Ki,78,molformer,mlp,crem_mean,0.0036777436871594806,0.04281616301314612,0.045890922598924834
CHEMBL4792_Ki,78,molformer,xgboost,crem_lime,0.21944449255280352,0.28259622139635876,0.1616777651667217
CHEMBL4792_Ki,78,molformer,xgboost,crem_mean,0.02277496318880685,0.10936400318417078,0.09940934394986815
CHEMBL4792_Ki,78,morgan,mlp,crem_lime,0.07195560991923262,0.022946441212465838,0.08062944694033969
CHEMBL4792_Ki,78,morgan,mlp,crem_mean,0.05313925744300877,0.09826590758362566,0.05109879779734388
CHEMBL4792_Ki,78,morgan,xgboost,crem_lime,0.004725442429699967,0.036305982471200114,0.0399288616694914
CHEMBL4792_Ki,78,morgan,xgboost,crem_mean,0.003455859986318212,0.01464180716925881,0.011843600233989957
CHEMBL4792_Ki,78,unimol,mlp,crem_lime,0.03526118228890622,0.2321230775882923,0.26436675803442383
CHEMBL4792_Ki,78,unimol,mlp,crem_mean,0.0559994619318808,0.15002290547419198,0.20388755945780074
CHEMBL4792_Ki,78,unimol,xgboost,crem_lime,0.153771557227412,0.06879718847072952,0.21074706691321404
CHEMBL4792_Ki,78,unimol,xgboost,crem_mean,0.10595712847829024,0.07815759015559369,0.18045153331981162
