dataset,representation,predictor,explainer,trained_seed_mean_nap,random_permutation_mean_nap,trained_minus_random_nap,test_pairs,permutations_used,permutation_ids,full_10_trained_minus_random_nap,difference_from_10,absolute_difference_from_10
CHEMBL1862_Ki,molformer,mlp,crem_lime,0.07364664892682986,-0.0020155590015001473,0.015186058715308533,8,1,42,-0.04710870219750453,0.062294760912813066,0.062294760912813066
CHEMBL1862_Ki,molformer,mlp,crem_mean,0.12576707695458073,0.18050558521274895,0.0026039485862443413,8,1,42,-0.06789591356726893,0.07049986215351327,0.07049986215351327
CHEMBL1862_Ki,molformer,xgboost,crem_lime,0.07537934600465765,0.014207001321120499,0.05881231269821455,8,1,42,-0.04488186148547488,0.10369417418368942,0.10369417418368942
CHEMBL1862_Ki,molformer,xgboost,crem_mean,0.1806745835662481,0.12142441601242836,0.012234725988126862,8,1,42,0.014100217934463068,-0.001865491946336206,0.001865491946336206
CHEMBL1862_Ki,morgan,mlp,crem_lime,-0.01573924214384073,0.18730708355187745,-0.17269373453545567,8,1,42,-0.21389765569007296,0.041203921154617296,0.041203921154617296
CHEMBL1862_Ki,morgan,mlp,crem_mean,0.1596171672790891,0.24776633180268084,-0.11517860908758498,8,1,42,-0.14287926757706962,0.027700658489484636,0.027700658489484636
CHEMBL1862_Ki,morgan,xgboost,crem_lime,0.06345884846429475,0.07578050349749804,-0.00039737365743819364,8,1,42,-0.06368912215559445,0.06329174849815626,0.06329174849815626
CHEMBL1862_Ki,morgan,xgboost,crem_mean,0.10504708564897045,0.0787672343184765,0.047747242634841744,8,1,42,0.037362365485396926,0.010384877149444818,0.010384877149444818
CHEMBL1862_Ki,unimol,mlp,crem_lime,0.09814101543070947,0.080505682054195,0.032203797323504486,8,1,42,-0.02397129000252772,0.05617508732603221,0.05617508732603221
CHEMBL1862_Ki,unimol,mlp,crem_mean,0.10387890152728932,0.14006379300345925,0.05935494304922268,8,1,42,0.027256132260846756,0.032098810788375925,0.032098810788375925
CHEMBL1862_Ki,unimol,xgboost,crem_lime,0.05736885898983819,0.19939210793237439,-0.19897592744216744,8,1,42,-0.018599060169143505,-0.18037686727302393,0.18037686727302393
CHEMBL1862_Ki,unimol,xgboost,crem_mean,0.24093611960873318,0.12714826958793907,0.1322467957127839,8,1,42,0.07995228575306772,0.05229450995971617,0.05229450995971617
CHEMBL1871_Ki,molformer,mlp,crem_lime,0.11322997171464948,0.0002051133148694,0.18852813096767648,11,1,42,0.07072253214447122,0.11780559882320527,0.11780559882320527
CHEMBL1871_Ki,molformer,mlp,crem_mean,0.0651602628230779,0.1143617021276595,-0.016488190172400736,11,1,42,0.017549683960097,-0.03403787413249773,0.03403787413249773
CHEMBL1871_Ki,molformer,xgboost,crem_lime,0.14789792622052958,0.0812370870808556,0.10310566998698444,11,1,42,0.08460427577775381,0.018501394209230623,0.018501394209230623
CHEMBL1871_Ki,molformer,xgboost,crem_mean,0.12955960161842506,0.2100127197280898,-0.006033324939142066,11,1,42,-0.020559349322479548,0.014526024383337482,0.014526024383337482
CHEMBL1871_Ki,morgan,mlp,crem_lime,0.18956271649031262,0.1938593142758072,0.006971326627019381,11,1,42,-0.04330542048686317,0.05027674711388255,0.05027674711388255
CHEMBL1871_Ki,morgan,mlp,crem_mean,0.0543902030509173,0.0806122448979591,0.01234827264239027,11,1,42,0.00025176230843466235,0.012096510333955608,0.012096510333955608
CHEMBL1871_Ki,morgan,xgboost,crem_lime,0.22706505544637703,0.0113679424024251,0.2329281627966906,11,1,42,0.17662021989162008,0.05630794290507052,0.05630794290507052
CHEMBL1871_Ki,morgan,xgboost,crem_mean,0.09929078014184389,0.0,0.09929078014184389,11,1,42,-0.016538798965218572,0.11582957910706246,0.11582957910706246
CHEMBL1871_Ki,unimol,mlp,crem_lime,0.03954489113774497,0.1473662405872932,-0.05925602237174882,11,1,42,-0.0234334884941371,-0.035822533877611716,0.035822533877611716
CHEMBL1871_Ki,unimol,mlp,crem_mean,0.05044689638420286,0.1944362671384342,-0.031877179533429535,11,1,42,-0.010467025989070115,-0.02141015354435942,0.02141015354435942
CHEMBL1871_Ki,unimol,xgboost,crem_lime,0.09297394660516002,0.1224872297827337,-0.11735004044580068,11,1,42,-0.02914121961990948,-0.0882088208258912,0.0882088208258912
CHEMBL1871_Ki,unimol,xgboost,crem_mean,0.06271786492374723,0.1143617021276595,-0.022841091564830995,11,1,42,-0.017215103159252093,-0.005625988405578902,0.005625988405578902
CHEMBL2034_Ki,molformer,mlp,crem_lime,0.10119227071559664,0.20354457313449398,0.011472657656662555,12,1,42,-0.05781095726051726,0.06928361491717981,0.06928361491717981
CHEMBL2034_Ki,molformer,mlp,crem_mean,0.11089871068862656,0.16752057466343165,-0.015065043034459418,12,1,42,0.011539117356911235,-0.026604160391370653,0.026604160391370653
CHEMBL2034_Ki,molformer,xgboost,crem_lime,0.19796927422427846,0.06242639234997515,0.02978623519589588,12,1,42,0.017679712084846783,0.012106523111049098,0.012106523111049098
CHEMBL2034_Ki,molformer,xgboost,crem_mean,0.133148329670886,0.0942738754155507,0.02905595538470492,12,1,42,-0.007338076463725766,0.03639403184843069,0.03639403184843069
CHEMBL2034_Ki,morgan,mlp,crem_lime,0.060614394339363234,0.09282892114912206,0.014164949853845213,12,1,42,-0.05422480658838447,0.06838975644222968,0.06838975644222968
CHEMBL2034_Ki,morgan,mlp,crem_mean,0.16989499622058937,0.1722579358208709,0.047947767773567206,12,1,42,-0.01885237817622623,0.06680014594979344,0.06680014594979344
CHEMBL2034_Ki,morgan,xgboost,crem_lime,-0.009569964669032784,0.1503282446819622,-0.11576540320911165,12,1,42,-0.18751839824985073,0.07175299504073908,0.07175299504073908
CHEMBL2034_Ki,morgan,xgboost,crem_mean,0.08060923516750582,0.25057397959183675,-0.11469943240266123,12,1,42,0.0008901106628379902,-0.11558954306549922,0.11558954306549922
CHEMBL2034_Ki,unimol,mlp,crem_lime,0.1961612733343458,0.3201443032456164,-0.15045393676477653,12,1,42,-0.014382966505544409,-0.13607097025923212,0.13607097025923212
CHEMBL2034_Ki,unimol,mlp,crem_mean,0.14565444496450586,0.20151963703551,-0.04697258134758134,12,1,42,-0.008780529787023369,-0.038192051560557966,0.038192051560557966
CHEMBL2034_Ki,unimol,xgboost,crem_lime,0.06753664040989474,0.16143018264714742,-0.07154619599251803,12,1,42,-0.12573609914577866,0.054189903153260624,0.054189903153260624
CHEMBL2034_Ki,unimol,xgboost,crem_mean,0.1297711531521539,0.10699539572934325,-0.02753511295691461,12,1,42,-0.027057060949045992,-0.0004780520078686186,0.0004780520078686186
CHEMBL2047_EC50,molformer,mlp,crem_lime,0.11157307778534545,0.1850869852901783,0.021542859664123948,10,1,42,-0.011929971724521884,0.03347283138864583,0.03347283138864583
CHEMBL2047_EC50,molformer,mlp,crem_mean,0.05741546170852106,0.13181105595260484,-0.058522846795500315,10,1,42,-0.08920607132700975,0.030683224531509436,0.030683224531509436
CHEMBL2047_EC50,molformer,xgboost,crem_lime,0.1264162784321173,0.035894104903524,0.019549933718970673,10,1,42,-0.05090872691893511,0.07045866063790579,0.07045866063790579
CHEMBL2047_EC50,molformer,xgboost,crem_mean,0.04585588409429166,0.0687553287230011,0.0020406595959491496,10,1,42,-0.05322441766477186,0.05526507726072101,0.05526507726072101
CHEMBL2047_EC50,morgan,mlp,crem_lime,0.16882727355330826,0.0800759739659675,-0.015166899868995425,10,1,42,-0.045341154077810454,0.03017425420881503,0.03017425420881503
CHEMBL2047_EC50,morgan,mlp,crem_mean,0.10479336283090059,0.0014042893219320001,0.0373697837882592,10,1,42,0.02127397556587231,0.016095808222386886,0.016095808222386886
CHEMBL2047_EC50,morgan,xgboost,crem_lime,0.0211133206129612,0.015249442219775899,0.0201279906468937,10,1,42,-0.1554920449853004,0.17562003563219408,0.17562003563219408
CHEMBL2047_EC50,morgan,xgboost,crem_mean,0.0030423990293071005,-0.014204364736195602,0.004890522005402298,10,1,42,-0.027183253317053208,0.032073775322455506,0.032073775322455506
CHEMBL2047_EC50,unimol,mlp,crem_lime,0.028001291318150916,0.113963005259231,-0.013859579467273425,10,1,42,-0.06327308105474691,0.049413501587473485,0.049413501587473485
CHEMBL2047_EC50,unimol,mlp,crem_mean,0.044463270987022366,0.0391926153171298,0.03846980756399253,10,1,42,-0.004906857495458206,0.04337666505945073,0.04337666505945073
CHEMBL2047_EC50,unimol,xgboost,crem_lime,0.11188152533419254,-0.0090103901492243,0.024938186335470708,10,1,42,-0.006241270754149958,0.031179457089620666,0.031179457089620666
CHEMBL2047_EC50,unimol,xgboost,crem_mean,0.03376211387201985,0.037274486141948046,0.0054083713295755625,10,1,42,-0.015893118084264884,0.021301489413840448,0.021301489413840448
CHEMBL204_Ki,molformer,mlp,crem_lime,0.13236541816729094,0.021743857831791,0.023544151697533468,47,1,42,0.029020728032329697,-0.005476576334796229,0.005476576334796229
CHEMBL204_Ki,molformer,mlp,crem_mean,0.0687848613431929,0.0194964159205645,0.027270084260446664,47,1,42,0.012471652470809967,0.014798431789636697,0.014798431789636697
CHEMBL204_Ki,molformer,xgboost,crem_lime,0.028343822285206835,0.0240450118411976,0.012586635243533768,47,1,42,-0.016916403379056616,0.029503038622590384,0.029503038622590384
CHEMBL204_Ki,molformer,xgboost,crem_mean,0.028765863388003837,0.0412350953215014,0.010372068723063267,47,1,42,-0.022253083671804882,0.03262515239486815,0.03262515239486815
CHEMBL204_Ki,morgan,mlp,crem_lime,0.09563225996512903,0.1026676410009743,0.00038684081921508406,47,1,42,-0.036331062508808354,0.03671790332802344,0.03671790332802344
CHEMBL204_Ki,morgan,mlp,crem_mean,0.07077072170888514,0.0629925629925629,-0.0007962896599772989,47,1,42,-0.023069350410899702,0.022273060750922405,0.022273060750922405
CHEMBL204_Ki,morgan,xgboost,crem_lime,0.013677097856072629,0.0133288568071176,-0.0018547838957202606,47,1,42,-0.09484820945094148,0.09299342555522122,0.09299342555522122
CHEMBL204_Ki,morgan,xgboost,crem_mean,0.047253885653332,0.0,0.013853545333808434,47,1,42,-0.029249999999999974,0.043103545333808405,0.043103545333808405
CHEMBL204_Ki,unimol,mlp,crem_lime,0.08308362447215921,0.0711140739801605,0.01743687858924143,47,1,42,-0.03499050924722056,0.05242738783646199,0.05242738783646199
CHEMBL204_Ki,unimol,mlp,crem_mean,0.07963504132421456,0.0631190774678169,6.61735355041021e-05,47,1,42,-0.015042256832920271,0.015108430368424373,0.015108430368424373
CHEMBL204_Ki,unimol,xgboost,crem_lime,0.06281801054039214,0.1060703962152223,-0.034953589169572585,47,1,42,-0.0464171924689632,0.011463603299390612,0.011463603299390612
CHEMBL204_Ki,unimol,xgboost,crem_mean,0.07765392486002927,0.081278220967302,-0.020798492058968193,47,1,42,-0.028077706463467387,0.007279214404499194,0.007279214404499194
CHEMBL2147_Ki,molformer,mlp,crem_lime,0.03817616665195677,0.0360769222877803,0.0,13,1,42,-0.06795728491409112,0.06795728491409112,0.06795728491409112
CHEMBL2147_Ki,molformer,mlp,crem_mean,0.09813767154209903,0.044377260492546,0.033238636363636304,13,1,42,0.0,0.033238636363636304,0.033238636363636304
CHEMBL2147_Ki,molformer,xgboost,crem_lime,-0.016679760426659498,0.0250886214760895,-0.041768381902748994,13,1,42,-0.11186105399748851,0.07009267209473952,0.07009267209473952
CHEMBL2147_Ki,molformer,xgboost,crem_mean,0.036476345808845,0.1320331326349589,-0.008750000000000004,13,1,42,-0.051671925578676524,0.04292192557867652,0.04292192557867652
CHEMBL2147_Ki,morgan,mlp,crem_lime,0.09355485158374162,0.1528321278533511,-0.07193238052635156,13,1,42,-0.11127584916215538,0.03934346863580382,0.03934346863580382
CHEMBL2147_Ki,morgan,mlp,crem_mean,0.05661961758153853,0.2320214147264148,-0.0474918521611121,13,1,42,-0.04699839420921841,-0.0004934579518936846,0.0004934579518936846
CHEMBL2147_Ki,morgan,xgboost,crem_lime,-0.006370295114856434,0.3668616171104721,-0.06341064609617963,13,1,42,-0.21525629027747661,0.15184564418129698,0.15184564418129698
CHEMBL2147_Ki,morgan,xgboost,crem_mean,0.03674745064097427,0.0878623188405797,0.0,13,1,42,-0.029351365932828707,0.029351365932828707,0.029351365932828707
CHEMBL2147_Ki,unimol,mlp,crem_lime,0.0,0.0856902385385142,0.0,13,1,42,0.0,0.0,0.0
CHEMBL2147_Ki,unimol,mlp,crem_mean,0.08459537908545246,0.1669278150731837,0.0,13,1,42,-0.05165859235049586,0.05165859235049586,0.05165859235049586
CHEMBL2147_Ki,unimol,xgboost,crem_lime,0.0377055558424888,0.0524620431002137,0.0059529022012216656,13,1,42,0.02407604034700339,-0.018123138145781724,0.018123138145781724
CHEMBL2147_Ki,unimol,xgboost,crem_mean,0.1349787030536976,0.1981467066489144,0.0,13,1,42,-0.01814421955332993,0.01814421955332993,0.01814421955332993
CHEMBL218_EC50,molformer,mlp,crem_lime,0.15528216322121227,0.13512859564197754,0.04066063353090982,20,1,42,-0.013530299113428412,0.05419093264433823,0.05419093264433823
CHEMBL218_EC50,molformer,mlp,crem_mean,0.11626355221576268,0.10896390532744646,0.0039948412541702585,20,1,42,0.004449472891230821,-0.00045463163706056277,0.00045463163706056277
CHEMBL218_EC50,molformer,xgboost,crem_lime,0.12490457242703172,0.16143545526355724,0.01416838670897842,20,1,42,-0.08592576444589241,0.10009415115487083,0.10009415115487083
CHEMBL218_EC50,molformer,xgboost,crem_mean,0.09387951108999532,0.0703230505301253,0.026046805932877184,20,1,42,-0.02803920151982646,0.054086007452703644,0.054086007452703644
CHEMBL218_EC50,morgan,mlp,crem_lime,0.059486291677416474,0.0696149327150111,-0.018839857278856006,20,1,42,-0.003131763345914744,-0.015708093932941262,0.015708093932941262
CHEMBL218_EC50,morgan,mlp,crem_mean,0.09348907193692448,0.09012931265250135,-0.010080993263851699,20,1,42,-0.021264861779945514,0.011183868516093815,0.011183868516093815
CHEMBL218_EC50,morgan,xgboost,crem_lime,0.040230179336101346,0.10881557221502071,-0.0020671430999241007,20,1,42,0.006686139499352959,-0.00875328259927706,0.00875328259927706
CHEMBL218_EC50,morgan,xgboost,crem_mean,0.06384503299934563,0.0626120071684588,0.01951976267383633,20,1,42,-0.027394884424511386,0.046914647098347716,0.046914647098347716
CHEMBL218_EC50,unimol,mlp,crem_lime,0.11896617382949232,0.11403965321915525,0.0714827420244027,20,1,42,0.04348733582664711,0.027995406197755597,0.027995406197755597
CHEMBL218_EC50,unimol,mlp,crem_mean,0.12306763810270649,0.09612468158420695,0.04371480892713121,20,1,42,0.007414609479662761,0.03630019944746845,0.03630019944746845
CHEMBL218_EC50,unimol,xgboost,crem_lime,0.1209850857655222,0.09836196230613245,0.04472180891424032,20,1,42,0.0018063151344325755,0.042915493779807745,0.042915493779807745
CHEMBL218_EC50,unimol,xgboost,crem_mean,0.13750625809714118,0.0496523634623511,0.01294904652905949,20,1,42,0.01048789198430701,0.0024611545447524794,0.0024611545447524794
CHEMBL219_Ki,molformer,mlp,crem_lime,0.07789433623848832,0.08245172636232155,-0.002186430150187345,34,1,42,0.024970820945212358,-0.027157251095399702,0.027157251095399702
CHEMBL219_Ki,molformer,mlp,crem_mean,0.005239898989899033,0.0294313974896278,0.0,34,1,42,-0.019960667859818003,0.019960667859818003,0.019960667859818003
CHEMBL219_Ki,molformer,xgboost,crem_lime,0.02662055922842097,0.09168727089108075,-0.020522479942028084,34,1,42,-0.062038874894478215,0.04151639495245013,0.04151639495245013
CHEMBL219_Ki,molformer,xgboost,crem_mean,0.03034466725619002,0.0381102320819139,-7.072343454789243e-06,34,1,42,-0.0057991837100297644,0.005792111366574975,0.005792111366574975
CHEMBL219_Ki,morgan,mlp,crem_lime,0.07788240032874093,0.05011697079537865,0.030404988684282347,34,1,42,-0.041784305530078766,0.07218929421436111,0.07218929421436111
CHEMBL219_Ki,morgan,mlp,crem_mean,0.0154314375248413,0.0338663243075007,-0.010693609600308566,34,1,42,-0.013187495971666095,0.0024938863713575288,0.0024938863713575288
CHEMBL219_Ki,morgan,xgboost,crem_lime,0.03195408601722609,0.042582508683234446,-0.03891485041990228,34,1,42,-0.0654928376946105,0.026577987274708226,0.026577987274708226
CHEMBL219_Ki,morgan,xgboost,crem_mean,0.04971189749452613,0.037202380952380903,0.0,34,1,42,0.0,0.0,0.0
CHEMBL219_Ki,unimol,mlp,crem_lime,0.07456088444916023,0.04206200560923165,0.013109419757782695,34,1,42,-0.0038214404185776957,0.01693086017636039,0.01693086017636039
CHEMBL219_Ki,unimol,mlp,crem_mean,0.03856167760584141,0.0040817889655862,0.0,34,1,42,-0.002875968638234491,0.002875968638234491,0.002875968638234491
CHEMBL219_Ki,unimol,xgboost,crem_lime,0.09580995789268887,0.04905068391505385,0.08144680439745,34,1,42,0.029258197674044487,0.052188606723405515,0.052188606723405515
CHEMBL219_Ki,unimol,xgboost,crem_mean,0.0372393412809999,0.01917735042735035,0.0,34,1,42,0.0,0.0,0.0
CHEMBL228_Ki,molformer,mlp,crem_lime,0.06323106761130311,0.0072906617496579,0.017855376297762002,31,1,42,-0.009547403246493577,0.02740277954425558,0.02740277954425558
CHEMBL228_Ki,molformer,mlp,crem_mean,0.11316319474942653,0.19140625,-0.00891865079365083,31,1,42,0.0,-0.00891865079365083,0.00891865079365083
CHEMBL228_Ki,molformer,xgboost,crem_lime,0.0349523247171911,0.0556818181818182,-0.0012640125033509808,31,1,42,-0.09867377906489966,0.09740976656154868,0.09740976656154868
CHEMBL228_Ki,molformer,xgboost,crem_mean,0.08696585514297679,0.1671425050282736,-0.011864406779661003,31,1,42,-0.0005568783068783251,-0.011307528472782678,0.011307528472782678
CHEMBL228_Ki,morgan,mlp,crem_lime,0.07228337019890557,0.119831241348427,0.003913044199410534,31,1,42,-0.04901776957925069,0.052930813778661226,0.052930813778661226
CHEMBL228_Ki,morgan,mlp,crem_mean,0.1501880973090271,0.1835822420791173,0.0,31,1,42,-0.002327173086256934,0.002327173086256934,0.002327173086256934
CHEMBL228_Ki,morgan,xgboost,crem_lime,0.16238736753442634,0.0328947368421052,0.009703331647775953,31,1,42,-0.025542908868739264,0.03524624051651522,0.03524624051651522
CHEMBL228_Ki,morgan,xgboost,crem_mean,0.13230831156374176,0.0701247165532879,0.0122685185185185,31,1,42,0.032827013491867674,-0.020558494973349176,0.020558494973349176
CHEMBL228_Ki,unimol,mlp,crem_lime,0.08242018398268393,0.0426271186440677,0.024850769244455336,31,1,42,-0.011640377307670202,0.03649114655212554,0.03649114655212554
CHEMBL228_Ki,unimol,mlp,crem_mean,0.17613882958860838,0.2016171328671328,0.0,31,1,42,0.0,0.0,0.0
CHEMBL228_Ki,unimol,xgboost,crem_lime,0.085023181636456,0.0885888472123461,-0.0025873171624409413,31,1,42,-0.026623471379815897,0.024036154217374955,0.024036154217374955
CHEMBL228_Ki,unimol,xgboost,crem_mean,0.12604730979062526,0.1292491515837104,0.0,31,1,42,0.0,0.0,0.0
CHEMBL231_Ki,molformer,mlp,crem_lime,0.17435233796633257,0.2586134466020943,-0.01944504045088291,15,1,42,-0.03457277342558309,0.01512773297470018,0.01512773297470018
CHEMBL231_Ki,molformer,mlp,crem_mean,0.08040408664299416,0.0893296214762501,0.002265715696166801,15,1,42,-0.0011388415605184492,0.00340455725668525,0.00340455725668525
CHEMBL231_Ki,molformer,xgboost,crem_lime,0.2052561243753052,0.1119515408408752,-0.13247507099695527,15,1,42,-0.009797219316420972,-0.1226778516805343,0.1226778516805343
CHEMBL231_Ki,molformer,xgboost,crem_mean,0.03197509648458454,0.1744247205785667,-0.02333678864571316,15,1,42,-0.04491845336075812,0.02158166471504496,0.02158166471504496
CHEMBL231_Ki,morgan,mlp,crem_lime,-0.0149711996893036,0.1280444339486337,-0.07341973594833884,15,1,42,-0.07092362580634892,-0.0024961101419899157,0.0024961101419899157
CHEMBL231_Ki,morgan,mlp,crem_mean,0.0615376779776221,0.2626580106474407,-0.12134569996089606,15,1,42,-0.09720512837883888,-0.02414057158205718,0.02414057158205718
CHEMBL231_Ki,morgan,xgboost,crem_lime,0.0082642212346194,0.1096360406284092,-0.17985365637462403,15,1,42,-0.21963189392112709,0.03977823754650306,0.03977823754650306
CHEMBL231_Ki,morgan,xgboost,crem_mean,0.054297437306580536,0.1878282070517629,-0.04444617835177876,15,1,42,-0.01963835534213678,-0.02480782300964198,0.02480782300964198
CHEMBL231_Ki,unimol,mlp,crem_lime,0.10231834273560715,0.03861059061493,-0.02466022349743276,15,1,42,-0.019069795801744338,-0.005590427695688422,0.005590427695688422
CHEMBL231_Ki,unimol,mlp,crem_mean,0.07598850374992246,0.0958170781119237,-0.0175612353502181,15,1,42,-0.04406209828897577,0.02650086293875767,0.02650086293875767
CHEMBL231_Ki,unimol,xgboost,crem_lime,0.08464802809085686,0.0383580744549372,0.061686563032177635,15,1,42,-0.004045534676660467,0.0657320977088381,0.0657320977088381
CHEMBL231_Ki,unimol,xgboost,crem_mean,0.07886172767286108,0.0831779230210602,-0.05586165342739837,15,1,42,-0.027792002768984796,-0.028069650658413575,0.028069650658413575
CHEMBL233_Ki,molformer,mlp,crem_lime,0.20935385946154678,0.08882116499827306,0.050226025164183896,46,1,42,0.05512283662350788,-0.0048968114593239825,0.0048968114593239825
CHEMBL233_Ki,molformer,mlp,crem_mean,0.06756041363801868,0.09722469014620175,0.00703487735755139,46,1,42,-0.027219368012148516,0.034254245369699905,0.034254245369699905
CHEMBL233_Ki,molformer,xgboost,crem_lime,0.09109888852853334,0.1380590835158122,-0.0016211070403994998,46,1,42,-0.028569725525703714,0.026948618485304214,0.026948618485304214
CHEMBL233_Ki,molformer,xgboost,crem_mean,0.05917147706744719,0.13258325043362915,-0.003594604960322434,46,1,42,-0.028282934936370498,0.024688329976048064,0.024688329976048064
CHEMBL233_Ki,morgan,mlp,crem_lime,0.10156235618517284,0.07159401309523335,0.014806716598590251,46,1,42,-0.04966308078270591,0.06446979738129616,0.06446979738129616
CHEMBL233_Ki,morgan,mlp,crem_mean,0.21674264872350057,0.10693766374482219,0.019884373178361166,46,1,42,-0.0016650867073822549,0.021549459885743423,0.021549459885743423
CHEMBL233_Ki,morgan,xgboost,crem_lime,0.04506673700555515,0.06387122841762095,0.0164046756834669,46,1,42,-0.06330433599151875,0.07970901167498565,0.07970901167498565
CHEMBL233_Ki,morgan,xgboost,crem_mean,0.1448991080492829,0.07527583781191274,0.013253155773546153,46,1,42,0.05114722042718283,-0.03789406465363668,0.03789406465363668
CHEMBL233_Ki,unimol,mlp,crem_lime,0.1365681450650114,0.2558177328935831,-0.049948145657860425,46,1,42,0.007383274716273813,-0.05733142037413424,0.05733142037413424
CHEMBL233_Ki,unimol,mlp,crem_mean,0.17308407316047444,0.1427184089023064,0.016023778662323577,46,1,42,0.005978887558655124,0.010044891103668453,0.010044891103668453
CHEMBL233_Ki,unimol,xgboost,crem_lime,0.1300417463761665,0.02792924893990425,0.05734701406648121,46,1,42,0.004345672574579979,0.053001341491901235,0.053001341491901235
CHEMBL233_Ki,unimol,xgboost,crem_mean,0.11944252206752204,0.10412395455426826,0.025334503459503416,46,1,42,-0.005229850210716029,0.030564353670219445,0.030564353670219445
CHEMBL236_Ki,molformer,mlp,crem_lime,0.04127568086265943,0.0963455149501661,-0.015742362251841627,37,1,42,-0.03733538880722609,0.021593026555384462,0.021593026555384462
CHEMBL236_Ki,molformer,mlp,crem_mean,0.06607956518820937,0.1014957264957265,-0.023807726050250833,37,1,42,-0.025877429602512603,0.00206970355226177,0.00206970355226177
CHEMBL236_Ki,molformer,xgboost,crem_lime,0.05048362521580233,0.0138716490775338,0.013129897048071635,37,1,42,-0.018158206640929098,0.03128810368900073,0.03128810368900073
CHEMBL236_Ki,molformer,xgboost,crem_mean,0.0985093145879495,0.0615935420552963,0.003118173794265537,37,1,42,-0.0004497482371250139,0.003567922031390551,0.003567922031390551
CHEMBL236_Ki,morgan,mlp,crem_lime,0.0352018743709627,0.1151969862845194,-0.0910367590116487,37,1,42,-0.07947861115716803,-0.011558147854480672,0.011558147854480672
CHEMBL236_Ki,morgan,mlp,crem_mean,0.04840686274509797,0.1449746588693957,-0.024741519804287064,37,1,42,-0.04846564383329088,0.02372412402900382,0.02372412402900382
CHEMBL236_Ki,morgan,xgboost,crem_lime,0.0,0.0765169927856692,-0.04460794842405883,37,1,42,-0.12152931848468475,0.07692137006062591,0.07692137006062591
CHEMBL236_Ki,morgan,xgboost,crem_mean,0.057686108763031735,0.1727941176470588,-0.06996001714094316,37,1,42,0.0,-0.06996001714094316,0.06996001714094316
CHEMBL236_Ki,unimol,mlp,crem_lime,0.056532095319784266,0.0796362458392238,-0.051840099574664296,37,1,42,-0.06498016651456592,0.013140066939901628,0.013140066939901628
CHEMBL236_Ki,unimol,mlp,crem_mean,0.08652912223834393,0.0825315536771893,-0.0020649680321092323,37,1,42,-0.002199427633369791,0.00013445960126055867,0.00013445960126055867
CHEMBL236_Ki,unimol,xgboost,crem_lime,0.06819816734929211,0.056594423951235,0.0009985510403444989,37,1,42,-0.027808423129771,0.028806974170115497,0.028806974170115497
CHEMBL236_Ki,unimol,xgboost,crem_mean,0.09912633235710154,0.0992603980686884,0.005260243632336702,37,1,42,0.0,0.005260243632336702,0.005260243632336702
CHEMBL237_EC50,molformer,mlp,crem_lime,0.21450018033732937,0.04498555887872385,0.09602591347360127,18,1,42,-0.018852590809848746,0.11487850428345002,0.11487850428345002
CHEMBL237_EC50,molformer,mlp,crem_mean,0.25768707978529404,0.19124209389904256,0.010879629629629683,18,1,42,-0.03220019812804308,0.043079827757672766,0.043079827757672766
CHEMBL237_EC50,molformer,xgboost,crem_lime,0.11167790505699896,0.117291645357395,0.039682612425434985,18,1,42,-0.034262239448869275,0.07394485187430426,0.07394485187430426
CHEMBL237_EC50,molformer,xgboost,crem_mean,0.18929024679024675,0.2257756948933419,-0.03477698164412289,18,1,42,-0.03684491753622443,0.0020679358921015384,0.0020679358921015384
CHEMBL237_EC50,morgan,mlp,crem_lime,0.12994306248494178,0.1150964904103073,0.008468538574183587,18,1,42,-0.02946364091308617,0.037932179487269756,0.037932179487269756
CHEMBL237_EC50,morgan,mlp,crem_mean,0.34387966702107037,0.23112937189959976,0.04468324979764933,18,1,42,-0.018350190957059757,0.06303344075470908,0.06303344075470908
CHEMBL237_EC50,morgan,xgboost,crem_lime,0.09397369194347405,0.01852431662083455,0.0011505531484047385,18,1,42,-0.13725869240065913,0.13840924554906386,0.13840924554906386
CHEMBL237_EC50,morgan,xgboost,crem_mean,0.2052821245049441,0.16905884667916748,0.04729570913263374,18,1,42,-0.01770225272217038,0.06499796185480412,0.06499796185480412
CHEMBL237_EC50,unimol,mlp,crem_lime,0.17774461923709545,0.1503087831755075,0.028678078481890704,18,1,42,-0.003542734356561254,0.032220812838451955,0.032220812838451955
CHEMBL237_EC50,unimol,mlp,crem_mean,0.41239872666791466,0.19526303088803088,0.0694461235748151,18,1,42,0.045539744842278206,0.02390637873253689,0.02390637873253689
CHEMBL237_EC50,unimol,xgboost,crem_lime,0.13688180508082481,0.1201033044663786,-0.00872249622146155,18,1,42,0.04250220459585816,-0.05122470081731971,0.05122470081731971
CHEMBL237_EC50,unimol,xgboost,crem_mean,0.28854879799904154,0.3169319318643956,-0.01381625299016015,18,1,42,-0.013264985845802307,-0.0005512671443578428,0.0005512671443578428
CHEMBL237_Ki,molformer,mlp,crem_lime,0.0395920998076827,0.08276364357181056,-0.00302200460475325,40,1,42,-0.07316922436599593,0.07014721976124268,0.07014721976124268
CHEMBL237_Ki,molformer,mlp,crem_mean,0.08612201513107307,0.10887403337403335,-0.02242498516329574,40,1,42,-0.05371664794646779,0.03129166278317205,0.03129166278317205
CHEMBL237_Ki,molformer,xgboost,crem_lime,0.0636675965364074,0.05587463364532411,0.03015597724989322,40,1,42,-0.0243899650138889,0.05454594226378212,0.05454594226378212
CHEMBL237_Ki,molformer,xgboost,crem_mean,0.09149980058265719,0.10226400464967636,0.005311042579424934,40,1,42,-0.009985202232288099,0.015296244811713032,0.015296244811713032
CHEMBL237_Ki,morgan,mlp,crem_lime,0.1749079157831538,0.0841922201320562,0.0037689578430798324,40,1,42,-0.009004855052618565,0.012773812895698396,0.012773812895698396
CHEMBL237_Ki,morgan,mlp,crem_mean,0.1731809571685945,0.1621072452357412,-0.037201424999076846,40,1,42,-0.02419746563224437,-0.013003959366832477,0.013003959366832477
CHEMBL237_Ki,morgan,xgboost,crem_lime,0.06699089440602601,0.02505827505827505,0.03305375422635885,40,1,42,-0.03747138136635746,0.07052513559271631,0.07052513559271631
CHEMBL237_Ki,morgan,xgboost,crem_mean,0.17242390064905905,0.0,0.1467297967903871,40,1,42,0.027941571399795865,0.11878822539059125,0.11878822539059125
CHEMBL237_Ki,unimol,mlp,crem_lime,0.07176305030434492,0.050438018151626046,-0.008718422316226385,40,1,42,-0.05489209605509627,0.04617367373886988,0.04617367373886988
CHEMBL237_Ki,unimol,mlp,crem_mean,0.15184078886370628,0.11840948825259925,-0.0010006253908693002,40,1,42,-0.012712612797854201,0.0117119874069849,0.0117119874069849
CHEMBL237_Ki,unimol,xgboost,crem_lime,0.09200889599704909,0.07741222334538335,0.004573961416592658,40,1,42,-0.027167489147066355,0.03174145056365901,0.03174145056365901
CHEMBL237_Ki,unimol,xgboost,crem_mean,0.12933864082554372,0.14357513247984965,0.008779913728989168,40,1,42,-0.0210149252708037,0.029794838999792867,0.029794838999792867
CHEMBL238_Ki,molformer,mlp,crem_lime,0.07569360807307374,-0.0128332531825178,0.0635095771065989,19,1,42,-0.04079543589115979,0.10430501299775868,0.10430501299775868
CHEMBL238_Ki,molformer,mlp,crem_mean,0.13493655618801811,0.095486111111111,0.032466004224673134,19,1,42,-0.0010109883546855214,0.033476992579358655,0.033476992579358655
CHEMBL238_Ki,molformer,xgboost,crem_lime,0.12851097073658044,0.0775081162048531,0.015732613289852006,19,1,42,0.0,0.015732613289852006,0.015732613289852006
CHEMBL238_Ki,molformer,xgboost,crem_mean,0.1682800922780705,0.139627659574468,0.0,19,1,42,-0.010947226939505894,0.010947226939505894,0.010947226939505894
CHEMBL238_Ki,morgan,mlp,crem_lime,0.002564161355220302,0.0667761733541023,-0.0059168315885946565,19,1,42,-0.07507724966243845,0.0691604180738438,0.0691604180738438
CHEMBL238_Ki,morgan,mlp,crem_mean,0.11246880285146767,0.1497049825174825,0.0,19,1,42,-0.02262052263657416,0.02262052263657416,0.02262052263657416
CHEMBL238_Ki,morgan,xgboost,crem_lime,0.0,0.1163221105444942,-0.08904729616413211,19,1,42,-0.17218654380034787,0.08313924763621576,0.08313924763621576
CHEMBL238_Ki,morgan,xgboost,crem_mean,0.06634323123684824,0.0747373286435786,0.0,19,1,42,-0.03142147663811076,0.03142147663811076,0.03142147663811076
CHEMBL238_Ki,unimol,mlp,crem_lime,0.32844991688011066,0.1529431179305407,0.0,19,1,42,0.04527708337046077,-0.04527708337046077,0.04527708337046077
CHEMBL238_Ki,unimol,mlp,crem_mean,0.23134188508649714,0.1935898052564719,0.003493976806005033,19,1,42,0.0028384491866330144,0.0006555276193720184,0.0006555276193720184
CHEMBL238_Ki,unimol,xgboost,crem_lime,0.1908350339097525,0.0529306220095693,0.005165412586919604,19,1,42,-0.01549769766920542,0.020663110256125022,0.020663110256125022
CHEMBL238_Ki,unimol,xgboost,crem_mean,0.17055544772256725,0.0767828525641025,0.0,19,1,42,0.0,0.0,0.0
CHEMBL239_EC50,molformer,mlp,crem_lime,0.0422676527392041,0.0677505974879173,0.00696378191637631,33,1,42,-0.02976851683510396,0.03673229875148027,0.03673229875148027
CHEMBL239_EC50,molformer,mlp,crem_mean,0.07977115987173933,0.0678746275010643,-0.012306643835384634,33,1,42,-0.016025185431503525,0.003718541596118891,0.003718541596118891
CHEMBL239_EC50,molformer,xgboost,crem_lime,0.016702929423103665,0.0483971750755638,-0.01387595466695657,33,1,42,-0.052744869129113914,0.038868914462157345,0.038868914462157345
CHEMBL239_EC50,molformer,xgboost,crem_mean,0.04912735220201756,0.0922580439659256,-0.018709117462497066,33,1,42,-0.021382559971295817,0.0026734425087987512,0.0026734425087987512
CHEMBL239_EC50,morgan,mlp,crem_lime,0.07011111771478613,0.0304049226218285,0.020356446886145768,33,1,42,-0.026783255192915856,0.047139702079061624,0.047139702079061624
CHEMBL239_EC50,morgan,mlp,crem_mean,0.06317096028522233,0.0714994018282875,-0.030266707895279132,33,1,42,-0.011669428163197808,-0.018597279732081324,0.018597279732081324
CHEMBL239_EC50,morgan,xgboost,crem_lime,0.04447786589362703,0.0090944916113848,0.025918219836803195,33,1,42,-0.060772852506351255,0.08669107234315446,0.08669107234315446
CHEMBL239_EC50,morgan,xgboost,crem_mean,0.004850881129311267,0.0423897581792318,-0.028968908692254533,33,1,42,-0.0195687836169548,-0.009400125075299734,0.009400125075299734
CHEMBL239_EC50,unimol,mlp,crem_lime,0.051880805258041805,0.037915205525454,0.0209624817976249,33,1,42,0.0028135226653520883,0.018148959132272813,0.018148959132272813
CHEMBL239_EC50,unimol,mlp,crem_mean,0.039777449441314935,0.0382326007326007,-0.0011085234886080639,33,1,42,-0.034490878672080165,0.0333823551834721,0.0333823551834721
CHEMBL239_EC50,unimol,xgboost,crem_lime,0.0298080027462008,-0.0068482509282782,0.030915061111476738,33,1,42,-0.018292132990177415,0.04920719410165415,0.04920719410165415
CHEMBL239_EC50,unimol,xgboost,crem_mean,0.08014435599393656,0.0385780504422406,0.0034924857532356857,33,1,42,-0.0030426456226819755,0.006535131375917661,0.006535131375917661
CHEMBL244_Ki,molformer,mlp,crem_lime,0.07397036587487008,0.08515949813027525,-0.019077648101603815,52,1,42,-0.03317636970971294,0.014098721608109124,0.014098721608109124
CHEMBL244_Ki,molformer,mlp,crem_mean,0.056539694052385216,0.041930787466501696,0.0021962124386055507,52,1,42,-0.0236176310946556,0.02581384353326115,0.02581384353326115
CHEMBL244_Ki,molformer,xgboost,crem_lime,0.09994494239067345,0.051615755194268254,0.02494115082127866,52,1,42,-0.017233771048539813,0.04217492186981847,0.04217492186981847
CHEMBL244_Ki,molformer,xgboost,crem_mean,0.043512174020584736,0.046328328518948095,-0.00914851312285788,52,1,42,-0.012401445760497478,0.0032529326376395974,0.0032529326376395974
CHEMBL244_Ki,morgan,mlp,crem_lime,0.041149690453467,0.0876115991138472,-0.011599353832809835,52,1,42,-0.05176859875179004,0.040169244918980204,0.040169244918980204
CHEMBL244_Ki,morgan,mlp,crem_mean,0.03598790092979025,0.03673909006615765,-0.0029638823042800683,52,1,42,-0.031068731069437777,0.02810484876515771,0.02810484876515771
CHEMBL244_Ki,morgan,xgboost,crem_lime,0.04329341702667955,0.0315999509711661,-0.011936121967737263,52,1,42,-0.037868389138689146,0.025932267170951883,0.025932267170951883
CHEMBL244_Ki,morgan,xgboost,crem_mean,0.021212422953740467,0.029725378436945348,-0.010542547845105617,52,1,42,-0.02481321154753571,0.014270663702430093,0.014270663702430093
CHEMBL244_Ki,unimol,mlp,crem_lime,0.04694142466555405,0.06129336450500685,0.0011935270688396005,52,1,42,-0.019955075557656063,0.021148602626495663,0.021148602626495663
CHEMBL244_Ki,unimol,mlp,crem_mean,0.04602082113939958,0.0662392423350513,-0.011120981665867315,52,1,42,-0.01903761701070663,0.007916635344839315,0.007916635344839315
CHEMBL244_Ki,unimol,xgboost,crem_lime,0.053821468568360786,0.05195855093922665,0.011038994151355081,52,1,42,-0.024285075083160263,0.035324069234515344,0.035324069234515344
CHEMBL244_Ki,unimol,xgboost,crem_mean,0.07636564889134026,0.058000767319980856,0.03423440032081832,52,1,42,-0.004439106836344062,0.03867350715716238,0.03867350715716238
CHEMBL262_Ki,molformer,mlp,crem_lime,0.13493405616304424,0.1120717356011473,0.08481269204832148,13,1,42,-0.07445002936157571,0.1592627214098972,0.1592627214098972
CHEMBL262_Ki,molformer,mlp,crem_mean,0.042615921955919504,0.0290811339198433,-0.03357349758085043,13,1,42,-0.0019072077546969726,-0.03166628982615346,0.03166628982615346
CHEMBL262_Ki,molformer,xgboost,crem_lime,0.21434855519462193,0.0198717948717948,0.014088632678069563,13,1,42,0.005772129566287143,0.00831650311178242,0.00831650311178242
CHEMBL262_Ki,molformer,xgboost,crem_mean,0.07696160981875264,0.0,0.07878202808543364,13,1,42,-0.05408769977250899,0.13286972785794263,0.13286972785794263
CHEMBL262_Ki,morgan,mlp,crem_lime,0.18402116402116397,0.0741654318489739,0.049764603943395505,13,1,42,-0.035595938306828535,0.08536054225022405,0.08536054225022405
CHEMBL262_Ki,morgan,mlp,crem_mean,0.0497496191175667,0.0047178870006365,0.0194577229453769,13,1,42,-0.048933509764165106,0.068391232709542,0.068391232709542
CHEMBL262_Ki,morgan,xgboost,crem_lime,-0.008676977343643968,0.0863045758005435,-0.07380865362878543,13,1,42,-0.09121272343455791,0.017404069805772485,0.017404069805772485
CHEMBL262_Ki,morgan,xgboost,crem_mean,0.03368690267869153,0.067612293144208,-0.03141907751242791,13,1,42,-0.0362204355261089,0.0048013580136809925,0.0048013580136809925
CHEMBL262_Ki,unimol,mlp,crem_lime,0.26819374644087285,0.1666266506602641,0.07980599647266318,13,1,42,0.0970417719286989,-0.017235775456035718,0.017235775456035718
CHEMBL262_Ki,unimol,mlp,crem_mean,0.0834720381659158,0.0701330532212884,0.007445749727473278,13,1,42,0.02066819662306621,-0.013222446895592932,0.013222446895592932
CHEMBL262_Ki,unimol,xgboost,crem_lime,0.33149758454106276,0.2888888888888889,0.08052251104733887,13,1,42,0.09950997210905915,-0.01898746106172028,0.01898746106172028
CHEMBL262_Ki,unimol,xgboost,crem_mean,0.0818838873061095,0.190877192982456,-0.025083296693529766,13,1,42,0.0007691566959653479,-0.025852453389495114,0.025852453389495114
CHEMBL264_Ki,molformer,mlp,crem_lime,0.035898035764996665,0.02105715859883695,-0.014432990605635358,46,1,42,-0.06814609220494736,0.053713101599312,0.053713101599312
CHEMBL264_Ki,molformer,mlp,crem_mean,0.1062924845794521,0.11181128799790355,0.0008207070707070829,46,1,42,0.00017420650721080774,0.0006465005634962752,0.0006465005634962752
CHEMBL264_Ki,molformer,xgboost,crem_lime,0.08498574012329882,0.033627458911427655,0.04226022797465058,46,1,42,-0.002613344961421498,0.04487357293607208,0.04487357293607208
CHEMBL264_Ki,molformer,xgboost,crem_mean,0.10660572746841297,0.0985324608925839,0.0005408563224638868,46,1,42,0.0016652378579123245,-0.0011243815354484376,0.0011243815354484376
CHEMBL264_Ki,morgan,mlp,crem_lime,0.12262976186826008,0.03545238895797125,-0.009420868281830034,46,1,42,-0.021109063833438354,0.01168819555160832,0.01168819555160832
CHEMBL264_Ki,morgan,mlp,crem_mean,0.09086956993314448,0.11874520405812244,0.001538409167085272,46,1,42,0.0008616156303847232,0.0006767935367005488,0.0006767935367005488
CHEMBL264_Ki,morgan,xgboost,crem_lime,0.01694719425065415,0.1781179253195856,-0.09527263271497385,46,1,42,-0.05411725130201484,-0.04115538141295901,0.04115538141295901
CHEMBL264_Ki,morgan,xgboost,crem_mean,0.0793128508379837,0.09670835652036286,-0.019208190129133763,46,1,42,-0.013276419514602802,-0.00593177061453096,0.00593177061453096
CHEMBL264_Ki,unimol,mlp,crem_lime,0.04347133315110599,0.025384678831952952,-0.013312281995904424,46,1,42,-0.03793197670945462,0.024619694713550196,0.024619694713550196
CHEMBL264_Ki,unimol,mlp,crem_mean,0.10041329391306061,0.1119096360134964,0.01471065416232428,46,1,42,0.006657880902902352,0.008052773259421928,0.008052773259421928
CHEMBL264_Ki,unimol,xgboost,crem_lime,0.03162901924175195,0.01859481570826305,0.005058536188259785,46,1,42,-0.05238749051193265,0.057446026700192436,0.057446026700192436
CHEMBL264_Ki,unimol,xgboost,crem_mean,0.10620867814940498,0.10160247206629615,0.031181795742863797,46,1,42,0.021365071595949692,0.009816724146914105,0.009816724146914105
CHEMBL2835_Ki,molformer,mlp,crem_lime,0.037235565172158765,0.0461088068675131,-0.05345581030649517,5,1,42,-0.1684687301565104,0.11501291985001523,0.11501291985001523
CHEMBL2835_Ki,molformer,mlp,crem_mean,0.31108776844070957,0.2229319593450026,0.09956565959717217,5,1,42,0.014130637239354094,0.08543502235781808,0.08543502235781808
CHEMBL2835_Ki,molformer,xgboost,crem_lime,0.0850988287478129,0.1060880169090796,-0.06164086792830571,5,1,42,-0.2188594955801793,0.1572186276518736,0.1572186276518736
CHEMBL2835_Ki,molformer,xgboost,crem_mean,0.3990937534720625,0.3107843137254901,0.02096774690657477,5,1,42,-0.014130446640092997,0.035098193546667766,0.035098193546667766
CHEMBL2835_Ki,morgan,mlp,crem_lime,0.19131886877515394,0.6807653061224489,-0.1599182926742384,5,1,42,-0.11744841630341482,-0.042469876370823584,0.042469876370823584
CHEMBL2835_Ki,morgan,mlp,crem_mean,0.43149745045661,0.5323223039215684,-0.23398302335640125,5,1,42,-0.06386684207996923,-0.17011618127643202,0.17011618127643202
CHEMBL2835_Ki,morgan,xgboost,crem_lime,0.004498317270383301,0.0305749189184606,0.020498154882163937,5,1,42,-0.18401307163433606,0.2045112265165,0.2045112265165
CHEMBL2835_Ki,morgan,xgboost,crem_mean,0.1891769865841073,0.3379256965944273,-0.14874871001031997,5,1,42,-0.1253217495166711,-0.02342696049364887,0.02342696049364887
CHEMBL2835_Ki,unimol,mlp,crem_lime,0.20069224629679275,0.0739687661156998,0.12672348018109295,5,1,42,0.0007237922006425035,0.12599968798045044,0.12599968798045044
CHEMBL2835_Ki,unimol,mlp,crem_mean,0.382735906862745,0.2962474303980196,-0.039634571777428906,5,1,42,0.0656157965358603,-0.10525036831328921,0.10525036831328921
CHEMBL2835_Ki,unimol,xgboost,crem_lime,0.4564702454899949,0.2045982856584403,0.11845308470682753,5,1,42,0.3205828070821146,-0.2021297223752871,0.2021297223752871
CHEMBL2835_Ki,unimol,xgboost,crem_mean,0.4620084112973944,0.3500469382289828,0.16136221071967727,5,1,42,0.2310408831298009,-0.06967867241012363,0.06967867241012363
CHEMBL287_Ki,molformer,mlp,crem_lime,0.013342962641898317,-0.0085393336849854,-0.01519222384302987,26,1,42,-0.024612050386957372,0.009419826543927503,0.009419826543927503
CHEMBL287_Ki,molformer,mlp,crem_mean,0.21772135398886927,0.186796246457977,-0.05068639622271403,26,1,42,-0.00872336956401381,-0.04196302665870022,0.04196302665870022
CHEMBL287_Ki,molformer,xgboost,crem_lime,0.08339753541163764,0.044789760482524005,0.04277266078450941,26,1,42,-0.00702955170492113,0.04980221248943054,0.04980221248943054
CHEMBL287_Ki,molformer,xgboost,crem_mean,0.21859224515756337,0.11330929964206701,0.0011386857106580606,26,1,42,0.0404148938907447,-0.03927620818008664,0.03927620818008664
CHEMBL287_Ki,morgan,mlp,crem_lime,0.19513111272100753,0.0889416272822186,-0.02320046285341995,26,1,42,-0.011891724165330811,-0.01130873868808914,0.01130873868808914
CHEMBL287_Ki,morgan,mlp,crem_mean,0.150792981675615,0.12703771893075794,-0.023200437418700703,26,1,42,0.0,-0.023200437418700703,0.023200437418700703
CHEMBL287_Ki,morgan,xgboost,crem_lime,0.09783199299024924,0.0875696001135393,-0.004205294539137086,26,1,42,-0.0007903479543302991,-0.0034149465848067866,0.0034149465848067866
CHEMBL287_Ki,morgan,xgboost,crem_mean,0.21830944767157576,0.2320451694322952,-0.01965444022599591,26,1,42,0.09082112750149574,-0.11047556772749165,0.11047556772749165
CHEMBL287_Ki,unimol,mlp,crem_lime,0.09443386015617708,0.025282215978701797,0.047788494500643874,26,1,42,-0.02323748975549613,0.07102598425614001,0.07102598425614001
CHEMBL287_Ki,unimol,mlp,crem_mean,0.0757708588089195,0.12659175501917436,-0.01718944878158246,26,1,42,-0.02672248262496674,0.009533033843384279,0.009533033843384279
CHEMBL287_Ki,unimol,xgboost,crem_lime,0.09392523041620304,0.0386090770625033,-0.003969722224107505,26,1,42,-0.024976306947633836,0.02100658472352633,0.02100658472352633
CHEMBL287_Ki,unimol,xgboost,crem_mean,0.1091551298046829,0.13412144072020596,-0.001535638898672368,26,1,42,0.006105329441906695,-0.007640968340579063,0.007640968340579063
CHEMBL2971_Ki,molformer,mlp,crem_lime,0.047285233772474095,0.1571840479231972,-0.1279212204357126,11,1,42,-0.20060447177628277,0.07268325134057016,0.07268325134057016
CHEMBL2971_Ki,molformer,mlp,crem_mean,0.06526545536427976,0.3302444963839498,-0.08078231292517002,11,1,42,-0.08526395850737917,0.004481645582209148,0.004481645582209148
CHEMBL2971_Ki,molformer,xgboost,crem_lime,0.10980350767328306,0.0934835641976006,-0.11828914002447327,11,1,42,-0.04410382546392058,-0.07418531456055269,0.07418531456055269
CHEMBL2971_Ki,molformer,xgboost,crem_mean,0.2503370490808766,0.3018626996454902,-0.009880520818012078,11,1,42,0.028571428571428692,-0.03845194938944077,0.03845194938944077
CHEMBL2971_Ki,morgan,mlp,crem_lime,0.09591056996405994,0.4322076266489625,-0.30406661646767763,11,1,42,-0.16209200732915255,-0.14197460913852508,0.14197460913852508
CHEMBL2971_Ki,morgan,mlp,crem_mean,0.2731618173597184,0.2726773879142301,-0.013428918468498974,11,1,42,-0.0318418260052577,0.018412907536758727,0.018412907536758727
CHEMBL2971_Ki,morgan,xgboost,crem_lime,0.0200598437769306,0.1750775703512176,-0.24406892980544942,11,1,42,-0.2527122626664897,0.008643332861040298,0.008643332861040298
CHEMBL2971_Ki,morgan,xgboost,crem_mean,0.13749999999999996,0.2672438672438672,-0.034719514701262034,11,1,42,-0.022932902431517382,-0.011786612269744652,0.011786612269744652
CHEMBL2971_Ki,unimol,mlp,crem_lime,0.0346240449999169,0.0886247583658464,-0.05400071336592951,11,1,42,-0.03779958189827402,-0.016201131467655484,0.016201131467655484
CHEMBL2971_Ki,unimol,mlp,crem_mean,0.24457523428206596,0.2081615254797571,-0.00646016597818664,11,1,42,0.0,-0.00646016597818664,0.00646016597818664
CHEMBL2971_Ki,unimol,xgboost,crem_lime,0.10081541948294491,0.0275696373733104,0.05176370134247571,11,1,42,-0.040345442219235736,0.09210914356171145,0.09210914356171145
CHEMBL2971_Ki,unimol,xgboost,crem_mean,0.18288209413786505,0.0,0.08764668623454694,11,1,42,-0.007480415950112701,0.09512710218465964,0.09512710218465964
CHEMBL3979_EC50,molformer,mlp,crem_lime,0.049134961225282,0.0806046212757653,-0.02195756613070947,17,1,42,-0.013073758872285617,-0.008883807258423852,0.008883807258423852
CHEMBL3979_EC50,molformer,mlp,crem_mean,0.0,0.0253267973856209,-0.019438858480417626,17,1,42,-0.012270570533331089,-0.0071682879470865365,0.0071682879470865365
CHEMBL3979_EC50,molformer,xgboost,crem_lime,0.06454122506222153,0.0206995073891625,0.026746940444779432,17,1,42,-0.03346605295859932,0.06021299340337875,0.06021299340337875
CHEMBL3979_EC50,molformer,xgboost,crem_mean,0.0008819321709530333,0.021911223953566,-0.0220953525585198,17,1,42,-0.022419826412942667,0.000324473854422868,0.000324473854422868
CHEMBL3979_EC50,morgan,mlp,crem_lime,0.004188541889031098,0.030036990322137,-0.0716017191434833,17,1,42,-0.17628282882865545,0.10468110968517215,0.10468110968517215
CHEMBL3979_EC50,morgan,mlp,crem_mean,0.008839654619429366,0.0024285803741679,-0.005192570323148432,17,1,42,-0.018227934142470065,0.013035363819321633,0.013035363819321633
CHEMBL3979_EC50,morgan,xgboost,crem_lime,-0.0014763680998496006,0.0280306567071273,0.0077297848475540165,17,1,42,-0.08644123086443797,0.09417101571199199,0.09417101571199199
CHEMBL3979_EC50,morgan,xgboost,crem_mean,0.00046192552584303423,0.0,-0.0114726173693878,17,1,42,-0.02348658887449591,0.012013971505108108,0.012013971505108108
CHEMBL3979_EC50,unimol,mlp,crem_lime,0.11745655411445939,0.1458277713592583,0.014744078330056726,17,1,42,-0.015402389511358082,0.03014646784141481,0.03014646784141481
CHEMBL3979_EC50,unimol,mlp,crem_mean,0.0129808026192898,0.0182971014492753,0.006648749441255633,17,1,42,0.0004687185344864958,0.006180030906769138,0.006180030906769138
CHEMBL3979_EC50,unimol,xgboost,crem_lime,0.12118371890141694,0.0541933132254606,0.04602567741648764,17,1,42,0.022611672402814975,0.023414005013672662,0.023414005013672662
CHEMBL3979_EC50,unimol,xgboost,crem_mean,0.05552135198652264,0.0275289093561188,0.0,17,1,42,-0.00012996072922118185,0.00012996072922118185,0.00012996072922118185
CHEMBL4005_Ki,molformer,mlp,crem_lime,0.08495271542827414,0.118103448275862,-0.03867263616794597,17,1,42,-0.10559966423976822,0.06692702807182224,0.06692702807182224
CHEMBL4005_Ki,molformer,mlp,crem_mean,0.09964520235724567,0.1437451437451437,0.012600901965552691,17,1,42,-0.011609475859087422,0.02421037782464011,0.02421037782464011
CHEMBL4005_Ki,molformer,xgboost,crem_lime,0.009478886858878864,0.0114683977455716,-0.004060961790345533,17,1,42,-0.04089281543181668,0.036831853641471145,0.036831853641471145
CHEMBL4005_Ki,molformer,xgboost,crem_mean,0.20130992625546004,0.1044685990338164,0.0530709743393091,17,1,42,0.03433537789663763,0.01873559644267147,0.01873559644267147
CHEMBL4005_Ki,morgan,mlp,crem_lime,0.09687571116419284,0.1231435023183167,0.014349209741715413,17,1,42,-0.10631021631362149,0.1206594260553369,0.1206594260553369
CHEMBL4005_Ki,morgan,mlp,crem_mean,0.0725547602184688,0.0722317235942555,0.04198561246258614,17,1,42,-0.09079426345291233,0.13277987591549847,0.13277987591549847
CHEMBL4005_Ki,morgan,xgboost,crem_lime,0.050746705229886134,-0.0015279523154593,-0.0033960240381648663,17,1,42,-0.08809483114351369,0.08469880710534881,0.08469880710534881
CHEMBL4005_Ki,morgan,xgboost,crem_mean,0.12461569132962658,0.0755708716235032,0.015778011305724482,17,1,42,-0.018631098375656144,0.034409109681380626,0.034409109681380626
CHEMBL4005_Ki,unimol,mlp,crem_lime,0.09010229368574384,0.0820983414733414,-0.0006252271697661377,17,1,42,0.002835929227290729,-0.0034611563970568665,0.0034611563970568665
CHEMBL4005_Ki,unimol,mlp,crem_mean,0.12250402576489532,0.0856837606837606,-0.023677806745096716,17,1,42,-0.060944710619114884,0.03726690387401817,0.03726690387401817
CHEMBL4005_Ki,unimol,xgboost,crem_lime,0.0719464427241005,0.0293247454412107,0.0039813559133701016,17,1,42,-0.06840120451734183,0.07238256043071194,0.07238256043071194
CHEMBL4005_Ki,unimol,xgboost,crem_mean,0.13765971857244272,0.1083304195804195,0.01091354633021304,17,1,42,-0.06256920209060053,0.07348274842081357,0.07348274842081357
CHEMBL4203_Ki,molformer,mlp,crem_lime,-0.03157212527595203,-0.0190267851163876,0.0033982741036857047,6,1,42,-0.1612389598059836,0.1646372339096693,0.1646372339096693
CHEMBL4203_Ki,molformer,mlp,crem_mean,0.0593924534794878,-0.05594687239099355,0.0,6,1,42,-0.041117906615697634,0.041117906615697634,0.041117906615697634
CHEMBL4203_Ki,molformer,xgboost,crem_lime,-0.056142177896427885,0.07440124468805026,-0.11208865958311118,6,1,42,-0.23319949701979772,0.12111083743668655,0.12111083743668655
CHEMBL4203_Ki,molformer,xgboost,crem_mean,-0.021729121846308687,0.047886348153728595,-0.09688399261358482,6,1,42,-0.10149783923925204,0.004613846625667217,0.004613846625667217
CHEMBL4203_Ki,morgan,mlp,crem_lime,0.12901202150117153,-0.008116936932409998,0.049596061983760216,6,1,42,0.03913038808454978,0.010465673899210437,0.010465673899210437
CHEMBL4203_Ki,morgan,mlp,crem_mean,0.0032797602583963213,0.019412646552958497,0.002054284698773924,6,1,42,0.012168054062667279,-0.010113769363893355,0.010113769363893355
CHEMBL4203_Ki,morgan,xgboost,crem_lime,0.23979392329651222,-0.03361301515520665,0.2754459953872376,6,1,42,0.07585081807206824,0.19959517731516935,0.19959517731516935
CHEMBL4203_Ki,morgan,xgboost,crem_mean,0.07918054779730671,-0.0606192210897436,0.11526812911994813,6,1,42,-0.011116151249224857,0.12638428036917299,0.12638428036917299
CHEMBL4203_Ki,unimol,mlp,crem_lime,0.08220524340094439,0.007709760903727802,-0.02272713954160137,6,1,42,0.02855530281671174,-0.05128244235831311,0.05128244235831311
CHEMBL4203_Ki,unimol,mlp,crem_mean,0.055571756619074354,0.0007475693173993,0.02764375636618277,6,1,42,0.021488173983582118,0.006155582382600652,0.006155582382600652
CHEMBL4203_Ki,unimol,xgboost,crem_lime,0.15250218581337388,0.2012888271187699,-0.09481777655775261,6,1,42,0.04268017633725321,-0.13749795289500583,0.13749795289500583
CHEMBL4203_Ki,unimol,xgboost,crem_mean,-0.015442122434287383,-0.0020537143254173505,-0.007303381062255372,6,1,42,-0.049420529572221164,0.04211714850996579,0.04211714850996579
CHEMBL4616_EC50,molformer,mlp,crem_lime,-0.030661537442840364,0.0,-0.027564644173923496,9,1,42,-0.034101962556831025,0.006537318382907529,0.006537318382907529
CHEMBL4616_EC50,molformer,mlp,crem_mean,0.038930745011826036,0.1609707653457653,-0.001985170904089867,9,1,42,0.0,-0.001985170904089867,0.001985170904089867
CHEMBL4616_EC50,molformer,xgboost,crem_lime,-0.006519811132166566,0.0,0.0,9,1,42,-0.052510838519680886,0.052510838519680886,0.052510838519680886
CHEMBL4616_EC50,molformer,xgboost,crem_mean,0.059495714452348636,0.0398900867650867,0.026907042950821233,9,1,42,0.0,0.026907042950821233,0.026907042950821233
CHEMBL4616_EC50,morgan,mlp,crem_lime,0.0,-0.0118588514626883,0.008449115435646748,9,1,42,-0.023690787792831944,0.03213990322847869,0.03213990322847869
CHEMBL4616_EC50,morgan,mlp,crem_mean,0.16296590385147028,0.0661678627780322,0.017999564996503268,9,1,42,-0.017458674927834927,0.03545823992433819,0.03545823992433819
CHEMBL4616_EC50,morgan,xgboost,crem_lime,0.17328222777945523,0.0085395369132965,0.0,9,1,42,0.1024819283666111,-0.1024819283666111,0.1024819283666111
CHEMBL4616_EC50,morgan,xgboost,crem_mean,0.19909402595534795,0.1107909015970609,0.0,9,1,42,0.1363205400922295,-0.1363205400922295,0.1363205400922295
CHEMBL4616_EC50,unimol,mlp,crem_lime,0.007854945492447474,0.2095890339557875,-0.14136608645126303,9,1,42,0.0,-0.14136608645126303,0.14136608645126303
CHEMBL4616_EC50,unimol,mlp,crem_mean,0.10492139949877162,0.1919163728220931,-0.0031806204141539562,9,1,42,-0.06368733997133479,0.06050671955718083,0.06050671955718083
CHEMBL4616_EC50,unimol,xgboost,crem_lime,0.11476155157124386,-0.0283644968341684,0.154673650916836,9,1,42,0.05669643845468478,0.09797721246215121,0.09797721246215121
CHEMBL4616_EC50,unimol,xgboost,crem_mean,0.06900505481389273,0.1331973581973582,0.0,9,1,42,0.0,0.0,0.0
CHEMBL4792_Ki,molformer,mlp,crem_lime,0.1061757797931145,0.2012275819418676,-0.06820098275572051,21,1,42,-0.015784525409453562,-0.052416457346266945,0.052416457346266945
CHEMBL4792_Ki,molformer,mlp,crem_mean,0.1471269007912373,0.0972222222222222,-0.0009562616737320332,21,1,42,0.03273229610242506,-0.0336885577761571,0.0336885577761571
CHEMBL4792_Ki,molformer,xgboost,crem_lime,0.1097613504242132,0.1533244162377003,-0.013880624493082343,21,1,42,0.01242612481820593,-0.026306749311288274,0.026306749311288274
CHEMBL4792_Ki,molformer,xgboost,crem_mean,0.14230370176132903,0.1079421309684467,0.0015853944873219644,21,1,42,0.006329739334486656,-0.004744344847164692,0.004744344847164692
CHEMBL4792_Ki,morgan,mlp,crem_lime,0.19491458672982223,0.1376128895716531,0.025990634392211595,21,1,42,0.03611258811696179,-0.010121953724750193,0.010121953724750193
CHEMBL4792_Ki,morgan,mlp,crem_mean,0.19266936831448978,0.089334871253797,0.0342480426031815,21,1,42,0.03710294694158456,-0.002854904338403061,0.002854904338403061
CHEMBL4792_Ki,morgan,xgboost,crem_lime,0.0679815913328836,0.0392781395828215,0.030922485664604295,21,1,42,-0.11491242594363782,0.1458349116082421,0.1458349116082421
CHEMBL4792_Ki,morgan,xgboost,crem_mean,0.10134170445944646,0.0,0.058715479588336304,21,1,42,-0.01893542462233691,0.07765090421067322,0.07765090421067322
CHEMBL4792_Ki,unimol,mlp,crem_lime,0.09242348106328434,0.2029457688174206,-0.014563853560917606,21,1,42,-0.056924584501783386,0.04236073094086578,0.04236073094086578
CHEMBL4792_Ki,unimol,mlp,crem_mean,0.1229521669714152,0.0937774629972247,0.025860906860230196,21,1,42,-0.007175277474527723,0.03303618433475792,0.03303618433475792
CHEMBL4792_Ki,unimol,xgboost,crem_lime,0.10646186306071626,0.3662473405452344,-0.2127851565123446,21,1,42,-0.08237914153845641,-0.13040601497388818,0.13040601497388818
CHEMBL4792_Ki,unimol,xgboost,crem_mean,0.11555436641821876,0.1570466500917628,-0.047106862800769506,21,1,42,-0.0025907438287040285,-0.04451611897206548,0.04451611897206548
CHEMBL1862_Ki,molformer,mlp,crem_lime,0.07364664892682986,0.07691661038762376,-0.04145353463814738,8,3,"42,43,44",-0.04710870219750453,0.0056551675593571465,0.0056551675593571465
CHEMBL1862_Ki,molformer,mlp,crem_mean,0.12576707695458073,0.18883869390370653,-0.03927738149892525,8,3,"42,43,44",-0.06789591356726893,0.02861853206834368,0.02861853206834368
CHEMBL1862_Ki,molformer,xgboost,crem_lime,0.07537934600465765,0.1397768607400136,0.038929707105198684,8,3,"42,43,44",-0.04488186148547488,0.08381156859067357,0.08381156859067357
CHEMBL1862_Ki,molformer,xgboost,crem_mean,0.1806745835662481,0.19479884153402344,0.020018304310265352,8,3,"42,43,44",0.014100217934463068,0.005918086375802285,0.005918086375802285
CHEMBL1862_Ki,morgan,mlp,crem_lime,-0.01573924214384073,0.20674349757094784,-0.15098099857675468,8,3,"42,43,44",-0.21389765569007296,0.06291665711331829,0.06291665711331829
CHEMBL1862_Ki,morgan,mlp,crem_mean,0.1596171672790891,0.3186051340931225,-0.12809043666121395,8,3,"42,43,44",-0.14287926757706962,0.014788830915855672,0.014788830915855672
CHEMBL1862_Ki,morgan,xgboost,crem_lime,0.06345884846429475,0.0706391117992479,-0.007180263334953148,8,3,"42,43,44",-0.06368912215559445,0.05650885882064131,0.05650885882064131
CHEMBL1862_Ki,morgan,xgboost,crem_mean,0.10504708564897045,0.10944492151438745,0.06014238456475811,8,3,"42,43,44",0.037362365485396926,0.022780019079361183,0.022780019079361183
CHEMBL1862_Ki,unimol,mlp,crem_lime,0.09814101543070947,0.12112523646631213,0.007390281217486829,8,3,"42,43,44",-0.02397129000252772,0.03136157122001455,0.03136157122001455
CHEMBL1862_Ki,unimol,mlp,crem_mean,0.10387890152728932,0.16110681650344322,0.009620221589228935,8,3,"42,43,44",0.027256132260846756,-0.01763591067161782,0.01763591067161782
CHEMBL1862_Ki,unimol,xgboost,crem_lime,0.05736885898983819,0.1354696436322771,-0.057988657201618235,8,3,"42,43,44",-0.018599060169143505,-0.03938959703247473,0.03938959703247473
CHEMBL1862_Ki,unimol,xgboost,crem_mean,0.24093611960873318,0.1903180089948689,0.03841072737526374,8,3,"42,43,44",0.07995228575306772,-0.041541558377803975,0.041541558377803975
CHEMBL1871_Ki,molformer,mlp,crem_lime,0.11322997171464948,0.14065310473198375,0.024771106545483028,11,3,"42,43,44",0.07072253214447122,-0.04595142559898819,0.04595142559898819
CHEMBL1871_Ki,molformer,mlp,crem_mean,0.0651602628230779,0.08939143738876498,0.012386128693901786,11,3,"42,43,44",0.017549683960097,-0.005163555266195212,0.005163555266195212
CHEMBL1871_Ki,molformer,xgboost,crem_lime,0.14789792622052958,0.07716918837221133,0.03713070561872142,11,3,"42,43,44",0.08460427577775381,-0.04747357015903239,0.04747357015903239
CHEMBL1871_Ki,molformer,xgboost,crem_mean,0.12955960161842506,0.13854717813051143,-0.0117018111701996,11,3,"42,43,44",-0.020559349322479548,0.008857538152279947,0.008857538152279947
CHEMBL1871_Ki,morgan,mlp,crem_lime,0.18956271649031262,0.25858109999405327,-0.0525582432789943,11,3,"42,43,44",-0.04330542048686317,-0.009252822792131125,0.009252822792131125
CHEMBL1871_Ki,morgan,mlp,crem_mean,0.0543902030509173,0.09868851386708526,-0.010964681537598192,11,3,"42,43,44",0.00025176230843466235,-0.011216443846032854,0.011216443846032854
CHEMBL1871_Ki,morgan,xgboost,crem_lime,0.22706505544637703,0.15807637635149893,0.18020962313232186,11,3,"42,43,44",0.17662021989162008,0.003589403240701783,0.003589403240701783
CHEMBL1871_Ki,morgan,xgboost,crem_mean,0.09929078014184389,0.03253968253968257,0.006133798908256195,11,3,"42,43,44",-0.016538798965218572,0.022672597873474767,0.022672597873474767
CHEMBL1871_Ki,unimol,mlp,crem_lime,0.03954489113774497,0.21992769904529572,-0.0779701002623001,11,3,"42,43,44",-0.0234334884941371,-0.054536611768163,0.054536611768163
CHEMBL1871_Ki,unimol,mlp,crem_mean,0.05044689638420286,0.1162731692997196,-0.01831903581143001,11,3,"42,43,44",-0.010467025989070115,-0.007852009822359896,0.007852009822359896
CHEMBL1871_Ki,unimol,xgboost,crem_lime,0.09297394660516002,0.06847486893605784,-0.040727960617543996,11,3,"42,43,44",-0.02914121961990948,-0.011586740997634515,0.011586740997634515
CHEMBL1871_Ki,unimol,xgboost,crem_mean,0.06271786492374723,0.0560167648709315,-0.003389550264550234,11,3,"42,43,44",-0.017215103159252093,0.013825552894701859,0.013825552894701859
CHEMBL2034_Ki,molformer,mlp,crem_lime,0.10119227071559664,0.24831019389504916,-0.026939737919713824,12,3,"42,43,44",-0.05781095726051726,0.030871219340803432,0.030871219340803432
CHEMBL2034_Ki,molformer,mlp,crem_mean,0.11089871068862656,0.15323718682167953,0.0045657810493222,12,3,"42,43,44",0.011539117356911235,-0.006973336307589035,0.006973336307589035
CHEMBL2034_Ki,molformer,xgboost,crem_lime,0.19796927422427846,0.1158194474732794,-0.002146234641615674,12,3,"42,43,44",0.017679712084846783,-0.019825946726462457,0.019825946726462457
CHEMBL2034_Ki,molformer,xgboost,crem_mean,0.133148329670886,0.1235623255593572,-0.007661940511372682,12,3,"42,43,44",-0.007338076463725766,-0.000323864047646916,0.000323864047646916
CHEMBL2034_Ki,morgan,mlp,crem_lime,0.060614394339363234,0.279508100841193,-0.08213645702856281,12,3,"42,43,44",-0.05422480658838447,-0.02791165044017835,0.02791165044017835
CHEMBL2034_Ki,morgan,mlp,crem_mean,0.16989499622058937,0.1829303168612386,-0.006225359890851764,12,3,"42,43,44",-0.01885237817622623,0.012627018285374467,0.012627018285374467
CHEMBL2034_Ki,morgan,xgboost,crem_lime,-0.009569964669032784,0.14145021284847806,-0.11801158323235988,12,3,"42,43,44",-0.18751839824985073,0.06950681501749084,0.06950681501749084
CHEMBL2034_Ki,morgan,xgboost,crem_mean,0.08060923516750582,0.10118192098852063,-0.02860820198482529,12,3,"42,43,44",0.0008901106628379902,-0.02949831264766328,0.02949831264766328
CHEMBL2034_Ki,unimol,mlp,crem_lime,0.1961612733343458,0.2824998153402392,-0.06312008270878099,12,3,"42,43,44",-0.014382966505544409,-0.04873711620323658,0.04873711620323658
CHEMBL2034_Ki,unimol,mlp,crem_mean,0.14565444496450586,0.1862056547437848,-0.02973744443388167,12,3,"42,43,44",-0.008780529787023369,-0.0209569146468583,0.0209569146468583
CHEMBL2034_Ki,unimol,xgboost,crem_lime,0.06753664040989474,0.24324789775218467,-0.10496760377381288,12,3,"42,43,44",-0.12573609914577866,0.020768495371965776,0.020768495371965776
CHEMBL2034_Ki,unimol,xgboost,crem_mean,0.1297711531521539,0.12992980682251343,-0.04152161063299338,12,3,"42,43,44",-0.027057060949045992,-0.014464549683947388,0.014464549683947388
CHEMBL2047_EC50,molformer,mlp,crem_lime,0.11157307778534545,0.19633292624265253,0.03755223133198195,10,3,"42,43,44",-0.011929971724521884,0.04948220305650383,0.04948220305650383
CHEMBL2047_EC50,molformer,mlp,crem_mean,0.05741546170852106,0.13150265043900758,-0.05779330634424429,10,3,"42,43,44",-0.08920607132700975,0.03141276498276546,0.03141276498276546
CHEMBL2047_EC50,molformer,xgboost,crem_lime,0.1264162784321173,0.06285673873097242,-0.01714792570218608,10,3,"42,43,44",-0.05090872691893511,0.03376080121674903,0.03376080121674903
CHEMBL2047_EC50,molformer,xgboost,crem_mean,0.04585588409429166,0.059307662350497614,-0.03682830911095606,10,3,"42,43,44",-0.05322441766477186,0.0163961085538158,0.0163961085538158
CHEMBL2047_EC50,morgan,mlp,crem_lime,0.16882727355330826,0.1469263901487271,-0.030104744857451703,10,3,"42,43,44",-0.045341154077810454,0.015236409220358751,0.015236409220358751
CHEMBL2047_EC50,morgan,mlp,crem_mean,0.10479336283090059,0.012337699572120534,0.03450269782907841,10,3,"42,43,44",0.02127397556587231,0.013228722263206098,0.013228722263206098
CHEMBL2047_EC50,morgan,xgboost,crem_lime,0.0211133206129612,0.13644875626913738,-0.09771916781432603,10,3,"42,43,44",-0.1554920449853004,0.05777287717097436,0.05777287717097436
CHEMBL2047_EC50,morgan,xgboost,crem_mean,0.0030423990293071005,0.02249373527326335,-0.01819611872001716,10,3,"42,43,44",-0.027183253317053208,0.008987134597036046,0.008987134597036046
CHEMBL2047_EC50,unimol,mlp,crem_lime,0.028001291318150916,0.09446717700179615,-0.06646588568364523,10,3,"42,43,44",-0.06327308105474691,-0.003192804628898316,0.003192804628898316
CHEMBL2047_EC50,unimol,mlp,crem_mean,0.044463270987022366,0.05681199845480295,-0.0013067397078047535,10,3,"42,43,44",-0.004906857495458206,0.0036001177876534528,0.0036001177876534528
CHEMBL2047_EC50,unimol,xgboost,crem_lime,0.11188152533419254,0.07431450960256354,0.010017697300443506,10,3,"42,43,44",-0.006241270754149958,0.016258968054593464,0.016258968054593464
CHEMBL2047_EC50,unimol,xgboost,crem_mean,0.03376211387201985,0.07514255494626647,-0.009052422417119118,10,3,"42,43,44",-0.015893118084264884,0.0068406956671457665,0.0068406956671457665
CHEMBL204_Ki,molformer,mlp,crem_lime,0.13236541816729094,0.0700941658907193,0.02393933412141276,47,3,"42,43,44",0.029020728032329697,-0.005081393910916936,0.005081393910916936
CHEMBL204_Ki,molformer,mlp,crem_mean,0.0687848613431929,0.06764629093345556,0.007120595602204016,47,3,"42,43,44",0.012471652470809967,-0.005351056868605951,0.005351056868605951
CHEMBL204_Ki,molformer,xgboost,crem_lime,0.028343822285206835,0.12291988570346098,-0.025148344491996703,47,3,"42,43,44",-0.016916403379056616,-0.008231941112940087,0.008231941112940087
CHEMBL204_Ki,molformer,xgboost,crem_mean,0.028765863388003837,0.0689527881307092,-0.018545296188201874,47,3,"42,43,44",-0.022253083671804882,0.003707787483603009,0.003707787483603009
CHEMBL204_Ki,morgan,mlp,crem_lime,0.09563225996512903,0.17246417742880393,-0.05864867248260536,47,3,"42,43,44",-0.036331062508808354,-0.022317609973797004,0.022317609973797004
CHEMBL204_Ki,morgan,mlp,crem_mean,0.07077072170888514,0.11908837814504952,-0.021017716606276535,47,3,"42,43,44",-0.023069350410899702,0.0020516338046231673,0.0020516338046231673
CHEMBL204_Ki,morgan,xgboost,crem_lime,0.013677097856072629,0.11811649231852346,-0.11372323679944363,47,3,"42,43,44",-0.09484820945094148,-0.018875027348502146,0.018875027348502146
CHEMBL204_Ki,morgan,xgboost,crem_mean,0.047253885653332,0.06592385947937947,-0.025965335072955464,47,3,"42,43,44",-0.029249999999999974,0.0032846649270445102,0.0032846649270445102
CHEMBL204_Ki,unimol,mlp,crem_lime,0.08308362447215921,0.10426743375990144,-0.03467459926638986,47,3,"42,43,44",-0.03499050924722056,0.00031590998083069755,0.00031590998083069755
CHEMBL204_Ki,unimol,mlp,crem_mean,0.07963504132421456,0.07834726481003616,-0.001995575080916464,47,3,"42,43,44",-0.015042256832920271,0.013046681752003807,0.013046681752003807
CHEMBL204_Ki,unimol,xgboost,crem_lime,0.06281801054039214,0.1175333337752199,-0.07219414109025657,47,3,"42,43,44",-0.0464171924689632,-0.025776948621293372,0.025776948621293372
CHEMBL204_Ki,unimol,xgboost,crem_mean,0.07765392486002927,0.10622470590997428,-0.017554477942749135,47,3,"42,43,44",-0.028077706463467387,0.010523228520718252,0.010523228520718252
CHEMBL2147_Ki,molformer,mlp,crem_lime,0.03817616665195677,0.012108305105367567,-0.03076490504544757,13,3,"42,43,44",-0.06795728491409112,0.037192379868643544,0.037192379868643544
CHEMBL2147_Ki,molformer,mlp,crem_mean,0.09813767154209903,0.05992219258935927,0.026758066313631396,13,3,"42,43,44",0.0,0.026758066313631396,0.026758066313631396
CHEMBL2147_Ki,molformer,xgboost,crem_lime,-0.016679760426659498,0.0841053921373871,-0.07629398602376122,13,3,"42,43,44",-0.11186105399748851,0.03556706797372729,0.03556706797372729
CHEMBL2147_Ki,molformer,xgboost,crem_mean,0.036476345808845,0.1387638425590134,-0.06342087886205536,13,3,"42,43,44",-0.051671925578676524,-0.011748953283378834,0.011748953283378834
CHEMBL2147_Ki,morgan,mlp,crem_lime,0.09355485158374162,0.17915247950615745,-0.031234862689454964,13,3,"42,43,44",-0.11127584916215538,0.08004098647270041,0.08004098647270041
CHEMBL2147_Ki,morgan,mlp,crem_mean,0.05661961758153853,0.2312372541790216,-0.025126761929252422,13,3,"42,43,44",-0.04699839420921841,0.02187163227996599,0.02187163227996599
CHEMBL2147_Ki,morgan,xgboost,crem_lime,-0.006370295114856434,0.15646259354505668,-0.16299196771270402,13,3,"42,43,44",-0.21525629027747661,0.05226432256477259,0.05226432256477259
CHEMBL2147_Ki,morgan,xgboost,crem_mean,0.03674745064097427,0.0880155282560281,-0.02404960847975547,13,3,"42,43,44",-0.029351365932828707,0.005301757453073236,0.005301757453073236
CHEMBL2147_Ki,unimol,mlp,crem_lime,0.0,0.07820944890666913,0.0,13,3,"42,43,44",0.0,0.0,0.0
CHEMBL2147_Ki,unimol,mlp,crem_mean,0.08459537908545246,0.18685997381155817,-0.05576769566113465,13,3,"42,43,44",-0.05165859235049586,-0.004109103310638795,0.004109103310638795
CHEMBL2147_Ki,unimol,xgboost,crem_lime,0.0377055558424888,0.11925106973155127,-0.007017702787753988,13,3,"42,43,44",0.02407604034700339,-0.03109374313475738,0.03109374313475738
CHEMBL2147_Ki,unimol,xgboost,crem_mean,0.1349787030536976,0.16223855050910432,0.0,13,3,"42,43,44",-0.01814421955332993,0.01814421955332993,0.01814421955332993
CHEMBL218_EC50,molformer,mlp,crem_lime,0.15528216322121227,0.18654458343239194,0.022884234166555946,20,3,"42,43,44",-0.013530299113428412,0.036414533279984354,0.036414533279984354
CHEMBL218_EC50,molformer,mlp,crem_mean,0.11626355221576268,0.16752579816857643,-0.01657396371456125,20,3,"42,43,44",0.004449472891230821,-0.021023436605792072,0.021023436605792072
CHEMBL218_EC50,molformer,xgboost,crem_lime,0.12490457242703172,0.15198068225860467,-0.02613244509554058,20,3,"42,43,44",-0.08592576444589241,0.05979331935035183,0.05979331935035183
CHEMBL218_EC50,molformer,xgboost,crem_mean,0.09387951108999532,0.10092495021086029,0.015555868710203796,20,3,"42,43,44",-0.02803920151982646,0.04359507023003026,0.04359507023003026
CHEMBL218_EC50,morgan,mlp,crem_lime,0.059486291677416474,0.0927813289644668,0.007211224693606695,20,3,"42,43,44",-0.003131763345914744,0.010342988039521439,0.010342988039521439
CHEMBL218_EC50,morgan,mlp,crem_mean,0.09348907193692448,0.15400806238227235,-0.010460615622201463,20,3,"42,43,44",-0.021264861779945514,0.01080424615774405,0.01080424615774405
CHEMBL218_EC50,morgan,xgboost,crem_lime,0.040230179336101346,0.09522984902172779,-0.07295286082273439,20,3,"42,43,44",0.006686139499352959,-0.07963900032208734,0.07963900032208734
CHEMBL218_EC50,morgan,xgboost,crem_mean,0.06384503299934563,0.13500863436004945,-0.02360822813404103,20,3,"42,43,44",-0.027394884424511386,0.0037866562904703555,0.0037866562904703555
CHEMBL218_EC50,unimol,mlp,crem_lime,0.11896617382949232,0.08155025245151554,0.060940587965578906,20,3,"42,43,44",0.04348733582664711,0.0174532521389318,0.0174532521389318
CHEMBL218_EC50,unimol,mlp,crem_mean,0.12306763810270649,0.10074188443090758,0.011339432984150292,20,3,"42,43,44",0.007414609479662761,0.003924823504487532,0.003924823504487532
CHEMBL218_EC50,unimol,xgboost,crem_lime,0.1209850857655222,0.1088565827403045,0.05272696555041635,20,3,"42,43,44",0.0018063151344325755,0.05092065041598377,0.05092065041598377
CHEMBL218_EC50,unimol,xgboost,crem_mean,0.13750625809714118,0.07321508557638265,0.05696759624801218,20,3,"42,43,44",0.01048789198430701,0.04647970426370517,0.04647970426370517
CHEMBL219_Ki,molformer,mlp,crem_lime,0.07789433623848832,0.07685385065771361,0.01310107659817633,34,3,"42,43,44",0.024970820945212358,-0.011869744347036028,0.011869744347036028
CHEMBL219_Ki,molformer,mlp,crem_mean,0.005239898989899033,0.037553118435514204,0.0,34,3,"42,43,44",-0.019960667859818003,0.019960667859818003,0.019960667859818003
CHEMBL219_Ki,molformer,xgboost,crem_lime,0.02662055922842097,0.09862242476231237,-0.038965021428488095,34,3,"42,43,44",-0.062038874894478215,0.02307385346599012,0.02307385346599012
CHEMBL219_Ki,molformer,xgboost,crem_mean,0.03034466725619002,0.028822461272918598,0.0,34,3,"42,43,44",-0.0057991837100297644,0.0057991837100297644,0.0057991837100297644
CHEMBL219_Ki,morgan,mlp,crem_lime,0.07788240032874093,0.11206001839580806,-0.03353514737267406,34,3,"42,43,44",-0.041784305530078766,0.008249158157404707,0.008249158157404707
CHEMBL219_Ki,morgan,mlp,crem_mean,0.0154314375248413,0.07100122100122243,-0.011500503829554838,34,3,"42,43,44",-0.013187495971666095,0.0016869921421112568,0.0016869921421112568
CHEMBL219_Ki,morgan,xgboost,crem_lime,0.03195408601722609,0.13626667536185205,-0.019192047335160563,34,3,"42,43,44",-0.0654928376946105,0.04630079035944994,0.04630079035944994
CHEMBL219_Ki,morgan,xgboost,crem_mean,0.04971189749452613,0.03265456184671887,-0.011900858228680382,34,3,"42,43,44",0.0,-0.011900858228680382,0.011900858228680382
CHEMBL219_Ki,unimol,mlp,crem_lime,0.07456088444916023,0.06952461874595134,-0.01658088514801591,34,3,"42,43,44",-0.0038214404185776957,-0.012759444729438213,0.012759444729438213
CHEMBL219_Ki,unimol,mlp,crem_mean,0.03856167760584141,0.028845455986066554,-0.009799598347497348,34,3,"42,43,44",-0.002875968638234491,-0.006923629709262857,0.006923629709262857
CHEMBL219_Ki,unimol,xgboost,crem_lime,0.09580995789268887,0.03872418991687146,0.06268970260179571,34,3,"42,43,44",0.029258197674044487,0.033431504927751224,0.033431504927751224
CHEMBL219_Ki,unimol,xgboost,crem_mean,0.0372393412809999,0.05576304117970875,0.0020052702101574383,34,3,"42,43,44",0.0,0.0020052702101574383,0.0020052702101574383
CHEMBL228_Ki,molformer,mlp,crem_lime,0.06323106761130311,0.05479656205634697,0.011677082465441524,31,3,"42,43,44",-0.009547403246493577,0.021224485711935102,0.021224485711935102
CHEMBL228_Ki,molformer,mlp,crem_mean,0.11316319474942653,0.15132529241543657,0.0,31,3,"42,43,44",0.0,0.0,0.0
CHEMBL228_Ki,molformer,xgboost,crem_lime,0.0349523247171911,0.17251928655529267,-0.09173099441506341,31,3,"42,43,44",-0.09867377906489966,0.006942784649836248,0.006942784649836248
CHEMBL228_Ki,molformer,xgboost,crem_mean,0.08696585514297679,0.18177241641337383,-0.003356481481481502,31,3,"42,43,44",-0.0005568783068783251,-0.002799603174603177,0.002799603174603177
CHEMBL228_Ki,morgan,mlp,crem_lime,0.07228337019890557,0.17430803881377208,-0.0292356642506349,31,3,"42,43,44",-0.04901776957925069,0.019782105328615792,0.019782105328615792
CHEMBL228_Ki,morgan,mlp,crem_mean,0.1501880973090271,0.15254237288135586,0.0,31,3,"42,43,44",-0.002327173086256934,0.002327173086256934,0.002327173086256934
CHEMBL228_Ki,morgan,xgboost,crem_lime,0.16238736753442634,0.0859646859418553,-0.029799175088381924,31,3,"42,43,44",-0.025542908868739264,-0.00425626621964266,0.00425626621964266
CHEMBL228_Ki,morgan,xgboost,crem_mean,0.13230831156374176,0.0624136097820308,0.053338068181818174,31,3,"42,43,44",0.032827013491867674,0.0205110546899505,0.0205110546899505
CHEMBL228_Ki,unimol,mlp,crem_lime,0.08242018398268393,0.11728699302814549,-0.006264539637945071,31,3,"42,43,44",-0.011640377307670202,0.005375837669725131,0.005375837669725131
CHEMBL228_Ki,unimol,mlp,crem_mean,0.17613882958860838,0.14975211414570674,0.0,31,3,"42,43,44",0.0,0.0,0.0
CHEMBL228_Ki,unimol,xgboost,crem_lime,0.085023181636456,0.13623758939522077,-0.07104371088151248,31,3,"42,43,44",-0.026623471379815897,-0.04442023950169659,0.04442023950169659
CHEMBL228_Ki,unimol,xgboost,crem_mean,0.12604730979062526,0.17367112235150553,-0.006653502747252682,31,3,"42,43,44",0.0,-0.006653502747252682,0.006653502747252682
CHEMBL231_Ki,molformer,mlp,crem_lime,0.17435233796633257,0.20932841228712418,-0.009806185071630849,15,3,"42,43,44",-0.03457277342558309,0.02476658835395224,0.02476658835395224
CHEMBL231_Ki,molformer,mlp,crem_mean,0.08040408664299416,0.13292261573995318,0.010544265110685402,15,3,"42,43,44",-0.0011388415605184492,0.011683106671203852,0.011683106671203852
CHEMBL231_Ki,molformer,xgboost,crem_lime,0.2052561243753052,0.17640065081946518,-0.012059347608464055,15,3,"42,43,44",-0.009797219316420972,-0.002262128292043083,0.002262128292043083
CHEMBL231_Ki,molformer,xgboost,crem_mean,0.03197509648458454,0.10045425503848197,-0.02804303834959697,15,3,"42,43,44",-0.04491845336075812,0.016875415011161153,0.016875415011161153
CHEMBL231_Ki,morgan,mlp,crem_lime,-0.0149711996893036,0.2076516886433303,-0.07322431773290483,15,3,"42,43,44",-0.07092362580634892,-0.002300691926555909,0.002300691926555909
CHEMBL231_Ki,morgan,mlp,crem_mean,0.0615376779776221,0.19410977496560824,-0.056176576511289225,15,3,"42,43,44",-0.09720512837883888,0.041028551867549654,0.041028551867549654
CHEMBL231_Ki,morgan,xgboost,crem_lime,0.0082642212346194,0.2271614965243587,-0.16885331143951826,15,3,"42,43,44",-0.21963189392112709,0.050778582481608825,0.050778582481608825
CHEMBL231_Ki,morgan,xgboost,crem_mean,0.054297437306580536,0.13026938496254006,-0.06806878506845288,15,3,"42,43,44",-0.01963835534213678,-0.048430429726316095,0.048430429726316095
CHEMBL231_Ki,unimol,mlp,crem_lime,0.10231834273560715,0.1383382715896368,-0.058544865044913505,15,3,"42,43,44",-0.019069795801744338,-0.03947506924316917,0.03947506924316917
CHEMBL231_Ki,unimol,mlp,crem_mean,0.07598850374992246,0.15102967720439037,-0.050582213311102006,15,3,"42,43,44",-0.04406209828897577,-0.006520115022126238,0.006520115022126238
CHEMBL231_Ki,unimol,xgboost,crem_lime,0.08464802809085686,0.19001173060765228,0.031637960372252916,15,3,"42,43,44",-0.004045534676660467,0.03568349504891338,0.03568349504891338
CHEMBL231_Ki,unimol,xgboost,crem_mean,0.07886172767286108,0.10273159913295904,-0.05040707737916578,15,3,"42,43,44",-0.027792002768984796,-0.02261507461018098,0.02261507461018098
CHEMBL233_Ki,molformer,mlp,crem_lime,0.20935385946154678,0.11029698316089526,0.04649092743677987,46,3,"42,43,44",0.05512283662350788,-0.008631909186728008,0.008631909186728008
CHEMBL233_Ki,molformer,mlp,crem_mean,0.06756041363801868,0.09887982647366284,-0.0015396692281022112,46,3,"42,43,44",-0.027219368012148516,0.025679698784046304,0.025679698784046304
CHEMBL233_Ki,molformer,xgboost,crem_lime,0.09109888852853334,0.1646004009304037,-0.01915180683938226,46,3,"42,43,44",-0.028569725525703714,0.009417918686321455,0.009417918686321455
CHEMBL233_Ki,molformer,xgboost,crem_mean,0.05917147706744719,0.12841399770113693,-0.04446862195083007,46,3,"42,43,44",-0.028282934936370498,-0.01618568701445957,0.01618568701445957
CHEMBL233_Ki,morgan,mlp,crem_lime,0.10156235618517284,0.16787585696611487,-0.050365932990227597,46,3,"42,43,44",-0.04966308078270591,-0.0007028522075216842,0.0007028522075216842
CHEMBL233_Ki,morgan,mlp,crem_mean,0.21674264872350057,0.1502136352873579,0.0007132317210562233,46,3,"42,43,44",-0.0016650867073822549,0.002378318428438478,0.002378318428438478
CHEMBL233_Ki,morgan,xgboost,crem_lime,0.04506673700555515,0.1012044126764288,-0.005831763244458265,46,3,"42,43,44",-0.06330433599151875,0.05747257274706048,0.05747257274706048
CHEMBL233_Ki,morgan,xgboost,crem_mean,0.1448991080492829,0.13099582225781675,-0.0020267909533109156,46,3,"42,43,44",0.05114722042718283,-0.05317401138049375,0.05317401138049375
CHEMBL233_Ki,unimol,mlp,crem_lime,0.1365681450650114,0.20647315259302962,0.005896498037053333,46,3,"42,43,44",0.007383274716273813,-0.0014867766792204806,0.0014867766792204806
CHEMBL233_Ki,unimol,mlp,crem_mean,0.17308407316047444,0.1237262476694062,-0.001388201676014389,46,3,"42,43,44",0.005978887558655124,-0.007367089234669513,0.007367089234669513
CHEMBL233_Ki,unimol,xgboost,crem_lime,0.1300417463761665,0.17331476101505455,-0.027082932889640247,46,3,"42,43,44",0.004345672574579979,-0.03142860546422023,0.03142860546422023
CHEMBL233_Ki,unimol,xgboost,crem_mean,0.11944252206752204,0.13035357947133197,-0.012461086223205272,46,3,"42,43,44",-0.005229850210716029,-0.0072312360124892425,0.0072312360124892425
CHEMBL236_Ki,molformer,mlp,crem_lime,0.04127568086265943,0.0906310730895637,0.0,37,3,"42,43,44",-0.03733538880722609,0.03733538880722609,0.03733538880722609
CHEMBL236_Ki,molformer,mlp,crem_mean,0.06607956518820937,0.11339127859913767,-0.012809036307090897,37,3,"42,43,44",-0.025877429602512603,0.013068393295421706,0.013068393295421706
CHEMBL236_Ki,molformer,xgboost,crem_lime,0.05048362521580233,0.11920765910462057,-0.004921556488139766,37,3,"42,43,44",-0.018158206640929098,0.013236650152789332,0.013236650152789332
CHEMBL236_Ki,molformer,xgboost,crem_mean,0.0985093145879495,0.13071858696858688,0.0,37,3,"42,43,44",-0.0004497482371250139,0.0004497482371250139,0.0004497482371250139
CHEMBL236_Ki,morgan,mlp,crem_lime,0.0352018743709627,0.1705975179790591,-0.09976707978876914,37,3,"42,43,44",-0.07947861115716803,-0.02028846863160111,0.02028846863160111
CHEMBL236_Ki,morgan,mlp,crem_mean,0.04840686274509797,0.12621266450878477,-0.03509894267635619,37,3,"42,43,44",-0.04846564383329088,0.013366701156934696,0.013366701156934696
CHEMBL236_Ki,morgan,xgboost,crem_lime,0.0,0.15905087361898504,-0.06741721057800314,37,3,"42,43,44",-0.12152931848468475,0.05411210790668161,0.05411210790668161
CHEMBL236_Ki,morgan,xgboost,crem_mean,0.057686108763031735,0.1356159812409812,-0.03700715103721913,37,3,"42,43,44",0.0,-0.03700715103721913,0.03700715103721913
CHEMBL236_Ki,unimol,mlp,crem_lime,0.056532095319784266,0.11604478364269798,-0.01809703340914537,37,3,"42,43,44",-0.06498016651456592,0.046883133105420555,0.046883133105420555
CHEMBL236_Ki,unimol,mlp,crem_mean,0.08652912223834393,0.1084750666000666,-0.002577419856831631,37,3,"42,43,44",-0.002199427633369791,-0.0003779922234618399,0.0003779922234618399
CHEMBL236_Ki,unimol,xgboost,crem_lime,0.06819816734929211,0.11341447465601494,-0.024492580690573536,37,3,"42,43,44",-0.027808423129771,0.0033158424391974625,0.0033158424391974625
CHEMBL236_Ki,unimol,xgboost,crem_mean,0.09912633235710154,0.12220705554474372,0.0,37,3,"42,43,44",0.0,0.0,0.0
CHEMBL237_EC50,molformer,mlp,crem_lime,0.21450018033732937,0.18049919900679318,-0.023342763704671844,18,3,"42,43,44",-0.018852590809848746,-0.004490172894823098,0.004490172894823098
CHEMBL237_EC50,molformer,mlp,crem_mean,0.25768707978529404,0.30324133787590196,-0.012597675855163625,18,3,"42,43,44",-0.03220019812804308,0.01960252227287946,0.01960252227287946
CHEMBL237_EC50,molformer,xgboost,crem_lime,0.11167790505699896,0.11663329432321874,0.02034629489618394,18,3,"42,43,44",-0.034262239448869275,0.054608534345053215,0.054608534345053215
CHEMBL237_EC50,molformer,xgboost,crem_mean,0.18929024679024675,0.253242266992267,-0.045157065239664174,18,3,"42,43,44",-0.03684491753622443,-0.008312147703439743,0.008312147703439743
CHEMBL237_EC50,morgan,mlp,crem_lime,0.12994306248494178,0.18142575172958886,-0.07293693750353845,18,3,"42,43,44",-0.02946364091308617,-0.043473296590452286,0.043473296590452286
CHEMBL237_EC50,morgan,mlp,crem_mean,0.34387966702107037,0.272213908838016,0.0036130329657115944,18,3,"42,43,44",-0.018350190957059757,0.02196322392277135,0.02196322392277135
CHEMBL237_EC50,morgan,xgboost,crem_lime,0.09397369194347405,0.1699269090724136,-0.12920803941388478,18,3,"42,43,44",-0.13725869240065913,0.008050652986774348,0.008050652986774348
CHEMBL237_EC50,morgan,xgboost,crem_mean,0.2052821245049441,0.1804320641103948,-0.05696924603174599,18,3,"42,43,44",-0.01770225272217038,-0.03926699330957561,0.03926699330957561
CHEMBL237_EC50,unimol,mlp,crem_lime,0.17774461923709545,0.1495704801015414,0.03330707195973173,18,3,"42,43,44",-0.003542734356561254,0.036849806316292984,0.036849806316292984
CHEMBL237_EC50,unimol,mlp,crem_mean,0.41239872666791466,0.2503283023325311,0.024954512414305005,18,3,"42,43,44",0.045539744842278206,-0.0205852324279732,0.0205852324279732
CHEMBL237_EC50,unimol,xgboost,crem_lime,0.13688180508082481,0.11451868091692441,-0.018347756339876526,18,3,"42,43,44",0.04250220459585816,-0.06084996093573469,0.06084996093573469
CHEMBL237_EC50,unimol,xgboost,crem_mean,0.28854879799904154,0.300835262345679,-0.0014756266004964172,18,3,"42,43,44",-0.013264985845802307,0.01178935924530589,0.01178935924530589
CHEMBL237_Ki,molformer,mlp,crem_lime,0.0395920998076827,0.12359180692257568,-0.060835264832013694,40,3,"42,43,44",-0.07316922436599593,0.012333959533982239,0.012333959533982239
CHEMBL237_Ki,molformer,mlp,crem_mean,0.08612201513107307,0.12755438890789728,-0.031384059628328534,40,3,"42,43,44",-0.05371664794646779,0.02233258831813926,0.02233258831813926
CHEMBL237_Ki,molformer,xgboost,crem_lime,0.0636675965364074,0.11661404978779696,-0.03426966645986321,40,3,"42,43,44",-0.0243899650138889,-0.009879701445974307,0.009879701445974307
CHEMBL237_Ki,molformer,xgboost,crem_mean,0.09149980058265719,0.11934722804379057,-0.037740164971984035,40,3,"42,43,44",-0.009985202232288099,-0.027754962739695938,0.027754962739695938
CHEMBL237_Ki,morgan,mlp,crem_lime,0.1749079157831538,0.24662519093931562,0.0006208419096232626,40,3,"42,43,44",-0.009004855052618565,0.009625696962241827,0.009625696962241827
CHEMBL237_Ki,morgan,mlp,crem_mean,0.1731809571685945,0.18588493936218323,-0.023550890115648114,40,3,"42,43,44",-0.02419746563224437,0.0006465755165962553,0.0006465755165962553
CHEMBL237_Ki,morgan,xgboost,crem_lime,0.06699089440602601,0.12255064633434215,0.010152423882964452,40,3,"42,43,44",-0.03747138136635746,0.047623805249321916,0.047623805249321916
CHEMBL237_Ki,morgan,xgboost,crem_mean,0.17242390064905905,0.06126312499811023,0.056348084251455634,40,3,"42,43,44",0.027941571399795865,0.02840651285165977,0.02840651285165977
CHEMBL237_Ki,unimol,mlp,crem_lime,0.07176305030434492,0.08983108856493816,-0.019790790178828892,40,3,"42,43,44",-0.05489209605509627,0.03510130587626738,0.03510130587626738
CHEMBL237_Ki,unimol,mlp,crem_mean,0.15184078886370628,0.17892730071046342,0.0,40,3,"42,43,44",-0.012712612797854201,0.012712612797854201,0.012712612797854201
CHEMBL237_Ki,unimol,xgboost,crem_lime,0.09200889599704909,0.13413491571859648,-0.041084388143934586,40,3,"42,43,44",-0.027167489147066355,-0.01391689899686823,0.01391689899686823
CHEMBL237_Ki,unimol,xgboost,crem_mean,0.12933864082554372,0.1522773845154758,-0.009286780249485418,40,3,"42,43,44",-0.0210149252708037,0.011728145021318281,0.011728145021318281
CHEMBL238_Ki,molformer,mlp,crem_lime,0.07569360807307374,0.13463156503917997,-0.013782192234442561,19,3,"42,43,44",-0.04079543589115979,0.02701324365671723,0.02701324365671723
CHEMBL238_Ki,molformer,mlp,crem_mean,0.13493655618801811,0.16206825422365106,0.0,19,3,"42,43,44",-0.0010109883546855214,0.0010109883546855214,0.0010109883546855214
CHEMBL238_Ki,molformer,xgboost,crem_lime,0.12851097073658044,0.17999866448555712,0.043417590636931104,19,3,"42,43,44",0.0,0.043417590636931104,0.043417590636931104
CHEMBL238_Ki,molformer,xgboost,crem_mean,0.1682800922780705,0.20637718525536078,-0.0032678080756314287,19,3,"42,43,44",-0.010947226939505894,0.007679418863874465,0.007679418863874465
CHEMBL238_Ki,morgan,mlp,crem_lime,0.002564161355220302,0.0932588232660605,-0.0793297647993095,19,3,"42,43,44",-0.07507724966243845,-0.0042525151368710545,0.0042525151368710545
CHEMBL238_Ki,morgan,mlp,crem_mean,0.11246880285146767,0.1712085470316165,-0.010894092339600897,19,3,"42,43,44",-0.02262052263657416,0.011726430296973261,0.011726430296973261
CHEMBL238_Ki,morgan,xgboost,crem_lime,0.0,0.15239172824302136,-0.14700894087345293,19,3,"42,43,44",-0.17218654380034787,0.025177602926894943,0.025177602926894943
CHEMBL238_Ki,morgan,xgboost,crem_mean,0.06634323123684824,0.11456790123456788,-0.00534454234738338,19,3,"42,43,44",-0.03142147663811076,0.026076934290727383,0.026076934290727383
CHEMBL238_Ki,unimol,mlp,crem_lime,0.32844991688011066,0.3329451287297845,0.03875055051382997,19,3,"42,43,44",0.04527708337046077,-0.006526532856630796,0.006526532856630796
CHEMBL238_Ki,unimol,mlp,crem_mean,0.23134188508649714,0.20100144354434865,-0.0038502438449422027,19,3,"42,43,44",0.0028384491866330144,-0.006688693031575217,0.006688693031575217
CHEMBL238_Ki,unimol,xgboost,crem_lime,0.1908350339097525,0.19775673608730202,0.003140385313357086,19,3,"42,43,44",-0.01549769766920542,0.018638082982562504,0.018638082982562504
CHEMBL238_Ki,unimol,xgboost,crem_mean,0.17055544772256725,0.12875978905841734,0.0,19,3,"42,43,44",0.0,0.0,0.0
CHEMBL239_EC50,molformer,mlp,crem_lime,0.0422676527392041,0.1164738454046208,-0.022616842156708197,33,3,"42,43,44",-0.02976851683510396,0.007151674678395763,0.007151674678395763
CHEMBL239_EC50,molformer,mlp,crem_mean,0.07977115987173933,0.09036001166469794,-0.009388784336825426,33,3,"42,43,44",-0.016025185431503525,0.006636401094678099,0.006636401094678099
CHEMBL239_EC50,molformer,xgboost,crem_lime,0.016702929423103665,0.08034925038103159,-0.07380555957263636,33,3,"42,43,44",-0.052744869129113914,-0.021060690443522448,0.021060690443522448
CHEMBL239_EC50,molformer,xgboost,crem_mean,0.04912735220201756,0.0689435159155931,-0.03407639468409279,33,3,"42,43,44",-0.021382559971295817,-0.012693834712796975,0.012693834712796975
CHEMBL239_EC50,morgan,mlp,crem_lime,0.07011111771478613,0.06614179779243923,0.013864136754713423,33,3,"42,43,44",-0.026783255192915856,0.04064739194762928,0.04064739194762928
CHEMBL239_EC50,morgan,mlp,crem_mean,0.06317096028522233,0.09187609711762694,-0.025358531090460903,33,3,"42,43,44",-0.011669428163197808,-0.013689102927263094,0.013689102927263094
CHEMBL239_EC50,morgan,xgboost,crem_lime,0.04447786589362703,0.09477298571731008,-0.0359143844455487,33,3,"42,43,44",-0.060772852506351255,0.024858468060802552,0.024858468060802552
CHEMBL239_EC50,morgan,xgboost,crem_mean,0.004850881129311267,0.03978218210361063,-0.021164968136397427,33,3,"42,43,44",-0.0195687836169548,-0.0015961845194426283,0.0015961845194426283
CHEMBL239_EC50,unimol,mlp,crem_lime,0.051880805258041805,0.09635111684804222,0.00034696929392508125,33,3,"42,43,44",0.0028135226653520883,-0.002466553371427007,0.002466553371427007
CHEMBL239_EC50,unimol,mlp,crem_mean,0.039777449441314935,0.08401835900307397,-0.03187863998125254,33,3,"42,43,44",-0.034490878672080165,0.002612238690827627,0.002612238690827627
CHEMBL239_EC50,unimol,xgboost,crem_lime,0.0298080027462008,0.04143422204443937,0.017928228776985862,33,3,"42,43,44",-0.018292132990177415,0.03622036176716328,0.03622036176716328
CHEMBL239_EC50,unimol,xgboost,crem_mean,0.08014435599393656,0.06675530084661706,-0.004151866055782497,33,3,"42,43,44",-0.0030426456226819755,-0.0011092204331005218,0.0011092204331005218
CHEMBL244_Ki,molformer,mlp,crem_lime,0.07397036587487008,0.09261641324451267,-0.008784188995180051,52,3,"42,43,44",-0.03317636970971294,0.024392180714532887,0.024392180714532887
CHEMBL244_Ki,molformer,mlp,crem_mean,0.056539694052385216,0.055498721227621436,-0.0015894595258313473,52,3,"42,43,44",-0.0236176310946556,0.02202817156882425,0.02202817156882425
CHEMBL244_Ki,molformer,xgboost,crem_lime,0.09994494239067345,0.08986270736825785,-0.023417073306147465,52,3,"42,43,44",-0.017233771048539813,-0.006183302257607652,0.006183302257607652
CHEMBL244_Ki,molformer,xgboost,crem_mean,0.043512174020584736,0.07268520622506071,-0.010632287004068163,52,3,"42,43,44",-0.012401445760497478,0.0017691587564293149,0.0017691587564293149
CHEMBL244_Ki,morgan,mlp,crem_lime,0.041149690453467,0.112854311005114,-0.046804126283592075,52,3,"42,43,44",-0.05176859875179004,0.004964472468197964,0.004964472468197964
CHEMBL244_Ki,morgan,mlp,crem_mean,0.03598790092979025,0.05735198868389713,-0.01827306345536605,52,3,"42,43,44",-0.031068731069437777,0.012795667614071728,0.012795667614071728
CHEMBL244_Ki,morgan,xgboost,crem_lime,0.04329341702667955,0.08752397088681935,-0.03669782045503642,52,3,"42,43,44",-0.037868389138689146,0.0011705686836527285,0.0011705686836527285
CHEMBL244_Ki,morgan,xgboost,crem_mean,0.021212422953740467,0.06527163639978445,-0.03110080658550205,52,3,"42,43,44",-0.02481321154753571,-0.006287595037966342,0.006287595037966342
CHEMBL244_Ki,unimol,mlp,crem_lime,0.04694142466555405,0.09024983501846139,-0.025516459861576486,52,3,"42,43,44",-0.019955075557656063,-0.005561384303920423,0.005561384303920423
CHEMBL244_Ki,unimol,mlp,crem_mean,0.04602082113939958,0.10245410149217635,-0.009034401312072652,52,3,"42,43,44",-0.01903761701070663,0.010003215698633978,0.010003215698633978
CHEMBL244_Ki,unimol,xgboost,crem_lime,0.053821468568360786,0.05798901400614967,-0.006686639619031211,52,3,"42,43,44",-0.024285075083160263,0.01759843546412905,0.01759843546412905
CHEMBL244_Ki,unimol,xgboost,crem_mean,0.07636564889134026,0.07235544780684998,0.025982448054673812,52,3,"42,43,44",-0.004439106836344062,0.030421554891017874,0.030421554891017874
CHEMBL262_Ki,molformer,mlp,crem_lime,0.13493405616304424,0.1676702481508319,0.029821330647013394,13,3,"42,43,44",-0.07445002936157571,0.10427136000858911,0.10427136000858911
CHEMBL262_Ki,molformer,mlp,crem_mean,0.042615921955919504,0.06492342782665343,-0.005820699519445499,13,3,"42,43,44",-0.0019072077546969726,-0.0039134917647485265,0.0039134917647485265
CHEMBL262_Ki,molformer,xgboost,crem_lime,0.21434855519462193,0.20519943019943018,0.023075195781316726,13,3,"42,43,44",0.005772129566287143,0.017303066215029583,0.017303066215029583
CHEMBL262_Ki,molformer,xgboost,crem_mean,0.07696160981875264,0.10263874917854153,-0.037199944632959274,13,3,"42,43,44",-0.05408769977250899,0.016887755139549716,0.016887755139549716
CHEMBL262_Ki,morgan,mlp,crem_lime,0.18402116402116397,0.24017146533275566,-0.04093753656679885,13,3,"42,43,44",-0.035595938306828535,-0.005341598259970312,0.005341598259970312
CHEMBL262_Ki,morgan,mlp,crem_mean,0.0497496191175667,0.0009795312123232341,-0.003334012474503028,13,3,"42,43,44",-0.048933509764165106,0.045599497289662075,0.045599497289662075
CHEMBL262_Ki,morgan,xgboost,crem_lime,-0.008676977343643968,0.1678604771587643,-0.1548767932637504,13,3,"42,43,44",-0.09121272343455791,-0.06366406982919248,0.06366406982919248
CHEMBL262_Ki,morgan,xgboost,crem_mean,0.03368690267869153,0.06563134644329953,-0.0069977057618321,13,3,"42,43,44",-0.0362204355261089,0.0292227297642768,0.0292227297642768
CHEMBL262_Ki,unimol,mlp,crem_lime,0.26819374644087285,0.18844947974770132,0.057607923842480785,13,3,"42,43,44",0.0970417719286989,-0.03943384808621811,0.03943384808621811
CHEMBL262_Ki,unimol,mlp,crem_mean,0.0834720381659158,0.10802496763980253,0.010367383018043297,13,3,"42,43,44",0.02066819662306621,-0.010300813605022913,0.010300813605022913
CHEMBL262_Ki,unimol,xgboost,crem_lime,0.33149758454106276,0.2861503102545248,0.1899528906674232,13,3,"42,43,44",0.09950997210905915,0.09044291855836406,0.09044291855836406
CHEMBL262_Ki,unimol,xgboost,crem_mean,0.0818838873061095,0.12905695218830995,0.006612232171423438,13,3,"42,43,44",0.0007691566959653479,0.00584307547545809,0.00584307547545809
CHEMBL264_Ki,molformer,mlp,crem_lime,0.035898035764996665,0.08485668197241009,-0.0481427675130132,46,3,"42,43,44",-0.06814609220494736,0.02000332469193416,0.02000332469193416
CHEMBL264_Ki,molformer,mlp,crem_mean,0.1062924845794521,0.10778541884536569,0.008512327897147199,46,3,"42,43,44",0.00017420650721080774,0.008338121389936391,0.008338121389936391
CHEMBL264_Ki,molformer,xgboost,crem_lime,0.08498574012329882,0.05127951182543182,0.008429461170949587,46,3,"42,43,44",-0.002613344961421498,0.011042806132371085,0.011042806132371085
CHEMBL264_Ki,molformer,xgboost,crem_mean,0.10660572746841297,0.10319519897922784,-0.0009544140984606088,46,3,"42,43,44",0.0016652378579123245,-0.0026196519563729333,0.0026196519563729333
CHEMBL264_Ki,morgan,mlp,crem_lime,0.12262976186826008,0.09425650742530506,-0.01889324360752137,46,3,"42,43,44",-0.021109063833438354,0.0022158202259169833,0.0022158202259169833
CHEMBL264_Ki,morgan,mlp,crem_mean,0.09086956993314448,0.1430924417518971,-0.007416362888331313,46,3,"42,43,44",0.0008616156303847232,-0.008277978518716037,0.008277978518716037
CHEMBL264_Ki,morgan,xgboost,crem_lime,0.01694719425065415,0.08122761831291725,-0.07669850265194937,46,3,"42,43,44",-0.05411725130201484,-0.02258125134993453,0.02258125134993453
CHEMBL264_Ki,morgan,xgboost,crem_mean,0.0793128508379837,0.06745189528802972,0.0005611524424850682,46,3,"42,43,44",-0.013276419514602802,0.01383757195708787,0.01383757195708787
CHEMBL264_Ki,unimol,mlp,crem_lime,0.04347133315110599,0.048403633149404664,-0.02242995441856785,46,3,"42,43,44",-0.03793197670945462,0.01550202229088677,0.01550202229088677
CHEMBL264_Ki,unimol,mlp,crem_mean,0.10041329391306061,0.13958901918865613,6.462673132895391e-05,46,3,"42,43,44",0.006657880902902352,-0.0065932541715733985,0.0065932541715733985
CHEMBL264_Ki,unimol,xgboost,crem_lime,0.03162901924175195,0.058321592963903046,-0.015073897449026381,46,3,"42,43,44",-0.05238749051193265,0.03731359306290627,0.03731359306290627
CHEMBL264_Ki,unimol,xgboost,crem_mean,0.10620867814940498,0.11789049448263844,0.00446418425904984,46,3,"42,43,44",0.021365071595949692,-0.01690088733689985,0.01690088733689985
CHEMBL2835_Ki,molformer,mlp,crem_lime,0.037235565172158765,0.19057134815648744,-0.11275284130231722,5,3,"42,43,44",-0.1684687301565104,0.05571588885419318,0.05571588885419318
CHEMBL2835_Ki,molformer,mlp,crem_mean,0.31108776844070957,0.34166151809831513,-0.03958081422975279,5,3,"42,43,44",0.014130637239354094,-0.053711451469106886,0.053711451469106886
CHEMBL2835_Ki,molformer,xgboost,crem_lime,0.0850988287478129,0.21694028646809552,-0.2818714352974516,5,3,"42,43,44",-0.2188594955801793,-0.06301193971727231,0.06301193971727231
CHEMBL2835_Ki,molformer,xgboost,crem_mean,0.3990937534720625,0.40068452578259706,-0.05453179787434548,5,3,"42,43,44",-0.014130446640092997,-0.04040135123425248,0.04040135123425248
CHEMBL2835_Ki,morgan,mlp,crem_lime,0.19131886877515394,0.44657214560465336,-0.09749595593014743,5,3,"42,43,44",-0.11744841630341482,0.019952460373267394,0.019952460373267394
CHEMBL2835_Ki,morgan,mlp,crem_mean,0.43149745045661,0.4321985534409842,-0.08608613823397103,5,3,"42,43,44",-0.06386684207996923,-0.022219296154001797,0.022219296154001797
CHEMBL2835_Ki,morgan,xgboost,crem_lime,0.004498317270383301,0.2739044687157528,-0.29784610295869896,5,3,"42,43,44",-0.18401307163433606,-0.1138330313243629,0.1138330313243629
CHEMBL2835_Ki,morgan,xgboost,crem_mean,0.1891769865841073,0.41933476289066357,-0.24975064136326483,5,3,"42,43,44",-0.1253217495166711,-0.12442889184659373,0.12442889184659373
CHEMBL2835_Ki,unimol,mlp,crem_lime,0.20069224629679275,0.11988617702752911,0.05431255751173136,5,3,"42,43,44",0.0007237922006425035,0.05358876531108886,0.05358876531108886
CHEMBL2835_Ki,unimol,mlp,crem_mean,0.382735906862745,0.32921318447634235,0.08129310263708239,5,3,"42,43,44",0.0656157965358603,0.015677306101222088,0.015677306101222088
CHEMBL2835_Ki,unimol,xgboost,crem_lime,0.4564702454899949,0.0798474720030018,0.3865975047816159,5,3,"42,43,44",0.3205828070821146,0.0660146976995013,0.0660146976995013
CHEMBL2835_Ki,unimol,xgboost,crem_mean,0.4620084112973944,0.22503057768531812,0.2405396425838153,5,3,"42,43,44",0.2310408831298009,0.009498759454014405,0.009498759454014405
CHEMBL287_Ki,molformer,mlp,crem_lime,0.013342962641898317,0.09408819015473951,-0.04651537347936843,26,3,"42,43,44",-0.024612050386957372,-0.02190332309241106,0.02190332309241106
CHEMBL287_Ki,molformer,mlp,crem_mean,0.21772135398886927,0.12996366960511982,-0.005789909760826474,26,3,"42,43,44",-0.00872336956401381,0.0029334598031873355,0.0029334598031873355
CHEMBL287_Ki,molformer,xgboost,crem_lime,0.08339753541163764,0.13102528344717473,-0.02670835092608873,26,3,"42,43,44",-0.00702955170492113,-0.0196787992211676,0.0196787992211676
CHEMBL287_Ki,molformer,xgboost,crem_mean,0.21859224515756337,0.1667196881971752,0.008183052764408196,26,3,"42,43,44",0.0404148938907447,-0.03223184112633651,0.03223184112633651
CHEMBL287_Ki,morgan,mlp,crem_lime,0.19513111272100753,0.12398937858433733,0.01576700416488127,26,3,"42,43,44",-0.011891724165330811,0.02765872833021208,0.02765872833021208
CHEMBL287_Ki,morgan,mlp,crem_mean,0.150792981675615,0.13386322150083907,0.0045519295519295365,26,3,"42,43,44",0.0,0.0045519295519295365,0.0045519295519295365
CHEMBL287_Ki,morgan,xgboost,crem_lime,0.09783199299024924,0.13547547641952673,0.0012631811891757883,26,3,"42,43,44",-0.0007903479543302991,0.0020535291435060873,0.0020535291435060873
CHEMBL287_Ki,morgan,xgboost,crem_mean,0.21830944767157576,0.16183536915605456,0.008890746934225133,26,3,"42,43,44",0.09082112750149574,-0.0819303805672706,0.0819303805672706
CHEMBL287_Ki,unimol,mlp,crem_lime,0.09443386015617708,0.0788089361150575,-0.00722095306779838,26,3,"42,43,44",-0.02323748975549613,0.01601653668769775,0.01601653668769775
CHEMBL287_Ki,unimol,mlp,crem_mean,0.0757708588089195,0.13185222862194548,-0.012784558902510582,26,3,"42,43,44",-0.02672248262496674,0.013937923722456159,0.013937923722456159
CHEMBL287_Ki,unimol,xgboost,crem_lime,0.09392523041620304,0.11281490359748088,-0.0060210095601817,26,3,"42,43,44",-0.024976306947633836,0.018955297387452136,0.018955297387452136
CHEMBL287_Ki,unimol,xgboost,crem_mean,0.1091551298046829,0.15317392326204557,-0.0025586485459526687,26,3,"42,43,44",0.006105329441906695,-0.008663977987859364,0.008663977987859364
CHEMBL2971_Ki,molformer,mlp,crem_lime,0.047285233772474095,0.22818129440786664,-0.17446561010754727,11,3,"42,43,44",-0.20060447177628277,0.026138861668735497,0.026138861668735497
CHEMBL2971_Ki,molformer,mlp,crem_mean,0.06526545536427976,0.2095374392155026,-0.08052521430855611,11,3,"42,43,44",-0.08526395850737917,0.004738744198823058,0.004738744198823058
CHEMBL2971_Ki,molformer,xgboost,crem_lime,0.10980350767328306,0.10953317567770189,-0.12781294378535932,11,3,"42,43,44",-0.04410382546392058,-0.08370911832143874,0.08370911832143874
CHEMBL2971_Ki,molformer,xgboost,crem_mean,0.2503370490808766,0.20450445363045874,0.0,11,3,"42,43,44",0.028571428571428692,-0.028571428571428692,0.028571428571428692
CHEMBL2971_Ki,morgan,mlp,crem_lime,0.09591056996405994,0.20800144140343124,-0.18199797244382243,11,3,"42,43,44",-0.16209200732915255,-0.019905965114669882,0.019905965114669882
CHEMBL2971_Ki,morgan,mlp,crem_mean,0.2731618173597184,0.2976984961961878,-0.014499389499389559,11,3,"42,43,44",-0.0318418260052577,0.017342436505868142,0.017342436505868142
CHEMBL2971_Ki,morgan,xgboost,crem_lime,0.0200598437769306,0.22057799382379217,-0.20051815004686158,11,3,"42,43,44",-0.2527122626664897,0.05219411261962814,0.05219411261962814
CHEMBL2971_Ki,morgan,xgboost,crem_mean,0.13749999999999996,0.19243904127989322,-0.037258272391141184,11,3,"42,43,44",-0.022932902431517382,-0.014325369959623802,0.014325369959623802
CHEMBL2971_Ki,unimol,mlp,crem_lime,0.0346240449999169,0.13978009757267226,-0.07613848300661497,11,3,"42,43,44",-0.03779958189827402,-0.03833890110834094,0.03833890110834094
CHEMBL2971_Ki,unimol,mlp,crem_mean,0.24457523428206596,0.25924306131891267,-0.034694967730682036,11,3,"42,43,44",0.0,-0.034694967730682036,0.034694967730682036
CHEMBL2971_Ki,unimol,xgboost,crem_lime,0.10081541948294491,0.07001900999845204,0.017721827294974735,11,3,"42,43,44",-0.040345442219235736,0.05806726951421047,0.05806726951421047
CHEMBL2971_Ki,unimol,xgboost,crem_mean,0.18288209413786505,0.1249691360811966,0.03704911090923063,11,3,"42,43,44",-0.007480415950112701,0.04452952685934333,0.04452952685934333
CHEMBL3979_EC50,molformer,mlp,crem_lime,0.049134961225282,0.05835943786075883,-0.01606676372970683,17,3,"42,43,44",-0.013073758872285617,-0.0029930048574212144,0.0029930048574212144
CHEMBL3979_EC50,molformer,mlp,crem_mean,0.0,0.048227257082411996,-0.017711875805230336,17,3,"42,43,44",-0.012270570533331089,-0.005441305271899247,0.005441305271899247
CHEMBL3979_EC50,molformer,xgboost,crem_lime,0.06454122506222153,0.08792683272051345,0.0005985037434955362,17,3,"42,43,44",-0.03346605295859932,0.03406455670209486,0.03406455670209486
CHEMBL3979_EC50,molformer,xgboost,crem_mean,0.0008819321709530333,0.030751862242062267,-0.0046572339370722915,17,3,"42,43,44",-0.022419826412942667,0.017762592475870375,0.017762592475870375
CHEMBL3979_EC50,morgan,mlp,crem_lime,0.004188541889031098,0.15462524040955405,-0.16097386552734338,17,3,"42,43,44",-0.17628282882865545,0.015308963301312067,0.015308963301312067
CHEMBL3979_EC50,morgan,mlp,crem_mean,0.008839654619429366,0.0573046175625131,-0.044769866018942235,17,3,"42,43,44",-0.018227934142470065,-0.02654193187647217,0.02654193187647217
CHEMBL3979_EC50,morgan,xgboost,crem_lime,-0.0014763680998496006,0.07900451560958699,-0.11148334854970807,17,3,"42,43,44",-0.08644123086443797,-0.025042117685270093,0.025042117685270093
CHEMBL3979_EC50,morgan,xgboost,crem_mean,0.00046192552584303423,0.020833333333333332,-0.017471101666065934,17,3,"42,43,44",-0.02348658887449591,0.006015487208429975,0.006015487208429975
CHEMBL3979_EC50,unimol,mlp,crem_lime,0.11745655411445939,0.13174194823181856,0.014123062236585243,17,3,"42,43,44",-0.015402389511358082,0.029525451747943326,0.029525451747943326
CHEMBL3979_EC50,unimol,mlp,crem_mean,0.0129808026192898,0.06989609486764993,0.0,17,3,"42,43,44",0.0004687185344864958,-0.0004687185344864958,0.0004687185344864958
CHEMBL3979_EC50,unimol,xgboost,crem_lime,0.12118371890141694,0.166586936549056,-0.0199437640453105,17,3,"42,43,44",0.022611672402814975,-0.042555436448125476,0.042555436448125476
CHEMBL3979_EC50,unimol,xgboost,crem_mean,0.05552135198652264,0.07413466788777813,-0.007177033829248038,17,3,"42,43,44",-0.00012996072922118185,-0.007047073100026856,0.007047073100026856
CHEMBL4005_Ki,molformer,mlp,crem_lime,0.08495271542827414,0.16936998956815832,-0.07477208689165431,17,3,"42,43,44",-0.10559966423976822,0.030827577348113908,0.030827577348113908
CHEMBL4005_Ki,molformer,mlp,crem_mean,0.09964520235724567,0.1033044009130965,-0.002418202977620909,17,3,"42,43,44",-0.011609475859087422,0.009191272881466513,0.009191272881466513
CHEMBL4005_Ki,molformer,xgboost,crem_lime,0.009478886858878864,0.05050390772784896,0.004208222102714321,17,3,"42,43,44",-0.04089281543181668,0.045101037534531,0.045101037534531
CHEMBL4005_Ki,molformer,xgboost,crem_mean,0.20130992625546004,0.11343231860067975,0.04603280172197344,17,3,"42,43,44",0.03433537789663763,0.011697423825335805,0.011697423825335805
CHEMBL4005_Ki,morgan,mlp,crem_lime,0.09687571116419284,0.19155923099888614,-0.12918692302872054,17,3,"42,43,44",-0.10631021631362149,-0.022876706715099046,0.022876706715099046
CHEMBL4005_Ki,morgan,mlp,crem_mean,0.0725547602184688,0.14154175194539328,-0.06898699172692449,17,3,"42,43,44",-0.09079426345291233,0.021807271725987842,0.021807271725987842
CHEMBL4005_Ki,morgan,xgboost,crem_lime,0.050746705229886134,0.04080386620040457,-0.05299313758459939,17,3,"42,43,44",-0.08809483114351369,0.03510169355891429,0.03510169355891429
CHEMBL4005_Ki,morgan,xgboost,crem_mean,0.12461569132962658,0.07982867708486907,-0.004122614239328366,17,3,"42,43,44",-0.018631098375656144,0.014508484136327778,0.014508484136327778
CHEMBL4005_Ki,unimol,mlp,crem_lime,0.09010229368574384,0.11783748323914363,0.01123518774126557,17,3,"42,43,44",0.002835929227290729,0.008399258513974842,0.008399258513974842
CHEMBL4005_Ki,unimol,mlp,crem_mean,0.12250402576489532,0.11376882918284907,-0.0393031069527951,17,3,"42,43,44",-0.060944710619114884,0.021641603666319786,0.021641603666319786
CHEMBL4005_Ki,unimol,xgboost,crem_lime,0.0719464427241005,0.07731531262823277,-0.035211480089973,17,3,"42,43,44",-0.06840120451734183,0.03318972442736883,0.03318972442736883
CHEMBL4005_Ki,unimol,xgboost,crem_mean,0.13765971857244272,0.13406016356804504,-0.0286482340792015,17,3,"42,43,44",-0.06256920209060053,0.03392096801139903,0.03392096801139903
CHEMBL4203_Ki,molformer,mlp,crem_lime,-0.03157212527595203,0.1776376982676658,-0.20920982354361783,6,3,"42,43,44",-0.1612389598059836,-0.047970863737634234,0.047970863737634234
CHEMBL4203_Ki,molformer,mlp,crem_mean,0.0593924534794878,0.07312708657626846,-0.004194276907499704,6,3,"42,43,44",-0.041117906615697634,0.03692362970819793,0.03692362970819793
CHEMBL4203_Ki,molformer,xgboost,crem_lime,-0.056142177896427885,0.06397088985464229,-0.13188536506502518,6,3,"42,43,44",-0.23319949701979772,0.10131413195477254,0.10131413195477254
CHEMBL4203_Ki,molformer,xgboost,crem_mean,-0.021729121846308687,0.06360916091041419,-0.11307298723544262,6,3,"42,43,44",-0.10149783923925204,-0.011575147996190582,0.011575147996190582
CHEMBL4203_Ki,morgan,mlp,crem_lime,0.12901202150117153,0.05901208020332252,0.017885731805900817,6,3,"42,43,44",0.03913038808454978,-0.021244656278648962,0.021244656278648962
CHEMBL4203_Ki,morgan,mlp,crem_mean,0.0032797602583963213,0.04620847649358582,-0.006458196848887612,6,3,"42,43,44",0.012168054062667279,-0.01862625091155489,0.01862625091155489
CHEMBL4203_Ki,morgan,xgboost,crem_lime,0.23979392329651222,0.09318370668199615,0.18673758193327986,6,3,"42,43,44",0.07585081807206824,0.11088676386121162,0.11088676386121162
CHEMBL4203_Ki,morgan,xgboost,crem_mean,0.07918054779730671,0.05227820923734437,0.011603457169656786,6,3,"42,43,44",-0.011116151249224857,0.022719608418881643,0.022719608418881643
CHEMBL4203_Ki,unimol,mlp,crem_lime,0.08220524340094439,0.01019819777675745,-0.02289460222819726,6,3,"42,43,44",0.02855530281671174,-0.051449905044909,0.051449905044909
CHEMBL4203_Ki,unimol,mlp,crem_mean,0.055571756619074354,0.010298322021947597,-0.002225932871833527,6,3,"42,43,44",0.021488173983582118,-0.023714106855415647,0.023714106855415647
CHEMBL4203_Ki,unimol,xgboost,crem_lime,0.15250218581337388,0.21105643151718567,-0.018382972295401617,6,3,"42,43,44",0.04268017633725321,-0.06106314863265483,0.06106314863265483
CHEMBL4203_Ki,unimol,xgboost,crem_mean,-0.015442122434287383,0.03769862455500998,-0.08493351985048228,6,3,"42,43,44",-0.049420529572221164,-0.03551299027826112,0.03551299027826112
CHEMBL4616_EC50,molformer,mlp,crem_lime,-0.030661537442840364,0.02689470485049757,-0.05130010935878867,9,3,"42,43,44",-0.034101962556831025,-0.017198146801957644,0.017198146801957644
CHEMBL4616_EC50,molformer,mlp,crem_mean,0.038930745011826036,0.1167783755634552,-0.012360867199576894,9,3,"42,43,44",0.0,-0.012360867199576894,0.012360867199576894
CHEMBL4616_EC50,molformer,xgboost,crem_lime,-0.006519811132166566,-0.006686849015569134,-0.02126692574786733,9,3,"42,43,44",-0.052510838519680886,0.031243912771813556,0.031243912771813556
CHEMBL4616_EC50,molformer,xgboost,crem_mean,0.059495714452348636,0.0898361477351191,-0.007615051281884763,9,3,"42,43,44",0.0,-0.007615051281884763,0.007615051281884763
CHEMBL4616_EC50,morgan,mlp,crem_lime,0.0,0.09058456202028674,-0.0955828566400926,9,3,"42,43,44",-0.023690787792831944,-0.07189206884726065,0.07189206884726065
CHEMBL4616_EC50,morgan,mlp,crem_mean,0.16296590385147028,0.15952990110944906,-0.021643246685517703,9,3,"42,43,44",-0.017458674927834927,-0.004184571757682776,0.004184571757682776
CHEMBL4616_EC50,morgan,xgboost,crem_lime,0.17328222777945523,0.14532047125397848,0.0,9,3,"42,43,44",0.1024819283666111,-0.1024819283666111,0.1024819283666111
CHEMBL4616_EC50,morgan,xgboost,crem_mean,0.19909402595534795,0.12477371113734752,0.079351188156382,9,3,"42,43,44",0.1363205400922295,-0.0569693519358475,0.0569693519358475
CHEMBL4616_EC50,unimol,mlp,crem_lime,0.007854945492447474,0.07925743972751557,-0.058469177660824705,9,3,"42,43,44",0.0,-0.058469177660824705,0.058469177660824705
CHEMBL4616_EC50,unimol,mlp,crem_mean,0.10492139949877162,0.1770807200945408,-0.06561641503486301,9,3,"42,43,44",-0.06368733997133479,-0.0019290750635282267,0.0019290750635282267
CHEMBL4616_EC50,unimol,xgboost,crem_lime,0.11476155157124386,0.060932083224780796,0.053829468346463065,9,3,"42,43,44",0.05669643845468478,-0.0028669701082217128,0.0028669701082217128
CHEMBL4616_EC50,unimol,xgboost,crem_mean,0.06900505481389273,0.0847769647496811,0.017477303049987125,9,3,"42,43,44",0.0,0.017477303049987125,0.017477303049987125
CHEMBL4792_Ki,molformer,mlp,crem_lime,0.1061757797931145,0.3103826580485128,-0.0860584494897427,21,3,"42,43,44",-0.015784525409453562,-0.07027392408028914,0.07027392408028914
CHEMBL4792_Ki,molformer,mlp,crem_mean,0.1471269007912373,0.08621644206291416,0.05141118434649371,21,3,"42,43,44",0.03273229610242506,0.018678888244068645,0.018678888244068645
CHEMBL4792_Ki,molformer,xgboost,crem_lime,0.1097613504242132,0.21516231066607575,-0.05165143460544512,21,3,"42,43,44",0.01242612481820593,-0.06407755942365105,0.06407755942365105
CHEMBL4792_Ki,molformer,xgboost,crem_mean,0.14230370176132903,0.10760138708839477,-0.0098406139412207,21,3,"42,43,44",0.006329739334486656,-0.016170353275707358,0.016170353275707358
CHEMBL4792_Ki,morgan,mlp,crem_lime,0.19491458672982223,0.1427448866721187,0.09375899365833688,21,3,"42,43,44",0.03611258811696179,0.057646405541375095,0.057646405541375095
CHEMBL4792_Ki,morgan,mlp,crem_mean,0.19266936831448978,0.0992161442383774,0.0517442409804256,21,3,"42,43,44",0.03710294694158456,0.01464129403884104,0.01464129403884104
CHEMBL4792_Ki,morgan,xgboost,crem_lime,0.0679815913328836,0.11499661804878229,0.0292153376320506,21,3,"42,43,44",-0.11491242594363782,0.1441277635756884,0.1441277635756884
CHEMBL4792_Ki,morgan,xgboost,crem_mean,0.10134170445944646,0.047619047619047596,0.04297122342121867,21,3,"42,43,44",-0.01893542462233691,0.06190664804355558,0.06190664804355558
CHEMBL4792_Ki,unimol,mlp,crem_lime,0.09242348106328434,0.14020246073549703,-0.018443599600528937,21,3,"42,43,44",-0.056924584501783386,0.03848098490125445,0.03848098490125445
CHEMBL4792_Ki,unimol,mlp,crem_mean,0.1229521669714152,0.10087050011988963,0.0035769161465756,21,3,"42,43,44",-0.007175277474527723,0.010752193621103323,0.010752193621103323
CHEMBL4792_Ki,unimol,xgboost,crem_lime,0.10646186306071626,0.23926924882297593,-0.06709876801447959,21,3,"42,43,44",-0.08237914153845641,0.01528037352397682,0.01528037352397682
CHEMBL4792_Ki,unimol,xgboost,crem_mean,0.11555436641821876,0.1822106830095552,-0.013110956152069364,21,3,"42,43,44",-0.0025907438287040285,-0.010520212323365336,0.010520212323365336
CHEMBL1862_Ki,molformer,mlp,crem_lime,0.07364664892682986,0.10555396566361533,-0.04612217864500827,8,5,"42,43,44,45,46",-0.04710870219750453,0.0009865235524962601,0.0009865235524962601
CHEMBL1862_Ki,molformer,mlp,crem_mean,0.12576707695458073,0.19025599725915213,-0.05854232044278007,8,5,"42,43,44,45,46",-0.06789591356726893,0.009353593124488857,0.009353593124488857
CHEMBL1862_Ki,molformer,xgboost,crem_lime,0.07537934600465765,0.14703607514465755,-0.011905397849462152,8,5,"42,43,44,45,46",-0.04488186148547488,0.032976463636012726,0.032976463636012726
CHEMBL1862_Ki,molformer,xgboost,crem_mean,0.1806745835662481,0.21615655710558274,0.010179112046436387,8,5,"42,43,44,45,46",0.014100217934463068,-0.003921105888026681,0.003921105888026681
CHEMBL1862_Ki,morgan,mlp,crem_lime,-0.01573924214384073,0.264119939190946,-0.21419118947682353,8,5,"42,43,44,45,46",-0.21389765569007296,-0.00029353378675056607,0.00029353378675056607
CHEMBL1862_Ki,morgan,mlp,crem_mean,0.1596171672790891,0.31160123540204837,-0.10405191203395704,8,5,"42,43,44,45,46",-0.14287926757706962,0.03882735554311258,0.03882735554311258
CHEMBL1862_Ki,morgan,xgboost,crem_lime,0.06345884846429475,0.1120350869864742,-0.05881964198634337,8,5,"42,43,44,45,46",-0.06368912215559445,0.004869480169251088,0.004869480169251088
CHEMBL1862_Ki,morgan,xgboost,crem_mean,0.10504708564897045,0.11949017456906905,0.02320597545729637,8,5,"42,43,44,45,46",0.037362365485396926,-0.014156390028100554,0.014156390028100554
CHEMBL1862_Ki,unimol,mlp,crem_lime,0.09814101543070947,0.09943465218128314,0.016930926144638675,8,5,"42,43,44,45,46",-0.02397129000252772,0.040902216147166395,0.040902216147166395
CHEMBL1862_Ki,unimol,mlp,crem_mean,0.10387890152728932,0.13204730257107244,0.03680962484315308,8,5,"42,43,44,45,46",0.027256132260846756,0.009553492582306325,0.009553492582306325
CHEMBL1862_Ki,unimol,xgboost,crem_lime,0.05736885898983819,0.08570536632687731,-0.02797963596015083,8,5,"42,43,44,45,46",-0.018599060169143505,-0.009380575791007324,0.009380575791007324
CHEMBL1862_Ki,unimol,xgboost,crem_mean,0.24093611960873318,0.18710485465643367,0.07634563449092031,8,5,"42,43,44,45,46",0.07995228575306772,-0.0036066512621474034,0.0036066512621474034
CHEMBL1871_Ki,molformer,mlp,crem_lime,0.11322997171464948,0.12123656240866673,0.010079806394276797,11,5,"42,43,44,45,46",0.07072253214447122,-0.06064272575019442,0.06064272575019442
CHEMBL1871_Ki,molformer,mlp,crem_mean,0.0651602628230779,0.07140957446808505,-0.00599438741540087,11,5,"42,43,44,45,46",0.017549683960097,-0.02354407137549787,0.02354407137549787
CHEMBL1871_Ki,molformer,xgboost,crem_lime,0.14789792622052958,0.0740669182345894,0.06324697448543337,11,5,"42,43,44,45,46",0.08460427577775381,-0.02135730129232044,0.02135730129232044
CHEMBL1871_Ki,molformer,xgboost,crem_mean,0.12955960161842506,0.1205404491341991,-0.02988348530901722,11,5,"42,43,44,45,46",-0.020559349322479548,-0.009324135986537672,0.009324135986537672
CHEMBL1871_Ki,morgan,mlp,crem_lime,0.18956271649031262,0.21225568839925382,-0.03275710697433985,11,5,"42,43,44,45,46",-0.04330542048686317,0.010548313512523319,0.010548313512523319
CHEMBL1871_Ki,morgan,mlp,crem_mean,0.0543902030509173,0.11424927663373037,-0.027663265097475638,11,5,"42,43,44,45,46",0.00025176230843466235,-0.0279150274059103,0.0279150274059103
CHEMBL1871_Ki,morgan,xgboost,crem_lime,0.22706505544637703,0.11231148570549605,0.1564626343857224,11,5,"42,43,44,45,46",0.17662021989162008,-0.02015758550589769,0.02015758550589769
CHEMBL1871_Ki,morgan,xgboost,crem_mean,0.09929078014184389,0.0432978723404255,-0.0162119602337746,11,5,"42,43,44,45,46",-0.016538798965218572,0.0003268387314439708,0.0003268387314439708
CHEMBL1871_Ki,unimol,mlp,crem_lime,0.03954489113774497,0.20375873534451205,-0.05186019276642659,11,5,"42,43,44,45,46",-0.0234334884941371,-0.028426704272289487,0.028426704272289487
CHEMBL1871_Ki,unimol,mlp,crem_mean,0.05044689638420286,0.10349364189021029,-0.020194888382047242,11,5,"42,43,44,45,46",-0.010467025989070115,-0.009727862392977127,0.009727862392977127
CHEMBL1871_Ki,unimol,xgboost,crem_lime,0.09297394660516002,0.12881871673472406,-0.05019812633221882,11,5,"42,43,44,45,46",-0.02914121961990948,-0.021056906712309337,0.021056906712309337
CHEMBL1871_Ki,unimol,xgboost,crem_mean,0.06271786492374723,0.056201649430816104,-0.003574434824434841,11,5,"42,43,44,45,46",-0.017215103159252093,0.013640668334817252,0.013640668334817252
CHEMBL2034_Ki,molformer,mlp,crem_lime,0.10119227071559664,0.23673800856422733,-0.10890543317025778,12,5,"42,43,44,45,46",-0.05781095726051726,-0.05109447590974052,0.05109447590974052
CHEMBL2034_Ki,molformer,mlp,crem_mean,0.11089871068862656,0.1737500227130122,-0.002196057558688763,12,5,"42,43,44,45,46",0.011539117356911235,-0.013735174915599998,0.013735174915599998
CHEMBL2034_Ki,molformer,xgboost,crem_lime,0.19796927422427846,0.1324337465355173,0.023266258938076545,12,5,"42,43,44,45,46",0.017679712084846783,0.005586546853229762,0.005586546853229762
CHEMBL2034_Ki,molformer,xgboost,crem_mean,0.133148329670886,0.15981481052754568,-0.004143989034058293,12,5,"42,43,44,45,46",-0.007338076463725766,0.0031940874296674726,0.0031940874296674726
CHEMBL2034_Ki,morgan,mlp,crem_lime,0.060614394339363234,0.19410172611174972,-0.05205497202813596,12,5,"42,43,44,45,46",-0.05422480658838447,0.0021698345602485097,0.0021698345602485097
CHEMBL2034_Ki,morgan,mlp,crem_mean,0.16989499622058937,0.17059399149590712,-0.008357558808498634,12,5,"42,43,44,45,46",-0.01885237817622623,0.010494819367727597,0.010494819367727597
CHEMBL2034_Ki,morgan,xgboost,crem_lime,-0.009569964669032784,0.11257726015134184,-0.10241141537092996,12,5,"42,43,44,45,46",-0.18751839824985073,0.08510698287892077,0.08510698287892077
CHEMBL2034_Ki,morgan,xgboost,crem_mean,0.08060923516750582,0.0793733608599293,0.006922084034657121,12,5,"42,43,44,45,46",0.0008901106628379902,0.0060319733718191305,0.0060319733718191305
CHEMBL2034_Ki,unimol,mlp,crem_lime,0.1961612733343458,0.2356229052703137,-0.075170589198545,12,5,"42,43,44,45,46",-0.014382966505544409,-0.06078762269300059,0.06078762269300059
CHEMBL2034_Ki,unimol,mlp,crem_mean,0.14565444496450586,0.18321049433568581,-0.02188855399082673,12,5,"42,43,44,45,46",-0.008780529787023369,-0.013108024203803362,0.013108024203803362
CHEMBL2034_Ki,unimol,xgboost,crem_lime,0.06753664040989474,0.18839741142240868,-0.10692118028080366,12,5,"42,43,44,45,46",-0.12573609914577866,0.018814918864974994,0.018814918864974994
CHEMBL2034_Ki,unimol,xgboost,crem_mean,0.1297711531521539,0.14845187099925453,-0.0236917522443838,12,5,"42,43,44,45,46",-0.027057060949045992,0.0033653087046621906,0.0033653087046621906
CHEMBL2047_EC50,molformer,mlp,crem_lime,0.11157307778534545,0.13488691391501084,0.021314339501316164,10,5,"42,43,44,45,46",-0.011929971724521884,0.03324431122583805,0.03324431122583805
CHEMBL2047_EC50,molformer,mlp,crem_mean,0.05741546170852106,0.13658806811503788,-0.08190523115350043,10,5,"42,43,44,45,46",-0.08920607132700975,0.007300840173509321,0.007300840173509321
CHEMBL2047_EC50,molformer,xgboost,crem_lime,0.1264162784321173,0.09070711173222787,-0.03987441787231887,10,5,"42,43,44,45,46",-0.05090872691893511,0.011034309046616238,0.011034309046616238
CHEMBL2047_EC50,molformer,xgboost,crem_mean,0.04585588409429166,0.08302951834479143,-0.05187525632606104,10,5,"42,43,44,45,46",-0.05322441766477186,0.0013491613387108178,0.0013491613387108178
CHEMBL2047_EC50,morgan,mlp,crem_lime,0.16882727355330826,0.16591886266705075,-0.04719209626308037,10,5,"42,43,44,45,46",-0.045341154077810454,-0.0018509421852699187,0.0018509421852699187
CHEMBL2047_EC50,morgan,mlp,crem_mean,0.10479336283090059,0.04248327838896837,0.019868881714026752,10,5,"42,43,44,45,46",0.02127397556587231,-0.001405093851845559,0.001405093851845559
CHEMBL2047_EC50,morgan,xgboost,crem_lime,0.0211133206129612,0.18183350861815228,-0.11760450923882498,10,5,"42,43,44,45,46",-0.1554920449853004,0.03788753574647541,0.03788753574647541
CHEMBL2047_EC50,morgan,xgboost,crem_mean,0.0030423990293071005,0.02696394207833471,-0.020330471938807285,10,5,"42,43,44,45,46",-0.027183253317053208,0.006852781378245923,0.006852781378245923
CHEMBL2047_EC50,unimol,mlp,crem_lime,0.028001291318150916,0.1220993428338843,-0.03575070931352256,10,5,"42,43,44,45,46",-0.06327308105474691,0.02752237174122435,0.02752237174122435
CHEMBL2047_EC50,unimol,mlp,crem_mean,0.044463270987022366,0.03417868831109968,-0.008535963845795804,10,5,"42,43,44,45,46",-0.004906857495458206,-0.0036291063503375975,0.0036291063503375975
CHEMBL2047_EC50,unimol,xgboost,crem_lime,0.11188152533419254,0.0832469147758027,0.004189830217532206,10,5,"42,43,44,45,46",-0.006241270754149958,0.010431100971682164,0.010431100971682164
CHEMBL2047_EC50,unimol,xgboost,crem_mean,0.03376211387201985,0.07182484810696765,-0.0029191514247514,10,5,"42,43,44,45,46",-0.015893118084264884,0.012973966659513485,0.012973966659513485
CHEMBL204_Ki,molformer,mlp,crem_lime,0.13236541816729094,0.10132304141109098,0.03445280718022472,47,5,"42,43,44,45,46",0.029020728032329697,0.005432079147895022,0.005432079147895022
CHEMBL204_Ki,molformer,mlp,crem_mean,0.0687848613431929,0.06515807972355643,0.0011563633835520205,47,5,"42,43,44,45,46",0.012471652470809967,-0.011315289087257947,0.011315289087257947
CHEMBL204_Ki,molformer,xgboost,crem_lime,0.028343822285206835,0.11347115413461724,-0.012526188624755713,47,5,"42,43,44,45,46",-0.016916403379056616,0.004390214754300903,0.004390214754300903
CHEMBL204_Ki,molformer,xgboost,crem_mean,0.028765863388003837,0.08216955925566106,-0.017878730701559493,47,5,"42,43,44,45,46",-0.022253083671804882,0.004374352970245389,0.004374352970245389
CHEMBL204_Ki,morgan,mlp,crem_lime,0.09563225996512903,0.20523872875998955,-0.016935320218882,47,5,"42,43,44,45,46",-0.036331062508808354,0.019395742289926354,0.019395742289926354
CHEMBL204_Ki,morgan,mlp,crem_mean,0.07077072170888514,0.12698885230413304,-0.014062749351515393,47,5,"42,43,44,45,46",-0.023069350410899702,0.00900660105938431,0.00900660105938431
CHEMBL204_Ki,morgan,xgboost,crem_lime,0.013677097856072629,0.11092335639360226,-0.07004069687763323,47,5,"42,43,44,45,46",-0.09484820945094148,0.024807512573308252,0.024807512573308252
CHEMBL204_Ki,morgan,xgboost,crem_mean,0.047253885653332,0.05351210517877182,-0.015978478478478515,47,5,"42,43,44,45,46",-0.029249999999999974,0.01327152152152146,0.01327152152152146
CHEMBL204_Ki,unimol,mlp,crem_lime,0.08308362447215921,0.07626399026156258,-0.04381535480510288,47,5,"42,43,44,45,46",-0.03499050924722056,-0.008824845557882322,0.008824845557882322
CHEMBL204_Ki,unimol,mlp,crem_mean,0.07963504132421456,0.09449178638155317,-0.01671613988267373,47,5,"42,43,44,45,46",-0.015042256832920271,-0.0016738830497534593,0.0016738830497534593
CHEMBL204_Ki,unimol,xgboost,crem_lime,0.06281801054039214,0.16478473255538717,-0.06342467292488393,47,5,"42,43,44,45,46",-0.0464171924689632,-0.017007480455920737,0.017007480455920737
CHEMBL204_Ki,unimol,xgboost,crem_mean,0.07765392486002927,0.10656156156156152,-0.014911859264137031,47,5,"42,43,44,45,46",-0.028077706463467387,0.013165847199330356,0.013165847199330356
CHEMBL2147_Ki,molformer,mlp,crem_lime,0.03817616665195677,0.013443753477804599,-0.034484881863840945,13,5,"42,43,44,45,46",-0.06795728491409112,0.03347240305025017,0.03347240305025017
CHEMBL2147_Ki,molformer,mlp,crem_mean,0.09813767154209903,0.08626763961492648,0.0,13,5,"42,43,44,45,46",0.0,0.0,0.0
CHEMBL2147_Ki,molformer,xgboost,crem_lime,-0.016679760426659498,0.03154121677402646,-0.10677804628747622,13,5,"42,43,44,45,46",-0.11186105399748851,0.005083007710012286,0.005083007710012286
CHEMBL2147_Ki,molformer,xgboost,crem_mean,0.036476345808845,0.11442116720611158,-0.07947347565004378,13,5,"42,43,44,45,46",-0.051671925578676524,-0.02780155007136726,0.02780155007136726
CHEMBL2147_Ki,morgan,mlp,crem_lime,0.09355485158374162,0.18236180230041252,-0.0888069507166709,13,5,"42,43,44,45,46",-0.11127584916215538,0.022468898445484484,0.022468898445484484
CHEMBL2147_Ki,morgan,mlp,crem_mean,0.05661961758153853,0.19627151124695694,-0.04617877737230031,13,5,"42,43,44,45,46",-0.04699839420921841,0.0008196168369180995,0.0008196168369180995
CHEMBL2147_Ki,morgan,xgboost,crem_lime,-0.006370295114856434,0.1857964692616135,-0.1998465176201722,13,5,"42,43,44,45,46",-0.21525629027747661,0.015409772657304421,0.015409772657304421
CHEMBL2147_Ki,morgan,xgboost,crem_mean,0.03674745064097427,0.1671494086923388,-0.03900984580471761,13,5,"42,43,44,45,46",-0.029351365932828707,-0.009658479871888906,0.009658479871888906
CHEMBL2147_Ki,unimol,mlp,crem_lime,0.0,0.07361543758615954,0.020682471878644082,13,5,"42,43,44,45,46",0.0,0.020682471878644082,0.020682471878644082
CHEMBL2147_Ki,unimol,mlp,crem_mean,0.08459537908545246,0.17063385604423392,-0.07817681095182391,13,5,"42,43,44,45,46",-0.05165859235049586,-0.026518218601328053,0.026518218601328053
CHEMBL2147_Ki,unimol,xgboost,crem_lime,0.0377055558424888,0.21406902241830467,0.0,13,5,"42,43,44,45,46",0.02407604034700339,-0.02407604034700339,0.02407604034700339
CHEMBL2147_Ki,unimol,xgboost,crem_mean,0.1349787030536976,0.16815563567619513,0.0,13,5,"42,43,44,45,46",-0.01814421955332993,0.01814421955332993,0.01814421955332993
CHEMBL218_EC50,molformer,mlp,crem_lime,0.15528216322121227,0.1684969866725276,0.005978243197992294,20,5,"42,43,44,45,46",-0.013530299113428412,0.019508542311420705,0.019508542311420705
CHEMBL218_EC50,molformer,mlp,crem_mean,0.11626355221576268,0.12126820999741456,-0.02529916965705427,20,5,"42,43,44,45,46",0.004449472891230821,-0.02974864254828509,0.02974864254828509
CHEMBL218_EC50,molformer,xgboost,crem_lime,0.12490457242703172,0.15616946013780048,-0.054530231329127606,20,5,"42,43,44,45,46",-0.08592576444589241,0.0313955331167648,0.0313955331167648
CHEMBL218_EC50,molformer,xgboost,crem_mean,0.09387951108999532,0.10578468585094408,0.008549230330362461,20,5,"42,43,44,45,46",-0.02803920151982646,0.036588431850188924,0.036588431850188924
CHEMBL218_EC50,morgan,mlp,crem_lime,0.059486291677416474,0.09841599286139152,0.003623740021092902,20,5,"42,43,44,45,46",-0.003131763345914744,0.006755503367007646,0.006755503367007646
CHEMBL218_EC50,morgan,mlp,crem_mean,0.09348907193692448,0.13502873399432908,-0.015071567155765606,20,5,"42,43,44,45,46",-0.021264861779945514,0.006193294624179908,0.006193294624179908
CHEMBL218_EC50,morgan,xgboost,crem_lime,0.040230179336101346,0.11962693424376429,-0.06343393547031564,20,5,"42,43,44,45,46",0.006686139499352959,-0.0701200749696686,0.0701200749696686
CHEMBL218_EC50,morgan,xgboost,crem_mean,0.06384503299934563,0.13177412037242403,-0.057859335416264535,20,5,"42,43,44,45,46",-0.027394884424511386,-0.03046445099175315,0.03046445099175315
CHEMBL218_EC50,unimol,mlp,crem_lime,0.11896617382949232,0.10846533775000344,0.040933118542813896,20,5,"42,43,44,45,46",0.04348733582664711,-0.0025542172838332114,0.0025542172838332114
CHEMBL218_EC50,unimol,mlp,crem_mean,0.12306763810270649,0.11495943877833331,-0.006938742622369473,20,5,"42,43,44,45,46",0.007414609479662761,-0.014353352102032233,0.014353352102032233
CHEMBL218_EC50,unimol,xgboost,crem_lime,0.1209850857655222,0.09904696014125153,0.02895970243102726,20,5,"42,43,44,45,46",0.0018063151344325755,0.027153387296594684,0.027153387296594684
CHEMBL218_EC50,unimol,xgboost,crem_mean,0.13750625809714118,0.0986300767423548,0.04352551143111272,20,5,"42,43,44,45,46",0.01048789198430701,0.03303761944680571,0.03303761944680571
CHEMBL219_Ki,molformer,mlp,crem_lime,0.07789433623848832,0.1201598293702004,0.035380489558657656,34,5,"42,43,44,45,46",0.024970820945212358,0.010409668613445298,0.010409668613445298
CHEMBL219_Ki,molformer,mlp,crem_mean,0.005239898989899033,0.05132335167839239,-0.007506425510482945,34,5,"42,43,44,45,46",-0.019960667859818003,0.012454242349335058,0.012454242349335058
CHEMBL219_Ki,molformer,xgboost,crem_lime,0.02662055922842097,0.10230007365571651,-0.051725883408103634,34,5,"42,43,44,45,46",-0.062038874894478215,0.01031299148637458,0.01031299148637458
CHEMBL219_Ki,molformer,xgboost,crem_mean,0.03034466725619002,0.04047038650316092,-0.011858563852027899,34,5,"42,43,44,45,46",-0.0057991837100297644,-0.006059380141998134,0.006059380141998134
CHEMBL219_Ki,morgan,mlp,crem_lime,0.07788240032874093,0.1422320779525485,-0.061868739170715205,34,5,"42,43,44,45,46",-0.041784305530078766,-0.02008443364063644,0.02008443364063644
CHEMBL219_Ki,morgan,mlp,crem_mean,0.0154314375248413,0.07822252314221691,-0.012489703283220906,34,5,"42,43,44,45,46",-0.013187495971666095,0.0006977926884451889,0.0006977926884451889
CHEMBL219_Ki,morgan,xgboost,crem_lime,0.03195408601722609,0.11373486341458988,-0.041831936172798054,34,5,"42,43,44,45,46",-0.0654928376946105,0.023660901521812452,0.023660901521812452
CHEMBL219_Ki,morgan,xgboost,crem_mean,0.04971189749452613,0.04414281768078146,-0.0009855997516253802,34,5,"42,43,44,45,46",0.0,-0.0009855997516253802,0.0009855997516253802
CHEMBL219_Ki,unimol,mlp,crem_lime,0.07456088444916023,0.06652738087390309,-0.01394102401301539,34,5,"42,43,44,45,46",-0.0038214404185776957,-0.010119583594437695,0.010119583594437695
CHEMBL219_Ki,unimol,mlp,crem_mean,0.03856167760584141,0.026165436281053802,-0.0042796055959884935,34,5,"42,43,44,45,46",-0.002875968638234491,-0.0014036369577540026,0.0014036369577540026
CHEMBL219_Ki,unimol,xgboost,crem_lime,0.09580995789268887,0.07056242332790465,0.040317306539121946,34,5,"42,43,44,45,46",0.029258197674044487,0.011059108865077459,0.011059108865077459
CHEMBL219_Ki,unimol,xgboost,crem_mean,0.0372393412809999,0.07126195977195271,0.0,34,5,"42,43,44,45,46",0.0,0.0,0.0
CHEMBL228_Ki,molformer,mlp,crem_lime,0.06323106761130311,0.11863002284229743,-0.010839441781032633,31,5,"42,43,44,45,46",-0.009547403246493577,-0.001292038534539056,0.001292038534539056
CHEMBL228_Ki,molformer,mlp,crem_mean,0.11316319474942653,0.13619017009926093,0.0,31,5,"42,43,44,45,46",0.0,0.0,0.0
CHEMBL228_Ki,molformer,xgboost,crem_lime,0.0349523247171911,0.15791786365629765,-0.09177216484649528,31,5,"42,43,44,45,46",-0.09867377906489966,0.006901614218404378,0.006901614218404378
CHEMBL228_Ki,molformer,xgboost,crem_mean,0.08696585514297679,0.15857399954289902,0.0,31,5,"42,43,44,45,46",-0.0005568783068783251,0.0005568783068783251,0.0005568783068783251
CHEMBL228_Ki,morgan,mlp,crem_lime,0.07228337019890557,0.1828824137899443,-0.014278566096986321,31,5,"42,43,44,45,46",-0.04901776957925069,0.03473920348226437,0.03473920348226437
CHEMBL228_Ki,morgan,mlp,crem_mean,0.1501880973090271,0.14242961202506432,0.0,31,5,"42,43,44,45,46",-0.002327173086256934,0.002327173086256934,0.002327173086256934
CHEMBL228_Ki,morgan,xgboost,crem_lime,0.16238736753442634,0.10029646487626617,-0.04511455103043184,31,5,"42,43,44,45,46",-0.025542908868739264,-0.019571642161692576,0.019571642161692576
CHEMBL228_Ki,morgan,xgboost,crem_mean,0.13230831156374176,0.04945054945054944,0.0122685185185185,31,5,"42,43,44,45,46",0.032827013491867674,-0.020558494973349176,0.020558494973349176
CHEMBL228_Ki,unimol,mlp,crem_lime,0.08242018398268393,0.1162298420957292,-0.0007839415608435485,31,5,"42,43,44,45,46",-0.011640377307670202,0.010856435746826654,0.010856435746826654
CHEMBL228_Ki,unimol,mlp,crem_mean,0.17613882958860838,0.14258402260721678,0.0,31,5,"42,43,44,45,46",0.0,0.0,0.0
CHEMBL228_Ki,unimol,xgboost,crem_lime,0.085023181636456,0.14986615229455785,-0.05371584310919214,31,5,"42,43,44,45,46",-0.026623471379815897,-0.027092371729376244,0.027092371729376244
CHEMBL228_Ki,unimol,xgboost,crem_mean,0.12604730979062526,0.15850053142621723,0.0,31,5,"42,43,44,45,46",0.0,0.0,0.0
CHEMBL231_Ki,molformer,mlp,crem_lime,0.17435233796633257,0.27855688433094333,-0.03728668953331282,15,5,"42,43,44,45,46",-0.03457277342558309,-0.0027139161077297316,0.0027139161077297316
CHEMBL231_Ki,molformer,mlp,crem_mean,0.08040408664299416,0.12452709542976184,0.0032301283548057946,15,5,"42,43,44,45,46",-0.0011388415605184492,0.004368969915324244,0.004368969915324244
CHEMBL231_Ki,molformer,xgboost,crem_lime,0.2052561243753052,0.1350971411559467,0.00440197208922748,15,5,"42,43,44,45,46",-0.009797219316420972,0.014199191405648452,0.014199191405648452
CHEMBL231_Ki,molformer,xgboost,crem_mean,0.03197509648458454,0.13080471735531124,-0.053037856618446476,15,5,"42,43,44,45,46",-0.04491845336075812,-0.008119403257688354,0.008119403257688354
CHEMBL231_Ki,morgan,mlp,crem_lime,-0.0149711996893036,0.19147132592707566,-0.11038029356044476,15,5,"42,43,44,45,46",-0.07092362580634892,-0.03945666775409584,0.03945666775409584
CHEMBL231_Ki,morgan,mlp,crem_mean,0.0615376779776221,0.17834694126731124,-0.06812491847663565,15,5,"42,43,44,45,46",-0.09720512837883888,0.029080209902203225,0.029080209902203225
CHEMBL231_Ki,morgan,xgboost,crem_lime,0.0082642212346194,0.19233348823769136,-0.18102734633821013,15,5,"42,43,44,45,46",-0.21963189392112709,0.038604547582916954,0.038604547582916954
CHEMBL231_Ki,morgan,xgboost,crem_mean,0.054297437306580536,0.17451551264579926,-0.03723057125798877,15,5,"42,43,44,45,46",-0.01963835534213678,-0.017592215915851993,0.017592215915851993
CHEMBL231_Ki,unimol,mlp,crem_lime,0.10231834273560715,0.16214651112702966,-0.049331305789551784,15,5,"42,43,44,45,46",-0.019069795801744338,-0.030261509987807446,0.030261509987807446
CHEMBL231_Ki,unimol,mlp,crem_mean,0.07598850374992246,0.1126927016170417,-0.017874280049815422,15,5,"42,43,44,45,46",-0.04406209828897577,0.026187818239160346,0.026187818239160346
CHEMBL231_Ki,unimol,xgboost,crem_lime,0.08464802809085686,0.17516440961915647,-0.022921682646535827,15,5,"42,43,44,45,46",-0.004045534676660467,-0.01887614796987536,0.01887614796987536
CHEMBL231_Ki,unimol,xgboost,crem_mean,0.07886172767286108,0.10116653487654517,-0.011511990223569628,15,5,"42,43,44,45,46",-0.027792002768984796,0.016280012545415168,0.016280012545415168
CHEMBL233_Ki,molformer,mlp,crem_lime,0.20935385946154678,0.14787523796426966,0.05948690136158887,46,5,"42,43,44,45,46",0.05512283662350788,0.004364064738080993,0.004364064738080993
CHEMBL233_Ki,molformer,mlp,crem_mean,0.06756041363801868,0.09603725411475655,0.0,46,5,"42,43,44,45,46",-0.027219368012148516,0.027219368012148516,0.027219368012148516
CHEMBL233_Ki,molformer,xgboost,crem_lime,0.09109888852853334,0.1512319775378862,-0.02179717268284579,46,5,"42,43,44,45,46",-0.028569725525703714,0.0067725528428579235,0.0067725528428579235
CHEMBL233_Ki,molformer,xgboost,crem_mean,0.05917147706744719,0.12430262842832575,-0.03488980467164725,46,5,"42,43,44,45,46",-0.028282934936370498,-0.0066068697352767505,0.0066068697352767505
CHEMBL233_Ki,morgan,mlp,crem_lime,0.10156235618517284,0.18651067137255106,-0.05198478325703118,46,5,"42,43,44,45,46",-0.04966308078270591,-0.0023217024743252684,0.0023217024743252684
CHEMBL233_Ki,morgan,mlp,crem_mean,0.21674264872350057,0.1654864050995193,-0.002774537032187092,46,5,"42,43,44,45,46",-0.0016650867073822549,-0.0011094503248048372,0.0011094503248048372
CHEMBL233_Ki,morgan,xgboost,crem_lime,0.04506673700555515,0.1329765697262681,-0.023434056335668852,46,5,"42,43,44,45,46",-0.06330433599151875,0.0398702796558499,0.0398702796558499
CHEMBL233_Ki,morgan,xgboost,crem_mean,0.1448991080492829,0.10450843832084863,0.03793448973153275,46,5,"42,43,44,45,46",0.05114722042718283,-0.013212730695650078,0.013212730695650078
CHEMBL233_Ki,unimol,mlp,crem_lime,0.1365681450650114,0.19490483994584404,0.010207110807430184,46,5,"42,43,44,45,46",0.007383274716273813,0.0028238360911563704,0.0028238360911563704
CHEMBL233_Ki,unimol,mlp,crem_mean,0.17308407316047444,0.12111462548266665,-0.0005848717846870799,46,5,"42,43,44,45,46",0.005978887558655124,-0.006563759343342204,0.006563759343342204
CHEMBL233_Ki,unimol,xgboost,crem_lime,0.1300417463761665,0.17948434765617965,-0.027049821361767513,46,5,"42,43,44,45,46",0.004345672574579979,-0.031395493936347496,0.031395493936347496
CHEMBL233_Ki,unimol,xgboost,crem_mean,0.11944252206752204,0.13782069955470083,-0.0012101540155838586,46,5,"42,43,44,45,46",-0.005229850210716029,0.0040196961951321705,0.0040196961951321705
CHEMBL236_Ki,molformer,mlp,crem_lime,0.04127568086265943,0.11658366835572143,-0.03630223914062791,37,5,"42,43,44,45,46",-0.03733538880722609,0.0010331496665981765,0.0010331496665981765
CHEMBL236_Ki,molformer,mlp,crem_mean,0.06607956518820937,0.14844742456574103,-0.020463248036634428,37,5,"42,43,44,45,46",-0.025877429602512603,0.005414181565878175,0.005414181565878175
CHEMBL236_Ki,molformer,xgboost,crem_lime,0.05048362521580233,0.13180544931928656,-0.016973109104557488,37,5,"42,43,44,45,46",-0.018158206640929098,0.0011850975363716099,0.0011850975363716099
CHEMBL236_Ki,molformer,xgboost,crem_mean,0.0985093145879495,0.14069500479236782,-0.0009866900414908786,37,5,"42,43,44,45,46",-0.0004497482371250139,-0.0005369418043658647,0.0005369418043658647
CHEMBL236_Ki,morgan,mlp,crem_lime,0.0352018743709627,0.1657051846788688,-0.11518989630552412,37,5,"42,43,44,45,46",-0.07947861115716803,-0.03571128514835609,0.03571128514835609
CHEMBL236_Ki,morgan,mlp,crem_mean,0.04840686274509797,0.1259640353678289,-0.0477600585688821,37,5,"42,43,44,45,46",-0.04846564383329088,0.0007055852644087812,0.0007055852644087812
CHEMBL236_Ki,morgan,xgboost,crem_lime,0.0,0.1676332387328628,-0.14835519183345217,37,5,"42,43,44,45,46",-0.12152931848468475,-0.026825873348767418,0.026825873348767418
CHEMBL236_Ki,morgan,xgboost,crem_mean,0.057686108763031735,0.12546534175419755,-0.018512195946780982,37,5,"42,43,44,45,46",0.0,-0.018512195946780982,0.018512195946780982
CHEMBL236_Ki,unimol,mlp,crem_lime,0.056532095319784266,0.12431125384660047,-0.06781826925845814,37,5,"42,43,44,45,46",-0.06498016651456592,-0.0028381027438922207,0.0028381027438922207
CHEMBL236_Ki,unimol,mlp,crem_mean,0.08652912223834393,0.1424433862433862,0.0,37,5,"42,43,44,45,46",-0.002199427633369791,0.002199427633369791,0.002199427633369791
CHEMBL236_Ki,unimol,xgboost,crem_lime,0.06819816734929211,0.14554081347870274,-0.03852306307687291,37,5,"42,43,44,45,46",-0.027808423129771,-0.010714639947101909,0.010714639947101909
CHEMBL236_Ki,unimol,xgboost,crem_mean,0.09912633235710154,0.12647058823529408,0.0,37,5,"42,43,44,45,46",0.0,0.0,0.0
CHEMBL237_EC50,molformer,mlp,crem_lime,0.21450018033732937,0.16521882864196752,0.011830085508601955,18,5,"42,43,44,45,46",-0.018852590809848746,0.030682676318450702,0.030682676318450702
CHEMBL237_EC50,molformer,mlp,crem_mean,0.25768707978529404,0.24399652471711292,-0.004286167918655713,18,5,"42,43,44,45,46",-0.03220019812804308,0.027914030209387368,0.027914030209387368
CHEMBL237_EC50,molformer,xgboost,crem_lime,0.11167790505699896,0.11458676653657052,0.004409785753130277,18,5,"42,43,44,45,46",-0.034262239448869275,0.038672025201999555,0.038672025201999555
CHEMBL237_EC50,molformer,xgboost,crem_mean,0.18929024679024675,0.2203444531658817,-0.016702867294932654,18,5,"42,43,44,45,46",-0.03684491753622443,0.020142050241291776,0.020142050241291776
CHEMBL237_EC50,morgan,mlp,crem_lime,0.12994306248494178,0.17578259726778955,-0.02201580374941612,18,5,"42,43,44,45,46",-0.02946364091308617,0.0074478371636700486,0.0074478371636700486
CHEMBL237_EC50,morgan,mlp,crem_mean,0.34387966702107037,0.2399407289139432,-0.018291564747014877,18,5,"42,43,44,45,46",-0.018350190957059757,5.862621004487992e-05,5.862621004487992e-05
CHEMBL237_EC50,morgan,xgboost,crem_lime,0.09397369194347405,0.165040800856899,-0.12432283723230395,18,5,"42,43,44,45,46",-0.13725869240065913,0.012935855168355187,0.012935855168355187
CHEMBL237_EC50,morgan,xgboost,crem_mean,0.2052821245049441,0.21361922799422792,-0.010104166666666622,18,5,"42,43,44,45,46",-0.01770225272217038,0.007598086055503758,0.007598086055503758
CHEMBL237_EC50,unimol,mlp,crem_lime,0.17774461923709545,0.15943890538147848,0.014169497481940768,18,5,"42,43,44,45,46",-0.003542734356561254,0.017712231838502023,0.017712231838502023
CHEMBL237_EC50,unimol,mlp,crem_mean,0.41239872666791466,0.32166688191977905,0.021667348921290783,18,5,"42,43,44,45,46",0.045539744842278206,-0.023872395920987423,0.023872395920987423
CHEMBL237_EC50,unimol,xgboost,crem_lime,0.13688180508082481,0.1255951348062362,0.018347102632834178,18,5,"42,43,44,45,46",0.04250220459585816,-0.024155101963023985,0.024155101963023985
CHEMBL237_EC50,unimol,xgboost,crem_mean,0.28854879799904154,0.28303204834197027,-0.007090096029207854,18,5,"42,43,44,45,46",-0.013264985845802307,0.006174889816594453,0.006174889816594453
CHEMBL237_Ki,molformer,mlp,crem_lime,0.0395920998076827,0.16196462820422872,-0.06618097749149086,40,5,"42,43,44,45,46",-0.07316922436599593,0.006988246874505069,0.006988246874505069
CHEMBL237_Ki,molformer,mlp,crem_mean,0.08612201513107307,0.14575678332681177,-0.040714614614825576,40,5,"42,43,44,45,46",-0.05371664794646779,0.013002033331642217,0.013002033331642217
CHEMBL237_Ki,molformer,xgboost,crem_lime,0.0636675965364074,0.12099916645150896,-0.037434343425600994,40,5,"42,43,44,45,46",-0.0243899650138889,-0.013044378411712094,0.013044378411712094
CHEMBL237_Ki,molformer,xgboost,crem_mean,0.09149980058265719,0.12663011788211445,-0.020412351450371617,40,5,"42,43,44,45,46",-0.009985202232288099,-0.010427149218083518,0.010427149218083518
CHEMBL237_Ki,morgan,mlp,crem_lime,0.1749079157831538,0.24359860776456985,-0.00788133012688134,40,5,"42,43,44,45,46",-0.009004855052618565,0.0011235249257372255,0.0011235249257372255
CHEMBL237_Ki,morgan,mlp,crem_mean,0.1731809571685945,0.15708476777639174,-0.023827243182873263,40,5,"42,43,44,45,46",-0.02419746563224437,0.0003702224493711062,0.0003702224493711062
CHEMBL237_Ki,morgan,xgboost,crem_lime,0.06699089440602601,0.12250903804965127,0.01244229245381092,40,5,"42,43,44,45,46",-0.03747138136635746,0.04991367382016838,0.04991367382016838
CHEMBL237_Ki,morgan,xgboost,crem_mean,0.17242390064905905,0.06849704900962811,0.06530882335576954,40,5,"42,43,44,45,46",0.027941571399795865,0.03736725195597368,0.03736725195597368
CHEMBL237_Ki,unimol,mlp,crem_lime,0.07176305030434492,0.14211919658796185,-0.03819804192081208,40,5,"42,43,44,45,46",-0.05489209605509627,0.016694054134284188,0.016694054134284188
CHEMBL237_Ki,unimol,mlp,crem_mean,0.15184078886370628,0.1550490027899018,-0.011275630149523829,40,5,"42,43,44,45,46",-0.012712612797854201,0.0014369826483303719,0.0014369826483303719
CHEMBL237_Ki,unimol,xgboost,crem_lime,0.09200889599704909,0.15152860848952435,-0.036296508591999,40,5,"42,43,44,45,46",-0.027167489147066355,-0.009129019444932641,0.009129019444932641
CHEMBL237_Ki,unimol,xgboost,crem_mean,0.12933864082554372,0.15861850069674216,-0.022720386042799356,40,5,"42,43,44,45,46",-0.0210149252708037,-0.0017054607719956573,0.0017054607719956573
CHEMBL238_Ki,molformer,mlp,crem_lime,0.07569360807307374,0.11632904312722188,-0.04063543505414814,19,5,"42,43,44,45,46",-0.04079543589115979,0.0001600008370116479,0.0001600008370116479
CHEMBL238_Ki,molformer,mlp,crem_mean,0.13493655618801811,0.15503338606385328,-0.015186054554545844,19,5,"42,43,44,45,46",-0.0010109883546855214,-0.014175066199860323,0.014175066199860323
CHEMBL238_Ki,molformer,xgboost,crem_lime,0.12851097073658044,0.179899983918947,0.0,19,5,"42,43,44,45,46",0.0,0.0,0.0
CHEMBL238_Ki,molformer,xgboost,crem_mean,0.1682800922780705,0.16333798195856136,0.0,19,5,"42,43,44,45,46",-0.010947226939505894,0.010947226939505894,0.010947226939505894
CHEMBL238_Ki,morgan,mlp,crem_lime,0.002564161355220302,0.13801335162708084,-0.07100906872485968,19,5,"42,43,44,45,46",-0.07507724966243845,0.004068180937578769,0.004068180937578769
CHEMBL238_Ki,morgan,mlp,crem_mean,0.11246880285146767,0.17954694956759104,-0.006791723390988075,19,5,"42,43,44,45,46",-0.02262052263657416,0.015828799245586084,0.015828799245586084
CHEMBL238_Ki,morgan,xgboost,crem_lime,0.0,0.16710696445075787,-0.18327698546637694,19,5,"42,43,44,45,46",-0.17218654380034787,-0.011090441666029072,0.011090441666029072
CHEMBL238_Ki,morgan,xgboost,crem_mean,0.06634323123684824,0.09758912114722565,-0.02541208791208792,19,5,"42,43,44,45,46",-0.03142147663811076,0.0060093887260228435,0.0060093887260228435
CHEMBL238_Ki,unimol,mlp,crem_lime,0.32844991688011066,0.2287258651346921,0.01740432270154666,19,5,"42,43,44,45,46",0.04527708337046077,-0.027872760668914108,0.027872760668914108
CHEMBL238_Ki,unimol,mlp,crem_mean,0.23134188508649714,0.1994332787615691,0.0,19,5,"42,43,44,45,46",0.0028384491866330144,-0.0028384491866330144,0.0028384491866330144
CHEMBL238_Ki,unimol,xgboost,crem_lime,0.1908350339097525,0.16165222095956383,0.0,19,5,"42,43,44,45,46",-0.01549769766920542,0.01549769766920542,0.01549769766920542
CHEMBL238_Ki,unimol,xgboost,crem_mean,0.17055544772256725,0.15782592407592405,0.024247542230496744,19,5,"42,43,44,45,46",0.0,0.024247542230496744,0.024247542230496744
CHEMBL239_EC50,molformer,mlp,crem_lime,0.0422676527392041,0.08215370189895492,-0.025826736544815848,33,5,"42,43,44,45,46",-0.02976851683510396,0.003941780290288112,0.003941780290288112
CHEMBL239_EC50,molformer,mlp,crem_mean,0.07977115987173933,0.07507572837188639,-0.013118257956388525,33,5,"42,43,44,45,46",-0.016025185431503525,0.0029069274751149995,0.0029069274751149995
CHEMBL239_EC50,molformer,xgboost,crem_lime,0.016702929423103665,0.07858977424690135,-0.06363104625559604,33,5,"42,43,44,45,46",-0.052744869129113914,-0.010886177126482127,0.010886177126482127
CHEMBL239_EC50,molformer,xgboost,crem_mean,0.04912735220201756,0.07064940375808222,-0.021486646877154972,33,5,"42,43,44,45,46",-0.021382559971295817,-0.00010408690585915481,0.00010408690585915481
CHEMBL239_EC50,morgan,mlp,crem_lime,0.07011111771478613,0.06676065380007463,-0.0018226265533174413,33,5,"42,43,44,45,46",-0.026783255192915856,0.024960628639598414,0.024960628639598414
CHEMBL239_EC50,morgan,mlp,crem_mean,0.06317096028522233,0.07695255721523127,-0.014817892097059047,33,5,"42,43,44,45,46",-0.011669428163197808,-0.003148463933861239,0.003148463933861239
CHEMBL239_EC50,morgan,xgboost,crem_lime,0.04447786589362703,0.12316271283476392,-0.03443141014073156,33,5,"42,43,44,45,46",-0.060772852506351255,0.026341442365619694,0.026341442365619694
CHEMBL239_EC50,morgan,xgboost,crem_mean,0.004850881129311267,0.05181922805933646,-0.02756129777801606,33,5,"42,43,44,45,46",-0.0195687836169548,-0.00799251416106126,0.00799251416106126
CHEMBL239_EC50,unimol,mlp,crem_lime,0.051880805258041805,0.07719730177230669,0.04219624308628794,33,5,"42,43,44,45,46",0.0028135226653520883,0.03938272042093585,0.03938272042093585
CHEMBL239_EC50,unimol,mlp,crem_mean,0.039777449441314935,0.09027047963314083,-0.025562636470177397,33,5,"42,43,44,45,46",-0.034490878672080165,0.008928242201902768,0.008928242201902768
CHEMBL239_EC50,unimol,xgboost,crem_lime,0.0298080027462008,0.052713846989135796,0.0009932238501937478,33,5,"42,43,44,45,46",-0.018292132990177415,0.01928535684037116,0.01928535684037116
CHEMBL239_EC50,unimol,xgboost,crem_mean,0.08014435599393656,0.0747014464832539,0.00977144771228583,33,5,"42,43,44,45,46",-0.0030426456226819755,0.012814093334967806,0.012814093334967806
CHEMBL244_Ki,molformer,mlp,crem_lime,0.07397036587487008,0.08664816023043453,-0.0479542179803061,52,5,"42,43,44,45,46",-0.03317636970971294,-0.014777848270593162,0.014777848270593162
CHEMBL244_Ki,molformer,mlp,crem_mean,0.056539694052385216,0.059178114264999075,-0.016762490540306783,52,5,"42,43,44,45,46",-0.0236176310946556,0.006855140554348816,0.006855140554348816
CHEMBL244_Ki,molformer,xgboost,crem_lime,0.09994494239067345,0.08928222391474461,-0.006870819537287724,52,5,"42,43,44,45,46",-0.017233771048539813,0.010362951511252088,0.010362951511252088
CHEMBL244_Ki,molformer,xgboost,crem_mean,0.043512174020584736,0.07195200293563031,-0.015329331630361185,52,5,"42,43,44,45,46",-0.012401445760497478,-0.002927885869863707,0.002927885869863707
CHEMBL244_Ki,morgan,mlp,crem_lime,0.041149690453467,0.13152080999859178,-0.07166859236122229,52,5,"42,43,44,45,46",-0.05176859875179004,-0.019899993609432252,0.019899993609432252
CHEMBL244_Ki,morgan,mlp,crem_mean,0.03598790092979025,0.10333241157202336,-0.034332440626550206,52,5,"42,43,44,45,46",-0.031068731069437777,-0.003263709557112429,0.003263709557112429
CHEMBL244_Ki,morgan,xgboost,crem_lime,0.04329341702667955,0.12124725810777623,-0.029471407053331088,52,5,"42,43,44,45,46",-0.037868389138689146,0.008396982085358058,0.008396982085358058
CHEMBL244_Ki,morgan,xgboost,crem_mean,0.021212422953740467,0.07938589143520794,-0.022750849886727667,52,5,"42,43,44,45,46",-0.02481321154753571,0.0020623616608080424,0.0020623616608080424
CHEMBL244_Ki,unimol,mlp,crem_lime,0.04694142466555405,0.08366959694409301,-0.0399754943986559,52,5,"42,43,44,45,46",-0.019955075557656063,-0.020020418840999837,0.020020418840999837
CHEMBL244_Ki,unimol,mlp,crem_mean,0.04602082113939958,0.0898810174126208,-0.020024230025828843,52,5,"42,43,44,45,46",-0.01903761701070663,-0.0009866130151222133,0.0009866130151222133
CHEMBL244_Ki,unimol,xgboost,crem_lime,0.053821468568360786,0.0885187041697327,2.0935578081287404e-05,52,5,"42,43,44,45,46",-0.024285075083160263,0.02430601066124155,0.02430601066124155
CHEMBL244_Ki,unimol,xgboost,crem_mean,0.07636564889134026,0.0766980562876067,0.02628557215713855,52,5,"42,43,44,45,46",-0.004439106836344062,0.03072467899348261,0.03072467899348261
CHEMBL262_Ki,molformer,mlp,crem_lime,0.13493405616304424,0.23005816908447424,-0.09311546651337574,13,5,"42,43,44,45,46",-0.07445002936157571,-0.018665437151800024,0.018665437151800024
CHEMBL262_Ki,molformer,mlp,crem_mean,0.042615921955919504,0.055789857389688356,-0.023285225266649473,13,5,"42,43,44,45,46",-0.0019072077546969726,-0.0213780175119525,0.0213780175119525
CHEMBL262_Ki,molformer,xgboost,crem_lime,0.21434855519462193,0.22775875340213406,-0.018193144304255393,13,5,"42,43,44,45,46",0.005772129566287143,-0.023965273870542536,0.023965273870542536
CHEMBL262_Ki,molformer,xgboost,crem_mean,0.07696160981875264,0.10003816591571693,-0.023076556096964296,13,5,"42,43,44,45,46",-0.05408769977250899,0.031011143675544695,0.031011143675544695
CHEMBL262_Ki,morgan,mlp,crem_lime,0.18402116402116397,0.25110684745362166,-0.05530459967441159,13,5,"42,43,44,45,46",-0.035595938306828535,-0.019708661367583057,0.019708661367583057
CHEMBL262_Ki,morgan,mlp,crem_mean,0.0497496191175667,0.12375776693243445,-0.02075722951766763,13,5,"42,43,44,45,46",-0.048933509764165106,0.028176280246497477,0.028176280246497477
CHEMBL262_Ki,morgan,xgboost,crem_lime,-0.008676977343643968,0.19748616989253245,-0.17963534157351688,13,5,"42,43,44,45,46",-0.09121272343455791,-0.08842261813895896,0.08842261813895896
CHEMBL262_Ki,morgan,xgboost,crem_mean,0.03368690267869153,0.08950012389522534,-0.055860081188883776,13,5,"42,43,44,45,46",-0.0362204355261089,-0.019639645662774874,0.019639645662774874
CHEMBL262_Ki,unimol,mlp,crem_lime,0.26819374644087285,0.22920993690109737,0.07023771339924892,13,5,"42,43,44,45,46",0.0970417719286989,-0.026804058529449976,0.026804058529449976
CHEMBL262_Ki,unimol,mlp,crem_mean,0.0834720381659158,0.08491023174356506,0.03265314434669292,13,5,"42,43,44,45,46",0.02066819662306621,0.01198494772362671,0.01198494772362671
CHEMBL262_Ki,unimol,xgboost,crem_lime,0.33149758454106276,0.2393805353495449,0.1467924422516259,13,5,"42,43,44,45,46",0.09950997210905915,0.04728247014256676,0.04728247014256676
CHEMBL262_Ki,unimol,xgboost,crem_mean,0.0818838873061095,0.10449716704863761,0.00861408965776203,13,5,"42,43,44,45,46",0.0007691566959653479,0.007844932961796683,0.007844932961796683
CHEMBL264_Ki,molformer,mlp,crem_lime,0.035898035764996665,0.061719685981334545,-0.012207446095143392,46,5,"42,43,44,45,46",-0.06814609220494736,0.055938646109803966,0.055938646109803966
CHEMBL264_Ki,molformer,mlp,crem_mean,0.1062924845794521,0.09824981161150714,-0.017585719194487898,46,5,"42,43,44,45,46",0.00017420650721080774,-0.017759925701698705,0.017759925701698705
CHEMBL264_Ki,molformer,xgboost,crem_lime,0.08498574012329882,0.06191513482810053,-0.004705767661767994,46,5,"42,43,44,45,46",-0.002613344961421498,-0.002092422700346496,0.002092422700346496
CHEMBL264_Ki,molformer,xgboost,crem_mean,0.10660572746841297,0.09065848388979622,0.013703531888032243,46,5,"42,43,44,45,46",0.0016652378579123245,0.012038294030119918,0.012038294030119918
CHEMBL264_Ki,morgan,mlp,crem_lime,0.12262976186826008,0.12931020566552773,-0.019827517605987978,46,5,"42,43,44,45,46",-0.021109063833438354,0.001281546227450376,0.001281546227450376
CHEMBL264_Ki,morgan,mlp,crem_mean,0.09086956993314448,0.12593135777105863,0.0025039973846791436,46,5,"42,43,44,45,46",0.0008616156303847232,0.0016423817542944204,0.0016423817542944204
CHEMBL264_Ki,morgan,xgboost,crem_lime,0.01694719425065415,0.11268152179595192,-0.06394145849432334,46,5,"42,43,44,45,46",-0.05411725130201484,-0.009824207192308497,0.009824207192308497
CHEMBL264_Ki,morgan,xgboost,crem_mean,0.0793128508379837,0.07542574542143257,0.001434164883770136,46,5,"42,43,44,45,46",-0.013276419514602802,0.014710584398372938,0.014710584398372938
CHEMBL264_Ki,unimol,mlp,crem_lime,0.04347133315110599,0.06865828410375385,-0.034584638993630124,46,5,"42,43,44,45,46",-0.03793197670945462,0.0033473377158244957,0.0033473377158244957
CHEMBL264_Ki,unimol,mlp,crem_mean,0.10041329391306061,0.12720559024286368,0.008599642563341548,46,5,"42,43,44,45,46",0.006657880902902352,0.0019417616604391957,0.0019417616604391957
CHEMBL264_Ki,unimol,xgboost,crem_lime,0.03162901924175195,0.061350525688008015,-0.05012344797214559,46,5,"42,43,44,45,46",-0.05238749051193265,0.002264042539787063,0.002264042539787063
CHEMBL264_Ki,unimol,xgboost,crem_mean,0.10620867814940498,0.08808234503053872,-0.0007435512773132855,46,5,"42,43,44,45,46",0.021365071595949692,-0.022108622873262977,0.022108622873262977
CHEMBL2835_Ki,molformer,mlp,crem_lime,0.037235565172158765,0.12642731576037045,-0.08532350970152881,5,5,"42,43,44,45,46",-0.1684687301565104,0.08314522045498159,0.08314522045498159
CHEMBL2835_Ki,molformer,mlp,crem_mean,0.31108776844070957,0.31768523713646973,0.042438713570287,5,5,"42,43,44,45,46",0.014130637239354094,0.028308076330932908,0.028308076330932908
CHEMBL2835_Ki,molformer,xgboost,crem_lime,0.0850988287478129,0.19387377556715682,-0.1908989492077896,5,5,"42,43,44,45,46",-0.2188594955801793,0.027960546372389705,0.027960546372389705
CHEMBL2835_Ki,molformer,xgboost,crem_mean,0.3990937534720625,0.3548253983267468,0.004802374708465951,5,5,"42,43,44,45,46",-0.014130446640092997,0.018932821348558948,0.018932821348558948
CHEMBL2835_Ki,morgan,mlp,crem_lime,0.19131886877515394,0.4618880380031511,-0.17036307928428512,5,5,"42,43,44,45,46",-0.11744841630341482,-0.0529146629808703,0.0529146629808703
CHEMBL2835_Ki,morgan,mlp,crem_mean,0.43149745045661,0.41425785755478656,-0.11591857698961938,5,5,"42,43,44,45,46",-0.06386684207996923,-0.05205173490965015,0.05205173490965015
CHEMBL2835_Ki,morgan,xgboost,crem_lime,0.004498317270383301,0.21989253901213068,-0.21539422174174738,5,5,"42,43,44,45,46",-0.18401307163433606,-0.031381150107411326,0.031381150107411326
CHEMBL2835_Ki,morgan,xgboost,crem_mean,0.1891769865841073,0.35952065865939137,-0.1914180967512171,5,5,"42,43,44,45,46",-0.1253217495166711,-0.066096347234546,0.066096347234546
CHEMBL2835_Ki,unimol,mlp,crem_lime,0.20069224629679275,0.13335166236109003,0.018136405415568352,5,5,"42,43,44,45,46",0.0007237922006425035,0.01741261321492585,0.01741261321492585
CHEMBL2835_Ki,unimol,mlp,crem_mean,0.382735906862745,0.3133831738437001,0.0324882284130229,5,5,"42,43,44,45,46",0.0656157965358603,-0.0331275681228374,0.0331275681228374
CHEMBL2835_Ki,unimol,xgboost,crem_lime,0.4564702454899949,0.11809115181809644,0.44649456153265027,5,5,"42,43,44,45,46",0.3205828070821146,0.12591175445053565,0.12591175445053565
CHEMBL2835_Ki,unimol,xgboost,crem_mean,0.4620084112973944,0.20927350385341303,0.27810210271824365,5,5,"42,43,44,45,46",0.2310408831298009,0.047061219588442754,0.047061219588442754
CHEMBL287_Ki,molformer,mlp,crem_lime,0.013342962641898317,0.1319978485496375,-0.008178278786443477,26,5,"42,43,44,45,46",-0.024612050386957372,0.016433771600513895,0.016433771600513895
CHEMBL287_Ki,molformer,mlp,crem_mean,0.21772135398886927,0.15875091450244766,0.0,26,5,"42,43,44,45,46",-0.00872336956401381,0.00872336956401381,0.00872336956401381
CHEMBL287_Ki,molformer,xgboost,crem_lime,0.08339753541163764,0.09089358774703653,-0.011914684442145149,26,5,"42,43,44,45,46",-0.00702955170492113,-0.004885132737224018,0.004885132737224018
CHEMBL287_Ki,molformer,xgboost,crem_mean,0.21859224515756337,0.1410579469271239,0.011182488616937037,26,5,"42,43,44,45,46",0.0404148938907447,-0.029232405273807664,0.029232405273807664
CHEMBL287_Ki,morgan,mlp,crem_lime,0.19513111272100753,0.1318859052817634,-0.003427449718755377,26,5,"42,43,44,45,46",-0.011891724165330811,0.008464274446575434,0.008464274446575434
CHEMBL287_Ki,morgan,mlp,crem_mean,0.150792981675615,0.16864456820653312,0.0,26,5,"42,43,44,45,46",0.0,0.0,0.0
CHEMBL287_Ki,morgan,xgboost,crem_lime,0.09783199299024924,0.14107346073182364,-0.0019938856918154876,26,5,"42,43,44,45,46",-0.0007903479543302991,-0.0012035377374851886,0.0012035377374851886
CHEMBL287_Ki,morgan,xgboost,crem_mean,0.21830944767157576,0.13510592056616588,0.051945483842382366,26,5,"42,43,44,45,46",0.09082112750149574,-0.03887564365911337,0.03887564365911337
CHEMBL287_Ki,unimol,mlp,crem_lime,0.09443386015617708,0.11616947084668595,-0.022308826990186978,26,5,"42,43,44,45,46",-0.02323748975549613,0.0009286627653091531,0.0009286627653091531
CHEMBL287_Ki,unimol,mlp,crem_mean,0.0757708588089195,0.10025839878316202,-0.023968957505167324,26,5,"42,43,44,45,46",-0.02672248262496674,0.0027535251197994166,0.0027535251197994166
CHEMBL287_Ki,unimol,xgboost,crem_lime,0.09392523041620304,0.13895541889542967,-0.03049579881008754,26,5,"42,43,44,45,46",-0.024976306947633836,-0.005519491862453704,0.005519491862453704
CHEMBL287_Ki,unimol,xgboost,crem_mean,0.1091551298046829,0.09479045727220686,0.0,26,5,"42,43,44,45,46",0.006105329441906695,-0.006105329441906695,0.006105329441906695
CHEMBL2971_Ki,molformer,mlp,crem_lime,0.047285233772474095,0.180439227133763,-0.15728250865993598,11,5,"42,43,44,45,46",-0.20060447177628277,0.043321963116346784,0.043321963116346784
CHEMBL2971_Ki,molformer,mlp,crem_mean,0.06526545536427976,0.2547835794672515,-0.09917058287838793,11,5,"42,43,44,45,46",-0.08526395850737917,-0.013906624371008758,0.013906624371008758
CHEMBL2971_Ki,molformer,xgboost,crem_lime,0.10980350767328306,0.1270269816438599,-0.048464232569372045,11,5,"42,43,44,45,46",-0.04410382546392058,-0.004360407105451464,0.004360407105451464
CHEMBL2971_Ki,molformer,xgboost,crem_mean,0.2503370490808766,0.22649572034200877,0.0,11,5,"42,43,44,45,46",0.028571428571428692,-0.028571428571428692,0.028571428571428692
CHEMBL2971_Ki,morgan,mlp,crem_lime,0.09591056996405994,0.2694332632953744,-0.11391991742246131,11,5,"42,43,44,45,46",-0.16209200732915255,0.04817208990669124,0.04817208990669124
CHEMBL2971_Ki,morgan,mlp,crem_mean,0.2731618173597184,0.2437880034937392,-0.007767530088958696,11,5,"42,43,44,45,46",-0.0318418260052577,0.024074295916299004,0.024074295916299004
CHEMBL2971_Ki,morgan,xgboost,crem_lime,0.0200598437769306,0.25254561017880345,-0.26838014422981776,11,5,"42,43,44,45,46",-0.2527122626664897,-0.015667881563328045,0.015667881563328045
CHEMBL2971_Ki,morgan,xgboost,crem_mean,0.13749999999999996,0.27721088435374147,-0.06322938917388732,11,5,"42,43,44,45,46",-0.022932902431517382,-0.040296486742369936,0.040296486742369936
CHEMBL2971_Ki,unimol,mlp,crem_lime,0.0346240449999169,0.1355008306371161,-0.07409330596143793,11,5,"42,43,44,45,46",-0.03779958189827402,-0.036293724063163904,0.036293724063163904
CHEMBL2971_Ki,unimol,mlp,crem_mean,0.24457523428206596,0.2462693921553603,0.0,11,5,"42,43,44,45,46",0.0,0.0,0.0
CHEMBL2971_Ki,unimol,xgboost,crem_lime,0.10081541948294491,0.08224631066146523,-0.024510446429468577,11,5,"42,43,44,45,46",-0.040345442219235736,0.01583499578976716,0.01583499578976716
CHEMBL2971_Ki,unimol,xgboost,crem_mean,0.18288209413786505,0.14083241986816455,0.032219587022332796,11,5,"42,43,44,45,46",-0.007480415950112701,0.0397000029724455,0.0397000029724455
CHEMBL3979_EC50,molformer,mlp,crem_lime,0.049134961225282,0.06001863696032396,-0.021422746392609205,17,5,"42,43,44,45,46",-0.013073758872285617,-0.008348987520323588,0.008348987520323588
CHEMBL3979_EC50,molformer,mlp,crem_mean,0.0,0.04221929833198934,-0.006800087201056124,17,5,"42,43,44,45,46",-0.012270570533331089,0.005470483332274965,0.005470483332274965
CHEMBL3979_EC50,molformer,xgboost,crem_lime,0.06454122506222153,0.06090047711099163,0.00274869332935655,17,5,"42,43,44,45,46",-0.03346605295859932,0.036214746287955873,0.036214746287955873
CHEMBL3979_EC50,molformer,xgboost,crem_mean,0.0008819321709530333,0.052459109422166916,-0.0052686114033533155,17,5,"42,43,44,45,46",-0.022419826412942667,0.01715121500958935,0.01715121500958935
CHEMBL3979_EC50,morgan,mlp,crem_lime,0.004188541889031098,0.1225972463320892,-0.16533238959217866,17,5,"42,43,44,45,46",-0.17628282882865545,0.010950439236476789,0.010950439236476789
CHEMBL3979_EC50,morgan,mlp,crem_mean,0.008839654619429366,0.04580326610735728,-0.025645131258324655,17,5,"42,43,44,45,46",-0.018227934142470065,-0.00741719711585459,0.00741719711585459
CHEMBL3979_EC50,morgan,xgboost,crem_lime,-0.0014763680998496006,0.11094879433189964,-0.049600060252287415,17,5,"42,43,44,45,46",-0.08644123086443797,0.03684117061215056,0.03684117061215056
CHEMBL3979_EC50,morgan,xgboost,crem_mean,0.00046192552584303423,0.04445749886975656,-0.017560119657070425,17,5,"42,43,44,45,46",-0.02348658887449591,0.005926469217425484,0.005926469217425484
CHEMBL3979_EC50,unimol,mlp,crem_lime,0.11745655411445939,0.11230244167205335,0.012474764823556986,17,5,"42,43,44,45,46",-0.015402389511358082,0.02787715433491507,0.02787715433491507
CHEMBL3979_EC50,unimol,mlp,crem_mean,0.0129808026192898,0.07012028550522084,-0.006717726196753787,17,5,"42,43,44,45,46",0.0004687185344864958,-0.007186444731240283,0.007186444731240283
CHEMBL3979_EC50,unimol,xgboost,crem_lime,0.12118371890141694,0.1083002911755326,-0.008124653374778162,17,5,"42,43,44,45,46",0.022611672402814975,-0.030736325777593138,0.030736325777593138
CHEMBL3979_EC50,unimol,xgboost,crem_mean,0.05552135198652264,0.057988748552474045,-0.0004343131666988964,17,5,"42,43,44,45,46",-0.00012996072922118185,-0.00030435243747771457,0.00030435243747771457
CHEMBL4005_Ki,molformer,mlp,crem_lime,0.08495271542827414,0.19958248269254764,-0.10485614388680693,17,5,"42,43,44,45,46",-0.10559966423976822,0.0007435203529612827,0.0007435203529612827
CHEMBL4005_Ki,molformer,mlp,crem_mean,0.09964520235724567,0.13197144841289296,-0.0029619050463320206,17,5,"42,43,44,45,46",-0.011609475859087422,0.008647570812755401,0.008647570812755401
CHEMBL4005_Ki,molformer,xgboost,crem_lime,0.009478886858878864,0.04259927677047098,-0.008901853088644192,17,5,"42,43,44,45,46",-0.04089281543181668,0.03199096234317249,0.03199096234317249
CHEMBL4005_Ki,molformer,xgboost,crem_mean,0.20130992625546004,0.08695831017568131,0.04756365630502818,17,5,"42,43,44,45,46",0.03433537789663763,0.013228278408390547,0.013228278408390547
CHEMBL4005_Ki,morgan,mlp,crem_lime,0.09687571116419284,0.22374346085440208,-0.10184918910564009,17,5,"42,43,44,45,46",-0.10631021631362149,0.004461027207981402,0.004461027207981402
CHEMBL4005_Ki,morgan,mlp,crem_mean,0.0725547602184688,0.170641504246221,-0.060830566764753485,17,5,"42,43,44,45,46",-0.09079426345291233,0.029963696688158847,0.029963696688158847
CHEMBL4005_Ki,morgan,xgboost,crem_lime,0.050746705229886134,0.13361938564305592,-0.09752040389959377,17,5,"42,43,44,45,46",-0.08809483114351369,-0.00942557275608008,0.00942557275608008
CHEMBL4005_Ki,morgan,xgboost,crem_mean,0.12461569132962658,0.15151810458407158,-0.006874176548089583,17,5,"42,43,44,45,46",-0.018631098375656144,0.01175692182756656,0.01175692182756656
CHEMBL4005_Ki,unimol,mlp,crem_lime,0.09010229368574384,0.0931671646760164,0.016065620623482282,17,5,"42,43,44,45,46",0.002835929227290729,0.013229691396191554,0.013229691396191554
CHEMBL4005_Ki,unimol,mlp,crem_mean,0.12250402576489532,0.09109166964934348,-0.026940683499104057,17,5,"42,43,44,45,46",-0.060944710619114884,0.03400402712001083,0.03400402712001083
CHEMBL4005_Ki,unimol,xgboost,crem_lime,0.0719464427241005,0.08904452509838134,-0.014652166589173385,17,5,"42,43,44,45,46",-0.06840120451734183,0.053749037928168444,0.053749037928168444
CHEMBL4005_Ki,unimol,xgboost,crem_mean,0.13765971857244272,0.13762346900047542,-0.02827645508945023,17,5,"42,43,44,45,46",-0.06256920209060053,0.0342927470011503,0.0342927470011503
CHEMBL4203_Ki,molformer,mlp,crem_lime,-0.03157212527595203,0.12246232683906694,-0.14884236830903752,6,5,"42,43,44,45,46",-0.1612389598059836,0.01239659149694608,0.01239659149694608
CHEMBL4203_Ki,molformer,mlp,crem_mean,0.0593924534794878,0.045368203986469756,0.014024249493018046,6,5,"42,43,44,45,46",-0.041117906615697634,0.05514215610871568,0.05514215610871568
CHEMBL4203_Ki,molformer,xgboost,crem_lime,-0.056142177896427885,0.07816948907705243,-0.19363522204155686,6,5,"42,43,44,45,46",-0.23319949701979772,0.03956427497824086,0.03956427497824086
CHEMBL4203_Ki,molformer,xgboost,crem_mean,-0.021729121846308687,0.03799377452450305,-0.08781088930537392,6,5,"42,43,44,45,46",-0.10149783923925204,0.013686949933878118,0.013686949933878118
CHEMBL4203_Ki,morgan,mlp,crem_lime,0.12901202150117153,0.05401743206033055,0.01984955778711628,6,5,"42,43,44,45,46",0.03913038808454978,-0.0192808302974335,0.0192808302974335
CHEMBL4203_Ki,morgan,mlp,crem_mean,0.0032797602583963213,0.013583122882468074,0.0067445469321517,6,5,"42,43,44,45,46",0.012168054062667279,-0.0054235071305155785,0.0054235071305155785
CHEMBL4203_Ki,morgan,xgboost,crem_lime,0.23979392329651222,0.24660045187268462,0.07130821870591532,6,5,"42,43,44,45,46",0.07585081807206824,-0.004542599366152922,0.004542599366152922
CHEMBL4203_Ki,morgan,xgboost,crem_mean,0.07918054779730671,0.07184280088164258,-0.01999417494706268,6,5,"42,43,44,45,46",-0.011116151249224857,-0.008878023697837824,0.008878023697837824
CHEMBL4203_Ki,unimol,mlp,crem_lime,0.08220524340094439,0.03689567385821926,0.003702886514643018,6,5,"42,43,44,45,46",0.02855530281671174,-0.024852416302068723,0.024852416302068723
CHEMBL4203_Ki,unimol,mlp,crem_mean,0.055571756619074354,0.021375208437909278,-0.009833422312494594,6,5,"42,43,44,45,46",0.021488173983582118,-0.03132159629607671,0.03132159629607671
CHEMBL4203_Ki,unimol,xgboost,crem_lime,0.15250218581337388,0.16412190222330453,-0.019873122265940138,6,5,"42,43,44,45,46",0.04268017633725321,-0.06255329860319335,0.06255329860319335
CHEMBL4203_Ki,unimol,xgboost,crem_mean,-0.015442122434287383,0.016141721204799477,-0.04787152654972321,6,5,"42,43,44,45,46",-0.049420529572221164,0.001549003022497955,0.001549003022497955
CHEMBL4616_EC50,molformer,mlp,crem_lime,-0.030661537442840364,0.0,-0.0200839171378532,9,5,"42,43,44,45,46",-0.034101962556831025,0.014018045418977824,0.014018045418977824
CHEMBL4616_EC50,molformer,mlp,crem_mean,0.038930745011826036,0.06830961973652112,0.0,9,5,"42,43,44,45,46",0.0,0.0,0.0
CHEMBL4616_EC50,molformer,xgboost,crem_lime,-0.006519811132166566,0.055368180323648444,-0.0955824776644234,9,5,"42,43,44,45,46",-0.052510838519680886,-0.04307163914474252,0.04307163914474252
CHEMBL4616_EC50,molformer,xgboost,crem_mean,0.059495714452348636,0.14223206140614203,0.0,9,5,"42,43,44,45,46",0.0,0.0,0.0
CHEMBL4616_EC50,morgan,mlp,crem_lime,0.0,0.0933046555095993,-0.04266304161211197,9,5,"42,43,44,45,46",-0.023690787792831944,-0.018972253819280027,0.018972253819280027
CHEMBL4616_EC50,morgan,mlp,crem_mean,0.16296590385147028,0.17722741512251777,0.0,9,5,"42,43,44,45,46",-0.017458674927834927,0.017458674927834927,0.017458674927834927
CHEMBL4616_EC50,morgan,xgboost,crem_lime,0.17328222777945523,0.10011202711920245,0.04357321714070286,9,5,"42,43,44,45,46",0.1024819283666111,-0.05890871122590824,0.05890871122590824
CHEMBL4616_EC50,morgan,xgboost,crem_mean,0.19909402595534795,0.09501182333862584,0.1123808990335441,9,5,"42,43,44,45,46",0.1363205400922295,-0.023939641058685387,0.023939641058685387
CHEMBL4616_EC50,unimol,mlp,crem_lime,0.007854945492447474,0.03207643711710898,-0.0012795509194206967,9,5,"42,43,44,45,46",0.0,-0.0012795509194206967,0.0012795509194206967
CHEMBL4616_EC50,unimol,mlp,crem_mean,0.10492139949877162,0.10079599932888388,-0.016510292900266375,9,5,"42,43,44,45,46",-0.06368733997133479,0.047177047071068415,0.047177047071068415
CHEMBL4616_EC50,unimol,xgboost,crem_lime,0.11476155157124386,0.054802101962919035,0.06725490208117968,9,5,"42,43,44,45,46",0.05669643845468478,0.010558463626494902,0.010558463626494902
CHEMBL4616_EC50,unimol,xgboost,crem_mean,0.06900505481389273,0.08516632975883551,0.0,9,5,"42,43,44,45,46",0.0,0.0,0.0
CHEMBL4792_Ki,molformer,mlp,crem_lime,0.1061757797931145,0.3067033361288736,-0.06223055981712338,21,5,"42,43,44,45,46",-0.015784525409453562,-0.04644603440766982,0.04644603440766982
CHEMBL4792_Ki,molformer,mlp,crem_mean,0.1471269007912373,0.09427847601028708,0.021222467707030887,21,5,"42,43,44,45,46",0.03273229610242506,-0.011509828395394175,0.011509828395394175
CHEMBL4792_Ki,molformer,xgboost,crem_lime,0.1097613504242132,0.18204340705128935,0.010861546287549942,21,5,"42,43,44,45,46",0.01242612481820593,-0.0015645785306559884,0.0015645785306559884
CHEMBL4792_Ki,molformer,xgboost,crem_mean,0.14230370176132903,0.1666628331494541,-0.0026090179113655576,21,5,"42,43,44,45,46",0.006329739334486656,-0.008938757245852214,0.008938757245852214
CHEMBL4792_Ki,morgan,mlp,crem_lime,0.19491458672982223,0.13644232512508978,0.051470208248877686,21,5,"42,43,44,45,46",0.03611258811696179,0.015357620131915897,0.015357620131915897
CHEMBL4792_Ki,morgan,mlp,crem_mean,0.19266936831448978,0.12110691989304112,0.063891287816391,21,5,"42,43,44,45,46",0.03710294694158456,0.026788340874806443,0.026788340874806443
CHEMBL4792_Ki,morgan,xgboost,crem_lime,0.0679815913328836,0.11460911350699785,-0.03498645817975243,21,5,"42,43,44,45,46",-0.11491242594363782,0.07992596776388539,0.07992596776388539
CHEMBL4792_Ki,morgan,xgboost,crem_mean,0.10134170445944646,0.04017841683855392,0.019762612572311405,21,5,"42,43,44,45,46",-0.01893542462233691,0.038698037194648316,0.038698037194648316
CHEMBL4792_Ki,unimol,mlp,crem_lime,0.09242348106328434,0.18761382243405822,-0.03321789296081086,21,5,"42,43,44,45,46",-0.056924584501783386,0.023706691540972526,0.023706691540972526
CHEMBL4792_Ki,unimol,mlp,crem_mean,0.1229521669714152,0.09001761877801505,0.0,21,5,"42,43,44,45,46",-0.007175277474527723,0.007175277474527723,0.007175277474527723
CHEMBL4792_Ki,unimol,xgboost,crem_lime,0.10646186306071626,0.2051298763039831,-0.12542828073872386,21,5,"42,43,44,45,46",-0.08237914153845641,-0.043049139200267456,0.043049139200267456
CHEMBL4792_Ki,unimol,xgboost,crem_mean,0.11555436641821876,0.1706813299585935,-0.008383517628605383,21,5,"42,43,44,45,46",-0.0025907438287040285,-0.0057927737999013545,0.0057927737999013545
CHEMBL1862_Ki,molformer,mlp,crem_lime,0.07364664892682986,0.11750875738894505,-0.04710870219750453,8,10,"42,43,44,45,46,47,48,49,50,51",-0.04710870219750453,0.0,0.0
CHEMBL1862_Ki,molformer,mlp,crem_mean,0.12576707695458073,0.21262327082134036,-0.06789591356726893,8,10,"42,43,44,45,46,47,48,49,50,51",-0.06789591356726893,0.0,0.0
CHEMBL1862_Ki,molformer,xgboost,crem_lime,0.07537934600465765,0.13641517698616096,-0.04488186148547488,8,10,"42,43,44,45,46,47,48,49,50,51",-0.04488186148547488,0.0,0.0
CHEMBL1862_Ki,molformer,xgboost,crem_mean,0.1806745835662481,0.2059465109226442,0.014100217934463068,8,10,"42,43,44,45,46,47,48,49,50,51",0.014100217934463068,0.0,0.0
CHEMBL1862_Ki,morgan,mlp,crem_lime,-0.01573924214384073,0.24922820516687189,-0.21389765569007296,8,10,"42,43,44,45,46,47,48,49,50,51",-0.21389765569007296,0.0,0.0
CHEMBL1862_Ki,morgan,mlp,crem_mean,0.1596171672790891,0.27516922545936984,-0.14287926757706962,8,10,"42,43,44,45,46,47,48,49,50,51",-0.14287926757706962,0.0,0.0
CHEMBL1862_Ki,morgan,xgboost,crem_lime,0.06345884846429475,0.10789585763982577,-0.06368912215559445,8,10,"42,43,44,45,46,47,48,49,50,51",-0.06368912215559445,0.0,0.0
CHEMBL1862_Ki,morgan,xgboost,crem_mean,0.10504708564897045,0.08539997392786786,0.037362365485396926,8,10,"42,43,44,45,46,47,48,49,50,51",0.037362365485396926,0.0,0.0
CHEMBL1862_Ki,unimol,mlp,crem_lime,0.09814101543070947,0.10049278893062055,-0.02397129000252772,8,10,"42,43,44,45,46,47,48,49,50,51",-0.02397129000252772,0.0,0.0
CHEMBL1862_Ki,unimol,mlp,crem_mean,0.10387890152728932,0.13620917842441846,0.027256132260846756,8,10,"42,43,44,45,46,47,48,49,50,51",0.027256132260846756,0.0,0.0
CHEMBL1862_Ki,unimol,xgboost,crem_lime,0.05736885898983819,0.07723558355888516,-0.018599060169143505,8,10,"42,43,44,45,46,47,48,49,50,51",-0.018599060169143505,0.0,0.0
CHEMBL1862_Ki,unimol,xgboost,crem_mean,0.24093611960873318,0.18136124368768264,0.07995228575306772,8,10,"42,43,44,45,46,47,48,49,50,51",0.07995228575306772,0.0,0.0
CHEMBL1871_Ki,molformer,mlp,crem_lime,0.11322997171464948,0.11304715481810727,0.07072253214447122,11,10,"42,43,44,45,46,47,48,49,50,51",0.07072253214447122,0.0,0.0
CHEMBL1871_Ki,molformer,mlp,crem_mean,0.0651602628230779,0.10192819148936164,0.017549683960097,11,10,"42,43,44,45,46,47,48,49,50,51",0.017549683960097,0.0,0.0
CHEMBL1871_Ki,molformer,xgboost,crem_lime,0.14789792622052958,0.10064329989399685,0.08460427577775381,11,10,"42,43,44,45,46,47,48,49,50,51",0.08460427577775381,0.0,0.0
CHEMBL1871_Ki,molformer,xgboost,crem_mean,0.12955960161842506,0.10643837932900431,-0.020559349322479548,11,10,"42,43,44,45,46,47,48,49,50,51",-0.020559349322479548,0.0,0.0
CHEMBL1871_Ki,morgan,mlp,crem_lime,0.18956271649031262,0.21558570431269003,-0.04330542048686317,11,10,"42,43,44,45,46,47,48,49,50,51",-0.04330542048686317,0.0,0.0
CHEMBL1871_Ki,morgan,mlp,crem_mean,0.0543902030509173,0.09997121488455518,0.00025176230843466235,11,10,"42,43,44,45,46,47,48,49,50,51",0.00025176230843466235,0.0,0.0
CHEMBL1871_Ki,morgan,xgboost,crem_lime,0.22706505544637703,0.14310154614490853,0.17662021989162008,11,10,"42,43,44,45,46,47,48,49,50,51",0.17662021989162008,0.0,0.0
CHEMBL1871_Ki,morgan,xgboost,crem_mean,0.09929078014184389,0.06182472989195677,-0.016538798965218572,11,10,"42,43,44,45,46,47,48,49,50,51",-0.016538798965218572,0.0,0.0
CHEMBL1871_Ki,unimol,mlp,crem_lime,0.03954489113774497,0.15037094302084003,-0.0234334884941371,11,10,"42,43,44,45,46,47,48,49,50,51",-0.0234334884941371,0.0,0.0
CHEMBL1871_Ki,unimol,mlp,crem_mean,0.05044689638420286,0.11976239327801826,-0.010467025989070115,11,10,"42,43,44,45,46,47,48,49,50,51",-0.010467025989070115,0.0,0.0
CHEMBL1871_Ki,unimol,xgboost,crem_lime,0.09297394660516002,0.15260144273776194,-0.02914121961990948,11,10,"42,43,44,45,46,47,48,49,50,51",-0.02914121961990948,0.0,0.0
CHEMBL1871_Ki,unimol,xgboost,crem_mean,0.06271786492374723,0.0777627214606381,-0.017215103159252093,11,10,"42,43,44,45,46,47,48,49,50,51",-0.017215103159252093,0.0,0.0
CHEMBL2034_Ki,molformer,mlp,crem_lime,0.10119227071559664,0.2153734908075635,-0.05781095726051726,12,10,"42,43,44,45,46,47,48,49,50,51",-0.05781095726051726,0.0,0.0
CHEMBL2034_Ki,molformer,mlp,crem_mean,0.11089871068862656,0.1530523394423775,0.011539117356911235,12,10,"42,43,44,45,46,47,48,49,50,51",0.011539117356911235,0.0,0.0
CHEMBL2034_Ki,molformer,xgboost,crem_lime,0.19796927422427846,0.12978026824766722,0.017679712084846783,12,10,"42,43,44,45,46,47,48,49,50,51",0.017679712084846783,0.0,0.0
CHEMBL2034_Ki,molformer,xgboost,crem_mean,0.133148329670886,0.15498831250958256,-0.007338076463725766,12,10,"42,43,44,45,46,47,48,49,50,51",-0.007338076463725766,0.0,0.0
CHEMBL2034_Ki,morgan,mlp,crem_lime,0.060614394339363234,0.21951063146937408,-0.05422480658838447,12,10,"42,43,44,45,46,47,48,49,50,51",-0.05422480658838447,0.0,0.0
CHEMBL2034_Ki,morgan,mlp,crem_mean,0.16989499622058937,0.1934500795021588,-0.01885237817622623,12,10,"42,43,44,45,46,47,48,49,50,51",-0.01885237817622623,0.0,0.0
CHEMBL2034_Ki,morgan,xgboost,crem_lime,-0.009569964669032784,0.16254010903665847,-0.18751839824985073,12,10,"42,43,44,45,46,47,48,49,50,51",-0.18751839824985073,0.0,0.0
CHEMBL2034_Ki,morgan,xgboost,crem_mean,0.08060923516750582,0.10802923151691823,0.0008901106628379902,12,10,"42,43,44,45,46,47,48,49,50,51",0.0008901106628379902,0.0,0.0
CHEMBL2034_Ki,unimol,mlp,crem_lime,0.1961612733343458,0.21406791256447058,-0.014382966505544409,12,10,"42,43,44,45,46,47,48,49,50,51",-0.014382966505544409,0.0,0.0
CHEMBL2034_Ki,unimol,mlp,crem_mean,0.14565444496450586,0.15155785050379816,-0.008780529787023369,12,10,"42,43,44,45,46,47,48,49,50,51",-0.008780529787023369,0.0,0.0
CHEMBL2034_Ki,unimol,xgboost,crem_lime,0.06753664040989474,0.2049104038139449,-0.12573609914577866,12,10,"42,43,44,45,46,47,48,49,50,51",-0.12573609914577866,0.0,0.0
CHEMBL2034_Ki,unimol,xgboost,crem_mean,0.1297711531521539,0.17167449175560745,-0.027057060949045992,12,10,"42,43,44,45,46,47,48,49,50,51",-0.027057060949045992,0.0,0.0
CHEMBL2047_EC50,molformer,mlp,crem_lime,0.11157307778534545,0.15820653041105906,-0.011929971724521884,10,10,"42,43,44,45,46,47,48,49,50,51",-0.011929971724521884,0.0,0.0
CHEMBL2047_EC50,molformer,mlp,crem_mean,0.05741546170852106,0.12501686647931437,-0.08920607132700975,10,10,"42,43,44,45,46,47,48,49,50,51",-0.08920607132700975,0.0,0.0
CHEMBL2047_EC50,molformer,xgboost,crem_lime,0.1264162784321173,0.10426230984521073,-0.05090872691893511,10,10,"42,43,44,45,46,47,48,49,50,51",-0.05090872691893511,0.0,0.0
CHEMBL2047_EC50,molformer,xgboost,crem_mean,0.04585588409429166,0.09075515841647781,-0.05322441766477186,10,10,"42,43,44,45,46,47,48,49,50,51",-0.05322441766477186,0.0,0.0
CHEMBL2047_EC50,morgan,mlp,crem_lime,0.16882727355330826,0.1793737106550346,-0.045341154077810454,10,10,"42,43,44,45,46,47,48,49,50,51",-0.045341154077810454,0.0,0.0
CHEMBL2047_EC50,morgan,mlp,crem_mean,0.10479336283090059,0.0465867133203986,0.02127397556587231,10,10,"42,43,44,45,46,47,48,49,50,51",0.02127397556587231,0.0,0.0
CHEMBL2047_EC50,morgan,xgboost,crem_lime,0.0211133206129612,0.1686284017934898,-0.1554920449853004,10,10,"42,43,44,45,46,47,48,49,50,51",-0.1554920449853004,0.0,0.0
CHEMBL2047_EC50,morgan,xgboost,crem_mean,0.0030423990293071005,0.04678570625136716,-0.027183253317053208,10,10,"42,43,44,45,46,47,48,49,50,51",-0.027183253317053208,0.0,0.0
CHEMBL2047_EC50,unimol,mlp,crem_lime,0.028001291318150916,0.12894433033726949,-0.06327308105474691,10,10,"42,43,44,45,46,47,48,49,50,51",-0.06327308105474691,0.0,0.0
CHEMBL2047_EC50,unimol,mlp,crem_mean,0.044463270987022366,0.07203234715153636,-0.004906857495458206,10,10,"42,43,44,45,46,47,48,49,50,51",-0.004906857495458206,0.0,0.0
CHEMBL2047_EC50,unimol,xgboost,crem_lime,0.11188152533419254,0.12287946224561522,-0.006241270754149958,10,10,"42,43,44,45,46,47,48,49,50,51",-0.006241270754149958,0.0,0.0
CHEMBL2047_EC50,unimol,xgboost,crem_mean,0.03376211387201985,0.058195627235355624,-0.015893118084264884,10,10,"42,43,44,45,46,47,48,49,50,51",-0.015893118084264884,0.0,0.0
CHEMBL204_Ki,molformer,mlp,crem_lime,0.13236541816729094,0.09919454664536932,0.029020728032329697,47,10,"42,43,44,45,46,47,48,49,50,51",0.029020728032329697,0.0,0.0
CHEMBL204_Ki,molformer,mlp,crem_mean,0.0687848613431929,0.06354762284360091,0.012471652470809967,47,10,"42,43,44,45,46,47,48,49,50,51",0.012471652470809967,0.0,0.0
CHEMBL204_Ki,molformer,xgboost,crem_lime,0.028343822285206835,0.11515453979745369,-0.016916403379056616,47,10,"42,43,44,45,46,47,48,49,50,51",-0.016916403379056616,0.0,0.0
CHEMBL204_Ki,molformer,xgboost,crem_mean,0.028765863388003837,0.09225200088240343,-0.022253083671804882,47,10,"42,43,44,45,46,47,48,49,50,51",-0.022253083671804882,0.0,0.0
CHEMBL204_Ki,morgan,mlp,crem_lime,0.09563225996512903,0.18981611436532342,-0.036331062508808354,47,10,"42,43,44,45,46,47,48,49,50,51",-0.036331062508808354,0.0,0.0
CHEMBL204_Ki,morgan,mlp,crem_mean,0.07077072170888514,0.10952286278602683,-0.023069350410899702,47,10,"42,43,44,45,46,47,48,49,50,51",-0.023069350410899702,0.0,0.0
CHEMBL204_Ki,morgan,xgboost,crem_lime,0.013677097856072629,0.12955350536508287,-0.09484820945094148,47,10,"42,43,44,45,46,47,48,49,50,51",-0.09484820945094148,0.0,0.0
CHEMBL204_Ki,morgan,xgboost,crem_mean,0.047253885653332,0.07312134814728664,-0.029249999999999974,47,10,"42,43,44,45,46,47,48,49,50,51",-0.029249999999999974,0.0,0.0
CHEMBL204_Ki,unimol,mlp,crem_lime,0.08308362447215921,0.09871287611698261,-0.03499050924722056,47,10,"42,43,44,45,46,47,48,49,50,51",-0.03499050924722056,0.0,0.0
CHEMBL204_Ki,unimol,mlp,crem_mean,0.07963504132421456,0.08850621098466013,-0.015042256832920271,47,10,"42,43,44,45,46,47,48,49,50,51",-0.015042256832920271,0.0,0.0
CHEMBL204_Ki,unimol,xgboost,crem_lime,0.06281801054039214,0.15531414581811132,-0.0464171924689632,47,10,"42,43,44,45,46,47,48,49,50,51",-0.0464171924689632,0.0,0.0
CHEMBL204_Ki,unimol,xgboost,crem_mean,0.07765392486002927,0.11098959969782825,-0.028077706463467387,47,10,"42,43,44,45,46,47,48,49,50,51",-0.028077706463467387,0.0,0.0
CHEMBL2147_Ki,molformer,mlp,crem_lime,0.03817616665195677,0.06896336780182862,-0.06795728491409112,13,10,"42,43,44,45,46,47,48,49,50,51",-0.06795728491409112,0.0,0.0
CHEMBL2147_Ki,molformer,mlp,crem_mean,0.09813767154209903,0.10010751602435915,0.0,13,10,"42,43,44,45,46,47,48,49,50,51",0.0,0.0,0.0
CHEMBL2147_Ki,molformer,xgboost,crem_lime,-0.016679760426659498,0.09107267386670025,-0.11186105399748851,13,10,"42,43,44,45,46,47,48,49,50,51",-0.11186105399748851,0.0,0.0
CHEMBL2147_Ki,molformer,xgboost,crem_mean,0.036476345808845,0.10186617645658358,-0.051671925578676524,13,10,"42,43,44,45,46,47,48,49,50,51",-0.051671925578676524,0.0,0.0
CHEMBL2147_Ki,morgan,mlp,crem_lime,0.09355485158374162,0.18688700849078188,-0.11127584916215538,13,10,"42,43,44,45,46,47,48,49,50,51",-0.11127584916215538,0.0,0.0
CHEMBL2147_Ki,morgan,mlp,crem_mean,0.05661961758153853,0.20133229906136846,-0.04699839420921841,13,10,"42,43,44,45,46,47,48,49,50,51",-0.04699839420921841,0.0,0.0
CHEMBL2147_Ki,morgan,xgboost,crem_lime,-0.006370295114856434,0.18412036315076233,-0.21525629027747661,13,10,"42,43,44,45,46,47,48,49,50,51",-0.21525629027747661,0.0,0.0
CHEMBL2147_Ki,morgan,xgboost,crem_mean,0.03674745064097427,0.0991751061615238,-0.029351365932828707,13,10,"42,43,44,45,46,47,48,49,50,51",-0.029351365932828707,0.0,0.0
CHEMBL2147_Ki,unimol,mlp,crem_lime,0.0,0.08534394340818482,0.0,13,10,"42,43,44,45,46,47,48,49,50,51",0.0,0.0,0.0
CHEMBL2147_Ki,unimol,mlp,crem_mean,0.08459537908545246,0.1894460792386951,-0.05165859235049586,13,10,"42,43,44,45,46,47,48,49,50,51",-0.05165859235049586,0.0,0.0
CHEMBL2147_Ki,unimol,xgboost,crem_lime,0.0377055558424888,0.1151938247157597,0.02407604034700339,13,10,"42,43,44,45,46,47,48,49,50,51",0.02407604034700339,0.0,0.0
CHEMBL2147_Ki,unimol,xgboost,crem_mean,0.1349787030536976,0.18093546472148686,-0.01814421955332993,13,10,"42,43,44,45,46,47,48,49,50,51",-0.01814421955332993,0.0,0.0
CHEMBL218_EC50,molformer,mlp,crem_lime,0.15528216322121227,0.16545901214556974,-0.013530299113428412,20,10,"42,43,44,45,46,47,48,49,50,51",-0.013530299113428412,0.0,0.0
CHEMBL218_EC50,molformer,mlp,crem_mean,0.11626355221576268,0.11413426755533423,0.004449472891230821,20,10,"42,43,44,45,46,47,48,49,50,51",0.004449472891230821,0.0,0.0
CHEMBL218_EC50,molformer,xgboost,crem_lime,0.12490457242703172,0.15575179104292214,-0.08592576444589241,20,10,"42,43,44,45,46,47,48,49,50,51",-0.08592576444589241,0.0,0.0
CHEMBL218_EC50,molformer,xgboost,crem_mean,0.09387951108999532,0.13399932338276643,-0.02803920151982646,20,10,"42,43,44,45,46,47,48,49,50,51",-0.02803920151982646,0.0,0.0
CHEMBL218_EC50,morgan,mlp,crem_lime,0.059486291677416474,0.11223787061141358,-0.003131763345914744,20,10,"42,43,44,45,46,47,48,49,50,51",-0.003131763345914744,0.0,0.0
CHEMBL218_EC50,morgan,mlp,crem_mean,0.09348907193692448,0.14723320548911373,-0.021264861779945514,20,10,"42,43,44,45,46,47,48,49,50,51",-0.021264861779945514,0.0,0.0
CHEMBL218_EC50,morgan,xgboost,crem_lime,0.040230179336101346,0.1320269462629164,0.006686139499352959,20,10,"42,43,44,45,46,47,48,49,50,51",0.006686139499352959,0.0,0.0
CHEMBL218_EC50,morgan,xgboost,crem_mean,0.06384503299934563,0.1180688755732839,-0.027394884424511386,20,10,"42,43,44,45,46,47,48,49,50,51",-0.027394884424511386,0.0,0.0
CHEMBL218_EC50,unimol,mlp,crem_lime,0.11896617382949232,0.088709813548686,0.04348733582664711,20,10,"42,43,44,45,46,47,48,49,50,51",0.04348733582664711,0.0,0.0
CHEMBL218_EC50,unimol,mlp,crem_mean,0.12306763810270649,0.11323761954036733,0.007414609479662761,20,10,"42,43,44,45,46,47,48,49,50,51",0.007414609479662761,0.0,0.0
CHEMBL218_EC50,unimol,xgboost,crem_lime,0.1209850857655222,0.12388814538820975,0.0018063151344325755,20,10,"42,43,44,45,46,47,48,49,50,51",0.0018063151344325755,0.0,0.0
CHEMBL218_EC50,unimol,xgboost,crem_mean,0.13750625809714118,0.1320014148129675,0.01048789198430701,20,10,"42,43,44,45,46,47,48,49,50,51",0.01048789198430701,0.0,0.0
CHEMBL219_Ki,molformer,mlp,crem_lime,0.07789433623848832,0.1238853765627124,0.024970820945212358,34,10,"42,43,44,45,46,47,48,49,50,51",0.024970820945212358,0.0,0.0
CHEMBL219_Ki,molformer,mlp,crem_mean,0.005239898989899033,0.046115474334545076,-0.019960667859818003,34,10,"42,43,44,45,46,47,48,49,50,51",-0.019960667859818003,0.0,0.0
CHEMBL219_Ki,molformer,xgboost,crem_lime,0.02662055922842097,0.13041779400984113,-0.062038874894478215,34,10,"42,43,44,45,46,47,48,49,50,51",-0.062038874894478215,0.0,0.0
CHEMBL219_Ki,molformer,xgboost,crem_mean,0.03034466725619002,0.03438809436177859,-0.0057991837100297644,34,10,"42,43,44,45,46,47,48,49,50,51",-0.0057991837100297644,0.0,0.0
CHEMBL219_Ki,morgan,mlp,crem_lime,0.07788240032874093,0.20222167668893626,-0.041784305530078766,34,10,"42,43,44,45,46,47,48,49,50,51",-0.041784305530078766,0.0,0.0
CHEMBL219_Ki,morgan,mlp,crem_mean,0.0154314375248413,0.07592034728116612,-0.013187495971666095,34,10,"42,43,44,45,46,47,48,49,50,51",-0.013187495971666095,0.0,0.0
CHEMBL219_Ki,morgan,xgboost,crem_lime,0.03195408601722609,0.15563850231153886,-0.0654928376946105,34,10,"42,43,44,45,46,47,48,49,50,51",-0.0654928376946105,0.0,0.0
CHEMBL219_Ki,morgan,xgboost,crem_mean,0.04971189749452613,0.06454686896470628,0.0,34,10,"42,43,44,45,46,47,48,49,50,51",0.0,0.0,0.0
CHEMBL219_Ki,unimol,mlp,crem_lime,0.07456088444916023,0.07379708587368314,-0.0038214404185776957,34,10,"42,43,44,45,46,47,48,49,50,51",-0.0038214404185776957,0.0,0.0
CHEMBL219_Ki,unimol,mlp,crem_mean,0.03856167760584141,0.032151109452587937,-0.002875968638234491,34,10,"42,43,44,45,46,47,48,49,50,51",-0.002875968638234491,0.0,0.0
CHEMBL219_Ki,unimol,xgboost,crem_lime,0.09580995789268887,0.09430282778837877,0.029258197674044487,34,10,"42,43,44,45,46,47,48,49,50,51",0.029258197674044487,0.0,0.0
CHEMBL219_Ki,unimol,xgboost,crem_mean,0.0372393412809999,0.06986627086479166,0.0,34,10,"42,43,44,45,46,47,48,49,50,51",0.0,0.0,0.0
CHEMBL228_Ki,molformer,mlp,crem_lime,0.06323106761130311,0.10808435078507625,-0.009547403246493577,31,10,"42,43,44,45,46,47,48,49,50,51",-0.009547403246493577,0.0,0.0
CHEMBL228_Ki,molformer,mlp,crem_mean,0.11316319474942653,0.11822534294296864,0.0,31,10,"42,43,44,45,46,47,48,49,50,51",0.0,0.0,0.0
CHEMBL228_Ki,molformer,xgboost,crem_lime,0.0349523247171911,0.1602061580050101,-0.09867377906489966,31,10,"42,43,44,45,46,47,48,49,50,51",-0.09867377906489966,0.0,0.0
CHEMBL228_Ki,molformer,xgboost,crem_mean,0.08696585514297679,0.16466609060499032,-0.0005568783068783251,31,10,"42,43,44,45,46,47,48,49,50,51",-0.0005568783068783251,0.0,0.0
CHEMBL228_Ki,morgan,mlp,crem_lime,0.07228337019890557,0.184059835921288,-0.04901776957925069,31,10,"42,43,44,45,46,47,48,49,50,51",-0.04901776957925069,0.0,0.0
CHEMBL228_Ki,morgan,mlp,crem_mean,0.1501880973090271,0.15596716060122923,-0.002327173086256934,31,10,"42,43,44,45,46,47,48,49,50,51",-0.002327173086256934,0.0,0.0
CHEMBL228_Ki,morgan,xgboost,crem_lime,0.16238736753442634,0.13547108274361278,-0.025542908868739264,31,10,"42,43,44,45,46,47,48,49,50,51",-0.025542908868739264,0.0,0.0
CHEMBL228_Ki,morgan,xgboost,crem_mean,0.13230831156374176,0.09245188189235802,0.032827013491867674,31,10,"42,43,44,45,46,47,48,49,50,51",0.032827013491867674,0.0,0.0
CHEMBL228_Ki,unimol,mlp,crem_lime,0.08242018398268393,0.11747016772324932,-0.011640377307670202,31,10,"42,43,44,45,46,47,48,49,50,51",-0.011640377307670202,0.0,0.0
CHEMBL228_Ki,unimol,mlp,crem_mean,0.17613882958860838,0.14830329823604604,0.0,31,10,"42,43,44,45,46,47,48,49,50,51",0.0,0.0,0.0
CHEMBL228_Ki,unimol,xgboost,crem_lime,0.085023181636456,0.11433301464478388,-0.026623471379815897,31,10,"42,43,44,45,46,47,48,49,50,51",-0.026623471379815897,0.0,0.0
CHEMBL228_Ki,unimol,xgboost,crem_mean,0.12604730979062526,0.17361843811461786,0.0,31,10,"42,43,44,45,46,47,48,49,50,51",0.0,0.0,0.0
CHEMBL231_Ki,molformer,mlp,crem_lime,0.17435233796633257,0.20270674507723357,-0.03457277342558309,15,10,"42,43,44,45,46,47,48,49,50,51",-0.03457277342558309,0.0,0.0
CHEMBL231_Ki,molformer,mlp,crem_mean,0.08040408664299416,0.0896269797451643,-0.0011388415605184492,15,10,"42,43,44,45,46,47,48,49,50,51",-0.0011388415605184492,0.0,0.0
CHEMBL231_Ki,molformer,xgboost,crem_lime,0.2052561243753052,0.17652090464070908,-0.009797219316420972,15,10,"42,43,44,45,46,47,48,49,50,51",-0.009797219316420972,0.0,0.0
CHEMBL231_Ki,molformer,xgboost,crem_mean,0.03197509648458454,0.13123720015536905,-0.04491845336075812,15,10,"42,43,44,45,46,47,48,49,50,51",-0.04491845336075812,0.0,0.0
CHEMBL231_Ki,morgan,mlp,crem_lime,-0.0149711996893036,0.1626642938425837,-0.07092362580634892,15,10,"42,43,44,45,46,47,48,49,50,51",-0.07092362580634892,0.0,0.0
CHEMBL231_Ki,morgan,mlp,crem_mean,0.0615376779776221,0.1747165791013372,-0.09720512837883888,15,10,"42,43,44,45,46,47,48,49,50,51",-0.09720512837883888,0.0,0.0
CHEMBL231_Ki,morgan,xgboost,crem_lime,0.0082642212346194,0.23519188708736927,-0.21963189392112709,15,10,"42,43,44,45,46,47,48,49,50,51",-0.21963189392112709,0.0,0.0
CHEMBL231_Ki,morgan,xgboost,crem_mean,0.054297437306580536,0.12984777019620503,-0.01963835534213678,15,10,"42,43,44,45,46,47,48,49,50,51",-0.01963835534213678,0.0,0.0
CHEMBL231_Ki,unimol,mlp,crem_lime,0.10231834273560715,0.20258528336949405,-0.019069795801744338,15,10,"42,43,44,45,46,47,48,49,50,51",-0.019069795801744338,0.0,0.0
CHEMBL231_Ki,unimol,mlp,crem_mean,0.07598850374992246,0.12288771097677742,-0.04406209828897577,15,10,"42,43,44,45,46,47,48,49,50,51",-0.04406209828897577,0.0,0.0
CHEMBL231_Ki,unimol,xgboost,crem_lime,0.08464802809085686,0.11267251239636548,-0.004045534676660467,15,10,"42,43,44,45,46,47,48,49,50,51",-0.004045534676660467,0.0,0.0
CHEMBL231_Ki,unimol,xgboost,crem_mean,0.07886172767286108,0.1301891939669287,-0.027792002768984796,15,10,"42,43,44,45,46,47,48,49,50,51",-0.027792002768984796,0.0,0.0
CHEMBL233_Ki,molformer,mlp,crem_lime,0.20935385946154678,0.1445255514454162,0.05512283662350788,46,10,"42,43,44,45,46,47,48,49,50,51",0.05512283662350788,0.0,0.0
CHEMBL233_Ki,molformer,mlp,crem_mean,0.06756041363801868,0.11378715734805661,-0.027219368012148516,46,10,"42,43,44,45,46,47,48,49,50,51",-0.027219368012148516,0.0,0.0
CHEMBL233_Ki,molformer,xgboost,crem_lime,0.09109888852853334,0.1667783489780671,-0.028569725525703714,46,10,"42,43,44,45,46,47,48,49,50,51",-0.028569725525703714,0.0,0.0
CHEMBL233_Ki,molformer,xgboost,crem_mean,0.05917147706744719,0.13604352703227313,-0.028282934936370498,46,10,"42,43,44,45,46,47,48,49,50,51",-0.028282934936370498,0.0,0.0
CHEMBL233_Ki,morgan,mlp,crem_lime,0.10156235618517284,0.1951058436100628,-0.04966308078270591,46,10,"42,43,44,45,46,47,48,49,50,51",-0.04966308078270591,0.0,0.0
CHEMBL233_Ki,morgan,mlp,crem_mean,0.21674264872350057,0.1837905456016144,-0.0016650867073822549,46,10,"42,43,44,45,46,47,48,49,50,51",-0.0016650867073822549,0.0,0.0
CHEMBL233_Ki,morgan,xgboost,crem_lime,0.04506673700555515,0.14366188075281264,-0.06330433599151875,46,10,"42,43,44,45,46,47,48,49,50,51",-0.06330433599151875,0.0,0.0
CHEMBL233_Ki,morgan,xgboost,crem_mean,0.1448991080492829,0.08629133194017931,0.05114722042718283,46,10,"42,43,44,45,46,47,48,49,50,51",0.05114722042718283,0.0,0.0
CHEMBL233_Ki,unimol,mlp,crem_lime,0.1365681450650114,0.17909340179944822,0.007383274716273813,46,10,"42,43,44,45,46,47,48,49,50,51",0.007383274716273813,0.0,0.0
CHEMBL233_Ki,unimol,mlp,crem_mean,0.17308407316047444,0.13506691105044344,0.005978887558655124,46,10,"42,43,44,45,46,47,48,49,50,51",0.005978887558655124,0.0,0.0
CHEMBL233_Ki,unimol,xgboost,crem_lime,0.1300417463761665,0.1709648638159343,0.004345672574579979,46,10,"42,43,44,45,46,47,48,49,50,51",0.004345672574579979,0.0,0.0
CHEMBL233_Ki,unimol,xgboost,crem_mean,0.11944252206752204,0.1369000287570215,-0.005229850210716029,46,10,"42,43,44,45,46,47,48,49,50,51",-0.005229850210716029,0.0,0.0
CHEMBL236_Ki,molformer,mlp,crem_lime,0.04127568086265943,0.13183555287398935,-0.03733538880722609,37,10,"42,43,44,45,46,47,48,49,50,51",-0.03733538880722609,0.0,0.0
CHEMBL236_Ki,molformer,mlp,crem_mean,0.06607956518820937,0.14037689964906108,-0.025877429602512603,37,10,"42,43,44,45,46,47,48,49,50,51",-0.025877429602512603,0.0,0.0
CHEMBL236_Ki,molformer,xgboost,crem_lime,0.05048362521580233,0.14197568767572388,-0.018158206640929098,37,10,"42,43,44,45,46,47,48,49,50,51",-0.018158206640929098,0.0,0.0
CHEMBL236_Ki,molformer,xgboost,crem_mean,0.0985093145879495,0.117351267796001,-0.0004497482371250139,37,10,"42,43,44,45,46,47,48,49,50,51",-0.0004497482371250139,0.0,0.0
CHEMBL236_Ki,morgan,mlp,crem_lime,0.0352018743709627,0.1874865298036469,-0.07947861115716803,37,10,"42,43,44,45,46,47,48,49,50,51",-0.07947861115716803,0.0,0.0
CHEMBL236_Ki,morgan,mlp,crem_mean,0.04840686274509797,0.13374999999999998,-0.04846564383329088,37,10,"42,43,44,45,46,47,48,49,50,51",-0.04846564383329088,0.0,0.0
CHEMBL236_Ki,morgan,xgboost,crem_lime,0.0,0.14903354978294453,-0.12152931848468475,37,10,"42,43,44,45,46,47,48,49,50,51",-0.12152931848468475,0.0,0.0
CHEMBL236_Ki,morgan,xgboost,crem_mean,0.057686108763031735,0.10044396577282418,0.0,37,10,"42,43,44,45,46,47,48,49,50,51",0.0,0.0,0.0
CHEMBL236_Ki,unimol,mlp,crem_lime,0.056532095319784266,0.1377592008121385,-0.06498016651456592,37,10,"42,43,44,45,46,47,48,49,50,51",-0.06498016651456592,0.0,0.0
CHEMBL236_Ki,unimol,mlp,crem_mean,0.08652912223834393,0.12735159754653363,-0.002199427633369791,37,10,"42,43,44,45,46,47,48,49,50,51",-0.002199427633369791,0.0,0.0
CHEMBL236_Ki,unimol,xgboost,crem_lime,0.06819816734929211,0.12005376712953957,-0.027808423129771,37,10,"42,43,44,45,46,47,48,49,50,51",-0.027808423129771,0.0,0.0
CHEMBL236_Ki,unimol,xgboost,crem_mean,0.09912633235710154,0.11656266863058598,0.0,37,10,"42,43,44,45,46,47,48,49,50,51",0.0,0.0,0.0
CHEMBL237_EC50,molformer,mlp,crem_lime,0.21450018033732937,0.14213135729913234,-0.018852590809848746,18,10,"42,43,44,45,46,47,48,49,50,51",-0.018852590809848746,0.0,0.0
CHEMBL237_EC50,molformer,mlp,crem_mean,0.25768707978529404,0.22655441562561252,-0.03220019812804308,18,10,"42,43,44,45,46,47,48,49,50,51",-0.03220019812804308,0.0,0.0
CHEMBL237_EC50,molformer,xgboost,crem_lime,0.11167790505699896,0.15414718343424474,-0.034262239448869275,18,10,"42,43,44,45,46,47,48,49,50,51",-0.034262239448869275,0.0,0.0
CHEMBL237_EC50,molformer,xgboost,crem_mean,0.18929024679024675,0.2621479161011724,-0.03684491753622443,18,10,"42,43,44,45,46,47,48,49,50,51",-0.03684491753622443,0.0,0.0
CHEMBL237_EC50,morgan,mlp,crem_lime,0.12994306248494178,0.21643588902568134,-0.02946364091308617,18,10,"42,43,44,45,46,47,48,49,50,51",-0.02946364091308617,0.0,0.0
CHEMBL237_EC50,morgan,mlp,crem_mean,0.34387966702107037,0.28731448851236885,-0.018350190957059757,18,10,"42,43,44,45,46,47,48,49,50,51",-0.018350190957059757,0.0,0.0
CHEMBL237_EC50,morgan,xgboost,crem_lime,0.09397369194347405,0.13889324376070547,-0.13725869240065913,18,10,"42,43,44,45,46,47,48,49,50,51",-0.13725869240065913,0.0,0.0
CHEMBL237_EC50,morgan,xgboost,crem_mean,0.2052821245049441,0.1998418285188472,-0.01770225272217038,18,10,"42,43,44,45,46,47,48,49,50,51",-0.01770225272217038,0.0,0.0
CHEMBL237_EC50,unimol,mlp,crem_lime,0.17774461923709545,0.13331015023369125,-0.003542734356561254,18,10,"42,43,44,45,46,47,48,49,50,51",-0.003542734356561254,0.0,0.0
CHEMBL237_EC50,unimol,mlp,crem_mean,0.41239872666791466,0.29025545833135113,0.045539744842278206,18,10,"42,43,44,45,46,47,48,49,50,51",0.045539744842278206,0.0,0.0
CHEMBL237_EC50,unimol,xgboost,crem_lime,0.13688180508082481,0.15298535355772586,0.04250220459585816,18,10,"42,43,44,45,46,47,48,49,50,51",0.04250220459585816,0.0,0.0
CHEMBL237_EC50,unimol,xgboost,crem_mean,0.28854879799904154,0.27611074202894054,-0.013264985845802307,18,10,"42,43,44,45,46,47,48,49,50,51",-0.013264985845802307,0.0,0.0
CHEMBL237_Ki,molformer,mlp,crem_lime,0.0395920998076827,0.16212831509589543,-0.07316922436599593,40,10,"42,43,44,45,46,47,48,49,50,51",-0.07316922436599593,0.0,0.0
CHEMBL237_Ki,molformer,mlp,crem_mean,0.08612201513107307,0.1708040189175125,-0.05371664794646779,40,10,"42,43,44,45,46,47,48,49,50,51",-0.05371664794646779,0.0,0.0
CHEMBL237_Ki,molformer,xgboost,crem_lime,0.0636675965364074,0.11603778374313924,-0.0243899650138889,40,10,"42,43,44,45,46,47,48,49,50,51",-0.0243899650138889,0.0,0.0
CHEMBL237_Ki,molformer,xgboost,crem_mean,0.09149980058265719,0.12958436939763784,-0.009985202232288099,40,10,"42,43,44,45,46,47,48,49,50,51",-0.009985202232288099,0.0,0.0
CHEMBL237_Ki,morgan,mlp,crem_lime,0.1749079157831538,0.21369409636081577,-0.009004855052618565,40,10,"42,43,44,45,46,47,48,49,50,51",-0.009004855052618565,0.0,0.0
CHEMBL237_Ki,morgan,mlp,crem_mean,0.1731809571685945,0.19214306128084285,-0.02419746563224437,40,10,"42,43,44,45,46,47,48,49,50,51",-0.02419746563224437,0.0,0.0
CHEMBL237_Ki,morgan,xgboost,crem_lime,0.06699089440602601,0.13906256488523003,-0.03747138136635746,40,10,"42,43,44,45,46,47,48,49,50,51",-0.03747138136635746,0.0,0.0
CHEMBL237_Ki,morgan,xgboost,crem_mean,0.17242390064905905,0.10457009644929857,0.027941571399795865,40,10,"42,43,44,45,46,47,48,49,50,51",0.027941571399795865,0.0,0.0
CHEMBL237_Ki,unimol,mlp,crem_lime,0.07176305030434492,0.11632592549504372,-0.05489209605509627,40,10,"42,43,44,45,46,47,48,49,50,51",-0.05489209605509627,0.0,0.0
CHEMBL237_Ki,unimol,mlp,crem_mean,0.15184078886370628,0.1414982234920356,-0.012712612797854201,40,10,"42,43,44,45,46,47,48,49,50,51",-0.012712612797854201,0.0,0.0
CHEMBL237_Ki,unimol,xgboost,crem_lime,0.09200889599704909,0.11906486927826036,-0.027167489147066355,40,10,"42,43,44,45,46,47,48,49,50,51",-0.027167489147066355,0.0,0.0
CHEMBL237_Ki,unimol,xgboost,crem_mean,0.12933864082554372,0.14398921756617375,-0.0210149252708037,40,10,"42,43,44,45,46,47,48,49,50,51",-0.0210149252708037,0.0,0.0
CHEMBL238_Ki,molformer,mlp,crem_lime,0.07569360807307374,0.12293537980768461,-0.04079543589115979,19,10,"42,43,44,45,46,47,48,49,50,51",-0.04079543589115979,0.0,0.0
CHEMBL238_Ki,molformer,mlp,crem_mean,0.13493655618801811,0.17009493465340872,-0.0010109883546855214,19,10,"42,43,44,45,46,47,48,49,50,51",-0.0010109883546855214,0.0,0.0
CHEMBL238_Ki,molformer,xgboost,crem_lime,0.12851097073658044,0.19769879313645644,0.0,19,10,"42,43,44,45,46,47,48,49,50,51",0.0,0.0,0.0
CHEMBL238_Ki,molformer,xgboost,crem_mean,0.1682800922780705,0.18782509558946436,-0.010947226939505894,19,10,"42,43,44,45,46,47,48,49,50,51",-0.010947226939505894,0.0,0.0
CHEMBL238_Ki,morgan,mlp,crem_lime,0.002564161355220302,0.1303657954022291,-0.07507724966243845,19,10,"42,43,44,45,46,47,48,49,50,51",-0.07507724966243845,0.0,0.0
CHEMBL238_Ki,morgan,mlp,crem_mean,0.11246880285146767,0.1980373807981126,-0.02262052263657416,19,10,"42,43,44,45,46,47,48,49,50,51",-0.02262052263657416,0.0,0.0
CHEMBL238_Ki,morgan,xgboost,crem_lime,0.0,0.1796498395285902,-0.17218654380034787,19,10,"42,43,44,45,46,47,48,49,50,51",-0.17218654380034787,0.0,0.0
CHEMBL238_Ki,morgan,xgboost,crem_mean,0.06634323123684824,0.1199327581220476,-0.03142147663811076,19,10,"42,43,44,45,46,47,48,49,50,51",-0.03142147663811076,0.0,0.0
CHEMBL238_Ki,unimol,mlp,crem_lime,0.32844991688011066,0.2108300235557093,0.04527708337046077,19,10,"42,43,44,45,46,47,48,49,50,51",0.04527708337046077,0.0,0.0
CHEMBL238_Ki,unimol,mlp,crem_mean,0.23134188508649714,0.152811360521914,0.0028384491866330144,19,10,"42,43,44,45,46,47,48,49,50,51",0.0028384491866330144,0.0,0.0
CHEMBL238_Ki,unimol,xgboost,crem_lime,0.1908350339097525,0.1433854712592148,-0.01549769766920542,19,10,"42,43,44,45,46,47,48,49,50,51",-0.01549769766920542,0.0,0.0
CHEMBL238_Ki,unimol,xgboost,crem_mean,0.17055544772256725,0.18174592106923604,0.0,19,10,"42,43,44,45,46,47,48,49,50,51",0.0,0.0,0.0
CHEMBL239_EC50,molformer,mlp,crem_lime,0.0422676527392041,0.07473117168372698,-0.02976851683510396,33,10,"42,43,44,45,46,47,48,49,50,51",-0.02976851683510396,0.0,0.0
CHEMBL239_EC50,molformer,mlp,crem_mean,0.07977115987173933,0.09778778733429189,-0.016025185431503525,33,10,"42,43,44,45,46,47,48,49,50,51",-0.016025185431503525,0.0,0.0
CHEMBL239_EC50,molformer,xgboost,crem_lime,0.016702929423103665,0.08068310968738529,-0.052744869129113914,33,10,"42,43,44,45,46,47,48,49,50,51",-0.052744869129113914,0.0,0.0
CHEMBL239_EC50,molformer,xgboost,crem_mean,0.04912735220201756,0.07376239125398802,-0.021382559971295817,33,10,"42,43,44,45,46,47,48,49,50,51",-0.021382559971295817,0.0,0.0
CHEMBL239_EC50,morgan,mlp,crem_lime,0.07011111771478613,0.06847520995078221,-0.026783255192915856,33,10,"42,43,44,45,46,47,48,49,50,51",-0.026783255192915856,0.0,0.0
CHEMBL239_EC50,morgan,mlp,crem_mean,0.06317096028522233,0.07091658987400172,-0.011669428163197808,33,10,"42,43,44,45,46,47,48,49,50,51",-0.011669428163197808,0.0,0.0
CHEMBL239_EC50,morgan,xgboost,crem_lime,0.04447786589362703,0.10400842567801719,-0.060772852506351255,33,10,"42,43,44,45,46,47,48,49,50,51",-0.060772852506351255,0.0,0.0
CHEMBL239_EC50,morgan,xgboost,crem_mean,0.004850881129311267,0.05407546370287082,-0.0195687836169548,33,10,"42,43,44,45,46,47,48,49,50,51",-0.0195687836169548,0.0,0.0
CHEMBL239_EC50,unimol,mlp,crem_lime,0.051880805258041805,0.0758297228206984,0.0028135226653520883,33,10,"42,43,44,45,46,47,48,49,50,51",0.0028135226653520883,0.0,0.0
CHEMBL239_EC50,unimol,mlp,crem_mean,0.039777449441314935,0.11240627307250288,-0.034490878672080165,33,10,"42,43,44,45,46,47,48,49,50,51",-0.034490878672080165,0.0,0.0
CHEMBL239_EC50,unimol,xgboost,crem_lime,0.0298080027462008,0.08391977687133745,-0.018292132990177415,33,10,"42,43,44,45,46,47,48,49,50,51",-0.018292132990177415,0.0,0.0
CHEMBL239_EC50,unimol,xgboost,crem_mean,0.08014435599393656,0.06805553303399053,-0.0030426456226819755,33,10,"42,43,44,45,46,47,48,49,50,51",-0.0030426456226819755,0.0,0.0
CHEMBL244_Ki,molformer,mlp,crem_lime,0.07397036587487008,0.11351001934987615,-0.03317636970971294,52,10,"42,43,44,45,46,47,48,49,50,51",-0.03317636970971294,0.0,0.0
CHEMBL244_Ki,molformer,mlp,crem_mean,0.056539694052385216,0.0657852719667257,-0.0236176310946556,52,10,"42,43,44,45,46,47,48,49,50,51",-0.0236176310946556,0.0,0.0
CHEMBL244_Ki,molformer,xgboost,crem_lime,0.09994494239067345,0.09151097232598021,-0.017233771048539813,52,10,"42,43,44,45,46,47,48,49,50,51",-0.017233771048539813,0.0,0.0
CHEMBL244_Ki,molformer,xgboost,crem_mean,0.043512174020584736,0.07113463453848798,-0.012401445760497478,52,10,"42,43,44,45,46,47,48,49,50,51",-0.012401445760497478,0.0,0.0
CHEMBL244_Ki,morgan,mlp,crem_lime,0.041149690453467,0.10827067444183161,-0.05176859875179004,52,10,"42,43,44,45,46,47,48,49,50,51",-0.05176859875179004,0.0,0.0
CHEMBL244_Ki,morgan,mlp,crem_mean,0.03598790092979025,0.10055145350766123,-0.031068731069437777,52,10,"42,43,44,45,46,47,48,49,50,51",-0.031068731069437777,0.0,0.0
CHEMBL244_Ki,morgan,xgboost,crem_lime,0.04329341702667955,0.11424700603854411,-0.037868389138689146,52,10,"42,43,44,45,46,47,48,49,50,51",-0.037868389138689146,0.0,0.0
CHEMBL244_Ki,morgan,xgboost,crem_mean,0.021212422953740467,0.07503301916776106,-0.02481321154753571,52,10,"42,43,44,45,46,47,48,49,50,51",-0.02481321154753571,0.0,0.0
CHEMBL244_Ki,unimol,mlp,crem_lime,0.04694142466555405,0.07041203459983134,-0.019955075557656063,52,10,"42,43,44,45,46,47,48,49,50,51",-0.019955075557656063,0.0,0.0
CHEMBL244_Ki,unimol,mlp,crem_mean,0.04602082113939958,0.10623783559444891,-0.01903761701070663,52,10,"42,43,44,45,46,47,48,49,50,51",-0.01903761701070663,0.0,0.0
CHEMBL244_Ki,unimol,xgboost,crem_lime,0.053821468568360786,0.10151408958789242,-0.024285075083160263,52,10,"42,43,44,45,46,47,48,49,50,51",-0.024285075083160263,0.0,0.0
CHEMBL244_Ki,unimol,xgboost,crem_mean,0.07636564889134026,0.08011689347851558,-0.004439106836344062,52,10,"42,43,44,45,46,47,48,49,50,51",-0.004439106836344062,0.0,0.0
CHEMBL262_Ki,molformer,mlp,crem_lime,0.13493405616304424,0.19968345604681584,-0.07445002936157571,13,10,"42,43,44,45,46,47,48,49,50,51",-0.07445002936157571,0.0,0.0
CHEMBL262_Ki,molformer,mlp,crem_mean,0.042615921955919504,0.06774222505968028,-0.0019072077546969726,13,10,"42,43,44,45,46,47,48,49,50,51",-0.0019072077546969726,0.0,0.0
CHEMBL262_Ki,molformer,xgboost,crem_lime,0.21434855519462193,0.2518095798290575,0.005772129566287143,13,10,"42,43,44,45,46,47,48,49,50,51",0.005772129566287143,0.0,0.0
CHEMBL262_Ki,molformer,xgboost,crem_mean,0.07696160981875264,0.11122464054862032,-0.05408769977250899,13,10,"42,43,44,45,46,47,48,49,50,51",-0.05408769977250899,0.0,0.0
CHEMBL262_Ki,morgan,mlp,crem_lime,0.18402116402116397,0.25628545439851075,-0.035595938306828535,13,10,"42,43,44,45,46,47,48,49,50,51",-0.035595938306828535,0.0,0.0
CHEMBL262_Ki,morgan,mlp,crem_mean,0.0497496191175667,0.141703606442577,-0.048933509764165106,13,10,"42,43,44,45,46,47,48,49,50,51",-0.048933509764165106,0.0,0.0
CHEMBL262_Ki,morgan,xgboost,crem_lime,-0.008676977343643968,0.15500300393309238,-0.09121272343455791,13,10,"42,43,44,45,46,47,48,49,50,51",-0.09121272343455791,0.0,0.0
CHEMBL262_Ki,morgan,xgboost,crem_mean,0.03368690267869153,0.0924665848857025,-0.0362204355261089,13,10,"42,43,44,45,46,47,48,49,50,51",-0.0362204355261089,0.0,0.0
CHEMBL262_Ki,unimol,mlp,crem_lime,0.26819374644087285,0.2425145972543085,0.0970417719286989,13,10,"42,43,44,45,46,47,48,49,50,51",0.0970417719286989,0.0,0.0
CHEMBL262_Ki,unimol,mlp,crem_mean,0.0834720381659158,0.07069686171223219,0.02066819662306621,13,10,"42,43,44,45,46,47,48,49,50,51",0.02066819662306621,0.0,0.0
CHEMBL262_Ki,unimol,xgboost,crem_lime,0.33149758454106276,0.317160734628135,0.09950997210905915,13,10,"42,43,44,45,46,47,48,49,50,51",0.09950997210905915,0.0,0.0
CHEMBL262_Ki,unimol,xgboost,crem_mean,0.0818838873061095,0.13106624075300216,0.0007691566959653479,13,10,"42,43,44,45,46,47,48,49,50,51",0.0007691566959653479,0.0,0.0
CHEMBL264_Ki,molformer,mlp,crem_lime,0.035898035764996665,0.08622556432378602,-0.06814609220494736,46,10,"42,43,44,45,46,47,48,49,50,51",-0.06814609220494736,0.0,0.0
CHEMBL264_Ki,molformer,mlp,crem_mean,0.1062924845794521,0.0943410333341029,0.00017420650721080774,46,10,"42,43,44,45,46,47,48,49,50,51",0.00017420650721080774,0.0,0.0
CHEMBL264_Ki,molformer,xgboost,crem_lime,0.08498574012329882,0.06420663699263277,-0.002613344961421498,46,10,"42,43,44,45,46,47,48,49,50,51",-0.002613344961421498,0.0,0.0
CHEMBL264_Ki,molformer,xgboost,crem_mean,0.10660572746841297,0.1012470031559885,0.0016652378579123245,46,10,"42,43,44,45,46,47,48,49,50,51",0.0016652378579123245,0.0,0.0
CHEMBL264_Ki,morgan,mlp,crem_lime,0.12262976186826008,0.12648733820413022,-0.021109063833438354,46,10,"42,43,44,45,46,47,48,49,50,51",-0.021109063833438354,0.0,0.0
CHEMBL264_Ki,morgan,mlp,crem_mean,0.09086956993314448,0.11585582251192897,0.0008616156303847232,46,10,"42,43,44,45,46,47,48,49,50,51",0.0008616156303847232,0.0,0.0
CHEMBL264_Ki,morgan,xgboost,crem_lime,0.01694719425065415,0.09412966580862214,-0.05411725130201484,46,10,"42,43,44,45,46,47,48,49,50,51",-0.05411725130201484,0.0,0.0
CHEMBL264_Ki,morgan,xgboost,crem_mean,0.0793128508379837,0.07694814322435783,-0.013276419514602802,46,10,"42,43,44,45,46,47,48,49,50,51",-0.013276419514602802,0.0,0.0
CHEMBL264_Ki,unimol,mlp,crem_lime,0.04347133315110599,0.09863396338232767,-0.03793197670945462,46,10,"42,43,44,45,46,47,48,49,50,51",-0.03793197670945462,0.0,0.0
CHEMBL264_Ki,unimol,mlp,crem_mean,0.10041329391306061,0.13027523694391552,0.006657880902902352,46,10,"42,43,44,45,46,47,48,49,50,51",0.006657880902902352,0.0,0.0
CHEMBL264_Ki,unimol,xgboost,crem_lime,0.03162901924175195,0.06744865413499944,-0.05238749051193265,46,10,"42,43,44,45,46,47,48,49,50,51",-0.05238749051193265,0.0,0.0
CHEMBL264_Ki,unimol,xgboost,crem_mean,0.10620867814940498,0.10533123225011695,0.021365071595949692,46,10,"42,43,44,45,46,47,48,49,50,51",0.021365071595949692,0.0,0.0
CHEMBL2835_Ki,molformer,mlp,crem_lime,0.037235565172158765,0.149705801386371,-0.1684687301565104,5,10,"42,43,44,45,46,47,48,49,50,51",-0.1684687301565104,0.0,0.0
CHEMBL2835_Ki,molformer,mlp,crem_mean,0.31108776844070957,0.3423374519162972,0.014130637239354094,5,10,"42,43,44,45,46,47,48,49,50,51",0.014130637239354094,0.0,0.0
CHEMBL2835_Ki,molformer,xgboost,crem_lime,0.0850988287478129,0.289301611427105,-0.2188594955801793,5,10,"42,43,44,45,46,47,48,49,50,51",-0.2188594955801793,0.0,0.0
CHEMBL2835_Ki,molformer,xgboost,crem_mean,0.3990937534720625,0.3872918630895093,-0.014130446640092997,5,10,"42,43,44,45,46,47,48,49,50,51",-0.014130446640092997,0.0,0.0
CHEMBL2835_Ki,morgan,mlp,crem_lime,0.19131886877515394,0.3736627965364395,-0.11744841630341482,5,10,"42,43,44,45,46,47,48,49,50,51",-0.11744841630341482,0.0,0.0
CHEMBL2835_Ki,morgan,mlp,crem_mean,0.43149745045661,0.4732658276321202,-0.06386684207996923,5,10,"42,43,44,45,46,47,48,49,50,51",-0.06386684207996923,0.0,0.0
CHEMBL2835_Ki,morgan,xgboost,crem_lime,0.004498317270383301,0.18851138890471936,-0.18401307163433606,5,10,"42,43,44,45,46,47,48,49,50,51",-0.18401307163433606,0.0,0.0
CHEMBL2835_Ki,morgan,xgboost,crem_mean,0.1891769865841073,0.25196008423165644,-0.1253217495166711,5,10,"42,43,44,45,46,47,48,49,50,51",-0.1253217495166711,0.0,0.0
CHEMBL2835_Ki,unimol,mlp,crem_lime,0.20069224629679275,0.1753420714911392,0.0007237922006425035,5,10,"42,43,44,45,46,47,48,49,50,51",0.0007237922006425035,0.0,0.0
CHEMBL2835_Ki,unimol,mlp,crem_mean,0.382735906862745,0.32468335199880605,0.0656157965358603,5,10,"42,43,44,45,46,47,48,49,50,51",0.0656157965358603,0.0,0.0
CHEMBL2835_Ki,unimol,xgboost,crem_lime,0.4564702454899949,0.13562189609983333,0.3205828070821146,5,10,"42,43,44,45,46,47,48,49,50,51",0.3205828070821146,0.0,0.0
CHEMBL2835_Ki,unimol,xgboost,crem_mean,0.4620084112973944,0.2309675281675935,0.2310408831298009,5,10,"42,43,44,45,46,47,48,49,50,51",0.2310408831298009,0.0,0.0
CHEMBL287_Ki,molformer,mlp,crem_lime,0.013342962641898317,0.1062586899157236,-0.024612050386957372,26,10,"42,43,44,45,46,47,48,49,50,51",-0.024612050386957372,0.0,0.0
CHEMBL287_Ki,molformer,mlp,crem_mean,0.21772135398886927,0.16961263906892313,-0.00872336956401381,26,10,"42,43,44,45,46,47,48,49,50,51",-0.00872336956401381,0.0,0.0
CHEMBL287_Ki,molformer,xgboost,crem_lime,0.08339753541163764,0.1015813534272999,-0.00702955170492113,26,10,"42,43,44,45,46,47,48,49,50,51",-0.00702955170492113,0.0,0.0
CHEMBL287_Ki,molformer,xgboost,crem_mean,0.21859224515756337,0.17896101394094516,0.0404148938907447,26,10,"42,43,44,45,46,47,48,49,50,51",0.0404148938907447,0.0,0.0
CHEMBL287_Ki,morgan,mlp,crem_lime,0.19513111272100753,0.15234292293715285,-0.011891724165330811,26,10,"42,43,44,45,46,47,48,49,50,51",-0.011891724165330811,0.0,0.0
CHEMBL287_Ki,morgan,mlp,crem_mean,0.150792981675615,0.15038498333783054,0.0,26,10,"42,43,44,45,46,47,48,49,50,51",0.0,0.0,0.0
CHEMBL287_Ki,morgan,xgboost,crem_lime,0.09783199299024924,0.14238203853160847,-0.0007903479543302991,26,10,"42,43,44,45,46,47,48,49,50,51",-0.0007903479543302991,0.0,0.0
CHEMBL287_Ki,morgan,xgboost,crem_mean,0.21830944767157576,0.09375613553065179,0.09082112750149574,26,10,"42,43,44,45,46,47,48,49,50,51",0.09082112750149574,0.0,0.0
CHEMBL287_Ki,unimol,mlp,crem_lime,0.09443386015617708,0.1355383101468542,-0.02323748975549613,26,10,"42,43,44,45,46,47,48,49,50,51",-0.02323748975549613,0.0,0.0
CHEMBL287_Ki,unimol,mlp,crem_mean,0.0757708588089195,0.12396419039334745,-0.02672248262496674,26,10,"42,43,44,45,46,47,48,49,50,51",-0.02672248262496674,0.0,0.0
CHEMBL287_Ki,unimol,xgboost,crem_lime,0.09392523041620304,0.1287304553854155,-0.024976306947633836,26,10,"42,43,44,45,46,47,48,49,50,51",-0.024976306947633836,0.0,0.0
CHEMBL287_Ki,unimol,xgboost,crem_mean,0.1091551298046829,0.1038596524919358,0.006105329441906695,26,10,"42,43,44,45,46,47,48,49,50,51",0.006105329441906695,0.0,0.0
CHEMBL2971_Ki,molformer,mlp,crem_lime,0.047285233772474095,0.1870796461446643,-0.20060447177628277,11,10,"42,43,44,45,46,47,48,49,50,51",-0.20060447177628277,0.0,0.0
CHEMBL2971_Ki,molformer,mlp,crem_mean,0.06526545536427976,0.24631834706899314,-0.08526395850737917,11,10,"42,43,44,45,46,47,48,49,50,51",-0.08526395850737917,0.0,0.0
CHEMBL2971_Ki,molformer,xgboost,crem_lime,0.10980350767328306,0.15390733313720364,-0.04410382546392058,11,10,"42,43,44,45,46,47,48,49,50,51",-0.04410382546392058,0.0,0.0
CHEMBL2971_Ki,molformer,xgboost,crem_mean,0.2503370490808766,0.21208301585162492,0.028571428571428692,11,10,"42,43,44,45,46,47,48,49,50,51",0.028571428571428692,0.0,0.0
CHEMBL2971_Ki,morgan,mlp,crem_lime,0.09591056996405994,0.31672095287897856,-0.16209200732915255,11,10,"42,43,44,45,46,47,48,49,50,51",-0.16209200732915255,0.0,0.0
CHEMBL2971_Ki,morgan,mlp,crem_mean,0.2731618173597184,0.2770085503855727,-0.0318418260052577,11,10,"42,43,44,45,46,47,48,49,50,51",-0.0318418260052577,0.0,0.0
CHEMBL2971_Ki,morgan,xgboost,crem_lime,0.0200598437769306,0.2531464092244783,-0.2527122626664897,11,10,"42,43,44,45,46,47,48,49,50,51",-0.2527122626664897,0.0,0.0
CHEMBL2971_Ki,morgan,xgboost,crem_mean,0.13749999999999996,0.16650308546754616,-0.022932902431517382,11,10,"42,43,44,45,46,47,48,49,50,51",-0.022932902431517382,0.0,0.0
CHEMBL2971_Ki,unimol,mlp,crem_lime,0.0346240449999169,0.11722855310796751,-0.03779958189827402,11,10,"42,43,44,45,46,47,48,49,50,51",-0.03779958189827402,0.0,0.0
CHEMBL2971_Ki,unimol,mlp,crem_mean,0.24457523428206596,0.2525857959189047,0.0,11,10,"42,43,44,45,46,47,48,49,50,51",0.0,0.0,0.0
CHEMBL2971_Ki,unimol,xgboost,crem_lime,0.10081541948294491,0.14116086170218065,-0.040345442219235736,11,10,"42,43,44,45,46,47,48,49,50,51",-0.040345442219235736,0.0,0.0
CHEMBL2971_Ki,unimol,xgboost,crem_mean,0.18288209413786505,0.1693934148846524,-0.007480415950112701,11,10,"42,43,44,45,46,47,48,49,50,51",-0.007480415950112701,0.0,0.0
CHEMBL3979_EC50,molformer,mlp,crem_lime,0.049134961225282,0.06742970613604606,-0.013073758872285617,17,10,"42,43,44,45,46,47,48,49,50,51",-0.013073758872285617,0.0,0.0
CHEMBL3979_EC50,molformer,mlp,crem_mean,0.0,0.05673642290902302,-0.012270570533331089,17,10,"42,43,44,45,46,47,48,49,50,51",-0.012270570533331089,0.0,0.0
CHEMBL3979_EC50,molformer,xgboost,crem_lime,0.06454122506222153,0.11616555082808973,-0.03346605295859932,17,10,"42,43,44,45,46,47,48,49,50,51",-0.03346605295859932,0.0,0.0
CHEMBL3979_EC50,molformer,xgboost,crem_mean,0.0008819321709530333,0.053621663051238146,-0.022419826412942667,17,10,"42,43,44,45,46,47,48,49,50,51",-0.022419826412942667,0.0,0.0
CHEMBL3979_EC50,morgan,mlp,crem_lime,0.004188541889031098,0.2342523286527504,-0.17628282882865545,17,10,"42,43,44,45,46,47,48,49,50,51",-0.17628282882865545,0.0,0.0
CHEMBL3979_EC50,morgan,mlp,crem_mean,0.008839654619429366,0.06154366323701527,-0.018227934142470065,17,10,"42,43,44,45,46,47,48,49,50,51",-0.018227934142470065,0.0,0.0
CHEMBL3979_EC50,morgan,xgboost,crem_lime,-0.0014763680998496006,0.10143274426649754,-0.08644123086443797,17,10,"42,43,44,45,46,47,48,49,50,51",-0.08644123086443797,0.0,0.0
CHEMBL3979_EC50,morgan,xgboost,crem_mean,0.00046192552584303423,0.044171041468089846,-0.02348658887449591,17,10,"42,43,44,45,46,47,48,49,50,51",-0.02348658887449591,0.0,0.0
CHEMBL3979_EC50,unimol,mlp,crem_lime,0.11745655411445939,0.14733346301645744,-0.015402389511358082,17,10,"42,43,44,45,46,47,48,49,50,51",-0.015402389511358082,0.0,0.0
CHEMBL3979_EC50,unimol,mlp,crem_mean,0.0129808026192898,0.06735667912861706,0.0004687185344864958,17,10,"42,43,44,45,46,47,48,49,50,51",0.0004687185344864958,0.0,0.0
CHEMBL3979_EC50,unimol,xgboost,crem_lime,0.12118371890141694,0.1631604731695364,0.022611672402814975,17,10,"42,43,44,45,46,47,48,49,50,51",0.022611672402814975,0.0,0.0
CHEMBL3979_EC50,unimol,xgboost,crem_mean,0.05552135198652264,0.060727402666410045,-0.00012996072922118185,17,10,"42,43,44,45,46,47,48,49,50,51",-0.00012996072922118185,0.0,0.0
CHEMBL4005_Ki,molformer,mlp,crem_lime,0.08495271542827414,0.2613151763483731,-0.10559966423976822,17,10,"42,43,44,45,46,47,48,49,50,51",-0.10559966423976822,0.0,0.0
CHEMBL4005_Ki,molformer,mlp,crem_mean,0.09964520235724567,0.12761779268072304,-0.011609475859087422,17,10,"42,43,44,45,46,47,48,49,50,51",-0.011609475859087422,0.0,0.0
CHEMBL4005_Ki,molformer,xgboost,crem_lime,0.009478886858878864,0.12995619331061825,-0.04089281543181668,17,10,"42,43,44,45,46,47,48,49,50,51",-0.04089281543181668,0.0,0.0
CHEMBL4005_Ki,molformer,xgboost,crem_mean,0.20130992625546004,0.12808838924088825,0.03433537789663763,17,10,"42,43,44,45,46,47,48,49,50,51",0.03433537789663763,0.0,0.0
CHEMBL4005_Ki,morgan,mlp,crem_lime,0.09687571116419284,0.19503592572119707,-0.10631021631362149,17,10,"42,43,44,45,46,47,48,49,50,51",-0.10631021631362149,0.0,0.0
CHEMBL4005_Ki,morgan,mlp,crem_mean,0.0725547602184688,0.17710463798088788,-0.09079426345291233,17,10,"42,43,44,45,46,47,48,49,50,51",-0.09079426345291233,0.0,0.0
CHEMBL4005_Ki,morgan,xgboost,crem_lime,0.050746705229886134,0.14335278182289787,-0.08809483114351369,17,10,"42,43,44,45,46,47,48,49,50,51",-0.08809483114351369,0.0,0.0
CHEMBL4005_Ki,morgan,xgboost,crem_mean,0.12461569132962658,0.15130797097783208,-0.018631098375656144,17,10,"42,43,44,45,46,47,48,49,50,51",-0.018631098375656144,0.0,0.0
CHEMBL4005_Ki,unimol,mlp,crem_lime,0.09010229368574384,0.13015401885316208,0.002835929227290729,17,10,"42,43,44,45,46,47,48,49,50,51",0.002835929227290729,0.0,0.0
CHEMBL4005_Ki,unimol,mlp,crem_mean,0.12250402576489532,0.1200865516250131,-0.060944710619114884,17,10,"42,43,44,45,46,47,48,49,50,51",-0.060944710619114884,0.0,0.0
CHEMBL4005_Ki,unimol,xgboost,crem_lime,0.0719464427241005,0.1525816790935047,-0.06840120451734183,17,10,"42,43,44,45,46,47,48,49,50,51",-0.06840120451734183,0.0,0.0
CHEMBL4005_Ki,unimol,xgboost,crem_mean,0.13765971857244272,0.12844831094831088,-0.06256920209060053,17,10,"42,43,44,45,46,47,48,49,50,51",-0.06256920209060053,0.0,0.0
CHEMBL4203_Ki,molformer,mlp,crem_lime,-0.03157212527595203,0.10699689253608921,-0.1612389598059836,6,10,"42,43,44,45,46,47,48,49,50,51",-0.1612389598059836,0.0,0.0
CHEMBL4203_Ki,molformer,mlp,crem_mean,0.0593924534794878,0.04202987393862635,-0.041117906615697634,6,10,"42,43,44,45,46,47,48,49,50,51",-0.041117906615697634,0.0,0.0
CHEMBL4203_Ki,molformer,xgboost,crem_lime,-0.056142177896427885,0.12418841806824228,-0.23319949701979772,6,10,"42,43,44,45,46,47,48,49,50,51",-0.23319949701979772,0.0,0.0
CHEMBL4203_Ki,molformer,xgboost,crem_mean,-0.021729121846308687,0.03375962815225311,-0.10149783923925204,6,10,"42,43,44,45,46,47,48,49,50,51",-0.10149783923925204,0.0,0.0
CHEMBL4203_Ki,morgan,mlp,crem_lime,0.12901202150117153,0.12566954499589023,0.03913038808454978,6,10,"42,43,44,45,46,47,48,49,50,51",0.03913038808454978,0.0,0.0
CHEMBL4203_Ki,morgan,mlp,crem_mean,0.0032797602583963213,0.013764810750867659,0.012168054062667279,6,10,"42,43,44,45,46,47,48,49,50,51",0.012168054062667279,0.0,0.0
CHEMBL4203_Ki,morgan,xgboost,crem_lime,0.23979392329651222,0.21204802795953587,0.07585081807206824,6,10,"42,43,44,45,46,47,48,49,50,51",0.07585081807206824,0.0,0.0
CHEMBL4203_Ki,morgan,xgboost,crem_mean,0.07918054779730671,0.06142979392200355,-0.011116151249224857,6,10,"42,43,44,45,46,47,48,49,50,51",-0.011116151249224857,0.0,0.0
CHEMBL4203_Ki,unimol,mlp,crem_lime,0.08220524340094439,0.04481734980623196,0.02855530281671174,6,10,"42,43,44,45,46,47,48,49,50,51",0.02855530281671174,0.0,0.0
CHEMBL4203_Ki,unimol,mlp,crem_mean,0.055571756619074354,0.015420564807327066,0.021488173983582118,6,10,"42,43,44,45,46,47,48,49,50,51",0.021488173983582118,0.0,0.0
CHEMBL4203_Ki,unimol,xgboost,crem_lime,0.15250218581337388,0.1120598868870786,0.04268017633725321,6,10,"42,43,44,45,46,47,48,49,50,51",0.04268017633725321,0.0,0.0
CHEMBL4203_Ki,unimol,xgboost,crem_mean,-0.015442122434287383,0.03397840713793378,-0.049420529572221164,6,10,"42,43,44,45,46,47,48,49,50,51",-0.049420529572221164,0.0,0.0
CHEMBL4616_EC50,molformer,mlp,crem_lime,-0.030661537442840364,0.00547372145432924,-0.034101962556831025,9,10,"42,43,44,45,46,47,48,49,50,51",-0.034101962556831025,0.0,0.0
CHEMBL4616_EC50,molformer,mlp,crem_mean,0.038930745011826036,0.11257440535738321,0.0,9,10,"42,43,44,45,46,47,48,49,50,51",0.0,0.0,0.0
CHEMBL4616_EC50,molformer,xgboost,crem_lime,-0.006519811132166566,0.06767638720105713,-0.052510838519680886,9,10,"42,43,44,45,46,47,48,49,50,51",-0.052510838519680886,0.0,0.0
CHEMBL4616_EC50,molformer,xgboost,crem_mean,0.059495714452348636,0.11978061443633974,0.0,9,10,"42,43,44,45,46,47,48,49,50,51",0.0,0.0,0.0
CHEMBL4616_EC50,morgan,mlp,crem_lime,0.0,0.06025687621920528,-0.023690787792831944,9,10,"42,43,44,45,46,47,48,49,50,51",-0.023690787792831944,0.0,0.0
CHEMBL4616_EC50,morgan,mlp,crem_mean,0.16296590385147028,0.17583154647487928,-0.017458674927834927,9,10,"42,43,44,45,46,47,48,49,50,51",-0.017458674927834927,0.0,0.0
CHEMBL4616_EC50,morgan,xgboost,crem_lime,0.17328222777945523,0.06701331995798923,0.1024819283666111,9,10,"42,43,44,45,46,47,48,49,50,51",0.1024819283666111,0.0,0.0
CHEMBL4616_EC50,morgan,xgboost,crem_mean,0.19909402595534795,0.08034854915535342,0.1363205400922295,9,10,"42,43,44,45,46,47,48,49,50,51",0.1363205400922295,0.0,0.0
CHEMBL4616_EC50,unimol,mlp,crem_lime,0.007854945492447474,0.08434794266082836,0.0,9,10,"42,43,44,45,46,47,48,49,50,51",0.0,0.0,0.0
CHEMBL4616_EC50,unimol,mlp,crem_mean,0.10492139949877162,0.08490144397661252,-0.06368733997133479,9,10,"42,43,44,45,46,47,48,49,50,51",-0.06368733997133479,0.0,0.0
CHEMBL4616_EC50,unimol,xgboost,crem_lime,0.11476155157124386,0.056985102344380575,0.05669643845468478,9,10,"42,43,44,45,46,47,48,49,50,51",0.05669643845468478,0.0,0.0
CHEMBL4616_EC50,unimol,xgboost,crem_mean,0.06900505481389273,0.12870861988304672,0.0,9,10,"42,43,44,45,46,47,48,49,50,51",0.0,0.0,0.0
CHEMBL4792_Ki,molformer,mlp,crem_lime,0.1061757797931145,0.23891483262775157,-0.015784525409453562,21,10,"42,43,44,45,46,47,48,49,50,51",-0.015784525409453562,0.0,0.0
CHEMBL4792_Ki,molformer,mlp,crem_mean,0.1471269007912373,0.10660897281924527,0.03273229610242506,21,10,"42,43,44,45,46,47,48,49,50,51",0.03273229610242506,0.0,0.0
CHEMBL4792_Ki,molformer,xgboost,crem_lime,0.1097613504242132,0.15921600699705524,0.01242612481820593,21,10,"42,43,44,45,46,47,48,49,50,51",0.01242612481820593,0.0,0.0
CHEMBL4792_Ki,molformer,xgboost,crem_mean,0.14230370176132903,0.10061192289974046,0.006329739334486656,21,10,"42,43,44,45,46,47,48,49,50,51",0.006329739334486656,0.0,0.0
CHEMBL4792_Ki,morgan,mlp,crem_lime,0.19491458672982223,0.10970251055920417,0.03611258811696179,21,10,"42,43,44,45,46,47,48,49,50,51",0.03611258811696179,0.0,0.0
CHEMBL4792_Ki,morgan,mlp,crem_mean,0.19266936831448978,0.1343280704343262,0.03710294694158456,21,10,"42,43,44,45,46,47,48,49,50,51",0.03710294694158456,0.0,0.0
CHEMBL4792_Ki,morgan,xgboost,crem_lime,0.0679815913328836,0.1879478679921875,-0.11491242594363782,21,10,"42,43,44,45,46,47,48,49,50,51",-0.11491242594363782,0.0,0.0
CHEMBL4792_Ki,morgan,xgboost,crem_mean,0.10134170445944646,0.10904151393400145,-0.01893542462233691,21,10,"42,43,44,45,46,47,48,49,50,51",-0.01893542462233691,0.0,0.0
CHEMBL4792_Ki,unimol,mlp,crem_lime,0.09242348106328434,0.22372713094697425,-0.056924584501783386,21,10,"42,43,44,45,46,47,48,49,50,51",-0.056924584501783386,0.0,0.0
CHEMBL4792_Ki,unimol,mlp,crem_mean,0.1229521669714152,0.13102900436214232,-0.007175277474527723,21,10,"42,43,44,45,46,47,48,49,50,51",-0.007175277474527723,0.0,0.0
CHEMBL4792_Ki,unimol,xgboost,crem_lime,0.10646186306071626,0.1937656465974053,-0.08237914153845641,21,10,"42,43,44,45,46,47,48,49,50,51",-0.08237914153845641,0.0,0.0
CHEMBL4792_Ki,unimol,xgboost,crem_mean,0.11555436641821876,0.15212961452531826,-0.0025907438287040285,21,10,"42,43,44,45,46,47,48,49,50,51",-0.0025907438287040285,0.0,0.0
