dataset,representation,predictor,seed,variant,split,rmse_against_observed,prediction_std,prediction_range,n
CHEMBL1862_Ki,morgan,xgboost,11,trained,calibration,0.8420319903723158,1.0061942338943481,3.3446648120880127,47
CHEMBL1862_Ki,morgan,xgboost,11,trained,test,0.783174090905593,0.9205002784729004,3.615145444869995,236
CHEMBL1862_Ki,morgan,xgboost,11,label_permuted,calibration,1.7622982180186098,0.043357573449611664,0.29950499534606934,47
CHEMBL1862_Ki,morgan,xgboost,11,label_permuted,test,1.7995296605520408,0.03126251697540283,0.29950499534606934,236
CHEMBL1862_Ki,morgan,xgboost,23,trained,calibration,0.8339532850844741,0.9962519407272339,3.104860544204712,47
CHEMBL1862_Ki,morgan,xgboost,23,trained,test,0.8037388218507303,0.9184196591377258,3.563528537750244,236
CHEMBL1862_Ki,morgan,xgboost,23,label_permuted,calibration,1.5920882443982336,0.4121670126914978,1.679513692855835,47
CHEMBL1862_Ki,morgan,xgboost,23,label_permuted,test,1.8143534555972738,0.25350919365882874,1.656416654586792,236
CHEMBL1862_Ki,morgan,xgboost,42,trained,calibration,0.828874428845679,1.0086348056793213,3.2275900840759277,47
CHEMBL1862_Ki,morgan,xgboost,42,trained,test,0.8124315159619329,0.9244365692138672,3.546724557876587,236
CHEMBL1862_Ki,morgan,xgboost,42,label_permuted,calibration,1.7450894533418035,0.033270008862018585,0.13379180431365967,47
CHEMBL1862_Ki,morgan,xgboost,42,label_permuted,test,1.7930282549655647,0.048498399555683136,0.41263628005981445,236
CHEMBL1862_Ki,morgan,mlp,11,trained,calibration,0.9279174302852682,1.1199021339416504,3.5037527084350586,47
CHEMBL1862_Ki,morgan,mlp,11,trained,test,0.908360326144248,1.001153826713562,4.105309009552002,236
CHEMBL1862_Ki,morgan,mlp,11,label_permuted,calibration,1.8383672341511932,0.08041567355394363,0.37842774391174316,47
CHEMBL1862_Ki,morgan,mlp,11,label_permuted,test,1.8648253626530207,0.09104440361261368,0.7752176523208618,236
CHEMBL1862_Ki,morgan,mlp,23,trained,calibration,0.9386770171279808,1.0772895812988281,3.2743735313415527,47
CHEMBL1862_Ki,morgan,mlp,23,trained,test,0.9890189452020147,0.8858838081359863,3.651761531829834,236
CHEMBL1862_Ki,morgan,mlp,23,label_permuted,calibration,1.6108385116696524,0.23452529311180115,0.8197200298309326,47
CHEMBL1862_Ki,morgan,mlp,23,label_permuted,test,1.6774486436103113,0.1431168168783188,1.178598165512085,236
CHEMBL1862_Ki,morgan,mlp,42,trained,calibration,0.9351223996058312,1.199357271194458,3.90669584274292,47
CHEMBL1862_Ki,morgan,mlp,42,trained,test,0.8825838586229815,1.0129789113998413,4.4697418212890625,236
CHEMBL1862_Ki,morgan,mlp,42,label_permuted,calibration,1.6345758726773187,0.17615902423858643,0.6654762029647827,47
CHEMBL1862_Ki,morgan,mlp,42,label_permuted,test,1.7137465736137878,0.12263492494821548,0.7076051235198975,236
CHEMBL1871_Ki,morgan,xgboost,11,trained,calibration,0.6979046839544161,0.5729373693466187,2.0323586463928223,24
CHEMBL1871_Ki,morgan,xgboost,11,trained,test,0.7599555320027896,0.7784970998764038,3.135277032852173,57
CHEMBL1871_Ki,morgan,xgboost,11,label_permuted,calibration,0.9150991511691449,0.042256131768226624,0.19264435768127441,24
CHEMBL1871_Ki,morgan,xgboost,11,label_permuted,test,1.0568184130119302,0.049555111676454544,0.23311972618103027,57
CHEMBL1871_Ki,morgan,xgboost,23,trained,calibration,0.6791676254109673,0.5424079298973083,1.9536442756652832,24
CHEMBL1871_Ki,morgan,xgboost,23,trained,test,0.7559026267124022,0.7956550717353821,3.213066816329956,57
CHEMBL1871_Ki,morgan,xgboost,23,label_permuted,calibration,0.8457547143437728,0.1448691189289093,0.5632321834564209,24
CHEMBL1871_Ki,morgan,xgboost,23,label_permuted,test,1.0533569985962494,0.30875641107559204,1.360670566558838,57
CHEMBL1871_Ki,morgan,xgboost,42,trained,calibration,0.6416824034416659,0.5853094458580017,2.217250347137451,24
CHEMBL1871_Ki,morgan,xgboost,42,trained,test,0.7446717296856252,0.8569510579109192,3.4893202781677246,57
CHEMBL1871_Ki,morgan,xgboost,42,label_permuted,calibration,0.9264983285229053,0.020839853212237358,0.06905949115753174,24
CHEMBL1871_Ki,morgan,xgboost,42,label_permuted,test,1.051366650054868,1.1920928955078125e-07,0.0,57
CHEMBL1871_Ki,morgan,mlp,11,trained,calibration,0.675276374750926,0.6203773617744446,2.2662124633789062,24
CHEMBL1871_Ki,morgan,mlp,11,trained,test,0.8141221579219925,0.7808560729026794,3.4589927196502686,57
CHEMBL1871_Ki,morgan,mlp,11,label_permuted,calibration,0.9612107237392673,0.15167762339115143,0.5909121036529541,24
CHEMBL1871_Ki,morgan,mlp,11,label_permuted,test,1.1088511882483367,0.12032665312290192,0.6254144906997681,57
CHEMBL1871_Ki,morgan,mlp,23,trained,calibration,0.6806106218022575,0.6674302816390991,2.431892156600952,24
CHEMBL1871_Ki,morgan,mlp,23,trained,test,0.7848739496094342,0.776321530342102,3.4082093238830566,57
CHEMBL1871_Ki,morgan,mlp,23,label_permuted,calibration,0.8697013846196125,0.303180992603302,1.0807456970214844,24
CHEMBL1871_Ki,morgan,mlp,23,label_permuted,test,1.027595692190553,0.3526729345321655,2.011411666870117,57
CHEMBL1871_Ki,morgan,mlp,42,trained,calibration,0.6829340121743186,0.5978033542633057,2.1493616104125977,24
CHEMBL1871_Ki,morgan,mlp,42,trained,test,0.7973999463520745,0.8051556944847107,3.5235037803649902,57
CHEMBL1871_Ki,morgan,mlp,42,label_permuted,calibration,0.8923422002870746,0.16829229891300201,0.7128028869628906,24
CHEMBL1871_Ki,morgan,mlp,42,label_permuted,test,1.025637642307692,0.08541590720415115,0.5460339784622192,57
CHEMBL2034_Ki,morgan,xgboost,11,trained,calibration,0.9281251746797237,0.4127638339996338,1.5515002012252808,38
CHEMBL2034_Ki,morgan,xgboost,11,trained,test,0.8901806107506033,0.5329235792160034,1.655104160308838,113
CHEMBL2034_Ki,morgan,xgboost,11,label_permuted,calibration,1.0262154304545728,0.027959395200014114,0.14896130561828613,38
CHEMBL2034_Ki,morgan,xgboost,11,label_permuted,test,1.0735122299279458,0.036384716629981995,0.15801453590393066,113
CHEMBL2034_Ki,morgan,xgboost,23,trained,calibration,0.917781632202738,0.4528355896472931,1.7737754583358765,38
CHEMBL2034_Ki,morgan,xgboost,23,trained,test,0.8987739264814326,0.557224690914154,1.8696985244750977,113
CHEMBL2034_Ki,morgan,xgboost,23,label_permuted,calibration,1.01814432920838,0.023507937788963318,0.05266690254211426,38
CHEMBL2034_Ki,morgan,xgboost,23,label_permuted,test,1.0686125795234032,0.008115812204778194,0.0933150053024292,113
CHEMBL2034_Ki,morgan,xgboost,42,trained,calibration,0.9460942527460956,0.357225239276886,1.3158818483352661,38
CHEMBL2034_Ki,morgan,xgboost,42,trained,test,0.9237960261440098,0.41909781098365784,1.481635570526123,113
CHEMBL2034_Ki,morgan,xgboost,42,label_permuted,calibration,1.2127527229185722,0.3838229775428772,1.805588722229004,38
CHEMBL2034_Ki,morgan,xgboost,42,label_permuted,test,1.1528542115381364,0.23013931512832642,1.4506481885910034,113
CHEMBL2034_Ki,morgan,mlp,11,trained,calibration,0.8736044108368535,0.4997859597206116,2.5914156436920166,38
CHEMBL2034_Ki,morgan,mlp,11,trained,test,0.9211060501325677,0.6234683990478516,2.549246311187744,113
CHEMBL2034_Ki,morgan,mlp,11,label_permuted,calibration,1.034433998200168,0.18011794984340668,0.7551084756851196,38
CHEMBL2034_Ki,morgan,mlp,11,label_permuted,test,1.0725808158072208,0.11936618387699127,0.8526410460472107,113
CHEMBL2034_Ki,morgan,mlp,23,trained,calibration,0.8492571221098741,0.6215686202049255,3.2190752029418945,38
CHEMBL2034_Ki,morgan,mlp,23,trained,test,0.8709661621261156,0.6118643283843994,2.713491439819336,113
CHEMBL2034_Ki,morgan,mlp,23,label_permuted,calibration,1.049135869801058,0.15389633178710938,0.6637817621231079,38
CHEMBL2034_Ki,morgan,mlp,23,label_permuted,test,1.1736892389530094,0.14174863696098328,0.5973395109176636,113
CHEMBL2034_Ki,morgan,mlp,42,trained,calibration,0.8756682705041056,0.5171153545379639,2.6560094356536865,38
CHEMBL2034_Ki,morgan,mlp,42,trained,test,0.8483012685417989,0.6461676359176636,2.881913185119629,113
CHEMBL2034_Ki,morgan,mlp,42,label_permuted,calibration,1.1387359967506583,0.25433725118637085,1.0306172370910645,38
CHEMBL2034_Ki,morgan,mlp,42,label_permuted,test,1.1225991592279028,0.14977525174617767,0.8151479363441467,113
CHEMBL204_Ki,morgan,xgboost,11,trained,calibration,0.9273818460559625,1.1123319864273071,5.422316551208496,230
CHEMBL204_Ki,morgan,xgboost,11,trained,test,1.1520300486672328,1.1188576221466064,5.2531962394714355,360
CHEMBL204_Ki,morgan,xgboost,11,label_permuted,calibration,1.486862427448676,0.043276477605104446,0.36632800102233887,230
CHEMBL204_Ki,morgan,xgboost,11,label_permuted,test,1.6946058778347302,0.044617436826229095,0.34500670433044434,360
CHEMBL204_Ki,morgan,xgboost,23,trained,calibration,0.9278234178074823,1.1395615339279175,5.345303535461426,230
CHEMBL204_Ki,morgan,xgboost,23,trained,test,1.1545994292703998,1.141195297241211,5.411012172698975,360
CHEMBL204_Ki,morgan,xgboost,23,label_permuted,calibration,1.4731147517809577,0.029214126989245415,0.1876544952392578,230
CHEMBL204_Ki,morgan,xgboost,23,label_permuted,test,1.686697663197024,0.016004670411348343,0.16129803657531738,360
CHEMBL204_Ki,morgan,xgboost,42,trained,calibration,0.933767230782606,1.1333894729614258,5.660512447357178,230
CHEMBL204_Ki,morgan,xgboost,42,trained,test,1.162344772475847,1.1397591829299927,5.475236415863037,360
CHEMBL204_Ki,morgan,xgboost,42,label_permuted,calibration,1.4862064507266541,0.013535046949982643,0.17630362510681152,230
CHEMBL204_Ki,morgan,xgboost,42,label_permuted,test,1.6902264363204051,0.011828526854515076,0.11006641387939453,360
CHEMBL204_Ki,morgan,mlp,11,trained,calibration,0.9084443130998782,1.0997618436813354,5.444075584411621,230
CHEMBL204_Ki,morgan,mlp,11,trained,test,1.15182266091604,1.1322021484375,5.291912078857422,360
CHEMBL204_Ki,morgan,mlp,11,label_permuted,calibration,1.5190872288935309,0.3112742304801941,1.392322063446045,230
CHEMBL204_Ki,morgan,mlp,11,label_permuted,test,1.6487964402050697,0.22053436934947968,1.2954812049865723,360
CHEMBL204_Ki,morgan,mlp,23,trained,calibration,0.9355781565873773,1.1831308603286743,5.704769611358643,230
CHEMBL204_Ki,morgan,mlp,23,trained,test,1.1067228718257691,1.136317491531372,5.592214107513428,360
CHEMBL204_Ki,morgan,mlp,23,label_permuted,calibration,1.5320030229254795,0.3098497986793518,1.7408534288406372,230
CHEMBL204_Ki,morgan,mlp,23,label_permuted,test,1.7314901329990933,0.20752647519111633,1.3488810062408447,360
CHEMBL204_Ki,morgan,mlp,42,trained,calibration,0.9347843255971294,1.1798841953277588,6.07673454284668,230
CHEMBL204_Ki,morgan,mlp,42,trained,test,1.120047795774509,1.1772329807281494,5.823329925537109,360
CHEMBL204_Ki,morgan,mlp,42,label_permuted,calibration,1.5679017345816666,0.29245856404304504,1.4160959720611572,230
CHEMBL204_Ki,morgan,mlp,42,label_permuted,test,1.71141860677437,0.20723271369934082,1.2835416793823242,360
CHEMBL2047_EC50,morgan,xgboost,11,trained,calibration,0.9333102063027128,0.49899160861968994,2.5069704055786133,44
CHEMBL2047_EC50,morgan,xgboost,11,trained,test,0.7055955927002945,0.5409517884254456,2.4709014892578125,91
CHEMBL2047_EC50,morgan,xgboost,11,label_permuted,calibration,1.023087128513306,0.01995655708014965,0.10747742652893066,44
CHEMBL2047_EC50,morgan,xgboost,11,label_permuted,test,0.7707075626421477,0.007355028763413429,0.08665823936462402,91
CHEMBL2047_EC50,morgan,xgboost,23,trained,calibration,0.92573125519139,0.44131481647491455,2.241666793823242,44
CHEMBL2047_EC50,morgan,xgboost,23,trained,test,0.7595423196199005,0.5962739586830139,2.451280117034912,91
CHEMBL2047_EC50,morgan,xgboost,23,label_permuted,calibration,1.0282936491231016,0.022585256025195122,0.11521220207214355,44
CHEMBL2047_EC50,morgan,xgboost,23,label_permuted,test,0.7881381597789113,0.03761807829141617,0.27758002281188965,91
CHEMBL2047_EC50,morgan,xgboost,42,trained,calibration,0.9377415981521443,0.4852380156517029,2.4419467449188232,44
CHEMBL2047_EC50,morgan,xgboost,42,trained,test,0.7302210994879706,0.5798078775405884,2.551969051361084,91
CHEMBL2047_EC50,morgan,xgboost,42,label_permuted,calibration,1.0419894417723898,0.10275972634553909,0.5708484649658203,44
CHEMBL2047_EC50,morgan,xgboost,42,label_permuted,test,0.8598700744603178,0.2739943861961365,1.288480520248413,91
CHEMBL2047_EC50,morgan,mlp,11,trained,calibration,0.9595129727733488,0.42299407720565796,2.3852553367614746,44
CHEMBL2047_EC50,morgan,mlp,11,trained,test,0.9109922179969023,0.6756295561790466,2.5672497749328613,91
CHEMBL2047_EC50,morgan,mlp,11,label_permuted,calibration,1.0319295435999527,0.13441859185695648,0.5385370254516602,44
CHEMBL2047_EC50,morgan,mlp,11,label_permuted,test,0.7613133452044133,0.08962950855493546,0.49768638610839844,91
CHEMBL2047_EC50,morgan,mlp,23,trained,calibration,0.9307876616918797,0.3557928800582886,1.9476675987243652,44
CHEMBL2047_EC50,morgan,mlp,23,trained,test,0.8517444311261666,0.6331969499588013,2.515395164489746,91
CHEMBL2047_EC50,morgan,mlp,23,label_permuted,calibration,1.0139373843179997,0.10183455795049667,0.4788322448730469,44
CHEMBL2047_EC50,morgan,mlp,23,label_permuted,test,0.796327327943813,0.08421970158815384,0.3865025043487549,91
CHEMBL2047_EC50,morgan,mlp,42,trained,calibration,0.9186490723584219,0.3995537757873535,1.9354311227798462,44
CHEMBL2047_EC50,morgan,mlp,42,trained,test,0.9035808125756594,0.7016790509223938,2.7966275215148926,91
CHEMBL2047_EC50,morgan,mlp,42,label_permuted,calibration,1.039488683505935,0.12408231943845749,0.5477347373962402,44
CHEMBL2047_EC50,morgan,mlp,42,label_permuted,test,0.7782333497748685,0.10093958675861359,0.5220293998718262,91
CHEMBL214_Ki,morgan,xgboost,11,trained,calibration,0.7594286409121431,0.8151125907897949,4.868659019470215,332
CHEMBL214_Ki,morgan,xgboost,11,trained,test,0.7144167098770594,0.8127491474151611,4.939169883728027,309
CHEMBL214_Ki,morgan,xgboost,11,label_permuted,calibration,1.122608503947015,0.0417017936706543,0.44403553009033203,332
CHEMBL214_Ki,morgan,xgboost,11,label_permuted,test,1.1495607553117377,0.022227207198739052,0.21177411079406738,309
CHEMBL214_Ki,morgan,xgboost,23,trained,calibration,0.7557284219546673,0.8107973337173462,4.853858470916748,332
CHEMBL214_Ki,morgan,xgboost,23,trained,test,0.7107583962668113,0.803557276725769,4.697729587554932,309
CHEMBL214_Ki,morgan,xgboost,23,label_permuted,calibration,1.1089034354303318,0.05615384504199028,0.44304168224334717,332
CHEMBL214_Ki,morgan,xgboost,23,label_permuted,test,1.1452335117055006,0.03788232430815697,0.24311864376068115,309
CHEMBL214_Ki,morgan,xgboost,42,trained,calibration,0.7399680431012519,0.806342363357544,4.942385673522949,332
CHEMBL214_Ki,morgan,xgboost,42,trained,test,0.706815865941339,0.8216322660446167,4.865817070007324,309
CHEMBL214_Ki,morgan,xgboost,42,label_permuted,calibration,1.1247359071803829,0.01074976660311222,0.1335848569869995,332
CHEMBL214_Ki,morgan,xgboost,42,label_permuted,test,1.1476257465585737,0.009532789699733257,0.07025599479675293,309
CHEMBL214_Ki,morgan,mlp,11,trained,calibration,0.7535638772990332,0.8649092316627502,4.896122455596924,332
CHEMBL214_Ki,morgan,mlp,11,trained,test,0.735802865317433,0.8005812764167786,4.655324459075928,309
CHEMBL214_Ki,morgan,mlp,11,label_permuted,calibration,1.1383920001713281,0.16400879621505737,0.9104498624801636,332
CHEMBL214_Ki,morgan,mlp,11,label_permuted,test,1.17002458073805,0.1643986999988556,1.0782288312911987,309
CHEMBL214_Ki,morgan,mlp,23,trained,calibration,0.779132261553616,0.8499387502670288,5.3190484046936035,332
CHEMBL214_Ki,morgan,mlp,23,trained,test,0.7210442787467717,0.8032660484313965,4.411139488220215,309
CHEMBL214_Ki,morgan,mlp,23,label_permuted,calibration,1.1600142369547644,0.12652039527893066,0.7550431489944458,332
CHEMBL214_Ki,morgan,mlp,23,label_permuted,test,1.1483004741276719,0.14848461747169495,1.0425560474395752,309
CHEMBL214_Ki,morgan,mlp,42,trained,calibration,0.7723959643483238,0.8646512031555176,5.209171295166016,332
CHEMBL214_Ki,morgan,mlp,42,trained,test,0.6959302493995115,0.8587954044342041,4.416099548339844,309
CHEMBL214_Ki,morgan,mlp,42,label_permuted,calibration,1.1610562208627757,0.15407323837280273,1.1517183780670166,332
CHEMBL214_Ki,morgan,mlp,42,label_permuted,test,1.1634453283103436,0.163831427693367,1.2187554836273193,309
CHEMBL2147_Ki,morgan,xgboost,11,trained,calibration,0.7749645301946696,1.5779671669006348,4.6450300216674805,47
CHEMBL2147_Ki,morgan,xgboost,11,trained,test,1.0605699736888043,1.6764311790466309,5.089993476867676,41
CHEMBL2147_Ki,morgan,xgboost,11,label_permuted,calibration,1.7414638230812691,0.21516406536102295,1.3437047004699707,47
CHEMBL2147_Ki,morgan,xgboost,11,label_permuted,test,1.9737430411488524,0.21953506767749786,1.3847614526748657,41
CHEMBL2147_Ki,morgan,xgboost,23,trained,calibration,0.7819434712142113,1.5978071689605713,4.848073959350586,47
CHEMBL2147_Ki,morgan,xgboost,23,trained,test,1.1045656323150805,1.6978589296340942,5.118870735168457,41
CHEMBL2147_Ki,morgan,xgboost,23,label_permuted,calibration,1.855333311257526,0.26267221570014954,1.4073020219802856,47
CHEMBL2147_Ki,morgan,xgboost,23,label_permuted,test,2.0536345478095734,0.20496173202991486,0.824184000492096,41
CHEMBL2147_Ki,morgan,xgboost,42,trained,calibration,0.7643890915427174,1.5630834102630615,4.642510414123535,47
CHEMBL2147_Ki,morgan,xgboost,42,trained,test,1.0978195231902836,1.6654973030090332,4.874790668487549,41
CHEMBL2147_Ki,morgan,xgboost,42,label_permuted,calibration,1.7084899535917815,0.06855310499668121,0.2908329963684082,47
CHEMBL2147_Ki,morgan,xgboost,42,label_permuted,test,2.017616293768618,0.06618563830852509,0.34475135803222656,41
CHEMBL2147_Ki,morgan,mlp,11,trained,calibration,0.83682378684867,1.4949815273284912,5.422287464141846,47
CHEMBL2147_Ki,morgan,mlp,11,trained,test,0.9065939809493775,1.5888757705688477,5.166109085083008,41
CHEMBL2147_Ki,morgan,mlp,11,label_permuted,calibration,1.64462243776469,0.262911856174469,1.2659378051757812,47
CHEMBL2147_Ki,morgan,mlp,11,label_permuted,test,2.0180636299090207,0.29706859588623047,1.2267441749572754,41
CHEMBL2147_Ki,morgan,mlp,23,trained,calibration,0.7758193284261805,1.4684427976608276,5.605721473693848,47
CHEMBL2147_Ki,morgan,mlp,23,trained,test,0.937200371226792,1.6516516208648682,5.147160530090332,41
CHEMBL2147_Ki,morgan,mlp,23,label_permuted,calibration,1.916573010796325,0.3372271955013275,1.2312817573547363,47
CHEMBL2147_Ki,morgan,mlp,23,label_permuted,test,2.076736560010696,0.3598478436470032,1.7338180541992188,41
CHEMBL2147_Ki,morgan,mlp,42,trained,calibration,0.784152513843183,1.4534354209899902,5.790450096130371,47
CHEMBL2147_Ki,morgan,mlp,42,trained,test,0.9240230491764766,1.626704216003418,5.367543697357178,41
CHEMBL2147_Ki,morgan,mlp,42,label_permuted,calibration,2.0583271237587284,1.1497334241867065,4.484211444854736,47
CHEMBL2147_Ki,morgan,mlp,42,label_permuted,test,2.210192875105251,1.1337400674819946,5.182499885559082,41
CHEMBL218_EC50,morgan,xgboost,11,trained,calibration,0.9287564399875892,0.788969099521637,3.592479705810547,93
CHEMBL218_EC50,morgan,xgboost,11,trained,test,0.8508341062606404,0.556148886680603,3.040634870529175,100
CHEMBL218_EC50,morgan,xgboost,11,label_permuted,calibration,1.0292017275646372,0.008237428031861782,0.05580449104309082,93
CHEMBL218_EC50,morgan,xgboost,11,label_permuted,test,1.1097356720386364,0.009150314144790173,0.12015104293823242,100
CHEMBL218_EC50,morgan,xgboost,23,trained,calibration,0.9173396450620775,0.5626684427261353,2.6525516510009766,93
CHEMBL218_EC50,morgan,xgboost,23,trained,test,0.9461032618100409,0.36193013191223145,1.793477177619934,100
CHEMBL218_EC50,morgan,xgboost,23,label_permuted,calibration,1.0385250336371425,0.11028694361448288,0.9437543153762817,93
CHEMBL218_EC50,morgan,xgboost,23,label_permuted,test,1.1076551726501882,0.09500585496425629,0.5473799705505371,100
CHEMBL218_EC50,morgan,xgboost,42,trained,calibration,0.9309376877768213,0.6410285830497742,2.895113945007324,93
CHEMBL218_EC50,morgan,xgboost,42,trained,test,0.9063633814950742,0.45006778836250305,2.444437026977539,100
CHEMBL218_EC50,morgan,xgboost,42,label_permuted,calibration,1.0334481595957183,0.024580329656600952,0.23776626586914062,93
CHEMBL218_EC50,morgan,xgboost,42,label_permuted,test,1.104330656481522,0.03408502787351608,0.20246195793151855,100
CHEMBL218_EC50,morgan,mlp,11,trained,calibration,0.9157303160422013,0.35799530148506165,1.272752046585083,93
CHEMBL218_EC50,morgan,mlp,11,trained,test,0.9728730660960545,0.38817378878593445,1.6050043106079102,100
CHEMBL218_EC50,morgan,mlp,11,label_permuted,calibration,0.9936224105787783,0.1799069046974182,0.7284140586853027,93
CHEMBL218_EC50,morgan,mlp,11,label_permuted,test,1.1142795838110524,0.1524946391582489,0.7740073204040527,100
CHEMBL218_EC50,morgan,mlp,23,trained,calibration,0.9330256181902075,0.3874545991420746,1.6126503944396973,93
CHEMBL218_EC50,morgan,mlp,23,trained,test,0.9598161931703049,0.3847361207008362,1.7006627321243286,100
CHEMBL218_EC50,morgan,mlp,23,label_permuted,calibration,1.039178770056514,0.11848077923059464,0.7681519985198975,93
CHEMBL218_EC50,morgan,mlp,23,label_permuted,test,1.0828425261502774,0.13164030015468597,0.8658311367034912,100
CHEMBL218_EC50,morgan,mlp,42,trained,calibration,0.9114376429071336,0.4323183298110962,1.6242423057556152,93
CHEMBL218_EC50,morgan,mlp,42,trained,test,0.9350268485554473,0.4518228769302368,1.9868959188461304,100
CHEMBL218_EC50,morgan,mlp,42,label_permuted,calibration,1.0130078560881337,0.157850980758667,0.7875487804412842,93
CHEMBL218_EC50,morgan,mlp,42,label_permuted,test,1.085127549035636,0.17666561901569366,0.7940189838409424,100
CHEMBL219_Ki,morgan,xgboost,11,trained,calibration,0.7832150351363157,0.7096121311187744,3.7619998455047607,152
CHEMBL219_Ki,morgan,xgboost,11,trained,test,0.91601061463765,0.729645848274231,2.999549388885498,163
CHEMBL219_Ki,morgan,xgboost,11,label_permuted,calibration,1.0228606483881948,0.1942741423845291,1.0707629919052124,152
CHEMBL219_Ki,morgan,xgboost,11,label_permuted,test,1.117240050887211,0.1633351445198059,1.3611805438995361,163
CHEMBL219_Ki,morgan,xgboost,23,trained,calibration,0.7926506193575,0.6689019799232483,3.585927963256836,152
CHEMBL219_Ki,morgan,xgboost,23,trained,test,0.8968012629910984,0.6925816535949707,2.8905997276306152,163
CHEMBL219_Ki,morgan,xgboost,23,label_permuted,calibration,1.0046300394051206,0.018458906561136246,0.16260850429534912,152
CHEMBL219_Ki,morgan,xgboost,23,label_permuted,test,1.1344074465312204,0.020385265350341797,0.16996753215789795,163
CHEMBL219_Ki,morgan,xgboost,42,trained,calibration,0.7963287500816698,0.7155909538269043,3.8833467960357666,152
CHEMBL219_Ki,morgan,xgboost,42,trained,test,0.8734491432792371,0.7245728373527527,3.067004919052124,163
CHEMBL219_Ki,morgan,xgboost,42,label_permuted,calibration,1.0030434905119205,0.06451801210641861,0.49892139434814453,152
CHEMBL219_Ki,morgan,xgboost,42,label_permuted,test,1.130408953368412,0.0748126208782196,0.5593597888946533,163
CHEMBL219_Ki,morgan,mlp,11,trained,calibration,0.7935483345905985,0.7005560994148254,3.3041083812713623,152
CHEMBL219_Ki,morgan,mlp,11,trained,test,0.8730608706451249,0.7402737736701965,3.0446712970733643,163
CHEMBL219_Ki,morgan,mlp,11,label_permuted,calibration,1.044064292871922,0.2575162351131439,1.2180815935134888,152
CHEMBL219_Ki,morgan,mlp,11,label_permuted,test,1.1737023919376188,0.276134729385376,1.723524808883667,163
CHEMBL219_Ki,morgan,mlp,23,trained,calibration,0.7752912635462534,0.6838295459747314,3.3812172412872314,152
CHEMBL219_Ki,morgan,mlp,23,trained,test,0.8690683399101615,0.7488257884979248,3.2312726974487305,163
CHEMBL219_Ki,morgan,mlp,23,label_permuted,calibration,1.0208285325125606,0.15319201350212097,0.9832167625427246,152
CHEMBL219_Ki,morgan,mlp,23,label_permuted,test,1.1408766899944822,0.1765214055776596,1.019880771636963,163
CHEMBL219_Ki,morgan,mlp,42,trained,calibration,0.790713556328473,0.6476567387580872,3.655423402786255,152
CHEMBL219_Ki,morgan,mlp,42,trained,test,0.8810982052629008,0.6188433170318604,3.1237618923187256,163
CHEMBL219_Ki,morgan,mlp,42,label_permuted,calibration,1.0219245385344269,0.19077177345752716,1.5439691543579102,152
CHEMBL219_Ki,morgan,mlp,42,label_permuted,test,1.1651092533733232,0.17471201717853546,1.167698621749878,163
CHEMBL228_Ki,morgan,xgboost,11,trained,calibration,0.9060251351610896,0.8743568658828735,3.9846909046173096,181
CHEMBL228_Ki,morgan,xgboost,11,trained,test,0.9090908183292864,0.8711232542991638,3.8846495151519775,216
CHEMBL228_Ki,morgan,xgboost,11,label_permuted,calibration,1.163269848380182,0.06817596405744553,0.5825315713882446,181
CHEMBL228_Ki,morgan,xgboost,11,label_permuted,test,1.3028989399109798,0.05812593922019005,0.49262452125549316,216
CHEMBL228_Ki,morgan,xgboost,23,trained,calibration,0.9103836626811096,0.839893102645874,3.8381764888763428,181
CHEMBL228_Ki,morgan,xgboost,23,trained,test,0.9002244841570145,0.8233928680419922,3.736326217651367,216
CHEMBL228_Ki,morgan,xgboost,23,label_permuted,calibration,1.1705481583548076,0.019687991589307785,0.16702497005462646,181
CHEMBL228_Ki,morgan,xgboost,23,label_permuted,test,1.303547618222999,0.022563347592949867,0.1451054811477661,216
CHEMBL228_Ki,morgan,xgboost,42,trained,calibration,0.8919912199178434,0.8357551097869873,4.004233360290527,181
CHEMBL228_Ki,morgan,xgboost,42,trained,test,0.8962592879150605,0.8664867281913757,3.9413492679595947,216
CHEMBL228_Ki,morgan,xgboost,42,label_permuted,calibration,1.1702460602463982,0.02595549263060093,0.20479941368103027,181
CHEMBL228_Ki,morgan,xgboost,42,label_permuted,test,1.3110003759789528,0.030528096482157707,0.24000704288482666,216
CHEMBL228_Ki,morgan,mlp,11,trained,calibration,0.8820177399890523,0.6974606513977051,3.6289138793945312,181
CHEMBL228_Ki,morgan,mlp,11,trained,test,0.870362389605331,0.841763436794281,4.036018371582031,216
CHEMBL228_Ki,morgan,mlp,11,label_permuted,calibration,1.1722080520378062,0.21468400955200195,1.3927741050720215,181
CHEMBL228_Ki,morgan,mlp,11,label_permuted,test,1.3451162090937707,0.18785399198532104,0.8084079027175903,216
CHEMBL228_Ki,morgan,mlp,23,trained,calibration,0.8797502661311926,0.8144256472587585,3.4384446144104004,181
CHEMBL228_Ki,morgan,mlp,23,trained,test,0.8694346412807488,0.928101122379303,4.107668876647949,216
CHEMBL228_Ki,morgan,mlp,23,label_permuted,calibration,1.232371478856438,0.39340224862098694,2.19130539894104,181
CHEMBL228_Ki,morgan,mlp,23,label_permuted,test,1.3720362105832158,0.34624072909355164,2.0849556922912598,216
CHEMBL228_Ki,morgan,mlp,42,trained,calibration,0.8688405065251972,0.7654669880867004,3.9316658973693848,181
CHEMBL228_Ki,morgan,mlp,42,trained,test,0.9063921849751402,0.8806220293045044,4.193270206451416,216
CHEMBL228_Ki,morgan,mlp,42,label_permuted,calibration,1.1613676380732567,0.21591024100780487,1.245638370513916,181
CHEMBL228_Ki,morgan,mlp,42,label_permuted,test,1.328541723957911,0.20635837316513062,0.9964523315429688,216
CHEMBL231_Ki,morgan,xgboost,11,trained,calibration,0.8029366120132877,0.9172357320785522,3.1815218925476074,47
CHEMBL231_Ki,morgan,xgboost,11,trained,test,0.7771281034307315,0.9779257774353027,4.020572662353516,79
CHEMBL231_Ki,morgan,xgboost,11,label_permuted,calibration,1.3731179361417796,0.35327303409576416,1.7896445989608765,47
CHEMBL231_Ki,morgan,xgboost,11,label_permuted,test,1.3935623436057865,0.42364048957824707,1.8072447776794434,79
CHEMBL231_Ki,morgan,xgboost,23,trained,calibration,0.8125372291251934,0.9240198731422424,3.218674659729004,47
CHEMBL231_Ki,morgan,xgboost,23,trained,test,0.7648831101168523,0.9486346244812012,3.791501045227051,79
CHEMBL231_Ki,morgan,xgboost,23,label_permuted,calibration,1.4526139047578253,0.42887088656425476,2.0199170112609863,47
CHEMBL231_Ki,morgan,xgboost,23,label_permuted,test,1.3094614824308624,0.4489023685455322,2.4490275382995605,79
CHEMBL231_Ki,morgan,xgboost,42,trained,calibration,0.7648579004866585,0.9262651205062866,3.1447129249572754,47
CHEMBL231_Ki,morgan,xgboost,42,trained,test,0.765386972600686,0.9788815975189209,4.146616458892822,79
CHEMBL231_Ki,morgan,xgboost,42,label_permuted,calibration,1.383218608641341,0.2599294185638428,1.0311808586120605,47
CHEMBL231_Ki,morgan,xgboost,42,label_permuted,test,1.295041822398831,0.28191226720809937,1.5629711151123047,79
CHEMBL231_Ki,morgan,mlp,11,trained,calibration,0.7277455696068074,1.0522559881210327,4.346393585205078,47
CHEMBL231_Ki,morgan,mlp,11,trained,test,0.7911348606241888,0.9542204141616821,4.027425765991211,79
CHEMBL231_Ki,morgan,mlp,11,label_permuted,calibration,1.3230349220026514,0.40402916073799133,1.8852916955947876,47
CHEMBL231_Ki,morgan,mlp,11,label_permuted,test,1.3929554132581543,0.35368064045906067,1.5001730918884277,79
CHEMBL231_Ki,morgan,mlp,23,trained,calibration,0.7658934609099758,1.0429023504257202,4.194645881652832,47
CHEMBL231_Ki,morgan,mlp,23,trained,test,0.8446221965197344,0.9557932019233704,3.9469006061553955,79
CHEMBL231_Ki,morgan,mlp,23,label_permuted,calibration,1.3518083381883303,0.32484954595565796,1.5524733066558838,47
CHEMBL231_Ki,morgan,mlp,23,label_permuted,test,1.210855296636514,0.21967041492462158,1.1131595373153687,79
CHEMBL231_Ki,morgan,mlp,42,trained,calibration,0.7634086447910126,1.0304884910583496,4.191232681274414,47
CHEMBL231_Ki,morgan,mlp,42,trained,test,0.8332880762844566,0.9393455386161804,4.018618583679199,79
CHEMBL231_Ki,morgan,mlp,42,label_permuted,calibration,1.3455518130869804,0.2551213204860687,1.0187289714813232,47
CHEMBL231_Ki,morgan,mlp,42,label_permuted,test,1.3316682561467839,0.18959000706672668,0.7900290489196777,79
CHEMBL233_Ki,morgan,xgboost,11,trained,calibration,0.9559787490190615,0.7905014753341675,3.9123129844665527,344
CHEMBL233_Ki,morgan,xgboost,11,trained,test,0.965393897984331,1.0607566833496094,4.52025842666626,358
CHEMBL233_Ki,morgan,xgboost,11,label_permuted,calibration,1.2878675528748535,0.026597362011671066,0.27238667011260986,344
CHEMBL233_Ki,morgan,xgboost,11,label_permuted,test,1.3923641859080336,0.042782317847013474,0.3462287187576294,358
CHEMBL233_Ki,morgan,xgboost,23,trained,calibration,0.9503235843091047,0.8010069131851196,3.9795799255371094,344
CHEMBL233_Ki,morgan,xgboost,23,trained,test,0.9335270622409008,1.078113317489624,4.7151265144348145,358
CHEMBL233_Ki,morgan,xgboost,23,label_permuted,calibration,1.297362913706666,0.12538056075572968,0.8226255178451538,344
CHEMBL233_Ki,morgan,xgboost,23,label_permuted,test,1.3805150920729636,0.16824126243591309,1.1629815101623535,358
CHEMBL233_Ki,morgan,xgboost,42,trained,calibration,0.9366310543087106,0.8136423230171204,4.135092735290527,344
CHEMBL233_Ki,morgan,xgboost,42,trained,test,0.9367304822681761,1.0725908279418945,5.148632526397705,358
CHEMBL233_Ki,morgan,xgboost,42,label_permuted,calibration,1.2968417703438824,0.1098165363073349,1.067834734916687,344
CHEMBL233_Ki,morgan,xgboost,42,label_permuted,test,1.4178564274124805,0.09727630019187927,0.8859876394271851,358
CHEMBL233_Ki,morgan,mlp,11,trained,calibration,0.9354362661323354,0.8782637119293213,4.538753032684326,344
CHEMBL233_Ki,morgan,mlp,11,trained,test,0.9290312045331292,1.154163122177124,5.450346946716309,358
CHEMBL233_Ki,morgan,mlp,11,label_permuted,calibration,1.3262005495277662,0.17929819226264954,1.3574719429016113,344
CHEMBL233_Ki,morgan,mlp,11,label_permuted,test,1.4225604742030802,0.17747701704502106,1.3232202529907227,358
CHEMBL233_Ki,morgan,mlp,23,trained,calibration,0.938829242597386,0.8779246807098389,4.857677936553955,344
CHEMBL233_Ki,morgan,mlp,23,trained,test,0.9210989643754978,1.1208794116973877,5.100855827331543,358
CHEMBL233_Ki,morgan,mlp,23,label_permuted,calibration,1.3191873846557816,0.21425862610340118,1.2577548027038574,344
CHEMBL233_Ki,morgan,mlp,23,label_permuted,test,1.3854457976450325,0.2892172634601593,1.678420901298523,358
CHEMBL233_Ki,morgan,mlp,42,trained,calibration,0.9480005932777898,0.8719323873519897,4.5548906326293945,344
CHEMBL233_Ki,morgan,mlp,42,trained,test,0.927620392874681,1.1553746461868286,5.333683967590332,358
CHEMBL233_Ki,morgan,mlp,42,label_permuted,calibration,1.3172759853340457,0.1956566423177719,1.300249695777893,344
CHEMBL233_Ki,morgan,mlp,42,label_permuted,test,1.467607662664181,0.25407660007476807,1.4869847297668457,358
CHEMBL234_Ki,morgan,xgboost,11,trained,calibration,0.6307582478915744,0.9008219838142395,5.466947555541992,421
CHEMBL234_Ki,morgan,xgboost,11,trained,test,0.7235022052475565,1.0126521587371826,5.465798377990723,248
CHEMBL234_Ki,morgan,xgboost,11,label_permuted,calibration,1.1383268118113472,0.1913663148880005,1.501015067100525,421
CHEMBL234_Ki,morgan,xgboost,11,label_permuted,test,1.2287535323347387,0.17701773345470428,1.1146069765090942,248
CHEMBL234_Ki,morgan,xgboost,23,trained,calibration,0.6178365264527418,0.89817214012146,5.489279747009277,421
CHEMBL234_Ki,morgan,xgboost,23,trained,test,0.7161369508134628,0.9899126887321472,5.507424354553223,248
CHEMBL234_Ki,morgan,xgboost,23,label_permuted,calibration,1.1230453889256473,0.0039010122418403625,0.03601038455963135,421
CHEMBL234_Ki,morgan,xgboost,23,label_permuted,test,1.2159733074703103,2.384185791015625e-07,0.0,248
CHEMBL234_Ki,morgan,xgboost,42,trained,calibration,0.6225414079276198,0.8981003761291504,5.320369243621826,421
CHEMBL234_Ki,morgan,xgboost,42,trained,test,0.718284165727275,0.9978964924812317,5.318657875061035,248
CHEMBL234_Ki,morgan,xgboost,42,label_permuted,calibration,1.1247912319178035,0.0057541364803910255,0.05931496620178223,421
CHEMBL234_Ki,morgan,xgboost,42,label_permuted,test,1.2169347596152602,0.008389162831008434,0.1332772970199585,248
CHEMBL234_Ki,morgan,mlp,11,trained,calibration,0.6233409080155634,0.9134329557418823,5.840081691741943,421
CHEMBL234_Ki,morgan,mlp,11,trained,test,0.7811194883052294,1.0595704317092896,6.044865608215332,248
CHEMBL234_Ki,morgan,mlp,11,label_permuted,calibration,1.129754351778675,0.1546461135149002,1.094822883605957,421
CHEMBL234_Ki,morgan,mlp,11,label_permuted,test,1.2196969974743268,0.1538812816143036,1.114645004272461,248
CHEMBL234_Ki,morgan,mlp,23,trained,calibration,0.6047232930238131,0.9465978741645813,5.515879154205322,421
CHEMBL234_Ki,morgan,mlp,23,trained,test,0.7829886354423106,1.090097188949585,6.045372009277344,248
CHEMBL234_Ki,morgan,mlp,23,label_permuted,calibration,1.1546801142269234,0.15177342295646667,1.2407344579696655,421
CHEMBL234_Ki,morgan,mlp,23,label_permuted,test,1.2618442626504662,0.1625727266073227,1.0418367385864258,248
CHEMBL234_Ki,morgan,mlp,42,trained,calibration,0.5854564981270498,0.9226162433624268,5.77711296081543,421
CHEMBL234_Ki,morgan,mlp,42,trained,test,0.8045293411821964,1.0966941118240356,6.375697612762451,248
CHEMBL234_Ki,morgan,mlp,42,label_permuted,calibration,1.1661848651486793,0.16592955589294434,1.2107799053192139,421
CHEMBL234_Ki,morgan,mlp,42,label_permuted,test,1.2204352245089822,0.15213358402252197,1.0229169130325317,248
CHEMBL235_EC50,morgan,xgboost,11,trained,calibration,0.788971848521092,0.6483051180839539,2.8521478176116943,198
CHEMBL235_EC50,morgan,xgboost,11,trained,test,0.7306650887252425,0.8088085651397705,2.9779748916625977,181
CHEMBL235_EC50,morgan,xgboost,11,label_permuted,calibration,1.1295568577951556,0.02633652649819851,0.16536688804626465,198
CHEMBL235_EC50,morgan,xgboost,11,label_permuted,test,1.2438326324156954,0.011768325231969357,0.09467792510986328,181
CHEMBL235_EC50,morgan,xgboost,23,trained,calibration,0.7732719475399938,0.6926364302635193,3.247666358947754,198
CHEMBL235_EC50,morgan,xgboost,23,trained,test,0.7209643792415138,0.8688771724700928,3.490135431289673,181
CHEMBL235_EC50,morgan,xgboost,23,label_permuted,calibration,1.1169822344242313,0.009363161399960518,0.052973270416259766,198
CHEMBL235_EC50,morgan,xgboost,23,label_permuted,test,1.244757722314653,0.004591959994286299,0.04993748664855957,181
CHEMBL235_EC50,morgan,xgboost,42,trained,calibration,0.7826393362309342,0.6555851101875305,3.287323236465454,198
CHEMBL235_EC50,morgan,xgboost,42,trained,test,0.7212922704332476,0.8410549759864807,3.234328031539917,181
CHEMBL235_EC50,morgan,xgboost,42,label_permuted,calibration,1.1144069401329806,0.03978213295340538,0.19819426536560059,198
CHEMBL235_EC50,morgan,xgboost,42,label_permuted,test,1.2458016941216428,0.020840957760810852,0.158494234085083,181
CHEMBL235_EC50,morgan,mlp,11,trained,calibration,0.8132715963034384,0.6906495690345764,3.522599935531616,198
CHEMBL235_EC50,morgan,mlp,11,trained,test,0.8105221664155624,0.7899587154388428,3.5217623710632324,181
CHEMBL235_EC50,morgan,mlp,11,label_permuted,calibration,1.1706833948172661,0.22828097641468048,1.2135727405548096,198
CHEMBL235_EC50,morgan,mlp,11,label_permuted,test,1.2979375324235487,0.15086427330970764,0.95326828956604,181
CHEMBL235_EC50,morgan,mlp,23,trained,calibration,0.8059161537423065,0.7141484022140503,3.3850884437561035,198
CHEMBL235_EC50,morgan,mlp,23,trained,test,0.8342975680536542,0.8227803707122803,3.625819683074951,181
CHEMBL235_EC50,morgan,mlp,23,label_permuted,calibration,1.139444916505642,0.18466264009475708,1.0305631160736084,198
CHEMBL235_EC50,morgan,mlp,23,label_permuted,test,1.2467292432753403,0.14921218156814575,0.704749584197998,181
CHEMBL235_EC50,morgan,mlp,42,trained,calibration,0.8002963202768824,0.7277551293373108,3.622832775115967,198
CHEMBL235_EC50,morgan,mlp,42,trained,test,0.8831609190313316,0.7963529825210571,3.8458104133605957,181
CHEMBL235_EC50,morgan,mlp,42,label_permuted,calibration,1.1413987553093907,0.22186340391635895,1.108655333518982,198
CHEMBL235_EC50,morgan,mlp,42,label_permuted,test,1.201774780808337,0.2924264073371887,1.6132084131240845,181
CHEMBL236_Ki,morgan,xgboost,11,trained,calibration,0.7696208611222625,0.9171819090843201,4.457427978515625,167
CHEMBL236_Ki,morgan,xgboost,11,trained,test,0.8544451019393161,1.1534491777420044,4.854396820068359,275
CHEMBL236_Ki,morgan,xgboost,11,label_permuted,calibration,1.357893256802766,0.013523703441023827,0.09648537635803223,167
CHEMBL236_Ki,morgan,xgboost,11,label_permuted,test,1.4054464375546811,0.005286576226353645,0.09410881996154785,275
CHEMBL236_Ki,morgan,xgboost,23,trained,calibration,0.7354793766794641,0.9659423232078552,4.745491027832031,167
CHEMBL236_Ki,morgan,xgboost,23,trained,test,0.8292399763801619,1.1699535846710205,4.937774658203125,275
CHEMBL236_Ki,morgan,xgboost,23,label_permuted,calibration,1.3607518031094161,0.048712585121393204,0.42479121685028076,167
CHEMBL236_Ki,morgan,xgboost,23,label_permuted,test,1.4015454753747583,0.05192369222640991,0.4264204502105713,275
CHEMBL236_Ki,morgan,xgboost,42,trained,calibration,0.747584984710313,0.9733369946479797,4.790369987487793,167
CHEMBL236_Ki,morgan,xgboost,42,trained,test,0.8251874754042601,1.1825562715530396,4.928523063659668,275
CHEMBL236_Ki,morgan,xgboost,42,label_permuted,calibration,1.3558700802885142,0.17257831990718842,1.192547082901001,167
CHEMBL236_Ki,morgan,xgboost,42,label_permuted,test,1.4181500783949788,0.19546623528003693,0.9997810125350952,275
CHEMBL236_Ki,morgan,mlp,11,trained,calibration,0.8466301257841312,1.0675188302993774,5.939332962036133,167
CHEMBL236_Ki,morgan,mlp,11,trained,test,0.8027594346638749,1.2431840896606445,5.489506244659424,275
CHEMBL236_Ki,morgan,mlp,11,label_permuted,calibration,1.475049732468989,0.20191361010074615,1.1607967615127563,167
CHEMBL236_Ki,morgan,mlp,11,label_permuted,test,1.4709639400312688,0.17635250091552734,1.2152976989746094,275
CHEMBL236_Ki,morgan,mlp,23,trained,calibration,0.820278966309098,1.0337605476379395,5.4813995361328125,167
CHEMBL236_Ki,morgan,mlp,23,trained,test,0.8222145916467287,1.2730803489685059,5.444428443908691,275
CHEMBL236_Ki,morgan,mlp,23,label_permuted,calibration,1.4209001154414491,0.19017936289310455,0.9902766942977905,167
CHEMBL236_Ki,morgan,mlp,23,label_permuted,test,1.3664544456361878,0.1886431872844696,0.9304168224334717,275
CHEMBL236_Ki,morgan,mlp,42,trained,calibration,0.8438308465159892,1.0441375970840454,5.336048126220703,167
CHEMBL236_Ki,morgan,mlp,42,trained,test,0.7994003671255406,1.3106180429458618,5.425036907196045,275
CHEMBL236_Ki,morgan,mlp,42,label_permuted,calibration,1.374707060733488,0.19833125174045563,0.9156954288482666,167
CHEMBL236_Ki,morgan,mlp,42,label_permuted,test,1.4174727315819668,0.21232490241527557,1.2959399223327637,275
CHEMBL237_EC50,morgan,xgboost,11,trained,calibration,1.1961427186476195,0.5515761375427246,2.106281042098999,276
CHEMBL237_EC50,morgan,xgboost,11,trained,test,1.1552011526909094,0.7354693412780762,3.4005846977233887,57
CHEMBL237_EC50,morgan,xgboost,11,label_permuted,calibration,1.2907625951689963,0.15674634277820587,1.333989143371582,276
CHEMBL237_EC50,morgan,xgboost,11,label_permuted,test,1.589011834611268,0.0890437588095665,0.620719313621521,57
CHEMBL237_EC50,morgan,xgboost,23,trained,calibration,1.1971157160591466,0.38526079058647156,1.4313077926635742,276
CHEMBL237_EC50,morgan,xgboost,23,trained,test,1.3046721040651061,0.47646841406822205,2.151185989379883,57
CHEMBL237_EC50,morgan,xgboost,23,label_permuted,calibration,1.313254275887422,0.09347028285264969,0.634710431098938,276
CHEMBL237_EC50,morgan,xgboost,23,label_permuted,test,1.5694710673922045,0.07579756528139114,0.3978731632232666,57
CHEMBL237_EC50,morgan,xgboost,42,trained,calibration,1.2044085801911346,0.46750256419181824,1.8086178302764893,276
CHEMBL237_EC50,morgan,xgboost,42,trained,test,1.232228743085203,0.5933218598365784,2.687969446182251,57
CHEMBL237_EC50,morgan,xgboost,42,label_permuted,calibration,1.335639206449707,0.13710486888885498,1.0741044282913208,276
CHEMBL237_EC50,morgan,xgboost,42,label_permuted,test,1.6914858898416645,0.177997887134552,0.8537815809249878,57
CHEMBL237_EC50,morgan,mlp,11,trained,calibration,1.0222750169543426,0.9009760022163391,5.620979309082031,276
CHEMBL237_EC50,morgan,mlp,11,trained,test,1.0600226636479073,0.9020888209342957,3.7352147102355957,57
CHEMBL237_EC50,morgan,mlp,11,label_permuted,calibration,1.2417004668139127,0.1928981989622116,1.1865932941436768,276
CHEMBL237_EC50,morgan,mlp,11,label_permuted,test,1.6001377374252193,0.20505261421203613,0.8521575927734375,57
CHEMBL237_EC50,morgan,mlp,23,trained,calibration,1.0281879162306682,0.8294476866722107,5.008185386657715,276
CHEMBL237_EC50,morgan,mlp,23,trained,test,1.054719655994902,0.8986346125602722,3.8052968978881836,57
CHEMBL237_EC50,morgan,mlp,23,label_permuted,calibration,1.4171935765852188,0.22241166234016418,1.5025309324264526,276
CHEMBL237_EC50,morgan,mlp,23,label_permuted,test,1.5698482149701747,0.1885308027267456,0.9371264576911926,57
CHEMBL237_EC50,morgan,mlp,42,trained,calibration,1.0420060876349984,0.8389791250228882,5.180543899536133,276
CHEMBL237_EC50,morgan,mlp,42,trained,test,1.0812926267479233,0.865770161151886,3.5844438076019287,57
CHEMBL237_EC50,morgan,mlp,42,label_permuted,calibration,1.4379406958382968,0.2793157994747162,1.6726919412612915,276
CHEMBL237_EC50,morgan,mlp,42,label_permuted,test,1.6191161813029753,0.231166809797287,1.0845141410827637,57
CHEMBL237_Ki,morgan,xgboost,11,trained,calibration,0.8337793745960073,1.0379295349121094,4.422608375549316,194
CHEMBL237_Ki,morgan,xgboost,11,trained,test,0.9243047666144274,1.00968337059021,4.0080790519714355,199
CHEMBL237_Ki,morgan,xgboost,11,label_permuted,calibration,1.2842838375660381,0.042682208120822906,0.23875463008880615,194
CHEMBL237_Ki,morgan,xgboost,11,label_permuted,test,1.3918337765410012,0.03819090127944946,0.2965512275695801,199
CHEMBL237_Ki,morgan,xgboost,23,trained,calibration,0.8146921808703138,1.0708231925964355,4.40648889541626,194
CHEMBL237_Ki,morgan,xgboost,23,trained,test,0.8979497829682329,1.0417450666427612,4.259663105010986,199
CHEMBL237_Ki,morgan,xgboost,23,label_permuted,calibration,1.308433363465849,0.09164009243249893,0.5871044397354126,194
CHEMBL237_Ki,morgan,xgboost,23,label_permuted,test,1.389552613719011,0.09040921181440353,0.5645543336868286,199
CHEMBL237_Ki,morgan,xgboost,42,trained,calibration,0.8319168728579766,1.0435268878936768,4.372012138366699,194
CHEMBL237_Ki,morgan,xgboost,42,trained,test,0.9106321605015975,1.0292491912841797,4.140048503875732,199
CHEMBL237_Ki,morgan,xgboost,42,label_permuted,calibration,1.2952336415029269,0.014421234838664532,0.14652717113494873,194
CHEMBL237_Ki,morgan,xgboost,42,label_permuted,test,1.3822655323416406,0.015155725181102753,0.0950629711151123,199
CHEMBL237_Ki,morgan,mlp,11,trained,calibration,0.8673735066846457,1.0502710342407227,4.937519073486328,194
CHEMBL237_Ki,morgan,mlp,11,trained,test,0.9001461201835953,1.062650203704834,4.83738374710083,199
CHEMBL237_Ki,morgan,mlp,11,label_permuted,calibration,1.3114369037908427,0.2528369724750519,1.1368186473846436,194
CHEMBL237_Ki,morgan,mlp,11,label_permuted,test,1.4619960927532707,0.23804201185703278,1.6162493228912354,199
CHEMBL237_Ki,morgan,mlp,23,trained,calibration,0.8504268177690711,1.062732458114624,4.066110610961914,194
CHEMBL237_Ki,morgan,mlp,23,trained,test,0.9237834121174492,1.065239429473877,4.603931903839111,199
CHEMBL237_Ki,morgan,mlp,23,label_permuted,calibration,1.3657228308231923,0.21335628628730774,1.2792497873306274,194
CHEMBL237_Ki,morgan,mlp,23,label_permuted,test,1.3774558157506898,0.19241568446159363,1.0818297863006592,199
CHEMBL237_Ki,morgan,mlp,42,trained,calibration,0.8589680835381137,1.010864496231079,4.379268169403076,194
CHEMBL237_Ki,morgan,mlp,42,trained,test,0.9196097782021672,1.033921241760254,4.337099552154541,199
CHEMBL237_Ki,morgan,mlp,42,label_permuted,calibration,1.3637227215298335,0.22958187758922577,1.3046281337738037,194
CHEMBL237_Ki,morgan,mlp,42,label_permuted,test,1.4475893798799053,0.23429284989833832,1.2110474109649658,199
CHEMBL238_Ki,morgan,xgboost,11,trained,calibration,0.8379623987005905,0.6720021963119507,2.6680140495300293,68
CHEMBL238_Ki,morgan,xgboost,11,trained,test,0.7684155426673569,0.799564003944397,3.294891357421875,68
CHEMBL238_Ki,morgan,xgboost,11,label_permuted,calibration,1.1291782882955719,0.029610075056552887,0.1251835823059082,68
CHEMBL238_Ki,morgan,xgboost,11,label_permuted,test,1.2081470455520502,0.000698541640304029,0.004134416580200195,68
CHEMBL238_Ki,morgan,xgboost,23,trained,calibration,0.8423895995027858,0.6566499471664429,2.654379367828369,68
CHEMBL238_Ki,morgan,xgboost,23,trained,test,0.7670559259464139,0.7807444930076599,3.3669941425323486,68
CHEMBL238_Ki,morgan,xgboost,23,label_permuted,calibration,1.135715946802945,0.014276589266955853,0.1017148494720459,68
CHEMBL238_Ki,morgan,xgboost,23,label_permuted,test,1.2130860003924473,0.011363224126398563,0.05834603309631348,68
CHEMBL238_Ki,morgan,xgboost,42,trained,calibration,0.8406893709062804,0.6761072874069214,2.684734344482422,68
CHEMBL238_Ki,morgan,xgboost,42,trained,test,0.7646622735692449,0.8152050971984863,3.4994397163391113,68
CHEMBL238_Ki,morgan,xgboost,42,label_permuted,calibration,1.1287944698761965,0.05046609416604042,0.3049147129058838,68
CHEMBL238_Ki,morgan,xgboost,42,label_permuted,test,1.2077069906363602,0.04631943255662918,0.24008846282958984,68
CHEMBL238_Ki,morgan,mlp,11,trained,calibration,0.819425375675239,0.6775710582733154,2.889889717102051,68
CHEMBL238_Ki,morgan,mlp,11,trained,test,0.8840479350449354,0.854457676410675,3.9267818927764893,68
CHEMBL238_Ki,morgan,mlp,11,label_permuted,calibration,1.1544574554851592,0.16608239710330963,0.8140246868133545,68
CHEMBL238_Ki,morgan,mlp,11,label_permuted,test,1.2542025967559673,0.11976192146539688,0.48696422576904297,68
CHEMBL238_Ki,morgan,mlp,23,trained,calibration,0.8426017719004789,0.679486870765686,3.1975057125091553,68
CHEMBL238_Ki,morgan,mlp,23,trained,test,0.8369513807133474,0.8560447096824646,3.798671007156372,68
CHEMBL238_Ki,morgan,mlp,23,label_permuted,calibration,1.1047442323180632,0.1245659813284874,0.5431272983551025,68
CHEMBL238_Ki,morgan,mlp,23,label_permuted,test,1.1463262133704903,0.13877584040164948,0.6206530332565308,68
CHEMBL238_Ki,morgan,mlp,42,trained,calibration,0.8167924834342689,0.6808911561965942,3.423837661743164,68
CHEMBL238_Ki,morgan,mlp,42,trained,test,0.8365521889394205,0.825412392616272,3.782222270965576,68
CHEMBL238_Ki,morgan,mlp,42,label_permuted,calibration,1.1045309341609373,0.16164901852607727,0.7301604747772217,68
CHEMBL238_Ki,morgan,mlp,42,label_permuted,test,1.1494658141692278,0.21001577377319336,0.8067604303359985,68
CHEMBL239_EC50,morgan,xgboost,11,trained,calibration,0.7023883775698823,0.8066663146018982,4.33929443359375,217
CHEMBL239_EC50,morgan,xgboost,11,trained,test,0.9149269515723985,0.7165629863739014,4.06510066986084,152
CHEMBL239_EC50,morgan,xgboost,11,label_permuted,calibration,1.0849320951211023,0.06321574747562408,0.5749650001525879,217
CHEMBL239_EC50,morgan,xgboost,11,label_permuted,test,1.100981376438468,0.06817810982465744,0.486222505569458,152
CHEMBL239_EC50,morgan,xgboost,23,trained,calibration,0.6918617730741492,0.8310739994049072,4.7538838386535645,217
CHEMBL239_EC50,morgan,xgboost,23,trained,test,0.9091919796744736,0.7106746435165405,3.8988771438598633,152
CHEMBL239_EC50,morgan,xgboost,23,label_permuted,calibration,1.091614627811136,0.010048641823232174,0.08726310729980469,217
CHEMBL239_EC50,morgan,xgboost,23,label_permuted,test,1.0919593867515212,0.0146557055413723,0.09628605842590332,152
CHEMBL239_EC50,morgan,xgboost,42,trained,calibration,0.6960248833872392,0.822580873966217,4.682514190673828,217
CHEMBL239_EC50,morgan,xgboost,42,trained,test,0.9151729457296859,0.7231050729751587,3.906092643737793,152
CHEMBL239_EC50,morgan,xgboost,42,label_permuted,calibration,1.1025028408645394,0.04221862927079201,0.37999963760375977,217
CHEMBL239_EC50,morgan,xgboost,42,label_permuted,test,1.111513199505186,0.03750884160399437,0.30162978172302246,152
CHEMBL239_EC50,morgan,mlp,11,trained,calibration,0.7223737009660243,0.8803602457046509,5.624733924865723,217
CHEMBL239_EC50,morgan,mlp,11,trained,test,0.9394031281362116,0.7731910943984985,4.283848762512207,152
CHEMBL239_EC50,morgan,mlp,11,label_permuted,calibration,1.099950652749564,0.13465651869773865,0.8659946918487549,217
CHEMBL239_EC50,morgan,mlp,11,label_permuted,test,1.1198281511380932,0.15566173195838928,0.7910003662109375,152
CHEMBL239_EC50,morgan,mlp,23,trained,calibration,0.7082504382901329,0.8761591911315918,5.733732223510742,217
CHEMBL239_EC50,morgan,mlp,23,trained,test,0.9366467725829016,0.7785728573799133,4.374631881713867,152
CHEMBL239_EC50,morgan,mlp,23,label_permuted,calibration,1.0924994813058002,0.16649745404720306,0.8560311794281006,217
CHEMBL239_EC50,morgan,mlp,23,label_permuted,test,1.0840953873159611,0.17400182783603668,0.8849999904632568,152
CHEMBL239_EC50,morgan,mlp,42,trained,calibration,0.7110476565693187,0.8740377426147461,5.784637451171875,217
CHEMBL239_EC50,morgan,mlp,42,trained,test,0.9465366665528588,0.7273885607719421,4.181962966918945,152
CHEMBL239_EC50,morgan,mlp,42,label_permuted,calibration,1.1516598498579258,0.18148845434188843,1.0731093883514404,217
CHEMBL239_EC50,morgan,mlp,42,label_permuted,test,1.0970345905417722,0.12846611440181732,0.7830634117126465,152
CHEMBL244_Ki,morgan,xgboost,11,trained,calibration,0.9878994351164246,1.1991981267929077,6.31181526184082,446
CHEMBL244_Ki,morgan,xgboost,11,trained,test,0.8369489237447462,1.5635204315185547,5.753883361816406,395
CHEMBL244_Ki,morgan,xgboost,11,label_permuted,calibration,1.5331122304615523,0.22414030134677887,1.4631538391113281,446
CHEMBL244_Ki,morgan,xgboost,11,label_permuted,test,1.7924710249853377,0.21088807284832,1.6274574995040894,395
CHEMBL244_Ki,morgan,xgboost,23,trained,calibration,1.007423384903083,1.207839846611023,6.318090438842773,446
CHEMBL244_Ki,morgan,xgboost,23,trained,test,0.8330038412699338,1.5353869199752808,5.725556373596191,395
CHEMBL244_Ki,morgan,xgboost,23,label_permuted,calibration,1.529522368857058,0.04175925999879837,0.42266058921813965,446
CHEMBL244_Ki,morgan,xgboost,23,label_permuted,test,1.8224780908426752,0.035053741186857224,0.30569231510162354,395
CHEMBL244_Ki,morgan,xgboost,42,trained,calibration,1.0042662809883582,1.1781296730041504,6.025390625,446
CHEMBL244_Ki,morgan,xgboost,42,trained,test,0.8360356424778292,1.5384669303894043,5.842001914978027,395
CHEMBL244_Ki,morgan,xgboost,42,label_permuted,calibration,1.5107809307158415,0.08562669157981873,0.5128376483917236,446
CHEMBL244_Ki,morgan,xgboost,42,label_permuted,test,1.7756932234690488,0.08266210556030273,0.725704550743103,395
CHEMBL244_Ki,morgan,mlp,11,trained,calibration,0.9775035443936844,1.2103978395462036,6.169661045074463,446
CHEMBL244_Ki,morgan,mlp,11,trained,test,0.8504793119992411,1.4897311925888062,5.905584335327148,395
CHEMBL244_Ki,morgan,mlp,11,label_permuted,calibration,1.562706971765693,0.4703174829483032,2.9571516513824463,446
CHEMBL244_Ki,morgan,mlp,11,label_permuted,test,1.7990951091440985,0.4256165325641632,2.5869767665863037,395
CHEMBL244_Ki,morgan,mlp,23,trained,calibration,0.9654256324752363,1.0856401920318604,5.92503547668457,446
CHEMBL244_Ki,morgan,mlp,23,trained,test,0.8741181902964537,1.3952564001083374,5.342581748962402,395
CHEMBL244_Ki,morgan,mlp,23,label_permuted,calibration,1.5599440459462495,0.19804923236370087,1.7527735233306885,446
CHEMBL244_Ki,morgan,mlp,23,label_permuted,test,1.8783836986329925,0.19371166825294495,1.4857571125030518,395
CHEMBL244_Ki,morgan,mlp,42,trained,calibration,0.9652119293134926,1.1172043085098267,5.779625415802002,446
CHEMBL244_Ki,morgan,mlp,42,trained,test,0.8686635283103378,1.4134984016418457,5.438277244567871,395
CHEMBL244_Ki,morgan,mlp,42,label_permuted,calibration,1.547977247460306,0.19406770169734955,1.2527185678482056,446
CHEMBL244_Ki,morgan,mlp,42,label_permuted,test,1.7854634026991227,0.1973351240158081,1.6055171489715576,395
CHEMBL262_Ki,morgan,xgboost,11,trained,calibration,0.8832175414348378,0.46477174758911133,2.122673511505127,34
CHEMBL262_Ki,morgan,xgboost,11,trained,test,0.8627870621017575,0.6352781057357788,2.1378726959228516,57
CHEMBL262_Ki,morgan,xgboost,11,label_permuted,calibration,1.194073951664281,0.20434139668941498,0.9610772132873535,34
CHEMBL262_Ki,morgan,xgboost,11,label_permuted,test,1.2948625876086521,0.21954286098480225,1.1346194744110107,57
CHEMBL262_Ki,morgan,xgboost,23,trained,calibration,0.8808096387401598,0.5340663194656372,2.7559263706207275,34
CHEMBL262_Ki,morgan,xgboost,23,trained,test,0.8624216002615819,0.6536270380020142,2.4688427448272705,57
CHEMBL262_Ki,morgan,xgboost,23,label_permuted,calibration,1.0987603550098601,0.013984568417072296,0.08276963233947754,34
CHEMBL262_Ki,morgan,xgboost,23,label_permuted,test,1.2448768054571004,0.01688659004867077,0.08276963233947754,57
CHEMBL262_Ki,morgan,xgboost,42,trained,calibration,0.8942009595094096,0.5303053855895996,2.6200079917907715,34
CHEMBL262_Ki,morgan,xgboost,42,trained,test,0.888821432083922,0.6914395689964294,2.570150852203369,57
CHEMBL262_Ki,morgan,xgboost,42,label_permuted,calibration,1.0843726760003858,0.101402148604393,0.4645054340362549,34
CHEMBL262_Ki,morgan,xgboost,42,label_permuted,test,1.2701908686778611,0.08044958859682083,0.394258975982666,57
CHEMBL262_Ki,morgan,mlp,11,trained,calibration,0.9744045676883036,0.6513524055480957,2.851518392562866,34
CHEMBL262_Ki,morgan,mlp,11,trained,test,0.8957443340951695,0.7670151591300964,3.380514621734619,57
CHEMBL262_Ki,morgan,mlp,11,label_permuted,calibration,1.1557525389435293,0.2310754805803299,0.8876092433929443,34
CHEMBL262_Ki,morgan,mlp,11,label_permuted,test,1.238200284314512,0.18013595044612885,0.8272936344146729,57
CHEMBL262_Ki,morgan,mlp,23,trained,calibration,1.033591127284176,0.6322352886199951,2.8065385818481445,34
CHEMBL262_Ki,morgan,mlp,23,trained,test,0.9313491589283188,0.6321364641189575,2.8011362552642822,57
CHEMBL262_Ki,morgan,mlp,23,label_permuted,calibration,1.1449683074229835,0.19614483416080475,0.8781752586364746,34
CHEMBL262_Ki,morgan,mlp,23,label_permuted,test,1.2493663135281936,0.13099656999111176,0.6031951904296875,57
CHEMBL262_Ki,morgan,mlp,42,trained,calibration,0.9910211691515229,0.8326563835144043,3.965834617614746,34
CHEMBL262_Ki,morgan,mlp,42,trained,test,0.8679540184824125,0.8830084204673767,3.8964695930480957,57
CHEMBL262_Ki,morgan,mlp,42,label_permuted,calibration,1.103691478659647,0.0973881259560585,0.576021671295166,34
CHEMBL262_Ki,morgan,mlp,42,label_permuted,test,1.2243606339099138,0.07557600736618042,0.34914231300354004,57
CHEMBL264_Ki,morgan,xgboost,11,trained,calibration,0.7044363085882478,0.7348529100418091,4.3385515213012695,317
CHEMBL264_Ki,morgan,xgboost,11,trained,test,0.7985331543361655,0.5086780190467834,2.822939157485962,236
CHEMBL264_Ki,morgan,xgboost,11,label_permuted,calibration,1.0630130090321195,0.009754695929586887,0.08157360553741455,317
CHEMBL264_Ki,morgan,xgboost,11,label_permuted,test,1.0020057114154732,0.012218492105603218,0.1619417667388916,236
CHEMBL264_Ki,morgan,xgboost,23,trained,calibration,0.711674151399846,0.7394456267356873,4.419252872467041,317
CHEMBL264_Ki,morgan,xgboost,23,trained,test,0.7965957675959318,0.5043175220489502,3.0288476943969727,236
CHEMBL264_Ki,morgan,xgboost,23,label_permuted,calibration,1.069460564584052,0.03840196132659912,0.4174567461013794,317
CHEMBL264_Ki,morgan,xgboost,23,label_permuted,test,1.0048546967868852,0.0314086489379406,0.31030893325805664,236
CHEMBL264_Ki,morgan,xgboost,42,trained,calibration,0.7097862479993315,0.7373529076576233,4.488256931304932,317
CHEMBL264_Ki,morgan,xgboost,42,trained,test,0.7981524979672064,0.5308641195297241,3.1383748054504395,236
CHEMBL264_Ki,morgan,xgboost,42,label_permuted,calibration,1.0675634456425094,0.09456773847341537,0.7367017269134521,317
CHEMBL264_Ki,morgan,xgboost,42,label_permuted,test,1.0080875346724365,0.0922640934586525,0.5433617830276489,236
CHEMBL264_Ki,morgan,mlp,11,trained,calibration,0.7197972422124844,0.7939643263816833,4.333827018737793,317
CHEMBL264_Ki,morgan,mlp,11,trained,test,0.7136304387098995,0.6402871608734131,3.2841315269470215,236
CHEMBL264_Ki,morgan,mlp,11,label_permuted,calibration,1.0938836697232792,0.1994616985321045,1.24068284034729,317
CHEMBL264_Ki,morgan,mlp,11,label_permuted,test,1.0213728601332666,0.18644051253795624,1.2613255977630615,236
CHEMBL264_Ki,morgan,mlp,23,trained,calibration,0.735827288302183,0.8088200092315674,4.381414890289307,317
CHEMBL264_Ki,morgan,mlp,23,trained,test,0.7256196580241707,0.6606271862983704,3.456958293914795,236
CHEMBL264_Ki,morgan,mlp,23,label_permuted,calibration,1.056199466467103,0.19956015050411224,1.279345989227295,317
CHEMBL264_Ki,morgan,mlp,23,label_permuted,test,1.0326293044139667,0.16562962532043457,1.1253129243850708,236
CHEMBL264_Ki,morgan,mlp,42,trained,calibration,0.7174000709674035,0.811654806137085,4.471596717834473,317
CHEMBL264_Ki,morgan,mlp,42,trained,test,0.7221842281014883,0.7303221225738525,4.890599250793457,236
CHEMBL264_Ki,morgan,mlp,42,label_permuted,calibration,1.0865548663657008,0.1637672781944275,0.9408989548683167,317
CHEMBL264_Ki,morgan,mlp,42,label_permuted,test,1.0207904625019577,0.1769244521856308,1.1822288036346436,236
CHEMBL2835_Ki,morgan,xgboost,11,trained,calibration,1.0055657115503027,0.7396684288978577,2.088890552520752,15
CHEMBL2835_Ki,morgan,xgboost,11,trained,test,0.9269754296989888,0.6224583387374878,2.2139599323272705,16
CHEMBL2835_Ki,morgan,xgboost,11,label_permuted,calibration,1.5404074741646778,0.2908477187156677,0.9361200332641602,15
CHEMBL2835_Ki,morgan,xgboost,11,label_permuted,test,1.182749733714588,0.2235487401485443,0.8617901802062988,16
CHEMBL2835_Ki,morgan,xgboost,23,trained,calibration,1.0217792384456295,0.6738420128822327,1.8413969278335571,15
CHEMBL2835_Ki,morgan,xgboost,23,trained,test,0.876395067077989,0.6002209782600403,2.1106951236724854,16
CHEMBL2835_Ki,morgan,xgboost,23,label_permuted,calibration,1.451693085708544,0.026162881404161453,0.08633917570114136,15
CHEMBL2835_Ki,morgan,xgboost,23,label_permuted,test,1.0934786323688848,0.017345191910862923,0.07217508554458618,16
CHEMBL2835_Ki,morgan,xgboost,42,trained,calibration,0.9952762315690615,0.6830133199691772,1.9363987445831299,15
CHEMBL2835_Ki,morgan,xgboost,42,trained,test,0.9058152175280336,0.5759920477867126,2.108628034591675,16
CHEMBL2835_Ki,morgan,xgboost,42,label_permuted,calibration,1.4628822316233263,0.10220547020435333,0.328533798456192,15
CHEMBL2835_Ki,morgan,xgboost,42,label_permuted,test,1.0776816299544971,0.12289661169052124,0.41215798258781433,16
CHEMBL2835_Ki,morgan,mlp,11,trained,calibration,0.8606661720372952,0.7783541679382324,2.699582576751709,15
CHEMBL2835_Ki,morgan,mlp,11,trained,test,0.7295830809155051,0.646772027015686,2.4317870140075684,16
CHEMBL2835_Ki,morgan,mlp,11,label_permuted,calibration,1.478062024700484,0.47062772512435913,1.7671353816986084,15
CHEMBL2835_Ki,morgan,mlp,11,label_permuted,test,1.20626668572621,0.6310717463493347,2.4574851989746094,16
CHEMBL2835_Ki,morgan,mlp,23,trained,calibration,0.791796414300364,0.8027802109718323,2.791898250579834,15
CHEMBL2835_Ki,morgan,mlp,23,trained,test,0.779916005869573,0.6446780562400818,2.328726291656494,16
CHEMBL2835_Ki,morgan,mlp,23,label_permuted,calibration,1.3860333965373395,0.1304236352443695,0.47075605392456055,15
CHEMBL2835_Ki,morgan,mlp,23,label_permuted,test,1.10942792094629,0.11963744461536407,0.47504663467407227,16
CHEMBL2835_Ki,morgan,mlp,42,trained,calibration,0.796920662861913,0.821323812007904,2.85155987739563,15
CHEMBL2835_Ki,morgan,mlp,42,trained,test,0.7871271325467636,0.6868016719818115,2.3727633953094482,16
CHEMBL2835_Ki,morgan,mlp,42,label_permuted,calibration,1.3952889828125807,0.43692830204963684,1.7529451847076416,15
CHEMBL2835_Ki,morgan,mlp,42,label_permuted,test,1.1871738487878634,0.5295172929763794,2.0488195419311523,16
CHEMBL287_Ki,morgan,xgboost,11,trained,calibration,0.8403108938818209,0.7080830931663513,3.5319314002990723,174
CHEMBL287_Ki,morgan,xgboost,11,trained,test,0.9003903602053569,0.6412408947944641,3.024984836578369,116
CHEMBL287_Ki,morgan,xgboost,11,label_permuted,calibration,1.1412199376169365,0.031973179429769516,0.12507987022399902,174
CHEMBL287_Ki,morgan,xgboost,11,label_permuted,test,1.1955276993654105,0.015156482346355915,0.08961546421051025,116
CHEMBL287_Ki,morgan,xgboost,23,trained,calibration,0.8422291081895488,0.6461739540100098,3.038393974304199,174
CHEMBL287_Ki,morgan,xgboost,23,trained,test,0.8915449377256268,0.5745377540588379,2.8031370639801025,116
CHEMBL287_Ki,morgan,xgboost,23,label_permuted,calibration,1.1569862599096896,0.042180631309747696,0.4810450077056885,174
CHEMBL287_Ki,morgan,xgboost,23,label_permuted,test,1.213479653057815,0.03569450229406357,0.38102197647094727,116
CHEMBL287_Ki,morgan,xgboost,42,trained,calibration,0.8443221871824672,0.6575263142585754,3.1124610900878906,174
CHEMBL287_Ki,morgan,xgboost,42,trained,test,0.908880592260783,0.5806001424789429,2.558384418487549,116
CHEMBL287_Ki,morgan,xgboost,42,label_permuted,calibration,1.1703223051060225,0.09459736198186874,0.6306478977203369,174
CHEMBL287_Ki,morgan,xgboost,42,label_permuted,test,1.2155176483059391,0.09134210646152496,0.9176463484764099,116
CHEMBL287_Ki,morgan,mlp,11,trained,calibration,0.806077626749761,0.8198961615562439,3.7300949096679688,174
CHEMBL287_Ki,morgan,mlp,11,trained,test,0.8172327266161792,0.7459573149681091,3.819545269012451,116
CHEMBL287_Ki,morgan,mlp,11,label_permuted,calibration,1.1725839631980333,0.15310655534267426,0.9260704517364502,174
CHEMBL287_Ki,morgan,mlp,11,label_permuted,test,1.2463382014798217,0.11776028573513031,0.7362712621688843,116
CHEMBL287_Ki,morgan,mlp,23,trained,calibration,0.801114157351103,0.8233694434165955,3.8685927391052246,174
CHEMBL287_Ki,morgan,mlp,23,trained,test,0.796913295648435,0.7435108423233032,3.555190086364746,116
CHEMBL287_Ki,morgan,mlp,23,label_permuted,calibration,1.1680923447552658,0.11978070437908173,0.9437050819396973,174
CHEMBL287_Ki,morgan,mlp,23,label_permuted,test,1.194595171538551,0.13930287957191467,0.9337198734283447,116
CHEMBL287_Ki,morgan,mlp,42,trained,calibration,0.8130205027750448,0.789501965045929,4.050374984741211,174
CHEMBL287_Ki,morgan,mlp,42,trained,test,0.8222191224347642,0.6903494000434875,3.362607955932617,116
CHEMBL287_Ki,morgan,mlp,42,label_permuted,calibration,1.1922774334705144,0.19047722220420837,0.890944242477417,174
CHEMBL287_Ki,morgan,mlp,42,label_permuted,test,1.1805199218807518,0.15057994425296783,0.9762558937072754,116
CHEMBL2971_Ki,morgan,xgboost,11,trained,calibration,0.7518360393573849,0.8925054669380188,2.822810411453247,30
CHEMBL2971_Ki,morgan,xgboost,11,trained,test,0.6699096189217468,0.7557479739189148,2.4907820224761963,53
CHEMBL2971_Ki,morgan,xgboost,11,label_permuted,calibration,1.230323516509576,2.384185791015625e-07,0.0,30
CHEMBL2971_Ki,morgan,xgboost,11,label_permuted,test,1.1770378824196785,0.011654632166028023,0.11094009876251221,53
CHEMBL2971_Ki,morgan,xgboost,23,trained,calibration,0.7617622949918154,0.9481543302536011,2.896306037902832,30
CHEMBL2971_Ki,morgan,xgboost,23,trained,test,0.6447344604119379,0.8251089453697205,2.7457940578460693,53
CHEMBL2971_Ki,morgan,xgboost,23,label_permuted,calibration,1.2304442388121657,0.08528146892786026,0.41783255338668823,30
CHEMBL2971_Ki,morgan,xgboost,23,label_permuted,test,1.1767539123217265,0.15121668577194214,1.0336692333221436,53
CHEMBL2971_Ki,morgan,xgboost,42,trained,calibration,0.7393854351065107,0.9461223483085632,2.8651232719421387,30
CHEMBL2971_Ki,morgan,xgboost,42,trained,test,0.6466636524384176,0.8098295331001282,2.696162462234497,53
CHEMBL2971_Ki,morgan,xgboost,42,label_permuted,calibration,1.2442370127375117,0.22873082756996155,0.8831573724746704,30
CHEMBL2971_Ki,morgan,xgboost,42,label_permuted,test,1.1881983360040016,0.2564256191253662,1.647080421447754,53
CHEMBL2971_Ki,morgan,mlp,11,trained,calibration,0.7410108776272257,0.9564480185508728,3.907778024673462,30
CHEMBL2971_Ki,morgan,mlp,11,trained,test,0.6657252643629805,0.8958359956741333,3.4849283695220947,53
CHEMBL2971_Ki,morgan,mlp,11,label_permuted,calibration,1.2435361630435189,0.1846267431974411,0.6955713033676147,30
CHEMBL2971_Ki,morgan,mlp,11,label_permuted,test,1.241016387699074,0.1754547357559204,0.7601200342178345,53
CHEMBL2971_Ki,morgan,mlp,23,trained,calibration,0.7564016363534722,0.9365394711494446,3.258769989013672,30
CHEMBL2971_Ki,morgan,mlp,23,trained,test,0.663877887869666,0.7654502987861633,3.433443069458008,53
CHEMBL2971_Ki,morgan,mlp,23,label_permuted,calibration,1.3118485241708597,0.2247806340456009,0.8745266795158386,30
CHEMBL2971_Ki,morgan,mlp,23,label_permuted,test,1.2353874593351744,0.16124548017978668,0.8077546954154968,53
CHEMBL2971_Ki,morgan,mlp,42,trained,calibration,0.7440306414529159,0.9984257817268372,3.7328696250915527,30
CHEMBL2971_Ki,morgan,mlp,42,trained,test,0.6698653305702618,0.8505032658576965,3.9173598289489746,53
CHEMBL2971_Ki,morgan,mlp,42,label_permuted,calibration,1.3711693463039463,0.3430911600589752,1.4381320476531982,30
CHEMBL2971_Ki,morgan,mlp,42,label_permuted,test,1.191367527066669,0.37768709659576416,1.6721268892288208,53
CHEMBL3979_EC50,morgan,xgboost,11,trained,calibration,0.8098379320910508,0.8137589693069458,3.094465732574463,120
CHEMBL3979_EC50,morgan,xgboost,11,trained,test,0.7248932315870904,0.8073132634162903,2.972169876098633,67
CHEMBL3979_EC50,morgan,xgboost,11,label_permuted,calibration,1.1518866715484128,0.10974998772144318,0.5259006023406982,120
CHEMBL3979_EC50,morgan,xgboost,11,label_permuted,test,1.0679387409986383,0.05495012179017067,0.2979719638824463,67
CHEMBL3979_EC50,morgan,xgboost,23,trained,calibration,0.8004942216753969,0.7936074733734131,2.976010799407959,120
CHEMBL3979_EC50,morgan,xgboost,23,trained,test,0.7294169314376099,0.7940170168876648,2.950961112976074,67
CHEMBL3979_EC50,morgan,xgboost,23,label_permuted,calibration,1.1180297237805603,0.1081521213054657,0.597740888595581,120
CHEMBL3979_EC50,morgan,xgboost,23,label_permuted,test,1.0766166972344322,0.13416749238967896,0.5643482208251953,67
CHEMBL3979_EC50,morgan,xgboost,42,trained,calibration,0.7911138402929568,0.8326077461242676,3.0528135299682617,120
CHEMBL3979_EC50,morgan,xgboost,42,trained,test,0.7513836177876864,0.7996742129325867,2.9509189128875732,67
CHEMBL3979_EC50,morgan,xgboost,42,label_permuted,calibration,1.108687335440068,0.01762966625392437,0.11293435096740723,120
CHEMBL3979_EC50,morgan,xgboost,42,label_permuted,test,1.0685112826010952,0.02924436330795288,0.1995556354522705,67
CHEMBL3979_EC50,morgan,mlp,11,trained,calibration,0.7433359596465491,0.7802407145500183,3.1184749603271484,120
CHEMBL3979_EC50,morgan,mlp,11,trained,test,0.7256222455270617,0.8643750548362732,3.1989665031433105,67
CHEMBL3979_EC50,morgan,mlp,11,label_permuted,calibration,1.1804159580546814,0.12858590483665466,0.732656717300415,120
CHEMBL3979_EC50,morgan,mlp,11,label_permuted,test,1.0873860091176026,0.12001259624958038,0.5300917625427246,67
CHEMBL3979_EC50,morgan,mlp,23,trained,calibration,0.7668129793439693,0.8011243343353271,3.161418914794922,120
CHEMBL3979_EC50,morgan,mlp,23,trained,test,0.7480386678778324,0.9137485027313232,3.224952220916748,67
CHEMBL3979_EC50,morgan,mlp,23,label_permuted,calibration,1.1199433807979926,0.12315840274095535,0.7140448093414307,120
CHEMBL3979_EC50,morgan,mlp,23,label_permuted,test,1.0551917671994464,0.13792628049850464,0.7689294815063477,67
CHEMBL3979_EC50,morgan,mlp,42,trained,calibration,0.7658168396680096,0.7759055495262146,3.290739059448242,120
CHEMBL3979_EC50,morgan,mlp,42,trained,test,0.7835053885663493,0.9193748235702515,3.3825719356536865,67
CHEMBL3979_EC50,morgan,mlp,42,label_permuted,calibration,1.104693676878671,0.18798226118087769,0.8295896053314209,120
CHEMBL3979_EC50,morgan,mlp,42,label_permuted,test,1.1345176754176027,0.21353943645954132,1.1403601169586182,67
CHEMBL4005_Ki,morgan,xgboost,11,trained,calibration,0.7265929759207133,0.8890146017074585,3.4498891830444336,59
CHEMBL4005_Ki,morgan,xgboost,11,trained,test,0.7142310930552918,0.8017982244491577,3.573453664779663,116
CHEMBL4005_Ki,morgan,xgboost,11,label_permuted,calibration,1.0435596749388059,0.25646355748176575,1.1045199632644653,59
CHEMBL4005_Ki,morgan,xgboost,11,label_permuted,test,1.1605395573321446,0.5397140979766846,2.8378729820251465,116
CHEMBL4005_Ki,morgan,xgboost,23,trained,calibration,0.7240900198917887,0.9123611450195312,3.5703535079956055,59
CHEMBL4005_Ki,morgan,xgboost,23,trained,test,0.7062331906571654,0.815178632736206,3.600613594055176,116
CHEMBL4005_Ki,morgan,xgboost,23,label_permuted,calibration,1.207449781822865,0.22226345539093018,1.0603266954421997,59
CHEMBL4005_Ki,morgan,xgboost,23,label_permuted,test,1.1941386424039755,0.2420455664396286,1.4691941738128662,116
CHEMBL4005_Ki,morgan,xgboost,42,trained,calibration,0.6852213638317745,0.932682454586029,3.7232184410095215,59
CHEMBL4005_Ki,morgan,xgboost,42,trained,test,0.6963524488619547,0.8768957853317261,3.6259284019470215,116
CHEMBL4005_Ki,morgan,xgboost,42,label_permuted,calibration,1.1253239906866344,0.11915508657693863,1.084578514099121,59
CHEMBL4005_Ki,morgan,xgboost,42,label_permuted,test,1.1695010235485541,0.07953652739524841,0.7729598879814148,116
CHEMBL4005_Ki,morgan,mlp,11,trained,calibration,0.6976017929643592,0.8155489563941956,3.8342974185943604,59
CHEMBL4005_Ki,morgan,mlp,11,trained,test,0.7232039979004493,0.8216249346733093,3.4903488159179688,116
CHEMBL4005_Ki,morgan,mlp,11,label_permuted,calibration,1.1632017499147078,0.410552054643631,1.9372906684875488,59
CHEMBL4005_Ki,morgan,mlp,11,label_permuted,test,1.2033056643696114,0.4969260096549988,2.8544654846191406,116
CHEMBL4005_Ki,morgan,mlp,23,trained,calibration,0.6724084687960251,0.7570441365242004,3.6799793243408203,59
CHEMBL4005_Ki,morgan,mlp,23,trained,test,0.7669382704397602,0.7340048551559448,3.379854202270508,116
CHEMBL4005_Ki,morgan,mlp,23,label_permuted,calibration,1.468912724347876,0.6822545528411865,3.530460834503174,59
CHEMBL4005_Ki,morgan,mlp,23,label_permuted,test,1.3524770564109325,0.678445041179657,3.525348663330078,116
CHEMBL4005_Ki,morgan,mlp,42,trained,calibration,0.6892891059272501,0.7994539141654968,3.5983433723449707,59
CHEMBL4005_Ki,morgan,mlp,42,trained,test,0.7550937214842572,0.776669442653656,3.3891568183898926,116
CHEMBL4005_Ki,morgan,mlp,42,label_permuted,calibration,1.1349259754022019,0.13702352344989777,0.5814709663391113,59
CHEMBL4005_Ki,morgan,mlp,42,label_permuted,test,1.1845101312129183,0.11773461103439331,0.7540823221206665,116
CHEMBL4203_Ki,morgan,xgboost,11,trained,calibration,0.6809159938712603,0.7849289774894714,2.641019105911255,13
CHEMBL4203_Ki,morgan,xgboost,11,trained,test,1.0499192002406645,0.5428808927536011,2.267061233520508,18
CHEMBL4203_Ki,morgan,xgboost,11,label_permuted,calibration,1.3923317368924193,0.4516567289829254,1.6093416213989258,13
CHEMBL4203_Ki,morgan,xgboost,11,label_permuted,test,1.2938069280363713,0.41644516587257385,1.9056880474090576,18
CHEMBL4203_Ki,morgan,xgboost,23,trained,calibration,0.703885239637925,0.7492391467094421,2.527439594268799,13
CHEMBL4203_Ki,morgan,xgboost,23,trained,test,1.019458227356037,0.5753285884857178,2.4116506576538086,18
CHEMBL4203_Ki,morgan,xgboost,23,label_permuted,calibration,1.1159427884760913,0.11970556527376175,0.5127904415130615,13
CHEMBL4203_Ki,morgan,xgboost,23,label_permuted,test,1.345886173726619,0.1556205302476883,0.7324137687683105,18
CHEMBL4203_Ki,morgan,xgboost,42,trained,calibration,0.6749611657945472,0.8418726921081543,2.873607635498047,13
CHEMBL4203_Ki,morgan,xgboost,42,trained,test,1.0406119474674973,0.5907477736473083,2.417886734008789,18
CHEMBL4203_Ki,morgan,xgboost,42,label_permuted,calibration,1.2552389033012648,0.21087636053562164,0.895031213760376,13
CHEMBL4203_Ki,morgan,xgboost,42,label_permuted,test,1.432383429159844,0.17467425763607025,0.5706768035888672,18
CHEMBL4203_Ki,morgan,mlp,11,trained,calibration,0.712987647574216,0.9034830331802368,3.4203033447265625,13
CHEMBL4203_Ki,morgan,mlp,11,trained,test,0.9831584497425173,0.6249577403068542,2.490809440612793,18
CHEMBL4203_Ki,morgan,mlp,11,label_permuted,calibration,1.5153448888173344,0.6919307112693787,2.8810818195343018,13
CHEMBL4203_Ki,morgan,mlp,11,label_permuted,test,1.3214754479242332,0.6518511772155762,2.6374149322509766,18
CHEMBL4203_Ki,morgan,mlp,23,trained,calibration,0.7053303782470878,0.9226856827735901,3.4907469749450684,13
CHEMBL4203_Ki,morgan,mlp,23,trained,test,1.007013699280216,0.6391706466674805,2.5722694396972656,18
CHEMBL4203_Ki,morgan,mlp,23,label_permuted,calibration,1.2386691090707205,0.2471708357334137,0.8363939523696899,13
CHEMBL4203_Ki,morgan,mlp,23,label_permuted,test,1.3615813054083432,0.2846321761608124,0.9979994297027588,18
CHEMBL4203_Ki,morgan,mlp,42,trained,calibration,0.7019599799584098,0.8633908629417419,3.33270525932312,13
CHEMBL4203_Ki,morgan,mlp,42,trained,test,1.0792637767818172,0.5874801874160767,2.11855149269104,18
CHEMBL4203_Ki,morgan,mlp,42,label_permuted,calibration,1.1990626230406332,0.3671848475933075,1.4295454025268555,13
CHEMBL4203_Ki,morgan,mlp,42,label_permuted,test,1.638310862115769,0.6919500827789307,2.627819061279297,18
CHEMBL4616_EC50,morgan,xgboost,11,trained,calibration,0.7612807750901641,0.36808085441589355,2.9112048149108887,182
CHEMBL4616_EC50,morgan,xgboost,11,trained,test,0.9109049325031975,0.3818999230861664,1.5480151176452637,68
CHEMBL4616_EC50,morgan,xgboost,11,label_permuted,calibration,0.8185515621911152,0.07742742449045181,0.4877586364746094,182
CHEMBL4616_EC50,morgan,xgboost,11,label_permuted,test,0.980836533341634,0.09499025344848633,0.32905077934265137,68
CHEMBL4616_EC50,morgan,xgboost,23,trained,calibration,0.7669669088613472,0.41664913296699524,3.4612722396850586,182
CHEMBL4616_EC50,morgan,xgboost,23,trained,test,0.9323285839649498,0.37087151408195496,1.7706077098846436,68
CHEMBL4616_EC50,morgan,xgboost,23,label_permuted,calibration,0.8144403909469887,0.09548936039209366,0.42885124683380127,182
CHEMBL4616_EC50,morgan,xgboost,23,label_permuted,test,0.9971015768352203,0.07245948910713196,0.2823907136917114,68
CHEMBL4616_EC50,morgan,xgboost,42,trained,calibration,0.7558044886806794,0.38440659642219543,3.065352439880371,182
CHEMBL4616_EC50,morgan,xgboost,42,trained,test,0.9256925258694495,0.3405832052230835,1.494136095046997,68
CHEMBL4616_EC50,morgan,xgboost,42,label_permuted,calibration,0.8379378227687945,0.18103960156440735,1.076222538948059,182
CHEMBL4616_EC50,morgan,xgboost,42,label_permuted,test,1.0097421905336474,0.1945052444934845,0.8726581335067749,68
CHEMBL4616_EC50,morgan,mlp,11,trained,calibration,0.7272648851557059,0.5246336460113525,4.587707042694092,182
CHEMBL4616_EC50,morgan,mlp,11,trained,test,0.9801883372511399,0.6308348178863525,2.178105354309082,68
CHEMBL4616_EC50,morgan,mlp,11,label_permuted,calibration,0.8117916614143684,0.0923076719045639,0.47906816005706787,182
CHEMBL4616_EC50,morgan,mlp,11,label_permuted,test,0.9871035407754013,0.1190071776509285,0.5004510879516602,68
CHEMBL4616_EC50,morgan,mlp,23,trained,calibration,0.735432006164452,0.5047863721847534,4.401270389556885,182
CHEMBL4616_EC50,morgan,mlp,23,trained,test,0.9500694073870836,0.5851026177406311,2.092583656311035,68
CHEMBL4616_EC50,morgan,mlp,23,label_permuted,calibration,0.834625962194414,0.09518732875585556,0.4967232942581177,182
CHEMBL4616_EC50,morgan,mlp,23,label_permuted,test,1.0007307243844623,0.13608863949775696,0.5674864649772644,68
CHEMBL4616_EC50,morgan,mlp,42,trained,calibration,0.7471978371677709,0.520129382610321,4.771157264709473,182
CHEMBL4616_EC50,morgan,mlp,42,trained,test,0.9831515990173594,0.6046692132949829,2.2729127407073975,68
CHEMBL4616_EC50,morgan,mlp,42,label_permuted,calibration,0.8573372697037802,0.2264024019241333,1.0502727031707764,182
CHEMBL4616_EC50,morgan,mlp,42,label_permuted,test,1.06279290593701,0.229514017701149,1.1910004615783691,68
CHEMBL4792_Ki,morgan,xgboost,11,trained,calibration,0.9026775981061798,0.9829427599906921,4.2269086837768555,179
CHEMBL4792_Ki,morgan,xgboost,11,trained,test,0.6359443167431241,0.9881042838096619,3.7541913986206055,146
CHEMBL4792_Ki,morgan,xgboost,11,label_permuted,calibration,1.3503133480790628,0.007183190900832415,0.08251500129699707,179
CHEMBL4792_Ki,morgan,xgboost,11,label_permuted,test,1.1465018431910303,0.010234536603093147,0.1272592544555664,146
CHEMBL4792_Ki,morgan,xgboost,23,trained,calibration,0.9038743418186151,0.9777846932411194,4.357394695281982,179
CHEMBL4792_Ki,morgan,xgboost,23,trained,test,0.6323640199602684,1.0037422180175781,3.7914910316467285,146
CHEMBL4792_Ki,morgan,xgboost,23,label_permuted,calibration,1.3273401072846756,0.10931449383497238,0.6687233448028564,179
CHEMBL4792_Ki,morgan,xgboost,23,label_permuted,test,1.1493195759871109,0.13475440442562103,0.771844744682312,146
CHEMBL4792_Ki,morgan,xgboost,42,trained,calibration,0.8899145136721207,0.9768821597099304,4.0262603759765625,179
CHEMBL4792_Ki,morgan,xgboost,42,trained,test,0.6435996981959705,0.9825951457023621,3.760866165161133,146
CHEMBL4792_Ki,morgan,xgboost,42,label_permuted,calibration,1.3264066912447774,0.03720013424754143,0.20572006702423096,179
CHEMBL4792_Ki,morgan,xgboost,42,label_permuted,test,1.1397126612018311,0.01438385434448719,0.1166374683380127,146
CHEMBL4792_Ki,morgan,mlp,11,trained,calibration,0.8999318176509781,0.9133647084236145,3.9426698684692383,179
CHEMBL4792_Ki,morgan,mlp,11,trained,test,0.6791376103775624,0.8682960867881775,4.047299385070801,146
CHEMBL4792_Ki,morgan,mlp,11,label_permuted,calibration,1.4672199964733126,0.2125219851732254,1.3220046758651733,179
CHEMBL4792_Ki,morgan,mlp,11,label_permuted,test,1.2111425410770271,0.1462002843618393,0.8826571702957153,146
CHEMBL4792_Ki,morgan,mlp,23,trained,calibration,0.8897696285842694,0.8431628346443176,3.7664599418640137,179
CHEMBL4792_Ki,morgan,mlp,23,trained,test,0.6924348712068638,0.786217212677002,3.6541340351104736,146
CHEMBL4792_Ki,morgan,mlp,23,label_permuted,calibration,1.2562620665317084,0.23165303468704224,1.3297052383422852,179
CHEMBL4792_Ki,morgan,mlp,23,label_permuted,test,1.1399795064422593,0.21312929689884186,1.58562433719635,146
CHEMBL4792_Ki,morgan,mlp,42,trained,calibration,0.8969300934355048,0.9278067350387573,4.013261795043945,179
CHEMBL4792_Ki,morgan,mlp,42,trained,test,0.6765048832840473,0.8348792791366577,4.0873122215271,146
CHEMBL4792_Ki,morgan,mlp,42,label_permuted,calibration,1.2104968838310863,0.19542154669761658,1.1910104751586914,179
CHEMBL4792_Ki,morgan,mlp,42,label_permuted,test,1.0811743803537601,0.22379577159881592,1.1573840379714966,146
CHEMBL1862_Ki,molformer,xgboost,11,trained,calibration,0.9213704813793496,0.9466685056686401,3.34065580368042,47
CHEMBL1862_Ki,molformer,xgboost,11,trained,test,0.9351893878824148,0.8851890563964844,3.8282549381256104,236
CHEMBL1862_Ki,molformer,xgboost,11,label_permuted,calibration,1.7520560039818553,0.04020724445581436,0.17139804363250732,47
CHEMBL1862_Ki,molformer,xgboost,11,label_permuted,test,1.792508600232975,0.04325290769338608,0.21133923530578613,236
CHEMBL1862_Ki,molformer,xgboost,23,trained,calibration,0.9250593952492575,0.9160926938056946,3.075934410095215,47
CHEMBL1862_Ki,molformer,xgboost,23,trained,test,0.8796336575930841,0.8746248483657837,3.709618091583252,236
CHEMBL1862_Ki,molformer,xgboost,23,label_permuted,calibration,1.7386137569315463,0.12057462334632874,0.5554308891296387,47
CHEMBL1862_Ki,molformer,xgboost,23,label_permuted,test,1.8143516158996176,0.10401405394077301,0.6802245378494263,236
CHEMBL1862_Ki,molformer,xgboost,42,trained,calibration,0.925381473545927,0.9135732650756836,3.082369804382324,47
CHEMBL1862_Ki,molformer,xgboost,42,trained,test,0.9343006857213669,0.8093640804290771,3.334475517272949,236
CHEMBL1862_Ki,molformer,xgboost,42,label_permuted,calibration,1.7506566859152304,0.16463690996170044,0.6877202987670898,47
CHEMBL1862_Ki,molformer,xgboost,42,label_permuted,test,1.775435141833076,0.15794649720191956,0.8013216257095337,236
CHEMBL1862_Ki,molformer,mlp,11,trained,calibration,0.8280862403292165,1.0628491640090942,4.3078813552856445,47
CHEMBL1862_Ki,molformer,mlp,11,trained,test,0.8176256044820357,1.0468674898147583,4.257762432098389,236
CHEMBL1862_Ki,molformer,mlp,11,label_permuted,calibration,1.6803427194520986,0.12050095945596695,0.6289228200912476,47
CHEMBL1862_Ki,molformer,mlp,11,label_permuted,test,1.715076960735858,0.15260693430900574,0.7048757076263428,236
CHEMBL1862_Ki,molformer,mlp,23,trained,calibration,0.8567465727520203,0.9890270829200745,3.8297109603881836,47
CHEMBL1862_Ki,molformer,mlp,23,trained,test,0.8187402462560308,0.9373580813407898,4.00933837890625,236
CHEMBL1862_Ki,molformer,mlp,23,label_permuted,calibration,1.6773352187019228,0.1354566216468811,0.4418591260910034,47
CHEMBL1862_Ki,molformer,mlp,23,label_permuted,test,1.7558356125425594,0.1304960697889328,0.7391669750213623,236
CHEMBL1862_Ki,molformer,mlp,42,trained,calibration,0.8681447699584097,1.0151773691177368,4.117208003997803,47
CHEMBL1862_Ki,molformer,mlp,42,trained,test,0.8026808375119432,0.937716007232666,3.925196647644043,236
CHEMBL1862_Ki,molformer,mlp,42,label_permuted,calibration,1.655906425684117,0.24837517738342285,0.8879724740982056,47
CHEMBL1862_Ki,molformer,mlp,42,label_permuted,test,1.7479498980170407,0.0844234824180603,0.4787261486053467,236
CHEMBL1871_Ki,molformer,xgboost,11,trained,calibration,0.7451577031830696,0.38155457377433777,1.4462344646453857,24
CHEMBL1871_Ki,molformer,xgboost,11,trained,test,0.8153823930193785,0.6498206257820129,2.4126157760620117,57
CHEMBL1871_Ki,molformer,xgboost,11,label_permuted,calibration,0.913778538082147,0.03594367206096649,0.13567852973937988,24
CHEMBL1871_Ki,molformer,xgboost,11,label_permuted,test,1.047241317654751,0.022638242691755295,0.11638021469116211,57
CHEMBL1871_Ki,molformer,xgboost,23,trained,calibration,0.7565219941733349,0.41383665800094604,1.6753792762756348,24
CHEMBL1871_Ki,molformer,xgboost,23,trained,test,0.8013498288124012,0.6441043615341187,2.30007266998291,57
CHEMBL1871_Ki,molformer,xgboost,23,label_permuted,calibration,0.8968901204286724,0.15651835501194,0.5680922269821167,24
CHEMBL1871_Ki,molformer,xgboost,23,label_permuted,test,0.9752209107461869,0.18062223494052887,0.6579434871673584,57
CHEMBL1871_Ki,molformer,xgboost,42,trained,calibration,0.7980021938040462,0.34437721967697144,1.4167530536651611,24
CHEMBL1871_Ki,molformer,xgboost,42,trained,test,0.8241841458111848,0.6130335330963135,2.2719082832336426,57
CHEMBL1871_Ki,molformer,xgboost,42,label_permuted,calibration,0.9236247381162718,0.04188289865851402,0.14323556423187256,24
CHEMBL1871_Ki,molformer,xgboost,42,label_permuted,test,1.0518957417755581,0.03712579607963562,0.16726088523864746,57
CHEMBL1871_Ki,molformer,mlp,11,trained,calibration,0.6313426289723351,0.5204527378082275,2.0999293327331543,24
CHEMBL1871_Ki,molformer,mlp,11,trained,test,0.8668673156199669,0.7843685150146484,2.980100631713867,57
CHEMBL1871_Ki,molformer,mlp,11,label_permuted,calibration,1.010187647450323,0.21142832934856415,0.8014130592346191,24
CHEMBL1871_Ki,molformer,mlp,11,label_permuted,test,1.0736099460020292,0.154140442609787,0.5778974294662476,57
CHEMBL1871_Ki,molformer,mlp,23,trained,calibration,0.641389832187787,0.5273460745811462,2.0966796875,24
CHEMBL1871_Ki,molformer,mlp,23,trained,test,0.838533203998456,0.8256057500839233,3.1015748977661133,57
CHEMBL1871_Ki,molformer,mlp,23,label_permuted,calibration,0.9992261813247563,0.5205748677253723,2.3913707733154297,24
CHEMBL1871_Ki,molformer,mlp,23,label_permuted,test,1.0827235682134175,0.5928003191947937,2.814044713973999,57
CHEMBL1871_Ki,molformer,mlp,42,trained,calibration,0.6636088224010228,0.5788578987121582,2.3097662925720215,24
CHEMBL1871_Ki,molformer,mlp,42,trained,test,0.8555806404691384,0.8087767958641052,3.0749640464782715,57
CHEMBL1871_Ki,molformer,mlp,42,label_permuted,calibration,0.8852254922959988,0.1377270370721817,0.5978381633758545,24
CHEMBL1871_Ki,molformer,mlp,42,label_permuted,test,1.0738873889676026,0.12083031237125397,0.539820671081543,57
CHEMBL2034_Ki,molformer,xgboost,11,trained,calibration,0.943108787978713,0.3339448869228363,1.1030646562576294,38
CHEMBL2034_Ki,molformer,xgboost,11,trained,test,0.9008061904299837,0.37033870816230774,1.5431220531463623,113
CHEMBL2034_Ki,molformer,xgboost,11,label_permuted,calibration,1.01632279120116,0.024060066789388657,0.10753118991851807,38
CHEMBL2034_Ki,molformer,xgboost,11,label_permuted,test,1.0592843368579379,0.03220170736312866,0.13801050186157227,113
CHEMBL2034_Ki,molformer,xgboost,23,trained,calibration,0.9698818424365498,0.3049564063549042,1.1705918312072754,38
CHEMBL2034_Ki,molformer,xgboost,23,trained,test,0.8855285050312957,0.3635644018650055,1.446075677871704,113
CHEMBL2034_Ki,molformer,xgboost,23,label_permuted,calibration,1.0165725982380223,0.023558245971798897,0.0644679069519043,38
CHEMBL2034_Ki,molformer,xgboost,23,label_permuted,test,1.0693956889698977,0.023519769310951233,0.13235783576965332,113
CHEMBL2034_Ki,molformer,xgboost,42,trained,calibration,0.9772454887045944,0.27076730132102966,1.0556869506835938,38
CHEMBL2034_Ki,molformer,xgboost,42,trained,test,0.8955690119640569,0.331980437040329,1.2183837890625,113
CHEMBL2034_Ki,molformer,xgboost,42,label_permuted,calibration,1.0688705755558638,0.18866066634655,0.8622486591339111,38
CHEMBL2034_Ki,molformer,xgboost,42,label_permuted,test,1.0779147288616286,0.17126551270484924,0.8050022721290588,113
CHEMBL2034_Ki,molformer,mlp,11,trained,calibration,0.9111365740372347,0.5827628970146179,2.805387258529663,38
CHEMBL2034_Ki,molformer,mlp,11,trained,test,0.9990359964634742,0.9703099727630615,3.5227890014648438,113
CHEMBL2034_Ki,molformer,mlp,11,label_permuted,calibration,1.0375444035047752,0.25428828597068787,1.0590977668762207,38
CHEMBL2034_Ki,molformer,mlp,11,label_permuted,test,1.0908208589202413,0.18813815712928772,0.965613603591919,113
CHEMBL2034_Ki,molformer,mlp,23,trained,calibration,0.9428680909798929,0.607440710067749,2.808391571044922,38
CHEMBL2034_Ki,molformer,mlp,23,trained,test,1.0103661763793357,0.918976366519928,3.6265738010406494,113
CHEMBL2034_Ki,molformer,mlp,23,label_permuted,calibration,1.075240214810862,0.23814840614795685,0.7127548456192017,38
CHEMBL2034_Ki,molformer,mlp,23,label_permuted,test,1.2001603496229698,0.18909278512001038,0.8784608840942383,113
CHEMBL2034_Ki,molformer,mlp,42,trained,calibration,0.9160834248712573,0.605684220790863,2.8823838233947754,38
CHEMBL2034_Ki,molformer,mlp,42,trained,test,0.9582645177321168,0.8755523562431335,3.4846487045288086,113
CHEMBL2034_Ki,molformer,mlp,42,label_permuted,calibration,1.105213418865578,0.2519990801811218,0.9927694797515869,38
CHEMBL2034_Ki,molformer,mlp,42,label_permuted,test,1.1916349097779904,0.28643062710762024,1.1385235786437988,113
CHEMBL204_Ki,molformer,xgboost,11,trained,calibration,1.0435052984603068,0.9270818829536438,5.010379314422607,230
CHEMBL204_Ki,molformer,xgboost,11,trained,test,1.2278057527927133,0.9604465961456299,4.612955093383789,360
CHEMBL204_Ki,molformer,xgboost,11,label_permuted,calibration,1.4817737474284376,0.06017855182290077,0.3194814920425415,230
CHEMBL204_Ki,molformer,xgboost,11,label_permuted,test,1.6888804970220468,0.060865748673677444,0.4175354242324829,360
CHEMBL204_Ki,molformer,xgboost,23,trained,calibration,1.0258122621774326,0.9259994029998779,5.0720343589782715,230
CHEMBL204_Ki,molformer,xgboost,23,trained,test,1.2191441216582144,0.9726901054382324,4.473931312561035,360
CHEMBL204_Ki,molformer,xgboost,23,label_permuted,calibration,1.5100681648279186,0.12531153857707977,0.7068488597869873,230
CHEMBL204_Ki,molformer,xgboost,23,label_permuted,test,1.7160178229866914,0.1251981258392334,0.8645093441009521,360
CHEMBL204_Ki,molformer,xgboost,42,trained,calibration,1.0446887175073356,0.9428941607475281,4.950887680053711,230
CHEMBL204_Ki,molformer,xgboost,42,trained,test,1.2605714098726926,0.957619309425354,4.557304382324219,360
CHEMBL204_Ki,molformer,xgboost,42,label_permuted,calibration,1.4928049936918366,0.061371710151433945,0.46491551399230957,230
CHEMBL204_Ki,molformer,xgboost,42,label_permuted,test,1.7005354066217482,0.07104253768920898,0.4848397970199585,360
CHEMBL204_Ki,molformer,mlp,11,trained,calibration,0.9246733269051661,1.293026089668274,6.443506240844727,230
CHEMBL204_Ki,molformer,mlp,11,trained,test,1.132237255446693,1.1571177244186401,5.536947250366211,360
CHEMBL204_Ki,molformer,mlp,11,label_permuted,calibration,1.485484140512401,0.17088434100151062,0.9866716861724854,230
CHEMBL204_Ki,molformer,mlp,11,label_permuted,test,1.6365820342801607,0.1977306753396988,1.3202941417694092,360
CHEMBL204_Ki,molformer,mlp,23,trained,calibration,0.9499427953864016,1.2184979915618896,5.871907711029053,230
CHEMBL204_Ki,molformer,mlp,23,trained,test,1.0870127671657979,1.1966325044631958,5.751110076904297,360
CHEMBL204_Ki,molformer,mlp,23,label_permuted,calibration,1.602206365906913,0.2171693742275238,1.0154764652252197,230
CHEMBL204_Ki,molformer,mlp,23,label_permuted,test,1.8391626478231078,0.23757538199424744,1.2333297729492188,360
CHEMBL204_Ki,molformer,mlp,42,trained,calibration,0.9597247775262017,1.1571671962738037,5.710278511047363,230
CHEMBL204_Ki,molformer,mlp,42,trained,test,1.0688811149257194,1.1020097732543945,5.205570697784424,360
CHEMBL204_Ki,molformer,mlp,42,label_permuted,calibration,1.4904461831374864,0.14483286440372467,0.8542428016662598,230
CHEMBL204_Ki,molformer,mlp,42,label_permuted,test,1.6627015472083713,0.16876120865345,0.8226213455200195,360
CHEMBL2047_EC50,molformer,xgboost,11,trained,calibration,0.952492457132185,0.3420749604701996,1.8523404598236084,44
CHEMBL2047_EC50,molformer,xgboost,11,trained,test,0.6316004082705003,0.5168020725250244,2.291942596435547,91
CHEMBL2047_EC50,molformer,xgboost,11,label_permuted,calibration,1.0184883249668952,0.03938170522451401,0.1471254825592041,44
CHEMBL2047_EC50,molformer,xgboost,11,label_permuted,test,0.7702227743327447,0.030634645372629166,0.1471254825592041,91
CHEMBL2047_EC50,molformer,xgboost,23,trained,calibration,0.9622106724148191,0.338615357875824,1.7213032245635986,44
CHEMBL2047_EC50,molformer,xgboost,23,trained,test,0.6398709907368874,0.4748513996601105,2.1473817825317383,91
CHEMBL2047_EC50,molformer,xgboost,23,label_permuted,calibration,1.0379583472345468,0.031063521280884743,0.1544938087463379,44
CHEMBL2047_EC50,molformer,xgboost,23,label_permuted,test,0.77317632253491,0.03292642533779144,0.15181970596313477,91
CHEMBL2047_EC50,molformer,xgboost,42,trained,calibration,0.97467964240133,0.2880586087703705,1.3467499017715454,44
CHEMBL2047_EC50,molformer,xgboost,42,trained,test,0.6446179649512095,0.4775206744670868,2.084458827972412,91
CHEMBL2047_EC50,molformer,xgboost,42,label_permuted,calibration,1.0443860542995316,0.10500037670135498,0.44286060333251953,44
CHEMBL2047_EC50,molformer,xgboost,42,label_permuted,test,0.7937212225435694,0.17368566989898682,0.90743088722229,91
CHEMBL2047_EC50,molformer,mlp,11,trained,calibration,0.9232555009960549,0.5132047533988953,2.6612517833709717,44
CHEMBL2047_EC50,molformer,mlp,11,trained,test,0.5908756703065702,0.660785973072052,2.9877448081970215,91
CHEMBL2047_EC50,molformer,mlp,11,label_permuted,calibration,1.0155282781468078,0.21044740080833435,0.7836401462554932,44
CHEMBL2047_EC50,molformer,mlp,11,label_permuted,test,0.7604789621276081,0.14952950179576874,0.6481971740722656,91
CHEMBL2047_EC50,molformer,mlp,23,trained,calibration,0.9464680568344778,0.5395766496658325,2.6732091903686523,44
CHEMBL2047_EC50,molformer,mlp,23,trained,test,0.6030078714910272,0.6096881031990051,2.695410966873169,91
CHEMBL2047_EC50,molformer,mlp,23,label_permuted,calibration,1.0013522899063403,0.2351127564907074,0.8618655204772949,44
CHEMBL2047_EC50,molformer,mlp,23,label_permuted,test,0.8328998670144856,0.20339937508106232,0.8401808738708496,91
CHEMBL2047_EC50,molformer,mlp,42,trained,calibration,0.9229804377916089,0.49036651849746704,2.716202735900879,44
CHEMBL2047_EC50,molformer,mlp,42,trained,test,0.598110699378033,0.6067435145378113,2.6963629722595215,91
CHEMBL2047_EC50,molformer,mlp,42,label_permuted,calibration,1.0907191107514114,0.06652731448411942,0.2821543216705322,44
CHEMBL2047_EC50,molformer,mlp,42,label_permuted,test,0.7848078016204438,0.14666903018951416,0.5937082767486572,91
CHEMBL214_Ki,molformer,xgboost,11,trained,calibration,0.850545853766351,0.6899415850639343,4.073698043823242,332
CHEMBL214_Ki,molformer,xgboost,11,trained,test,0.7873579063588814,0.7197178602218628,4.175935745239258,309
CHEMBL214_Ki,molformer,xgboost,11,label_permuted,calibration,1.1220004572093936,0.029256433248519897,0.20332002639770508,332
CHEMBL214_Ki,molformer,xgboost,11,label_permuted,test,1.1490209226371637,0.03013768419623375,0.19725310802459717,309
CHEMBL214_Ki,molformer,xgboost,23,trained,calibration,0.8454475280884406,0.6882597208023071,4.126384735107422,332
CHEMBL214_Ki,molformer,xgboost,23,trained,test,0.7868118291681248,0.7090278267860413,4.04055643081665,309
CHEMBL214_Ki,molformer,xgboost,23,label_permuted,calibration,1.1235053942541948,0.016166236251592636,0.10644280910491943,332
CHEMBL214_Ki,molformer,xgboost,23,label_permuted,test,1.149861756598603,0.01805322803556919,0.16588985919952393,309
CHEMBL214_Ki,molformer,xgboost,42,trained,calibration,0.8563842055683869,0.683102011680603,4.252669334411621,332
CHEMBL214_Ki,molformer,xgboost,42,trained,test,0.7923439834404814,0.7052702903747559,4.2206621170043945,309
CHEMBL214_Ki,molformer,xgboost,42,label_permuted,calibration,1.1157688657177243,0.12988515198230743,0.7938580513000488,332
CHEMBL214_Ki,molformer,xgboost,42,label_permuted,test,1.1318201914787207,0.1363452821969986,0.6606703996658325,309
CHEMBL214_Ki,molformer,mlp,11,trained,calibration,0.7549108423553742,0.8745356202125549,4.709109306335449,332
CHEMBL214_Ki,molformer,mlp,11,trained,test,0.7336996909965623,0.8997818827629089,4.79990291595459,309
CHEMBL214_Ki,molformer,mlp,11,label_permuted,calibration,1.1593451956236596,0.20594705641269684,1.1946358680725098,332
CHEMBL214_Ki,molformer,mlp,11,label_permuted,test,1.211701281462827,0.20138685405254364,1.068634271621704,309
CHEMBL214_Ki,molformer,mlp,23,trained,calibration,0.7588851651833723,0.8878453969955444,5.171885013580322,332
CHEMBL214_Ki,molformer,mlp,23,trained,test,0.7660654319276963,0.894339919090271,4.528255939483643,309
CHEMBL214_Ki,molformer,mlp,23,label_permuted,calibration,1.099242506604207,0.16357573866844177,0.905895471572876,332
CHEMBL214_Ki,molformer,mlp,23,label_permuted,test,1.1914327649777492,0.19420163333415985,1.1805213689804077,309
CHEMBL214_Ki,molformer,mlp,42,trained,calibration,0.7635009652427063,0.8728404641151428,4.677624225616455,332
CHEMBL214_Ki,molformer,mlp,42,trained,test,0.7144307261814872,0.894507884979248,4.441926002502441,309
CHEMBL214_Ki,molformer,mlp,42,label_permuted,calibration,1.122322445953633,0.17997846007347107,0.8962506055831909,332
CHEMBL214_Ki,molformer,mlp,42,label_permuted,test,1.1536785089531068,0.18971647322177887,1.0012626647949219,309
CHEMBL2147_Ki,molformer,xgboost,11,trained,calibration,0.8726400840033717,1.4936442375183105,4.921490669250488,47
CHEMBL2147_Ki,molformer,xgboost,11,trained,test,0.9303091198927392,1.6402170658111572,5.64115571975708,41
CHEMBL2147_Ki,molformer,xgboost,11,label_permuted,calibration,1.7137742585204974,0.026722872629761696,0.09790897369384766,47
CHEMBL2147_Ki,molformer,xgboost,11,label_permuted,test,1.9953743969092472,0.04271604120731354,0.19497406482696533,41
CHEMBL2147_Ki,molformer,xgboost,23,trained,calibration,0.7986002179568495,1.5362985134124756,4.978583335876465,47
CHEMBL2147_Ki,molformer,xgboost,23,trained,test,0.9160733723281214,1.5802497863769531,5.285452365875244,41
CHEMBL2147_Ki,molformer,xgboost,23,label_permuted,calibration,1.796633762254118,0.16238343715667725,0.6386606097221375,47
CHEMBL2147_Ki,molformer,xgboost,23,label_permuted,test,2.023565693333027,0.21476802229881287,1.0867466926574707,41
CHEMBL2147_Ki,molformer,xgboost,42,trained,calibration,0.8404019651953748,1.5508629083633423,4.9900736808776855,47
CHEMBL2147_Ki,molformer,xgboost,42,trained,test,0.8901896165456895,1.5834753513336182,5.403664588928223,41
CHEMBL2147_Ki,molformer,xgboost,42,label_permuted,calibration,1.730827208305961,0.07089769095182419,0.3698333501815796,47
CHEMBL2147_Ki,molformer,xgboost,42,label_permuted,test,2.011203618436485,0.06637713313102722,0.3476996421813965,41
CHEMBL2147_Ki,molformer,mlp,11,trained,calibration,0.694436045966756,1.6853281259536743,5.8601884841918945,47
CHEMBL2147_Ki,molformer,mlp,11,trained,test,0.7841069055893162,1.7023801803588867,6.194194316864014,41
CHEMBL2147_Ki,molformer,mlp,11,label_permuted,calibration,1.7808969382014332,0.4437367618083954,2.1596083641052246,47
CHEMBL2147_Ki,molformer,mlp,11,label_permuted,test,1.9692827139792586,0.3617440462112427,1.592439889907837,41
CHEMBL2147_Ki,molformer,mlp,23,trained,calibration,0.6971501059701096,1.6889597177505493,5.920566082000732,47
CHEMBL2147_Ki,molformer,mlp,23,trained,test,0.7518863796980657,1.7945631742477417,6.463368892669678,41
CHEMBL2147_Ki,molformer,mlp,23,label_permuted,calibration,1.9444107355495925,0.3671986162662506,1.6281187534332275,47
CHEMBL2147_Ki,molformer,mlp,23,label_permuted,test,2.1185891554553558,0.39332616329193115,1.7912788391113281,41
CHEMBL2147_Ki,molformer,mlp,42,trained,calibration,0.6773968166520359,1.7008187770843506,5.863216876983643,47
CHEMBL2147_Ki,molformer,mlp,42,trained,test,0.737345834556522,1.7566648721694946,6.58531379699707,41
CHEMBL2147_Ki,molformer,mlp,42,label_permuted,calibration,1.9070015973352985,0.4854460060596466,1.9245233535766602,47
CHEMBL2147_Ki,molformer,mlp,42,label_permuted,test,2.099316045098558,0.5040752291679382,2.2490386962890625,41
CHEMBL218_EC50,molformer,xgboost,11,trained,calibration,0.9449447673218152,0.40643811225891113,1.4975072145462036,93
CHEMBL218_EC50,molformer,xgboost,11,trained,test,0.9657069680691641,0.32686108350753784,1.8083550930023193,100
CHEMBL218_EC50,molformer,xgboost,11,label_permuted,calibration,1.0236589614390192,0.02397831343114376,0.12396025657653809,93
CHEMBL218_EC50,molformer,xgboost,11,label_permuted,test,1.1052058146475312,0.022945614531636238,0.0856177806854248,100
CHEMBL218_EC50,molformer,xgboost,23,trained,calibration,0.9241488265014555,0.42692622542381287,1.5793966054916382,93
CHEMBL218_EC50,molformer,xgboost,23,trained,test,0.9536341886088954,0.41773858666419983,1.9087989330291748,100
CHEMBL218_EC50,molformer,xgboost,23,label_permuted,calibration,1.0520764278273367,0.2350328117609024,0.9856431484222412,93
CHEMBL218_EC50,molformer,xgboost,23,label_permuted,test,1.1069855545293743,0.20402811467647552,1.0872254371643066,100
CHEMBL218_EC50,molformer,xgboost,42,trained,calibration,0.8956503052740301,0.4672761857509613,1.7694666385650635,93
CHEMBL218_EC50,molformer,xgboost,42,trained,test,0.9400571915292959,0.4199119210243225,2.1742513179779053,100
CHEMBL218_EC50,molformer,xgboost,42,label_permuted,calibration,1.0280531837866402,0.14710642397403717,0.8286272287368774,93
CHEMBL218_EC50,molformer,xgboost,42,label_permuted,test,1.1267765640705991,0.152727872133255,0.8953766822814941,100
CHEMBL218_EC50,molformer,mlp,11,trained,calibration,0.8964816157811739,0.7735063433647156,3.373948335647583,93
CHEMBL218_EC50,molformer,mlp,11,trained,test,0.8431148611014767,0.7491666674613953,4.28306245803833,100
CHEMBL218_EC50,molformer,mlp,11,label_permuted,calibration,0.9788492513443017,0.22914646565914154,0.7968266010284424,93
CHEMBL218_EC50,molformer,mlp,11,label_permuted,test,1.1095766233517557,0.1512560248374939,0.8927628993988037,100
CHEMBL218_EC50,molformer,mlp,23,trained,calibration,0.886314030850867,0.695978581905365,3.3964152336120605,93
CHEMBL218_EC50,molformer,mlp,23,trained,test,0.8752547302031106,0.8079379200935364,4.407400608062744,100
CHEMBL218_EC50,molformer,mlp,23,label_permuted,calibration,1.062833116707718,0.195425882935524,0.8630759716033936,93
CHEMBL218_EC50,molformer,mlp,23,label_permuted,test,1.0730010743255782,0.1894207000732422,1.022775411605835,100
CHEMBL218_EC50,molformer,mlp,42,trained,calibration,0.8765711982825863,0.6918140649795532,3.1547365188598633,93
CHEMBL218_EC50,molformer,mlp,42,trained,test,0.8488983335921043,0.7282308340072632,4.27582311630249,100
CHEMBL218_EC50,molformer,mlp,42,label_permuted,calibration,1.0563573545716223,0.18923287093639374,0.8897910118103027,93
CHEMBL218_EC50,molformer,mlp,42,label_permuted,test,1.1460842493621695,0.23089368641376495,1.1420016288757324,100
CHEMBL219_Ki,molformer,xgboost,11,trained,calibration,0.8007741788226286,0.5492456555366516,3.024475574493408,152
CHEMBL219_Ki,molformer,xgboost,11,trained,test,0.9143212107171022,0.6672812104225159,2.874645948410034,163
CHEMBL219_Ki,molformer,xgboost,11,label_permuted,calibration,0.9977185629410981,0.08029691874980927,0.48215532302856445,152
CHEMBL219_Ki,molformer,xgboost,11,label_permuted,test,1.1371924602906684,0.08924523741006851,0.6409236192703247,163
CHEMBL219_Ki,molformer,xgboost,23,trained,calibration,0.7957655719715941,0.5644803047180176,3.0004897117614746,152
CHEMBL219_Ki,molformer,xgboost,23,trained,test,0.9179588155005982,0.6572902202606201,2.7029716968536377,163
CHEMBL219_Ki,molformer,xgboost,23,label_permuted,calibration,1.0075182226345758,0.0237602386623621,0.13091933727264404,152
CHEMBL219_Ki,molformer,xgboost,23,label_permuted,test,1.1363505393053794,0.023084739223122597,0.12931549549102783,163
CHEMBL219_Ki,molformer,xgboost,42,trained,calibration,0.7945693450467254,0.5656977295875549,3.016556739807129,152
CHEMBL219_Ki,molformer,xgboost,42,trained,test,0.9373864740935337,0.658879816532135,2.821668863296509,163
CHEMBL219_Ki,molformer,xgboost,42,label_permuted,calibration,1.010490467220984,0.11777116358280182,0.6702351570129395,152
CHEMBL219_Ki,molformer,xgboost,42,label_permuted,test,1.117135213415319,0.11490006744861603,0.5780923366546631,163
CHEMBL219_Ki,molformer,mlp,11,trained,calibration,0.7835050081946243,0.664465606212616,3.3882322311401367,152
CHEMBL219_Ki,molformer,mlp,11,trained,test,0.9451222504150854,0.8595214486122131,3.7358570098876953,163
CHEMBL219_Ki,molformer,mlp,11,label_permuted,calibration,1.0328837083054474,0.16356496512889862,0.9000512361526489,152
CHEMBL219_Ki,molformer,mlp,11,label_permuted,test,1.151629003211628,0.1831660270690918,0.9374492168426514,163
CHEMBL219_Ki,molformer,mlp,23,trained,calibration,0.7677441677044639,0.7280613780021667,3.627370595932007,152
CHEMBL219_Ki,molformer,mlp,23,trained,test,0.951450127040777,0.8353365659713745,3.6102523803710938,163
CHEMBL219_Ki,molformer,mlp,23,label_permuted,calibration,1.012639337535882,0.17177459597587585,1.0995993614196777,152
CHEMBL219_Ki,molformer,mlp,23,label_permuted,test,1.1455700427336768,0.15544410049915314,0.9803574085235596,163
CHEMBL219_Ki,molformer,mlp,42,trained,calibration,0.7779637839976122,0.7506570219993591,4.1059489250183105,152
CHEMBL219_Ki,molformer,mlp,42,trained,test,0.9942994655977924,0.8358266949653625,3.9254963397979736,163
CHEMBL219_Ki,molformer,mlp,42,label_permuted,calibration,1.0099082860757629,0.25950270891189575,1.3941667079925537,152
CHEMBL219_Ki,molformer,mlp,42,label_permuted,test,1.1250916549645735,0.2627737820148468,1.3036448955535889,163
CHEMBL228_Ki,molformer,xgboost,11,trained,calibration,0.8663753796401737,0.6971541047096252,3.550734043121338,181
CHEMBL228_Ki,molformer,xgboost,11,trained,test,0.9336433237871937,0.7260609865188599,3.586803913116455,216
CHEMBL228_Ki,molformer,xgboost,11,label_permuted,calibration,1.1701770943511778,0.031490664929151535,0.15261495113372803,181
CHEMBL228_Ki,molformer,xgboost,11,label_permuted,test,1.3095032221757035,0.027986759319901466,0.1338038444519043,216
CHEMBL228_Ki,molformer,xgboost,23,trained,calibration,0.8927499618231157,0.7249350547790527,3.5500471591949463,181
CHEMBL228_Ki,molformer,xgboost,23,trained,test,0.9503466024053377,0.717129111289978,3.6558265686035156,216
CHEMBL228_Ki,molformer,xgboost,23,label_permuted,calibration,1.1723712633298917,0.03520222008228302,0.1524956226348877,181
CHEMBL228_Ki,molformer,xgboost,23,label_permuted,test,1.3009932978088716,0.032910529524087906,0.1524956226348877,216
CHEMBL228_Ki,molformer,xgboost,42,trained,calibration,0.8593670584571801,0.7125036716461182,3.2612128257751465,181
CHEMBL228_Ki,molformer,xgboost,42,trained,test,0.9218712499509929,0.7344591021537781,3.468937397003174,216
CHEMBL228_Ki,molformer,xgboost,42,label_permuted,calibration,1.1747290887394175,0.12878134846687317,0.7081540822982788,181
CHEMBL228_Ki,molformer,xgboost,42,label_permuted,test,1.3333616800076524,0.12395914644002914,0.6525741815567017,216
CHEMBL228_Ki,molformer,mlp,11,trained,calibration,0.9115424671397715,0.9980128407478333,4.7637248039245605,181
CHEMBL228_Ki,molformer,mlp,11,trained,test,0.9178658285678929,1.0066845417022705,4.541486740112305,216
CHEMBL228_Ki,molformer,mlp,11,label_permuted,calibration,1.2031303009312757,0.22195838391780853,1.832900881767273,181
CHEMBL228_Ki,molformer,mlp,11,label_permuted,test,1.3102355678253357,0.19128720462322235,0.9982587099075317,216
CHEMBL228_Ki,molformer,mlp,23,trained,calibration,0.899205650678287,0.9675487875938416,4.781091690063477,181
CHEMBL228_Ki,molformer,mlp,23,trained,test,0.8977005299402904,1.0013258457183838,4.3137993812561035,216
CHEMBL228_Ki,molformer,mlp,23,label_permuted,calibration,1.117648743068678,0.21850070357322693,1.0690250396728516,181
CHEMBL228_Ki,molformer,mlp,23,label_permuted,test,1.287973672343035,0.2249779999256134,1.0182628631591797,216
CHEMBL228_Ki,molformer,mlp,42,trained,calibration,0.9200428682685127,0.8754751086235046,4.471035480499268,181
CHEMBL228_Ki,molformer,mlp,42,trained,test,0.89939162964653,1.0441750288009644,4.378785133361816,216
CHEMBL228_Ki,molformer,mlp,42,label_permuted,calibration,1.187809652813332,0.13660816848278046,0.6230316162109375,181
CHEMBL228_Ki,molformer,mlp,42,label_permuted,test,1.3616822492267393,0.1393163949251175,0.6631761789321899,216
CHEMBL231_Ki,molformer,xgboost,11,trained,calibration,0.8947078080825449,0.7901022434234619,3.3498363494873047,47
CHEMBL231_Ki,molformer,xgboost,11,trained,test,0.8225592589553993,0.8318200707435608,3.8553810119628906,79
CHEMBL231_Ki,molformer,xgboost,11,label_permuted,calibration,1.2957541436451672,0.11243146657943726,0.5742701292037964,47
CHEMBL231_Ki,molformer,xgboost,11,label_permuted,test,1.2838960167471323,0.14680959284305573,0.7347850799560547,79
CHEMBL231_Ki,molformer,xgboost,23,trained,calibration,0.8846318562753873,0.8185073733329773,3.36956787109375,47
CHEMBL231_Ki,molformer,xgboost,23,trained,test,0.815234680614405,0.8223775029182434,3.5540618896484375,79
CHEMBL231_Ki,molformer,xgboost,23,label_permuted,calibration,1.3953775781575017,0.4729839563369751,1.7508659362792969,47
CHEMBL231_Ki,molformer,xgboost,23,label_permuted,test,1.2812792611851358,0.293163925409317,1.5724694728851318,79
CHEMBL231_Ki,molformer,xgboost,42,trained,calibration,0.8633120432061064,0.8213232755661011,3.4388883113861084,47
CHEMBL231_Ki,molformer,xgboost,42,trained,test,0.8385494816259941,0.8565712571144104,3.6768202781677246,79
CHEMBL231_Ki,molformer,xgboost,42,label_permuted,calibration,1.415168708880364,0.3266521394252777,1.317359209060669,47
CHEMBL231_Ki,molformer,xgboost,42,label_permuted,test,1.293427031742636,0.46231693029403687,2.256221294403076,79
CHEMBL231_Ki,molformer,mlp,11,trained,calibration,0.7560871185308331,0.9903314113616943,3.814810276031494,47
CHEMBL231_Ki,molformer,mlp,11,trained,test,0.7680965546197825,0.9872233867645264,4.437995433807373,79
CHEMBL231_Ki,molformer,mlp,11,label_permuted,calibration,1.2946500881350171,0.26747018098831177,1.0270576477050781,47
CHEMBL231_Ki,molformer,mlp,11,label_permuted,test,1.36612533726541,0.36024656891822815,1.3158454895019531,79
CHEMBL231_Ki,molformer,mlp,23,trained,calibration,0.7533733480792039,0.9830607771873474,3.886112689971924,47
CHEMBL231_Ki,molformer,mlp,23,trained,test,0.7966428680403308,1.0777711868286133,4.676774501800537,79
CHEMBL231_Ki,molformer,mlp,23,label_permuted,calibration,1.405505428291513,0.38532254099845886,1.2860416173934937,47
CHEMBL231_Ki,molformer,mlp,23,label_permuted,test,1.1925855459562757,0.2613734006881714,1.2923431396484375,79
CHEMBL231_Ki,molformer,mlp,42,trained,calibration,0.7230936324850915,0.9696632623672485,3.692960262298584,47
CHEMBL231_Ki,molformer,mlp,42,trained,test,0.8135500138587615,1.0341414213180542,4.536437034606934,79
CHEMBL231_Ki,molformer,mlp,42,label_permuted,calibration,1.428878805607138,0.22118356823921204,1.052574634552002,47
CHEMBL231_Ki,molformer,mlp,42,label_permuted,test,1.2688216353615074,0.180502787232399,0.7371293306350708,79
CHEMBL233_Ki,molformer,xgboost,11,trained,calibration,1.0406394407627848,0.7438290119171143,3.8699769973754883,344
CHEMBL233_Ki,molformer,xgboost,11,trained,test,1.0025382610639635,0.9152677655220032,3.8777050971984863,358
CHEMBL233_Ki,molformer,xgboost,11,label_permuted,calibration,1.3005617431920002,0.11054256558418274,0.6407990455627441,344
CHEMBL233_Ki,molformer,xgboost,11,label_permuted,test,1.4097441179342554,0.09938950836658478,0.6347514390945435,358
CHEMBL233_Ki,molformer,xgboost,23,trained,calibration,1.034773730731925,0.7436303496360779,3.962886333465576,344
CHEMBL233_Ki,molformer,xgboost,23,trained,test,0.9934835604597174,0.8794173002243042,3.81042742729187,358
CHEMBL233_Ki,molformer,xgboost,23,label_permuted,calibration,1.2836756191973326,0.02642073854804039,0.14113962650299072,344
CHEMBL233_Ki,molformer,xgboost,23,label_permuted,test,1.3926626984969002,0.022837741300463676,0.14113962650299072,358
CHEMBL233_Ki,molformer,xgboost,42,trained,calibration,1.0548148184328887,0.7237657308578491,3.687917709350586,344
CHEMBL233_Ki,molformer,xgboost,42,trained,test,1.0192022852523193,0.8488943576812744,3.528398036956787,358
CHEMBL233_Ki,molformer,xgboost,42,label_permuted,calibration,1.297328318224195,0.07835513353347778,0.4782235622406006,344
CHEMBL233_Ki,molformer,xgboost,42,label_permuted,test,1.4041490755573462,0.0886165052652359,0.6131249666213989,358
CHEMBL233_Ki,molformer,mlp,11,trained,calibration,1.0003403442092218,0.7856780290603638,4.088844299316406,344
CHEMBL233_Ki,molformer,mlp,11,trained,test,1.00253178058583,1.0028877258300781,3.9746878147125244,358
CHEMBL233_Ki,molformer,mlp,11,label_permuted,calibration,1.3004422590937113,0.15393823385238647,0.7547515630722046,344
CHEMBL233_Ki,molformer,mlp,11,label_permuted,test,1.3927337003160485,0.13887351751327515,0.9107948541641235,358
CHEMBL233_Ki,molformer,mlp,23,trained,calibration,0.9981095505237134,0.880874752998352,5.115542888641357,344
CHEMBL233_Ki,molformer,mlp,23,trained,test,0.925348236929548,1.0536633729934692,4.7080230712890625,358
CHEMBL233_Ki,molformer,mlp,23,label_permuted,calibration,1.3495604841593274,0.19959644973278046,0.9587044715881348,344
CHEMBL233_Ki,molformer,mlp,23,label_permuted,test,1.447842008280521,0.2222544103860855,1.0268125534057617,358
CHEMBL233_Ki,molformer,mlp,42,trained,calibration,0.9812273229420514,0.8693789839744568,4.8267412185668945,344
CHEMBL233_Ki,molformer,mlp,42,trained,test,0.9448961649468584,1.1280826330184937,5.077621936798096,358
CHEMBL233_Ki,molformer,mlp,42,label_permuted,calibration,1.2849262344769758,0.16179971396923065,0.808767557144165,344
CHEMBL233_Ki,molformer,mlp,42,label_permuted,test,1.4281205726070767,0.21775099635124207,0.9449707269668579,358
CHEMBL234_Ki,molformer,xgboost,11,trained,calibration,0.6862797528472004,0.7873265743255615,3.853518009185791,421
CHEMBL234_Ki,molformer,xgboost,11,trained,test,0.7896948065531064,0.8383745551109314,3.9598565101623535,248
CHEMBL234_Ki,molformer,xgboost,11,label_permuted,calibration,1.1086436265152084,0.1704135239124298,1.0799819231033325,421
CHEMBL234_Ki,molformer,xgboost,11,label_permuted,test,1.2400135234126097,0.20530730485916138,1.2023677825927734,248
CHEMBL234_Ki,molformer,xgboost,23,trained,calibration,0.7023630039855999,0.7623810768127441,3.689703941345215,421
CHEMBL234_Ki,molformer,xgboost,23,trained,test,0.7846884401377306,0.8470444083213806,3.83779239654541,248
CHEMBL234_Ki,molformer,xgboost,23,label_permuted,calibration,1.1184280550297587,0.0689583495259285,0.42669105529785156,421
CHEMBL234_Ki,molformer,xgboost,23,label_permuted,test,1.2335504119585379,0.0770072266459465,0.6082359552383423,248
CHEMBL234_Ki,molformer,xgboost,42,trained,calibration,0.6994053682171977,0.7843536138534546,4.089255332946777,421
CHEMBL234_Ki,molformer,xgboost,42,trained,test,0.7765030652026849,0.8378188610076904,4.035410404205322,248
CHEMBL234_Ki,molformer,xgboost,42,label_permuted,calibration,1.1256231065868696,0.019798249006271362,0.1608046293258667,421
CHEMBL234_Ki,molformer,xgboost,42,label_permuted,test,1.218185489693004,0.015955325216054916,0.1320359706878662,248
CHEMBL234_Ki,molformer,mlp,11,trained,calibration,0.5978897237079307,0.8779624700546265,4.645309925079346,421
CHEMBL234_Ki,molformer,mlp,11,trained,test,0.7094750506051519,1.098096251487732,5.520064353942871,248
CHEMBL234_Ki,molformer,mlp,11,label_permuted,calibration,1.1608034120652826,0.14381365478038788,1.0948874950408936,421
CHEMBL234_Ki,molformer,mlp,11,label_permuted,test,1.2353954201855344,0.2157607227563858,1.0092604160308838,248
CHEMBL234_Ki,molformer,mlp,23,trained,calibration,0.6184873774974371,0.923467218875885,5.388401985168457,421
CHEMBL234_Ki,molformer,mlp,23,trained,test,0.7639866641113989,1.1280988454818726,5.8124003410339355,248
CHEMBL234_Ki,molformer,mlp,23,label_permuted,calibration,1.114514226939877,0.12034929543733597,0.6655534505844116,421
CHEMBL234_Ki,molformer,mlp,23,label_permuted,test,1.2499403939340714,0.15940514206886292,0.838638186454773,248
CHEMBL234_Ki,molformer,mlp,42,trained,calibration,0.6100618208764268,0.8839393854141235,4.734686851501465,421
CHEMBL234_Ki,molformer,mlp,42,trained,test,0.7299597695774532,1.128185749053955,5.79719352722168,248
CHEMBL234_Ki,molformer,mlp,42,label_permuted,calibration,1.0637008948820568,0.14122113585472107,0.7278718948364258,421
CHEMBL234_Ki,molformer,mlp,42,label_permuted,test,1.2067971110484157,0.10893023014068604,0.5527613162994385,248
CHEMBL235_EC50,molformer,xgboost,11,trained,calibration,0.8569599897443723,0.5711390376091003,2.9234564304351807,198
CHEMBL235_EC50,molformer,xgboost,11,trained,test,0.8453987754469071,0.6875113844871521,3.19309663772583,181
CHEMBL235_EC50,molformer,xgboost,11,label_permuted,calibration,1.121636608159365,0.013192212209105492,0.04750561714172363,198
CHEMBL235_EC50,molformer,xgboost,11,label_permuted,test,1.2449689230812837,0.01909409835934639,0.0904397964477539,181
CHEMBL235_EC50,molformer,xgboost,23,trained,calibration,0.8346251766312627,0.5897183418273926,2.9288320541381836,198
CHEMBL235_EC50,molformer,xgboost,23,trained,test,0.8482369749720218,0.6999900937080383,3.0119969844818115,181
CHEMBL235_EC50,molformer,xgboost,23,label_permuted,calibration,1.1174420153532338,0.03697013482451439,0.21236729621887207,198
CHEMBL235_EC50,molformer,xgboost,23,label_permuted,test,1.2450371929725919,0.030364030972123146,0.2057034969329834,181
CHEMBL235_EC50,molformer,xgboost,42,trained,calibration,0.8053881733474324,0.6112155914306641,2.8898024559020996,198
CHEMBL235_EC50,molformer,xgboost,42,trained,test,0.860588292299652,0.6685747504234314,3.250833511352539,181
CHEMBL235_EC50,molformer,xgboost,42,label_permuted,calibration,1.1220537388625857,0.029559295624494553,0.12523436546325684,198
CHEMBL235_EC50,molformer,xgboost,42,label_permuted,test,1.2477871381292118,0.017806261777877808,0.12136602401733398,181
CHEMBL235_EC50,molformer,mlp,11,trained,calibration,0.7127319995556625,0.8074612021446228,3.782916307449341,198
CHEMBL235_EC50,molformer,mlp,11,trained,test,0.7763620052524566,0.8896806836128235,4.806361675262451,181
CHEMBL235_EC50,molformer,mlp,11,label_permuted,calibration,1.140008524645337,0.15013475716114044,0.6237192153930664,198
CHEMBL235_EC50,molformer,mlp,11,label_permuted,test,1.2577284316880917,0.11560001969337463,0.600306510925293,181
CHEMBL235_EC50,molformer,mlp,23,trained,calibration,0.7398864008725505,0.839144766330719,4.372527122497559,198
CHEMBL235_EC50,molformer,mlp,23,trained,test,0.7822301438305579,0.8546522855758667,4.102856636047363,181
CHEMBL235_EC50,molformer,mlp,23,label_permuted,calibration,1.1315904537057158,0.15427343547344208,0.9708256721496582,198
CHEMBL235_EC50,molformer,mlp,23,label_permuted,test,1.274437821557743,0.09255560487508774,0.5416975021362305,181
CHEMBL235_EC50,molformer,mlp,42,trained,calibration,0.7229612377032852,0.8162213563919067,3.8831844329833984,198
CHEMBL235_EC50,molformer,mlp,42,trained,test,0.7598544659683569,0.9093584418296814,4.669238090515137,181
CHEMBL235_EC50,molformer,mlp,42,label_permuted,calibration,1.165868497476801,0.16004285216331482,0.7794640064239502,198
CHEMBL235_EC50,molformer,mlp,42,label_permuted,test,1.2136486590239612,0.13142071664333344,0.7056887149810791,181
CHEMBL236_Ki,molformer,xgboost,11,trained,calibration,0.93412947347298,0.8359888195991516,4.236902713775635,167
CHEMBL236_Ki,molformer,xgboost,11,trained,test,0.8758754778218698,1.000327467918396,4.235911846160889,275
CHEMBL236_Ki,molformer,xgboost,11,label_permuted,calibration,1.3573319439634195,0.03780202567577362,0.2433236837387085,167
CHEMBL236_Ki,molformer,xgboost,11,label_permuted,test,1.4080419355563087,0.03393874317407608,0.20762348175048828,275
CHEMBL236_Ki,molformer,xgboost,23,trained,calibration,0.9615769158523397,0.7998741865158081,4.091158866882324,167
CHEMBL236_Ki,molformer,xgboost,23,trained,test,0.905524423778552,1.013708233833313,4.106485843658447,275
CHEMBL236_Ki,molformer,xgboost,23,label_permuted,calibration,1.358432662390113,0.138498917222023,1.0841671228408813,167
CHEMBL236_Ki,molformer,xgboost,23,label_permuted,test,1.3787109409585725,0.11224789917469025,0.6990209817886353,275
CHEMBL236_Ki,molformer,xgboost,42,trained,calibration,0.9429152807769727,0.8286258578300476,4.095459938049316,167
CHEMBL236_Ki,molformer,xgboost,42,trained,test,0.9015326218967987,1.0153100490570068,4.07666015625,275
CHEMBL236_Ki,molformer,xgboost,42,label_permuted,calibration,1.3544243738516142,0.03708909451961517,0.24041533470153809,167
CHEMBL236_Ki,molformer,xgboost,42,label_permuted,test,1.4045376843088535,0.041360028088092804,0.25749218463897705,275
CHEMBL236_Ki,molformer,mlp,11,trained,calibration,0.9006853924422806,0.9975152015686035,4.759814262390137,167
CHEMBL236_Ki,molformer,mlp,11,trained,test,0.8096399955992215,1.184975266456604,4.602729320526123,275
CHEMBL236_Ki,molformer,mlp,11,label_permuted,calibration,1.4088741825207323,0.1935875415802002,0.8402268886566162,167
CHEMBL236_Ki,molformer,mlp,11,label_permuted,test,1.4092482922218672,0.19862669706344604,0.8198480606079102,275
CHEMBL236_Ki,molformer,mlp,23,trained,calibration,0.8989110942347343,1.0571209192276,5.416169166564941,167
CHEMBL236_Ki,molformer,mlp,23,trained,test,0.811632426777978,1.1573470830917358,5.320263385772705,275
CHEMBL236_Ki,molformer,mlp,23,label_permuted,calibration,1.3754328133229388,0.1607605665922165,0.9756189584732056,167
CHEMBL236_Ki,molformer,mlp,23,label_permuted,test,1.3786871198355084,0.15663382411003113,0.8556118011474609,275
CHEMBL236_Ki,molformer,mlp,42,trained,calibration,0.8747042428581561,1.0350396633148193,5.19016170501709,167
CHEMBL236_Ki,molformer,mlp,42,trained,test,0.8284213777323801,1.220333456993103,5.34968376159668,275
CHEMBL236_Ki,molformer,mlp,42,label_permuted,calibration,1.3812181149768261,0.1134219616651535,0.6394543647766113,167
CHEMBL236_Ki,molformer,mlp,42,label_permuted,test,1.4217634052458292,0.13105528056621552,0.6986901760101318,275
CHEMBL237_EC50,molformer,xgboost,11,trained,calibration,1.185900816017087,0.5593388676643372,2.729250907897949,276
CHEMBL237_EC50,molformer,xgboost,11,trained,test,1.1988600402541425,0.7521888017654419,3.5493857860565186,57
CHEMBL237_EC50,molformer,xgboost,11,label_permuted,calibration,1.3244571077422718,0.11014580726623535,0.555214524269104,276
CHEMBL237_EC50,molformer,xgboost,11,label_permuted,test,1.6154596801231647,0.1066751629114151,0.567234992980957,57
CHEMBL237_EC50,molformer,xgboost,23,trained,calibration,1.2060915551361462,0.5623807907104492,2.626418113708496,276
CHEMBL237_EC50,molformer,xgboost,23,trained,test,1.1930224353474543,0.7488759160041809,3.4901883602142334,57
CHEMBL237_EC50,molformer,xgboost,23,label_permuted,calibration,1.3458121245910775,0.2410658448934555,1.5528900623321533,276
CHEMBL237_EC50,molformer,xgboost,23,label_permuted,test,1.6383395306976756,0.2480117678642273,1.3201651573181152,57
CHEMBL237_EC50,molformer,xgboost,42,trained,calibration,1.2060343752243206,0.545094907283783,2.3875980377197266,276
CHEMBL237_EC50,molformer,xgboost,42,trained,test,1.1928786887677778,0.7069413065910339,3.3155324459075928,57
CHEMBL237_EC50,molformer,xgboost,42,label_permuted,calibration,1.3223176886762393,0.06400761753320694,0.3037552833557129,276
CHEMBL237_EC50,molformer,xgboost,42,label_permuted,test,1.6143754476619725,0.05435796082019806,0.2610330581665039,57
CHEMBL237_EC50,molformer,mlp,11,trained,calibration,1.1849723819137885,1.0092666149139404,5.397913932800293,276
CHEMBL237_EC50,molformer,mlp,11,trained,test,1.0876444841188817,1.073232889175415,4.301273822784424,57
CHEMBL237_EC50,molformer,mlp,11,label_permuted,calibration,1.2959984264305358,0.23599013686180115,1.6607871055603027,276
CHEMBL237_EC50,molformer,mlp,11,label_permuted,test,1.5507106812993672,0.3181350827217102,1.445587396621704,57
CHEMBL237_EC50,molformer,mlp,23,trained,calibration,1.1428891532962009,0.9249135255813599,4.34588623046875,276
CHEMBL237_EC50,molformer,mlp,23,trained,test,1.141074105252581,1.1630005836486816,4.781675338745117,57
CHEMBL237_EC50,molformer,mlp,23,label_permuted,calibration,1.3843316392157188,0.22022414207458496,1.2299028635025024,276
CHEMBL237_EC50,molformer,mlp,23,label_permuted,test,1.5534371567002299,0.283389151096344,1.1714000701904297,57
CHEMBL237_EC50,molformer,mlp,42,trained,calibration,1.2261915192575379,1.0380038022994995,5.036825180053711,276
CHEMBL237_EC50,molformer,mlp,42,trained,test,1.1421045087938595,1.0792744159698486,4.716574668884277,57
CHEMBL237_EC50,molformer,mlp,42,label_permuted,calibration,1.3671512707950915,0.1909063458442688,0.8548524379730225,276
CHEMBL237_EC50,molformer,mlp,42,label_permuted,test,1.7039761297631526,0.19314245879650116,1.03883957862854,57
CHEMBL237_Ki,molformer,xgboost,11,trained,calibration,0.9197802586494246,0.8223375082015991,3.529266357421875,194
CHEMBL237_Ki,molformer,xgboost,11,trained,test,1.0540091134243768,0.9059977531433105,3.8176989555358887,199
CHEMBL237_Ki,molformer,xgboost,11,label_permuted,calibration,1.2902158721419412,0.04284314438700676,0.2296227216720581,194
CHEMBL237_Ki,molformer,xgboost,11,label_permuted,test,1.39065907468732,0.04500703141093254,0.22874176502227783,199
CHEMBL237_Ki,molformer,xgboost,23,trained,calibration,0.9316942691353634,0.7901796102523804,3.0141663551330566,194
CHEMBL237_Ki,molformer,xgboost,23,trained,test,1.0699309622694482,0.9000651836395264,3.6637673377990723,199
CHEMBL237_Ki,molformer,xgboost,23,label_permuted,calibration,1.3047022561706463,0.07643204927444458,0.5006803274154663,194
CHEMBL237_Ki,molformer,xgboost,23,label_permuted,test,1.373794894539197,0.07030779123306274,0.4214513301849365,199
CHEMBL237_Ki,molformer,xgboost,42,trained,calibration,0.9273631105916716,0.7829030752182007,3.135058641433716,194
CHEMBL237_Ki,molformer,xgboost,42,trained,test,1.0962466491508815,0.9040203094482422,3.7307777404785156,199
CHEMBL237_Ki,molformer,xgboost,42,label_permuted,calibration,1.29331891714661,0.03260074928402901,0.24483883380889893,194
CHEMBL237_Ki,molformer,xgboost,42,label_permuted,test,1.3831592275984301,0.0308541227132082,0.20258450508117676,199
CHEMBL237_Ki,molformer,mlp,11,trained,calibration,0.8284516679896998,1.1038222312927246,4.491952419281006,194
CHEMBL237_Ki,molformer,mlp,11,trained,test,1.0562015544909533,1.0728766918182373,4.849244594573975,199
CHEMBL237_Ki,molformer,mlp,11,label_permuted,calibration,1.267002627507762,0.1893695443868637,1.097593069076538,194
CHEMBL237_Ki,molformer,mlp,11,label_permuted,test,1.4004598305173555,0.1698996126651764,0.8401920795440674,199
CHEMBL237_Ki,molformer,mlp,23,trained,calibration,0.8507548710820649,1.0634084939956665,4.743517875671387,194
CHEMBL237_Ki,molformer,mlp,23,trained,test,1.0829897054357318,1.0628302097320557,4.705672264099121,199
CHEMBL237_Ki,molformer,mlp,23,label_permuted,calibration,1.3232674121211985,0.20169185101985931,1.0395097732543945,194
CHEMBL237_Ki,molformer,mlp,23,label_permuted,test,1.3840174624465966,0.14037084579467773,0.8025610446929932,199
CHEMBL237_Ki,molformer,mlp,42,trained,calibration,0.8041147953229763,1.0359739065170288,4.388148784637451,194
CHEMBL237_Ki,molformer,mlp,42,trained,test,1.076532044000667,1.012913703918457,4.745367527008057,199
CHEMBL237_Ki,molformer,mlp,42,label_permuted,calibration,1.324307194009581,0.14998576045036316,0.8844010829925537,194
CHEMBL237_Ki,molformer,mlp,42,label_permuted,test,1.3916649519553823,0.15193387866020203,0.8716417551040649,199
CHEMBL238_Ki,molformer,xgboost,11,trained,calibration,0.8087548726567405,0.5538322329521179,2.2378995418548584,68
CHEMBL238_Ki,molformer,xgboost,11,trained,test,0.7654973916346327,0.5827884078025818,2.6234312057495117,68
CHEMBL238_Ki,molformer,xgboost,11,label_permuted,calibration,1.1310465234518805,0.04326699674129486,0.2173616886138916,68
CHEMBL238_Ki,molformer,xgboost,11,label_permuted,test,1.2174129977462882,0.03633291646838188,0.19205188751220703,68
CHEMBL238_Ki,molformer,xgboost,23,trained,calibration,0.7940450420359608,0.5410877466201782,2.2401506900787354,68
CHEMBL238_Ki,molformer,xgboost,23,trained,test,0.8357732379705454,0.5581810474395752,2.3660035133361816,68
CHEMBL238_Ki,molformer,xgboost,23,label_permuted,calibration,1.1575831382999737,0.1032966896891594,0.4127974510192871,68
CHEMBL238_Ki,molformer,xgboost,23,label_permuted,test,1.1868637287715567,0.1035795584321022,0.6569538116455078,68
CHEMBL238_Ki,molformer,xgboost,42,trained,calibration,0.8024150649546761,0.5516099333763123,2.1266770362854004,68
CHEMBL238_Ki,molformer,xgboost,42,trained,test,0.8395021675449946,0.5643079876899719,2.526423931121826,68
CHEMBL238_Ki,molformer,xgboost,42,label_permuted,calibration,1.1272041662648178,0.027837228029966354,0.11610937118530273,68
CHEMBL238_Ki,molformer,xgboost,42,label_permuted,test,1.197958616544973,0.025300245732069016,0.11610937118530273,68
CHEMBL238_Ki,molformer,mlp,11,trained,calibration,0.8018604728589973,0.7450662851333618,2.827465534210205,68
CHEMBL238_Ki,molformer,mlp,11,trained,test,0.781001242134777,0.753189206123352,3.440091371536255,68
CHEMBL238_Ki,molformer,mlp,11,label_permuted,calibration,1.1302308228301714,0.2476198822259903,1.1858599185943604,68
CHEMBL238_Ki,molformer,mlp,11,label_permuted,test,1.3275515047416049,0.2224263995885849,0.9083648920059204,68
CHEMBL238_Ki,molformer,mlp,23,trained,calibration,0.8328593614859967,0.6922089457511902,2.538572311401367,68
CHEMBL238_Ki,molformer,mlp,23,trained,test,0.7680198039317833,0.7672749161720276,3.503103017807007,68
CHEMBL238_Ki,molformer,mlp,23,label_permuted,calibration,1.1994817488865201,0.2947768270969391,1.3539196252822876,68
CHEMBL238_Ki,molformer,mlp,23,label_permuted,test,1.1684472370175598,0.3067626953125,1.5067293643951416,68
CHEMBL238_Ki,molformer,mlp,42,trained,calibration,0.8300350402421486,0.6104855537414551,2.629061222076416,68
CHEMBL238_Ki,molformer,mlp,42,trained,test,0.6846426192338011,0.8869394063949585,3.810115337371826,68
CHEMBL238_Ki,molformer,mlp,42,label_permuted,calibration,1.1809544107680447,0.14389021694660187,0.5416901111602783,68
CHEMBL238_Ki,molformer,mlp,42,label_permuted,test,1.2116284767824343,0.1646888256072998,0.7753984928131104,68
CHEMBL239_EC50,molformer,xgboost,11,trained,calibration,0.8093180706372443,0.5948010683059692,3.4129624366760254,217
CHEMBL239_EC50,molformer,xgboost,11,trained,test,0.8540176905222426,0.5403582453727722,2.555896282196045,152
CHEMBL239_EC50,molformer,xgboost,11,label_permuted,calibration,1.0981450740258218,0.04189860075712204,0.2664024829864502,217
CHEMBL239_EC50,molformer,xgboost,11,label_permuted,test,1.09306711949898,0.033567577600479126,0.2109839916229248,152
CHEMBL239_EC50,molformer,xgboost,23,trained,calibration,0.8167465084971612,0.6091968417167664,3.460095167160034,217
CHEMBL239_EC50,molformer,xgboost,23,trained,test,0.8841957463280145,0.5178482532501221,2.6514246463775635,152
CHEMBL239_EC50,molformer,xgboost,23,label_permuted,calibration,1.0987453826876716,0.05841638520359993,0.5120930671691895,217
CHEMBL239_EC50,molformer,xgboost,23,label_permuted,test,1.0947462177128515,0.0509173683822155,0.37113165855407715,152
CHEMBL239_EC50,molformer,xgboost,42,trained,calibration,0.8158029398713443,0.6357712745666504,3.661710262298584,217
CHEMBL239_EC50,molformer,xgboost,42,trained,test,0.897722175109578,0.5205378532409668,2.632633686065674,152
CHEMBL239_EC50,molformer,xgboost,42,label_permuted,calibration,1.1459565645478018,0.3125147223472595,1.9432847499847412,217
CHEMBL239_EC50,molformer,xgboost,42,label_permuted,test,1.0718915665572442,0.30133894085884094,1.6703691482543945,152
CHEMBL239_EC50,molformer,mlp,11,trained,calibration,0.7138976209339833,0.8094429969787598,4.017477512359619,217
CHEMBL239_EC50,molformer,mlp,11,trained,test,0.9297523796459332,0.8321388959884644,4.26177978515625,152
CHEMBL239_EC50,molformer,mlp,11,label_permuted,calibration,1.1304860396470149,0.12989209592342377,0.6686229705810547,217
CHEMBL239_EC50,molformer,mlp,11,label_permuted,test,1.1293803872601151,0.11548056453466415,0.634223461151123,152
CHEMBL239_EC50,molformer,mlp,23,trained,calibration,0.7437054821122676,0.8363211750984192,4.13302755355835,217
CHEMBL239_EC50,molformer,mlp,23,trained,test,0.9316426722985891,0.8309951424598694,4.190844535827637,152
CHEMBL239_EC50,molformer,mlp,23,label_permuted,calibration,1.0906254962384425,0.16212566196918488,0.7582733631134033,217
CHEMBL239_EC50,molformer,mlp,23,label_permuted,test,1.0938408405182543,0.165983185172081,0.8508493900299072,152
CHEMBL239_EC50,molformer,mlp,42,trained,calibration,0.7257920559016071,0.8216742873191833,3.941309928894043,217
CHEMBL239_EC50,molformer,mlp,42,trained,test,0.9325689972415386,0.8553709983825684,4.151595115661621,152
CHEMBL239_EC50,molformer,mlp,42,label_permuted,calibration,1.077751260744763,0.1444309651851654,0.8571429252624512,217
CHEMBL239_EC50,molformer,mlp,42,label_permuted,test,1.0690869742644282,0.15750500559806824,0.7731540203094482,152
CHEMBL244_Ki,molformer,xgboost,11,trained,calibration,1.0732365227116765,1.051957130432129,5.119946479797363,446
CHEMBL244_Ki,molformer,xgboost,11,trained,test,0.8879107894655216,1.423424482345581,5.437854766845703,395
CHEMBL244_Ki,molformer,xgboost,11,label_permuted,calibration,1.524982783736308,0.028210269287228584,0.19331228733062744,446
CHEMBL244_Ki,molformer,xgboost,11,label_permuted,test,1.8061693721318126,0.030429566279053688,0.1985844373703003,395
CHEMBL244_Ki,molformer,xgboost,23,trained,calibration,1.075279572084437,1.0548301935195923,5.187774181365967,446
CHEMBL244_Ki,molformer,xgboost,23,trained,test,0.8896432116425137,1.4658485651016235,5.336882591247559,395
CHEMBL244_Ki,molformer,xgboost,23,label_permuted,calibration,1.5229809981855815,0.04595506936311722,0.3271876573562622,446
CHEMBL244_Ki,molformer,xgboost,23,label_permuted,test,1.8083742474030795,0.042753081768751144,0.2733635902404785,395
CHEMBL244_Ki,molformer,xgboost,42,trained,calibration,1.0750299893121738,1.040112018585205,5.046878337860107,446
CHEMBL244_Ki,molformer,xgboost,42,trained,test,0.8790738772440186,1.4550987482070923,5.59648323059082,395
CHEMBL244_Ki,molformer,xgboost,42,label_permuted,calibration,1.5130281519316149,0.046495452523231506,0.3893352746963501,446
CHEMBL244_Ki,molformer,xgboost,42,label_permuted,test,1.7879357933788107,0.05225897952914238,0.3751823902130127,395
CHEMBL244_Ki,molformer,mlp,11,trained,calibration,0.9658964337320325,1.177493929862976,5.4406280517578125,446
CHEMBL244_Ki,molformer,mlp,11,trained,test,0.8843975185587218,1.6379787921905518,6.628657341003418,395
CHEMBL244_Ki,molformer,mlp,11,label_permuted,calibration,1.5691185203022795,0.16134785115718842,0.9127451181411743,446
CHEMBL244_Ki,molformer,mlp,11,label_permuted,test,1.8444676699701694,0.1569312959909439,0.8661359548568726,395
CHEMBL244_Ki,molformer,mlp,23,trained,calibration,0.9856050768225291,1.2381036281585693,5.274691581726074,446
CHEMBL244_Ki,molformer,mlp,23,trained,test,0.870777705726276,1.6782268285751343,6.662301063537598,395
CHEMBL244_Ki,molformer,mlp,23,label_permuted,calibration,1.5334339526928176,0.18108916282653809,1.1208820343017578,446
CHEMBL244_Ki,molformer,mlp,23,label_permuted,test,1.761718208668154,0.19340573251247406,1.2745782136917114,395
CHEMBL244_Ki,molformer,mlp,42,trained,calibration,0.9736360264823614,1.2273820638656616,5.604964256286621,446
CHEMBL244_Ki,molformer,mlp,42,trained,test,0.8755229681391032,1.5720064640045166,6.435433387756348,395
CHEMBL244_Ki,molformer,mlp,42,label_permuted,calibration,1.552451591412695,0.2066296488046646,0.9710806608200073,446
CHEMBL244_Ki,molformer,mlp,42,label_permuted,test,1.816744537026142,0.14438070356845856,0.9096746444702148,395
CHEMBL262_Ki,molformer,xgboost,11,trained,calibration,1.0062602901524937,0.4569491744041443,1.921144962310791,34
CHEMBL262_Ki,molformer,xgboost,11,trained,test,0.960415271804911,0.5360636115074158,1.8527010679244995,57
CHEMBL262_Ki,molformer,xgboost,11,label_permuted,calibration,1.1170661166746227,0.08468703180551529,0.35529160499572754,34
CHEMBL262_Ki,molformer,xgboost,11,label_permuted,test,1.266260717408747,0.1093565970659256,0.6052083969116211,57
CHEMBL262_Ki,molformer,xgboost,23,trained,calibration,0.9777326363621615,0.41666460037231445,1.6553460359573364,34
CHEMBL262_Ki,molformer,xgboost,23,trained,test,0.956011668904168,0.48018139600753784,1.6193443536758423,57
CHEMBL262_Ki,molformer,xgboost,23,label_permuted,calibration,1.1297078174331052,0.1383553296327591,0.5593118667602539,34
CHEMBL262_Ki,molformer,xgboost,23,label_permuted,test,1.2438387661796124,0.1923459768295288,0.8965017795562744,57
CHEMBL262_Ki,molformer,xgboost,42,trained,calibration,0.9684831497841679,0.5418546199798584,2.4729013442993164,34
CHEMBL262_Ki,molformer,xgboost,42,trained,test,0.935096233994773,0.592063844203949,2.036679983139038,57
CHEMBL262_Ki,molformer,xgboost,42,label_permuted,calibration,1.0951962854222068,0.021267317235469818,0.07960128784179688,34
CHEMBL262_Ki,molformer,xgboost,42,label_permuted,test,1.2531563486187816,0.026217464357614517,0.08942151069641113,57
CHEMBL262_Ki,molformer,mlp,11,trained,calibration,0.9674908237859972,0.825541615486145,3.4030299186706543,34
CHEMBL262_Ki,molformer,mlp,11,trained,test,1.0535280990003546,0.977709949016571,3.861748456954956,57
CHEMBL262_Ki,molformer,mlp,11,label_permuted,calibration,1.1534410327907918,0.2027706354856491,0.7884154319763184,34
CHEMBL262_Ki,molformer,mlp,11,label_permuted,test,1.3286959598924555,0.22368374466896057,0.9569933414459229,57
CHEMBL262_Ki,molformer,mlp,23,trained,calibration,1.0094113936816524,0.6434370875358582,3.0166611671447754,34
CHEMBL262_Ki,molformer,mlp,23,trained,test,0.9437381465748521,0.8450382351875305,3.0057692527770996,57
CHEMBL262_Ki,molformer,mlp,23,label_permuted,calibration,1.1746764204188267,0.1629529893398285,0.5967447757720947,34
CHEMBL262_Ki,molformer,mlp,23,label_permuted,test,1.302918336796257,0.28343284130096436,1.2068289518356323,57
CHEMBL262_Ki,molformer,mlp,42,trained,calibration,0.9934064931191506,0.8830752372741699,4.0135908126831055,34
CHEMBL262_Ki,molformer,mlp,42,trained,test,1.0305697191355592,1.0378340482711792,4.111764430999756,57
CHEMBL262_Ki,molformer,mlp,42,label_permuted,calibration,1.0630149715298722,0.19818852841854095,0.8243615627288818,34
CHEMBL262_Ki,molformer,mlp,42,label_permuted,test,1.2272500219075055,0.17926527559757233,0.7752285003662109,57
CHEMBL264_Ki,molformer,xgboost,11,trained,calibration,0.7423644407067025,0.6338616609573364,3.6287879943847656,317
CHEMBL264_Ki,molformer,xgboost,11,trained,test,0.8626274636662802,0.49660423398017883,2.969841957092285,236
CHEMBL264_Ki,molformer,xgboost,11,label_permuted,calibration,1.0643815042741631,0.15804041922092438,1.0167343616485596,317
CHEMBL264_Ki,molformer,xgboost,11,label_permuted,test,1.0020415804300875,0.1609739065170288,1.1094099283218384,236
CHEMBL264_Ki,molformer,xgboost,23,trained,calibration,0.7415662072398889,0.6346147656440735,3.544424533843994,317
CHEMBL264_Ki,molformer,xgboost,23,trained,test,0.8861730972089245,0.48069316148757935,2.7820358276367188,236
CHEMBL264_Ki,molformer,xgboost,23,label_permuted,calibration,1.0593689054690796,0.07020159810781479,0.49907493591308594,317
CHEMBL264_Ki,molformer,xgboost,23,label_permuted,test,1.0048579591990046,0.08642207086086273,0.5206562280654907,236
CHEMBL264_Ki,molformer,xgboost,42,trained,calibration,0.7413415605242324,0.6272627115249634,3.3853025436401367,317
CHEMBL264_Ki,molformer,xgboost,42,trained,test,0.8839034032885393,0.48271065950393677,2.5790324211120605,236
CHEMBL264_Ki,molformer,xgboost,42,label_permuted,calibration,1.0643356398396082,0.017905985936522484,0.1661088466644287,317
CHEMBL264_Ki,molformer,xgboost,42,label_permuted,test,1.0042672306108673,0.017866134643554688,0.1169736385345459,236
CHEMBL264_Ki,molformer,mlp,11,trained,calibration,0.6751432328667658,0.8353940844535828,4.762758731842041,317
CHEMBL264_Ki,molformer,mlp,11,trained,test,0.8359907258103404,0.6626326441764832,3.4403538703918457,236
CHEMBL264_Ki,molformer,mlp,11,label_permuted,calibration,1.051533142859038,0.2276400327682495,1.1680049896240234,317
CHEMBL264_Ki,molformer,mlp,11,label_permuted,test,1.0046715695080755,0.1840493232011795,1.14989173412323,236
CHEMBL264_Ki,molformer,mlp,23,trained,calibration,0.6588281216706781,0.8709902763366699,4.923402786254883,317
CHEMBL264_Ki,molformer,mlp,23,trained,test,0.792361548450857,0.724409818649292,3.614131450653076,236
CHEMBL264_Ki,molformer,mlp,23,label_permuted,calibration,1.0584276357573472,0.13635313510894775,0.7662301063537598,317
CHEMBL264_Ki,molformer,mlp,23,label_permuted,test,1.0206754847863426,0.13456059992313385,0.6894956827163696,236
CHEMBL264_Ki,molformer,mlp,42,trained,calibration,0.6936098962508456,0.8310372829437256,4.703085899353027,317
CHEMBL264_Ki,molformer,mlp,42,trained,test,0.8227362656329354,0.6931339502334595,4.309629440307617,236
CHEMBL264_Ki,molformer,mlp,42,label_permuted,calibration,1.0531003524657974,0.13768301904201508,0.7479315996170044,317
CHEMBL264_Ki,molformer,mlp,42,label_permuted,test,0.999653905344001,0.1811029464006424,0.9313642978668213,236
CHEMBL2835_Ki,molformer,xgboost,11,trained,calibration,0.7976529680832796,0.7209925055503845,3.1136786937713623,15
CHEMBL2835_Ki,molformer,xgboost,11,trained,test,0.7844331362635375,0.46822595596313477,1.7065281867980957,16
CHEMBL2835_Ki,molformer,xgboost,11,label_permuted,calibration,1.3983840932184701,0.3105275332927704,0.9072703123092651,15
CHEMBL2835_Ki,molformer,xgboost,11,label_permuted,test,1.040724379001225,0.2523481845855713,0.832487940788269,16
CHEMBL2835_Ki,molformer,xgboost,23,trained,calibration,0.7856078865414853,0.7445333003997803,2.9808194637298584,15
CHEMBL2835_Ki,molformer,xgboost,23,trained,test,0.7550130438151543,0.4726311266422272,1.7374818325042725,16
CHEMBL2835_Ki,molformer,xgboost,23,label_permuted,calibration,1.4273584290967443,0.04424884170293808,0.13319113850593567,15
CHEMBL2835_Ki,molformer,xgboost,23,label_permuted,test,1.0881608117272719,0.008289337158203125,0.018602997064590454,16
CHEMBL2835_Ki,molformer,xgboost,42,trained,calibration,0.8117209881484573,0.7282572984695435,3.218456983566284,15
CHEMBL2835_Ki,molformer,xgboost,42,trained,test,0.7379417244224955,0.5148590803146362,1.827596664428711,16
CHEMBL2835_Ki,molformer,xgboost,42,label_permuted,calibration,1.4466133655596762,0.1603284776210785,0.6669797301292419,15
CHEMBL2835_Ki,molformer,xgboost,42,label_permuted,test,1.1608104980333183,0.25194665789604187,0.7381638884544373,16
CHEMBL2835_Ki,molformer,mlp,11,trained,calibration,0.6984510416173176,0.9768089652061462,3.8133773803710938,15
CHEMBL2835_Ki,molformer,mlp,11,trained,test,0.6090584935564919,0.6158546805381775,2.2745511531829834,16
CHEMBL2835_Ki,molformer,mlp,11,label_permuted,calibration,1.5097421740527908,0.38523027300834656,1.1797294616699219,15
CHEMBL2835_Ki,molformer,mlp,11,label_permuted,test,0.972806834625011,0.3546298146247864,1.0738804340362549,16
CHEMBL2835_Ki,molformer,mlp,23,trained,calibration,0.7212303321576478,1.0289740562438965,4.08189582824707,15
CHEMBL2835_Ki,molformer,mlp,23,trained,test,0.6216056921112231,0.6609905362129211,2.404536724090576,16
CHEMBL2835_Ki,molformer,mlp,23,label_permuted,calibration,1.2742497480727872,0.16723719239234924,0.6273664832115173,15
CHEMBL2835_Ki,molformer,mlp,23,label_permuted,test,1.1335894321015014,0.1346677839756012,0.4863262474536896,16
CHEMBL2835_Ki,molformer,mlp,42,trained,calibration,0.7160659930488684,0.9798954725265503,3.926070213317871,15
CHEMBL2835_Ki,molformer,mlp,42,trained,test,0.6287849972807913,0.7212135791778564,2.4042415618896484,16
CHEMBL2835_Ki,molformer,mlp,42,label_permuted,calibration,1.4999538255578209,0.17015787959098816,0.5481705665588379,15
CHEMBL2835_Ki,molformer,mlp,42,label_permuted,test,1.1979840909254995,0.1995670646429062,0.5876470804214478,16
CHEMBL287_Ki,molformer,xgboost,11,trained,calibration,0.7562985979969306,0.7549440264701843,3.4747681617736816,174
CHEMBL287_Ki,molformer,xgboost,11,trained,test,0.8533603692863111,0.5616565346717834,2.5945119857788086,116
CHEMBL287_Ki,molformer,xgboost,11,label_permuted,calibration,1.1493821184229336,0.1442902386188507,1.0129444599151611,174
CHEMBL287_Ki,molformer,xgboost,11,label_permuted,test,1.2212764278742343,0.12494257092475891,0.5870521068572998,116
CHEMBL287_Ki,molformer,xgboost,23,trained,calibration,0.7810171161685837,0.7005013227462769,3.107126474380493,174
CHEMBL287_Ki,molformer,xgboost,23,trained,test,0.8293854819284378,0.5896168351173401,2.9649722576141357,116
CHEMBL287_Ki,molformer,xgboost,23,label_permuted,calibration,1.1554472946434435,0.025526590645313263,0.15145719051361084,174
CHEMBL287_Ki,molformer,xgboost,23,label_permuted,test,1.2074960350777113,0.022501157596707344,0.11118698120117188,116
CHEMBL287_Ki,molformer,xgboost,42,trained,calibration,0.7800245974403625,0.7317841649055481,3.429752826690674,174
CHEMBL287_Ki,molformer,xgboost,42,trained,test,0.8478006688159663,0.5805118680000305,3.022219657897949,116
CHEMBL287_Ki,molformer,xgboost,42,label_permuted,calibration,1.1641951619790714,0.16894342005252838,0.9672681093215942,174
CHEMBL287_Ki,molformer,xgboost,42,label_permuted,test,1.2101428470152562,0.1620175838470459,0.7808359861373901,116
CHEMBL287_Ki,molformer,mlp,11,trained,calibration,0.7249916076174417,0.9409571290016174,4.21352481842041,174
CHEMBL287_Ki,molformer,mlp,11,trained,test,0.8451812402490166,0.70147705078125,3.7678170204162598,116
CHEMBL287_Ki,molformer,mlp,11,label_permuted,calibration,1.1164135152528316,0.17361076176166534,0.9481902122497559,174
CHEMBL287_Ki,molformer,mlp,11,label_permuted,test,1.2617248440527413,0.1815340518951416,0.9146560430526733,116
CHEMBL287_Ki,molformer,mlp,23,trained,calibration,0.7288130902025513,0.8783400058746338,3.846550464630127,174
CHEMBL287_Ki,molformer,mlp,23,trained,test,0.8312059706306434,0.6695678234100342,3.164442300796509,116
CHEMBL287_Ki,molformer,mlp,23,label_permuted,calibration,1.1403533403019939,0.17138664424419403,0.9547244310379028,174
CHEMBL287_Ki,molformer,mlp,23,label_permuted,test,1.2098586167736634,0.1821197122335434,0.8811348676681519,116
CHEMBL287_Ki,molformer,mlp,42,trained,calibration,0.7352469117775208,1.0039218664169312,4.6129150390625,174
CHEMBL287_Ki,molformer,mlp,42,trained,test,0.7872887873102736,0.6968885064125061,3.6405062675476074,116
CHEMBL287_Ki,molformer,mlp,42,label_permuted,calibration,1.1355607994126065,0.19965478777885437,1.1587283611297607,174
CHEMBL287_Ki,molformer,mlp,42,label_permuted,test,1.183441353734473,0.1993362158536911,1.0248682498931885,116
CHEMBL2971_Ki,molformer,xgboost,11,trained,calibration,0.826314025625897,0.8339467644691467,2.8785781860351562,30
CHEMBL2971_Ki,molformer,xgboost,11,trained,test,0.7107933652880507,1.0188080072402954,3.2221946716308594,53
CHEMBL2971_Ki,molformer,xgboost,11,label_permuted,calibration,1.2400872090651673,0.032762281596660614,0.1325991153717041,30
CHEMBL2971_Ki,molformer,xgboost,11,label_permuted,test,1.1801820943440218,0.03391537070274353,0.12329220771789551,53
CHEMBL2971_Ki,molformer,xgboost,23,trained,calibration,0.8395017060449383,0.6841167211532593,2.3050637245178223,30
CHEMBL2971_Ki,molformer,xgboost,23,trained,test,0.7613508460861057,0.8126271367073059,2.385172128677368,53
CHEMBL2971_Ki,molformer,xgboost,23,label_permuted,calibration,1.2012404011353786,0.10664910823106766,0.4256560206413269,30
CHEMBL2971_Ki,molformer,xgboost,23,label_permuted,test,1.189547680633966,0.1251792162656784,0.5011374950408936,53
CHEMBL2971_Ki,molformer,xgboost,42,trained,calibration,0.8435933356187809,0.7393344640731812,2.6668853759765625,30
CHEMBL2971_Ki,molformer,xgboost,42,trained,test,0.7298940345854871,0.8763564229011536,2.6814846992492676,53
CHEMBL2971_Ki,molformer,xgboost,42,label_permuted,calibration,1.3109376782313737,0.351001113653183,1.4767508506774902,30
CHEMBL2971_Ki,molformer,xgboost,42,label_permuted,test,1.2592056330911112,0.33284881711006165,1.5928282737731934,53
CHEMBL2971_Ki,molformer,mlp,11,trained,calibration,0.678801210835534,1.0681101083755493,3.7908196449279785,30
CHEMBL2971_Ki,molformer,mlp,11,trained,test,0.6430363977566106,1.0283783674240112,3.6558427810668945,53
CHEMBL2971_Ki,molformer,mlp,11,label_permuted,calibration,1.3374454398034294,0.16487669944763184,0.5893592834472656,30
CHEMBL2971_Ki,molformer,mlp,11,label_permuted,test,1.2130788758366702,0.14869631826877594,0.8219753503799438,53
CHEMBL2971_Ki,molformer,mlp,23,trained,calibration,0.7665061551149883,1.0213042497634888,3.7461647987365723,30
CHEMBL2971_Ki,molformer,mlp,23,trained,test,0.6681291488004789,0.9871892333030701,3.778675079345703,53
CHEMBL2971_Ki,molformer,mlp,23,label_permuted,calibration,1.2216844200329249,0.35895803570747375,1.6570913791656494,30
CHEMBL2971_Ki,molformer,mlp,23,label_permuted,test,1.3597120546803527,0.4002993702888489,2.3144588470458984,53
CHEMBL2971_Ki,molformer,mlp,42,trained,calibration,0.685870037367498,1.0516562461853027,3.9355950355529785,30
CHEMBL2971_Ki,molformer,mlp,42,trained,test,0.6559878688626805,1.019333004951477,3.9053502082824707,53
CHEMBL2971_Ki,molformer,mlp,42,label_permuted,calibration,1.326764520689674,0.3426676392555237,1.4356024265289307,30
CHEMBL2971_Ki,molformer,mlp,42,label_permuted,test,1.238760437291093,0.3247818946838379,1.8679269552230835,53
CHEMBL3979_EC50,molformer,xgboost,11,trained,calibration,0.8173357768864947,0.6716722846031189,3.0011110305786133,120
CHEMBL3979_EC50,molformer,xgboost,11,trained,test,0.7854099528045121,0.7182960510253906,2.817157745361328,67
CHEMBL3979_EC50,molformer,xgboost,11,label_permuted,calibration,1.1142391968893042,0.04121632128953934,0.19836735725402832,120
CHEMBL3979_EC50,molformer,xgboost,11,label_permuted,test,1.0594484039352228,0.0373106449842453,0.18947649002075195,67
CHEMBL3979_EC50,molformer,xgboost,23,trained,calibration,0.8099152091469439,0.6781153082847595,2.9799537658691406,120
CHEMBL3979_EC50,molformer,xgboost,23,trained,test,0.7946461942305688,0.7217071056365967,2.670131206512451,67
CHEMBL3979_EC50,molformer,xgboost,23,label_permuted,calibration,1.1132822672521394,0.03540715202689171,0.1545720100402832,120
CHEMBL3979_EC50,molformer,xgboost,23,label_permuted,test,1.0552763813718364,0.051433265209198,0.26163482666015625,67
CHEMBL3979_EC50,molformer,xgboost,42,trained,calibration,0.8504863553710326,0.6458199620246887,2.8958325386047363,120
CHEMBL3979_EC50,molformer,xgboost,42,trained,test,0.7757351972081656,0.7106989026069641,2.468390464782715,67
CHEMBL3979_EC50,molformer,xgboost,42,label_permuted,calibration,1.1081333465175776,0.04930995777249336,0.20676517486572266,120
CHEMBL3979_EC50,molformer,xgboost,42,label_permuted,test,1.0646458442585025,0.06181745231151581,0.24274253845214844,67
CHEMBL3979_EC50,molformer,mlp,11,trained,calibration,0.6863595216069104,0.7851455807685852,3.575754165649414,120
CHEMBL3979_EC50,molformer,mlp,11,trained,test,0.7120405171176148,0.856779932975769,3.0554025173187256,67
CHEMBL3979_EC50,molformer,mlp,11,label_permuted,calibration,1.149431641735128,0.1285904347896576,0.6547627449035645,120
CHEMBL3979_EC50,molformer,mlp,11,label_permuted,test,1.1079303307543669,0.14405390620231628,0.6934527158737183,67
CHEMBL3979_EC50,molformer,mlp,23,trained,calibration,0.7092856615585398,0.7907372713088989,3.600159168243408,120
CHEMBL3979_EC50,molformer,mlp,23,trained,test,0.693078685413606,0.9037914276123047,3.5131301879882812,67
CHEMBL3979_EC50,molformer,mlp,23,label_permuted,calibration,1.1561080226849814,0.1121058315038681,0.5607614517211914,120
CHEMBL3979_EC50,molformer,mlp,23,label_permuted,test,1.1212231498233656,0.1874907910823822,0.8757213354110718,67
CHEMBL3979_EC50,molformer,mlp,42,trained,calibration,0.6746213363002315,0.7986496090888977,3.494015693664551,120
CHEMBL3979_EC50,molformer,mlp,42,trained,test,0.668695645485333,0.9127020239830017,3.363236904144287,67
CHEMBL3979_EC50,molformer,mlp,42,label_permuted,calibration,1.1266214024651284,0.1429465413093567,0.6150013208389282,120
CHEMBL3979_EC50,molformer,mlp,42,label_permuted,test,1.1031899841014368,0.18973612785339355,0.9447095394134521,67
CHEMBL4005_Ki,molformer,xgboost,11,trained,calibration,0.7070703232227112,0.8491202592849731,3.5630736351013184,59
CHEMBL4005_Ki,molformer,xgboost,11,trained,test,0.761056543708319,0.7830564975738525,3.524333953857422,116
CHEMBL4005_Ki,molformer,xgboost,11,label_permuted,calibration,1.0813258105916705,0.13103152811527252,0.4728085994720459,59
CHEMBL4005_Ki,molformer,xgboost,11,label_permuted,test,1.1198862198528294,0.133127823472023,0.6140377521514893,116
CHEMBL4005_Ki,molformer,xgboost,23,trained,calibration,0.7568994901492346,0.8598201870918274,3.8654322624206543,59
CHEMBL4005_Ki,molformer,xgboost,23,trained,test,0.7751235694201513,0.7502462267875671,3.57171630859375,116
CHEMBL4005_Ki,molformer,xgboost,23,label_permuted,calibration,1.1471091132841467,0.06372968852519989,0.37096071243286133,59
CHEMBL4005_Ki,molformer,xgboost,23,label_permuted,test,1.173212178587758,0.04692481458187103,0.2303391695022583,116
CHEMBL4005_Ki,molformer,xgboost,42,trained,calibration,0.7132200133327482,0.8566561341285706,3.619314193725586,59
CHEMBL4005_Ki,molformer,xgboost,42,trained,test,0.7517553688697416,0.726549506187439,3.4760875701904297,116
CHEMBL4005_Ki,molformer,xgboost,42,label_permuted,calibration,1.123871714330382,0.030221017077565193,0.1358119249343872,59
CHEMBL4005_Ki,molformer,xgboost,42,label_permuted,test,1.1708128629820422,0.027568452060222626,0.17184388637542725,116
CHEMBL4005_Ki,molformer,mlp,11,trained,calibration,0.6252866326147649,0.8732482194900513,3.873042345046997,59
CHEMBL4005_Ki,molformer,mlp,11,trained,test,0.7489201003190091,0.82913738489151,3.504199266433716,116
CHEMBL4005_Ki,molformer,mlp,11,label_permuted,calibration,1.1246677013879376,0.40696981549263,1.631093144416809,59
CHEMBL4005_Ki,molformer,mlp,11,label_permuted,test,1.255843570307214,0.47936785221099854,2.5051417350769043,116
CHEMBL4005_Ki,molformer,mlp,23,trained,calibration,0.6055847302995475,0.8919254541397095,4.040274143218994,59
CHEMBL4005_Ki,molformer,mlp,23,trained,test,0.7441783504985677,0.8466867804527283,3.4516963958740234,116
CHEMBL4005_Ki,molformer,mlp,23,label_permuted,calibration,1.345157905938282,0.37181511521339417,1.9082471132278442,59
CHEMBL4005_Ki,molformer,mlp,23,label_permuted,test,1.3447038680456067,0.39511534571647644,1.595759630203247,116
CHEMBL4005_Ki,molformer,mlp,42,trained,calibration,0.5887990630616632,0.8725666999816895,3.861694812774658,59
CHEMBL4005_Ki,molformer,mlp,42,trained,test,0.7768413511248644,0.7816176414489746,3.7027182579040527,116
CHEMBL4005_Ki,molformer,mlp,42,label_permuted,calibration,1.2705700189841878,0.39654242992401123,2.170684814453125,59
CHEMBL4005_Ki,molformer,mlp,42,label_permuted,test,1.2735561947415397,0.2719772756099701,1.527721643447876,116
CHEMBL4203_Ki,molformer,xgboost,11,trained,calibration,0.8525042444833824,0.6226789951324463,1.9775145053863525,13
CHEMBL4203_Ki,molformer,xgboost,11,trained,test,0.8081733237183989,0.788203775882721,2.6413509845733643,18
CHEMBL4203_Ki,molformer,xgboost,11,label_permuted,calibration,1.212856765249875,0.30792558193206787,1.1480976343154907,13
CHEMBL4203_Ki,molformer,xgboost,11,label_permuted,test,1.1924584417079283,0.3060815632343292,1.0440796613693237,18
CHEMBL4203_Ki,molformer,xgboost,23,trained,calibration,0.8258260810397601,0.6352692246437073,2.1502187252044678,13
CHEMBL4203_Ki,molformer,xgboost,23,trained,test,0.850261674600618,0.8390366435050964,2.898681163787842,18
CHEMBL4203_Ki,molformer,xgboost,23,label_permuted,calibration,1.2143935077570343,0.09086986631155014,0.3267509937286377,13
CHEMBL4203_Ki,molformer,xgboost,23,label_permuted,test,1.3264386410172877,0.07657943665981293,0.25264620780944824,18
CHEMBL4203_Ki,molformer,xgboost,42,trained,calibration,0.7917179333667748,0.630604088306427,1.7437360286712646,13
CHEMBL4203_Ki,molformer,xgboost,42,trained,test,0.8334726018561686,0.7852504253387451,2.552401065826416,18
CHEMBL4203_Ki,molformer,xgboost,42,label_permuted,calibration,1.2317755647317077,0.21730086207389832,0.7676751613616943,13
CHEMBL4203_Ki,molformer,xgboost,42,label_permuted,test,1.3633768654769707,0.178403839468956,0.5616655349731445,18
CHEMBL4203_Ki,molformer,mlp,11,trained,calibration,0.7607651047198989,0.8886928558349609,3.028956890106201,13
CHEMBL4203_Ki,molformer,mlp,11,trained,test,0.791321118550029,0.8089913725852966,2.885227680206299,18
CHEMBL4203_Ki,molformer,mlp,11,label_permuted,calibration,1.212361095769969,0.5142268538475037,1.73665452003479,13
CHEMBL4203_Ki,molformer,mlp,11,label_permuted,test,1.2889396840167515,0.4204592704772949,1.4221946001052856,18
CHEMBL4203_Ki,molformer,mlp,23,trained,calibration,0.7400323194456833,0.8648052215576172,3.1281237602233887,13
CHEMBL4203_Ki,molformer,mlp,23,trained,test,0.941531287789166,0.7625418901443481,3.205803871154785,18
CHEMBL4203_Ki,molformer,mlp,23,label_permuted,calibration,1.1878011723123505,0.12073612213134766,0.3501431941986084,13
CHEMBL4203_Ki,molformer,mlp,23,label_permuted,test,1.3533248877066055,0.0835040733218193,0.30109071731567383,18
CHEMBL4203_Ki,molformer,mlp,42,trained,calibration,0.7108264039817284,0.9541085362434387,3.0089173316955566,13
CHEMBL4203_Ki,molformer,mlp,42,trained,test,0.8377308726573256,0.8452373147010803,2.902113914489746,18
CHEMBL4203_Ki,molformer,mlp,42,label_permuted,calibration,1.3905885670207712,0.9391453862190247,2.77862811088562,13
CHEMBL4203_Ki,molformer,mlp,42,label_permuted,test,1.783824198301721,0.9530923366546631,3.39017915725708,18
CHEMBL4616_EC50,molformer,xgboost,11,trained,calibration,0.762960468460564,0.26618996262550354,1.8585054874420166,182
CHEMBL4616_EC50,molformer,xgboost,11,trained,test,0.9145445897289416,0.38141006231307983,1.7735145092010498,68
CHEMBL4616_EC50,molformer,xgboost,11,label_permuted,calibration,0.8215768788306619,0.026564273983240128,0.1422048807144165,182
CHEMBL4616_EC50,molformer,xgboost,11,label_permuted,test,0.9932602917348999,0.02391146309673786,0.1422048807144165,68
CHEMBL4616_EC50,molformer,xgboost,23,trained,calibration,0.7580869905106056,0.2964393198490143,2.381141424179077,182
CHEMBL4616_EC50,molformer,xgboost,23,trained,test,0.9296749338534938,0.41834139823913574,1.836324691772461,68
CHEMBL4616_EC50,molformer,xgboost,23,label_permuted,calibration,0.8217569984460653,0.048808373510837555,0.23039698600769043,182
CHEMBL4616_EC50,molformer,xgboost,23,label_permuted,test,0.9920832361421267,0.05244307592511177,0.23644697666168213,68
CHEMBL4616_EC50,molformer,xgboost,42,trained,calibration,0.7547238911765608,0.30797192454338074,2.1348321437835693,182
CHEMBL4616_EC50,molformer,xgboost,42,trained,test,0.9131402473821643,0.4532913565635681,1.8379192352294922,68
CHEMBL4616_EC50,molformer,xgboost,42,label_permuted,calibration,0.8421575565712314,0.10414950549602509,0.5783860087394714,182
CHEMBL4616_EC50,molformer,xgboost,42,label_permuted,test,0.9930677339093114,0.11008132249116898,0.49710988998413086,68
CHEMBL4616_EC50,molformer,mlp,11,trained,calibration,0.7647851502644801,0.34316641092300415,2.4256210327148438,182
CHEMBL4616_EC50,molformer,mlp,11,trained,test,0.948650582523898,0.4635801315307617,1.8917421102523804,68
CHEMBL4616_EC50,molformer,mlp,11,label_permuted,calibration,0.8246345375229982,0.18531523644924164,1.1018015146255493,182
CHEMBL4616_EC50,molformer,mlp,11,label_permuted,test,1.0342147288090828,0.18239746987819672,0.8641316890716553,68
CHEMBL4616_EC50,molformer,mlp,23,trained,calibration,0.7378487102019821,0.44497740268707275,2.796170234680176,182
CHEMBL4616_EC50,molformer,mlp,23,trained,test,0.8920642867913984,0.4731897711753845,2.223515033721924,68
CHEMBL4616_EC50,molformer,mlp,23,label_permuted,calibration,0.8342770279646299,0.10309366136789322,0.4514257311820984,182
CHEMBL4616_EC50,molformer,mlp,23,label_permuted,test,1.0070415771523058,0.10320304334163666,0.4591792821884155,68
CHEMBL4616_EC50,molformer,mlp,42,trained,calibration,0.7331150284501216,0.4251134991645813,2.948148727416992,182
CHEMBL4616_EC50,molformer,mlp,42,trained,test,0.9152715788576499,0.5153839588165283,2.2274646759033203,68
CHEMBL4616_EC50,molformer,mlp,42,label_permuted,calibration,0.8772463234046823,0.10322564095258713,0.5892801880836487,182
CHEMBL4616_EC50,molformer,mlp,42,label_permuted,test,1.0040355554569291,0.11678487062454224,0.4755542278289795,68
CHEMBL4792_Ki,molformer,xgboost,11,trained,calibration,1.0295797751867073,0.6426317095756531,3.142432689666748,179
CHEMBL4792_Ki,molformer,xgboost,11,trained,test,0.6473483624985705,0.8192885518074036,3.608135938644409,146
CHEMBL4792_Ki,molformer,xgboost,11,label_permuted,calibration,1.3549774774741756,0.032015152275562286,0.17689800262451172,179
CHEMBL4792_Ki,molformer,xgboost,11,label_permuted,test,1.154724145289726,0.02834087610244751,0.17796683311462402,146
CHEMBL4792_Ki,molformer,xgboost,23,trained,calibration,1.031124280722371,0.63871830701828,2.710737705230713,179
CHEMBL4792_Ki,molformer,xgboost,23,trained,test,0.6745691398987267,0.8167032599449158,3.643129348754883,146
CHEMBL4792_Ki,molformer,xgboost,23,label_permuted,calibration,1.381920133256516,0.2789510488510132,1.4005422592163086,179
CHEMBL4792_Ki,molformer,xgboost,23,label_permuted,test,1.1649770024694281,0.28380200266838074,1.373906135559082,146
CHEMBL4792_Ki,molformer,xgboost,42,trained,calibration,1.0622443845353133,0.6408824920654297,2.9845471382141113,179
CHEMBL4792_Ki,molformer,xgboost,42,trained,test,0.6631012185854265,0.8147851228713989,3.6937685012817383,146
CHEMBL4792_Ki,molformer,xgboost,42,label_permuted,calibration,1.353801570484199,0.026414012536406517,0.1541144847869873,179
CHEMBL4792_Ki,molformer,xgboost,42,label_permuted,test,1.1498295657701683,0.02452290616929531,0.1529242992401123,146
CHEMBL4792_Ki,molformer,mlp,11,trained,calibration,0.9734503021133176,0.9015348553657532,4.095644950866699,179
CHEMBL4792_Ki,molformer,mlp,11,trained,test,0.6439462723636618,0.9568871855735779,4.496884346008301,146
CHEMBL4792_Ki,molformer,mlp,11,label_permuted,calibration,1.4265409770900437,0.11252451688051224,0.6161589622497559,179
CHEMBL4792_Ki,molformer,mlp,11,label_permuted,test,1.1890637993022222,0.09486442804336548,0.6087361574172974,146
CHEMBL4792_Ki,molformer,mlp,23,trained,calibration,0.9855134526654997,0.8759480118751526,3.594964027404785,179
CHEMBL4792_Ki,molformer,mlp,23,trained,test,0.6821631366330219,1.0464777946472168,4.840664863586426,146
CHEMBL4792_Ki,molformer,mlp,23,label_permuted,calibration,1.3059290843070828,0.28012409806251526,1.3471975326538086,179
CHEMBL4792_Ki,molformer,mlp,23,label_permuted,test,1.1172676857935366,0.22202664613723755,1.0641118288040161,146
CHEMBL4792_Ki,molformer,mlp,42,trained,calibration,0.9654674290359234,0.8793054223060608,3.6548004150390625,179
CHEMBL4792_Ki,molformer,mlp,42,trained,test,0.6777800179098802,0.9183789491653442,4.145630836486816,146
CHEMBL4792_Ki,molformer,mlp,42,label_permuted,calibration,1.2833352681347683,0.13890340924263,0.6845216751098633,179
CHEMBL4792_Ki,molformer,mlp,42,label_permuted,test,1.1576544505777377,0.1452578753232956,0.6837995052337646,146
CHEMBL1862_Ki,unimol,xgboost,11,trained,calibration,1.1551988308340586,0.8105510473251343,2.9819867610931396,47
CHEMBL1862_Ki,unimol,xgboost,11,trained,test,0.9801638915756665,0.943675696849823,3.7344305515289307,236
CHEMBL1862_Ki,unimol,xgboost,11,label_permuted,calibration,1.7331666603405078,0.04645388200879097,0.12812268733978271,47
CHEMBL1862_Ki,unimol,xgboost,11,label_permuted,test,1.7953269592712173,0.04345526546239853,0.12360882759094238,236
CHEMBL1862_Ki,unimol,xgboost,23,trained,calibration,1.1653635831292262,0.7922347784042358,2.7060723304748535,47
CHEMBL1862_Ki,unimol,xgboost,23,trained,test,0.9640297177767625,0.9305177330970764,3.5995659828186035,236
CHEMBL1862_Ki,unimol,xgboost,23,label_permuted,calibration,1.7679316888920638,0.04498792812228203,0.16658949851989746,47
CHEMBL1862_Ki,unimol,xgboost,23,label_permuted,test,1.8148736209849694,0.048976339399814606,0.16658949851989746,236
CHEMBL1862_Ki,unimol,xgboost,42,trained,calibration,1.1396859889312008,0.847356915473938,2.8600239753723145,47
CHEMBL1862_Ki,unimol,xgboost,42,trained,test,0.9317983177969004,0.9207822680473328,3.738833427429199,236
CHEMBL1862_Ki,unimol,xgboost,42,label_permuted,calibration,1.7325011431977875,0.16099418699741364,0.70754075050354,47
CHEMBL1862_Ki,unimol,xgboost,42,label_permuted,test,1.7900614385876417,0.11350677907466888,0.7669068574905396,236
CHEMBL1862_Ki,unimol,mlp,11,trained,calibration,1.0045017598745785,1.0418047904968262,3.5391035079956055,47
CHEMBL1862_Ki,unimol,mlp,11,trained,test,0.9567273961594984,1.1265958547592163,4.746379375457764,236
CHEMBL1862_Ki,unimol,mlp,11,label_permuted,calibration,1.736800688382104,0.3155961036682129,1.3493225574493408,47
CHEMBL1862_Ki,unimol,mlp,11,label_permuted,test,1.9477621074971485,0.26635465025901794,1.1809048652648926,236
CHEMBL1862_Ki,unimol,mlp,23,trained,calibration,1.0553294735832102,1.0888113975524902,3.3996644020080566,47
CHEMBL1862_Ki,unimol,mlp,23,trained,test,0.9576997874217988,1.1318861246109009,4.58944845199585,236
CHEMBL1862_Ki,unimol,mlp,23,label_permuted,calibration,1.6913478920540168,0.14785104990005493,0.8613886833190918,47
CHEMBL1862_Ki,unimol,mlp,23,label_permuted,test,1.77380931838398,0.1740858256816864,1.080100417137146,236
CHEMBL1862_Ki,unimol,mlp,42,trained,calibration,1.0084986162417313,1.0618175268173218,3.69718074798584,47
CHEMBL1862_Ki,unimol,mlp,42,trained,test,0.9499120495891453,1.1101815700531006,4.763433933258057,236
CHEMBL1862_Ki,unimol,mlp,42,label_permuted,calibration,1.7224944507969027,0.2011708766222,1.0086369514465332,47
CHEMBL1862_Ki,unimol,mlp,42,label_permuted,test,1.88599768971598,0.1554049253463745,1.0772709846496582,236
CHEMBL1871_Ki,unimol,xgboost,11,trained,calibration,0.7462710424552332,0.4457147717475891,2.249523639678955,24
CHEMBL1871_Ki,unimol,xgboost,11,trained,test,0.7444853297159467,0.6577044725418091,2.5731759071350098,57
CHEMBL1871_Ki,unimol,xgboost,11,label_permuted,calibration,0.9540510837785283,0.21232031285762787,0.7733485698699951,24
CHEMBL1871_Ki,unimol,xgboost,11,label_permuted,test,1.146540417836753,0.23452414572238922,1.1954011917114258,57
CHEMBL1871_Ki,unimol,xgboost,23,trained,calibration,0.7217106999610883,0.43172845244407654,2.1567435264587402,24
CHEMBL1871_Ki,unimol,xgboost,23,trained,test,0.7761558772964464,0.6596711277961731,2.416886568069458,57
CHEMBL1871_Ki,unimol,xgboost,23,label_permuted,calibration,0.9284176849849513,0.04180695489048958,0.13537776470184326,24
CHEMBL1871_Ki,unimol,xgboost,23,label_permuted,test,1.0555219386977253,0.035430993884801865,0.19419336318969727,57
CHEMBL1871_Ki,unimol,xgboost,42,trained,calibration,0.7373456324646062,0.46180546283721924,2.0994887351989746,24
CHEMBL1871_Ki,unimol,xgboost,42,trained,test,0.7716815165442763,0.6779655814170837,2.5206871032714844,57
CHEMBL1871_Ki,unimol,xgboost,42,label_permuted,calibration,0.9154639300955053,0.035318344831466675,0.15875005722045898,24
CHEMBL1871_Ki,unimol,xgboost,42,label_permuted,test,1.0448591266936467,0.03643662482500076,0.18619811534881592,57
CHEMBL1871_Ki,unimol,mlp,11,trained,calibration,0.7014662143418259,0.6419016718864441,2.810432195663452,24
CHEMBL1871_Ki,unimol,mlp,11,trained,test,0.8113536450519094,0.7586411237716675,2.8832454681396484,57
CHEMBL1871_Ki,unimol,mlp,11,label_permuted,calibration,1.1159546458589054,0.4901547431945801,1.9058949947357178,24
CHEMBL1871_Ki,unimol,mlp,11,label_permuted,test,1.317890632091642,0.6195665001869202,2.857534646987915,57
CHEMBL1871_Ki,unimol,mlp,23,trained,calibration,0.7638647513959133,0.6593874096870422,2.710782051086426,24
CHEMBL1871_Ki,unimol,mlp,23,trained,test,0.8074500061951685,0.7640106678009033,3.1086506843566895,57
CHEMBL1871_Ki,unimol,mlp,23,label_permuted,calibration,0.8642126728920805,0.12966278195381165,0.609563946723938,24
CHEMBL1871_Ki,unimol,mlp,23,label_permuted,test,1.0320686212280872,0.11465299129486084,0.42435312271118164,57
CHEMBL1871_Ki,unimol,mlp,42,trained,calibration,0.7458951995451699,0.6274665594100952,2.678459644317627,24
CHEMBL1871_Ki,unimol,mlp,42,trained,test,0.8623491321139332,0.8154307007789612,3.300537109375,57
CHEMBL1871_Ki,unimol,mlp,42,label_permuted,calibration,1.0240898091897883,0.31660324335098267,1.3612642288208008,24
CHEMBL1871_Ki,unimol,mlp,42,label_permuted,test,1.1373224392317376,0.37732023000717163,1.9173640012741089,57
CHEMBL2034_Ki,unimol,xgboost,11,trained,calibration,1.0037948012181452,0.16442300379276276,0.6542837619781494,38
CHEMBL2034_Ki,unimol,xgboost,11,trained,test,1.0357392594657369,0.16533686220645905,0.6683282852172852,113
CHEMBL2034_Ki,unimol,xgboost,11,label_permuted,calibration,1.0100079066845202,0.04296506941318512,0.13421905040740967,38
CHEMBL2034_Ki,unimol,xgboost,11,label_permuted,test,1.0670687116469944,0.028378114104270935,0.13245439529418945,113
CHEMBL2034_Ki,unimol,xgboost,23,trained,calibration,1.0051088959260472,0.343278706073761,1.6013562679290771,38
CHEMBL2034_Ki,unimol,xgboost,23,trained,test,0.9763451906653964,0.349448025226593,1.5985982418060303,113
CHEMBL2034_Ki,unimol,xgboost,23,label_permuted,calibration,1.0315328267985762,0.08866605162620544,0.4565877914428711,38
CHEMBL2034_Ki,unimol,xgboost,23,label_permuted,test,1.0871714983730465,0.07104773819446564,0.27497565746307373,113
CHEMBL2034_Ki,unimol,xgboost,42,trained,calibration,0.9853780873322988,0.37442633509635925,1.7533440589904785,38
CHEMBL2034_Ki,unimol,xgboost,42,trained,test,1.007976902999866,0.39327889680862427,1.5827727317810059,113
CHEMBL2034_Ki,unimol,xgboost,42,label_permuted,calibration,1.0300531667116735,0.1615104079246521,0.7945306301116943,38
CHEMBL2034_Ki,unimol,xgboost,42,label_permuted,test,1.0716310162248,0.1163608506321907,0.7342290878295898,113
CHEMBL2034_Ki,unimol,mlp,11,trained,calibration,1.0234291134556193,0.5204358696937561,2.129107713699341,38
CHEMBL2034_Ki,unimol,mlp,11,trained,test,0.9146204818503465,0.5766052603721619,2.6903505325317383,113
CHEMBL2034_Ki,unimol,mlp,11,label_permuted,calibration,1.0193575422428125,0.27416762709617615,1.0759426355361938,38
CHEMBL2034_Ki,unimol,mlp,11,label_permuted,test,1.0521836122872088,0.22799508273601532,1.1105806827545166,113
CHEMBL2034_Ki,unimol,mlp,23,trained,calibration,1.0211414469032878,0.4084235727787018,1.514439582824707,38
CHEMBL2034_Ki,unimol,mlp,23,trained,test,1.038647446877736,0.3597504496574402,1.5945196151733398,113
CHEMBL2034_Ki,unimol,mlp,23,label_permuted,calibration,1.054708975114121,0.18622739613056183,0.8676030039787292,38
CHEMBL2034_Ki,unimol,mlp,23,label_permuted,test,1.0728759140620536,0.1298827826976776,0.6666226387023926,113
CHEMBL2034_Ki,unimol,mlp,42,trained,calibration,1.0373030946777158,0.535936713218689,2.4163246154785156,38
CHEMBL2034_Ki,unimol,mlp,42,trained,test,0.9406297892705208,0.600588321685791,2.5379271507263184,113
CHEMBL2034_Ki,unimol,mlp,42,label_permuted,calibration,1.1060674010187235,0.291547566652298,1.1252861022949219,38
CHEMBL2034_Ki,unimol,mlp,42,label_permuted,test,1.1023182001539138,0.20784175395965576,1.1573328971862793,113
CHEMBL204_Ki,unimol,xgboost,11,trained,calibration,1.2818982415066178,0.7536107301712036,3.6537251472473145,230
CHEMBL204_Ki,unimol,xgboost,11,trained,test,1.4912703326774464,0.7996615171432495,4.397815704345703,360
CHEMBL204_Ki,unimol,xgboost,11,label_permuted,calibration,1.4887861862076763,0.06214739382266998,0.42604875564575195,230
CHEMBL204_Ki,unimol,xgboost,11,label_permuted,test,1.683067221742329,0.05957915261387825,0.38245689868927,360
CHEMBL204_Ki,unimol,xgboost,23,trained,calibration,1.2737738978247046,0.7490025758743286,3.699355363845825,230
CHEMBL204_Ki,unimol,xgboost,23,trained,test,1.4876006565177682,0.7647423148155212,4.2479963302612305,360
CHEMBL204_Ki,unimol,xgboost,23,label_permuted,calibration,1.4742605036658438,0.08291631937026978,0.6862995624542236,230
CHEMBL204_Ki,unimol,xgboost,23,label_permuted,test,1.6841284661708609,0.07839933037757874,0.5225100517272949,360
CHEMBL204_Ki,unimol,xgboost,42,trained,calibration,1.2614059296655644,0.7328148484230042,3.867499589920044,230
CHEMBL204_Ki,unimol,xgboost,42,trained,test,1.4902124565782446,0.7836558818817139,4.318969249725342,360
CHEMBL204_Ki,unimol,xgboost,42,label_permuted,calibration,1.490284450184648,0.06820271909236908,0.4008524417877197,230
CHEMBL204_Ki,unimol,xgboost,42,label_permuted,test,1.6915300072904307,0.07047177851200104,0.4746962785720825,360
CHEMBL204_Ki,unimol,mlp,11,trained,calibration,1.159687602629846,1.0222301483154297,4.994833946228027,230
CHEMBL204_Ki,unimol,mlp,11,trained,test,1.4400333803334593,1.0602449178695679,6.124505043029785,360
CHEMBL204_Ki,unimol,mlp,11,label_permuted,calibration,1.499188760096696,0.1944861263036728,1.0290616750717163,230
CHEMBL204_Ki,unimol,mlp,11,label_permuted,test,1.6872274390614403,0.22005398571491241,1.090543270111084,360
CHEMBL204_Ki,unimol,mlp,23,trained,calibration,1.1599906520631278,1.036474347114563,5.575504779815674,230
CHEMBL204_Ki,unimol,mlp,23,trained,test,1.4894525519449215,1.044667363166809,5.749912261962891,360
CHEMBL204_Ki,unimol,mlp,23,label_permuted,calibration,1.5209564350768674,0.19144369661808014,1.1279752254486084,230
CHEMBL204_Ki,unimol,mlp,23,label_permuted,test,1.7274505264772104,0.16214726865291595,0.9962453842163086,360
CHEMBL204_Ki,unimol,mlp,42,trained,calibration,1.1764243765478348,1.0684356689453125,5.416152477264404,230
CHEMBL204_Ki,unimol,mlp,42,trained,test,1.4769805639301476,1.096547245979309,6.290651321411133,360
CHEMBL204_Ki,unimol,mlp,42,label_permuted,calibration,1.5082194515392862,0.16731803119182587,0.9441897869110107,230
CHEMBL204_Ki,unimol,mlp,42,label_permuted,test,1.6733427646011494,0.15727220475673676,0.9901118278503418,360
CHEMBL2047_EC50,unimol,xgboost,11,trained,calibration,0.9929871828302709,0.19395600259304047,0.8776941299438477,44
CHEMBL2047_EC50,unimol,xgboost,11,trained,test,0.8144900087196891,0.34902456402778625,1.6662614345550537,91
CHEMBL2047_EC50,unimol,xgboost,11,label_permuted,calibration,1.0338467934807565,0.02542082965373993,0.1197960376739502,44
CHEMBL2047_EC50,unimol,xgboost,11,label_permuted,test,0.7653688664082324,0.033839400857686996,0.12540864944458008,91
CHEMBL2047_EC50,unimol,xgboost,23,trained,calibration,0.9874683097390012,0.22276854515075684,1.116575002670288,44
CHEMBL2047_EC50,unimol,xgboost,23,trained,test,0.7987239928332237,0.3831288814544678,1.79044508934021,91
CHEMBL2047_EC50,unimol,xgboost,23,label_permuted,calibration,1.03888786970917,0.10595976561307907,0.44834327697753906,44
CHEMBL2047_EC50,unimol,xgboost,23,label_permuted,test,0.7801580809302976,0.12074403464794159,0.6679577827453613,91
CHEMBL2047_EC50,unimol,xgboost,42,trained,calibration,1.0056537899545444,0.2236877977848053,1.058905839920044,44
CHEMBL2047_EC50,unimol,xgboost,42,trained,test,0.8385510453989032,0.3620058298110962,1.819727897644043,91
CHEMBL2047_EC50,unimol,xgboost,42,label_permuted,calibration,1.0347125560015995,0.03995534032583237,0.17648887634277344,44
CHEMBL2047_EC50,unimol,xgboost,42,label_permuted,test,0.7718464834528656,0.04766849800944328,0.2080986499786377,91
CHEMBL2047_EC50,unimol,mlp,11,trained,calibration,0.8926348845550648,0.4592038691043854,2.244067668914795,44
CHEMBL2047_EC50,unimol,mlp,11,trained,test,0.8635138634108337,0.6592596173286438,3.3153345584869385,91
CHEMBL2047_EC50,unimol,mlp,11,label_permuted,calibration,1.0188924607910295,0.2945288121700287,1.1104788780212402,44
CHEMBL2047_EC50,unimol,mlp,11,label_permuted,test,0.7729597060840974,0.17745760083198547,1.180828332901001,91
CHEMBL2047_EC50,unimol,mlp,23,trained,calibration,0.909092064065633,0.4997101426124573,2.6549768447875977,44
CHEMBL2047_EC50,unimol,mlp,23,trained,test,0.863043325096959,0.6760898232460022,3.2993805408477783,91
CHEMBL2047_EC50,unimol,mlp,23,label_permuted,calibration,1.0126350995577145,0.09462158381938934,0.49926090240478516,44
CHEMBL2047_EC50,unimol,mlp,23,label_permuted,test,0.8041129792695291,0.09747382998466492,0.644176721572876,91
CHEMBL2047_EC50,unimol,mlp,42,trained,calibration,0.9202052690246103,0.4881330728530884,2.3507790565490723,44
CHEMBL2047_EC50,unimol,mlp,42,trained,test,0.8595357224417923,0.6593490242958069,3.093552589416504,91
CHEMBL2047_EC50,unimol,mlp,42,label_permuted,calibration,1.0616041221241093,0.11169268190860748,0.4879136085510254,44
CHEMBL2047_EC50,unimol,mlp,42,label_permuted,test,0.7780622679153649,0.12130372226238251,0.5817935466766357,91
CHEMBL214_Ki,unimol,xgboost,11,trained,calibration,1.0622015141109478,0.40286681056022644,2.059211015701294,332
CHEMBL214_Ki,unimol,xgboost,11,trained,test,1.0606751197567617,0.2934490740299225,1.798345923423767,309
CHEMBL214_Ki,unimol,xgboost,11,label_permuted,calibration,1.1250832314961787,0.0461699552834034,0.40401995182037354,332
CHEMBL214_Ki,unimol,xgboost,11,label_permuted,test,1.148882254291966,0.04381454363465309,0.42225754261016846,309
CHEMBL214_Ki,unimol,xgboost,23,trained,calibration,1.0597846170446785,0.470098078250885,2.3735504150390625,332
CHEMBL214_Ki,unimol,xgboost,23,trained,test,1.0629359641143385,0.3343082070350647,2.0871682167053223,309
CHEMBL214_Ki,unimol,xgboost,23,label_permuted,calibration,1.124933558727316,0.02607424557209015,0.24216806888580322,332
CHEMBL214_Ki,unimol,xgboost,23,label_permuted,test,1.1522562284692335,0.02688611112535,0.2000507116317749,309
CHEMBL214_Ki,unimol,xgboost,42,trained,calibration,1.057839269031704,0.43262675404548645,2.0918684005737305,332
CHEMBL214_Ki,unimol,xgboost,42,trained,test,1.0606961364808078,0.316551148891449,1.9742021560668945,309
CHEMBL214_Ki,unimol,xgboost,42,label_permuted,calibration,1.1237877566367027,0.01491093635559082,0.1546398401260376,332
CHEMBL214_Ki,unimol,xgboost,42,label_permuted,test,1.147443120290528,0.014348243363201618,0.10932159423828125,309
CHEMBL214_Ki,unimol,mlp,11,trained,calibration,1.0393355734957797,0.7588055729866028,4.418372631072998,332
CHEMBL214_Ki,unimol,mlp,11,trained,test,0.9721431067988849,0.6831963658332825,4.096416473388672,309
CHEMBL214_Ki,unimol,mlp,11,label_permuted,calibration,1.1594308454116844,0.15193237364292145,1.1094071865081787,332
CHEMBL214_Ki,unimol,mlp,11,label_permuted,test,1.1641917316976085,0.159836083650589,1.1685967445373535,309
CHEMBL214_Ki,unimol,mlp,23,trained,calibration,1.034802127941673,0.7751976847648621,4.675715446472168,332
CHEMBL214_Ki,unimol,mlp,23,trained,test,0.9967977392218472,0.7581971883773804,4.368768215179443,309
CHEMBL214_Ki,unimol,mlp,23,label_permuted,calibration,1.1508760577665482,0.1541796326637268,1.0091638565063477,332
CHEMBL214_Ki,unimol,mlp,23,label_permuted,test,1.1961819846051371,0.1640675663948059,0.9011942148208618,309
CHEMBL214_Ki,unimol,mlp,42,trained,calibration,1.0604939315816517,0.6564130783081055,4.275966167449951,332
CHEMBL214_Ki,unimol,mlp,42,trained,test,0.9553217040951583,0.5682930946350098,3.9706571102142334,309
CHEMBL214_Ki,unimol,mlp,42,label_permuted,calibration,1.133835955035343,0.16947245597839355,0.8813763856887817,332
CHEMBL214_Ki,unimol,mlp,42,label_permuted,test,1.1663648635052588,0.1787347048521042,1.1548435688018799,309
CHEMBL2147_Ki,unimol,xgboost,11,trained,calibration,0.948616653188512,1.488332748413086,5.143660068511963,47
CHEMBL2147_Ki,unimol,xgboost,11,trained,test,1.1666075260068047,1.719142198562622,5.340136528015137,41
CHEMBL2147_Ki,unimol,xgboost,11,label_permuted,calibration,1.6969205200384356,0.30498388409614563,1.2886066436767578,47
CHEMBL2147_Ki,unimol,xgboost,11,label_permuted,test,1.9151250264561366,0.28982701897621155,1.43638014793396,41
CHEMBL2147_Ki,unimol,xgboost,23,trained,calibration,0.882554210586363,1.4581995010375977,5.079213619232178,47
CHEMBL2147_Ki,unimol,xgboost,23,trained,test,1.1670997474294256,1.7460190057754517,5.772540092468262,41
CHEMBL2147_Ki,unimol,xgboost,23,label_permuted,calibration,1.7129854112973721,0.09488578885793686,0.4069211483001709,47
CHEMBL2147_Ki,unimol,xgboost,23,label_permuted,test,1.9838296936987998,0.06821496784687042,0.33647650480270386,41
CHEMBL2147_Ki,unimol,xgboost,42,trained,calibration,0.9454474549865441,1.4163622856140137,4.228550434112549,47
CHEMBL2147_Ki,unimol,xgboost,42,trained,test,1.1394857177676248,1.5549426078796387,4.761489391326904,41
CHEMBL2147_Ki,unimol,xgboost,42,label_permuted,calibration,1.7651076782707913,0.3065778613090515,1.1557681560516357,47
CHEMBL2147_Ki,unimol,xgboost,42,label_permuted,test,2.0111553699524616,0.354841023683548,1.511951208114624,41
CHEMBL2147_Ki,unimol,mlp,11,trained,calibration,0.7409223514908433,1.5177353620529175,5.119767189025879,47
CHEMBL2147_Ki,unimol,mlp,11,trained,test,1.149774823741348,1.8694326877593994,6.574682235717773,41
CHEMBL2147_Ki,unimol,mlp,11,label_permuted,calibration,1.624875944243972,0.2030518651008606,1.1109980344772339,47
CHEMBL2147_Ki,unimol,mlp,11,label_permuted,test,1.965680772629952,0.24513375759124756,1.1851582527160645,41
CHEMBL2147_Ki,unimol,mlp,23,trained,calibration,0.7708379427454143,1.509771704673767,5.442912578582764,47
CHEMBL2147_Ki,unimol,mlp,23,trained,test,1.1130250334790597,1.9013409614562988,6.295586109161377,41
CHEMBL2147_Ki,unimol,mlp,23,label_permuted,calibration,1.7492019332206854,0.23598560690879822,1.2107629776000977,47
CHEMBL2147_Ki,unimol,mlp,23,label_permuted,test,2.0133772744611,0.24123166501522064,0.8841680288314819,41
CHEMBL2147_Ki,unimol,mlp,42,trained,calibration,0.7397006886462402,1.564864993095398,5.452117443084717,47
CHEMBL2147_Ki,unimol,mlp,42,trained,test,1.0714996325678692,1.8233709335327148,6.607246398925781,41
CHEMBL2147_Ki,unimol,mlp,42,label_permuted,calibration,1.876827747869292,0.2420155107975006,1.0363703966140747,47
CHEMBL2147_Ki,unimol,mlp,42,label_permuted,test,2.080067121449769,0.23281441628932953,0.9016776084899902,41
CHEMBL218_EC50,unimol,xgboost,11,trained,calibration,0.9376896984184158,0.49323928356170654,2.0762100219726562,93
CHEMBL218_EC50,unimol,xgboost,11,trained,test,1.0316932188159689,0.4394361674785614,1.679577350616455,100
CHEMBL218_EC50,unimol,xgboost,11,label_permuted,calibration,1.0297155813460321,0.03588332608342171,0.11974835395812988,93
CHEMBL218_EC50,unimol,xgboost,11,label_permuted,test,1.110130482642388,0.030564382672309875,0.11974835395812988,100
CHEMBL218_EC50,unimol,xgboost,23,trained,calibration,0.9071085250491743,0.4687618613243103,1.8040904998779297,93
CHEMBL218_EC50,unimol,xgboost,23,trained,test,1.0406937951611248,0.40237483382225037,1.549609661102295,100
CHEMBL218_EC50,unimol,xgboost,23,label_permuted,calibration,1.0294482935907665,0.02362130582332611,0.1331031322479248,93
CHEMBL218_EC50,unimol,xgboost,23,label_permuted,test,1.1040367853801771,0.0238332636654377,0.1331031322479248,100
CHEMBL218_EC50,unimol,xgboost,42,trained,calibration,0.9354027177128881,0.5412264466285706,2.272648334503174,93
CHEMBL218_EC50,unimol,xgboost,42,trained,test,1.0491021222861145,0.4218534231185913,1.5766931772232056,100
CHEMBL218_EC50,unimol,xgboost,42,label_permuted,calibration,1.027154303078987,0.023790597915649414,0.13059449195861816,93
CHEMBL218_EC50,unimol,xgboost,42,label_permuted,test,1.1093141780889797,0.030818931758403778,0.13262534141540527,100
CHEMBL218_EC50,unimol,mlp,11,trained,calibration,0.9442660947927316,0.45922353863716125,1.6722818613052368,93
CHEMBL218_EC50,unimol,mlp,11,trained,test,1.1139043302461944,0.38980814814567566,1.6184829473495483,100
CHEMBL218_EC50,unimol,mlp,11,label_permuted,calibration,1.015656045292486,0.12567023932933807,0.6162012815475464,93
CHEMBL218_EC50,unimol,mlp,11,label_permuted,test,1.1031006699599548,0.11677246540784836,0.615863561630249,100
CHEMBL218_EC50,unimol,mlp,23,trained,calibration,0.9500926825837928,0.3573945164680481,1.4623215198516846,93
CHEMBL218_EC50,unimol,mlp,23,trained,test,1.130148392360843,0.31131798028945923,1.2328684329986572,100
CHEMBL218_EC50,unimol,mlp,23,label_permuted,calibration,1.020400922370054,0.10547398030757904,0.6476976871490479,93
CHEMBL218_EC50,unimol,mlp,23,label_permuted,test,1.1082836209288895,0.07368167489767075,0.4141509532928467,100
CHEMBL218_EC50,unimol,mlp,42,trained,calibration,0.9590076202869467,0.36745837330818176,1.5711510181427002,93
CHEMBL218_EC50,unimol,mlp,42,trained,test,1.1354716693026472,0.3389914631843567,1.3549158573150635,100
CHEMBL218_EC50,unimol,mlp,42,label_permuted,calibration,1.0206431905943987,0.11544834822416306,0.544497013092041,93
CHEMBL218_EC50,unimol,mlp,42,label_permuted,test,1.113779271144666,0.10048909485340118,0.5127131938934326,100
CHEMBL219_Ki,unimol,xgboost,11,trained,calibration,0.95328448477776,0.3076663017272949,1.3829424381256104,152
CHEMBL219_Ki,unimol,xgboost,11,trained,test,1.0705136298105258,0.2655436098575592,1.1212445497512817,163
CHEMBL219_Ki,unimol,xgboost,11,label_permuted,calibration,1.0074640307383218,0.14864492416381836,0.699970006942749,152
CHEMBL219_Ki,unimol,xgboost,11,label_permuted,test,1.1256040964510243,0.1248684972524643,0.7381892204284668,163
CHEMBL219_Ki,unimol,xgboost,23,trained,calibration,0.9489178906786242,0.285340279340744,1.2409182786941528,152
CHEMBL219_Ki,unimol,xgboost,23,trained,test,1.069775968967006,0.24883925914764404,1.12969172000885,163
CHEMBL219_Ki,unimol,xgboost,23,label_permuted,calibration,1.018688920887261,0.1280185580253601,0.7595471143722534,152
CHEMBL219_Ki,unimol,xgboost,23,label_permuted,test,1.1456454325267469,0.12401500344276428,0.5648709535598755,163
CHEMBL219_Ki,unimol,xgboost,42,trained,calibration,0.9534391292031721,0.47967204451560974,2.214430809020996,152
CHEMBL219_Ki,unimol,xgboost,42,trained,test,0.9755110917196453,0.44128626585006714,2.2309982776641846,163
CHEMBL219_Ki,unimol,xgboost,42,label_permuted,calibration,1.0043471737361767,0.01798655465245247,0.14562439918518066,152
CHEMBL219_Ki,unimol,xgboost,42,label_permuted,test,1.1332231500770196,0.01635291799902916,0.14562439918518066,163
CHEMBL219_Ki,unimol,mlp,11,trained,calibration,0.9446092937779583,0.6723843216896057,2.9547953605651855,152
CHEMBL219_Ki,unimol,mlp,11,trained,test,0.9361324190122627,0.6235462427139282,2.816575527191162,163
CHEMBL219_Ki,unimol,mlp,11,label_permuted,calibration,0.9721667731836728,0.1561196744441986,0.7963199615478516,152
CHEMBL219_Ki,unimol,mlp,11,label_permuted,test,1.1104444265325097,0.13175663352012634,0.7930507659912109,163
CHEMBL219_Ki,unimol,mlp,23,trained,calibration,0.9619227375084711,0.5543578267097473,2.583340883255005,152
CHEMBL219_Ki,unimol,mlp,23,trained,test,0.9792516989343829,0.4850545823574066,2.164602279663086,163
CHEMBL219_Ki,unimol,mlp,23,label_permuted,calibration,1.021623007591897,0.1657308042049408,0.7494692802429199,152
CHEMBL219_Ki,unimol,mlp,23,label_permuted,test,1.157364797584893,0.15776406228542328,0.7891476154327393,163
CHEMBL219_Ki,unimol,mlp,42,trained,calibration,0.936838775148203,0.6677930355072021,3.3372716903686523,152
CHEMBL219_Ki,unimol,mlp,42,trained,test,0.9186112772733773,0.7032886147499084,3.17268705368042,163
CHEMBL219_Ki,unimol,mlp,42,label_permuted,calibration,1.0102736119468299,0.14107884466648102,0.856074333190918,152
CHEMBL219_Ki,unimol,mlp,42,label_permuted,test,1.1456306046985105,0.130762979388237,0.739446759223938,163
CHEMBL228_Ki,unimol,xgboost,11,trained,calibration,0.9969572625254841,0.5827865600585938,3.1086087226867676,181
CHEMBL228_Ki,unimol,xgboost,11,trained,test,1.251666674522945,0.5024169087409973,2.458280563354492,216
CHEMBL228_Ki,unimol,xgboost,11,label_permuted,calibration,1.1655150701725991,0.05347568541765213,0.29094529151916504,181
CHEMBL228_Ki,unimol,xgboost,11,label_permuted,test,1.3052222246839889,0.04607992246747017,0.23967969417572021,216
CHEMBL228_Ki,unimol,xgboost,23,trained,calibration,1.013462463974826,0.6095994710922241,3.2793209552764893,181
CHEMBL228_Ki,unimol,xgboost,23,trained,test,1.239691139256237,0.48131731152534485,2.49135684967041,216
CHEMBL228_Ki,unimol,xgboost,23,label_permuted,calibration,1.1634474287856906,0.04206741228699684,0.2535836696624756,181
CHEMBL228_Ki,unimol,xgboost,23,label_permuted,test,1.304842499988292,0.049889467656612396,0.32111656665802,216
CHEMBL228_Ki,unimol,xgboost,42,trained,calibration,1.0235402295918894,0.5931931138038635,2.7795398235321045,181
CHEMBL228_Ki,unimol,xgboost,42,trained,test,1.2408914582571422,0.5155029892921448,2.6563777923583984,216
CHEMBL228_Ki,unimol,xgboost,42,label_permuted,calibration,1.1635077774089546,0.05719446763396263,0.3033198118209839,181
CHEMBL228_Ki,unimol,xgboost,42,label_permuted,test,1.3140443616923838,0.05861691012978554,0.3264176845550537,216
CHEMBL228_Ki,unimol,mlp,11,trained,calibration,0.9749247436334503,0.5792916417121887,3.3905258178710938,181
CHEMBL228_Ki,unimol,mlp,11,trained,test,1.2335929324610624,0.482409805059433,2.361464023590088,216
CHEMBL228_Ki,unimol,mlp,11,label_permuted,calibration,1.135098958259772,0.14500433206558228,0.6799119710922241,181
CHEMBL228_Ki,unimol,mlp,11,label_permuted,test,1.294267768267783,0.1347610354423523,0.7333422899246216,216
CHEMBL228_Ki,unimol,mlp,23,trained,calibration,0.960316340956748,0.8708115816116333,4.649679660797119,181
CHEMBL228_Ki,unimol,mlp,23,trained,test,1.1064641669772073,0.7907072901725769,4.601661682128906,216
CHEMBL228_Ki,unimol,mlp,23,label_permuted,calibration,1.11260189275572,0.21282318234443665,1.0327205657958984,181
CHEMBL228_Ki,unimol,mlp,23,label_permuted,test,1.2816555032793733,0.17590489983558655,0.8905775547027588,216
CHEMBL228_Ki,unimol,mlp,42,trained,calibration,0.9663032273292435,0.7953253388404846,5.37589168548584,181
CHEMBL228_Ki,unimol,mlp,42,trained,test,1.1061217195951722,0.7480705976486206,4.324824333190918,216
CHEMBL228_Ki,unimol,mlp,42,label_permuted,calibration,1.2045429345852123,0.13426032662391663,1.0225721597671509,181
CHEMBL228_Ki,unimol,mlp,42,label_permuted,test,1.3226493154795742,0.13412228226661682,0.6697779893875122,216
CHEMBL231_Ki,unimol,xgboost,11,trained,calibration,1.1223321647316953,0.7008955478668213,2.6719183921813965,47
CHEMBL231_Ki,unimol,xgboost,11,trained,test,1.0109416672681146,0.7466702461242676,3.5601768493652344,79
CHEMBL231_Ki,unimol,xgboost,11,label_permuted,calibration,1.300745828965344,0.03875783458352089,0.15392529964447021,47
CHEMBL231_Ki,unimol,xgboost,11,label_permuted,test,1.2379403592751363,0.03556523099541664,0.12671172618865967,79
CHEMBL231_Ki,unimol,xgboost,23,trained,calibration,1.1201524670739615,0.6856686472892761,2.912475824356079,47
CHEMBL231_Ki,unimol,xgboost,23,trained,test,0.9872970505295479,0.7446349263191223,3.0231966972351074,79
CHEMBL231_Ki,unimol,xgboost,23,label_permuted,calibration,1.286890593068833,0.09355059266090393,0.40583276748657227,47
CHEMBL231_Ki,unimol,xgboost,23,label_permuted,test,1.2253925550869402,0.10093154013156891,0.5109500885009766,79
CHEMBL231_Ki,unimol,xgboost,42,trained,calibration,1.170641797011928,0.6325944662094116,2.697706937789917,47
CHEMBL231_Ki,unimol,xgboost,42,trained,test,1.0589581527474656,0.7064433693885803,2.5988454818725586,79
CHEMBL231_Ki,unimol,xgboost,42,label_permuted,calibration,1.305004104300874,0.027604009956121445,0.14047563076019287,47
CHEMBL231_Ki,unimol,xgboost,42,label_permuted,test,1.245353933528147,0.034768179059028625,0.1421809196472168,79
CHEMBL231_Ki,unimol,mlp,11,trained,calibration,0.9429525757977186,0.8729022741317749,3.4096224308013916,47
CHEMBL231_Ki,unimol,mlp,11,trained,test,0.9266714652769682,0.9373594522476196,4.133386611938477,79
CHEMBL231_Ki,unimol,mlp,11,label_permuted,calibration,1.3134748380855317,0.16104939579963684,0.7864880561828613,47
CHEMBL231_Ki,unimol,mlp,11,label_permuted,test,1.3106205972098208,0.1671176701784134,0.6622684001922607,79
CHEMBL231_Ki,unimol,mlp,23,trained,calibration,0.9833980435292005,0.919073224067688,3.8744056224823,47
CHEMBL231_Ki,unimol,mlp,23,trained,test,1.034798038330696,0.9902134537696838,4.441239833831787,79
CHEMBL231_Ki,unimol,mlp,23,label_permuted,calibration,1.3109482720424672,0.17508798837661743,0.8622024059295654,47
CHEMBL231_Ki,unimol,mlp,23,label_permuted,test,1.1819097543465125,0.17117919027805328,0.8140120506286621,79
CHEMBL231_Ki,unimol,mlp,42,trained,calibration,0.9834429854878529,0.893449604511261,3.611267566680908,47
CHEMBL231_Ki,unimol,mlp,42,trained,test,0.9679360816005724,0.9177446365356445,4.204273700714111,79
CHEMBL231_Ki,unimol,mlp,42,label_permuted,calibration,1.6253484205704118,0.6359168291091919,2.711009979248047,47
CHEMBL231_Ki,unimol,mlp,42,label_permuted,test,1.4791940319413337,0.7296392321586609,3.273228168487549,79
CHEMBL233_Ki,unimol,xgboost,11,trained,calibration,1.1305066548539227,0.614505410194397,3.727095127105713,344
CHEMBL233_Ki,unimol,xgboost,11,trained,test,1.1574247423922464,0.6310886740684509,3.195458173751831,358
CHEMBL233_Ki,unimol,xgboost,11,label_permuted,calibration,1.2905817962139443,0.029938923195004463,0.23265719413757324,344
CHEMBL233_Ki,unimol,xgboost,11,label_permuted,test,1.38907511204421,0.028288159519433975,0.24856317043304443,358
CHEMBL233_Ki,unimol,xgboost,23,trained,calibration,1.1129609299663084,0.6447648406028748,4.154223918914795,344
CHEMBL233_Ki,unimol,xgboost,23,trained,test,1.1386112569963094,0.6736750602722168,3.557072162628174,358
CHEMBL233_Ki,unimol,xgboost,23,label_permuted,calibration,1.2790241911794766,0.04700237885117531,0.2756389379501343,344
CHEMBL233_Ki,unimol,xgboost,23,label_permuted,test,1.395316493251849,0.0508124977350235,0.3321552276611328,358
CHEMBL233_Ki,unimol,xgboost,42,trained,calibration,1.0955327355400626,0.6441035866737366,3.7957372665405273,344
CHEMBL233_Ki,unimol,xgboost,42,trained,test,1.1436109260262635,0.6578952670097351,3.644559144973755,358
CHEMBL233_Ki,unimol,xgboost,42,label_permuted,calibration,1.2812670264624684,0.03871186450123787,0.2677500247955322,344
CHEMBL233_Ki,unimol,xgboost,42,label_permuted,test,1.3901102206213989,0.03418038412928581,0.2272568941116333,358
CHEMBL233_Ki,unimol,mlp,11,trained,calibration,1.112697783044393,0.9295595288276672,5.834002494812012,344
CHEMBL233_Ki,unimol,mlp,11,trained,test,1.1225995308943528,1.0480281114578247,5.5674729347229,358
CHEMBL233_Ki,unimol,mlp,11,label_permuted,calibration,1.2965820625100029,0.15469709038734436,0.9676094055175781,344
CHEMBL233_Ki,unimol,mlp,11,label_permuted,test,1.3988357914445826,0.15977373719215393,1.2535406351089478,358
CHEMBL233_Ki,unimol,mlp,23,trained,calibration,1.1034247706998952,0.7960509061813354,4.592529296875,344
CHEMBL233_Ki,unimol,mlp,23,trained,test,1.136011539444274,0.896127462387085,4.513486385345459,358
CHEMBL233_Ki,unimol,mlp,23,label_permuted,calibration,1.3066364282560592,0.1626701056957245,0.931049108505249,344
CHEMBL233_Ki,unimol,mlp,23,label_permuted,test,1.415251258540912,0.15569764375686646,0.887230634689331,358
CHEMBL233_Ki,unimol,mlp,42,trained,calibration,1.1345600197972512,0.9458053708076477,5.586281776428223,344
CHEMBL233_Ki,unimol,mlp,42,trained,test,1.1140860342399672,1.014058232307434,5.107861042022705,358
CHEMBL233_Ki,unimol,mlp,42,label_permuted,calibration,1.2682183622282512,0.13190607726573944,0.984260082244873,344
CHEMBL233_Ki,unimol,mlp,42,label_permuted,test,1.443117857097991,0.2064855843782425,1.0791070461273193,358
CHEMBL234_Ki,unimol,xgboost,11,trained,calibration,0.9303833737348236,0.6200463175773621,3.462183952331543,421
CHEMBL234_Ki,unimol,xgboost,11,trained,test,1.0044647919184302,0.6656387448310852,3.2895262241363525,248
CHEMBL234_Ki,unimol,xgboost,11,label_permuted,calibration,1.127370403395047,0.12320158630609512,0.750105619430542,421
CHEMBL234_Ki,unimol,xgboost,11,label_permuted,test,1.231841952936894,0.1341952532529831,0.7956037521362305,248
CHEMBL234_Ki,unimol,xgboost,23,trained,calibration,0.9265212630412009,0.6053557991981506,2.975797176361084,421
CHEMBL234_Ki,unimol,xgboost,23,trained,test,1.0122066190491503,0.6269204020500183,2.8788819313049316,248
CHEMBL234_Ki,unimol,xgboost,23,label_permuted,calibration,1.1269269441046026,0.07458880543708801,0.5001252889633179,421
CHEMBL234_Ki,unimol,xgboost,23,label_permuted,test,1.2227099714573149,0.06939094513654709,0.41599810123443604,248
CHEMBL234_Ki,unimol,xgboost,42,trained,calibration,0.9422028522917123,0.6452135443687439,3.383190393447876,421
CHEMBL234_Ki,unimol,xgboost,42,trained,test,1.004614494839325,0.6664716601371765,3.3683056831359863,248
CHEMBL234_Ki,unimol,xgboost,42,label_permuted,calibration,1.1274687382493918,0.02080962061882019,0.1457270383834839,421
CHEMBL234_Ki,unimol,xgboost,42,label_permuted,test,1.2185713808286163,0.0238398015499115,0.1457270383834839,248
CHEMBL234_Ki,unimol,mlp,11,trained,calibration,0.8863156448501068,0.7693741321563721,4.4018120765686035,421
CHEMBL234_Ki,unimol,mlp,11,trained,test,0.9360127095618923,0.8315902948379517,4.3852152824401855,248
CHEMBL234_Ki,unimol,mlp,11,label_permuted,calibration,1.1017630644755771,0.12627582252025604,0.7861106395721436,421
CHEMBL234_Ki,unimol,mlp,11,label_permuted,test,1.2206562979299647,0.13749806582927704,0.9305481910705566,248
CHEMBL234_Ki,unimol,mlp,23,trained,calibration,0.8781593030969683,0.7843872904777527,4.439769744873047,421
CHEMBL234_Ki,unimol,mlp,23,trained,test,1.0028071936933258,0.8850499391555786,4.705206871032715,248
CHEMBL234_Ki,unimol,mlp,23,label_permuted,calibration,1.0988379799746373,0.11945805698633194,0.6501755714416504,421
CHEMBL234_Ki,unimol,mlp,23,label_permuted,test,1.1851301639228318,0.12026497721672058,0.7366729974746704,248
CHEMBL234_Ki,unimol,mlp,42,trained,calibration,0.8841526695591274,0.788985550403595,4.513594627380371,421
CHEMBL234_Ki,unimol,mlp,42,trained,test,0.9544088128575939,0.9029489159584045,4.429841995239258,248
CHEMBL234_Ki,unimol,mlp,42,label_permuted,calibration,1.136563687055134,0.1204596534371376,0.7407437562942505,421
CHEMBL234_Ki,unimol,mlp,42,label_permuted,test,1.234658848442868,0.13677285611629486,0.8050829172134399,248
CHEMBL235_EC50,unimol,xgboost,11,trained,calibration,1.0602478954759331,0.23685553669929504,1.331512212753296,198
CHEMBL235_EC50,unimol,xgboost,11,trained,test,1.0927083641224369,0.36292019486427307,1.9553825855255127,181
CHEMBL235_EC50,unimol,xgboost,11,label_permuted,calibration,1.1281227111793188,0.09162560105323792,0.5427515506744385,198
CHEMBL235_EC50,unimol,xgboost,11,label_permuted,test,1.24344173425882,0.07918164879083633,0.4087028503417969,181
CHEMBL235_EC50,unimol,xgboost,23,trained,calibration,1.0342130574578179,0.37873920798301697,1.9793809652328491,198
CHEMBL235_EC50,unimol,xgboost,23,trained,test,1.0180665818907222,0.5052516460418701,2.755401372909546,181
CHEMBL235_EC50,unimol,xgboost,23,label_permuted,calibration,1.1294817661976817,0.04230354726314545,0.22544336318969727,198
CHEMBL235_EC50,unimol,xgboost,23,label_permuted,test,1.2560337829511155,0.05582164600491524,0.3267478942871094,181
CHEMBL235_EC50,unimol,xgboost,42,trained,calibration,1.0679089365508356,0.24852097034454346,1.3026561737060547,198
CHEMBL235_EC50,unimol,xgboost,42,trained,test,1.0849647830925884,0.37351521849632263,2.169381618499756,181
CHEMBL235_EC50,unimol,xgboost,42,label_permuted,calibration,1.1208668655333467,0.022303057834506035,0.11920547485351562,198
CHEMBL235_EC50,unimol,xgboost,42,label_permuted,test,1.2457120783218836,0.016053127124905586,0.12821435928344727,181
CHEMBL235_EC50,unimol,mlp,11,trained,calibration,1.0639563284853144,0.6847236156463623,3.7782483100891113,198
CHEMBL235_EC50,unimol,mlp,11,trained,test,1.014293090747437,0.8151105046272278,3.9919798374176025,181
CHEMBL235_EC50,unimol,mlp,11,label_permuted,calibration,1.1065378041004208,0.13086667656898499,0.8775200843811035,198
CHEMBL235_EC50,unimol,mlp,11,label_permuted,test,1.219928465137399,0.12094765156507492,0.6460399627685547,181
CHEMBL235_EC50,unimol,mlp,23,trained,calibration,1.0528551361518128,0.30233874917030334,1.4837570190429688,198
CHEMBL235_EC50,unimol,mlp,23,trained,test,1.0692677097240868,0.44906777143478394,2.342921257019043,181
CHEMBL235_EC50,unimol,mlp,23,label_permuted,calibration,1.13355851437407,0.13864657282829285,0.845470666885376,198
CHEMBL235_EC50,unimol,mlp,23,label_permuted,test,1.2496748978326853,0.15033096075057983,0.685434103012085,181
CHEMBL235_EC50,unimol,mlp,42,trained,calibration,1.0171904603414044,0.7028102874755859,3.662119150161743,198
CHEMBL235_EC50,unimol,mlp,42,trained,test,1.0427825990207622,0.8068013191223145,3.8907737731933594,181
CHEMBL235_EC50,unimol,mlp,42,label_permuted,calibration,1.148037016710422,0.17578236758708954,1.221299409866333,198
CHEMBL235_EC50,unimol,mlp,42,label_permuted,test,1.2038087759592626,0.17554403841495514,0.8481307029724121,181
CHEMBL236_Ki,unimol,xgboost,11,trained,calibration,1.1340038480542,0.5982767939567566,3.8498427867889404,167
CHEMBL236_Ki,unimol,xgboost,11,trained,test,1.0480168506417853,0.7557278871536255,3.718038558959961,275
CHEMBL236_Ki,unimol,xgboost,11,label_permuted,calibration,1.3560711404317944,0.08522877097129822,0.5300412178039551,167
CHEMBL236_Ki,unimol,xgboost,11,label_permuted,test,1.4022643935508279,0.07467668503522873,0.4943525791168213,275
CHEMBL236_Ki,unimol,xgboost,23,trained,calibration,1.1503941482464086,0.5997899174690247,3.509385108947754,167
CHEMBL236_Ki,unimol,xgboost,23,trained,test,1.0713741856350383,0.754483163356781,4.094323635101318,275
CHEMBL236_Ki,unimol,xgboost,23,label_permuted,calibration,1.3557221013736385,0.028581803664565086,0.19683635234832764,167
CHEMBL236_Ki,unimol,xgboost,23,label_permuted,test,1.4017038399525572,0.023435354232788086,0.19683635234832764,275
CHEMBL236_Ki,unimol,xgboost,42,trained,calibration,1.112080458495244,0.6099079847335815,3.8119211196899414,167
CHEMBL236_Ki,unimol,xgboost,42,trained,test,1.0622613302207,0.7936785817146301,4.060930252075195,275
CHEMBL236_Ki,unimol,xgboost,42,label_permuted,calibration,1.3926598309573908,0.23938438296318054,1.3441879749298096,167
CHEMBL236_Ki,unimol,xgboost,42,label_permuted,test,1.4011478691075887,0.2522561848163605,1.7055282592773438,275
CHEMBL236_Ki,unimol,mlp,11,trained,calibration,1.0982431492130493,0.7532973289489746,3.9855823516845703,167
CHEMBL236_Ki,unimol,mlp,11,trained,test,0.9912362231707864,0.9653013944625854,4.295012474060059,275
CHEMBL236_Ki,unimol,mlp,11,label_permuted,calibration,1.4045480813840503,0.1489870548248291,0.787562370300293,167
CHEMBL236_Ki,unimol,mlp,11,label_permuted,test,1.4264119464694915,0.1263209879398346,0.7359838485717773,275
CHEMBL236_Ki,unimol,mlp,23,trained,calibration,1.0848480907574762,0.9040906429290771,4.966730117797852,167
CHEMBL236_Ki,unimol,mlp,23,trained,test,0.9846631188553637,1.0769712924957275,5.122715950012207,275
CHEMBL236_Ki,unimol,mlp,23,label_permuted,calibration,1.3412402912936827,0.1551833301782608,0.9713785648345947,167
CHEMBL236_Ki,unimol,mlp,23,label_permuted,test,1.3374779280508038,0.19738918542861938,1.2551660537719727,275
CHEMBL236_Ki,unimol,mlp,42,trained,calibration,1.1500845795087438,0.8611328601837158,4.504955291748047,167
CHEMBL236_Ki,unimol,mlp,42,trained,test,0.9950199397883062,1.0220942497253418,4.873007297515869,275
CHEMBL236_Ki,unimol,mlp,42,label_permuted,calibration,1.378095523579547,0.18468983471393585,1.0594351291656494,167
CHEMBL236_Ki,unimol,mlp,42,label_permuted,test,1.4306233995927797,0.15647758543491364,0.8854870796203613,275
CHEMBL237_EC50,unimol,xgboost,11,trained,calibration,1.297582961647693,0.17811231315135956,0.8026425838470459,276
CHEMBL237_EC50,unimol,xgboost,11,trained,test,1.5216436535340507,0.22998160123825073,1.0598223209381104,57
CHEMBL237_EC50,unimol,xgboost,11,label_permuted,calibration,1.311733385269103,0.059898413717746735,0.20853972434997559,276
CHEMBL237_EC50,unimol,xgboost,11,label_permuted,test,1.6209458616889367,0.04055941477417946,0.188562273979187,57
CHEMBL237_EC50,unimol,xgboost,23,trained,calibration,1.2852317996558988,0.2783648669719696,1.4566354751586914,276
CHEMBL237_EC50,unimol,xgboost,23,trained,test,1.469350164634365,0.34406810998916626,1.6759858131408691,57
CHEMBL237_EC50,unimol,xgboost,23,label_permuted,calibration,1.3092262219958908,0.033804751932621,0.1587374210357666,276
CHEMBL237_EC50,unimol,xgboost,23,label_permuted,test,1.6176827082556187,0.016262000426650047,0.10336637496948242,57
CHEMBL237_EC50,unimol,xgboost,42,trained,calibration,1.296516047059541,0.1337195485830307,0.6117013692855835,276
CHEMBL237_EC50,unimol,xgboost,42,trained,test,1.5445307683871594,0.13870926201343536,0.6722631454467773,57
CHEMBL237_EC50,unimol,xgboost,42,label_permuted,calibration,1.3123995424608748,0.04140735790133476,0.2037140130996704,276
CHEMBL237_EC50,unimol,xgboost,42,label_permuted,test,1.6096384517993052,0.037569090723991394,0.14529776573181152,57
CHEMBL237_EC50,unimol,mlp,11,trained,calibration,1.3116220080727725,0.45505040884017944,2.2634167671203613,276
CHEMBL237_EC50,unimol,mlp,11,trained,test,1.4617436270786104,0.4226873517036438,1.778470754623413,57
CHEMBL237_EC50,unimol,mlp,11,label_permuted,calibration,1.3412771759408606,0.1989176869392395,1.052459716796875,276
CHEMBL237_EC50,unimol,mlp,11,label_permuted,test,1.5464223334231617,0.25001466274261475,0.9163768291473389,57
CHEMBL237_EC50,unimol,mlp,23,trained,calibration,1.3544580830720208,0.43741098046302795,2.3726065158843994,276
CHEMBL237_EC50,unimol,mlp,23,trained,test,1.4368018237807545,0.4515387713909149,2.0844459533691406,57
CHEMBL237_EC50,unimol,mlp,23,label_permuted,calibration,1.3320207791182568,0.15666723251342773,0.8970781564712524,276
CHEMBL237_EC50,unimol,mlp,23,label_permuted,test,1.5664972673642517,0.14764343202114105,0.7225301265716553,57
CHEMBL237_EC50,unimol,mlp,42,trained,calibration,1.3360475639824998,0.9395284652709961,4.892822265625,276
CHEMBL237_EC50,unimol,mlp,42,trained,test,1.4282485307485273,1.0960863828659058,4.377083778381348,57
CHEMBL237_EC50,unimol,mlp,42,label_permuted,calibration,1.345345902332864,0.28333795070648193,1.3949753046035767,276
CHEMBL237_EC50,unimol,mlp,42,label_permuted,test,1.7307221031293551,0.24376164376735687,1.14726984500885,57
CHEMBL237_Ki,unimol,xgboost,11,trained,calibration,1.1152436210930474,0.6255402565002441,3.1980772018432617,194
CHEMBL237_Ki,unimol,xgboost,11,trained,test,1.1081912212519112,0.6880413293838501,2.85988187789917,199
CHEMBL237_Ki,unimol,xgboost,11,label_permuted,calibration,1.3110162886357661,0.14946390688419342,1.1466619968414307,194
CHEMBL237_Ki,unimol,xgboost,11,label_permuted,test,1.3803565419593564,0.16639390587806702,1.3700008392333984,199
CHEMBL237_Ki,unimol,xgboost,23,trained,calibration,1.0998102956529618,0.6304979920387268,3.073715925216675,194
CHEMBL237_Ki,unimol,xgboost,23,trained,test,1.1360912885286405,0.72457355260849,3.006143569946289,199
CHEMBL237_Ki,unimol,xgboost,23,label_permuted,calibration,1.310345197870545,0.22946546971797943,1.442472219467163,194
CHEMBL237_Ki,unimol,xgboost,23,label_permuted,test,1.4044710563265739,0.22716721892356873,1.4656352996826172,199
CHEMBL237_Ki,unimol,xgboost,42,trained,calibration,1.0986202256223414,0.6355092525482178,2.8426966667175293,194
CHEMBL237_Ki,unimol,xgboost,42,trained,test,1.1179342908366932,0.7148281931877136,3.1917572021484375,199
CHEMBL237_Ki,unimol,xgboost,42,label_permuted,calibration,1.2934585519438258,0.021447261795401573,0.1759704351425171,194
CHEMBL237_Ki,unimol,xgboost,42,label_permuted,test,1.382411575386805,0.020639391615986824,0.11180734634399414,199
CHEMBL237_Ki,unimol,mlp,11,trained,calibration,1.0410052615682266,0.9369394779205322,4.762259006500244,194
CHEMBL237_Ki,unimol,mlp,11,trained,test,1.1070822004763017,1.00667142868042,4.937891960144043,199
CHEMBL237_Ki,unimol,mlp,11,label_permuted,calibration,1.2904936735196915,0.1528456062078476,1.0869431495666504,194
CHEMBL237_Ki,unimol,mlp,11,label_permuted,test,1.406209097373354,0.13368405401706696,0.664679765701294,199
CHEMBL237_Ki,unimol,mlp,23,trained,calibration,1.0713351856133386,0.9073482155799866,4.410749435424805,194
CHEMBL237_Ki,unimol,mlp,23,trained,test,1.0794727360267198,0.9914127588272095,4.269103527069092,199
CHEMBL237_Ki,unimol,mlp,23,label_permuted,calibration,1.347886394807398,0.21903258562088013,1.3697243928909302,194
CHEMBL237_Ki,unimol,mlp,23,label_permuted,test,1.3672337115516038,0.14435765147209167,1.198636770248413,199
CHEMBL237_Ki,unimol,mlp,42,trained,calibration,1.0549452855173014,0.9121078848838806,4.6886396408081055,194
CHEMBL237_Ki,unimol,mlp,42,trained,test,1.0916238009552053,1.0025469064712524,4.681216716766357,199
CHEMBL237_Ki,unimol,mlp,42,label_permuted,calibration,1.3003271186518428,0.15245524048805237,0.8105599880218506,194
CHEMBL237_Ki,unimol,mlp,42,label_permuted,test,1.3737718125365368,0.12735432386398315,0.6229666471481323,199
CHEMBL238_Ki,unimol,xgboost,11,trained,calibration,0.9184521315513413,0.5900630354881287,2.391411781311035,68
CHEMBL238_Ki,unimol,xgboost,11,trained,test,1.0201068875462749,0.4838155508041382,2.3689141273498535,68
CHEMBL238_Ki,unimol,xgboost,11,label_permuted,calibration,1.1390063676229096,0.04551512748003006,0.23215055465698242,68
CHEMBL238_Ki,unimol,xgboost,11,label_permuted,test,1.2119226693609313,0.04493565484881401,0.18805313110351562,68
CHEMBL238_Ki,unimol,xgboost,23,trained,calibration,0.9464882718713307,0.5850881338119507,2.7931606769561768,68
CHEMBL238_Ki,unimol,xgboost,23,trained,test,1.0219825711341188,0.4803658723831177,2.3146097660064697,68
CHEMBL238_Ki,unimol,xgboost,23,label_permuted,calibration,1.1312755286776839,0.02336232177913189,0.11891841888427734,68
CHEMBL238_Ki,unimol,xgboost,23,label_permuted,test,1.2117339929523345,0.023887667804956436,0.14081573486328125,68
CHEMBL238_Ki,unimol,xgboost,42,trained,calibration,0.9558802943401695,0.6269084215164185,2.7265727519989014,68
CHEMBL238_Ki,unimol,xgboost,42,trained,test,1.0013708017461471,0.5053111910820007,2.3401036262512207,68
CHEMBL238_Ki,unimol,xgboost,42,label_permuted,calibration,1.1217608975586124,0.027057040482759476,0.10629749298095703,68
CHEMBL238_Ki,unimol,xgboost,42,label_permuted,test,1.196689684990932,0.020511705428361893,0.10390210151672363,68
CHEMBL238_Ki,unimol,mlp,11,trained,calibration,0.8780453343755079,0.8247604370117188,3.7938497066497803,68
CHEMBL238_Ki,unimol,mlp,11,trained,test,0.8441995200353947,0.6919193267822266,3.177583694458008,68
CHEMBL238_Ki,unimol,mlp,11,label_permuted,calibration,1.1233815100967137,0.17345675826072693,0.8000425100326538,68
CHEMBL238_Ki,unimol,mlp,11,label_permuted,test,1.201514466594291,0.14325293898582458,0.7122070789337158,68
CHEMBL238_Ki,unimol,mlp,23,trained,calibration,0.8685833119264266,0.7693418264389038,2.769956588745117,68
CHEMBL238_Ki,unimol,mlp,23,trained,test,0.9484512302969674,0.610171914100647,2.917572259902954,68
CHEMBL238_Ki,unimol,mlp,23,label_permuted,calibration,1.1289554044060528,0.1624574214220047,0.6431465148925781,68
CHEMBL238_Ki,unimol,mlp,23,label_permuted,test,1.2094865535573696,0.15370811522006989,0.6598162651062012,68
CHEMBL238_Ki,unimol,mlp,42,trained,calibration,0.8633527424065394,0.7616454362869263,3.5164167881011963,68
CHEMBL238_Ki,unimol,mlp,42,trained,test,0.8727807785153647,0.739380419254303,3.3975913524627686,68
CHEMBL238_Ki,unimol,mlp,42,label_permuted,calibration,1.1571030434145542,0.13803544640541077,0.5969669818878174,68
CHEMBL238_Ki,unimol,mlp,42,label_permuted,test,1.1803901550263756,0.16536565124988556,0.704096794128418,68
CHEMBL239_EC50,unimol,xgboost,11,trained,calibration,0.9655521896219743,0.47822579741477966,2.6060633659362793,217
CHEMBL239_EC50,unimol,xgboost,11,trained,test,1.0282128432757833,0.4498652517795563,2.312922477722168,152
CHEMBL239_EC50,unimol,xgboost,11,label_permuted,calibration,1.0896277538359724,0.022912176325917244,0.13367509841918945,217
CHEMBL239_EC50,unimol,xgboost,11,label_permuted,test,1.0939501443029842,0.023007795214653015,0.13367509841918945,152
CHEMBL239_EC50,unimol,xgboost,23,trained,calibration,0.9510735494249172,0.4717993438243866,3.0072484016418457,217
CHEMBL239_EC50,unimol,xgboost,23,trained,test,1.0163293010368526,0.44626301527023315,2.3990118503570557,152
CHEMBL239_EC50,unimol,xgboost,23,label_permuted,calibration,1.0896403898881102,0.022743763402104378,0.17502284049987793,217
CHEMBL239_EC50,unimol,xgboost,23,label_permuted,test,1.0925009543722424,0.02519029937684536,0.11213040351867676,152
CHEMBL239_EC50,unimol,xgboost,42,trained,calibration,0.987575565537307,0.40807104110717773,2.2878897190093994,217
CHEMBL239_EC50,unimol,xgboost,42,trained,test,1.0186731227583623,0.3669814169406891,1.8508765697479248,152
CHEMBL239_EC50,unimol,xgboost,42,label_permuted,calibration,1.1036829458672308,0.06461971998214722,0.3767719268798828,217
CHEMBL239_EC50,unimol,xgboost,42,label_permuted,test,1.103986683457682,0.07270291447639465,0.46048617362976074,152
CHEMBL239_EC50,unimol,mlp,11,trained,calibration,0.9514168300532183,0.5539535284042358,3.6980342864990234,217
CHEMBL239_EC50,unimol,mlp,11,trained,test,1.0071892992382923,0.5418893694877625,2.4601073265075684,152
CHEMBL239_EC50,unimol,mlp,11,label_permuted,calibration,1.121315591907273,0.15669798851013184,0.8618535995483398,217
CHEMBL239_EC50,unimol,mlp,11,label_permuted,test,1.122422125818906,0.17984749376773834,1.055509090423584,152
CHEMBL239_EC50,unimol,mlp,23,trained,calibration,0.9454939171601964,0.655453622341156,3.850888729095459,217
CHEMBL239_EC50,unimol,mlp,23,trained,test,1.0248533748797637,0.5579299330711365,2.4588828086853027,152
CHEMBL239_EC50,unimol,mlp,23,label_permuted,calibration,1.1014185060578723,0.11286842077970505,0.7130739688873291,217
CHEMBL239_EC50,unimol,mlp,23,label_permuted,test,1.0917744915737178,0.10821617394685745,0.6618914604187012,152
CHEMBL239_EC50,unimol,mlp,42,trained,calibration,0.9558063375446105,0.53690105676651,3.768415689468384,217
CHEMBL239_EC50,unimol,mlp,42,trained,test,1.0167713444919564,0.4891584515571594,2.523411512374878,152
CHEMBL239_EC50,unimol,mlp,42,label_permuted,calibration,1.0755605744169467,0.1559893637895584,0.8502054214477539,217
CHEMBL239_EC50,unimol,mlp,42,label_permuted,test,1.1081299578474557,0.14997702836990356,0.7790560722351074,152
CHEMBL244_Ki,unimol,xgboost,11,trained,calibration,1.2668890586340213,0.9607861042022705,4.835478782653809,446
CHEMBL244_Ki,unimol,xgboost,11,trained,test,1.093237402553107,1.1879955530166626,4.932497978210449,395
CHEMBL244_Ki,unimol,xgboost,11,label_permuted,calibration,1.5313945624173384,0.1000366359949112,0.5568993091583252,446
CHEMBL244_Ki,unimol,xgboost,11,label_permuted,test,1.8157300777526755,0.10841476172208786,0.6351335048675537,395
CHEMBL244_Ki,unimol,xgboost,23,trained,calibration,1.2728257845553645,0.9489672780036926,4.479731559753418,446
CHEMBL244_Ki,unimol,xgboost,23,trained,test,1.1198181977197075,1.154184341430664,4.878137588500977,395
CHEMBL244_Ki,unimol,xgboost,23,label_permuted,calibration,1.5274292124377413,0.06295177340507507,0.4207758903503418,446
CHEMBL244_Ki,unimol,xgboost,23,label_permuted,test,1.8140580945285922,0.07743238657712936,0.49175262451171875,395
CHEMBL244_Ki,unimol,xgboost,42,trained,calibration,1.2795004180424534,0.9521105289459229,4.670536518096924,446
CHEMBL244_Ki,unimol,xgboost,42,trained,test,1.1138297887922008,1.1638524532318115,4.7928924560546875,395
CHEMBL244_Ki,unimol,xgboost,42,label_permuted,calibration,1.5153459901702075,0.05164060369133949,0.42858099937438965,446
CHEMBL244_Ki,unimol,xgboost,42,label_permuted,test,1.7984528621279299,0.05157468840479851,0.3920785188674927,395
CHEMBL244_Ki,unimol,mlp,11,trained,calibration,1.224007052270357,1.1878137588500977,6.320508003234863,446
CHEMBL244_Ki,unimol,mlp,11,trained,test,1.026406037877491,1.5601379871368408,6.48171329498291,395
CHEMBL244_Ki,unimol,mlp,11,label_permuted,calibration,1.5759897422263063,0.20451568067073822,1.0657250881195068,446
CHEMBL244_Ki,unimol,mlp,11,label_permuted,test,1.8254531506785556,0.21046337485313416,1.2335710525512695,395
CHEMBL244_Ki,unimol,mlp,23,trained,calibration,1.2172451020348098,1.253355860710144,6.809755325317383,446
CHEMBL244_Ki,unimol,mlp,23,trained,test,1.0317066799799834,1.6073269844055176,6.206411361694336,395
CHEMBL244_Ki,unimol,mlp,23,label_permuted,calibration,1.5203525706515952,0.3164408206939697,1.8532007932662964,446
CHEMBL244_Ki,unimol,mlp,23,label_permuted,test,1.8200103116005346,0.3267538249492645,2.173032760620117,395
CHEMBL244_Ki,unimol,mlp,42,trained,calibration,1.2253656561718131,1.2338744401931763,6.825129508972168,446
CHEMBL244_Ki,unimol,mlp,42,trained,test,1.02371340228608,1.5024774074554443,5.969103813171387,395
CHEMBL244_Ki,unimol,mlp,42,label_permuted,calibration,1.539155134327549,0.2061065137386322,1.1623637676239014,446
CHEMBL244_Ki,unimol,mlp,42,label_permuted,test,1.8673940249073422,0.20426338911056519,1.3716528415679932,395
CHEMBL262_Ki,unimol,xgboost,11,trained,calibration,0.993933005846129,0.5557642579078674,2.3050155639648438,34
CHEMBL262_Ki,unimol,xgboost,11,trained,test,1.0069545672262297,0.49601849913597107,2.064703941345215,57
CHEMBL262_Ki,unimol,xgboost,11,label_permuted,calibration,1.1020524038050195,0.03530227392911911,0.1542966365814209,34
CHEMBL262_Ki,unimol,xgboost,11,label_permuted,test,1.2429746616877506,0.040381595492362976,0.17865896224975586,57
CHEMBL262_Ki,unimol,xgboost,23,trained,calibration,0.9938777433618282,0.4066784679889679,1.8522207736968994,34
CHEMBL262_Ki,unimol,xgboost,23,trained,test,1.0985521888819791,0.33484551310539246,1.5260603427886963,57
CHEMBL262_Ki,unimol,xgboost,23,label_permuted,calibration,1.1135468818582868,0.054066695272922516,0.2577071189880371,34
CHEMBL262_Ki,unimol,xgboost,23,label_permuted,test,1.247899675120909,0.07183545082807541,0.37985658645629883,57
CHEMBL262_Ki,unimol,xgboost,42,trained,calibration,0.9667603765206514,0.43206891417503357,1.7836694717407227,34
CHEMBL262_Ki,unimol,xgboost,42,trained,test,1.0874781485806702,0.3458988070487976,1.451046109199524,57
CHEMBL262_Ki,unimol,xgboost,42,label_permuted,calibration,1.0832179753922244,0.05933928117156029,0.2425086498260498,34
CHEMBL262_Ki,unimol,xgboost,42,label_permuted,test,1.2445168876896817,0.045075371861457825,0.26848649978637695,57
CHEMBL262_Ki,unimol,mlp,11,trained,calibration,1.0076269526044492,0.588249921798706,2.285043239593506,34
CHEMBL262_Ki,unimol,mlp,11,trained,test,0.984826635266174,0.5872401595115662,2.414339542388916,57
CHEMBL262_Ki,unimol,mlp,11,label_permuted,calibration,1.1879535611962952,0.37077346444129944,1.763746738433838,34
CHEMBL262_Ki,unimol,mlp,11,label_permuted,test,1.4001881387861768,0.37010249495506287,1.812317967414856,57
CHEMBL262_Ki,unimol,mlp,23,trained,calibration,1.008446663932194,0.7085594534873962,2.9990875720977783,34
CHEMBL262_Ki,unimol,mlp,23,trained,test,1.0524362909964884,0.669460117816925,2.8117804527282715,57
CHEMBL262_Ki,unimol,mlp,23,label_permuted,calibration,1.1159921934066694,0.16178229451179504,0.6728644371032715,34
CHEMBL262_Ki,unimol,mlp,23,label_permuted,test,1.2355706906382697,0.18263165652751923,0.8298873901367188,57
CHEMBL262_Ki,unimol,mlp,42,trained,calibration,0.973325874210761,0.8893160223960876,3.002922534942627,34
CHEMBL262_Ki,unimol,mlp,42,trained,test,0.9498630424958704,0.7395598292350769,2.948282480239868,57
CHEMBL262_Ki,unimol,mlp,42,label_permuted,calibration,1.070820764302112,0.19934359192848206,0.8194146156311035,34
CHEMBL262_Ki,unimol,mlp,42,label_permuted,test,1.263371899241772,0.1317904144525528,0.5533866882324219,57
CHEMBL264_Ki,unimol,xgboost,11,trained,calibration,0.9011512241386748,0.5784366726875305,3.1955668926239014,317
CHEMBL264_Ki,unimol,xgboost,11,trained,test,0.9334437357512573,0.4905158281326294,2.5196614265441895,236
CHEMBL264_Ki,unimol,xgboost,11,label_permuted,calibration,1.0648320354844445,0.04191252961754799,0.2945680618286133,317
CHEMBL264_Ki,unimol,xgboost,11,label_permuted,test,1.0032867420083644,0.043563202023506165,0.3150824308395386,236
CHEMBL264_Ki,unimol,xgboost,23,trained,calibration,0.888948200568295,0.581588625907898,3.2086737155914307,317
CHEMBL264_Ki,unimol,xgboost,23,trained,test,0.9307222138016885,0.5514034032821655,2.7354273796081543,236
CHEMBL264_Ki,unimol,xgboost,23,label_permuted,calibration,1.0629652911859884,0.02510312758386135,0.2155705690383911,317
CHEMBL264_Ki,unimol,xgboost,23,label_permuted,test,1.0060019975304917,0.028397001326084137,0.20071721076965332,236
CHEMBL264_Ki,unimol,xgboost,42,trained,calibration,0.8930387080732427,0.5839171409606934,3.397110939025879,317
CHEMBL264_Ki,unimol,xgboost,42,trained,test,0.9318591167547009,0.5074971914291382,2.763521194458008,236
CHEMBL264_Ki,unimol,xgboost,42,label_permuted,calibration,1.062607591454794,0.01708783581852913,0.11491978168487549,317
CHEMBL264_Ki,unimol,xgboost,42,label_permuted,test,1.0051831981830401,0.013660959899425507,0.12081444263458252,236
CHEMBL264_Ki,unimol,mlp,11,trained,calibration,0.8397134014375396,0.7068718075752258,4.532889366149902,317
CHEMBL264_Ki,unimol,mlp,11,trained,test,0.90359459914079,0.6592451930046082,4.166473865509033,236
CHEMBL264_Ki,unimol,mlp,11,label_permuted,calibration,1.0784740159499548,0.1683395802974701,0.9821285605430603,317
CHEMBL264_Ki,unimol,mlp,11,label_permuted,test,0.9974924776085229,0.12898823618888855,0.6948715448379517,236
CHEMBL264_Ki,unimol,mlp,23,trained,calibration,0.8308514033743554,0.7283278107643127,4.526678562164307,317
CHEMBL264_Ki,unimol,mlp,23,trained,test,0.8705725372128007,0.666435718536377,3.571854591369629,236
CHEMBL264_Ki,unimol,mlp,23,label_permuted,calibration,1.0942225389143991,0.1396416276693344,0.7310241460800171,317
CHEMBL264_Ki,unimol,mlp,23,label_permuted,test,1.0329024052119478,0.124374158680439,0.6746360063552856,236
CHEMBL264_Ki,unimol,mlp,42,trained,calibration,0.8652390594011172,0.7969110012054443,4.719944000244141,317
CHEMBL264_Ki,unimol,mlp,42,trained,test,0.9252800208320662,0.7129023671150208,3.911634683609009,236
CHEMBL264_Ki,unimol,mlp,42,label_permuted,calibration,1.097819957539513,0.1702262908220291,0.8984728455543518,317
CHEMBL264_Ki,unimol,mlp,42,label_permuted,test,1.0199090250433758,0.16926874220371246,0.9111655950546265,236
CHEMBL2835_Ki,unimol,xgboost,11,trained,calibration,0.9353611708040215,0.5513908863067627,1.9599392414093018,15
CHEMBL2835_Ki,unimol,xgboost,11,trained,test,0.8528861162025083,0.6667196750640869,1.9848761558532715,16
CHEMBL2835_Ki,unimol,xgboost,11,label_permuted,calibration,1.5538807985303311,0.19636334478855133,0.747999906539917,15
CHEMBL2835_Ki,unimol,xgboost,11,label_permuted,test,1.094904045534129,0.3355472981929779,1.1794304847717285,16
CHEMBL2835_Ki,unimol,xgboost,23,trained,calibration,0.962540816395299,0.5805591940879822,2.0032851696014404,15
CHEMBL2835_Ki,unimol,xgboost,23,trained,test,0.8167053842773669,0.6339618563652039,2.1099727153778076,16
CHEMBL2835_Ki,unimol,xgboost,23,label_permuted,calibration,1.454818231299225,0.00019131082808598876,0.0005627870559692383,15
CHEMBL2835_Ki,unimol,xgboost,23,label_permuted,test,1.0953306493194195,0.0,0.0,16
CHEMBL2835_Ki,unimol,xgboost,42,trained,calibration,0.903070561705337,0.631557822227478,2.0817463397979736,15
CHEMBL2835_Ki,unimol,xgboost,42,trained,test,0.8858805993055109,0.6999583840370178,2.0485177040100098,16
CHEMBL2835_Ki,unimol,xgboost,42,label_permuted,calibration,1.4511956152636267,0.025388993322849274,0.09772124886512756,15
CHEMBL2835_Ki,unimol,xgboost,42,label_permuted,test,1.0718459122606299,0.05344133824110031,0.14551639556884766,16
CHEMBL2835_Ki,unimol,mlp,11,trained,calibration,0.8445129830134295,0.6939811110496521,2.8563458919525146,15
CHEMBL2835_Ki,unimol,mlp,11,trained,test,0.8673395934200316,0.631381630897522,2.0482029914855957,16
CHEMBL2835_Ki,unimol,mlp,11,label_permuted,calibration,1.629544798472531,0.30879026651382446,1.2937889099121094,15
CHEMBL2835_Ki,unimol,mlp,11,label_permuted,test,1.3071085230392663,0.6360664963722229,2.2250120639801025,16
CHEMBL2835_Ki,unimol,mlp,23,trained,calibration,0.9059805962903646,0.6683349013328552,2.6130216121673584,15
CHEMBL2835_Ki,unimol,mlp,23,trained,test,0.8804185868251483,0.7099543809890747,2.5564136505126953,16
CHEMBL2835_Ki,unimol,mlp,23,label_permuted,calibration,1.5500848008615724,0.2598131597042084,0.7770368456840515,15
CHEMBL2835_Ki,unimol,mlp,23,label_permuted,test,1.2951931446336982,0.20525974035263062,0.8045731782913208,16
CHEMBL2835_Ki,unimol,mlp,42,trained,calibration,0.8607802951964635,0.6688185334205627,2.89119815826416,15
CHEMBL2835_Ki,unimol,mlp,42,trained,test,0.8667052362797262,0.6381121277809143,2.2340352535247803,16
CHEMBL2835_Ki,unimol,mlp,42,label_permuted,calibration,1.4008663545234352,0.1219935268163681,0.4508852958679199,15
CHEMBL2835_Ki,unimol,mlp,42,label_permuted,test,1.1165624617355856,0.09021516144275665,0.38193920254707336,16
CHEMBL287_Ki,unimol,xgboost,11,trained,calibration,0.8441837749900319,0.5635930895805359,2.7407937049865723,174
CHEMBL287_Ki,unimol,xgboost,11,trained,test,0.9466159441001099,0.4983750879764557,2.3888657093048096,116
CHEMBL287_Ki,unimol,xgboost,11,label_permuted,calibration,1.1513135022305592,0.01954239048063755,0.11430466175079346,174
CHEMBL287_Ki,unimol,xgboost,11,label_permuted,test,1.1967544335577422,0.02185799553990364,0.13605093955993652,116
CHEMBL287_Ki,unimol,xgboost,23,trained,calibration,0.8569647193755202,0.5345718264579773,2.854628086090088,174
CHEMBL287_Ki,unimol,xgboost,23,trained,test,0.9571962486811298,0.5061234831809998,2.7481184005737305,116
CHEMBL287_Ki,unimol,xgboost,23,label_permuted,calibration,1.155001404336183,0.07329956442117691,0.4476497173309326,174
CHEMBL287_Ki,unimol,xgboost,23,label_permuted,test,1.2242154061101977,0.08370406925678253,0.499714732170105,116
CHEMBL287_Ki,unimol,xgboost,42,trained,calibration,0.8623528299684792,0.5344467759132385,2.67738676071167,174
CHEMBL287_Ki,unimol,xgboost,42,trained,test,0.9610513449120294,0.4996107220649719,2.8035836219787598,116
CHEMBL287_Ki,unimol,xgboost,42,label_permuted,calibration,1.162907174287054,0.08731362223625183,0.6741297245025635,174
CHEMBL287_Ki,unimol,xgboost,42,label_permuted,test,1.2204128561137315,0.08827722817659378,0.5596383810043335,116
CHEMBL287_Ki,unimol,mlp,11,trained,calibration,0.8271885741673244,0.7638054490089417,3.8969101905822754,174
CHEMBL287_Ki,unimol,mlp,11,trained,test,0.8472725135871418,0.7034803628921509,3.943159341812134,116
CHEMBL287_Ki,unimol,mlp,11,label_permuted,calibration,1.0870528496683622,0.18536320328712463,0.9971358776092529,174
CHEMBL287_Ki,unimol,mlp,11,label_permuted,test,1.1529815460541344,0.17458981275558472,0.9632333517074585,116
CHEMBL287_Ki,unimol,mlp,23,trained,calibration,0.8157549363623204,0.8041923642158508,5.2036919593811035,174
CHEMBL287_Ki,unimol,mlp,23,trained,test,0.8846754150211998,0.7214664220809937,3.9214696884155273,116
CHEMBL287_Ki,unimol,mlp,23,label_permuted,calibration,1.1288707687979542,0.21262268722057343,1.085473656654358,174
CHEMBL287_Ki,unimol,mlp,23,label_permuted,test,1.2212752077435336,0.22399331629276276,1.1962864398956299,116
CHEMBL287_Ki,unimol,mlp,42,trained,calibration,0.8216229099309196,0.8471265435218811,4.323559284210205,174
CHEMBL287_Ki,unimol,mlp,42,trained,test,0.8322387221727587,0.7651946544647217,4.106923580169678,116
CHEMBL287_Ki,unimol,mlp,42,label_permuted,calibration,1.2015711175140782,0.18498660624027252,0.8946651220321655,174
CHEMBL287_Ki,unimol,mlp,42,label_permuted,test,1.2626515533582727,0.17813189327716827,0.932934045791626,116
CHEMBL2971_Ki,unimol,xgboost,11,trained,calibration,0.8518305365418813,0.6619716286659241,2.3809280395507812,30
CHEMBL2971_Ki,unimol,xgboost,11,trained,test,0.7982255673060823,0.8871111273765564,2.657135486602783,53
CHEMBL2971_Ki,unimol,xgboost,11,label_permuted,calibration,1.238936482547869,0.051331210881471634,0.1337665319442749,30
CHEMBL2971_Ki,unimol,xgboost,11,label_permuted,test,1.17636747732322,0.0485442653298378,0.16764318943023682,53
CHEMBL2971_Ki,unimol,xgboost,23,trained,calibration,0.8507193845003788,0.7096756100654602,2.3084378242492676,30
CHEMBL2971_Ki,unimol,xgboost,23,trained,test,0.7894516542355873,0.7944530844688416,2.3495943546295166,53
CHEMBL2971_Ki,unimol,xgboost,23,label_permuted,calibration,1.1892216399241273,0.15209168195724487,0.5842275619506836,30
CHEMBL2971_Ki,unimol,xgboost,23,label_permuted,test,1.1926843010537116,0.13844463229179382,0.7768880128860474,53
CHEMBL2971_Ki,unimol,xgboost,42,trained,calibration,0.8960125913842212,0.8484081029891968,2.6790266036987305,30
CHEMBL2971_Ki,unimol,xgboost,42,trained,test,0.7945125191280169,0.9458009004592896,2.7429778575897217,53
CHEMBL2971_Ki,unimol,xgboost,42,label_permuted,calibration,1.2246543474472442,0.029812483116984367,0.15070950984954834,30
CHEMBL2971_Ki,unimol,xgboost,42,label_permuted,test,1.175145430391441,0.030422359704971313,0.16823625564575195,53
CHEMBL2971_Ki,unimol,mlp,11,trained,calibration,0.8978119704301057,1.052664875984192,3.6817269325256348,30
CHEMBL2971_Ki,unimol,mlp,11,trained,test,0.7722544243347144,0.9425005316734314,3.480654716491699,53
CHEMBL2971_Ki,unimol,mlp,11,label_permuted,calibration,1.26985741753567,0.1809115707874298,0.6915649175643921,30
CHEMBL2971_Ki,unimol,mlp,11,label_permuted,test,1.2813541090931946,0.26333174109458923,1.0255357027053833,53
CHEMBL2971_Ki,unimol,mlp,23,trained,calibration,0.9057581981168943,1.0741331577301025,3.63716983795166,30
CHEMBL2971_Ki,unimol,mlp,23,trained,test,0.8039402130633968,0.9687453508377075,3.7931864261627197,53
CHEMBL2971_Ki,unimol,mlp,23,label_permuted,calibration,1.1499512745030023,0.3640827238559723,1.289705514907837,30
CHEMBL2971_Ki,unimol,mlp,23,label_permuted,test,1.2070784081194077,0.28541821241378784,1.30862295627594,53
CHEMBL2971_Ki,unimol,mlp,42,trained,calibration,0.8450291086295815,1.0335452556610107,3.7118983268737793,30
CHEMBL2971_Ki,unimol,mlp,42,trained,test,0.7988522253155088,0.9217002391815186,3.6884891986846924,53
CHEMBL2971_Ki,unimol,mlp,42,label_permuted,calibration,1.1807828958562223,0.21668070554733276,1.0090575218200684,30
CHEMBL2971_Ki,unimol,mlp,42,label_permuted,test,1.255380209819585,0.21972975134849548,0.9869842529296875,53
CHEMBL3979_EC50,unimol,xgboost,11,trained,calibration,0.9794478858064589,0.558071494102478,2.6886653900146484,120
CHEMBL3979_EC50,unimol,xgboost,11,trained,test,1.0385858690247771,0.4570944607257843,2.2015316486358643,67
CHEMBL3979_EC50,unimol,xgboost,11,label_permuted,calibration,1.1077393307216168,0.03773818910121918,0.17727994918823242,120
CHEMBL3979_EC50,unimol,xgboost,11,label_permuted,test,1.060687819752098,0.04209095984697342,0.21837234497070312,67
CHEMBL3979_EC50,unimol,xgboost,23,trained,calibration,0.9362731853817814,0.5616216659545898,2.347848415374756,120
CHEMBL3979_EC50,unimol,xgboost,23,trained,test,0.989932945465934,0.4474678933620453,2.2344470024108887,67
CHEMBL3979_EC50,unimol,xgboost,23,label_permuted,calibration,1.1151164137791185,0.042244553565979004,0.22235655784606934,120
CHEMBL3979_EC50,unimol,xgboost,23,label_permuted,test,1.0627111337357247,0.04427643492817879,0.2197246551513672,67
CHEMBL3979_EC50,unimol,xgboost,42,trained,calibration,0.942624487054855,0.5537508130073547,2.935577154159546,120
CHEMBL3979_EC50,unimol,xgboost,42,trained,test,1.0362961736499292,0.4457624852657318,1.7380220890045166,67
CHEMBL3979_EC50,unimol,xgboost,42,label_permuted,calibration,1.1125429080875107,0.036544665694236755,0.1267542839050293,120
CHEMBL3979_EC50,unimol,xgboost,42,label_permuted,test,1.059603107841401,0.03461766242980957,0.1365187168121338,67
CHEMBL3979_EC50,unimol,mlp,11,trained,calibration,0.8557633193280885,0.8190146088600159,4.162904262542725,120
CHEMBL3979_EC50,unimol,mlp,11,trained,test,1.0882552407381922,0.7526910305023193,3.1722054481506348,67
CHEMBL3979_EC50,unimol,mlp,11,label_permuted,calibration,1.169875562766961,0.19178801774978638,0.9174729585647583,120
CHEMBL3979_EC50,unimol,mlp,11,label_permuted,test,1.0757008264159535,0.19343514740467072,0.8540662527084351,67
CHEMBL3979_EC50,unimol,mlp,23,trained,calibration,0.8548682556934944,0.821083128452301,3.56432843208313,120
CHEMBL3979_EC50,unimol,mlp,23,trained,test,1.0269420113874506,0.7749093174934387,3.1244735717773438,67
CHEMBL3979_EC50,unimol,mlp,23,label_permuted,calibration,1.1622716453802997,0.14803650975227356,0.7175326347351074,120
CHEMBL3979_EC50,unimol,mlp,23,label_permuted,test,1.069477841790189,0.1169857606291771,0.5816962718963623,67
CHEMBL3979_EC50,unimol,mlp,42,trained,calibration,0.8727440362145753,0.8675927519798279,4.303442478179932,120
CHEMBL3979_EC50,unimol,mlp,42,trained,test,1.0567537201382071,0.7072758674621582,2.7771284580230713,67
CHEMBL3979_EC50,unimol,mlp,42,label_permuted,calibration,1.144648679366075,0.13803353905677795,0.7073832750320435,120
CHEMBL3979_EC50,unimol,mlp,42,label_permuted,test,1.0946810438100232,0.15379410982131958,0.6897974014282227,67
CHEMBL4005_Ki,unimol,xgboost,11,trained,calibration,0.807983536755564,0.7025141716003418,2.6766529083251953,59
CHEMBL4005_Ki,unimol,xgboost,11,trained,test,0.9740041256235622,0.5459343194961548,2.338040351867676,116
CHEMBL4005_Ki,unimol,xgboost,11,label_permuted,calibration,1.137149637361935,0.15218010544776917,0.7136659622192383,59
CHEMBL4005_Ki,unimol,xgboost,11,label_permuted,test,1.1754802432620888,0.12616753578186035,0.5855869054794312,116
CHEMBL4005_Ki,unimol,xgboost,23,trained,calibration,0.7733896799428369,0.7452632188796997,3.0503711700439453,59
CHEMBL4005_Ki,unimol,xgboost,23,trained,test,0.9606095971862499,0.556018590927124,2.468414783477783,116
CHEMBL4005_Ki,unimol,xgboost,23,label_permuted,calibration,1.120830225792492,0.16230474412441254,0.6429294347763062,59
CHEMBL4005_Ki,unimol,xgboost,23,label_permuted,test,1.18826625596317,0.14260074496269226,0.8070666790008545,116
CHEMBL4005_Ki,unimol,xgboost,42,trained,calibration,0.7831281592814539,0.6651512980461121,2.7101058959960938,59
CHEMBL4005_Ki,unimol,xgboost,42,trained,test,1.0189679807774183,0.5295858383178711,2.5946340560913086,116
CHEMBL4005_Ki,unimol,xgboost,42,label_permuted,calibration,1.1704737105319831,0.1322959065437317,0.5596141815185547,59
CHEMBL4005_Ki,unimol,xgboost,42,label_permuted,test,1.192758711815647,0.12111576646566391,0.7037079334259033,116
CHEMBL4005_Ki,unimol,mlp,11,trained,calibration,0.7627578690159532,0.9471496343612671,3.97986102104187,59
CHEMBL4005_Ki,unimol,mlp,11,trained,test,0.8513971220644843,0.7905144691467285,3.9606454372406006,116
CHEMBL4005_Ki,unimol,mlp,11,label_permuted,calibration,1.1319615818486828,0.1383991688489914,0.6681185960769653,59
CHEMBL4005_Ki,unimol,mlp,11,label_permuted,test,1.184370082150518,0.0992397889494896,0.5549843311309814,116
CHEMBL4005_Ki,unimol,mlp,23,trained,calibration,0.7270948859083068,0.8556469678878784,3.6708972454071045,59
CHEMBL4005_Ki,unimol,mlp,23,trained,test,0.8666507331288233,0.7114177346229553,3.1980488300323486,116
CHEMBL4005_Ki,unimol,mlp,23,label_permuted,calibration,1.098291613684164,0.21312257647514343,0.9519643783569336,59
CHEMBL4005_Ki,unimol,mlp,23,label_permuted,test,1.2423558151125602,0.22784638404846191,1.3481862545013428,116
CHEMBL4005_Ki,unimol,mlp,42,trained,calibration,0.7090349836125508,0.9414728283882141,3.934373140335083,59
CHEMBL4005_Ki,unimol,mlp,42,trained,test,0.8494629130785837,0.7891948819160461,3.637619972229004,116
CHEMBL4005_Ki,unimol,mlp,42,label_permuted,calibration,1.1347869503361405,0.14663918316364288,0.6336756944656372,59
CHEMBL4005_Ki,unimol,mlp,42,label_permuted,test,1.188470042703717,0.11115763336420059,0.6376732587814331,116
CHEMBL4203_Ki,unimol,xgboost,11,trained,calibration,0.9090198741057962,0.41488105058670044,1.3774406909942627,13
CHEMBL4203_Ki,unimol,xgboost,11,trained,test,1.1069735472291724,0.4558850824832916,1.5240873098373413,18
CHEMBL4203_Ki,unimol,xgboost,11,label_permuted,calibration,1.1816152522618124,0.02688494883477688,0.07503104209899902,13
CHEMBL4203_Ki,unimol,xgboost,11,label_permuted,test,1.3535623033189363,0.03347703814506531,0.11317110061645508,18
CHEMBL4203_Ki,unimol,xgboost,23,trained,calibration,0.9175269829215041,0.44334495067596436,1.6287801265716553,13
CHEMBL4203_Ki,unimol,xgboost,23,trained,test,1.1079279098332397,0.4125797748565674,1.4801615476608276,18
CHEMBL4203_Ki,unimol,xgboost,23,label_permuted,calibration,1.1877488327325743,0.008959493599832058,0.03362298011779785,13
CHEMBL4203_Ki,unimol,xgboost,23,label_permuted,test,1.3579859158624084,0.0067124199122190475,0.03377175331115723,18
CHEMBL4203_Ki,unimol,xgboost,42,trained,calibration,0.8906683994895483,0.45349615812301636,1.6115447282791138,13
CHEMBL4203_Ki,unimol,xgboost,42,trained,test,1.1564331940562167,0.509140133857727,1.8076742887496948,18
CHEMBL4203_Ki,unimol,xgboost,42,label_permuted,calibration,1.2126188357607162,0.16228656470775604,0.5648014545440674,13
CHEMBL4203_Ki,unimol,xgboost,42,label_permuted,test,1.3875770598998598,0.1559857726097107,0.6571090221405029,18
CHEMBL4203_Ki,unimol,mlp,11,trained,calibration,0.8685813218620828,0.7450816035270691,2.5919337272644043,13
CHEMBL4203_Ki,unimol,mlp,11,trained,test,0.8222670385208122,0.7858248353004456,3.281653642654419,18
CHEMBL4203_Ki,unimol,mlp,11,label_permuted,calibration,1.2557406688254642,0.7048986554145813,2.394057035446167,13
CHEMBL4203_Ki,unimol,mlp,11,label_permuted,test,1.9224431508442972,0.8763502836227417,3.735724449157715,18
CHEMBL4203_Ki,unimol,mlp,23,trained,calibration,0.9383615667444425,0.7613781690597534,2.622117519378662,13
CHEMBL4203_Ki,unimol,mlp,23,trained,test,0.8325683579431742,0.8306213617324829,2.959723949432373,18
CHEMBL4203_Ki,unimol,mlp,23,label_permuted,calibration,1.1230078118206286,0.10951592773199081,0.3937108516693115,13
CHEMBL4203_Ki,unimol,mlp,23,label_permuted,test,1.3459892245650644,0.1094212606549263,0.42854738235473633,18
CHEMBL4203_Ki,unimol,mlp,42,trained,calibration,0.967967424861318,0.7275490760803223,2.516793727874756,13
CHEMBL4203_Ki,unimol,mlp,42,trained,test,0.7954503582559338,0.8710231781005859,3.2765097618103027,18
CHEMBL4203_Ki,unimol,mlp,42,label_permuted,calibration,1.4420644193061247,0.47929033637046814,1.8461973667144775,13
CHEMBL4203_Ki,unimol,mlp,42,label_permuted,test,1.460003967671686,0.45274871587753296,1.7104358673095703,18
CHEMBL4616_EC50,unimol,xgboost,11,trained,calibration,0.7776644251360952,0.3404301106929779,2.0337929725646973,182
CHEMBL4616_EC50,unimol,xgboost,11,trained,test,0.950824431267093,0.36812296509742737,1.8594400882720947,68
CHEMBL4616_EC50,unimol,xgboost,11,label_permuted,calibration,0.8183228841944515,0.02951684780418873,0.13861405849456787,182
CHEMBL4616_EC50,unimol,xgboost,11,label_permuted,test,0.9896575933333654,0.021198216825723648,0.08764338493347168,68
CHEMBL4616_EC50,unimol,xgboost,23,trained,calibration,0.758915756822636,0.3288138210773468,1.814002275466919,182
CHEMBL4616_EC50,unimol,xgboost,23,trained,test,0.9663694111025036,0.4209696054458618,2.1520237922668457,68
CHEMBL4616_EC50,unimol,xgboost,23,label_permuted,calibration,0.8416730608240863,0.07154860347509384,0.39527177810668945,182
CHEMBL4616_EC50,unimol,xgboost,23,label_permuted,test,1.0024304061858413,0.06340761482715607,0.2962768077850342,68
CHEMBL4616_EC50,unimol,xgboost,42,trained,calibration,0.7774707556250611,0.28393498063087463,1.6288042068481445,182
CHEMBL4616_EC50,unimol,xgboost,42,trained,test,0.9686533972042866,0.31866830587387085,1.8241809606552124,68
CHEMBL4616_EC50,unimol,xgboost,42,label_permuted,calibration,0.8293646405168822,0.01664196513593197,0.12514030933380127,182
CHEMBL4616_EC50,unimol,xgboost,42,label_permuted,test,0.9879838699614873,0.028382306918501854,0.12514030933380127,68
CHEMBL4616_EC50,unimol,mlp,11,trained,calibration,0.7898228447295451,0.22703027725219727,1.1970449686050415,182
CHEMBL4616_EC50,unimol,mlp,11,trained,test,0.9542051042424641,0.20045702159404755,0.9661867618560791,68
CHEMBL4616_EC50,unimol,mlp,11,label_permuted,calibration,0.8115423868218594,0.08043086528778076,0.4468538165092468,182
CHEMBL4616_EC50,unimol,mlp,11,label_permuted,test,0.9987644669078221,0.1166350468993187,0.5873474478721619,68
CHEMBL4616_EC50,unimol,mlp,23,trained,calibration,0.7933098195769347,0.23433718085289001,1.3826589584350586,182
CHEMBL4616_EC50,unimol,mlp,23,trained,test,0.9487315996117166,0.22883175313472748,1.124068260192871,68
CHEMBL4616_EC50,unimol,mlp,23,label_permuted,calibration,0.8428841492745952,0.08236656337976456,0.43152207136154175,182
CHEMBL4616_EC50,unimol,mlp,23,label_permuted,test,0.9952856338683743,0.08115767687559128,0.3794511556625366,68
CHEMBL4616_EC50,unimol,mlp,42,trained,calibration,0.7982652168508085,0.38690024614334106,2.309540271759033,182
CHEMBL4616_EC50,unimol,mlp,42,trained,test,0.9165406826893991,0.3704211711883545,1.7200515270233154,68
CHEMBL4616_EC50,unimol,mlp,42,label_permuted,calibration,0.8497562325370525,0.18176822364330292,1.0077279806137085,182
CHEMBL4616_EC50,unimol,mlp,42,label_permuted,test,1.0283369477784015,0.17218567430973053,0.7978280782699585,68
CHEMBL4792_Ki,unimol,xgboost,11,trained,calibration,1.250977420136562,0.48793092370033264,2.7065505981445312,179
CHEMBL4792_Ki,unimol,xgboost,11,trained,test,1.0338721029549809,0.3949359357357025,2.171919822692871,146
CHEMBL4792_Ki,unimol,xgboost,11,label_permuted,calibration,1.3445344897180744,0.028979850932955742,0.13055658340454102,179
CHEMBL4792_Ki,unimol,xgboost,11,label_permuted,test,1.1432900843396931,0.03143156319856644,0.15144944190979004,146
CHEMBL4792_Ki,unimol,xgboost,23,trained,calibration,1.242372654964937,0.48060449957847595,2.378324508666992,179
CHEMBL4792_Ki,unimol,xgboost,23,trained,test,1.0281636262728038,0.40138310194015503,2.30863356590271,146
CHEMBL4792_Ki,unimol,xgboost,23,label_permuted,calibration,1.3537952745216233,0.13282553851604462,0.7468645572662354,179
CHEMBL4792_Ki,unimol,xgboost,23,label_permuted,test,1.151358386807703,0.12318839877843857,0.6702167987823486,146
CHEMBL4792_Ki,unimol,xgboost,42,trained,calibration,1.2385348472482336,0.529562771320343,2.432882308959961,179
CHEMBL4792_Ki,unimol,xgboost,42,trained,test,1.0538068697641931,0.3834189772605896,2.0969228744506836,146
CHEMBL4792_Ki,unimol,xgboost,42,label_permuted,calibration,1.3391182049945916,0.05919733643531799,0.29977643489837646,179
CHEMBL4792_Ki,unimol,xgboost,42,label_permuted,test,1.140270648417228,0.04881083220243454,0.2875802516937256,146
CHEMBL4792_Ki,unimol,mlp,11,trained,calibration,1.1113500073361913,0.8103820085525513,3.6594631671905518,179
CHEMBL4792_Ki,unimol,mlp,11,trained,test,0.8658627193984891,0.8138718605041504,4.644017219543457,146
CHEMBL4792_Ki,unimol,mlp,11,label_permuted,calibration,1.3620706336657675,0.1432901918888092,0.8734049797058105,179
CHEMBL4792_Ki,unimol,mlp,11,label_permuted,test,1.1490629919163635,0.14478549361228943,0.7486612796783447,146
CHEMBL4792_Ki,unimol,mlp,23,trained,calibration,1.13981704314583,0.8790581822395325,3.9092371463775635,179
CHEMBL4792_Ki,unimol,mlp,23,trained,test,0.8743103579334663,0.8338332772254944,4.742655277252197,146
CHEMBL4792_Ki,unimol,mlp,23,label_permuted,calibration,1.3108375556685405,0.14059148728847504,0.727306604385376,179
CHEMBL4792_Ki,unimol,mlp,23,label_permuted,test,1.1226268214945918,0.13582585752010345,0.6825076341629028,146
CHEMBL4792_Ki,unimol,mlp,42,trained,calibration,1.1563583529454162,0.747847855091095,3.7393641471862793,179
CHEMBL4792_Ki,unimol,mlp,42,trained,test,0.8710902603147939,0.7553198933601379,3.5263729095458984,146
CHEMBL4792_Ki,unimol,mlp,42,label_permuted,calibration,1.2971274348546107,0.1607218235731125,0.7498936653137207,179
CHEMBL4792_Ki,unimol,mlp,42,label_permuted,test,1.1110271991727456,0.15131470561027527,0.852989673614502,146
