draw,unadjusted_boundary_extended,null_adjusted_boundary_extended,null_adjusted_strict_unmatched,null_adjusted_boundary_prevalence_le_0_8
0,-0.0076267466424740004,-0.011265452237294792,-0.011458286092214658,-0.008033428383107881
1,-0.005510851841965449,-0.004392509434444594,-0.011794964982806098,-0.005997809725735256
2,-0.0017530009786604,-0.0049260284680743595,-0.00829065934065936,-0.011987486971272263
3,-0.0050816897071932,-0.010364110367297452,-0.008197294149402484,-0.011264860007964547
4,-0.011687635004734749,-0.0041959493817616544,-0.008543424561955271,-0.0036359931675043027
5,-0.0068303677012791,-0.001128282592659225,-0.008609370408040495,-0.007357599220366044
6,-0.0043154761904761,-0.007509308868209316,-0.014662580457654248,-0.003786395026206006
7,-0.0093602693602693,-0.016162907216168657,-0.012206610290656835,-0.010267676767676766
8,-0.00563201480753505,-0.010355102303223545,-0.010701873295239517,-0.012636458399057356
9,-0.00378188539370965,-0.009823515288090515,-0.014697033202219524,-0.010740420498788754
10,-0.0041949860131678,-0.008647990475847134,-0.010069302000248706,-0.010531483131530125
11,-0.008435079961248301,-0.013264890786682512,-0.0092199181271692,-0.010224629458886983
12,-0.0107244607244607,-0.012512532405865785,-0.012051713176130265,-0.004737426747706865
13,-0.0037954423461669,-0.009133796296296293,-0.010701873295239517,-0.009756007994335392
14,-0.0170932968549198,-0.008727240154750876,-0.010055196448531329,-0.012399030106549047
15,-0.00453545321239275,-0.00888292427901019,-0.007649990824921918,-0.006737213403880032
16,0.0,-0.005203175034568734,-0.01368053498556299,-0.004688228438228439
17,-0.00899863884414875,-0.014107687861969573,-0.01327601508098934,-0.010797431321770821
18,-0.00509682087809635,-0.014046917266725079,-0.012548408384820853,-0.005736734788018637
19,-0.0122685185185185,-0.007322900100791195,-0.009093881046474399,-0.007881053904101543
20,-0.0038957487804936004,-0.004888554050116567,-0.01136339862239049,-0.009047533088800519
21,-0.0119802553689678,-0.012538149828868597,-0.010526323449607758,-0.007974160104151758
22,-0.0066980247222447,-0.008813962350952144,-0.009987606274155299,-0.007829476111569936
23,-0.00563201480753505,-0.00961699798912146,-0.011031606671936409,-0.014364057883618248
24,-0.007874906590338349,-0.012636458399057356,-0.012075101470122106,-0.005608851652051295
25,-0.0032026673848838,-0.010927220329199634,-0.013104828328843965,-0.00996719591585488
26,-0.0064784948790853,-0.01678350272043204,-0.016696404902398595,-0.01291062981740522
27,-0.0011407326478542,-0.0030406009948474207,-0.008916280315269698,-0.005578135356706815
28,-0.0123416026456103,-0.004474836733068624,-0.008662597518191793,-0.009047533088800519
29,-0.0077637845093280495,-0.013047587416620918,-0.01071160047410121,-0.004474836733068624
30,-0.0090091286012307,-0.008086767014683388,-0.010752609481701616,-0.01388695059682396
31,-0.00664163998859045,-0.011470744533341142,-0.014726138592976088,-0.009934238920387936
32,-0.007246880001048001,-0.00996719591585488,-0.017908147547488026,-0.014371712435403148
33,-0.01027381241445245,-0.007785551595670664,-0.012583016076017011,-0.017152266794759688
34,-0.0080616169390889,-0.008060887541727166,-0.007828323081167841,-0.007785551595670664
35,-0.0046073914823914,-0.006174286590414184,-0.010319120481390446,-0.005521788847004033
36,-0.0052287048131923,-0.011993247728927025,-0.01333725027097896,-0.013909218963906463
37,-0.00516255933360165,-0.0021303787664979368,-0.010874687782293857,-0.0023987757502086614
38,-0.008966075098778,-0.014521160534261529,-0.009670522504363652,-0.008043956043956062
39,-0.0097595127215445,-0.011952777591610543,-0.011875627465109662,-0.0038744437284593883
40,-0.0028287995644212,-0.004886347857321213,-0.009065634727769833,-0.011291873101282882
41,-0.0112163862521193,-0.010524946348776196,-0.012608763702184778,-0.004580518533384308
42,-0.011045329867538551,-0.006183041027262144,-0.010745763152350572,-0.012240937908200047
43,-0.01223610246900695,-0.005217477221473754,-0.009108397914465539,-0.010602787788341197
44,-0.0051127330445941,-0.0037441925913631706,-0.011978569676472544,-0.012139989742137057
45,-0.0240256038966105,-0.008815934809000732,-0.01052106439240727,-0.010132992354683653
46,-0.0038191700422561,-0.011997600240610761,-0.008782251602564156,-0.010267676767676766
47,-0.01117704694473025,-0.006137217416076299,-0.011978569676472544,-0.010106402696260286
48,-0.00151435857754275,-0.015065571258428116,-0.010503489885634876,-0.01184316502462629
49,-0.0052287048131923,-0.01022051952787107,-0.013230788611740991,-0.004238618336045611
50,-0.010551064855599101,-0.0160440334119386,-0.015351674127494348,-0.006957624323549516
51,-0.0122685185185185,-0.010524946348776196,-0.008657272986533092,-0.008317338515946767
52,-0.0080616169390889,-0.008060887541727166,-0.009638074429283593,-0.00793448821823678
53,-0.010413579021082899,-0.0011063151652216524,-0.011059552445154025,-0.013318639671463933
54,-0.0056742991932311,-0.01176703820333212,-0.009192446702049682,-0.008637583323057793
55,0.0,-0.01230827387707335,-0.00512062711234984,-0.01113931540774176
56,-0.0099199770408283,-0.006503232413782851,-0.009116218910513299,-0.0014329836829836823
57,-0.0050816897071932,-0.008262307567758326,-0.013807408749263683,-0.0044432771816652235
58,-0.0123759648866485,-0.00881542048637636,-0.011978569676472544,-0.011265452237294792
59,-0.00899863884414875,-0.008647990475847134,-0.006664166666666679,-0.00582943457046093
60,-0.014740780526004601,-0.010921257802186002,-0.012829019802080297,-0.0038967181387069144
61,-0.012292988548330351,-0.0025474759246913448,-0.009214971080545063,-0.016955100896446765
62,-0.0068267873874491,-0.01001342101795271,-0.008531889404787121,-0.011238379660827514
63,-0.00687758138071325,-0.0011304467609581023,-0.014233483167802635,-0.009700972565726381
64,-0.0066980247222447,-0.010629860364808475,-0.011059552445154025,-0.011291873101282882
65,-0.0130810654033066,-0.012240937908200047,-0.010701873295239517,-0.010054499390174703
66,-0.0022002774653806997,-0.005054244799056945,-0.006888592117758781,-0.006222518379410305
67,-0.0098678934287302,-0.006183041027262144,-0.010219375355231557,-0.012512532405865785
68,-0.0037954423461669,-0.013898084780365211,-0.014580551192078125,-0.005252636879134517
69,-0.0030122114168308,-0.009936372446450445,-0.011265782616116039,-0.009156068506534089
70,-0.005309141716300449,-0.006281023526005711,-0.016748549031267438,-0.006503232413782851
71,-0.00621402407116685,-0.0071889279583331675,-0.012550269615854268,-0.009141459338820546
72,-0.00318525436054075,-0.014039872676901176,-0.011595564158905256,-0.005997809725735256
73,-0.0075039430428525495,-0.005744180177707246,-0.013479581618989862,-0.012636458399057356
74,-0.0107265703387327,-0.008043956043956062,-0.012343247270227573,-0.012648982509970826
75,-0.0124280481423337,-0.0118320454237121,-0.016387288694175585,-0.010455026455026467
76,-0.0041815555416761995,-0.012407024493032172,-0.011595564158905256,-0.013062113239567663
77,-0.0099889182088914,-0.011370292019381528,-0.01368053498556299,-0.003932325518829067
78,-0.0031705434881182503,-0.006330930949014031,-0.00829065934065936,-0.0032752525252525266
79,-0.0036211584020387003,-0.010594633538150561,-0.011974314960939023,-0.01224663654624284
80,-0.012383359711811051,-0.004688228438228439,-0.014783773843086552,-0.011400482130672088
81,-0.0056698492011727,-0.0010456396272573165,-0.01327601508098934,-0.005924755209241827
82,-0.0106425256867832,-0.008951126051071862,-0.01386370718752063,-0.0034643727232618535
83,-0.00234230765012985,-0.012177590587006987,-0.009141665088749383,-0.009651760101360762
84,-0.0110641293754378,-0.01016699664815704,-0.011794964982806098,-0.012406144781144678
85,-0.013949365245873951,-0.010531483131530125,-0.012575290054291276,-0.009485932273432987
86,-0.0040010622350588505,-0.009249491249491265,-0.013732202252743478,-0.010224570624160115
87,-0.0109220354160324,-0.010207886751417036,-0.014383453806590861,-0.0034859468496794555
88,-0.0062523334472551,-0.007816669761729277,-0.01081781072504822,-0.005254236715306823
89,-0.01177834809989195,-0.0096354806320136,-0.013025405716810608,-0.010602787788341197
90,-0.0098210544901722,-0.011152969775275991,-0.010701873295239517,-0.00625153055513958
91,-0.011593762878518949,-0.014300525576716086,-0.010337214156239526,-0.009139872549294322
92,-0.00736121854787705,-0.01213271225068524,-0.010817444686493432,-0.014017186431469077
93,-0.0080066516679024,-0.011902777777777769,-0.010304690043946945,-0.006950313060318828
94,-0.0025757090168889506,-0.006543026900271611,-0.0042466559224643985,-0.013667913051466505
95,-0.0003619398233759507,-0.016295633340875342,-0.01315960258392732,-0.005339581714581716
96,-0.0026769504097935,-0.005939343899406599,-0.012571449954328316,-0.008043956043956062
97,-0.008276037687802398,-0.0110576556014262,-0.010436913985103475,-0.011400482130672088
98,-0.0002183828076685,-0.009156068506534089,-0.0077292390785215215,-0.013850088183421538
99,-0.0014174414984533502,-0.008637583323057793,-0.014153056692664943,-0.012407024493032172
100,-0.0077560155454622,-0.012399030106549047,-0.004914175173967486,-0.013169142681446451
101,-0.0016013336924419,-0.008813962350952144,-0.01055331653964162,-0.0038967181387069144
102,0.0,-0.004315270224342192,-0.01045512679226189,-0.013289425924703278
103,-0.0066980247222447,-0.010132992354683653,-0.015384609571336142,-0.014489366881502153
104,-0.0123931266816072,-0.008647990475847134,-0.010219642122883408,-0.010602787788341197
105,-0.008966075098778,-0.013437501205529796,-0.012291062905774836,-0.012847180050112289
106,-0.0060883922603028,-0.015737466611630738,-0.01034627237127174,-0.01111916714091317
107,-0.0065215121483298,-0.017316914382159942,-0.003739355011279189,-0.007262099020593903
108,-0.0008200540456289,-0.007651742877670997,-0.010456821051569825,-0.007509308868209316
109,-0.012383359711811051,-0.012876160307688083,-0.015384609571336142,-0.0020568755528699648
110,-0.0063981994100258,-0.011007346441897173,-0.010204904006762576,-0.006879222922469591
111,-0.0068245384743701,-0.009648297907952973,-0.006799902376332858,-0.010311260603637032
112,-0.00909004580917455,-0.006637243839825901,-0.008027734777136109,-0.0049260284680743595
113,-0.01031670632017,-0.01388695059682396,-0.011101617770358754,-0.002846008212812629
114,-0.0129280129100413,-0.01124335162541554,-0.013892486009065324,-0.002561697571680864
115,-0.010413579021082899,-0.011081028982697676,-0.0023366432830088293,-0.009143578775019697
116,-0.0121201062905389,-0.010455026455026467,-0.010618944744438492,-0.009084282310016588
117,-0.003947765091964451,-0.010054499390174703,-0.011160369697703565,-0.008310315765616659
118,-0.0036780526858889,-0.009952815385615519,-0.009153198619233974,-0.012604565969533592
119,-0.00440835663777265,-0.01543643632706474,-0.008695330981740662,-0.0021334102890898264
120,-0.00443032278257135,-0.013013575630245897,-0.010374420121725687,-0.006815920802463377
121,-0.010352639758651,-0.006950313060318828,-0.01383508478924529,-0.007881053904101543
122,-0.01025968002101325,-0.005737737505548693,-0.010420078763828763,-0.008139765948013494
123,-0.0088006674500482,-0.011209045584045584,-0.012006639207553859,-0.009143578775019697
124,-0.0032026673848838,-0.01113931540774176,-0.007668850715561254,-0.006548379805096399
125,-0.0063981994100258,-0.007357599220366044,-0.012571449954328316,-0.009084282310016588
126,-0.00646123396123395,-0.007141015223366411,-0.009390498792033481,-0.01069805363771864
127,-0.01190277661984995,-0.006920819822157134,-0.008718849064431454,-0.008813962350952144
128,-0.005309141716300449,-0.004238618336045611,-0.0137437529456204,-0.005719750036645738
129,-0.0078193645503206,-0.011470744533341142,-0.01338804261922354,-0.005608851652051295
130,-0.0064850543181698,-0.005054244799056945,-0.010526323449607758,-0.0037441925913631706
131,-0.0056742991932311,-0.006957624323549516,-0.010069302000248706,-0.005633118891895689
132,-0.0040967712842711,-0.007132140404238648,-0.012075101470122106,-0.009776685217785953
133,-0.0006980778616807,-0.007116081982155516,-0.01271752479057739,-0.009475905389455495
134,-0.0099406149406149,-0.00622886463844799,-0.010436913985103475,-0.0049732627618637865
135,-0.0133100233100231,-0.017482160006885406,-0.012051713176130265,-0.013093400391314791
136,-0.01560873443134465,-0.01298381109071738,-0.007791496096139532,-0.004243351665261352
137,-0.0078193645503206,-0.0030470087335310175,-0.010160437207696195,-0.01222048612232155
138,-0.0098792818401802,-0.006352813801172516,-0.009773482735064652,-0.008317338515946767
139,-0.0043671326555313,-0.0035533011396192337,-0.008669471153846198,-0.008043956043956062
140,-0.00970968417624805,-0.007637205265494742,-0.004899897104529448,-0.007785551595670664
141,-0.0043413834473464,-0.00815608080478621,-0.010665116669204219,-0.010602787788341197
142,-0.008521127205708,-0.013744340393176159,-0.013176041666666638,-0.015320398004773028
143,-0.0109220354160324,-0.012927004811181184,-0.01569734968314511,-0.008317338515946767
144,-0.00842977660425725,-0.003786395026206006,-0.01569734968314511,-0.003866650724444254
145,0.0,-0.011902777777777769,-0.01194869035760986,-0.012865026124146832
146,-0.014565491387279599,-0.007390584723918047,-0.012044985199461388,-0.004938491472978097
147,-0.0043004754888574005,-0.008813962350952144,-0.0122512364224374,-0.006371185952941311
148,0.0,-0.0096354806320136,-0.010374420121725687,-0.011172720579052416
149,-0.0100048925356712,-0.0065746267414237974,-0.016782555995400586,-0.003805554374527592
150,-0.0039528276114929,-0.0042691326530611695,-0.015384609571336142,-0.012399030106549047
151,-0.0060353248018778,-0.0035533011396192337,-0.011039101986546949,-0.012407024493032172
152,-0.0107581954538049,-0.014261143969831736,-0.013176041666666638,-0.008402729393850103
153,-0.0078193645503206,-0.0033655515414565684,-0.015882239050335843,-0.01576845069243632
154,-0.00507829069038625,-0.009784624139016568,-0.014153056692664943,-0.008864084803434757
155,-0.0076951951951952,-0.008647990475847134,-0.011736128869992266,-0.0032839120788931697
156,-0.0023898164857300997,-0.007695296241535895,-0.009926051902242376,-0.010132992354683653
157,-6.106226635438361e-16,-0.010658876238126645,-0.0023366432830088293,-0.013891822991822955
158,-0.0093831470988094,-0.012358375420875348,-0.01824153297443045,-0.010364110367297452
159,-0.0021814111682444,-0.014924433163980544,-0.010701873295239517,-0.0034741512345679085
160,-0.0014380882134505,-0.004551644523502631,-0.008758783384080121,-0.008402729393850103
161,-0.0134637188208616,-0.00909795772632111,-0.013860044919997254,-0.010224629458886983
162,-0.0111895963336358,-0.006950313060318828,-0.013058565780740132,-0.01302911334147498
163,-0.0117064024071623,-0.0021303787664979368,-0.008782251602564156,-0.008864084803434757
164,-0.00227490436439445,-0.004478680545644804,-0.008631878579401203,-0.01586593268418763
165,-0.0094761504825895,-0.006183041027262144,-0.017777063825912987,-0.010730742008256466
166,-0.006524270088978,-0.007185567973036014,-0.010436913985103475,-0.00961699798912146
167,-0.0080066516679024,-0.010364110367297452,-0.009557133761300421,-0.007993723653108858
168,-0.0066980247222447,-0.00399800031321388,-0.010385297719442186,-0.01016699664815704
169,-0.00509682087809635,-0.010843738837068016,-0.010701873295239517,-0.008864084803434757
170,0.0,-0.012546118620457639,-0.011644245755667637,-0.006815920802463377
171,-0.005861606233483051,-0.012078839971048165,-0.016607040146150158,-0.005997809725735256
172,-0.0116840580845579,-0.013541064265239922,-0.012719648258282916,-0.013514995712696404
173,-0.00563201480753505,-0.007881053904101543,-0.010701873295239517,-0.010917501259763169
174,-0.0040773765646609,-0.010364110367297452,-0.0034627336365741423,-0.012399030106549047
175,-0.0107265703387327,-0.00622729287841485,-0.011978569676472544,-0.008857526556932532
176,-0.0080616169390889,-0.006100354463143481,-0.010701873295239517,-0.010797431321770821
177,-0.01043194635723515,-0.009084282310016588,-0.008425379116088559,-0.013487923136229126
178,-0.0039579706632636,-0.01222048612232155,-0.013057509382340259,-0.01422625965717492
179,-0.0022432542352757,-0.006452554752578251,-0.010809361649955426,-0.0014385805898267934
180,-0.00277891293156945,-0.01113931540774176,-0.012337294446922602,-0.006503232413782851
181,-0.0029117652705584,-0.00961699798912146,-0.00829332891961402,-0.014221861066274988
182,-0.0055186667042923495,-0.01220075931809958,-0.021549440191056896,-0.006957624323549516
183,-0.0090628463220459,-0.0005690556890369236,-0.009735131517274422,-0.00846215777022355
184,-0.00219161325591115,-0.007112208727964,-0.011721640338380404,-0.010921257802186002
185,-0.011045329867538551,-0.0110576556014262,-0.008695812026948885,-0.0160440334119386
186,-0.0096401232005488,-0.006815920802463377,-0.011528189989771325,-0.011777460701494994
187,-0.0026851851851851,-0.007651742877670997,-0.008343817082388509,-0.007552383253470789
188,-0.00645817335931665,-0.012404336118250123,-0.012343247270227573,-0.0020642888656552637
189,-0.0124058429039632,-0.014902771170628326,-0.010070484666643346,-0.011227735592540877
190,-0.0027648264263273,-0.016221853669210317,-0.01034627237127174,-0.011880114488131505
191,-0.002088242997333873,-0.007974160104151758,-0.012343247270227573,-0.015296798587008935
192,-0.0065215121483298,-0.011931255395319904,-0.0068026838319905705,-0.006452554752578251
193,-0.01080239944661915,-0.0083395130183639,-0.013935725552438558,-0.010119882198998238
194,-0.0079536116372834,-0.005823957626702403,-0.017118003276952884,-0.0091705767086449
195,-0.0003619398233759507,-0.005079326945045561,-0.009500246761299659,-0.014980993484825171
196,-0.01153053780819315,-0.006949953347513613,-0.009557133761300421,-0.016358797936850134
197,-0.008521127205708,-0.017456782916070234,-0.01211504458612683,-0.005081814634217849
198,-0.0037954423461669,-0.007829476111569936,-0.008695812026948885,-0.007695296241535895
199,-0.0042336602734981,-0.010658876238126645,-0.007668850715561254,-0.013909218963906463
200,-0.0084949751341739,-0.014902771170628326,-0.014153056692664943,-0.012413173627157707
201,-0.0041949860131678,-0.01543643632706474,-0.0087264786762963,-0.0065266832158097626
202,-0.0060353248018778,-0.007417203387598048,-0.013081035101626531,-0.004238618336045611
203,-0.0081705469325868,-0.012240937908200047,-0.010545355014368596,-0.005412722927152369
204,-0.0034624719822088,-0.0056667330869466515,-0.010701873295239517,-0.008647990475847134
205,-0.0041682513315599,-0.004886347857321213,-0.011404556568588757,-0.012648982509970826
206,-0.0051343636869952,-0.005939343899406599,-0.01897939285082255,-0.008608386070310552
207,-0.0055186667042923495,-0.008815934809000732,-0.008782251602564156,-0.006647550365079056
208,-0.003947765091964451,-0.014134271281655543,-0.010763871952698859,-0.010041460039079103
209,-0.01161939252752715,-0.005087645795450013,-0.011615615004673174,-0.006609381719695204
210,-0.0034404897385329498,-0.00996719591585488,-0.01519025863842044,-0.006183041027262144
211,-0.010945215341638202,-0.011952777591610543,-0.012719648258282916,-0.005521788847004033
212,0.0,-0.00793263169663315,-0.010701873295239517,-0.008695139023946717
213,-0.0077560155454622,-0.011291873101282882,-0.00512062711234984,-0.007464111409650628
214,-0.0066980247222447,-0.01727682132733606,-0.013104828328843965,-0.010311260603637032
215,-0.0123759648866485,-0.007829476111569936,-0.008618733946117299,-0.0096354806320136
216,-0.0049995256124992,-0.012876160307688083,-0.010995752115274681,-0.006352813801172516
217,-0.01002850208201995,-0.007116081982155516,-0.006920983515712683,-0.012427317147766369
218,0.0,-0.011359321482064276,-0.008758783384080121,-0.016369044448533474
219,-0.010659316884098949,-0.009700972565726381,-0.006799901214566327,-0.005400805757661602
220,-0.0075169290472598994,-0.010311260603637032,-0.010701873295239517,-0.01422625965717492
221,-0.0096401232005488,-0.009549036199344286,-0.012006639207553859,-0.012648982509970826
222,-0.01338910946795005,-0.007816669761729277,-0.011595564158905256,-0.011987486971272263
223,-0.0071900252423621,-0.009700972565726381,-0.007180478620228858,-0.008808364080796188
224,-0.00687758138071325,-0.010455026455026467,-0.010436913985103475,-0.006647550365079056
225,-0.00563201480753505,-0.010876284563771184,-0.010645360604307964,-0.01579785440825652
226,-0.0100048925356712,-0.007322900100791195,-0.010105461471317204,-0.004846815051552225
227,-0.0098435548835542,-0.011400482130672088,-0.014726138592976088,-0.01207307248999592
228,-0.0064538017936231,-0.006330930949014031,-0.014592525341406558,-0.01792120741086518
229,-0.0071723280342585,-0.012965308701294864,-0.010078909616266792,-0.0158141408295406
230,-0.0039875102375101,-0.0056667330869466515,-0.010705078361758184,-0.005339581714581716
231,-0.007166386061109401,-0.005710235690235661,-0.009186632798748963,-0.0051719830751949525
232,-0.0098435548835542,-0.009249491249491265,-0.009209225026549145,-0.011980089355089343
233,-0.0111581039591036,-0.00721399136447386,-0.006748957489698233,-0.0038744437284593883
234,-0.0011407326478542,-0.00846215777022355,-0.01045512679226189,-0.01496154733153523
235,-0.008521127205708,-0.00899579572713928,-0.011005752327600279,-0.0037441925913631706
236,-0.0093602693602693,-0.00634420884668872,-0.01598844595691102,-0.008368710271111142
237,-0.00071904410672525,-0.013898084780365211,-0.015303042566227798,-0.014833303198568532
238,-0.0093831470988094,-0.006957624323549516,-0.003015864633876257,-0.009156068506534089
239,-0.01533855528057735,-0.008402729393850103,-0.012337294446922602,-0.00856498477430049
240,-0.0123759648866485,-0.01170076558577083,-0.012571449954328316,-0.005888740857768135
241,-0.00899863884414875,-0.011054515489823728,-0.006499161203521439,-0.012310606060606018
242,-0.0077637845093280495,-0.014685178537973369,-0.010701873295239517,-0.008647990475847134
243,-0.0081705469325868,-0.015745614615211213,-0.013104828328843965,-0.006920819822157134
244,0.0,-0.003187727189683791,-0.008433365082629762,-0.013667913051466505
245,-0.004976174937602,-0.020329028799540287,-0.007605464966121127,-0.005608851652051295
246,-0.0077560155454622,-0.007700777632161053,-0.012608763702184778,-0.014902771170628326
247,-0.01223610246900695,-0.01129252481376207,-0.009315729482451185,-0.011240572794844784
248,-0.0051127330445941,-0.004688228438228439,-0.01052106439240727,-0.007116081982155516
249,-0.0031708456977227,-0.010041460039079103,-0.010800156886114007,-0.00622729287841485
250,-0.0090628463220459,-0.00401720643851378,-0.013230788611740991,-0.001987228831679653
251,-0.00523271980315315,-0.012427317147766369,-0.010302541582423653,-0.00508158871564221
252,-0.00646123396123395,-0.01469704916499505,-0.008695330981740662,-0.004127250696145085
253,-0.0023898164857300997,-0.004677317022234936,-0.0102815226239636,-0.012512532405865785
254,-0.0095005058963285,-0.00445219907431425,-0.01269740191463143,-0.012358375420875348
255,-0.0083181081406096,-0.01044681685157876,-0.01211341536096704,-0.002751769547325096
256,-0.0040773765646609,-0.01069805363771864,-0.016838274746286325,-0.008043956043956062
257,-0.0166658527740586,-0.0035520624454784544,-0.010069302000248706,-0.005597664272807487
258,-0.00388367752968935,-0.01069805363771864,-0.010817444686493432,-0.011594567469567463
259,-0.0170932968549198,-0.005608851652051295,-0.010189054856908603,-0.011318846743453063
260,-0.00929316861839155,-0.007552383253470789,-0.01332464664225589,-0.010051684547303742
261,-0.010659316884098949,-0.005736734788018637,-0.012198038046855316,-0.011151558441558414
262,-0.00563201480753505,-0.006436647727835249,-0.01338698506484338,-0.009475905389455495
263,-0.00929316861839155,-0.009784624139016568,-0.016048051985789177,-0.005087645795450013
264,-0.00675307466537455,-0.014689878196438189,-0.012075101470122106,-0.006174286590414184
265,-3.7508723199103366e-05,-0.00793448821823678,-0.008570675686875848,-0.0025391648726340588
266,-0.0098210544901722,-0.0065512002773011405,-0.012661633611333888,-0.009475905389455495
267,-0.0090091286012307,-0.013737062492394106,-0.009700650415189605,-0.006543026900271611
268,-0.0039528276114929,-0.012776981403733952,-0.010436913985103475,-0.00815608080478621
269,-0.010655137123018701,-0.010602787788341197,-0.01265209643747467,-0.004127250696145085
270,-0.0107706612752879,-0.006815920802463377,-0.007311051395328276,-0.006637243839825901
271,-0.0014430106397495001,-0.008727240154750876,-0.010189054856908603,-0.006817919037082193
272,-0.0008505187570479,-0.012965308701294864,-0.012495189247985435,-0.011980089355089343
273,-0.0119703776755058,-0.01496154733153523,-0.010701873295239517,-0.01113931540774176
274,-0.01415441176470585,-0.013667913051466505,-0.005441767965141605,-0.010531483131530125
275,-0.0120898724496495,-0.0027104802322163273,-0.01567456749024323,-0.009156068506534089
276,-0.010352639758651,-0.008864084803434757,-0.01383508478924529,-0.011891719341364997
277,-0.0095005058963285,-0.015256442032110573,-0.01211504458612683,-0.008317338515946767
278,-0.0042714361028425,-0.0037190027095990756,-0.011297619157017432,-0.006815920802463377
279,-0.0056866071587353,-0.008682252999125211,-0.010526323449607758,-0.015186144105141856
280,0.0,-0.00550860191990462,-0.008210595094234005,-0.007278337362605903
281,-0.0030916669605922003,-0.008647990475847134,-0.008180122188707173,-0.009156068506534089
282,-0.0040349971165494,-0.007974160104151758,-0.013176041666666638,-0.010594633538150561
283,-0.0015465453916119,-0.012846132124048814,-0.011978569676472544,-0.008043956043956062
284,-0.00563201480753505,-0.010740420498788754,-0.009926051902242376,-0.012696599533201399
285,-0.0107925570978678,-0.01663508882836008,-0.01032639204545454,-0.004315270224342192
286,-0.0028287995644212,-0.014300525576716086,-0.010701873295239517,-0.01051828703703703
287,-0.008041119137856951,-0.00815608080478621,-0.007521961026658277,-0.011502521270015064
288,-0.0123416026456103,-0.006174286590414184,-0.014902680232411942,-0.005608851652051295
289,-0.0025045961477585,-0.013093400391314791,-0.01569734968314511,-0.010364110367297452
290,-0.00453545321239275,-0.006342064594356276,-0.013292896073375266,-0.011557523851168743
291,-0.0110894873591782,-0.009313650009005109,-0.007555704054891589,-0.006222518379410305
292,-0.00277891293156945,-0.00582943457046093,-0.009773482735064652,-0.0052772814111144845
293,-0.0019841443800517,-0.012310606060606018,-0.006664166666666679,-0.010502230229138237
294,-0.0106453752340189,-0.011993247728927025,-0.010304690043946945,-0.0027686620181753933
295,-0.007827139251101201,-0.01051828703703703,-0.013944353670666983,-0.00622729287841485
296,-0.0106348814229249,-0.0020568755528699648,-0.010910466454710938,-0.006183041027262144
297,-0.0069134148519975,-0.004737426747706865,-0.011790382966571821,-0.012410005935152159
298,-0.01503451848267445,-0.012696599533201399,-0.0159296768696456,-0.00616627858243568
299,-0.0103430682283554,-0.012413173627157707,-0.01569734968314511,-0.010843738837068016
300,-0.0086651122000002,-0.013744340393176159,-0.011088413341312154,-0.013012878036959198
301,-0.004763030966239449,-0.008313885360289933,-0.008687230593480592,-0.007700777632161053
302,-0.0107581954538049,-0.014371712435403148,-0.00580904518514715,-0.00622729287841485
303,-0.0034185074948571,-0.0144146000776939,-0.010752482283841958,-0.00758486503992245
304,-0.0034624719822088,-0.008949851398196474,-0.010436913985103475,-0.008157280408164186
305,-0.0095005058963285,-0.009756007994335392,-0.010420078763828763,-0.010119882198998238
306,-0.01078473774298305,-0.011912013822031242,-0.00939719058405927,-0.010260242290792816
307,-0.0096690540830622,-0.012400968771260635,-0.016852704169547088,-0.006706444436907039
308,-0.0089567792840897,-0.003243923110655786,-0.01338804261922354,-0.015320398004773028
309,-0.0109690656565656,-0.0119111667763825,-0.012719648258282916,-0.01394641872204179
310,-0.0120898724496495,-0.010592982954545471,-0.006276989637998574,-0.00658450315287213
311,-0.00929316861839155,-0.005710235690235661,-0.012438905620374648,-0.011033867824393202
312,-0.0112708163799116,-0.014046917266725079,-0.008297985347985357,-0.0071889279583331675
313,-0.0052287048131923,-0.00403468801089929,-0.014856281663769597,-0.007829476111569936
314,-0.0134637188208616,-0.008237765867683298,-0.012719648258282916,-0.011151558441558414
315,-0.0083787748536872,-0.011606728522003909,-0.012599107232986333,-0.009431067836051878
316,-0.00734410719809345,-0.004078640204082093,-0.01181290849332161,-0.006455264550264562
317,-0.0017390584179799,-0.010602787788341197,-0.009981481481481477,-0.01001342101795271
318,-0.00966905346750005,-0.008815934809000732,-0.007476742424242441,-0.006222518379410305
319,-0.00563201480753505,-0.011560450926046361,-0.009773482735064652,-0.005997809725735256
320,-0.008405925299684201,-0.0160440334119386,-0.010701873295239517,-0.016339207034145507
321,-0.00534696356701905,-0.012538149828868597,-0.012027260312523911,-0.011419691525812362
322,-0.0058050821195412,-0.013302635439148974,-0.014694359525315167,-0.007464111409650628
323,-0.0026769504097935,-0.00815608080478621,-0.010250038422996885,-0.011987486971272263
324,-0.0052103101622223,-0.009249491249491265,-0.007558823342839477,-0.013909218963906463
325,-0.0127148406680572,-0.009027605048539791,-0.01045512679226189,-0.011511929450179018
326,-0.008446962596213949,-0.014955823624135105,-0.013025405716810608,-0.005736734788018637
327,-0.0083181081406096,-0.0119111667763825,-0.010701873295239517,-0.00645102438849959
328,-0.0120518787555649,-0.010106402696260286,-0.015351674127494348,-0.002770890507200075
329,-0.0038191700422561,-0.0038625161545944413,-0.012051713176130265,-0.008647990475847134
330,-0.00687758138071325,-0.011993247728927025,-0.0149099239825884,-0.01110303696569107
331,-0.0040773765646609,-0.01016699664815704,-0.012719648258282916,-0.00582943457046093
332,-0.0037798448218686,-0.00815608080478621,-0.010800156886114007,-0.009604170179815703
333,-0.0111581039591036,-0.010267676767676766,-0.012608763702184778,-0.011952777591610543
334,-0.0088006674500482,-0.00989199731863925,-0.012661633611333888,-0.005546487747145641
335,-0.00435613760583565,-0.010594633538150561,-0.012608763702184778,-0.00856498477430049
336,-0.0066980247222447,-0.008317338515946767,-0.0089347600938747,-0.00679990316862536
337,-0.0082580883143771,-0.009776685217785953,-0.0137437529456204,-0.009475905389455495
338,-0.0042535331339657,-0.011993247728927025,-0.011297619157017432,-0.0042691326530611695
339,-0.0055186667042923495,-0.006456776031094444,-0.008386222296540959,-0.009270990700335536
340,-0.0120491887214185,-0.013264890786682512,-0.018554667786423923,-0.004580518533384308
341,-0.0039528276114929,-0.012410005935152159,-0.009116218910513299,-0.008695139023946717
342,-0.011504817444219,-0.004638792871563385,-0.011794964982806098,-0.008813962350952144
343,-0.0041682513315599,-0.006307227735850107,-0.006892863712135031,-0.006708301970801973
344,-0.0039671969215039,-0.01925599050091332,-0.011770654141361261,-0.008590720987937471
345,-0.0014174414984533502,-0.007829476111569936,-0.015848617851384198,-0.004688228438228439
346,-0.010659316884098949,-0.010204104913003276,-0.008103616670306504,-0.01394641872204179
347,-0.0089431605975723,-0.00910903930315644,-0.013081035101626531,-0.0083395130183639
348,-0.00258190615254195,-0.00793263169663315,-0.007190503788980295,-0.011843101651469703
349,-0.0039889890742058,-0.0047727899029982555,-0.020898776048417632,-0.008949851398196474
350,-0.0063250945700606,-0.014614808484339745,-0.010105461471317204,-0.0052772814111144845
351,-0.01318063512665035,-0.008157280408164186,-0.011495513137915095,-0.010574026424081671
352,-0.0068333468265336,-0.0023904124063645338,-0.006451990889154433,-0.006137217416076299
353,-0.0083450046685341,-0.010130689909380049,-0.011453841119081636,-0.009139872549294322
354,-0.0079027739244248,-0.008274196859833608,-0.011160369697703565,-0.0038967181387069144
355,-0.0099199770408283,-0.011400482130672088,-0.01603470828810927,-0.005419539567001752
356,-0.0075900445964661,-0.010574026424081671,-0.011156771743676505,-0.01113931540774176
357,-0.0037798448218686,-0.013976443062595979,-0.013025405716810608,-0.006957624323549516
358,-0.0076887678400168,-0.009776685217785953,-0.01832383778033023,-0.013976443062595979
359,-0.01595866013406145,-0.013514995712696404,-0.012065357382887436,-0.011560450926046361
360,-0.0064559010750733,-0.012604565969533592,-0.010456821051569825,-0.009756007994335392
361,-0.005309141716300449,-0.011265452237294792,-0.011770654141361261,-0.005997809725735256
362,-0.0082580883143771,-0.005521788847004033,-0.0114074051604363,-0.009776685217785953
363,-0.0027027576371812002,-0.0020510873000456203,-0.012653547242593252,-0.008864084803434757
364,-0.004449580620014,-0.012413173627157707,-0.014307828692528427,-0.00961699798912146
365,-0.00286877862670835,-0.010772105174133104,-0.007534442427441598,-0.011557523851168743
366,-0.0060353248018778,-0.0073215955815115405,-0.008669471153846198,-0.008647990475847134
367,-0.00566781668275105,-0.009156068506534089,-0.007292332851619704,-0.00616627858243568
368,-0.00516255933360165,-0.006950313060318828,-0.007945450839066018,-0.0056667330869466515
369,-0.0112163862521193,-0.010455026455026467,-0.007327380131896988,-0.012847180050112289
370,-0.007827139251101201,-0.010041460039079103,-0.008064113856638765,-0.004478680545644804
371,-0.0089276222472216,-0.011969343410534308,-0.008433382651624341,-0.006637243839825901
372,-0.0008011664261663,-0.00899579572713928,-0.01136339862239049,-0.0009064793669221957
373,-0.0097818031691372,-0.00403468801089929,-0.012719648258282916,-0.012310606060606018
374,-0.0046646748500815,-0.008060887541727166,-0.012882818379663971,-0.013233667225378208
375,-0.0080616169390889,-0.005578135356706815,-0.009147645997281247,-0.006815920802463377
376,-0.0086651122000002,-0.005687917481645936,-0.013057509382340259,-0.005649091619044859
377,-0.00929316861839155,-0.0019210612555721207,-0.01978590842419914,-0.007185567973036014
378,0.0,-0.006161192956511434,-0.010995752115274681,-0.011209045584045584
379,-0.0039528276114929,-0.014706093531688792,-0.014569152921248415,-0.001609287468449766
380,-0.00408023483405205,-0.006754412300425328,-0.012495189247985435,-0.0071889279583331675
381,-0.005309141716300449,-0.004394477864109358,-0.01408550934973967,-0.003932325518829067
382,-0.0056742991932311,-0.012900784157363107,-0.0068379135158129906,-0.006503232413782851
383,-0.0040773765646609,-0.010531483131530125,-0.007679641864748687,-0.005179435063378347
384,-0.009824197391114151,-0.0038744437284593883,-0.0092199181271692,-0.007785551595670664
385,-0.0068245384743701,-0.014489366881502153,-0.014592525341406558,-0.009522873721481969
386,-0.01329928417437755,-0.010351209427602981,-0.01897939285082255,-0.008808364080796188
387,-0.01267402639723465,-0.013514995712696404,-0.01864352324160239,-0.005410166465181155
388,-0.0123333333333333,-0.01576845069243632,-0.014383453806590861,-0.010364110367297452
389,-0.0077867800331759,-0.008368710271111142,-0.008782251602564156,-0.003510451100193133
390,-0.0076267466424740004,-0.00996719591585488,-0.01043690235690236,-0.015752308909674967
391,-0.0052287048131923,-0.0071889279583331675,-0.012337294446922602,-0.008695139023946717
392,-0.0107265703387327,-0.00996719591585488,-0.008180741341634767,-0.009497400482197335
393,-0.00947021089982125,-0.015320398004773028,-0.0122512364224374,-0.004478680545644804
394,-0.0043154761904761,-0.015320398004773028,-0.009926051902242376,-0.006815920802463377
395,-0.0141211606320007,-0.005633118891895689,-0.013294147683507415,-0.01022051952787107
396,-0.0041815555416761995,-0.009143578775019697,-0.012170857411212915,-0.009305834155470084
397,-0.0037950708774898002,-0.008813962350952144,-0.012607913214345436,-0.0083395130183639
398,-0.0109594236592194,-0.013318639671463933,-0.014470146520146521,-0.008033428383107881
399,-0.00687758138071325,-0.0048943189503056,-0.011978569676472544,-0.0035520624454784544
400,-0.00234230765012985,-0.010991735462763764,-0.016912019366417307,-0.009936372446450445
401,-0.010419119319619051,-0.01224663654624284,-0.008108639715439556,-0.011265452237294792
402,-0.0026769504097935,-0.01124335162541554,-0.012418993413240292,-0.010629860364808475
403,-0.01669792936903765,-0.006222518379410305,-0.015443577809357435,-0.009648297907952973
404,-0.0039875102375101,-0.009153320950470147,-0.014426642843281164,-0.010876284563771184
405,-0.0016542007239385,-0.008060887541727166,-0.01081781072504822,-0.013514995712696404
406,-0.002496025305264,-0.010311260603637032,-0.008282314108249289,-0.004127250696145085
407,-0.0021814111682444,-0.010364110367297452,-0.0073606733314431,-0.00463642886733661
408,-0.00740651620433275,-0.011254716315453446,-0.012044985199461388,-0.009545168287117378
409,0.0,-0.005633118891895689,-0.010739261841577488,-0.004851939808049581
410,-0.0035283975283976,-0.011553987051574899,-0.010436913985103475,-0.00679990316862536
411,-0.0088239108009233,-0.007185567973036014,-0.010665116669204219,-0.010311260603637032
412,-0.0047056709518095,-0.004828169419786518,-0.01644549493258322,-0.010132992354683653
413,-0.00259240502064025,-0.00881542048637636,-0.013645736774735913,-0.007967872079545857
414,-0.012353510819976151,-0.006436647727835249,-0.009603012839528528,-0.0028315118147556016
415,-0.014565491387279599,-0.00910903930315644,-0.006664166666666679,-0.006920819822157134
416,-0.0068245384743701,-0.013744340393176159,-0.017327921657877058,-0.009700972565726381
417,-0.0054797118296097,-0.0056471884780287356,-0.007794150756346986,-0.007409939066610666
418,-0.001590628941635,-0.0096354806320136,-0.011611088632411545,-0.008842594242234322
419,-0.0056270184177216,-0.0119111667763825,-0.010886353057398795,-0.0041959493817616544
420,-0.0052103101622223,-0.01016699664815704,-0.009108397914465539,-0.00815608080478621
421,0.0,-0.010054499390174703,-0.012941089894813625,-0.01170076558577083
422,-0.0100048925356712,-0.005497177301177124,-0.009065634727769833,-0.008949851398196474
423,-0.0031705434881182503,-0.007199051808386977,-0.012719648258282916,-0.009651760101360762
424,-0.0083181081406096,-0.010505743314171591,-0.012801080564085457,-0.007322900100791195
425,-0.0055186667042923495,-0.0020642888656552637,-0.008433382651624341,-0.0035520624454784544
426,-0.00862422908647055,-0.0038744437284593883,-0.01327601508098934,-0.01051828703703703
427,-0.0034624719822088,-0.004078640204082093,-0.012343247270227573,-0.005192865675646845
428,-0.003947765091964451,-0.010224570624160115,-0.010225474011839064,-0.005608851652051295
429,-0.00563201480753505,-0.006754412300425328,-0.0048452720316284024,-0.008429945426478397
430,-0.01161939252752715,-0.00961699798912146,-0.014695252028548747,-0.0043713960043925155
431,-0.0090628463220459,-0.009475570802136592,-0.008197294149402484,-0.01564308637737393
432,-0.0106425256867832,-0.011318846743453063,-0.010701873295239517,-0.005546487747145641
433,-0.006524270088978,-0.00996719591585488,-0.010250038422996885,-0.004482807826053011
434,-0.01197077720281315,-0.009475905389455495,-0.012941089894813625,-0.008060887541727166
435,-0.0100048925356712,-0.0025474759246913448,-0.013104828328843965,-0.009700972565726381
436,-0.0065215121483298,-0.008402729393850103,-0.010701873295239517,-0.011902777777777769
437,-0.0040773765646609,-0.005719750036645738,-0.008360340615292328,-0.007366385702745767
438,-0.00509682087809635,-0.010355102303223545,-0.016696404902398595,-0.005542586027082484
439,-0.0130756255013183,-0.012427317147766369,-0.012065357382887436,-0.012358375420875348
440,-0.01094507344507335,-0.009213871503509045,-0.011611088632411545,-0.006809802244436537
441,-0.0166312547746371,-0.005997809725735256,-0.007594359036762194,-0.00865305574637797
442,-0.010352639758651,-0.009784624139016568,-0.017770764196014595,-0.0037441925913631706
443,-0.00873176952191465,-0.006045482916089442,-0.012576061774948293,-0.004848042647452592
444,-0.004210892232762799,-0.00515660278704224,-0.011978569676472544,-0.013968335616865822
445,-0.0061670871904789,-0.012413173627157707,-0.01846976650840382,-0.008317338515946767
446,-0.013826829703995,-0.015716133845851007,-0.011191753798622563,-0.0003706446658062138
447,-0.0077560155454622,-0.0049260284680743595,-0.012548408384820853,-0.010439595512261557
448,-0.0071723280342585,-0.0096354806320136,-0.013057509382340259,-0.003932325518829067
449,-0.00563201480753505,-0.005079326945045561,-0.00982908683600494,-0.010629860364808475
450,-0.0084416535940379,-0.003510451100193133,-0.013058565780740132,-0.014532033280110213
451,-0.0081884651848242,-0.005339581714581716,-0.012882818379663971,-0.0055095085471909
452,-0.002557931834247573,-0.00793448821823678,-0.015276080094655996,-0.011993247728927025
453,-0.0023019547325102,-0.007552383253470789,-0.010589688913120402,-0.012604565969533592
454,-0.0036780526858889,-0.008344289530026562,-0.009981481481481477,-0.006352813801172516
455,-0.0031708456977227,-0.008864084803434757,-0.012051713176130265,-0.01564308637737393
456,-0.0048784684523209,-0.0051719830751949525,-0.01327601508098934,-0.009156068506534089
457,-0.0052272727272727,-0.006647550365079056,-0.013329762659326776,-0.01016699664815704
458,-0.0060547247182178,-0.016545130759213225,-0.0093579106132207,-0.014300525576716086
459,-0.00947021089982125,-0.00989199731863925,-0.013014722728622325,-0.01394641872204179
460,-0.0123931266816072,-0.011952777591610543,-0.01472818614969874,-0.012078839971048165
461,-0.0059655788878129005,-0.0038517970786614633,-0.008343817082388509,-0.0054091617518304234
462,-0.0056698492011727,-0.0049221838922210714,-0.015351674127494348,-0.011918068211948823
463,-0.0109279550600196,-0.011918068211948823,-0.009338436579610334,-0.008402729393850103
464,-0.0143040006272357,-0.00961699798912146,-0.014694359525315167,-0.001131508048778115
465,-0.0137254901960784,-0.008637583323057793,-0.013058565780740132,-0.005608851652051295
466,-0.00507829069038625,-0.010876284563771184,-0.018554667786423923,-0.009570889198705329
467,-0.0112437795854236,-0.005894945343222092,-0.012376481274551376,-0.010130689909380049
468,-0.0040773765646609,-0.006511058439301401,-0.005479712681006823,-0.008703327898469101
469,-0.0040773765646609,-0.003161130629391772,-0.008197294149402484,-0.004747588807195502
470,-0.0031625472850303,-0.01110303696569107,-0.014172000330231634,-0.0058969233134340705
471,-0.00509682087809635,-0.002751769547325096,-0.012571449954328316,-0.011400482130672088
472,-0.01459134679154155,-0.011172720579052416,-0.012418993413240292,-0.012865026124146832
473,-0.00523271980315315,-0.006647550365079056,-0.012421678931570555,-0.012648982509970826
474,-0.00234514937465135,-0.01143218776100735,-0.012608763702184778,-0.015242984949681394
475,-0.0055135602450245,-0.012888711596274149,-0.011005752327600279,-0.007358357132836311
476,-0.00809883456975005,-0.016705178361395685,-0.012044985199461388,-0.012126860351151646
477,-0.01031670632017,-0.009776685217785953,-0.006664166666666679,-0.01577509538457142
478,-0.00687758138071325,-0.013093400391314791,-0.015529840623754216,-0.010132992354683653
479,-0.0010575891255999,-0.013047587416620918,-0.01684969277740285,-0.011400482130672088
480,-0.0038370952476869,-0.006957624323549516,-0.016696404902398595,-0.010524946348776196
481,-0.0119086319823707,-0.013986004275747959,-0.010337214156239526,-0.007268080049213074
482,-0.0076951951951952,-0.00961699798912146,-0.015529840623754216,-0.010355102303223545
483,-0.0063250945700606,-0.006815920802463377,-0.01081781072504822,-0.008774814842877305
484,-0.0047056709518095,-0.005744180177707246,-0.011904560053789617,-0.010843738837068016
485,-0.00646123396123395,-0.0075778149944777246,-0.009670522504363652,-0.00815608080478621
486,-0.0055186667042923495,-0.008199413695437297,-0.01213859169477435,-0.006647550365079056
487,-0.0033564814814815,-0.008402729393850103,-0.010665116669204219,-0.014627429021247694
488,-0.00779217923518785,-0.020095637787341046,-0.010250038422996885,-0.008959535154769264
489,0.0,-0.013264890786682512,-0.010436913985103475,-0.011222633677341876
490,-0.0077560155454622,-0.010106402696260286,-0.010701873295239517,-0.003786395026206006
491,-0.00563201480753505,-0.008959535154769264,-0.01052106439240727,-0.008864084803434757
492,-0.0098678934287302,-0.00909795772632111,-0.013732202252743478,-0.0158141408295406
493,-0.0052103101622223,-0.0036853515834058756,-0.010078909616266792,-0.005578135356706815
494,-0.005577225146462399,-0.01044681685157876,-0.007692303694849241,-0.005719750036645738
495,-0.0055135602450245,-0.009776685217785953,-0.009237247406818116,-0.004301924006753196
496,-0.008521127205708,-0.008590720987937471,-0.00900716979337608,-0.010629860364808475
497,-0.0004586779785046842,-0.006455264550264562,-0.007741504722986209,-0.009084282310016588
498,-0.012378962986595049,-0.010602787788341197,-0.008179903738093242,-0.01452371001205748
499,-0.0088006674500482,-0.004127250696145085,-0.008794569197416223,-0.011151558441558414
500,-0.0096690540830622,-0.00856498477430049,-0.013935725552438558,-0.007695296241535895
501,-0.00509682087809635,-0.009756007994335392,-0.01644549493258322,-0.008608386070310552
502,-0.0103022151338956,-0.009700972565726381,-0.0069132706677092134,-0.003765293808784588
503,-0.0123931266816072,-0.01340327261544983,-0.007052529305573161,-0.01078450726575516
504,-0.00275528041670175,-0.009029888662737295,-0.016047215044176444,-0.007651742877670997
505,-0.0079634112319733,-0.009321871914828972,-0.010300900560138864,-0.0010650895334779545
506,-0.0052272727272727,-0.010364110367297452,-0.016047259354898806,-0.0071889279583331675
507,-0.00443032278257135,-0.005608851652051295,-0.015113068289494769,-0.005597664272807487
508,-0.00842977660425725,-0.00658450315287213,-0.011484840118499057,-0.008974608391336326
509,-0.0103430682283554,-0.013817892156862747,-0.010701873295239517,-0.0050126596128244084
510,-0.0088239108009233,-0.013667913051466505,-0.010250038422996885,-0.0035479116245236524
511,-0.0078216188365342,-0.003866650724444254,-0.01577932456746799,-0.004276249830399981
512,-0.011388932646281,-0.007695296241535895,-0.011088413341312154,-0.007390584723918047
513,-0.0023898164857300997,-0.01111916714091317,-0.00284527497991437,-0.0032752525252525266
514,-0.0098435548835542,-0.009084282310016588,-0.013769125531487373,-0.006815920802463377
515,-0.0081286266384305,-0.008344289530026562,-0.016371953123952385,-0.0013636620084725428
516,-0.0060547247182178,-0.005425171267445961,-0.014153056692664943,-0.009497400482197335
517,-0.0123416026456103,-0.012063770538146754,-0.009186632798748963,-0.008774814842877305
518,-0.011388932646281,-0.013487923136229126,-0.010978464314895256,-0.01170076558577083
519,-0.00936279391016125,-0.013468491987886721,-0.0073606733314431,-0.006708301970801973
520,-0.012292988548330351,-0.006436647727835249,-0.011088413341312154,-0.00645102438849959
521,-0.0048478050916404,-0.013013575630245897,-0.014524234892659423,-0.014426285489864833
522,-0.0101171729681972,-0.00508158871564221,-0.008297985347985357,-0.0056667330869466515
523,-0.0112163862521193,-0.005497177301177124,-0.008695330981740662,-0.005521788847004033
524,-0.01027381241445245,-0.011151558441558414,-0.015975582688916024,-0.007262099020593903
525,-0.0121881378267573,-0.006183041027262144,-0.009704763647077251,-0.009823515288090515
526,-0.0111581039591036,-0.0001911421911421872,-0.01047076857037528,-0.014039872676901176
527,0.0,-0.01124335162541554,-0.013058565780740132,-0.007552383253470789
528,-0.0112163862521193,-0.012240937908200047,-0.010701873295239517,-0.013578356889252734
529,-0.0030651629237414503,-0.011983274157962262,-0.007741504722986209,-0.013318639671463933
530,-0.0131427401949481,-0.008703327898469101,-0.01251900642668049,-0.00989199731863925
531,-0.0051127330445941,-0.010658876238126645,-0.017240342857936956,-0.014685178537973369
532,-0.0107265703387327,-0.009497400482197335,-0.015090842367187064,-0.010364110367297452
533,-0.00534438579344865,-0.0026691909171075584,-0.01327601508098934,-0.006548379805096399
534,-0.00773764679007035,-0.0096354806320136,-0.012608763702184778,-0.006817919037082193
535,-0.0056742991932311,-0.009522873721481969,-0.005402819612615916,-0.010054499390174703
536,-0.00886790025836735,-0.008310315765616659,-0.009069149831649831,-0.013302635439148974
537,-0.0023898164857300997,-0.009084282310016588,-0.0073606733314431,-0.012302164861188885
538,-0.00517034109529295,-0.011990774745983623,-0.008758783384080121,-0.010602787788341197
539,-0.0043671326555313,-0.00622729287841485,-0.010436913985103475,-0.010843738837068016
540,-0.01329928417437755,-0.005578135356706815,-0.013014722728622325,-0.009156068506534089
541,-0.0107581954538049,-0.005497177301177124,-0.012051713176130265,-0.002887462780010411
542,-0.011045329867538551,-0.011007346441897173,-0.004858707724268066,-0.00881542048637636
543,-0.0080616169390889,-0.01920340141605812,-0.010701873295239517,-0.006460248305844178
544,-0.0133853711861164,-0.013976443062595979,-0.008923483097151706,-0.005546400392830941
545,-0.0079634112319733,-0.004737426747706865,-0.013402495607254844,-0.01145105548845523
546,-0.00081635947043765,-0.008682252999125211,-0.015595298680447203,-0.009700972565726381
547,-0.0060772358859671,-0.004851939808049581,-0.009192446702049682,-0.007357599220366044
548,-0.00457762578591175,-0.010364110367297452,-0.011978569676472544,-0.010364110367297452
549,-0.00899863884414875,-0.011279003528573209,-0.012206610290656835,-0.01285883488900649
550,-0.0074105927868749494,-0.008864084803434757,-0.009476408328381994,-0.010364110367297452
551,-0.01002850208201995,-0.006754412300425328,-0.012006639207553859,-0.017776946125483584
552,-0.0060353248018778,-0.00582943457046093,-0.007476742424242441,-0.014647596454086653
553,-0.0053251109139419005,-0.011382816257816243,-0.012661633611333888,-0.010119882198998238
554,-0.00208412566577995,-0.004888554050116567,-0.01407411107890996,-0.008951126051071862
555,-0.0129280129100413,-0.005997809725735256,-0.011184048644257566,-0.004078640204082093
556,-0.00827773756653395,-0.008429945426478397,-0.015738318830119467,-0.015657035795203847
557,-0.0042535331339657,-0.008139765948013494,-0.01397415088623609,-0.0083395130183639
558,-0.0005932295691217,-0.008864084803434757,-0.010060441805203225,-0.01298381109071738
559,-0.00789822140002855,-0.008043956043956062,-0.012653547242593252,-0.013816821869303459
560,-0.0081286266384305,-0.01754312956321749,-0.016782555995400586,-0.011777460701494994
561,-0.0107925570978678,-0.005973078137513074,-0.010978464314895256,-0.003765293808784588
562,-0.0132961740389044,-0.0023693182763221167,-0.008833206007540766,-0.013061642955461616
563,-0.0086944213581474,-0.005719750036645738,-0.012481676992884693,-0.010364110367297452
564,-0.0123333333333333,-0.005087645795450013,-0.008758783384080121,-0.009651760101360762
565,-0.0098376010386716,-0.009965639782464439,-0.011595564158905256,-0.005054244799056945
566,-0.01193986617984025,-0.01222048612232155,-0.014425304578454933,-0.013898084780365211
567,-0.0107265703387327,-0.01579785440825652,-0.01824153297443045,-0.01394641872204179
568,-0.0066980247222447,-0.005099973369113567,-0.014856281663769597,-0.00815608080478621
569,-0.01595866013406145,-0.014521160534261529,-0.014172000330231634,-0.010797431321770821
570,-0.00889499294985065,-0.009497400482197335,-0.010300900560138864,-0.003924860317511021
571,-0.0056698492011727,-0.008293901963277093,-0.01315960258392732,-0.00996719591585488
572,-0.0099210292945751,-0.013389827477445623,-0.01032639204545454,-0.009756007994335392
573,-0.006031350258083049,-0.011880114488131505,-0.011978569676472544,-0.008368710271111142
574,-0.01054368379772895,-0.008317338515946767,-0.013860044919997254,-0.012399030106549047
575,-0.0112961596086264,-0.014261143969831736,-0.007068624388838013,-0.009648297907952973
576,-0.0052287048131923,-0.008951126051071862,-0.007201139858680088,-0.003510451100193133
577,-0.00917406460073285,-0.013150969377435326,-0.010052215287066069,-0.00815608080478621
578,-0.0037954423461669,-0.010508002393400512,-0.012495189247985435,-0.005400805757661602
579,-0.0107581954538049,-0.010355102303223545,-0.01181290849332161,-0.012538149828868597
580,0.0,-0.0020953582114623098,-0.007150390082763275,-0.008727240154750876
581,-0.0038359788359788,-0.005420872430119603,-0.012882818379663971,-0.015999762286727337
582,-0.0068303677012791,-0.005497177301177124,-0.012495420844757927,-0.012177590587006987
583,-0.008180153697597699,-0.012927004811181184,-0.011156771743676505,-0.011265452237294792
584,-0.0084626413221419,-0.011470744533341142,-0.010078909616266792,-0.014647596454086653
585,-0.013760706014732,-0.007860763074921244,-0.014726138592976088,-0.0065266832158097626
586,-0.01078501606663655,-0.011400482130672088,-0.013974274759723921,-0.006708301970801973
587,-0.0097595127215445,-0.005608851652051295,-0.011794964982806098,-0.010602787788341197
588,-0.00945994699598455,-0.00996719591585488,-0.008108639715439556,-0.009313650009005109
589,-0.0112163862521193,-0.011987486971272263,-0.012571449954328316,-0.008440977890807486
590,-0.0134164777021919,-0.005719750036645738,-0.008795261498757303,-0.004127250696145085
591,-0.0060353248018778,-0.008317338515946767,-0.017530403702691905,-0.011557523851168743
592,-0.00563201480753505,-0.006143058655322546,-0.01211504458612683,-0.008808364080796188
593,-0.0027123036468067498,-0.008695139023946717,-0.010300900560138864,-0.003903759100089603
594,-0.00457762578591175,-0.00856498477430049,-0.014592525341406558,-0.010658876238126645
595,-0.00870231133389025,-0.013318639671463933,-0.012571449954328316,-0.010882896049395352
596,-0.0088872577508074,-0.006727581438454047,-0.013256029487423757,-0.008703327898469101
597,-0.0118812515560907,-0.003765293808784588,-0.006664166666666679,-0.0071889279583331675
598,-0.0077867800331759,-0.016439954972018105,-0.015836141836203133,-0.0009945054945054883
599,-0.00259240502064025,-0.006045482916089442,-0.014984647732185715,-0.014017186431469077
600,-0.00842977660425725,-0.009497400482197335,-0.011458286092214658,-0.011209034624408809
601,-0.006031350258083049,-0.006307227735850107,-0.013169076092187952,-0.00795110067354939
602,-0.0071900252423621,-0.00910903930315644,-0.011595564158905256,-0.0031513689413287006
603,-0.0054797118296097,-0.00793263169663315,-0.010665116669204219,-0.016090154133159347
604,-0.0044867321795998,-0.006456776031094444,-0.010250038422996885,-0.006352813801172516
605,-0.0012496604504677,-0.009756007994335392,-0.011974314960939023,-0.00996719591585488
606,-0.00440835663777265,-0.014902771170628326,-0.01662187410950198,-0.012776981403733952
607,-0.007693424346356999,-0.005997809725735256,-0.014383453806590861,-0.011511929450179018
608,-0.01025968002101325,-0.017082997894668685,-0.013081035101626531,-0.010531483131530125
609,-0.0054797118296097,-0.005997809725735256,-0.009108397914465539,-0.013817892156862747
610,-0.00509682087809635,-0.006161192956511434,-0.01498856745637135,-0.012407024493032172
611,-0.00509682087809635,-0.009313650009005109,-0.009069149831649831,-0.009133796296296293
612,-0.00559748053457095,-0.010854884062096753,-0.014535814889902753,-0.0011063151652216524
613,-0.0089276222472216,-0.011902777777777769,-0.008305311355311353,-0.009604170179815703
614,-0.0071723280342585,-0.014521160534261529,-0.008180741341634767,-0.010224570624160115
615,-0.00947021089982125,-0.011265452237294792,-0.008180122188707173,-0.0065512002773011405
616,-0.01347279833522715,-0.008906456375004444,-0.008695330981740662,-0.008906456375004444
617,-0.0075039430428525495,-0.006503232413782851,-0.008433365082629762,-0.010602787788341197
618,-0.0040773765646609,-0.003903759100089603,-0.008458024194271973,-0.015469517039655385
619,-0.0008011664261663,-0.01016699664815704,-0.013839477021888454,-0.011435191510333807
620,-0.0028411711400904,-0.0053321147008649344,-0.010661190551243916,-0.011151558441558414
621,-0.011045329867538551,-0.004238618336045611,-0.017468230327108897,-0.013097546931679546
622,-0.0052272727272727,-0.0034859468496794555,-0.011615615004673174,-0.011952777591610543
623,-0.00870231133389025,-0.005633118891895689,-0.013176041666666638,-0.013233667225378208
624,-0.005309141716300449,-0.006950313060318828,-0.009192446702049682,-0.00881542048637636
625,-0.0023683975605445,-0.013969096157473593,-0.012051221958799943,-0.0049732627618637865
626,-0.003947765091964451,-0.010797431321770821,-0.016607040146150158,-0.015316994095696541
627,-0.0107206699487307,-0.0049221838922210714,-0.011615615004673174,-0.009700972565726381
628,-0.00929316861839155,-0.014300525576716086,-0.008305311355311353,-0.010311260603637032
629,-0.0042714361028425,-0.011843101651469703,-0.007679464972782789,-0.0065266832158097626
630,-0.00275528041670175,-0.011553987051574899,-0.015351674127494348,-0.01267530982992427
631,-0.0043413834473464,-0.00910903930315644,-0.01896142659890842,-0.011400482130672088
632,-0.00435613760583565,-0.014780059321472595,-0.011770654141361261,-0.009776685217785953
633,-0.0096801346801345,-0.01298381109071738,-0.015351674127494348,-0.010364110367297452
634,-0.0100048925356712,-0.010311260603637032,-0.008695330981740662,-0.002751769547325096
635,-0.00523271980315315,-0.011209045584045584,-0.014139235243394733,-0.011811489541497674
636,-0.0030149356196793,-0.01298381109071738,-0.008057098265002692,-0.013169142681446451
637,0.0,-0.012381493069767067,-0.018212424891567887,-0.005633118891895689
638,-0.0132759596848112,-0.0015477632099663956,-0.006647679210637348,-0.004688228438228439
639,-0.009930822117595,-0.013421768283892604,-0.013256029487423757,-0.013013575630245897
640,-0.0040349971165494,-0.010364110367297452,-0.011770654141361261,-0.009497400482197335
641,-0.00563201480753505,-0.008157280408164186,-0.011595564158905256,-0.010499300920440196
642,-0.004623805520222251,-0.004923303548303545,-0.006774350817815153,-0.01607839046845415
643,-0.0094761504825895,-0.00996719591585488,-0.01052106439240727,-0.016526054104625404
644,-0.0061670871904789,-0.009497400482197335,-0.010589688913120402,-0.008402729393850103
645,-0.0080616169390889,-0.006503232413782851,-0.010701873295239517,-0.005546400392830941
646,-0.008491610170304899,-0.012413173627157707,-0.015384609571336142,-0.005578135356706815
647,-0.010945215341638202,-0.011279003528573209,-0.010910466454710938,-0.007047406312123038
648,-0.0066980247222447,-0.010531483131530125,-0.011458286092214658,-0.006174286590414184
649,-0.0063250945700606,-0.003074749753500588,-0.010198257006151762,-0.013667913051466505
650,-0.0063051832545995,-0.0048943189503056,-0.01269740191463143,-0.010843738837068016
651,-0.0125707983355976,-0.009700972565726381,-0.006655406909855551,-0.00622886463844799
652,-0.0098210544901722,-0.0021785299093791833,-0.016843774820989997,-0.013047587416620918
653,-0.009463157732561251,-0.010106402696260286,-0.008782251602564156,-0.006754412300425328
654,-0.0103430682283554,-0.013013575630245897,-0.012051713176130265,-0.012139989742137057
655,-0.0112437795854236,-0.008459533763960629,-0.008453894547092862,-0.01001342101795271
656,-0.00563201480753505,-0.006100354463143481,-0.007668850715561254,-0.015440056089548909
657,-0.01748473885638835,-0.007700777632161053,-0.01569734968314511,-0.011264860007964547
658,-0.0055186667042923495,-0.0020568755528699648,-0.011611088632411545,-0.01110303696569107
659,-0.0106453752340189,-0.01814933703862248,-0.010078909616266792,-0.011553987051574899
660,-0.0082580883143771,-0.004238618336045611,-0.01360745677041033,-0.0119111667763825
661,-0.0148240234132031,-0.0029033379787099974,-0.010665116669204219,-0.005736734788018637
662,-0.0043672907042167,-0.011435191510333807,-0.013176041666666638,-0.010531483131530125
663,-0.0052287048131923,-0.00197373440789809,-0.01047076857037528,-0.0044432771816652235
664,-0.00734410719809345,-0.007552383253470789,-0.013256029487423757,-0.004902290043289986
665,-0.0041949162964818,-0.006174286590414184,-0.017322753386373034,-0.005497177301177124
666,-0.0047056709518095,-0.008842594242234322,-0.009500246761299659,-0.005521788847004033
667,-0.0041712527027819,-0.013233667225378208,-0.008657346090292234,-0.008864084803434757
668,-0.00530937566143385,-0.005687917481645936,-0.014404644865930006,-0.00658450315287213
669,-0.0106425256867832,-0.00403468801089929,-0.007828323081167841,-0.005578135356706815
670,-0.0054797307323138,-0.007322900100791195,-0.010701873295239517,-0.006957624323549516
671,-0.0014174414984533502,-0.006137217416076299,-0.013974274759723921,-0.008774814842877305
672,-0.0055186667042923495,-0.0027967830292841625,-0.011794964982806098,-0.006352813801172516
673,-0.004210892232762799,-0.010224570624160115,-0.012343247270227573,-0.003805554374527592
674,-0.0034624719822088,-0.01030660361794777,-0.014425304578454933,-0.010119882198998238
675,-0.0041949860131678,-0.011209045584045584,-0.01519025863842044,-0.005997809725735256
676,-0.00842977660425725,-0.00622729287841485,-0.010526323449607758,-0.008774814842877305
677,-0.0035762605499092,-0.013201043524483081,-0.009238588514415728,-0.010455026455026467
678,-0.00948000372284115,-0.009141459338820546,-0.01265209643747467,-0.008647990475847134
679,0.0,-0.007322900100791195,-0.012941089894813625,-0.013437501205529796
680,-0.01031670632017,-0.013514995712696404,-0.0093579106132207,-0.009315755735198581
681,-0.0137254901960784,-0.00622729287841485,-0.004104449712045696,-0.0014704670364105096
682,-0.0080616169390889,-0.009141459338820546,-0.008360340615292328,-0.006817919037082193
683,-0.0071723280342585,-0.012177590587006987,-0.013839965687428785,-0.004706525558637598
684,-0.00734410719809345,-0.011394201231481528,-0.01052106439240727,-0.005894945343222092
685,-0.0060353248018778,-0.009823515288090515,-0.010627986084738417,-0.013179971210379504
686,-0.0098376010386716,-0.011993247728927025,-0.01124347148622104,-0.007417203387598048
687,-0.0002183828076685,-0.007700777632161053,-0.014492061902546916,-0.016545130759213225
688,-0.0060353248018778,-0.002561697571680864,-0.013025405716810608,-0.010041460039079103
689,-0.0118812515560907,-0.012382535830085264,-0.007928716861720989,-0.00508158871564221
690,-0.0051343636869952,-0.010602787788341197,-0.0092199181271692,-0.010364110367297452
691,-0.0035283975283976,-0.007881053904101543,-0.015276080094655996,-0.011987486971272263
692,-0.0057445773822827,-0.011238379660827514,-0.015565253890756685,-0.013861146930304345
693,-0.0003619398233759507,-0.010311260603637032,-0.009315729482451185,-0.0014704670364105096
694,-0.0043413250724581,-0.011264860007964547,-0.018554667786423923,-0.010450663524271745
695,-0.0075900445964661,-0.009977102598735282,-0.010701873295239517,-0.009700972565726381
696,-0.0053211766018903,-0.013169142681446451,-0.01323774447548793,-0.005823957626702403
697,-0.0093602693602693,-0.006456776031094444,-0.01360745677041033,-0.00909795772632111
698,-0.00563201480753505,-0.0037441925913631706,-0.012418993413240292,-0.014489366881502153
699,-0.0079027739244248,-0.005087645795450013,-0.012941089894813625,-0.005179435063378347
700,-0.0017390584179799,-0.012655395046257633,-0.013230788611740991,-0.006456776031094444
701,-0.0027457344070762,-0.00622886463844799,-0.00786815968698708,-0.010455026455026467
702,-0.0055186667042923495,-0.010204104913003276,-0.014139235243394733,-0.013269303699952833
703,-0.008521127205708,-0.006342064594356276,-0.010868444087784113,-0.013384197000934185
704,-0.0096401232005488,-0.006143058655322546,-0.010198257006151762,-0.006815920802463377
705,-0.0134637188208616,-0.012655395046257633,-0.008657272986533092,-0.011980089355089343
706,-0.0105777064654938,-0.013909218963906463,-0.013169076092187952,-0.008310315765616659
707,-0.009858441439425901,-0.010843738837068016,-0.008297985347985357,-0.010876284563771184
708,-0.0052287048131923,-0.0059576442043912416,-0.00849645137128245,-0.012377201706496345
709,-0.0031625472850303,-0.007361338836245287,-0.011156771743676505,-0.010054499390174703
710,-0.011388932646281,-0.003932325518829067,-0.014257781948374806,-0.005339581714581716
711,-0.00551259691630615,-0.011470744533341142,-0.0093579106132207,-0.010051684547303742
712,-0.006031350258083049,-0.01663508882836008,-0.007052529305573161,-0.007116081982155516
713,-0.0023898164857300997,-0.011151558441558414,-0.009108397914465539,-0.010364110367297452
714,-0.0048478050916404,-0.01294083134750475,-0.010701873295239517,-0.004893303433668547
715,-0.00534696356701905,-0.009784624139016568,-0.012006639207553859,-0.010364110367297452
716,-0.0056866071587353,-0.00550860191990462,-0.008453894547092862,-0.003187727189683791
717,-0.01036658601924135,-0.008344289530026562,-0.012075101470122106,-0.006815920802463377
718,-0.0031705434881182503,-0.007964991424486964,-0.008642174551939687,-0.015450514939605798
719,-0.00523271980315315,-0.005425171267445961,-0.01045512679226189,-0.013333084470719951
720,-0.01153053780819315,-0.01113931540774176,-0.005756410256410258,-0.015450514939605798
721,-0.0039528276114929,-0.008951126051071862,-0.0170451066891434,-0.012413173627157707
722,-0.0071723280342585,-0.009924331458065455,-0.015340636305102406,-0.006957624323549516
723,-0.00729159144221885,-0.00881542048637636,-0.008657272986533092,-0.00645102438849959
724,-0.0037954423461669,-0.00815608080478621,-0.011191753798622563,-0.00987377216175938
725,-0.0031708456977227,-0.008703327898469101,-0.009930700249427788,-0.008108606311731766
726,-0.0056698492011727,-0.005608851652051295,-0.01075794171715224,-0.009570889198705329
727,-0.01749068675089075,-0.013013575630245897,-0.009987606274155299,-0.012427317147766369
728,-0.0045364018036704,-0.008060887541727166,-0.007183579428296706,-0.013646649202699484
729,-0.0118988019028016,-0.009047533088800519,-0.0062294915274441025,-0.005578135356706815
730,-0.0040967712842711,-0.0065703783654935,-0.010319120481390446,-0.007816669761729277
731,-0.00517034109529295,-0.013805264920753027,-0.010701873295239517,-0.009074558338804713
732,-0.0091750942945997,-0.00909795772632111,-0.012495189247985435,-0.012406144781144678
733,-0.006031350258083049,-0.00634420884668872,-0.01498856745637135,-0.010602787788341197
734,-0.00563201480753505,-0.007357599220366044,-0.011088413341312154,-0.01278704870455678
735,-0.0063981994100258,-0.014685178537973369,-0.008064113856638765,-0.013318639671463933
736,-0.0061670871904789,-0.0037302717075907363,-0.009500246761299659,-0.007552383253470789
737,-0.0040010622350588505,-0.005087645795450013,-0.015529840623754216,-0.0025474759246913448
738,-0.00664163998859045,-0.01462123042447701,-0.012583016076017011,-0.009319690264873089
739,-0.0065767565767566,-0.010574026424081671,-0.009926051902242376,-0.010364110367297452
740,-0.0088006674500482,-0.005608851652051295,-0.014153056692664943,-0.01044681685157876
741,-0.0068245384743701,-0.005608851652051295,-0.010069302000248706,-0.006222518379410305
742,-0.0041712527027819,-0.014039872676901176,-0.008197294149402484,-0.01062736008778541
743,-0.0030208333333333,-0.017031206040021656,-0.015975582688916024,-0.004478680545644804
744,-0.00017535361125105,-0.003903759100089603,-0.011031606671936409,-0.011435191510333807
745,-0.00532268761700945,-0.010258657206305463,-0.011003122184373656,-0.012138326172994679
746,-0.004623805520222251,-0.006183041027262144,-0.01207332490281102,-0.010224629458886983
747,-0.01161939252752715,-0.003379031656730539,-0.012941089894813625,-0.0034643727232618535
748,-0.00936279391016125,-0.00855253246344084,-0.0153049242424243,-0.0005990549897191833
749,-0.0077693248078642,-0.013898084780365211,-0.007530476168200739,-0.010364110367297452
750,-0.01110542355813315,-0.009700972565726381,-0.013708013200208294,-0.011288859385477704
751,-0.007827139251101201,-0.016705178361395685,-0.01915868724444004,-0.006637243839825901
752,-0.003519366266059,-0.00981524331048144,-0.013256029487423757,-0.0144146000776939
753,-0.00899863884414875,-0.011238379660827514,-0.009214971080545063,-0.012382535830085264
754,-0.0113803499432985,-0.016964662109598745,-0.010250038422996885,-0.01218266703187966
755,-0.00151435857754275,-0.012063770538146754,-0.016048051985789177,-0.013487923136229126
756,-0.001590628941635,-0.015286410468020529,-0.010701873295239517,-0.012404336118250123
757,-0.009178350806860549,-0.008157280408164186,-0.009773482735064652,-0.00910903930315644
758,-0.002088242997333873,-0.00680192793244329,-0.008916280315269698,-0.0091705767086449
759,-0.0073393961363667,-0.011972360083436568,-0.013635504503419887,-0.010364110367297452
760,-0.003947765091964451,-0.011918068211948823,-0.013014722728622325,-0.004474836733068624
761,-0.00817910630119235,-0.009156068506534089,-0.01756442368341159,-0.007967872079545857
762,-0.0051676692610194,-0.008590720987937471,-0.00890084679294942,-0.01170076558577083
763,-0.0107581954538049,-0.009143578775019697,-0.013286551978114458,-0.008607150510093059
764,-0.0090091286012307,-0.0025603927982693238,-0.007605464966121127,-0.0048943189503056
765,-0.0109279550600196,-0.011902777777777769,-0.009699285545210672,-0.011151558441558414
766,-0.0009316935165336,-0.011553987051574899,-0.009315729482451185,-0.013093400391314791
767,-0.0003619398233759507,-0.006307227735850107,-0.010701873295239517,-0.0010262522501653035
768,-0.0048478050916404,-0.010843738837068016,-0.007835637334657955,-0.011400482130672088
769,-0.01170672471329485,-0.01124335162541554,-0.009007519781612627,-0.00622886463844799
770,-0.0106425256867832,-0.011502521270015064,-0.01383889646084709,-0.009604170179815703
771,-0.00584135271635265,-0.008043956043956062,-0.00829065934065936,-0.013333084470719951
772,-0.0098376010386716,-0.006137217416076299,-0.009069149831649831,-0.016526054104625404
773,-0.00621402407116685,-0.0160440334119386,-0.012065357382887436,-0.010157990644001923
774,-0.00527197674913025,-0.012063770538146754,-0.011938845577606778,-0.012696599533201399
775,-0.01177834809989195,-0.008274196859833608,-0.016873901224866834,-0.011318846743453063
776,-0.010621334329161,-0.005087645795450013,-0.014383453806590861,-0.013264890786682512
777,-0.0076951951951952,-0.0037302717075907363,-0.010453599806594688,-0.003870709120124792
778,-0.0096401232005488,-0.013013575630245897,-0.01263037042216011,-0.010355102303223545
779,-0.01193986617984025,-0.009952815385615519,-0.018010201114525906,-0.015111661486661498
780,-0.0122685185185185,-0.01143218776100735,-0.013230788611740991,-0.013437501205529796
781,-0.01043194635723515,-0.010625956935480754,-0.008932698376947476,-0.0038967181387069144
782,-0.0008011664261663,-0.014017186431469077,-0.010995752115274681,-0.011993247728927025
783,-0.007816813005914549,-0.0056851420731969665,-0.014576751032023116,-0.007464111409650628
784,-0.0061670871904789,-0.008864084803434757,-0.011265782616116039,-0.0118320454237121
785,-0.0048784684523209,-0.005179435063378347,-0.011200121614948773,-0.005217477221473754
786,-0.0105941730437372,-0.006920819822157134,-0.0137437529456204,-0.007050677624738265
787,-0.0052287048131923,-0.013667913051466505,-0.012575290054291276,-0.0104550106596684
788,-0.0018814683136707498,-0.005228963907592286,-0.011644245755667637,-0.010311260603637032
789,-0.000284657391462,-0.012358375420875348,-0.01498856745637135,-0.006950313060318828
790,-0.0054797118296097,-0.006815920802463377,-0.007875446686765318,-0.008774814842877305
791,-0.009858441439425901,-0.007417203387598048,-0.01662187410950198,-0.01524069013142837
792,-0.0053310759193111,-0.008647990475847134,-0.007150390082763275,-0.01298381109071738
793,-0.0077560155454622,-0.006363866749053898,-0.004007788304293606,-0.009570889198705329
794,-0.0024992962701594,-0.00909795772632111,-0.011974314960939023,-0.007199051808386977
795,-0.00075,-0.012078839971048165,-0.010877779605813341,-0.011983274157962262
796,-0.00147516287047085,-0.0075778149944777246,-0.0069875964143069555,-0.009604170179815703
797,-0.007995502756700551,-0.011264860007964547,-0.009619559241387275,-0.014614808484339745
798,-0.005032005032005,-0.011265452237294792,-0.011191753798622563,-0.01363859260293078
799,-0.0027648264263273,-0.005203175034568734,-0.010219375355231557,-0.010119882198998238
800,-0.008162769335693949,-0.004113018033094631,-0.009214971080545063,-0.0137705939861715
801,0.0,-0.011007346441897173,-0.014139235243394733,-0.010311260603637032
802,-0.01080239944661915,-0.009074558338804713,-0.013138590632813862,-0.008647990475847134
803,-0.0058050821195412,-0.0056851420731969665,-0.011297619157017432,-0.011969343410534308
804,-0.0052287048131923,-0.006793798588365572,-0.010436913985103475,-0.0012613809997530888
805,-0.0125707983355976,-0.010224629458886983,-0.012051713176130265,-0.011843101651469703
806,-0.0031625472850303,-0.006452554752578251,-0.012855528312466755,-0.009485932273432987
807,-0.004763030966239449,-0.0119111667763825,-0.014139235243394733,-0.00909795772632111
808,-0.0113127242177826,-0.01579785440825652,-0.016696312194244008,-0.00680192793244329
809,-0.0012315823999506001,-0.004902290043289986,-0.006755373053744601,-0.009934238920387936
810,-0.01190277661984995,-0.009388660450200925,-0.013081035101626531,-0.005192865675646845
811,-0.0105941730437372,-0.0035520624454784544,-0.014694359525315167,-0.004991939379466098
812,-0.0122702589807853,-0.010119882198998238,-0.009057536115046741,-0.005546400392830941
813,-0.0041682513315599,-0.007552383253470789,-0.01265209643747467,-0.014489366881502153
814,-0.01231173632521395,-0.012648982509970826,-0.011160369697703565,-0.009651760101360762
815,-0.01503451848267445,-0.013233667225378208,-0.01071160047410121,-0.005608851652051295
816,-0.0098792818401802,-0.0096354806320136,-0.011039101986546949,-0.007552383253470789
817,-0.0004364591382434,-0.006452554752578251,-0.014592525341406558,-0.010757760400676285
818,-0.0071900252423621,-0.009084282310016588,-0.010189054856908603,-0.008002578706175018
819,-0.0036780526858889,-0.007116081982155516,-0.009237247406818116,-0.006815920802463377
820,-0.00929316861839155,-0.010130689909380049,-0.012653547242593252,-0.01170076558577083
821,-0.0039875102375101,-0.008808364080796188,-0.009926051902242376,-0.012406144781144678
822,-0.0100048925356712,-0.004538904634230179,-0.010503489885634876,-0.004127250696145085
823,-0.009858441439425901,-0.00909795772632111,-0.013897526236284086,-0.012696599533201399
824,-0.0119703776755058,-0.007881053904101543,-0.006861833673851627,-0.0030606060606060605
825,-0.00937657135619715,-0.0049260284680743595,-0.009007519781612627,-0.004688228438228439
826,-0.011190482928395949,-0.008262307567758326,-0.014856281663769597,-0.0022818312884373693
827,-0.0042535331339657,-0.014249164582636895,-0.013230788611740991,-0.00463642886733661
828,-0.0062501084512259,-0.013318639671463933,-0.009387360821607838,-0.012310808034137637
829,-0.009429433751757449,-0.011033867824393202,-0.010433917269440136,-0.005179435063378347
830,-0.0041712527027819,-0.0014259094328496272,-0.010701873295239517,-0.003405861583278824
831,-0.0088239108009233,-0.010524946348776196,-0.013635504503419887,-0.0025391648726340588
832,-0.010352639758651,-0.013029833245226621,-0.009153198619233974,-0.0014385805898267934
833,-0.0096690540830622,-0.013302635439148974,-0.008103616670306504,-0.00403468801089929
834,-0.0040010622350588505,-0.009497400482197335,-0.013635504503419887,-0.006835184601090921
835,-0.0027457344070762,-0.013318639671463933,-0.009735131517274422,-0.012696599533201399
836,-0.0049045942621443,-0.012927004811181184,-0.009214971080545063,-0.008864084803434757
837,-0.00740651620433275,-0.009047533088800519,-0.014277435767602726,-0.0046771323875706705
838,-0.0142125806296182,-0.013093400391314791,-0.010645360604307964,-0.007047406312123038
839,-0.00509682087809635,-0.012636458399057356,-0.013014722728622325,-0.010531483131530125
840,-0.0082580883143771,-0.0056471884780287356,-0.0037867872627135356,-0.013909218963906463
841,-0.00652403468175645,-0.01607839046845415,-0.014139235243394733,-0.012427317147766369
842,-0.0027123036468067498,-0.005997809725735256,-0.011200121614948773,-0.004819854567943666
843,-0.0041949860131678,-0.010258657206305463,-0.005006026521659943,-0.004658747507186721
844,-0.0058735425435699,-0.014685178537973369,-0.01280743646065257,-0.012865026124146832
845,-0.0034404897385329498,-0.003932325518829067,-0.012274154561724164,-0.0056851420731969665
846,-0.00435613760583565,-0.013891822991822955,-0.01031105490336452,-0.00961699798912146
847,-0.0076267466424740004,-0.01576845069243632,-0.006740443344145814,-0.0030470087335310175
848,-0.004260563602854,-0.015111661486661498,-0.008695330981740662,-0.011865788819290943
849,-0.008162769335693949,-0.007881053904101543,-0.0102815226239636,-0.00680192793244329
850,-0.01025968002101325,-0.00869834315954296,-0.01136339862239049,-0.011238379660827514
851,-0.0063250945700606,-0.012400968771260635,-0.007293758342557534,-0.008815934809000732
852,-0.00947021089982125,-0.006045482916089442,-0.011595564158905256,-0.010524946348776196
853,-0.0106150850969576,-0.013647599438861456,-0.01271752479057739,-0.008815934809000732
854,-0.0080616169390889,-0.011330050536250406,-0.015907674994057854,-0.009570889198705329
855,-0.0066980247222447,-0.006920819822157134,-0.016873901224866834,-0.007881053904101543
856,-0.0039528276114929,-0.008590720987937471,-0.014015602021435357,-0.009497400482197335
857,-0.0037954423461669,-0.011033867824393202,-0.014662580457654248,-0.008317338515946767
858,-0.00889499294985065,-0.004538904634230179,-0.006769325958303901,-0.010508002393400512
859,-0.00388367752968935,-0.014521160534261529,-0.008220811134110068,-0.008060887541727166
860,-0.0031625472850303,-0.011330050536250406,-0.010385297719442186,-0.010224629458886983
861,-0.0106453752340189,-0.008808364080796188,-0.008782251602564156,-0.0038967181387069144
862,-0.004210892232762799,-0.007552383253470789,-0.009387360821607838,-0.01636815172938771
863,-0.0054380384749405,-0.011470744533341142,-0.011770654141361261,-0.010041460039079103
864,-0.0146595263754253,-0.012410005935152159,-0.006920983515712683,-0.010531483131530125
865,-0.00584135271635265,-0.007980653416461125,-0.011156771743676505,-0.0011063151652216524
866,-0.0043619604618319995,-0.0010456396272573165,-0.006541224474179028,-0.006809802244436537
867,-0.00929316861839155,-0.00996719591585488,-0.015384609571336142,-0.012240937908200047
868,-0.00509682087809635,-0.006754412300425328,-0.01034627237127174,-0.008703327898469101
869,-0.0052287048131923,-0.00881542048637636,-0.01603470828810927,-0.0032752525252525266
870,-0.01078473774298305,-0.007141015223366411,-0.0077292390785215215,-0.003161130629391772
871,-0.0079536116372834,-0.007322900100791195,-0.0137437529456204,-0.01548628793898079
872,-0.010279163466111348,-0.00758486503992245,-0.012583016076017011,-0.010364110367297452
873,-0.0052287048131923,-0.00580529600704598,-0.012505082134276466,-0.008808364080796188
874,-0.00664163998859045,-0.00793448821823678,-0.009153198619233974,-0.011902777777777769
875,-0.00779217923518785,-0.00909795772632111,-0.013329762659326776,-0.010119882198998238
876,-0.00789533911679575,-0.0010759773962394845,-0.013058565780740132,-0.005546487747145641
877,-0.0122685185185185,-0.005179435063378347,-0.010436913985103475,-0.007695296241535895
878,-0.0056742991932311,-0.012078839971048165,-0.01053277949146369,-0.011843101651469703
879,-0.013154649229379,-0.008011768324268326,-0.016048051985789177,-0.010797431321770821
880,-0.013826829703995,-0.011419691525812362,-0.012524237498199663,-0.0161697147287969
881,-0.0146787922727334,-0.01298381109071738,-0.01162520202841814,-0.007700777632161053
882,-0.0075039430428525495,-0.015469517039655385,-0.010665116669204219,-0.0036323529411764754
883,-0.0117516967569653,-0.010991735462763764,-0.010701873295239517,-0.0035520624454784544
884,-0.0097595127215445,-0.009934238920387936,-0.013839965687428785,-0.01207307248999592
885,-0.010659316884098949,-0.005192865675646845,-0.011031606671936409,-0.0008554120738557547
886,-0.01270719936831995,-0.011240572794844784,-0.005216784352066944,-0.010524946348776196
887,-0.0075169290472598994,-0.006452554752578251,-0.00863482514083069,-0.009315755735198581
888,-0.0039889890742058,-0.00996719591585488,-0.011031606671936409,-0.006330930949014031
889,-0.0122685185185185,-0.007023525276817648,-0.012524237498199663,-0.006833322077020591
890,-0.0039875102375101,-0.008647990475847134,-0.012075101470122106,-0.005578135356706815
891,-0.007830563537214,-0.01271991959018939,-0.014695252028548747,-0.007700777632161053
892,-0.008521127205708,-0.008647990475847134,-0.019793500684118785,-0.011291873101282882
893,-0.003519366266059,-0.011265452237294792,-0.011168145040454961,-0.00981524331048144
894,0.0,-0.01224663654624284,-0.014592525341406558,-0.00855253246344084
895,-0.0040387096221664,-0.011151558441558414,-0.014153056692664943,-0.0035520624454784544
896,-0.0037954423461669,-0.008842594242234322,-0.011160369697703565,-0.0022191272410482035
897,-0.0099199770408283,-0.0119111667763825,-0.013176041666666638,-0.010386694009908565
898,-0.007166386061109401,-0.0096354806320136,-0.008534722944755022,-0.007130838471233418
899,-0.0083181081406096,-0.00582943457046093,-0.013397062289562278,-0.008808364080796188
900,-0.0026769504097935,-0.0035520624454784544,-0.015276080094655996,-0.008402729393850103
901,-0.0121201062905389,-0.011629342241268176,-0.008180122188707173,-0.0075778149944777246
902,-0.0073607246426116,-0.00622886463844799,-0.015351674127494348,-0.012495291955682462
903,-0.0068333468265336,-0.007515581461930522,-0.00829065934065936,-0.01001342101795271
904,-0.0063051832545995,-0.004888554050116567,-0.010436913985103475,-0.004538904634230179
905,-0.0060547247182178,-0.013667913051466505,-0.01668500637063592,-0.00856498477430049
906,-0.0109279550600196,-0.012965308701294864,-0.006541895194153623,-0.00815608080478621
907,-0.0076951951951952,-0.011265452237294792,-0.010701873295239517,-0.010602787788341197
908,-0.010706593481035549,-0.01388695059682396,-0.008383532334524404,-0.007785551595670664
909,-0.01027381241445245,-0.020095637787341046,-0.007327380131896988,-0.01113931540774176
910,-0.00664163998859045,-0.0065512002773011405,-0.006394851054877011,-0.00622729287841485
911,-0.0119067513368983,-0.017289135127033502,-0.014257781948374806,-0.008429945426478397
912,-0.0090193925050674,-0.007509308868209316,-0.015848617851384198,-0.007199051808386977
913,-0.0104796160034766,-0.005608851652051295,-0.009747984456531446,-0.011400482130672088
914,-0.00779217923518785,-0.011983274157962262,-0.01045512679226189,-0.01044681685157876
915,-0.01072052659669535,-0.014776449015502902,-0.012719648258282916,-0.011865788819290943
916,-0.00947021089982125,-0.004243351665261352,-0.012065357382887436,-0.01170076558577083
917,-0.0040349971165494,-0.014647596454086653,-0.011156771743676505,-0.004677317022234936
918,-0.00532268761700945,-0.0014385805898267934,-0.009141665088749383,-0.006548379805096399
919,-0.0043154761904761,-0.00996719591585488,-0.014404644865930006,-0.009321871914828972
920,-0.0023025084734484497,-0.009977102598735282,-0.011125151597801763,-0.013012878036959198
921,-0.0086651122000002,-0.007695296241535895,-0.008657272986533092,-0.009475905389455495
922,-0.0055186667042923495,-0.013179971210379504,-0.012044985199461388,-0.008864084803434757
923,-0.0041815555416761995,-0.002409138828160559,-0.011974314960939023,-0.014685178537973369
924,-0.0004910699204177501,-0.005555240088970043,-0.011595564158905256,-0.00996719591585488
925,-0.0073507193605232,-0.006342064594356276,-0.013188519372916405,-0.012413173627157707
926,-0.0048797322904288,-0.01294083134750475,-0.014569152921248415,-0.008703327898469101
927,-0.0038370952476869,-0.013233667225378208,-0.014153056692664943,-0.007552383253470789
928,-0.0106453752340189,-0.006222518379410305,-0.014426642843281164,-0.007700777632161053
929,-0.01036658601924135,-0.01001342101795271,-0.009141665088749383,-0.014627429021247694
930,-0.0080616169390889,-0.008842594242234322,-0.012606553243465053,-0.010524946348776196
931,-0.005032005032005,-0.00989199731863925,-0.005581151405783746,-0.004127250696145085
932,-0.00527197674913025,-0.011330050536250406,-0.01636083875052747,-0.007293491472113837
933,-0.0027027576371812002,-0.009604170179815703,-0.006799901214566327,-0.012538149828868597
934,-0.01161939252752715,-0.005744180177707246,-0.012882818379663971,-0.009305834155470084
935,-0.0054380384749405,-0.013233667225378208,-0.013388428054851619,-0.010041460039079103
936,-0.0143177809844476,-0.014066980971601133,-0.012421678931570555,-0.005521788847004033
937,-0.0100048925356712,-0.009084282310016588,-0.013014722728622325,-0.012938165687716621
938,-0.00734410719809345,-0.01340327261544983,-0.021112708518470774,-0.008815934809000732
939,-0.00920459748584735,-0.012310606060606018,-0.012661633611333888,-0.0096354806320136
940,-0.0097595127215445,-0.0038967181387069144,-0.014226774182607517,-0.0049260284680743595
941,-0.0108237348788859,-0.007701729809426499,-0.011059552445154025,-0.015256442032110573
942,-0.005309141716300449,-0.008011768324268326,-0.013057509382340259,-0.0161697147287969
943,-0.0080616169390889,-0.008199413695437297,-0.01327601508098934,-0.009218635160959755
944,-0.0023898164857300997,-0.012177590587006987,-0.010701873295239517,-0.011952777591610543
945,-0.006031350258083049,-0.0023736263736263766,-0.01365806385012375,-0.010854884062096753
946,-0.0036211584020387003,-0.009700972565726381,-0.013081035101626531,-0.0034643727232618535
947,-0.00523271980315315,-0.004478680545644804,-0.008614052177078897,-0.010364110367297452
948,-0.0093602693602693,-0.006183041027262144,-0.012599107232986333,-0.012358375420875348
949,-0.0050805156864154495,-0.0049260284680743595,-0.012607913214345436,-0.004078640204082093
950,-0.0014430106397495001,-0.00855253246344084,-0.015276080094655996,-0.011240572794844784
951,-0.0090628463220459,-0.012970421643212923,-0.01045512679226189,-0.008199413695437297
952,-0.0099199770408283,-0.013029833245226621,-0.01327601508098934,-0.009047533088800519
953,-0.0051343636869952,-0.0023736263736263766,-0.011184048644257566,-0.006727581438454047
954,-0.0122702589807853,-0.013667913051466505,-0.01315960258392732,-0.010051684547303742
955,-0.0065215121483298,-0.005497177301177124,-0.01732855486095375,-0.012538149828868597
956,-0.00068167099200685,-0.0043713960043925155,-0.010627986084738417,-0.005542586027082484
957,-0.0029824011368395,-0.0071889279583331675,-0.012719648258282916,-0.009756007994335392
958,-0.0052287048131923,-0.012938165687716621,-0.007605464966121127,-0.008011768324268326
959,-0.0036753596802616,-0.009784624139016568,-0.010995752115274681,-0.011843101651469703
960,-0.00147516287047085,-0.010267676767676766,-0.012578311008124544,-0.013013575630245897
961,-0.0011407326478542,-0.011843101651469703,-0.009214971080545063,-0.011265452237294792
962,-0.0066980247222447,-0.013578356889252734,-0.010701873295239517,-0.009756007994335392
963,-0.01431688424686345,-0.013437501205529796,-0.011875627465109662,-0.01224663654624284
964,-0.01072052659669535,-0.009485932273432987,-0.015826935730795078,-0.012927004811181184
965,-0.003519366266059,-0.01663508882836008,-0.015351674127494348,-0.011151558441558414
966,-0.01161939252752715,-0.010602787788341197,-0.01577683777510064,-0.004888554050116567
967,-0.00509682087809635,-0.005497177301177124,-0.007292332851619704,-0.006342064594356276
968,-0.0023025084734484497,-0.009431067836051878,-0.010701873295239517,-0.0110576556014262
969,-0.0122702589807853,-0.007141015223366411,-0.018107115654096964,-0.010364110367297452
970,-0.0106453752340189,-0.010106402696260286,-0.011458286092214658,-0.005548817871334731
971,-0.00740651620433275,-0.010204104913003276,-0.01012922392006221,-0.005507008099566561
972,-0.00936279391016125,-0.014107687861969573,-0.007969399436194347,-0.00508158871564221
973,-0.006261463404320523,-0.012648982509970826,-0.008695330981740662,-0.012538149828868597
974,-0.0054380384749405,-0.008368710271111142,-0.012075101470122106,-0.00909795772632111
975,-0.00532268761700945,-0.005608851652051295,-0.01081781072504822,-0.008864084803434757
976,-0.0041949860131678,-0.006815920802463377,-0.01327601508098934,-0.00645102438849959
977,-0.0043004754888574005,-0.00508158871564221,-0.013104828328843965,-0.009570889198705329
978,-0.0017653448858318001,-0.0003296058283519948,-0.010701873295239517,-0.011264860007964547
979,-0.0088239108009233,-0.006174286590414184,-0.015703672652592877,-0.013013575630245897
980,-0.0047056709518095,-0.011843101651469703,-0.014726138592976088,-0.01218266703187966
981,-0.0053310759193111,-0.008695139023946717,-0.011484840118499057,-0.008808364080796188
982,-0.0079634112319733,-0.0038967181387069144,-0.009108397914465539,-0.004238618336045611
983,-0.0068918735585401,-0.012847180050112289,-0.014139235243394733,-0.014948196499549884
984,-0.00740651620433275,-0.009570889198705329,-0.009237247406818116,-0.013150969377435326
985,-4.996003610813204e-16,-0.016569597901044626,-0.006179334397536611,-0.005744180177707246
986,-0.00734410719809345,-0.005578135356706815,-0.014425304578454933,-0.00582943457046093
987,-0.00415770021473895,-0.014017186431469077,-0.014206881235787946,-0.008857526556932532
988,-0.0030122114168308,-0.005755859880859887,-0.014694359525315167,-0.003187727189683791
989,-0.0063051832545995,-0.006640120152075822,-0.011031606671936409,-0.01641038474078177
990,-0.0106150850969576,-0.005546487747145641,-0.010739261841577488,-0.009977102598735282
991,-0.0112163862521193,-0.013969096157473593,-0.007292332851619704,-0.004127250696145085
992,-0.01595866013406145,-0.009570889198705329,-0.015326001593828763,-0.010311260603637032
993,0.0,-0.0051719830751949525,-0.010701873295239517,-0.015657035795203847
994,-0.0092917117612339,-0.008842594242234322,-0.010978464314895256,-0.011557523851168743
995,-0.00948000372284115,-0.017326342267001762,-0.005851590909090917,-0.00793448821823678
996,-0.00453545321239275,-0.016339207034145507,-0.013286551978114458,-0.004938491472978097
997,-0.00736121854787705,-0.003447245226464151,-0.010436913985103475,-0.010594633538150561
998,-0.00779217923518785,-0.00815608080478621,-0.009214971080545063,-0.01579785440825652
999,-0.0004586779785046842,-0.0042691326530611695,-0.012563832264756419,-0.006383074618736384
1000,-0.0125639828810131,-0.00910903930315644,-0.01676177261876205,-0.004078640204082093
1001,-0.007874906590338349,-0.011264860007964547,-0.006892863712135031,-0.010499300920440196
1002,-0.0107856704370571,-0.014261143969831736,-0.011721640338380404,-0.011902777777777769
1003,-0.0017390584179799,-0.012427317147766369,-0.008297985347985357,-0.010499300920440196
1004,-0.00566781668275105,-0.00301301193990027,-0.0093579106132207,-0.010625956935480754
1005,-0.00532268761700945,-0.005997809725735256,-0.01241931170111863,-0.0011063151652216524
1006,-0.0069392984939114005,-0.010629860364808475,-0.010436913985103475,-0.004127250696145085
1007,-0.0016013336924419,-0.004830745600046113,-0.009926051902242376,-0.008815934809000732
1008,-0.00147516287047085,-0.01051828703703703,-0.008543424561955271,-0.012078839971048165
1009,-0.0068582060164551,-0.011952777591610543,-0.012608763702184778,-0.005719750036645738
1010,-0.0080616169390889,-0.009485932273432987,-0.009500246761299659,-0.009156068506534089
1011,-0.0051343636869952,-0.008317338515946767,-0.008687230593480592,-0.00815608080478621
1012,-0.0022582922894832,-0.009539474986192306,-0.009573465416372823,-0.010531483131530125
1013,-0.0020296074332457,-0.005719750036645738,-0.011920927354616568,-0.00658450315287213
1014,-0.0052287048131923,-0.00658450315287213,-0.011191753798622563,-0.0011063151652216524
1015,-0.0177703624265428,-0.01224663654624284,-0.01211504458612683,-0.005578135356706815
1016,-0.0058757675395991,-0.010602787788341197,-0.010078909616266792,-0.008647990475847134
1017,-0.004449580620014,-0.006647550365079056,-0.015303042566227798,-0.013905705996245979
1018,-0.0056698492011727,-0.008317338515946767,-0.015303042566227798,-0.007322900100791195
1019,-0.0096442668718457,-0.010843738837068016,-0.008618733946117299,-0.00881542048637636
1020,-0.0054380384749405,-0.010355102303223545,-0.010665116669204219,-0.005546487747145641
1021,-0.0055186667042923495,-0.008637583323057793,-0.004259100596676429,-0.001439680555784648
1022,-0.0082580883143771,-0.008647990475847134,-0.018215925069705013,-0.010455026455026467
1023,-0.0053310759193111,-0.005192865675646845,-0.013006959706959705,-0.0065512002773011405
1024,-0.0051343636869952,-0.012648982509970826,-0.01455488091829489,-0.010113311537917861
1025,-0.003519366266059,-0.0042977325740441025,-0.01397415088623609,-0.005497177301177124
1026,-0.0046646748500815,-0.012063770538146754,-0.013014722728622325,-0.005744180177707246
1027,-0.0090628463220459,-0.013013575630245897,-0.010800156886114007,-0.010123075055979747
1028,-0.0120518787555649,-0.010364110367297452,-0.008695330981740662,-0.0037199989927767674
1029,-0.0035649951229607497,-0.006071428571428603,-0.01045512679226189,-0.008317338515946767
1030,-0.00563201480753505,-0.011265452237294792,-0.010752482283841958,-0.011391462117866492
1031,-0.0105941730437372,-0.0066376611029689,-0.009007519781612627,-0.004127250696145085
1032,-0.0046646748500815,-0.007141015223366411,-0.007928716861720989,-0.007322900100791195
1033,-0.0041712527027819,-0.0026691909171075584,-0.009926051902242376,-0.010592982954545471
1034,-0.0052287048131923,-0.0058969233134340705,-0.014535814889902753,-0.005497177301177124
1035,-0.01880041049638605,-0.009141459338820546,-0.018554667786423923,-0.004127250696145085
1036,-0.0028287995644212,-0.00881542048637636,-0.017848667213417824,-0.012512532405865785
1037,-0.0011407326478542,-0.012700928819490974,-0.015090842367187064,-0.005719750036645738
1038,-0.0035283975283976,-0.01641038474078177,-0.0073606733314431,-0.013289425924703278
1039,-0.00566781668275105,-0.0038744437284593883,-0.006541224474179028,-0.006609381719695204
1040,-0.0119086319823707,-0.0021303787664979368,-0.009603012839528528,-0.009047533088800519
1041,-0.00566781668275105,-0.01129252481376207,-0.014726138592976088,-0.008139765948013494
1042,-0.0096690540830622,-0.013233667225378208,-0.016674418146156132,-0.006754412300425328
1043,-0.0081705469325868,-0.014489366881502153,-0.008916280315269698,-0.004403333670470213
1044,-0.0060353248018778,-0.01110303696569107,-0.010105461471317204,-0.013667913051466505
1045,-0.00523271980315315,-0.006174286590414184,-0.009069149831649831,-0.005744180177707246
1046,-0.0112708163799116,-0.01579785440825652,-0.007594359036762194,-0.004078640204082093
1047,-0.002088242997333873,-0.012399030106549047,-0.011736128869992266,-0.008157280408164186
1048,-0.00532268761700945,-0.004846815051552225,-0.012107361118829754,-0.007829476111569936
1049,-0.0062824106724584505,-0.00910903930315644,-0.0092199181271692,-0.012648982509970826
1050,0.0,-0.013905705996245979,-0.011404556568588757,-0.012400968771260635
1051,-0.0064538017936231,-0.009651760101360762,-0.013058565780740132,-0.009700972565726381
1052,-0.0016516802710362499,-0.008808364080796188,-0.010302541582423653,-0.010508002393400512
1053,-0.002088242997333873,-0.010364110367297452,-0.009779382948990396,-0.007216438264747705
1054,-0.0063051832545995,-0.015333622688754087,-0.012206610290656835,-0.009700972565726381
1055,-0.008429539662712149,-0.015256442032110573,-0.010503489885634876,-0.009156068506534089
1056,-0.0009316935165336,-0.013264890786682512,-0.012571449954328316,-0.012078839971048165
1057,-0.00631607821454345,-0.012382535830085264,-0.011528189989771325,-0.009156068506534089
1058,-0.0043570306722684506,-0.0035479116245236524,-0.00993098607152595,-0.01548628793898079
1059,-0.0178126012309685,-0.010355102303223545,-0.01636083875052747,-0.012410005935152159
1060,-0.0107581954538049,-0.010531483131530125,-0.014592525341406558,-0.014780059321472595
1061,-0.0123333333333333,-0.010204104913003276,-0.006394851054877011,-0.007509308868209316
1062,-0.013826829703995,-0.00909795772632111,-0.017547781054907424,-0.014017186431469077
1063,-0.0103022151338956,-0.013487923136229126,-0.011458286092214658,-0.01340327261544983
1064,-0.0058757675395991,-0.005582395807201712,-0.010739261841577488,-0.011780658188378373
1065,0.0,-0.005089785727202235,-0.010701873295239517,-0.015657035795203847
1066,-0.00509682087809635,-0.009936372446450445,-0.009926051902242376,-0.010130689909380049
1067,-0.00899863884414875,-0.011980089355089343,-0.01428505483920059,-0.009156068506534089
1068,-0.005032005032005,-0.004078640204082093,-0.012576061774948293,-0.010917501259763169
1069,-0.0084949751341739,-0.004747588807195502,-0.015384609571336142,-0.007881053904101543
1070,-0.0030651629237414503,-0.010531483131530125,-0.008695330981740662,-0.007116081982155516
1071,-0.0060772358859671,-0.009388660450200925,-0.016217485724152374,-0.006543026900271611
1072,-0.0090193925050674,-0.013817892156862747,-0.014662580457654248,-0.018062707109459918
1073,-0.00509682087809635,-0.008344289530026562,-0.00819000368669954,-0.01222048612232155
1074,-0.0077637845093280495,-0.0065512002773011405,-0.008695330981740662,-0.01380336478687428
1075,-0.0048478050916404,-0.009776685217785953,-0.014662580457654248,-0.005555240088970043
1076,-0.0029757164694958,-0.005719750036645738,-0.012265085700524297,-0.00622729287841485
1077,-0.0132961740389044,-0.006640120152075822,-0.009735131517274422,-0.008864084803434757
1078,-0.0124280481423337,-0.006920819822157134,-0.013331736370797199,-0.008637583323057793
1079,-0.0088239108009233,-0.013093400391314791,-0.008687230593480592,-0.005597664272807487
1080,-0.01027381241445245,-0.006815920802463377,-0.013329762659326776,-0.014521160534261529
1081,-0.0089276222472216,-0.012410005935152159,-0.009200013439107011,-0.008157280408164186
1082,-0.0115642408173047,-0.01548628793898079,-0.011644245755667637,-0.013514995712696404
1083,-0.01280520720934875,-0.010602787788341197,-0.014535814889902753,-0.008959535154769264
1084,-0.00509682087809635,-0.01113931540774176,-0.011088413341312154,-0.016938449050518903
1085,-0.0062044252577709005,-0.007278337362605903,-0.010834732486872858,-0.007552383253470789
1086,-0.01481880157985805,-0.014017186431469077,-0.00798335001159647,-0.010311260603637032
1087,-0.0055186667042923495,-0.008703327898469101,-0.014173798006031055,-0.013199164067901226
1088,-0.0088239108009233,-0.01576845069243632,-0.014535814889902753,-0.006727581438454047
1089,-0.007509205085397251,-0.003243923110655786,-0.010902334930790888,-0.008808364080796188
1090,-0.01003810952085725,-0.005054244799056945,-0.01338698506484338,-0.011318846743453063
1091,-0.01027381241445245,-0.011131824131384707,-0.015373973237165585,-0.013012878036959198
1092,-0.0062824106724584505,-0.009651760101360762,-0.011125151597801763,-0.015737466611630738
1093,-0.01052661888622565,-0.00910903930315644,-0.009573465416372823,-0.004893303433668547
1094,-0.0018588897446404,-0.010224570624160115,-0.007190503788980295,-0.01143218776100735
1095,-0.0052272727272727,-0.009336304910825145,-0.013329762659326776,-0.009074558338804713
1096,-0.00563201480753505,-0.011031964823071169,-0.015975582688916024,-0.0056471884780287356
1097,-0.0038359788359788,-0.011151558441558414,-0.008325947575904467,-0.009700972565726381
1098,-0.0041682513315599,-0.01579785440825652,-0.01263037042216011,-0.0053195124156543115
1099,-0.0040773765646609,-0.008310315765616659,-0.014795324535963474,-0.008313885360289933
1100,-0.00563201480753505,-0.005054244799056945,-0.005479712681006823,-0.016545130759213225
1101,-0.0060353248018778,-0.006143058655322546,-0.016421536481335125,-0.006342064594356276
1102,-0.0017957371919099,-0.007552383253470789,-0.01052106439240727,-0.010355102303223545
1103,-0.0076951951951952,-0.007322900100791195,-0.009151377810359844,-0.006503232413782851
1104,-0.0041712527027819,-0.011265452237294792,-0.012550269615854268,-0.011172720579052416
1105,-0.0099210292945751,-0.0015906614740560689,-0.011794964982806098,-0.008313885360289933
1106,-0.007827139251101201,-0.001131508048778115,-0.01638537985748697,-0.012512532405865785
1107,-0.0092917117612339,-0.01564308637737393,-0.010874687782293857,-0.011238379660827514
1108,-0.0071723280342585,-0.010602787788341197,-0.015351674127494348,-0.011993247728927025
1109,-0.00752165549237255,-0.008815934809000732,-0.013397062289562278,-0.010740420498788754
1110,-0.0157710537918871,-0.007322900100791195,-0.01567456749024323,-0.008637583323057793
1111,-0.0118988019028016,-0.007509308868209316,-0.010745763152350572,-0.017594399074119742
1112,-0.0048478050916404,-0.012240937908200047,-0.013769125531487373,-0.004403333670470213
1113,-0.01866569405915345,-0.00634420884668872,-0.013839477021888454,-0.01414319655583389
1114,-0.0052287048131923,-0.007361338836245287,-0.01106900199020297,-0.006815920802463377
1115,-0.0022814652957084,-0.008590720987937471,-0.013897526236284086,-0.0065474208698129074
1116,-0.0035283975283976,-0.005555240088970043,-0.014153056692664943,-0.005719750036645738
1117,-0.0076951951951952,-0.0049260284680743595,-0.0149099239825884,-0.005179435063378347
1118,-0.0041949860131678,-0.005192865675646845,-0.01545554614139804,-0.015469517039655385
1119,-0.0030149356196793,-0.011054515489823728,-0.011920927354616568,-0.00865305574637797
1120,-0.00929316861839155,-0.005542586027082484,-0.01338804261922354,-0.007967872079545857
1121,-0.0060353248018778,-0.004638792871563385,-0.010665116669204219,-0.00582943457046093
1122,-0.0084416535940379,-0.011987486971272263,-0.01181290849332161,-0.005633118891895689
1123,-0.01126684166286325,-0.0046861705231497006,-0.010250038422996885,-0.013817892156862747
1124,-0.0076887678400168,-0.009133796296296293,-0.01368053498556299,-0.011912013822031242
1125,-0.00275699237480315,-0.012604565969533592,-0.008543424561955271,-0.005581576797446818
1126,-0.0032026673848838,-0.005850281546503732,-0.009573465416372823,-0.008906456375004444
1127,-0.0074505733434452005,-0.0025391648726340588,-0.01638537985748697,-0.0009761214630779873
1128,-0.0042535331339657,-0.008703327898469101,-0.010436913985103475,-0.0038517970786614633
1129,-0.0062824106724584505,-0.023385959687402015,-0.008758783384080121,-0.015220427497504435
1130,-0.00457762578591175,-0.009884428156189291,-0.008695330981740662,-0.01113931540774176
1131,-0.0071723280342585,-0.005054244799056945,-0.013025405716810608,-0.004888554050116567
1132,-0.004210892232762799,-0.014780059321472595,-0.008064113856638765,-0.00721399136447386
1133,-0.00652403468175645,-0.005425171267445961,-0.013176041666666638,-0.009497400482197335
1134,-0.00646123396123395,-0.004243351665261352,-0.012075101470122106,-0.011209034624408809
1135,-0.00513889573990175,-0.0043363714417636095,-0.011317617211033474,-0.006754412300425328
1136,-0.001590628941635,-0.01678350272043204,-0.007668850715561254,-0.01394641872204179
1137,-0.0060772358859671,-0.011291873101282882,-0.012575290054291276,-0.01110303696569107
1138,-0.0088006674500482,-0.008808364080796188,-0.004886757310034863,-0.012410005935152159
1139,-0.00415770021473895,-0.007829476111569936,-0.010701873295239517,-0.011151558441558414
1140,-0.0008011664261663,-0.014489366881502153,-0.013230788611740991,-0.01298381109071738
1141,-0.0046646748500815,-0.0021303787664979368,-0.011200121614948773,-0.011993247728927025
1142,-0.0098376010386716,-0.007974160104151758,-0.006845154737008292,-0.012847180050112289
1143,-0.00652403468175645,-0.008815934809000732,-0.0150142668206515,-0.010531483131530125
1144,-0.0073758978769548,-0.009776685217785953,-0.012438905620374648,-0.012399030106549047
1145,-0.008966075098778,-0.014689878196438189,-0.007679641864748687,-0.010364110367297452
1146,-0.0050816897071932,-0.012938165687716621,-0.005441767965141605,-0.005329207614950704
1147,-0.007874906590338349,-0.0119111667763825,-0.011495513137915095,-0.01051828703703703
1148,-0.0041924379724646,-0.0047727899029982555,-0.010701873295239517,-0.015371928175185408
1149,-0.011388932646281,-0.012865026124146832,-0.010304690043946945,-0.0032839120788931697
1150,-0.0105941730437372,-0.011419691525812362,-0.009773482735064652,-0.0034741512345679085
1151,-0.012195395683514399,-0.011902777777777769,-0.008782251602564156,-0.005179435063378347
1152,-0.008429539662712149,-0.005192865675646845,-0.008669471153846198,-0.01267530982992427
1153,-0.0038269967906122,-0.008310315765616659,-0.009603012839528528,-0.004127250696145085
1154,-0.012947835692203799,-0.0008171467893433315,-0.00863482514083069,-0.010843738837068016
1155,-0.0132961740389044,-0.014532033280110213,-0.011235239181286763,-0.009823515288090515
1156,-0.00353122991895965,-0.008344289530026562,-0.01846976650840382,-0.013514995712696404
1157,-0.0020148289512778,-0.002409138828160559,-0.018047553087791157,-0.0119111667763825
1158,-0.00443032278257135,-0.010364110367297452,-0.010701873295239517,-0.01176703820333212
1159,-0.0055186667042923495,-0.01016699664815704,-0.014732618418611749,-0.004392509434444594
1160,-0.0042535331339657,-0.012407024493032172,-0.008618733946117299,-0.007552383253470789
1161,0.0,-0.009249491249491265,-0.01045512679226189,-0.008274196859833608
1162,-0.00532268761700945,-0.010054499390174703,-0.010701873295239517,-0.006130302677268826
1163,-0.00587584837848265,-0.016251516384826102,-0.006825453934850564,-0.011279003528573209
1164,-0.002479674895297,-0.006815920802463377,-0.011495513137915095,-0.006342064594356276
1165,-0.01748473885638835,-0.0032752525252525266,-0.007534442427441598,-0.006647550365079056
1166,-0.00563201480753505,-0.012400968771260635,-0.01081781072504822,-0.005192865675646845
1167,-0.0077637845093280495,-0.00556965770387088,-0.017876117270932128,-0.007964991424486964
1168,-0.007166386061109401,-0.00463642886733661,-0.01662187410950198,-0.009156068506534089
1169,-0.00949231817596965,-0.010054499390174703,-0.009209225026549145,-0.005710235690235661
1170,-0.0058757675395991,-0.009397891865024838,-0.008027734777136109,-0.004099278036778036
1171,-0.00563201480753505,-0.006456776031094444,-0.009926051902242376,-0.008727240154750876
1172,-0.007322590161167399,-0.014521160534261529,-0.009500246761299659,-0.010157990644001923
1173,-0.0031577226123572504,-0.012538149828868597,-0.016674418146156132,-0.006137217416076299
1174,-0.0065215121483298,-0.0035520624454784544,-0.009500246761299659,-0.004677317022234936
1175,-0.0083181081406096,-0.00516591669538536,-0.021472411186696898,-0.005546487747145641
1176,-0.00415770021473895,-0.010130689909380049,-0.011005752327600279,-0.009074558338804713
1177,-0.01190277661984995,-0.009321871914828972,-0.015601374288182514,-0.012965308701294864
1178,-0.0063051832545995,-0.008695139023946717,-0.012964434946156555,-0.010051684547303742
1179,-0.0052287048131923,-0.006511058439301401,-0.012855528312466755,-0.01207307248999592
1180,-0.00068167099200685,-0.013012878036959198,-0.014425304578454933,-0.008951126051071862
1181,-0.00440835663777265,-0.007132140404238648,-0.00890084679294942,-0.013179971210379504
1182,-0.0068918735585401,-0.008813962350952144,-0.009352389879290834,-0.011238379660827514
1183,0.0,-0.014210270616824103,-0.010105461471317204,-0.006920819822157134
1184,-0.00584135271635265,-0.015296798587008935,-0.009153198619233974,-0.01051828703703703
1185,-0.010413579021082899,-0.004474836733068624,-0.01577932456746799,-0.001439680555784648
1186,-0.0112385911202444,-0.009305834155470084,-0.012006639207553859,-0.004474836733068624
1187,-0.01223610246900695,-0.006737213403880032,-0.012438905620374648,-0.012538149828868597
1188,-0.0033564814814815,-0.015333622688754087,-0.013635504503419887,-0.006708301970801973
1189,-0.00948000372284115,-0.010258657206305463,-0.013860044919997254,-0.008703327898469101
1190,-0.00947021089982125,-0.009936372446450445,-0.012524237498199663,-0.011952777591610543
1191,-0.0060547247182178,-0.01044681685157876,-0.009403995892338417,-0.008842594242234322
1192,-0.01110542355813315,-0.012177590587006987,-0.008718849064431454,-0.013047587416620918
1193,-0.0120491887214185,-0.012310606060606018,-0.008325947575904467,-0.00658450315287213
1194,-0.0039875102375101,-0.01224663654624284,-0.012941089894813625,-0.006292042930135838
1195,-0.0101171729681972,-0.012512532405865785,-0.016421536481335125,-0.006342064594356276
1196,-0.0060353248018778,-0.0038967181387069144,-0.010701873295239517,-0.01124335162541554
1197,-0.0054797118296097,-0.01056128041488676,-0.01052106439240727,-0.01298381109071738
1198,-0.00563201480753505,-0.010876284563771184,-0.011528189989771325,-0.012648982509970826
1199,-0.00038002716490815,-0.013167952627968882,-0.012337294446922602,-0.015229527867252214
1200,-0.01020101920416385,-0.009604170179815703,-0.007863805183895524,-0.0064043209876543175
1201,-0.006579808803158499,-0.009651760101360762,-0.010239940796521445,-0.007700777632161053
1202,-0.0029757164694958,-0.006511058439301401,-0.0114074051604363,-0.004937787669290244
1203,-0.0062824106724584505,-0.006455264550264562,-0.010374420121725687,-0.009497400482197335
1204,-0.0118988019028016,-0.006727581438454047,-0.008782251602564156,-0.0027104802322163273
1205,-0.0034624719822088,-0.01016699664815704,-0.0060749733208077025,-0.010260242290792816
1206,-0.011504817444219,-0.011054515489823728,-0.008695330981740662,-0.006543026900271611
1207,-0.009930822117595,-0.007980653416461125,-0.014549604501157505,-0.013874059942859427
1208,-0.00509682087809635,-0.005254236715306823,-0.01124347148622104,-0.009700972565726381
1209,-0.00532268761700945,-0.01184316502462629,-0.012882818379663971,-0.016158243312615478
1210,-0.0051127330445941,-0.010893409844300869,-0.01221439877599464,-0.012965308701294864
1211,-0.00870231133389025,-0.008344289530026562,-0.007150390082763275,-0.008864084803434757
1212,-0.0038191700422561,-0.011291873101282882,-0.007327380131896988,-0.010455026455026467
1213,-0.002088242997333873,-0.009047533088800519,-0.016674418146156132,-0.006511058439301401
1214,-0.0098210544901722,-0.006835184601090921,-0.010701873295239517,-0.003781545598158048
1215,-0.0101171729681972,-0.012847180050112289,-0.011191753798622563,-0.01030660361794777
1216,-0.0011407326478542,-0.00645102438849959,-0.016696404902398595,-0.012799679435449796
1217,-0.01415441176470585,-0.004078640204082093,-0.01625138088447281,-0.014902771170628326
1218,-0.0027648264263273,-0.006543026900271611,-0.013230788611740991,-0.008637583323057793
1219,-0.0004586779785046842,-0.012358375420875348,-0.016047259354898806,-0.009700972565726381
1220,-0.0037954423461669,-0.006920819822157134,-0.00982908683600494,-0.012305959801619597
1221,-0.0003619398233759507,-0.01452371001205748,-0.005866106846307978,-0.008402729393850103
1222,-0.00734410719809345,-0.010948447588892171,-0.01406271280808025,-0.011553987051574899
1223,-0.00388367752968935,-0.013012878036959198,-0.01776444246806945,-0.006452554752578251
1224,-0.0112163862521193,-0.005578135356706815,-0.013230788611740991,-0.001439680555784648
1225,-0.0035649951229607497,-0.01267530982992427,-0.020512723607961685,-0.007366385702745767
1226,-0.0041949860131678,-0.005997809725735256,-0.010892108076819012,-0.008647990475847134
1227,-0.00772738288623365,-0.015186144105141856,-0.006466198273927063,-0.013269303699952833
1228,-0.0111581039591036,-0.007185567973036014,-0.009670522504363652,-0.007278337362605903
1229,-0.011190482928395949,-0.002751769547325096,-0.008453894547092862,-0.013421768283892604
1230,-0.0039875102375101,-0.010574026424081671,-0.01327601508098934,-0.011033867824393202
1231,-0.0058585149355939,-0.015309291563369538,-0.008027734777136109,-0.005542586027082484
1232,-0.0023019547325102,-0.012927004811181184,-0.013230788611740991,-0.005578135356706815
1233,-0.0090091286012307,-0.01001342101795271,-0.008887222727536096,-0.004127250696145085
1234,-0.0077560155454622,-0.0056667330869466515,-0.013014722728622325,-0.015111661486661498
1235,-0.007830563537214,-0.00815608080478621,-0.010105461471317204,-0.00399800031321388
1236,-0.0043671326555313,-0.013437501205529796,-0.012608763702184778,-0.005823957626702403
1237,-0.00645817335931665,-0.005192865675646845,-0.010099812301895633,0.00024080978772623648
1238,-0.00660076570387065,-0.003632451044670559,-0.006664166666666679,-0.008959535154769264
1239,-0.0086651122000002,-0.009700972565726381,-0.018010201114525906,-0.011969343410534308
1240,-0.00073332808789265,-0.00910903930315644,-0.009026721322653492,-0.0065703783654935
1241,-0.0026769504097935,-0.018734430219513085,-0.012265085700524297,-0.005973078137513074
1242,-0.0028411711400904,-0.008139765948013494,-0.010433917269440136,-0.00909795772632111
1243,-0.0110262712294628,-0.010797431321770821,-0.01263037042216011,-0.01224663654624284
1244,-0.0054797118296097,-0.012202906029899242,-0.006830856101762633,-0.014276787399407354
1245,-0.0046073914823914,-0.009497400482197335,-0.010800156886114007,-0.010594633538150561
1246,-0.0063981994100258,-0.008842594242234322,-0.007534442427441598,-0.014017186431469077
1247,-0.0109279550600196,-0.009700972565726381,-0.012051221958799943,-0.007357599220366044
1248,-0.00046190584293285,-0.01302911334147498,-0.009987606274155299,-0.00815608080478621
1249,-0.0038191700422561,-0.0077263321631011305,-0.008695330981740662,-0.00645102438849959
1250,-0.0076951951951952,-0.005737737505548693,-0.012044985199461388,-0.00758486503992245
1251,-0.0040773765646609,-0.00881542048637636,-0.012608763702184778,-0.008368710271111142
1252,-0.0035283975283976,-0.0110576556014262,-0.014695216796081986,-0.012400968771260635
1253,0.0,-0.014017186431469077,-0.011794964982806098,-0.01044681685157876
1254,-0.011388932646281,-0.005546487747145641,-0.007311051395328276,-0.011419691525812362
1255,0.0,-0.009651760101360762,-0.011191753798622563,-0.01222048612232155
1256,-0.0052849109620655,-0.011391462117866492,-0.009926291885312695,-0.006640120152075822
1257,-0.009425809568794,-0.015256442032110573,-0.021472411186696898,-0.013097546931679546
1258,-0.0061304335067686,-0.010355102303223545,-0.012438905620374648,-0.006425022606755183
1259,-0.008521127205708,-0.0050126596128244084,-0.014576751032023116,-0.009497400482197335
1260,-0.0046073914823914,-0.01298381109071738,-0.010060441805203225,-0.01044681685157876
1261,-0.0039528276114929,-0.008647990475847134,-0.012571449954328316,-0.010041460039079103
1262,-0.0013362337900044,-0.00909795772632111,-0.010745763152350572,-0.008108606311731766
1263,-0.0046073914823914,-0.004305569189003079,-0.011615615004673174,-0.009497400482197335
1264,-0.00729159144221885,-0.010524946348776196,-0.010978464314895256,-0.003405861583278824
1265,-0.00435613760583565,-0.010602787788341197,-0.010052215287066069,-0.011291873101282882
1266,-0.007693424346356999,-0.008703327898469101,-0.013058565780740132,-0.007166317139874503
1267,-0.0083588360390515,-0.006815920802463377,-0.004459514196066262,-0.008402729393850103
1268,-0.0080066516679024,-0.005997809725735256,-0.010300900560138864,-0.012648982509970826
1269,-0.00729159144221885,-0.003781545598158048,-0.009926051902242376,-0.005719750036645738
1270,-0.0107244607244607,-0.010924806039638527,-0.017806093980450147,-0.014647596454086653
1271,-0.0075039430428525495,-0.01394641872204179,-0.007893168671762107,-0.0110576556014262
1272,-0.017168772270813,-0.00645102438849959,-0.01684969277740285,-0.010364110367297452
1273,-0.00584135271635265,-0.008864084803434757,-0.013138590632813862,-0.002846008212812629
1274,0.0,-0.011843101651469703,-0.012495189247985435,-0.010311260603637032
1275,-0.0063051832545995,-0.012404336118250123,-0.015882239050335843,-0.014134271281655543
1276,-0.0157780991539963,-0.003924509091389625,-0.010995752115274681,-0.007050677624738265
1277,-0.0040773765646609,-0.010220600122981097,-0.014492061902546916,-0.006130302677268826
1278,-0.0037798448218686,-0.006352813801172516,-0.005968883666917183,-0.006137217416076299
1279,-0.00773764679007035,-0.00961699798912146,-0.011611088632411545,-0.01278704870455678
1280,-0.00740038079250195,-0.008647990475847134,-0.0137437529456204,-0.014614808484339745
1281,-0.00871025580993335,-0.013909218963906463,-0.010701873295239517,-0.010531483131530125
1282,-0.0105941730437372,-0.01294083134750475,-0.011125151597801763,-0.005054244799056945
1283,-0.010706593481035549,-0.00645102438849959,-0.01569734968314511,-0.00961699798912146
1284,-0.0068303677012791,-0.009570889198705329,-0.009390498792033481,-0.0047854445993526645
1285,-0.0120898724496495,-0.005710235690235661,-0.014549604501157505,-0.006503232413782851
1286,-0.00517034109529295,-0.008204144663977151,-0.010645360604307964,-0.0119111667763825
1287,-0.0041949860131678,-0.017370459223051003,-0.020512723607961685,-0.009497400482197335
1288,-0.0106150850969576,-0.004830745600046113,-0.010052215287066069,-0.008774814842877305
1289,-0.0023025084734484497,-0.005546400392830941,-0.010319120481390446,-0.01051828703703703
1290,-0.0059494009514008,-0.006609381719695204,-0.012495189247985435,-0.009756007994335392
1291,-0.004449580620014,-0.006455264550264562,-0.007534442427441598,-0.00793263169663315
1292,-0.0120898724496495,-0.004243351665261352,-0.0073606733314431,-0.008682252999125211
1293,-0.006261463404320523,-0.008368710271111142,-0.015326001593828763,-0.01635416421551595
1294,-0.01119481880063435,-0.003510451100193133,-0.01455488091829489,-0.015469517039655385
1295,-0.0062523334472551,-0.005200303067994301,-0.005866106846307978,-0.008727240154750876
1296,-0.0074505733434452005,-0.006543026900271611,-0.013058565780740132,-0.012636458399057356
1297,-0.0042535331339657,-0.007464111409650628,-0.012065357382887436,-0.011843101651469703
1298,-0.0090706883167345,-0.011254716315453446,-0.01137418887564866,-0.0037277375463627034
1299,-0.0074105927868749494,-0.00815608080478621,-0.008782251602564156,-0.01388695059682396
1300,-0.0040773765646609,-0.007366385702745767,-0.010645360604307964,-0.007136820273790909
1301,-0.00463305795421925,-0.008864084803434757,-0.009556222033735164,-0.012648982509970826
1302,-0.0056742991932311,-0.013817892156862747,-0.007692303694849241,-0.011238379660827514
1303,-0.0082580883143771,-0.008011768324268326,-0.012421678931570555,-0.004886347857321213
1304,-0.0060353248018778,-0.012923753570340977,-0.012495420844757927,-0.01414009350149958
1305,-0.00275528041670175,-0.01298381109071738,-0.012608763702184778,-0.013093400391314791
1306,-0.0015676273844018,-0.011031964823071169,-0.010105461471317204,-0.008703327898469101
1307,-0.013605781469011199,-0.01218266703187966,-0.010250038422996885,-0.010531483131530125
1308,-0.0080616169390889,-0.004737426747706865,-0.009069149831649831,-0.01170076558577083
1309,-0.0052287048131923,-0.008317338515946767,-0.011528189989771325,-0.011265452237294792
1310,-0.0052287048131923,-0.008864084803434757,-0.014383453806590861,-0.012358375420875348
1311,-0.0118988019028016,-0.012063770538146754,-0.01031105490336452,-0.014076148545533882
1312,-0.011687635004734749,-0.0038967181387069144,-0.01897939285082255,-0.01414009350149958
1313,-0.008276037687802398,-0.008647990475847134,-0.011458286092214658,-0.006737608861857817
1314,-0.0098678934287302,-0.007047406312123038,-0.012421678931570555,-0.010882896049395352
1315,-0.01027381241445245,-0.00989199731863925,-0.01081781072504822,-0.009776685217785953
1316,-0.0062824106724584505,-0.00881542048637636,-0.01052106439240727,-0.007361338836245287
1317,-0.0036780526858889,-0.010882896049395352,-0.011790382966571821,-0.009143578775019697
1318,-0.00081635947043765,-0.006815920802463377,-0.007327380131896988,-0.009315755735198581
1319,-0.0035283975283976,-0.012078839971048165,-0.008305311355311353,-0.010439595512261557
1320,-0.0076951951951952,-0.003805554374527592,-0.012772523389516168,-0.006754412300425328
1321,-0.006524270088978,-0.0110576556014262,-0.008695330981740662,-0.010041460039079103
1322,-0.0088006674500482,-0.01422625965717492,-0.012524237498199663,-0.00996719591585488
1323,-0.0017390584179799,-0.016251516384826102,-0.008609370408040495,-0.006100354463143481
1324,-0.00563201480753505,-0.0038967181387069144,-0.010250038422996885,-0.013097546931679546
1325,-0.0037950708774898002,-0.007980653416461125,-0.01360745677041033,-0.012648982509970826
1326,-0.0041712527027819,-0.01218266703187966,-0.012265085700524297,-0.010602787788341197
1327,-0.0096801346801345,-0.006045482916089442,-0.007998371289269526,-0.010594633538150561
1328,-0.00412904415718855,-0.008727240154750876,-0.010503489885634876,-0.008808364080796188
1329,-0.01003810952085725,-0.007185567973036014,-0.004886653821687684,-0.00775139881953254
1330,-0.0016516802710362499,-0.011054515489823728,-0.005520481130907369,-0.003924860317511021
1331,-0.0066980247222447,-0.006727581438454047,-0.012065357382887436,-0.009756007994335392
1332,-0.00523271980315315,-0.008313885360289933,-0.013635504503419887,-0.012404336118250123
1333,-0.00948000372284115,-0.006727581438454047,-0.015326001593828763,-0.008815934809000732
1334,-0.0066980247222447,-0.004238618336045611,-0.014783773843086552,-0.01129252481376207
1335,-0.0037950708774898002,-0.012410005935152159,-0.01052106439240727,-0.008682252999125211
1336,-0.011687635004734749,-0.0049260284680743595,-0.008695330981740662,-0.0049732627618637865
1337,-0.00734410719809345,-0.00899579572713928,-0.005790852761104477,-0.00399800031321388
1338,-0.0122702589807853,-0.01294083134750475,-0.018215925069705013,-0.00815608080478621
1339,-0.010352639758651,-0.017588394168536824,-0.008695330981740662,-0.002138152622031977
1340,-0.0023019547325102,-0.009934238920387936,-0.011920927354616568,-0.009213871503509045
1341,-0.008843665420096,-0.007700777632161053,-0.010800156886114007,-0.004127250696145085
1342,-0.00563201480753505,-0.0027246705607719074,-0.011317617211033474,-0.012604565969533592
1343,-0.008521127205708,-0.012636458399057356,-0.008782251602564156,-0.010355102303223545
1344,-0.0103022151338956,-0.009936372446450445,-0.015529840623754216,-0.0038967181387069144
1345,0.0,-0.007700777632161053,-0.010701873295239517,-0.008313885360289933
1346,-0.0008200540456289,-0.006456776031094444,-0.010838531522997633,-0.004243351665261352
1347,-0.00440835663777265,-0.013898084780365211,-0.008433365082629762,-0.010455026455026467
1348,-0.0084949751341739,-0.009475570802136592,-0.018467177222985492,-0.006640120152075822
1349,-0.0035515053559521,-0.01001342101795271,-0.007928716861720989,-0.013909218963906463
1350,-0.0029757164694958,-0.011265452237294792,-0.012495420844757927,-0.014850505272857214
1351,-0.01161939252752715,-0.00680192793244329,-0.013058565780740132,-0.009982760396255279
1352,-0.01027381241445245,-0.015469517039655385,-0.007068624388838013,-0.004127250696145085
1353,-0.0051676692610194,-0.013233667225378208,-0.012198038046855316,-0.01414319655583389
1354,-0.0118812515560907,-0.014039872676901176,-0.010892108076819012,-0.012427317147766369
1355,-0.0089567792840897,-0.005719750036645738,-0.005156384390643649,-0.011291873101282882
1356,-0.0076267466424740004,-0.008864084803434757,-0.012882818379663971,-0.011880114488131505
1357,-0.0080066516679024,-0.011265452237294792,-0.00821653570706455,-0.0025899383374717315
1358,-0.0095830571592493,-0.007967872079545857,-0.012170857411212915,-0.009218635160959755
1359,-0.00772738288623365,-0.007047406312123038,-0.009042116264993322,-0.009414815296211514
1360,-0.0112163862521193,-0.0052772814111144845,-0.012855528312466755,-0.012648982509970826
1361,-0.0023683975605445,-0.0049260284680743595,-0.01032639204545454,-0.006452554752578251
1362,-0.01078501606663655,-0.010524946348776196,-0.010198257006151762,-0.0053321147008649344
1363,-0.012195395683514399,-0.01945115089236921,-0.013732202252743478,-0.011279003528573209
1364,-0.00523271980315315,-0.010311260603637032,-0.0062294915274441025,-0.010048766087066202
1365,-0.00638733016983685,-0.01278704870455678,-0.013807408749263683,-0.005546400392830941
1366,-0.00509682087809635,-0.006452554752578251,-0.01052106439240727,-0.007700777632161053
1367,-0.004210892232762799,-0.012865026124146832,-0.01603470828810927,-0.0029356957942001383
1368,0.0,-0.000706643568622739,-0.006986135005227026,-0.008157280408164186
1369,-0.0039579706632636,-0.005997809725735256,-0.010701873295239517,-0.005719750036645738
1370,-0.00523271980315315,-0.009153320950470147,-0.010665116669204219,-0.006452554752578251
1371,-0.0107244607244607,-0.014752986745005317,-0.01211504458612683,-0.01340327261544983
1372,-0.0068399062656181,-0.006455264550264562,-0.009638074429283593,-0.009497400482197335
1373,-0.012860313397040649,-0.009133796296296293,-0.013935725552438558,-0.013167952627968882
1374,-0.00687758138071325,-0.010224570624160115,-0.008910112705385251,-0.014204321379698626
1375,-0.010706593481035549,-0.016569597901044626,-0.01045512679226189,-0.010311260603637032
1376,-0.00563201480753505,-0.010508002393400512,-0.013058565780740132,-0.014521160534261529
1377,-0.0016516802710362499,-0.004322155879405709,-0.010834732486872858,-0.008842594242234322
1378,-0.0106150850969576,-0.008459533763960629,-0.010453599806594688,-0.009539474986192306
1379,-0.00645817335931665,-0.011470744533341142,-0.013807408749263683,-0.00815608080478621
1380,-0.0068582060164551,-0.01044681685157876,-0.010874687782293857,-0.012413173627157707
1381,-0.0037798448218686,-0.006609381719695204,-0.009186632798748963,-0.0050126596128244084
1382,-0.002479674895297,-0.004482807826053011,-0.015144932083542655,-0.010051684547303742
1383,-0.0052272727272727,-0.00815608080478621,-0.013230788611740991,-0.012427317147766369
1384,-0.00532268761700945,-0.010876284563771184,-0.009930700249427788,-0.011843101651469703
1385,-0.0041682513315599,-0.022501609997095537,-0.017361382250025995,-0.0034859468496794555
1386,-0.01025968002101325,-0.0096354806320136,-0.015254411004961249,-0.0169270204884773
1387,-0.0122100122100122,-0.009756007994335392,-0.008695812026948885,-0.016668689396030327
1388,-0.0066980247222447,-0.006920819822157134,-0.010453599806594688,-0.006950313060318828
1389,-0.0096401232005488,-0.0054091617518304234,-0.015595298680447203,-0.011952777591610543
1390,-0.0058515034633455,-0.008157280408164186,-0.013343854618508635,-0.007047406312123038
1391,-0.00408023483405205,-0.005736734788018637,-0.011875627465109662,-0.009084282310016588
1392,-0.0107265703387327,-0.010311260603637032,-0.009581940804101623,-0.013782482419863247
1393,-0.0084416535940379,-0.011995880561424317,-0.008695330981740662,-0.012063770538146754
1394,-0.0060353248018778,-0.011993247728927025,-0.007150390082763275,-0.010355102303223545
1395,-0.0132185300583526,-0.005997809725735256,-0.013230788611740991,-0.012512532405865785
1396,-0.0046646748500815,-0.006143058655322546,-0.010420078763828763,-0.0056851420731969665
1397,-0.0104796160034766,-0.0049260284680743595,-0.01733327783395909,-0.009143578775019697
1398,-0.0077637845093280495,-0.005087645795450013,-0.010995752115274681,-0.003866650724444254
1399,-0.0142125806296182,-0.0056471884780287356,-0.011088413341312154,-0.012406144781144678
1400,-0.0056742991932311,-0.006920819822157134,-0.01748949524294352,-0.011038506211967992
1401,-0.0051343636869952,-0.00881542048637636,-0.012051713176130265,-0.009139872549294322
1402,-0.0055186667042923495,-0.005719750036645738,-0.010436913985103475,-0.009648297907952973
1403,-0.00507829069038625,-0.006609381719695204,-0.009926051902242376,-0.008813962350952144
1404,-0.00457762578591175,-0.01298381109071738,-0.011003122184373656,-0.01547258375125687
1405,-0.0065215121483298,-0.008647990475847134,-0.007344815835100311,-0.009784624139016568
1406,-0.00948000372284115,-0.004127250696145085,-0.014153056692664943,-0.00815608080478621
1407,-0.0022002774653806997,-0.01111916714091317,-0.008433365082629762,0.00018440517013595947
1408,-0.0135007863362632,-0.006174286590414184,-0.012571449954328316,-0.00550860191990462
1409,-0.0112163862521193,-0.008313885360289933,-0.014535814889902753,-0.010499300920440196
1410,-0.0013633419840137,-0.0037441925913631706,-0.014902680232411942,-0.012063770538146754
1411,-0.0039276253447607,-0.006130302677268826,-0.008282314108249289,-0.010355102303223545
1412,-0.0063981994100258,-0.006609381719695204,-0.008618733946117299,-0.004258907817134221
1413,-0.01709066954539215,-0.008139765948013494,-0.012563832264756419,-0.008317338515946767
1414,-0.00687758138071325,-0.011715572421772286,-0.00829065934065936,-0.012696599533201399
1415,-0.0066980247222447,-0.005719750036645738,-0.0062252418706122345,-0.008689016916640223
1416,0.0,-0.007322900100791195,-0.0104395332511904,-0.010364110367297452
1417,-0.0014143997822106,-0.00622729287841485,-0.01136339862239049,-0.007538506120956558
1418,-0.01223610246900695,-0.009887543114329232,-0.011458286092214658,-0.00508158871564221
1419,-0.0065767565767566,-0.011279003528573209,-0.0137437529456204,-0.008949851398196474
1420,-0.0068245384743701,-0.006974564893340522,-0.013770542163312173,-0.008060887541727166
1421,-0.0043672907042167,-0.0056401617663155885,-0.009638074429283593,-0.01124335162541554
1422,-0.008843665420096,-0.009952815385615519,-0.013720651559866556,-0.008402729393850103
1423,-0.011190482928395949,-0.012407024493032172,-0.012265085700524297,-0.009156068506534089
1424,-0.010945215341638202,-0.013012878036959198,-0.01897939285082255,-0.013093400391314791
1425,-0.0123759648866485,-0.01224663654624284,-0.01498856745637135,-0.008402729393850103
1426,-0.001306491255744,-0.0083395130183639,-0.01581156258429829,-0.005339581714581716
1427,-0.0037798448218686,-0.010051684547303742,-0.010645360604307964,-0.005079326945045561
1428,-0.0120518787555649,-0.005174290637399602,-0.009141665088749383,-0.011370292019381528
1429,-0.00732755100579205,-0.011151558441558414,-0.010589688913120402,-0.004688228438228439
1430,-0.0008200540456289,-0.0065703783654935,-0.01428505483920059,-0.007700777632161053
1431,-0.008435079961248301,-0.004580518533384308,-0.012583016076017011,-0.011238379660827514
1432,-0.01054368379772895,-0.0110576556014262,-0.010250038422996885,-0.006815920802463377
1433,-0.0106150850969576,-0.010602787788341197,-0.022099668086607443,-0.011931255395319904
1434,-0.0039528276114929,-0.008864084803434757,-0.010701873295239517,-0.0034643727232618535
1435,-0.0007015812463911999,-0.012063770538146754,-0.011125151597801763,-0.00463642886733661
1436,-0.0051676692610194,-0.004078640204082093,-0.008758783384080121,-0.003932325518829067
1437,-0.006031350258083049,-0.0056471884780287356,-0.008695330981740662,-0.00622886463844799
1438,-0.007816813005914549,-0.0030701790438397505,-0.008618733946117299,-0.0031397530331988242
1439,-0.00563201480753505,-0.0037302717075907363,-0.004104449712045696,-0.008607150510093059
1440,-0.0098678934287302,-0.01489085331835887,-0.012571449954328316,-0.005719750036645738
1441,-0.0041949860131678,-0.007102407391450273,-0.007558823342839477,-0.00399800031321388
1442,-0.0090628463220459,-0.011983274157962262,-0.013720651559866556,-0.0033522266471789977
1443,-0.00532268761700945,-0.005633118891895689,-0.010665116669204219,-0.007816669761729277
1444,-0.012090194942759,-0.010876284563771184,-0.016591506046863182,-0.01110303696569107
1445,-0.0125520365625971,-0.008607150510093059,-0.011978569676472544,-0.010854884062096753
1446,-0.0060353248018778,-0.007358937103330675,-0.013974274759723921,-0.006815920802463377
1447,-0.0120518787555649,-0.004078640204082093,-0.01194869035760986,-0.0064043209876543175
1448,-0.0040773765646609,-0.00815608080478621,-0.011317617211033474,-0.005358994310288748
1449,-0.0039579706632636,-0.00463642886733661,-0.009638074429283593,-0.013264890786682512
1450,-0.0036780526858889,-0.010854884062096753,-0.009901588219307866,-0.007322900100791195
1451,-0.0042535331339657,-0.01388695059682396,-0.007292332851619704,-0.01110303696569107
1452,-0.0064559010750733,-0.010224570624160115,-0.013860044919997254,-0.005203175034568734
1453,-0.0093831470988094,-0.005548817871334731,-0.010665116669204219,-0.012799679435449796
1454,-0.0111895963336358,-0.012404336118250123,-0.009200013439107011,-0.013817892156862747
1455,-0.00677269043394115,-0.006920819822157134,-0.008687230593480592,-0.01298381109071738
1456,-0.005309141716300449,-0.012538149828868597,-0.012019051060176537,-0.007166023500955571
1457,-0.008359880786375149,-0.011238379660827514,-0.016048051985789177,-0.004127250696145085
1458,-0.006557737249639749,-0.010574026424081671,-0.012571449954328316,-0.006222518379410305
1459,-0.007827139251101201,-0.011291873101282882,-0.013568781744655546,-0.0010759773962394845
1460,-0.0108140894193525,-0.0048943189503056,-0.011978569676472544,-0.0144146000776939
1461,-0.0107856704370571,-0.006342064594356276,-0.019276845368678873,-0.012655395046257633
1462,-0.0080616169390889,-0.012538149828868597,-0.012732742920621022,-0.011382816257816243
1463,-0.0056698492011727,-0.00856498477430049,-0.009108397914465539,-0.011370292019381528
1464,-0.00275528041670175,-0.006640120152075822,-0.014535814889902753,-0.005420872430119603
1465,-0.007830563537214,-0.0053321147008649344,-0.01561730055603495,-0.007391816154389268
1466,-0.00311364920426805,-0.010311260603637032,-0.013329762659326776,-0.00989199731863925
1467,-0.012400962737748999,-0.004849269165852852,-0.013897526236284086,-0.01394641872204179
1468,-0.0043004754888574005,-0.010629860364808475,-0.009214971080545063,-0.011291873101282882
1469,-0.006031350258083049,-0.004580518533384308,-0.014187395129001704,-0.005079326945045561
1470,-0.0013633419840137,-0.006754412300425328,-0.0092199181271692,-0.004991939379466098
1471,-0.0053310759193111,-0.00622729287841485,-0.020512723607961685,-0.009315755735198581
1472,-0.0034404897385329498,-0.0027285420340975586,-0.00798335001159647,-0.006330930949014031
1473,-0.01259993574117475,-0.010602787788341197,-0.010739261841577488,0.0
1474,-0.004147589109082,-0.005997809725735256,-0.010099812301895633,-0.014489366881502153
1475,-0.0112163862521193,-0.010355102303223545,-0.007190503788980295,-0.013269303699952833
1476,-0.0107206699487307,-0.013487923136229126,-0.013423244367209637,-0.010602787788341197
1477,-0.0108140894193525,-0.005546400392830941,-0.008695330981740662,-0.00508158871564221
1478,-0.009178350806860549,-0.010854884062096753,-0.013343854618508635,-0.010524946348776196
1479,-0.00687758138071325,-0.008139765948013494,-0.014592525341406558,-0.0023904124063645338
1480,-0.00234230765012985,-0.008310315765616659,-0.010642490842490845,-0.009153320950470147
1481,-0.0055186667042923495,-0.009776685217785953,-0.016421536481335125,-0.009319690264873089
1482,-0.0077867800331759,-0.01496154733153523,-0.009981481481481477,-0.0037441925913631706
1483,-0.01560873443134465,-0.007361338836245287,-0.01032639204545454,-0.0119111667763825
1484,-0.009178350806860549,-0.008647990475847134,-0.01794016604710014,-0.014134271281655543
1485,-0.0042714361028425,-0.010267676767676766,-0.010374420121725687,-0.006637243839825901
1486,-0.01161939252752715,-0.009047533088800519,-0.01181290849332161,-0.006754412300425328
1487,-0.00967459438159835,-0.009047533088800519,-0.0069132706677092134,-0.001729400307926121
1488,-0.0034404897385329498,-0.006754412300425328,-0.010701873295239517,-0.011370292019381528
1489,-0.0041712527027819,-0.006727581438454047,-0.010752609481701616,-0.010455026455026467
1490,-0.0076267466424740004,-0.0054091617518304234,-0.012065357382887436,-0.012377201706496345
1491,-0.01170672471329485,-0.00437760238728041,-0.01136339862239049,-0.016358797936850134
1492,-0.0008011664261663,-0.003983936039772928,-0.012438905620374648,-0.005663305935819027
1493,-0.0040773765646609,-0.01016699664815704,-0.011770654141361261,-0.010602787788341197
1494,-0.0036780526858889,-0.008310315765616659,-0.010701873295239517,-0.010224570624160115
1495,-0.00308212095096665,-0.006183041027262144,-0.014153056692664943,-0.012400968771260635
1496,-0.0080616169390889,-0.0035520624454784544,-0.01045512679226189,-0.013680288719042139
1497,-0.0067213819399073,-0.008695139023946717,-0.010160437207696195,-0.012980745159941956
1498,-0.00208412566577995,-0.012923753570340977,-0.013230788611740991,-0.010876284563771184
1499,-0.0073758978769548,-0.009522873721481969,-0.00786815968698708,-0.00815608080478621
1500,-0.0040349971165494,-0.009549036199344286,-0.00939719058405927,-0.010882896049395352
1501,-0.0109279550600196,-0.005054244799056945,-0.012608763702184778,-0.005400805757661602
1502,-0.00509682087809635,-0.012847180050112289,-0.006774350817815153,-0.0056401617663155885
1503,-0.0065767565767566,-0.011382816257816243,-0.008197294149402484,-0.007881053904101543
1504,-0.0023019547325102,-0.012413173627157707,-0.009026721322653492,-0.005400805757661602
1505,-0.008694398228672049,-0.012410005935152159,-0.008179903738093242,-0.013097546931679546
1506,-0.0071723280342585,-0.005054244799056945,-0.014054546691995646,-0.007552383253470789
1507,-0.0036211584020387003,-0.0048943189503056,-0.010701873295239517,-0.0010262522501653035
1508,-0.0109279550600196,-0.007357599220366044,-0.01124347148622104,-0.006137217416076299
1509,-0.0088006674500482,-0.00793448821823678,-0.010995752115274681,-0.003187727189683791
1510,-0.0107206699487307,-0.005719750036645738,-0.010809361649955426,-0.008864084803434757
1511,-0.0055186667042923495,-0.012927004811181184,-0.009200013439107011,-0.014134271281655543
1512,-0.01161939252752715,0.0,-0.012044985199461388,-0.0052772814111144845
1513,-0.0084949751341739,-0.010502230229138237,-0.012548408384820853,-0.00856498477430049
1514,0.0,-0.006543026900271611,-0.012418993413240292,-0.009648297907952973
1515,-0.0089362513732261,0.0,-0.007594359036762194,-0.00910903930315644
1516,-0.0064538017936231,-0.012358375420875348,-0.013935725552438558,-0.003187727189683791
1517,-0.0124058429039632,-0.010041460039079103,-0.014226774182607517,-0.015745614615211213
1518,-0.0060353248018778,-0.00065910278438365,-0.009615585560950962,-0.016158243312615478
1519,-0.0120491887214185,-0.010267676767676766,-0.006689771782539909,-0.009651760101360762
1520,-0.008694398228672049,-0.008368710271111142,-0.010701873295239517,-0.0033391357406108643
1521,-0.01190277661984995,-0.008951126051071862,-0.00844553934680281,-0.012382535830085264
1522,-0.00963966132975645,-0.006957624323549516,-0.009687357738018083,-0.01129252481376207
1523,-0.00817910630119235,-0.006647550365079056,-0.011200121614948773,-0.0036323529411764754
1524,-0.0043413834473464,-0.004698126224877978,-0.012324429479554784,-0.00516591669538536
1525,-0.0064784948790853,-0.007278337362605903,-0.01622642476193443,-0.004078640204082093
1526,-0.00453545321239275,-0.012410005935152159,-0.01052106439240727,-0.013318639671463933
1527,-0.0006996317045335,-0.008637583323057793,-0.012376481274551376,-0.0017363244932874014
1528,0.0,-0.010364110367297452,-0.01136339862239049,-0.011993247728927025
1529,-0.0057402828705468,-0.010455026455026467,-0.010107266431101498,-0.014026221613225174
1530,-0.0108468801496535,-0.01078450726575516,-0.013138590632813862,-0.002751769547325096
1531,-0.0039341082712543,-0.008043956043956062,-0.012006639207553859,-0.010224629458886983
1532,0.0,-0.008808364080796188,-0.010219642122883408,-0.006974564893340522
1533,-0.00930144784755785,-0.005663305935819027,-0.014226774182607517,-0.009648297907952973
1534,-0.00729159144221885,-0.004478680545644804,-0.012882818379663971,-0.014039872676901176
1535,-0.0056866071587353,-0.0016693438881879435,-0.009939869124654482,-0.0035520624454784544
1536,-0.0058515034633455,-0.00622729287841485,-0.012027260312523911,-0.007023525276817648
1537,-0.00068167099200685,-0.010204104913003276,-0.012571449954328316,-0.00989199731863925
1538,-0.0041712527027819,-0.006815920802463377,-0.012265085700524297,-0.009522873721481969
1539,-0.0112163862521193,-0.007390584723918047,-0.01034627237127174,-0.010531483131530125
1540,-0.01126684166286325,-0.008682252999125211,-0.014277435767602726,-0.006183041027262144
1541,-0.00827773756653395,-0.00909795772632111,-0.010701873295239517,-0.011054515489823728
1542,-0.0027648264263273,-0.010524946348776196,-0.01840218839168368,-0.004127250696145085
1543,-0.0068245384743701,-0.006920819822157134,-0.01567456749024323,-0.013029833245226621
1544,-0.012383359711811051,-0.011265452237294792,-0.010219375355231557,-0.010602787788341197
1545,-0.0023898164857300997,-0.013541064265239922,-0.01636083875052747,-0.005939343899406599
1546,-0.01415441176470585,-0.0050126596128244084,-0.009057962422355948,-0.004688228438228439
1547,-0.0029824011368395,-0.003781545598158048,-0.007327380131896988,-0.010740420498788754
1548,-0.01223610246900695,-0.013201043524483081,-0.004104449712045696,-0.01218266703187966
1549,-0.0074105927868749494,-0.013289425924703278,-0.01428505483920059,-0.003862145011624191
1550,-0.0042336602734981,-0.0035520624454784544,-0.008618733946117299,-0.007116081982155516
1551,-0.00532268761700945,-0.012648982509970826,-0.008987407320970399,-0.00996719591585488
1552,-0.0080066516679024,-0.011291873101282882,-0.01567456749024323,-0.013559350216658779
1553,-0.0145833333333333,-0.011152969775275991,-0.027004672858553503,-0.006100354463143481
1554,-0.011969484654199,-0.003805554374527592,-0.010868847987431119,-0.014543300350443378
1555,-0.0061670871904789,-0.014039872676901176,-0.00939719058405927,-0.010258657206305463
1556,-0.0054797118296097,-0.00881542048637636,-0.011458286092214658,-0.013047587416620918
1557,-0.01036658601924135,-0.004063325608816035,-0.008297985347985357,-0.009965639782464439
1558,-0.0093602693602693,-0.00645102438849959,-0.009799740530185192,-0.009321871914828972
1559,-0.00075,-0.011227735592540877,-0.016674418146156132,-0.011435191510333807
1560,-0.0065767565767566,-0.010364110367297452,-0.011595564158905256,-0.009977102598735282
1561,-0.0034624719822088,-0.00474769212494891,-0.012882818379663971,-0.005192865675646845
1562,-0.00963966132975645,-0.00910903930315644,-0.012855528312466755,-0.0035217246764962865
1563,-0.0052287048131923,-0.013909218963906463,-0.0060749733208077025,-0.011204435556835826
1564,-0.0083071514670901,-0.009047533088800519,-0.014549604501157505,-0.009522873721481969
1565,-0.0060353248018778,-0.010924806039638527,-0.014383453806590861,-0.013093400391314791
1566,-0.0080066516679024,-0.011265452237294792,-0.010436913985103475,-0.015469517039655385
1567,-0.00349738402238315,-0.009305834155470084,-0.011031606671936409,-0.011716133644446616
1568,-0.005510851841965449,-0.006737213403880032,-0.009278358348568131,-0.008864084803434757
1569,-0.0132460692269965,-0.011983274157962262,-0.009007519781612627,-0.010531483131530125
1570,-0.0080616169390889,-0.011204435556835826,-0.01383508478924529,-0.005548817871334731
1571,-0.00929316861839155,-0.006879222922469591,-0.008453894547092862,-0.014134271281655543
1572,-0.0060353248018778,-0.010364110367297452,-0.010701873295239517,-0.007112208727964
1573,-0.0066980247222447,-0.007357599220366044,-0.01045512679226189,-0.008951126051071862
1574,-0.0023898164857300997,-0.01176703820333212,-0.010800156886114007,-0.00403468801089929
1575,-0.0039889890742058,-0.01635416421551595,-0.012941089894813625,-0.011151558441558414
1576,-0.001590628941635,-0.006342064594356276,-0.010385297719442186,-0.0010759773962394845
1577,-0.0038191700422561,-0.01113931540774176,-0.015826935730795078,-0.015186144105141856
1578,-0.006787495652336901,-0.013179971210379504,-0.010069302000248706,-0.009756007994335392
1579,-0.0014174414984533502,-0.013514995712696404,-0.0067659949026635195,-0.012965308701294864
1580,-0.0008011664261663,-0.011007346441897173,-0.0104395332511904,-0.005608851652051295
1581,-0.01521193067481055,-0.004078640204082093,-0.009057536115046741,-0.011291873101282882
1582,-0.0073758978769548,-0.006737213403880032,-0.005581151405783746,-0.0096354806320136
1583,-0.00821170518015765,-0.00815608080478621,-0.0104395332511904,-0.0119111667763825
1584,-0.0032354382798257496,-0.006456776031094444,-0.010436913985103475,-0.016315400439441734
1585,-0.0048478050916404,-0.00508158871564221,-0.01269740191463143,-0.004394477864109358
1586,-0.0038370952476869,-0.007293491472113837,-0.011595564158905256,-0.009153320950470147
1587,-0.00821170518015765,-0.002561697571680864,-0.01221439877599464,-0.013012878036959198
1588,-0.009463157732561251,-0.01631961613144088,-0.010910466454710938,-0.004448362377049764
1589,-0.006524270088978,-0.008647990475847134,-0.005851590909090917,-0.006100354463143481
1590,-0.0029757164694958,-0.013487923136229126,-0.013014722728622325,-0.009321871914828972
1591,-0.0008011664261663,-0.010364110367297452,-0.012343247270227573,-0.011843101651469703
1592,-0.0056720741972019,-0.006737213403880032,-0.011088413341312154,-0.007417203387598048
1593,-0.0071900252423621,-0.002751769547325096,-0.004488684875406199,-0.005737737505548693
1594,-0.0063981994100258,-0.014931849177608203,-0.01137418887564866,-0.013667913051466505
1595,-0.0064850543181698,-0.005521788847004033,-0.01828192714356011,-0.0049732627618637865
1596,-0.0077637845093280495,-0.00909795772632111,-0.015075593034416579,-0.008727240154750876
1597,-0.0055186667042923495,-0.006130302677268826,-0.00565858935641133,-0.009936372446450445
1598,-0.0109279550600196,-0.007141015223366411,-0.014383453806590861,-0.005054244799056945
1599,-0.0066980247222447,-0.00996719591585488,-0.019433941649419077,-0.006815920802463377
1600,-0.0030149356196793,-0.010524946348776196,-0.007327380131896988,-0.008204144663977151
1601,-0.01035679319622145,-0.0019210612555721207,-0.009930700249427788,-0.0096354806320136
1602,-0.0120491887214185,-0.006456776031094444,-0.016782555995400586,-0.011265452237294792
1603,-0.0017390584179799,-0.005823957626702403,-0.013839477021888454,-0.0065703783654935
1604,-0.000631313131313,-0.010455026455026467,-0.009069149831649831,-0.0052772814111144845
1605,-0.0055186667042923495,-0.010882896049395352,-0.013397062289562278,-0.005192865675646845
1606,-0.0017436267436267,-0.01184316502462629,-0.014524234892659423,-0.010602787788341197
1607,-0.0008011664261663,-0.011031964823071169,-0.010250038422996885,-0.012073938170424563
1608,-0.0063981994100258,-0.00550860191990462,-0.013329762659326776,-0.004474836733068624
1609,-0.00779217923518785,-0.005507008099566561,-0.01360745677041033,-0.009700972565726381
1610,-0.0055186667042923495,-0.008368710271111142,-0.006276989637998574,-0.006950313060318828
1611,-0.0090193925050674,-0.009084282310016588,-0.014153056692664943,-0.007185567973036014
1612,-0.0120086721345154,-0.006222518379410305,-0.011595564158905256,-0.005420872430119603
1613,-0.0112708163799116,-0.01176703820333212,-0.011484840118499057,-0.005719750036645738
1614,-0.0051127330445941,-0.0049260284680743595,-0.012548408384820853,-0.009756007994335392
1615,-0.0092917117612339,-0.015256442032110573,-0.012548408384820853,-0.005412722927152369
1616,-0.00936279391016125,-0.008808364080796188,-0.012006639207553859,-0.00550860191990462
1617,-0.0016907925961081,-0.006456776031094444,-0.014153056692664943,-0.01051828703703703
1618,-0.00563201480753505,-0.011777460701494994,-0.0087828524911377,-0.011370292019381528
1619,-0.0056698492011727,-0.011081028982697676,-0.010910466454710938,-0.008951126051071862
1620,-0.008162769335693949,-0.005555240088970043,-0.01620226036082834,-0.008951126051071862
1621,-0.00208412566577995,-0.009952815385615519,-0.017012433527598878,-0.003187727189683791
1622,-0.0060353248018778,-0.0064235900250561445,-0.011003122184373656,-0.006281023526005711
1623,-0.0157780991539963,-0.004127250696145085,-0.008179903738093242,-0.008008544788351862
1624,-0.0024197882971245,-0.0064043209876543175,-0.008895032051282115,-0.009977102598735282
1625,-0.01195771169036945,-0.012156905088634401,-0.01756442368341159,-0.012177590587006987
1626,-0.0052287048131923,-0.005710235690235661,-0.011191753798622563,-0.010082115483140523
1627,-0.0054380384749405,-0.005339581714581716,-0.009214971080545063,-0.014532033280110213
1628,-0.01055478668723205,-0.00909795772632111,-0.013732202252743478,-0.007993723653108858
1629,-0.006579808803158499,-0.005546400392830941,-0.012065357382887436,-0.008813962350952144
1630,-0.010659316884098949,-0.005633118891895689,-0.009581940804101623,-0.00793263169663315
1631,-0.0066980247222447,-0.009153320950470147,-0.017565874074002112,-0.015318168045661284
1632,-0.0112163862521193,-0.00856498477430049,-0.01045512679226189,-0.005997809725735256
1633,-0.01112927321579955,-0.007701729809426499,-0.008758783384080121,-0.014017186431469077
1634,-0.0106453752340189,-0.0025474759246913448,-0.014153056692664943,-0.010311260603637032
1635,-0.004147589109082,-0.015213978376798887,-0.009390498792033481,-0.00996719591585488
1636,-0.0029254256111660003,-0.007023525276817648,-0.010545355014368596,-0.009651760101360762
1637,-0.0017407740634752,-0.006352813801172516,-0.010701873295239517,-0.008157280408164186
1638,-0.0066980247222447,-0.005992791690958229,-0.007741504722986209,-0.009570889198705329
1639,-0.0058585149355939,-0.004538904634230179,-0.012023603544763967,-0.006815920802463377
1640,-0.0075858960279915994,-0.012073938170424563,-0.013732202252743478,-0.01051828703703703
1641,-0.0048797322904288,-0.012938165687716621,-0.007594359036762194,-0.006100354463143481
1642,-0.0044867321795998,-0.001439680555784648,-0.010189054856908603,-0.011997600240610761
1643,-0.00234514937465135,-0.009651760101360762,-0.010436913985103475,-0.00645102438849959
1644,-0.0112163862521193,-0.008727240154750876,-0.010701873295239517,-0.010594633538150561
1645,-0.0096690540830622,-0.011980089355089343,-0.007311051395328276,-0.015316994095696541
1646,0.0,-0.009776685217785953,-0.01644549493258322,-0.010927220329199634
1647,-0.0111895963336358,-0.012400968771260635,-0.01053277949146369,-0.009475570802136592
1648,-0.0033884756154130497,-0.013179731842231843,-0.006647679210637348,-0.010355102303223545
1649,-0.0014143997822106,-0.00815608080478621,-0.009670522504363652,-0.010843738837068016
1650,-0.0119086319823707,-0.005400805757661602,-0.010589688913120402,-0.012126860351151646
1651,-0.00523271980315315,-0.011151558441558414,-0.009481451702874791,-0.01641038474078177
1652,-0.00889499294985065,-0.007552383253470789,-0.003570735516901534,-0.011502521270015064
1653,-0.0088006674500482,-0.006708301970801973,-0.012773415969820892,-0.010439595512261557
1654,-0.0105777064654938,-0.01340327261544983,-0.01519025863842044,-0.004127250696145085
1655,-0.0034624719822088,-0.007881053904101543,-0.008027734777136109,-0.009156068506534089
1656,-0.0096690540830622,-0.012927004811181184,-0.012337294446922602,-0.0044432771816652235
1657,-0.0058757675395991,-0.010311260603637032,-0.009500246761299659,-0.008368710271111142
1658,-0.0109279550600196,-0.013514995712696404,-0.011453841119081636,-0.011862488230536282
1659,-0.01003810952085725,-0.007141015223366411,-0.013058565780740132,-0.00899579572713928
1660,-0.0068918735585401,-0.014931849177608203,-0.009573465416372823,-0.01663508882836008
1661,-0.0120518787555649,-0.006815920802463377,-0.013720651559866556,-0.008815934809000732
1662,-0.0039528276114929,-0.010355102303223545,-0.013732202252743478,-0.002846008212812629
1663,-0.01027381241445245,-0.00622729287841485,-0.012575290054291276,-0.008607150510093059
1664,-0.0084949751341739,-0.0119111667763825,-0.006451990889154433,-0.0011063151652216524
1665,0.0,-0.012377201706496345,-0.011615615004673174,-0.009313650009005109
1666,-0.0046646748500815,-0.010364110367297452,-0.009214971080545063,-0.005973078137513074
1667,-0.0109594236592194,-0.008864084803434757,-0.01338698506484338,-0.008761015610790644
1668,-0.0022002774653806997,-0.00680192793244329,-0.010526323449607758,-0.00793448821823678
1669,-0.0102110637596986,-0.007023525276817648,-0.012599107232986333,-0.015256442032110573
1670,-0.006031350258083049,-0.00961699798912146,-0.012019051060176537,-0.012876160307688083
1671,-0.0119067513368983,-0.004127250696145085,-0.013230788611740991,-0.00888292427901019
1672,-0.00903839566351295,-0.0025474759246913448,-0.01211341536096704,-0.006957624323549516
1673,-0.0137254901960784,-0.011891719341364997,-0.0069132706677092134,-0.00815608080478621
1674,-0.0068333468265336,-0.010364110367297452,-0.008758783384080121,-0.006817919037082193
1675,-0.0098435548835542,-0.0047854445993526645,-0.01052106439240727,-0.010505743314171591
1676,-0.01019170626725855,-0.011265452237294792,-0.010701873295239517,-0.008262307567758326
1677,-0.0141562403095141,-0.011370292019381528,-0.008618733946117299,-0.011240572794844784
1678,-0.01195771169036945,-0.010927220329199634,-0.009799740530185192,-0.01607839046845415
1679,-0.00415770021473895,-0.01001342101795271,-0.010809361649955426,-0.010602787788341197
1680,-0.0060353248018778,-0.011359321482064276,-0.011088413341312154,-0.007216438264747705
1681,-0.009517913318887551,-0.008647990475847134,-0.012051713176130265,-0.004830745600046113
1682,-0.00388367752968935,-0.0065703783654935,-0.010701873295239517,-0.005578135356706815
1683,-0.0090193925050674,-0.008864084803434757,-0.005866106846307978,-0.01577509538457142
1684,-0.0037324912745666503,-0.00996719591585488,-0.016429476417596255,-0.003781545598158048
1685,-0.0084949751341739,-0.0032325588388176507,-0.010701873295239517,-0.003924860317511021
1686,-0.01329277180481585,-0.01129252481376207,-0.009130216002670923,-0.010051684547303742
1687,-0.0082580883143771,-0.005629020427070107,-0.01604447358904739,-0.011265452237294792
1688,-0.0054797118296097,-0.011715572421772286,-0.013058565780740132,-0.009776685217785953
1689,-0.0006840763273885,-0.00961699798912146,-0.011736128869992266,-0.005546487747145641
1690,-0.0081286266384305,-0.013782482419863247,-0.010198257006151762,-0.012413173627157707
1691,-0.0068918735585401,-0.005710235690235661,-0.017327921657877058,-0.01001342101795271
1692,-0.00563201480753505,-0.014364057883618248,-0.012686261601403612,-0.012063770538146754
1693,-0.01003810952085725,-0.00815608080478621,-0.010420078763828763,-0.006640120152075822
1694,-0.010279163466111348,-0.007974160104151758,-0.008027734777136109,-0.007980653416461125
1695,-0.004449580620014,-0.008815934809000732,-0.008782251602564156,-0.01051828703703703
1696,-0.006524270088978,-0.005997809725735256,-0.00762801758672735,-0.00581395068540437
1697,-0.002496025305264,-0.010574026424081671,-0.014383453806590861,-0.01298381109071738
1698,-0.0075234884863444,-0.004849269165852852,-0.013807408749263683,-0.013012878036959198
1699,-0.0041815555416761995,-0.004621197707462478,-0.006892863712135031,-0.0053321147008649344
1700,-0.0079027739244248,-0.009141459338820546,-0.006748957489698233,0.0015967032845948682
1701,-0.0068582060164551,-0.012696599533201399,-0.013230788611740991,-0.004851939808049581
1702,-0.0076267466424740004,-0.005400805757661602,-0.011191753798622563,-0.007141015223366411
1703,-0.0003619398233759507,-0.011400482130672088,-0.012653547242593252,-0.0017720411667890967
1704,-0.00947021089982125,-0.004888554050116567,-0.007150390082763275,-0.005497177301177124
1705,-0.007693424346356999,-0.01414009350149958,-0.009214971080545063,-0.014902771170628326
1706,-0.0054380384749405,-0.006957624323549516,-0.011790382966571821,-0.0047854445993526645
1707,-0.01078473774298305,-0.013850088183421538,-0.01265209643747467,-0.006130302677268826
1708,-0.0112735955598464,-0.008293901963277093,-0.012291062905774836,-0.012078839971048165
1709,-0.01326405569053225,-0.007538506120956558,-0.013331736370797199,-0.006455264550264562
1710,-0.012195395683514399,-0.0052772814111144845,-0.012075101470122106,-0.006815920802463377
1711,-0.0063981994100258,-0.006815920802463377,-0.009214971080545063,-0.00909795772632111
1712,-0.0112163862521193,-0.005546487747145641,-0.006127785729965848,-0.008727240154750876
1713,-0.008998864697394,-0.01222048612232155,-0.010436913985103475,-0.007047406312123038
1714,-0.0082580883143771,-0.005710235690235661,-0.00785906243417245,-0.011007346441897173
1715,-0.0112163862521193,-0.008402729393850103,-0.01047076857037528,-0.01170076558577083
1716,-0.0004364591382434,-0.005888740857768135,-0.010642490842490845,-0.007829476111569936
1717,-0.00736121854787705,-0.014521160534261529,-0.009390498792033481,-0.01145105548845523
1718,-0.0076951951951952,-0.00645102438849959,-0.015778081171284312,-0.006342064594356276
1719,-0.00772738288623365,-0.007270192350825048,-0.013397062289562278,-0.009485932273432987
1720,-0.0103430682283554,-0.006708301970801973,-0.013084987136467788,-0.00996719591585488
1721,-0.0107581954538049,-0.01176703820333212,-0.008782251602564156,-0.0035520624454784544
1722,-0.00017535361125105,-0.012437276871263364,-0.008906386504137937,-0.002895557437613874
1723,-0.007659756804272,-0.004238618336045611,-0.013051589314573835,-0.011007346441897173
1724,-0.0060353248018778,-0.011419691525812362,-0.011595564158905256,-0.012876160307688083
1725,-0.0122702589807853,-0.013302635439148974,-0.012343247270227573,-0.012177590587006987
1726,-0.006579808803158499,-0.010797431321770821,-0.011088413341312154,-0.005633118891895689
1727,-0.0057402828705468,-0.008008544788351862,-0.011528189989771325,-0.010364110367297452
1728,-0.0055186667042923495,-0.011238379660827514,-0.017784351660463764,-0.013909218963906463
1729,-0.0031577226123572504,-0.011952777591610543,-0.0137437529456204,-0.00645102438849959
1730,-0.00729159144221885,-0.006815920802463377,-0.008531889404787121,-0.011814323037731108
1731,-0.004763030966239449,-0.005983448714721659,-0.009699285545210672,-0.006815920802463377
1732,-0.00858224433655705,-0.011969343410534308,-0.015062804590420968,-0.008043956043956062
1733,-0.0104796160034766,-0.013636948719646396,-0.006394851054877011,-0.005200303067994301
1734,-0.00584135271635265,-0.009497400482197335,-0.009500246761299659,-0.00508158871564221
1735,-0.0088239108009233,-0.011843101651469703,-0.007150390082763275,-0.010843738837068016
1736,-0.0119067513368983,-0.009549036199344286,-0.0089347600938747,-0.006511058439301401
1737,-0.0028411711400904,-0.009952815385615519,-0.011595564158905256,-0.008157280408164186
1738,-0.00454140705997705,-0.005507008099566561,-0.009700650415189605,-0.010574026424081671
1739,-0.00509682087809635,-0.004888554050116567,-0.009926051902242376,-0.004305569189003079
1740,-0.0010575891255999,-0.011330050536250406,-0.015090842367187064,-0.012177590587006987
1741,-0.01098412015494215,-0.00515660278704224,-0.009093881046474399,-0.004580518533384308
1742,-0.01036658601924135,-0.012604565969533592,-0.011317617211033474,-0.0043363714417636095
1743,-0.0035283975283976,-0.006957624323549516,-0.009285144687428196,-0.006183041027262144
1744,-0.0039528276114929,-0.004888554050116567,-0.009147645997281247,-0.011983274157962262
1745,-0.006031350258083049,-0.008703327898469101,-0.020741760617583847,-0.010364110367297452
1746,0.0,-0.013233667225378208,0.0,-0.013318639671463933
1747,-0.0118812515560907,-0.0038967181387069144,-0.016048051985789177,-0.001268455249887144
1748,-0.0037954423461669,-0.006511058439301401,-0.010701873295239517,-0.00996719591585488
1749,-0.0076267466424740004,-0.007980653416461125,-0.012571449954328316,-0.010921257802186002
1750,-0.01036658601924135,-0.010258657206305463,-0.016998585766264583,-0.006920819822157134
1751,-0.008244017890284,-0.005997809725735256,-0.010627986084738417,-0.01129252481376207
1752,-0.0066351565467016,-0.006100354463143481,-0.010665116669204219,-0.010267676767676766
1753,-0.00450355877457065,-0.015213978376798887,-0.009108397914465539,-0.00785693136332511
1754,-0.0064538017936231,-0.013898084780365211,-0.012343247270227573,-0.008008544788351862
1755,-0.0068582060164551,-0.012377201706496345,-0.011200121614948773,-0.01274184149184149
1756,-0.00379620396994555,-0.014780059321472595,-0.010420078763828763,-0.0035533011396192337
1757,-0.00889499294985065,-0.008727240154750876,-0.008609370408040495,-0.006957624323549516
1758,-0.0071900252423621,-0.005079326945045561,-0.00512062711234984,-0.010119882198998238
1759,-0.0108468801496535,-0.007552383253470789,-0.01832383778033023,-0.010854884062096753
1760,-0.0017390584179799,-0.010602787788341197,-0.013839965687428785,-0.006452554752578251
1761,-0.0112961596086264,-0.007566873944104541,-0.008609370408040495,-0.0029356957942001383
1762,-0.0101171729681972,-0.013318639671463933,-0.015826935730795078,-0.006920819822157134
1763,-0.008521127205708,-0.011400482130672088,-0.0062372934344553516,-0.0071889279583331675
1764,-0.0036753596802616,-0.012538149828868597,-0.009926051902242376,-0.010355102303223545
1765,-0.0046646748500815,-0.004849269165852852,-0.014549604501157505,-0.005608851652051295
1766,-0.00929316861839155,-0.009485932273432987,-0.012602199887277602,-0.009700972565726381
1767,-0.00435613760583565,-0.013169142681446451,-0.010052215287066069,-0.014627429021247694
1768,-0.0003619398233759507,-0.005497177301177124,-0.011721640338380404,-0.010524946348776196
1769,-0.0052272727272727,-0.007141015223366411,-0.011003122184373656,-0.008906456375004444
1770,-0.0020296074332457,-0.009700972565726381,-0.014383453806590861,-0.0038744437284593883
1771,-0.0115642408173047,-0.006511058439301401,-0.008987407320970399,-0.010364110367297452
1772,-0.008914446305549849,-0.011151558441558414,-0.010701873295239517,-0.005578135356706815
1773,-0.0088006674500482,-0.014931849177608203,-0.011794964982806098,-0.006771464646464646
1774,-0.0120518787555649,-0.006071428571428603,-0.010869007219576506,-0.003903759100089603
1775,-0.00532268761700945,-0.006708301970801973,-0.019060018150793848,-0.010524946348776196
1776,-0.0046646748500815,-0.011606728522003909,-0.011725092661077607,-0.0048943189503056
1777,-0.01031670632017,-0.01170076558577083,-0.015558243413361296,-0.012965308701294864
1778,-0.0041682513315599,-0.012538149828868597,-0.006891848235196698,-0.01363859260293078
1779,-0.0034404897385329498,-0.006815920802463377,-0.007945450839066018,-0.00550860191990462
1780,-0.009388673258084651,-0.011264860007964547,-0.01368053498556299,-0.01056128041488676
1781,-0.0124058429039632,-0.0017176955391629313,-0.014662580457654248,-0.006817919037082193
1782,-0.0063981994100258,-0.013013575630245897,-0.011595564158905256,-0.011265452237294792
1783,-0.0112961596086264,-0.014364057883618248,-0.008687230593480592,-0.003187727189683791
1784,-0.0111895963336358,-0.009305834155470084,-0.01360745677041033,-0.0030341131573216875
1785,-0.0100048925356712,-0.008590720987937471,-0.017784351660463764,-0.012240937908200047
1786,-0.0112708163799116,-0.007552383253470789,-0.01052106439240727,-0.004888554050116567
1787,-0.0020962189862323,-0.006640120152075822,-0.01043690235690236,-0.011291873101282882
1788,-0.00871025580993335,-0.016794139044639562,-0.013084987136467788,-0.010602787788341197
1789,-0.0052287048131923,-0.0043363714417636095,-0.012608763702184778,-0.010927220329199634
1790,-0.01054368379772895,-0.010531483131530125,-0.013331736370797199,-0.0044560357715787355
1791,-0.00341824561402205,-0.010629860364808475,-0.016843774820989997,-0.009700172471136744
1792,-0.0075234884863444,-0.016569597901044626,-0.006740443344145814,-0.011291873101282882
1793,-0.007166386061109401,-0.011902777777777769,-0.009315729482451185,-0.011264860007964547
1794,-0.009641390709474,-0.0035520624454784544,-0.01162520202841814,-0.009977102598735282
1795,-0.0146787922727334,-0.010594633538150561,-0.007476742424242441,-0.004127250696145085
1796,-0.0068267873874491,-0.01524069013142837,-0.012882818379663971,-0.009431067836051878
1797,-0.0034404897385329498,-0.010364110367297452,-0.011974314960939023,-0.009648297907952973
1798,-0.0109220354160324,-0.0032752525252525266,-0.009192446702049682,-0.005736734788018637
1799,-0.0023683975605445,-0.006307227735850107,-0.010701873295239517,-0.007409939066610666
1800,-0.0096401232005488,-0.006815920802463377,-0.010645360604307964,-0.009648297907952973
1801,-0.00694868802171985,-0.00829895385297346,-0.011875627465109662,-0.009305834155470084
1802,-0.00638733016983685,-0.009570889198705329,-0.010874687782293857,-0.01110303696569107
1803,-0.0068303677012791,-0.012240937908200047,-0.013138590632813862,-0.005400805757661602
1804,-0.0008446935616448,-0.011931255395319904,-0.0178406019483167,-0.012648982509970826
1805,-0.01546204723824995,-0.0071889279583331675,-0.0093579106132207,-0.006609381719695204
1806,-0.0053310759193111,-0.01298381109071738,-0.014076577100527782,-0.005997809725735256
1807,-0.0119086319823707,-0.01051828703703703,-0.006127785729965848,-0.010592982954545471
1808,-0.0084416535940379,-0.00996719591585488,-0.01472818614969874,-0.005217477221473754
1809,-0.01025968002101325,-0.013680288719042139,-0.015144932083542655,-0.009029888662737295
1810,-0.00563201480753505,-0.010924806039638527,-0.009619559241387275,-0.015309291563369538
1811,-0.00523271980315315,-0.006183041027262144,-0.01315960258392732,-0.008774814842877305
1812,-0.0109594236592194,-0.014300525576716086,-0.009699285545210672,-0.0027104802322163273
1813,-0.00687758138071325,-0.007278337362605903,-0.010060441805203225,-0.01145105548845523
1814,-0.0088006674500482,-0.013514995712696404,-0.01194869035760986,-0.008607150510093059
1815,-0.0039528276114929,-0.010602787788341197,-0.012608763702184778,-0.012865026124146832
1816,-0.00949231817596965,-0.005420872430119603,-0.011623226153495557,-0.0031513689413287006
1817,-0.0048478050916404,-0.005736734788018637,-0.016047259354898806,-0.007785551595670664
1818,-0.0113633868181418,-0.010119882198998238,-0.01338804261922354,-0.008607150510093059
1819,-0.0109279550600196,-0.008637583323057793,-0.010868444087784113,-0.004127250696145085
1820,-0.0016542007239385,-0.009084282310016588,-0.00549314310692278,-0.010602787788341197
1821,-0.007830563537214,-0.014300525576716086,-0.01053277949146369,-0.012938165687716621
1822,-0.004210892232762799,-0.003862145011624191,-0.013014722728622325,-0.005217477221473754
1823,-0.00563201480753505,-0.008647990475847134,-0.012608763702184778,-0.011553987051574899
1824,-0.00411703424010355,-0.002225641164526577,-0.00555217533919472,-0.007881053904101543
1825,-0.0057885289373904,-0.008262307567758326,-0.01327601508098934,-0.0023867350432820837
1826,-0.00412904415718855,-0.015227334254113628,-0.008414535840663607,-0.011054515489823728
1827,-0.0144993894993895,-0.011865788819290943,-0.012719648258282916,-0.012865026124146832
1828,-0.0077867800331759,-0.004851939808049581,-0.008687230593480592,-0.006045482916089442
1829,-0.0051343636869952,-0.010051684547303742,-0.006391523104715038,-0.010602787788341197
1830,-0.0038370952476869,-0.010260242290792816,-0.0073606733314431,-0.010843738837068016
1831,-0.0051343636869952,-0.012538149828868597,-0.01567456749024323,-0.0034643727232618535
1832,-0.00587584837848265,-0.0064043209876543175,-0.01577683777510064,-0.011151558441558414
1833,-0.00963966132975645,-0.009522873721481969,-0.00512062711234984,-0.006183041027262144
1834,-0.011687635004734749,-0.006708301970801973,-0.012608763702184778,-0.008949851398196474
1835,0.0,-0.008647990475847134,-0.011528189989771325,-0.0011573938270130306
1836,-0.0080066516679024,-0.0035520624454784544,-0.010069302000248706,-0.0050126596128244084
1837,-0.002496025305264,-0.007322900100791195,-0.012274154561724164,-0.00989199731863925
1838,-0.008966075098778,-0.0042691326530611695,-0.01055331653964162,-0.013222311314457178
1839,-0.01052661888622565,-0.014221861066274988,-0.021472411186696898,-0.011265452237294792
1840,-0.0037798448218686,-0.009936372446450445,-0.005714421820592064,-0.0048943189503056
1841,-0.0055186667042923495,-0.006222518379410305,-0.010701873295239517,-0.011952777591610543
1842,-0.0055186667042923495,-0.0048943189503056,-0.01081781072504822,-0.011007346441897173
1843,-0.003947765091964451,-0.011931255395319904,-0.008433382651624341,-0.00909795772632111
1844,-0.0051127330445941,-0.008590720987937471,-0.012563832264756419,-0.007700777632161053
1845,-0.0052287048131923,-0.010563270434803375,-0.01327601508098934,-0.009934238920387936
1846,-0.0089308920449271,-0.016358797936850134,-0.010069302000248706,-0.004747588807195502
1847,-0.0023898164857300997,-0.003405861583278824,-0.008695330981740662,-0.01255835361157287
1848,0.0,-0.011560450926046361,-0.009315729482451185,-0.004893303433668547
1849,-0.0117516967569653,-0.0038967181387069144,-0.010250038422996885,-0.006815920802463377
1850,-0.0107581954538049,-0.011952777591610543,-0.01053277949146369,-0.011993247728927025
1851,-0.0056866071587353,-0.012413173627157707,-0.008695330981740662,-0.014532033280110213
1852,-0.01036658601924135,-0.011995880561424317,-0.008618733946117299,-0.004638792871563385
1853,-0.0063981994100258,-0.008607150510093059,-0.01921207884056768,-0.00996719591585488
1854,-0.0112708163799116,-0.012538149828868597,-0.015254411004961249,-0.004078640204082093
1855,-0.0201399035103495,-0.012865026124146832,-0.006322847590205138,-0.004830745600046113
1856,-0.0038527621366435502,-0.01016699664815704,-0.012576061774948293,-0.01298381109071738
1857,-0.002088242997333873,-0.009776685217785953,-0.013897526236284086,-0.01044681685157876
1858,-0.0090628463220459,-0.011993247728927025,-0.0069132706677092134,-0.012900784157363107
1859,-0.00929316861839155,-0.012900784157363107,-0.009676692190528404,-0.01394641872204179
1860,-0.0122685185185185,-0.01022051952787107,-0.012198038046855316,-0.01129252481376207
1861,-0.0032026673848838,-0.007047406312123038,-0.010701873295239517,-0.0036323529411764754
1862,-0.007830563537214,-0.009700972565726381,-0.01636083875052747,-0.004296443458932589
1863,-0.0122702589807853,-0.013384197000934185,-0.009214971080545063,-0.002128405332549488
1864,-0.0046866459820435,-0.012938165687716621,-0.01468131868131868,-0.012078839971048165
1865,-0.00219161325591115,-0.011980089355089343,-0.01081781072504822,-0.006637243839825901
1866,-0.009930822117595,-0.012404336118250123,-0.011191753798622563,-0.010311260603637032
1867,-0.010413579021082899,-0.006647550365079056,-0.008512733138294896,-0.014902771170628326
1868,-0.0056698492011727,-0.0020568755528699648,-0.0149099239825884,-0.012538149828868597
1869,-0.0007015812463911999,-0.009776685217785953,-0.006664166666666679,-0.011265452237294792
1870,-0.0052287048131923,-0.012404336118250123,-0.010868444087784113,-0.01422625965717492
1871,-0.0042535331339657,-0.007390584723918047,-0.013058565780740132,-0.007361338836245287
1872,-0.012383359711811051,-0.014521160534261529,-0.007735920911558503,-0.0027285420340975586
1873,-0.0022432542352757,-0.012381493069767067,-0.008205407410404805,-0.012358375420875348
1874,-0.0106425256867832,-0.01170076558577083,-0.012608763702184778,-0.011238379660827514
1875,0.0,-0.007993723653108858,-0.010099812301895633,-0.010625956935480754
1876,-0.0080616169390889,-0.006737213403880032,-0.007040662345805804,-0.010364110367297452
1877,-0.01170672471329485,-0.011033867824393202,-0.012571449954328316,-0.012404336118250123
1878,-0.00736121854787705,-0.00622729287841485,-0.009500246761299659,-0.004238618336045611
1879,-0.00734410719809345,-0.004737426747706865,-0.011623226153495557,-0.005737737505548693
1880,-0.0031625472850303,-0.01453716709448666,-0.01047076857037528,-0.006957624323549516
1881,-0.0051343636869952,-0.01302911334147498,-0.01211504458612683,-0.005079326945045561
1882,-0.0011407326478542,-0.008199413695437297,-0.010189054856908603,-0.010876284563771184
1883,-0.00929316861839155,-0.008199413695437297,-0.010069302000248706,-0.010048766087066202
1884,-0.01190277661984995,-0.011310883014463431,-0.009065634727769833,-0.012876160307688083
1885,-0.0106453752340189,-0.007829476111569936,-0.018746806138284368,-0.00622729287841485
1886,-0.012873029414617751,-0.010921257802186002,-0.009557133761300421,-0.011265452237294792
1887,-0.0096690540830622,-0.004851939808049581,-0.010050069442284053,-0.008008544788351862
1888,-0.0028422391206126,-0.011288859385477704,-0.016655923269579306,-0.00910903930315644
1889,-0.0081705469325868,-0.012202906029899242,-0.007594359036762194,-0.008313885360289933
1890,-0.0060353248018778,-0.00846215777022355,-0.011160369697703565,-0.015532335115481521
1891,-0.0073607246426116,-0.014837111113336462,-0.01269740191463143,-0.005054244799056945
1892,-0.00358865871666065,-0.0144146000776939,-0.0159296768696456,-0.015371928175185408
1893,-0.0073700112737683995,-0.007322900100791195,-0.01498856745637135,-0.012240937908200047
1894,-0.0126986350690346,-0.01394641872204179,-0.014383453806590861,-0.005507008099566561
1895,-0.0048478050916404,-0.0065746267414237974,-0.010701873295239517,-0.01647941594474768
1896,-0.01080239944661915,-0.005887049291745022,-0.01578108728719052,-0.00996719591585488
1897,-0.0089362513732261,-0.011362847602615356,-0.01255147287559622,-0.014543300350443378
1898,-0.01326405569053225,-0.00881542048637636,-0.011611088632411545,-0.004403333670470213
1899,-0.0094761504825895,-0.008842594242234322,-0.012719648258282916,-0.009776685217785953
1900,-0.0062044252577709005,-0.00961699798912146,-0.011021814186167524,-0.005497177301177124
1901,-0.00440835663777265,-0.019993146433107997,-0.009481451702874791,-0.007278337362605903
1902,-0.0066980247222447,-0.010508002393400512,-0.012686261601403612,-0.010524946348776196
1903,-0.0112163862521193,-0.009570889198705329,-0.008657272986533092,-0.008647990475847134
1904,-0.0122685185185185,-0.010594633538150561,-0.00644754487192515,-0.006815920802463377
1905,-0.008435079961248301,-0.006647550365079056,-0.010701873295239517,-0.003781545598158048
1906,-0.0096401232005488,-0.009153320950470147,-0.016655923269579306,-0.016569597901044626
1907,-0.0109279550600196,-0.004449037497995856,-0.006211419550762182,-0.001131508048778115
1908,-0.0138631844309308,-0.010224570624160115,-0.01668500637063592,-0.004851939808049581
1909,-0.01119481880063435,-0.0035520624454784544,-0.009200013439107011,-0.005710235690235661
1910,-0.002088242997333873,-0.013289425924703278,-0.007828323081167841,-0.011265452237294792
1911,-0.01025968002101325,-0.008774814842877305,-0.012027260312523911,-0.009321871914828972
1912,-0.0028942644686952,-0.0049260284680743595,-0.005689293594832027,-0.004688228438228439
1913,-0.00563201480753505,-0.015111661486661498,-0.012548408384820853,-0.014300525576716086
1914,-0.0084626413221419,-0.0110576556014262,-0.011644245755667637,-0.011606728522003909
1915,-0.00664163998859045,-0.013333084470719951,-0.009670522504363652,-0.009570889198705329
1916,-0.01190277661984995,-0.010876284563771184,-0.008325947575904467,-0.009485932273432987
1917,-0.00415770021473895,-0.013097546931679546,-0.01124347148622104,-0.011291873101282882
1918,-0.00929316861839155,-0.008607150510093059,-0.015340636305102406,-0.005200303067994301
1919,-0.0117516967569653,-0.01278704870455678,-0.01032639204545454,-0.012604565969533592
1920,-0.0046646748500815,-0.0110576556014262,-0.015558243413361296,-0.010594633538150561
1921,-0.00509682087809635,-0.004888554050116567,-0.01332464664225589,-0.00909795772632111
1922,-0.0039671969215039,-0.008429945426478397,-0.008180741341634767,-0.0025391648726340588
1923,-0.0089276222472216,-0.003781545598158048,-0.010642490842490845,-0.011716133644446616
1924,-0.00071904410672525,-0.004099278036778036,-0.006276989637998574,-0.011054515489823728
1925,-0.0149668822755344,-0.00961699798912146,-0.010817444686493432,-0.008344289530026562
1926,-0.0048478050916404,-0.01016699664815704,-0.009200013439107011,-0.0068114666494994425
1927,-0.0063981994100258,-0.012413173627157707,-0.010665116669204219,-0.008402729393850103
1928,-0.00736121854787705,-0.015309291563369538,-0.008614052177078897,-0.005358994310288748
1929,-0.0119086319823707,-0.00679990316862536,-0.01081781072504822,-0.0044444934817006974
1930,-0.00566781668275105,-0.00634420884668872,-0.011469165581499527,-0.013179971210379504
1931,-0.0106150850969576,-0.009700972565726381,-0.00923488325420191,-0.013012878036959198
1932,-0.0073607246426116,-0.012407024493032172,-0.007668850715561254,-0.00582943457046093
1933,-0.0060353248018778,-0.00815608080478621,-0.010436913985103475,-0.008637583323057793
1934,-0.005510851841965449,-0.011983274157962262,-0.004815406538303729,-0.009475570802136592
1935,-0.008429539662712149,-0.011993247728927025,-0.010239940796521445,-0.01051828703703703
1936,-0.00779217923518785,-0.005340833987701021,-0.012505082134276466,-0.006920819822157134
1937,-0.0008505187570479,-0.010882896049395352,-0.008266835037433792,-0.010364110367297452
1938,-0.00631607821454345,-0.008808364080796188,-0.003650584971202542,-0.005633118891895689
1939,-0.0089362513732261,-0.004580518533384308,-0.01519025863842044,-0.01595676998380384
1940,-0.01595866013406145,-0.010882896049395352,-0.012958831549378822,-0.01069805363771864
1941,-0.0093602693602693,-0.006640120152075822,-0.004927932458291316,-0.005412722927152369
1942,-0.0012398374476485,-0.004238618336045611,-0.009799740530185192,-0.00463642886733661
1943,-0.012947835692203799,-0.007278337362605903,-0.01045512679226189,-0.009497400482197335
1944,-0.0056698492011727,-0.0030701790438397505,-0.009741764511704745,-0.012413173627157707
1945,-0.0039579706632636,-0.01320217769884437,-0.01383508478924529,-0.01113931540774176
1946,-0.0051343636869952,-0.010876284563771184,-0.012575290054291276,-0.006727581438454047
1947,-0.0093602693602693,-0.008199413695437297,-0.015114813838026694,-0.005608851652051295
1948,-0.006524270088978,-0.009156068506534089,-0.006466198273927063,-0.01170076558577083
1949,-0.0075900445964661,-0.010106402696260286,-0.006740443344145814,-0.008647990475847134
1950,-0.0018588897446404,-0.010311260603637032,-0.009147645997281247,-0.0035520624454784544
1951,-0.0068303677012791,-0.011972360083436568,-0.014580551192078125,-0.0044432771816652235
1952,0.0,-0.011131824131384707,-0.008758783384080121,-0.009315755735198581
1953,-0.0088239108009233,-0.0056401617663155885,-0.010910466454710938,-0.00996719591585488
1954,-0.00887527028902115,-0.015657035795203847,-0.015254411004961249,-0.01184316502462629
1955,-0.01581445333151715,-0.003632451044670559,-0.010052215287066069,-0.012240937908200047
1956,-0.00246267085035195,-0.008139765948013494,-0.010701873295239517,-0.010106402696260286
1957,-0.00889499294985065,-0.010455026455026467,-0.009238588514415728,-0.008842594242234322
1958,-0.010600493928406701,-0.01222048612232155,-0.013014722728622325,-0.004305569189003079
1959,-0.0197701428767868,-0.00856498477430049,-0.013025405716810608,-0.009651760101360762
1960,-0.0055186667042923495,-0.011983274157962262,-0.010069302000248706,-0.011291873101282882
1961,-0.0040773765646609,-0.0027686620181753933,-0.013014722728622325,-0.014039872676901176
1962,-0.006031350258083049,-0.014647596454086653,-0.015351674127494348,-0.009141459338820546
1963,-0.0063250945700606,-0.012604565969533592,-0.010105461471317204,-0.007974160104151758
1964,-0.0090091286012307,-0.009336304910825145,-0.009214971080545063,-0.012876160307688083
1965,-0.00779217923518785,-0.012165645141895129,-0.010892108076819012,-0.015186144105141856
1966,0.0,-0.009153320950470147,-0.009709445416115653,-0.012636458399057356
1967,-0.00948000372284115,-0.01145105548845523,-0.00939719058405927,-0.011912013822031242
1968,-0.007509205085397251,-0.0065474208698129074,-0.01124347148622104,-0.013667913051466505
1969,-0.0042535331339657,-0.006342064594356276,-0.011453841119081636,-0.015147492631889192
1970,-0.009858441439425901,-0.005597664272807487,-0.01045512679226189,-0.00856498477430049
1971,-0.0066980247222447,-0.010041460039079103,-0.010995752115274681,-0.008949851398196474
1972,-0.0065215121483298,-0.009074558338804713,-0.005851590909090917,-0.005736734788018637
1973,-0.0028411711400904,-0.010882896049395352,-0.012941089894813625,-0.005997809725735256
1974,-0.0039341082712543,-0.010602787788341197,-0.009638074429283593,-0.010364110367297452
1975,-0.004210892232762799,-0.006815920802463377,-0.013230788611740991,-0.005633118891895689
1976,-0.0065783429411291,-0.0071889279583331675,-0.015062804590420968,-0.010119882198998238
1977,-0.0075900445964661,-0.009270990700335536,-0.010834732486872858,-0.007700777632161053
1978,-0.0103022151338956,-0.010311260603637032,-0.014076577100527782,-0.013421768283892604
1979,-0.0008011664261663,-0.00793263169663315,-0.008906386504137937,-0.009485932273432987
1980,-0.00858185522438735,-0.011031964823071169,-0.01162520202841814,-0.012700928819490974
1981,-0.0025045961477585,-0.00856498477430049,-0.010665116669204219,-0.013578356889252734
1982,-0.01267402639723465,-0.009485932273432987,-0.013343854618508635,-0.012332971471867854
1983,-0.0066980247222447,-0.005719750036645738,-0.008625962411097952,-0.005997809725735256
1984,-0.0052103101622223,-0.005997809725735256,-0.011184048644257566,-0.006815920802463377
1985,-0.008966075098778,-0.008310315765616659,-0.012855528312466755,-0.006452554752578251
1986,-0.0038370952476869,-0.015469517039655385,-0.011595564158905256,-0.010267676767676766
1987,-0.013154649229379,-0.004403333670470213,-0.013770542163312173,-0.005497177301177124
1988,-0.00523271980315315,-0.011291873101282882,-0.010701873295239517,-0.008590720987937471
1989,-0.0112437795854236,-0.011993247728927025,-0.017361382250025995,-0.011265452237294792
1990,-0.011388932646281,-0.008293901963277093,-0.009065634727769833,-0.011952777591610543
1991,-0.0026851851851851,-0.01129252481376207,-0.012524237498199663,-0.010531483131530125
1992,-0.0041682513315599,-0.004580518533384308,-0.010436913985103475,-0.008703327898469101
1993,-0.0031041031946425,-0.012406144781144678,-0.016047259354898806,-0.012970421643212923
1994,0.0,-0.01001342101795271,-0.009709445416115653,-0.006281023526005711
1995,-0.004210892232762799,-0.013006829572250078,-0.006866296676678992,-0.007185567973036014
1996,-0.01824379258027395,-0.013976443062595979,-0.014425304578454933,-0.01016699664815704
1997,-0.0098957108976309,-0.004983968286481712,-0.008433382651624341,-0.004344342534747996
1998,-0.00457762578591175,-0.011987486971272263,-0.006774350817815153,-0.01394641872204179
1999,-0.003519366266059,-0.00996719591585488,-0.015090842367187064,0.0
2000,-0.0071723280342585,-0.00856498477430049,-0.017028730234712356,-0.00622729287841485
2001,-0.0068918735585401,-0.006456776031094444,-0.009141665088749383,-0.009756007994335392
2002,-0.0119802553689678,-0.009047533088800519,-0.01265209643747467,-0.008139765948013494
2003,-0.0063250945700606,-0.005997809725735256,-0.012653547242593252,-0.006222518379410305
2004,-0.01195771169036945,-0.0019210612555721207,-0.011031606671936409,-0.003642504059795864
2005,-0.0040967712842711,-0.01001342101795271,-0.01567456749024323,-0.003187727189683791
2006,-0.0096401232005488,-0.012377201706496345,-0.012274154561724164,-0.009884428156189291
2007,-0.00687758138071325,-0.015737466611630738,-0.013402495607254844,-0.01176703820333212
2008,-0.0058059109453416,-0.007881053904101543,-0.012512898468725426,-0.013986004275747959
2009,-0.0051343636869952,-0.009497400482197335,-0.01724140543455687,-0.008157280408164186
2010,-0.008276037687802398,-0.00909795772632111,-0.009200013439107011,-0.009283949371449364
2011,-0.007827139251101201,-0.013487923136229126,-0.00785906243417245,-0.005081814634217849
2012,-0.0038370952476869,-0.016642107550991735,-0.013256029487423757,-0.00437760238728041
2013,-0.0055186667042923495,-0.016358797936850134,-0.0092199181271692,-0.014489366881502153
2014,-0.010945215341638202,-0.01454392538125712,-0.017468230327108897,-0.011993247728927025
2015,-0.0106453752340189,-0.006737213403880032,-0.008433365082629762,-0.012177590587006987
2016,-0.00527197674913025,-0.011964322815477199,-0.01468131868131868,-0.011031964823071169
2017,-0.0073393961363667,-0.009084282310016588,-0.012495189247985435,-0.011987486971272263
2018,-0.0052287048131923,-0.0083395130183639,-0.011595564158905256,-0.006727581438454047
2019,-0.01098771822207825,-0.008815934809000732,-0.008205407410404805,-0.00622886463844799
2020,-0.0066980247222447,-0.008842594242234322,-0.010486762808946937,-0.010629860364808475
2021,-0.01256036236362725,-0.010311260603637032,-0.011978569676472544,-0.006281023526005711
2022,-0.0115340857071384,-0.014850505272857214,-0.009581940804101623,-0.010524946348776196
2023,-0.0052287048131923,-0.007417203387598048,-0.008360340615292328,-0.010224629458886983
2024,-0.00457762578591175,-0.005687917481645936,-0.012855528312466755,-0.0022016476878734103
2025,-0.0106425256867832,-0.00815608080478621,-0.014470146520146521,-0.005425171267445961
2026,0.0,-0.015186144105141856,-0.010645360604307964,-0.012538149828868597
2027,-0.0059910447063223505,-0.01298381109071738,-0.014425304578454933,-0.010455026455026467
2028,-0.0089308920449271,-0.010311260603637032,-0.009214971080545063,-0.006455264550264562
2029,-0.0068245384743701,-0.011279003528573209,-0.008657272986533092,-0.005737737505548693
2030,-0.002496025305264,-0.009700972565726381,-0.012563832264756419,-0.014776449015502902
2031,-0.0088006674500482,-0.01056128041488676,-0.008543424561955271,-0.0010456396272573165
2032,-0.0089276222472216,-0.006737213403880032,-0.020603810551872832,-0.00909795772632111
2033,-0.0106453752340189,-0.014948196499549884,-0.017202513147804202,-0.008647990475847134
2034,-0.0123759648866485,-0.013559350216658779,-0.017407091161171326,-0.011400482130672088
2035,-0.006524270088978,-0.0056401617663155885,-0.009285144687428196,-0.005608851652051295
2036,-0.01161939252752715,-0.010531483131530125,-0.010420078763828763,-0.010130689909380049
2037,-0.0026769504097935,-0.014107687861969573,-0.010503489885634876,-0.0050126596128244084
2038,-0.0046733222435486,-0.010119882198998238,-0.010272605143328756,-0.013898084780365211
2039,-0.0052287048131923,-0.020329028799540287,-0.009735131517274422,-0.01394641872204179
2040,-0.00523271980315315,-0.008813962350952144,-0.009670522504363652,-0.010130689909380049
2041,-0.00645817335931665,-0.015737466611630738,-0.014535814889902753,-0.013179971210379504
2042,-0.004210892232762799,-0.009952815385615519,-0.013025405716810608,-0.014532033280110213
2043,-0.00664163998859045,-0.006647550365079056,-0.015922321728892713,-0.010602787788341197
2044,-0.003947765091964451,-0.010364110367297452,-0.016371953123952385,-0.007141015223366411
2045,-0.0032026673848838,-0.009700972565726381,-0.01408550934973967,-0.00725570534817296
2046,-0.00734410719809345,-0.001268455249887144,-0.012548408384820853,-0.005608851652051295
2047,-0.008521127205708,-0.0021303787664979368,-0.01620226036082834,-0.010625956935480754
2048,-0.0134164777021919,-0.00815608080478621,-0.008343817082388509,-0.0021334102890898264
2049,-0.0038269967906122,-0.010051684547303742,-0.004815406538303729,-0.011291873101282882
2050,-0.00517034109529295,-0.008313885360289933,-0.011003122184373656,-0.00558414126582181
2051,-0.00740651620433275,-0.011330050536250406,-0.011687723161976356,-0.009133796296296293
2052,-0.00415770021473895,-0.009368401621175249,-0.00939719058405927,-0.008949851398196474
2053,-0.0119703776755058,-0.004538904634230179,-0.016918368051701355,-0.007552383253470789
2054,-0.00563201480753505,-0.008368710271111142,-0.009408091007158873,-0.00024998069458697855
2055,-0.008292741207886,-0.010602787788341197,-0.013230788611740991,-0.008857526556932532
2056,-0.0040957155259622,-0.01051828703703703,-0.01730009416642693,-0.010524946348776196
2057,-0.0118988019028016,-0.009475570802136592,-0.010436913985103475,-0.004127250696145085
2058,-0.0034185074948571,-0.005578135356706815,-0.013270543120034353,-0.00856498477430049
2059,-0.0008446935616448,-0.009700972565726381,-0.010739261841577488,-0.008344289530026562
2060,-0.0103430682283554,-0.005582395807201712,-0.012343247270227573,-0.011862342925545517
2061,-0.0089567792840897,-0.013905705996245979,-0.0104395332511904,-0.010843738837068016
2062,-0.0042535331339657,-0.009651760101360762,-0.010436913985103475,-0.00909795772632111
2063,-0.014565491387279599,-0.007695296241535895,-0.010627986084738417,-0.01170076558577083
2064,-0.0025757090168889506,-0.006100354463143481,-0.011039101986546949,-0.004305569189003079
2065,-0.0039528276114929,-0.009143578775019697,-0.009093881046474399,-0.005521788847004033
2066,-0.008041119137856951,-0.01340327261544983,-0.0104395332511904,-0.010311260603637032
2067,-0.004623805520222251,-0.007637205265494742,-0.015303042566227798,-0.011333698524126475
2068,-0.0038359788359788,-0.0008594036903448732,-0.01498856745637135,-0.009305834155470084
2069,-0.0001949979871175,-0.009047533088800519,-0.013839965687428785,-0.008429945426478397
2070,-0.0051343636869952,-0.0051719830751949525,-0.0137437529456204,-0.010311260603637032
2071,-0.0037954423461669,-0.006815920802463377,-0.01106900199020297,-0.003101326057830339
2072,-0.005032005032005,-0.008647990475847134,-0.0060749733208077025,-0.008647990475847134
2073,-0.01098412015494215,-0.009570889198705329,-0.009657177678672926,-0.0169270204884773
2074,-0.01036658601924135,-0.009700972565726381,-0.01720903993089469,-0.007881053904101543
2075,-0.0047056709518095,-0.00441289065350269,-0.01561730055603495,-0.005997809725735256
2076,-0.0068245384743701,-0.01001342101795271,-0.009926051902242376,-0.004127250696145085
2077,-0.0106348814229249,-0.015745614615211213,-0.010888529812578152,-0.0071889279583331675
2078,-0.0098043003927806,-0.008313885360289933,-0.005543300236830272,-0.00881542048637636
2079,-0.0123759648866485,-0.010882896049395352,-0.01043690235690236,-0.010355102303223545
2080,-0.0109279550600196,-0.007357599220366044,-0.0068718764728102,-0.009756007994335392
2081,-0.0034624719822088,-0.0032325588388176507,-0.008695330981740662,-0.007366385702745767
2082,-0.0112437795854236,-0.01267530982992427,-0.007998371289269526,-0.004127250696145085
2083,-0.008162769335693949,-0.008949851398196474,-0.0069132706677092134,-0.004538904634230179
2084,-0.0016542007239385,-0.01394641872204179,-0.007275326059066895,-0.004572457162229123
2085,-0.0095413165266105,-0.004938491472978097,-0.013860044919997254,-0.0027686620181753933
2086,-0.003947765091964451,-0.010119882198998238,-0.014580551192078125,-0.012413173627157707
2087,-0.01170672471329485,-0.012538149828868597,-0.012495420844757927,-0.003932325518829067
2088,-0.0017390584179799,-0.006920819822157134,-0.011611088632411545,-0.007050677624738265
2089,-0.00779217923518785,-0.00622729287841485,-0.010892108076819012,-0.004127250696145085
2090,-0.01126684166286325,-0.006637243839825901,-0.01047076857037528,-0.009648297907952973
2091,-0.0076267466424740004,-0.008703327898469101,-0.007863805183895524,-0.004849269165852852
2092,-0.00473867446726505,-0.011716133644446616,-0.009926051902242376,-0.013047587416620918
2093,-0.00388367752968935,-0.009084282310016588,-0.014783773843086552,-0.010602787788341197
2094,-0.0037798448218686,-0.007409939066610666,-0.011615615004673174,-0.006281023526005711
2095,-0.00729159144221885,-0.009475905389455495,-0.012170857411212915,-0.008647990475847134
2096,-0.01031670632017,-0.013976443062595979,-0.013081035101626531,-0.007515581461930522
2097,-0.0090628463220459,-0.00558414126582181,-0.014524234892659423,-0.010311260603637032
2098,-0.0079634112319733,-0.011983274157962262,-0.01052106439240727,-0.008368710271111142
2099,-0.0112735955598464,-0.011400482130672088,-0.010319120481390446,-0.005608851652051295
2100,0.0,-0.010629860364808475,-0.014974192963275177,-0.012696599533201399
2101,-0.0060353248018778,-0.010311260603637032,-0.012571449954328316,-0.011264860007964547
2102,-0.0055186667042923495,-0.013167952627968882,-0.010160437207696195,-0.005054244799056945
2103,-0.0048784684523209,-0.0034643727232618535,-0.014592525341406558,-0.005997809725735256
2104,-0.0068582060164551,-0.012332971471867854,-0.008325947575904467,-0.009700172471136744
2105,-0.0089276222472216,-0.009700972565726381,-0.010739261841577488,-0.006637243839825901
2106,-0.013154649229379,-0.005555240088970043,-0.008758783384080121,-0.0038744437284593883
2107,-0.0076267466424740004,-0.012413173627157707,-0.007293758342557534,-0.010602787788341197
2108,-0.0040967712842711,-0.013909218963906463,-0.008758783384080121,-0.01224663654624284
2109,-0.0052849109620655,-0.009319776878867245,-0.012571449954328316,-0.006456776031094444
2110,-0.01002850208201995,-0.005582395807201712,-0.01052106439240727,-0.008616633342219855
2111,-0.0029757164694958,-0.008647990475847134,-0.01052106439240727,-0.008774814842877305
2112,-0.0083450046685341,-0.012696599533201399,-0.008614052177078897,-0.00925878726188505
2113,-0.01094507344507335,-0.008033428383107881,-0.016047215044176444,-0.014931849177608203
2114,-0.0091750942945997,-0.007967872079545857,-0.009500246761299659,-0.011843101651469703
2115,-0.00779217923518785,-0.016339207034145507,-0.013270543120034353,-0.0026925588115360288
2116,-0.002479674895297,-0.011969343410534308,-0.009108397914465539,-0.003862145011624191
2117,-0.0139022401890049,-0.006183041027262144,-0.010526323449607758,-0.008647990475847134
2118,-0.00068167099200685,-0.014850505272857214,-0.013058565780740132,-0.010224629458886983
2119,-0.0039528276114929,-0.012240937908200047,-0.010436913985103475,-0.008313885360289933
2120,-0.00311364920426805,-0.0160440334119386,-0.009557133761300421,-0.00622729287841485
2121,-0.0043671326555313,-0.0046771323875706705,-0.01221439877599464,-0.006548379805096399
2122,-0.00388367752968935,-0.012202906029899242,-0.011200121614948773,-0.00793263169663315
2123,-0.01035679319622145,-0.010386694009908565,-0.008433365082629762,-0.011987486971272263
2124,-0.0124058429039632,-0.010106402696260286,-0.007928716861720989,-0.008607150510093059
2125,-0.00330192640290795,-0.011089971993527827,-0.010503489885634876,-0.005521788847004033
2126,-0.0060547247182178,-0.006637243839825901,-0.007875446686765318,-0.014902771170628326
2127,-0.0080066516679024,-0.007637205265494742,-0.010304690043946945,-0.0034643727232618535
2128,-0.0060353248018778,-0.0034643727232618535,-0.01181290849332161,-0.008647990475847134
2129,-0.0053310759193111,-0.010311260603637032,-0.012571449954328316,-0.009756007994335392
2130,-0.00889499294985065,-0.009497400482197335,-0.008433382651624341,-0.006708301970801973
2131,-0.0106150850969576,-0.013179971210379504,-0.01498856745637135,-0.0110576556014262
2132,-0.0162058488671067,-0.011777460701494994,-0.010701873295239517,-0.008906456375004444
2133,-0.0119086319823707,-0.007361338836245287,-0.01472818614969874,-0.00996719591585488
2134,-0.005309141716300449,-0.005608851652051295,-0.009214971080545063,-0.011238379660827514
2135,-0.00318525436054075,-0.007881053904101543,-0.005441767965141605,-0.01056128041488676
2136,-0.0028411711400904,-0.011502521270015064,-0.009108397914465539,-0.013389827477445623
2137,-0.0061670871904789,-0.00645102438849959,-0.010319120481390446,-0.006452554752578251
2138,-0.0038957487804936004,-0.009305834155470084,-0.011088413341312154,-0.006352813801172516
2139,-0.0063250945700606,-0.006198137681232532,-0.008197294149402484,-0.012358375420875348
2140,-0.00435613760583565,-0.005719750036645738,-0.012548408384820853,-0.005548817871334731
2141,-0.0046646748500815,-0.008402729393850103,-0.015738318830119467,-0.002409138828160559
2142,-0.0023898164857300997,-0.011031964823071169,-0.011088413341312154,-0.008011768324268326
2143,-0.010419119319619051,-0.016158243312615478,-0.009057536115046741,-0.01069805363771864
2144,-0.0040773765646609,-0.00793263169663315,-0.006740443344145814,-0.008647990475847134
2145,-0.009930822117595,-0.00989199731863925,-0.012882818379663971,-0.0119111667763825
2146,-0.0034404897385329498,-0.010311260603637032,-0.017369721816793297,-0.0119111667763825
2147,-0.0040349971165494,-0.006543026900271611,-0.008758783384080121,-0.004888554050116567
2148,-0.00502161217979165,-0.009313650009005109,-0.01406271280808025,-0.010355102303223545
2149,-0.0095005058963285,-0.013264890786682512,-0.012855528312466755,-0.013667913051466505
2150,-0.0026851851851851,-0.008590720987937471,-0.009108397914465539,-0.006183041027262144
2151,-0.0039341082712543,-0.01414009350149958,-0.010319120481390446,-0.008293901963277093
2152,-0.0022002774653806997,-0.014780059321472595,-0.007791496096139532,-0.008727240154750876
2153,-0.002675399348692,-0.010051684547303742,-0.013058565780740132,-0.008402729393850103
2154,-0.0036780526858889,-0.006815920802463377,-0.00863482514083069,-0.013667913051466505
2155,-0.0111895963336358,-0.013437501205529796,-0.016371953123952385,-0.008043956043956062
2156,-0.0041949860131678,-0.00793448821823678,-0.01636083875052747,-0.005578135356706815
2157,-0.0095005058963285,-0.009756007994335392,-0.008614052177078897,-0.010767533100535142
2158,-0.0099210292945751,-0.011264860007964547,-0.012608763702184778,-0.008842594242234322
2159,-0.000631313131313,-0.010625956935480754,-0.01567456749024323,-0.002751769547325096
2160,-0.0023019547325102,-0.004538904634230179,-0.014695252028548747,-0.01176703820333212
2161,-0.005861606233483051,-0.01453716709448666,-0.011484840118499057,-0.01056128041488676
2162,-0.0028942644686952,-0.007881053904101543,-0.012719648258282916,-0.01267530982992427
2163,-0.0040967712842711,-0.006183041027262144,-0.01034627237127174,-0.008204144663977151
2164,-0.006524270088978,-0.011265452237294792,-0.010105461471317204,-0.008607150510093059
2165,-0.008429539662712149,-0.011777460701494994,-0.010701873295239517,-0.008998236379863488
2166,0.0,-0.011553987051574899,-0.013081035101626531,-0.004893303433668547
2167,-0.01161939252752715,-0.014837111113336462,-0.012855528312466755,-0.010311260603637032
2168,-0.0088006674500482,-0.009756007994335392,-0.013286551978114458,-0.006609381719695204
2169,-0.00772738288623365,-0.008139765948013494,-0.012316697240350024,-0.01278704870455678
2170,-0.0017407740634752,-0.010260242290792816,-0.01383508478924529,-0.008647990475847134
2171,-0.00821170518015765,-0.00856498477430049,-0.01519025863842044,-0.012358375420875348
2172,-0.0056720741972019,-0.005629020427070107,-0.012855528312466755,-0.005997809725735256
2173,-0.00440835663777265,-0.007651960780046305,-0.010701873295239517,-0.005546487747145641
2174,0.0,-0.015320398004773028,-0.012435208937830934,-0.0018837409671878802
2175,-0.00435613760583565,-0.01340327261544983,-0.010752482283841958,-0.009047533088800519
2176,-0.0094761504825895,-0.011265452237294792,-0.011721640338380404,-0.01110303696569107
2177,-0.0030149356196793,-0.009965639782464439,-0.011059552445154025,-0.009218635160959755
2178,-0.0131427401949481,-0.005217477221473754,-0.010300900560138864,-0.008974608391336326
2179,-0.0008011664261663,-0.01051828703703703,-0.008543424561955271,-0.010524946348776196
2180,0.0,-0.0049260284680743595,-0.011595564158905256,-0.015309291563369538
2181,-0.0031708456977227,-0.00679990316862536,-0.01315960258392732,-0.008815934809000732
2182,-0.0063250945700606,-0.007185567973036014,-0.01327601508098934,-0.016642107550991735
2183,-0.01595866013406145,-0.008402729393850103,-0.016670841067977008,-0.004991939379466098
2184,-0.00947021089982125,-0.012927004811181184,-0.013084987136467788,-0.009141459338820546
2185,-0.004763030966239449,-0.013421768283892604,-0.010800156886114007,-0.010924806039638527
2186,-0.012383359711811051,-0.013514995712696404,-0.009926051902242376,-0.011031964823071169
2187,-0.012383359711811051,-0.013514995712696404,-0.010995752115274681,-0.010602787788341197
2188,-0.01170672471329485,-0.005079326945045561,-0.012882818379663971,-0.006920819822157134
2189,-0.00870231133389025,-0.004474836733068624,-0.01684969277740285,-0.0110576556014262
2190,-0.0039341082712543,-0.013097546931679546,-0.015155964420712945,-0.005633118891895689
2191,0.0,-0.011451087233439667,-0.013057509382340259,-0.005497177301177124
2192,-0.0063250945700606,-0.011993247728927025,-0.011059552445154025,-0.011238379660827514
2193,-0.01054368379772895,-0.00516591669538536,-0.012170857411212915,-0.0014704670364105096
2194,-0.00917406460073285,-0.006640120152075822,-0.011978569676472544,-0.011993247728927025
2195,-0.01098412015494215,-0.00793448821823678,-0.014153056692664943,-0.012427317147766369
2196,-0.0125414268271411,-0.009156068506534089,-0.013104828328843965,-0.01218266703187966
2197,-0.0090193925050674,-0.009936372446450445,-0.01053277949146369,-0.011993247728927025
2198,-0.0124280481423337,-0.006879222922469591,-0.01756442368341159,-0.0035520624454784544
2199,-0.0081705469325868,-0.004474836733068624,-0.014153056692664943,-0.018598329898700444
2200,-0.0055186667042923495,-0.013514995712696404,-0.0062294915274441025,-0.007552383253470789
2201,-0.0121881378267573,-0.0021303787664979368,-0.0150142668206515,-0.007509308868209316
2202,-0.0022582922894832,-0.008199413695437297,-0.010874687782293857,-0.005719750036645738
2203,-0.0041924379724646,-0.014647596454086653,-0.00835012086944082,-0.011291873101282882
2204,-0.0088006674500482,-0.011557523851168743,-0.012571449954328316,-0.014221861066274988
2205,-0.000389995974235,-0.011918068211948823,-0.010739261841577488,-0.010224570624160115
2206,-0.00827773756653395,-0.011265452237294792,-0.018215925069705013,-0.01496154733153523
2207,-0.0088006674500482,-0.010602787788341197,-0.005156384390643649,-0.0036323529411764754
2208,-0.01153053780819315,-0.007322900100791195,-0.0137437529456204,-0.008813962350952144
2209,-0.0090628463220459,-0.009776685217785953,-0.007150390082763275,-0.006071428571428603
2210,-0.01267402639723465,-0.010311260603637032,-0.008433382651624341,-0.006645641721983335
2211,-0.0022814652957084,-0.010130689909380049,-0.01386370718752063,-0.011843101651469703
2212,-0.00379620396994555,-0.012126860351151646,-0.010107266431101498,-0.009700972565726381
2213,-0.0102336606050619,-0.005601063700155888,-0.008631878579401203,-0.0033522266471789977
2214,-0.0063051832545995,-0.01298381109071738,-0.010701873295239517,-0.012399030106549047
2215,-0.01183281762527225,-0.010876284563771184,-0.012571449954328316,-0.012655395046257633
2216,-0.0144993894993895,-0.013333084470719951,-0.008433365082629762,-0.008313885360289933
2217,-0.0049663604215057,-0.007700777632161053,-0.014795324535963474,-0.0096354806320136
2218,-0.0135103791675405,-0.011993247728927025,-0.007311051395328276,-0.013269303699952833
2219,-0.0098678934287302,-0.0017218974608436965,-0.008512733138294896,-0.006815920802463377
2220,-0.01241672727336645,-0.008139765948013494,-0.009735131517274422,-0.006342064594356276
2221,0.0,-0.013541064265239922,-0.012343247270227573,-0.006737608861857817
2222,-0.008521127205708,-0.00909795772632111,-0.010589688913120402,-0.010051684547303742
2223,-0.01112927321579955,-0.0110576556014262,-0.01638537985748697,-0.011151558441558414
2224,-0.008429539662712149,-0.008951126051071862,-0.007534442427441598,-0.0049260284680743595
2225,-0.0039528276114929,-0.004449037497995856,-0.014697033202219524,-0.005719750036645738
2226,-0.009930822117595,-0.005997809725735256,-0.012882818379663971,-0.00645102438849959
2227,-0.0106425256867832,-0.010220600122981097,-0.011200121614948773,-0.008259986449287385
2228,-0.010352639758651,-0.008157280408164186,-0.013084987136467788,-0.006161192956511434
2229,-0.0017390584179799,-0.009756007994335392,-0.013081035101626531,-0.007141015223366411
2230,-0.0122685185185185,-0.013269303699952833,-0.016103022604330445,-0.016316724338503622
2231,-0.0040773765646609,-0.010364110367297452,-0.013230788611740991,-0.010130689909380049
2232,-0.0068245384743701,-0.011265452237294792,-0.008910112705385251,-0.011993247728927025
2233,-0.009842716589730752,-0.005608851652051295,-0.014576751032023116,-0.0144146000776939
2234,-0.0090091286012307,-0.00785693136332511,-0.01053277949146369,-0.01110303696569107
2235,-0.0041682513315599,-0.010602787788341197,-0.010701873295239517,-0.008199413695437297
2236,-0.0096401232005488,-0.012126860351151646,-0.014425304578454933,-0.010876284563771184
2237,-0.01025968002101325,-0.006130302677268826,-0.012882818379663971,-0.006815920802463377
2238,-0.0124988400382219,-0.010355102303223545,-0.015703672652592877,-0.013437501205529796
2239,-0.0023025084734484497,-0.015737466611630738,-0.009065634727769833,-0.005339581714581716
2240,-0.0091750942945997,-0.012512532405865785,-0.012575290054291276,-0.014948196499549884
2241,-0.00353122991895965,-0.013437501205529796,-0.010453599806594688,-0.0071889279583331675
2242,-0.0031625472850303,-0.011065120699362996,-0.010739261841577488,-0.0023987757502086614
2243,-0.01197077720281315,-0.009924331458065455,-0.01428505483920059,-0.010524946348776196
2244,-0.0060353248018778,-0.00622729287841485,-0.013138590632813862,-0.006371185952941311
2245,-0.0107988142106782,-0.013233667225378208,-0.01386370718752063,-0.012410005935152159
2246,-0.006031350258083049,-0.010843738837068016,-0.009214971080545063,-0.008808364080796188
2247,-0.00532268761700945,-0.003786395026206006,-0.003697985891133142,-0.008727240154750876
2248,-0.00687758138071325,-0.010882896049395352,-0.0076877094775597565,-0.010797431321770821
2249,-0.004210892232762799,-0.012310606060606018,-0.021000392296350357,-0.013233667225378208
2250,-0.00502161217979165,-0.012377201706496345,-0.009926051902242376,-0.01051828703703703
2251,-0.01126684166286325,-0.007552383253470789,-0.010701873295239517,-0.010508002393400512
2252,-0.011956700735117998,-0.0161697147287969,-0.012608763702184778,-0.005582395807201712
2253,0.0,-0.005546400392830941,-0.010701873295239517,-0.013468491987886721
2254,-0.0096317053037328,-0.011265452237294792,-0.016048051985789177,-0.012965308701294864
2255,-0.0107988142106782,-0.009497400482197335,-0.010701873295239517,-0.013891822991822955
2256,-0.0046646748500815,-0.0110576556014262,-0.008383532334524404,-0.005744180177707246
2257,-0.012383359711811051,-0.011209045584045584,-0.008618733946117299,-0.011918068211948823
2258,-0.0041949860131678,-0.008590720987937471,-0.011458286092214658,-0.006815920802463377
2259,-0.0056742991932311,-0.011291873101282882,-0.017784351660463764,-0.010876284563771184
2260,-0.01119374179599555,-0.00846215777022355,-0.010701873295239517,-0.006511058439301401
2261,-0.007816813005914549,-0.005578135356706815,-0.010665116669204219,-0.005546487747145641
2262,-0.0179435886345487,-0.004078640204082093,-0.011191753798622563,-0.004127250696145085
2263,-0.0035649951229607497,-0.0083395130183639,-0.010701873295239517,-0.011980089355089343
2264,-0.0051343636869952,-0.0119111667763825,-0.006466198273927063,-0.0119111667763825
2265,-0.01078473774298305,-0.007023525276817648,-0.009926051902242376,-0.011265452237294792
2266,-0.0112163862521193,-0.010119882198998238,-0.01578108728719052,-0.012538149828868597
2267,-0.0026769504097935,-0.005997809725735256,-0.01858855822303221,-0.004078640204082093
2268,-0.0060353248018778,-0.00996719591585488,-0.009981481481481477,-0.013264890786682512
2269,-0.0124574896600844,-0.007361338836245287,-0.011978569676472544,-0.007967872079545857
2270,-0.0027648264263273,-0.011240572794844784,-0.013058565780740132,-0.01016699664815704
2271,-0.0023898164857300997,-0.007047406312123038,-0.0035828495402799414,-0.0027686620181753933
2272,-0.00773764679007035,-0.009497400482197335,-0.009390498792033481,-0.008637583323057793
2273,-0.0046646748500815,-0.008008544788351862,-0.009709445416115653,-0.008951126051071862
2274,-0.0026769504097935,-0.00989199731863925,-0.00795808034958757,-0.006815920802463377
2275,-0.0039513869622124,-0.009700972565726381,-0.010701873295239517,-0.013029833245226621
2276,-0.0040010622350588505,-0.00909795772632111,-0.008758783384080121,-0.007141015223366411
2277,-0.0055186667042923495,-0.008906456375004444,-0.012233227867957431,-0.006174286590414184
2278,-0.0075900445964661,-0.004737426747706865,-0.010701873295239517,-0.006455264550264562
2279,-0.00219161325591115,-0.01294083134750475,-0.016047259354898806,-0.003932325518829067
2280,-0.0064538017936231,-0.00515660278704224,-0.01052106439240727,-0.009977102598735282
2281,-0.0118988019028016,-0.010364110367297452,-0.009315729482451185,-0.009156068506534089
2282,-0.0112437795854236,-0.0065474208698129074,-0.010385297719442186,-0.004127250696145085
2283,-0.0061302023707215,-0.006920819822157134,-0.013397062289562278,-0.013047587416620918
2284,-0.008521127205708,-0.007464111409650628,-0.013176041666666638,-0.01051828703703703
2285,-0.00034981585226675,-0.008317338515946767,-0.013388428054851619,-0.00996719591585488
2286,-0.0063981994100258,-0.007052722529564889,-0.010250038422996885,-0.012410005935152159
2287,-0.0090628463220459,-0.013062113239567663,-0.010503489885634876,-0.0075778149944777246
2288,-0.0043672907042167,-0.013976443062595979,-0.009987606274155299,-0.012377201706496345
2289,-0.01182302877555795,-0.014706093531688792,-0.018369245212410703,-0.006815920802463377
2290,-0.0051343636869952,-0.007967872079545857,-0.013286551978114458,-0.013817892156862747
2291,-0.0109279550600196,-0.010439595512261557,-0.01280743646065257,-0.016316724338503622
2292,-0.0099199770408283,-0.007993723653108858,-0.013974274759723921,-0.01129252481376207
2293,-0.0050816897071932,-0.010797431321770821,-0.01684969277740285,-0.011265452237294792
2294,-0.01110542355813315,-0.006706444436907039,-0.010752482283841958,-0.008815934809000732
2295,-0.0085514702355582,-0.01278704870455678,-0.012608763702184778,-0.007116081982155516
2296,-0.0040349971165494,-0.0037441925913631706,-0.01428505483920059,-0.006815920802463377
2297,-0.0068918735585401,-0.010364110367297452,-0.013230788611740991,-0.009368401621175249
2298,-0.002479674895297,-0.00758486503992245,-0.0062294915274441025,-0.004474836733068624
2299,-0.010413579021082899,-0.01113931540774176,-0.008543424561955271,-0.012358375420875348
2300,-0.00517034109529295,-0.008808364080796188,-0.013138590632813862,-0.008011768324268326
2301,-0.00929316861839155,-0.006452554752578251,-0.0125084580380633,-0.008842594242234322
2302,-0.01098412015494215,-0.010267676767676766,-0.013732202252743478,-0.014524456829627646
2303,-0.0124574896600844,-0.005578135356706815,-0.012571449954328316,-0.009315755735198581
2304,-0.005309141716300449,-0.005079326945045561,-0.005675471274981974,-0.011843101651469703
2305,-0.00563201480753505,-0.007417203387598048,-0.012740715180640877,-0.012427317147766369
2306,-0.0130055073534808,-0.016526054104625404,-0.008987407320970399,-0.012538149828868597
2307,-0.0123416026456103,-0.011843101651469703,-0.010526323449607758,-0.00515660278704224
2308,-0.0047056709518095,-0.01224663654624284,-0.018212424891567887,-0.01496154733153523
2309,-0.0084949751341739,-0.00787678245164658,-0.01338698506484338,-0.007803612218240074
2310,-0.0100048925356712,-0.013909218963906463,-0.011088413341312154,-0.010843738837068016
2311,-0.01280674321045085,-0.008815934809000732,-0.012571449954328316,-0.01340327261544983
2312,-0.0016907925961081,-0.00793263169663315,-0.0159296768696456,-0.008293901963277093
2313,-0.01003810952085725,-0.009651760101360762,-0.010645360604307964,-0.006635500157200564
2314,-0.0020981200597611,-0.011204435556835826,-0.01255147287559622,-0.005633118891895689
2315,-0.00246267085035195,-0.0017218974608436965,-0.015885673118470105,-0.00793448821823678
2316,-0.0038957487804936004,-0.007816669761729277,-0.011920927354616568,-0.011238379660827514
2317,-0.005309141716300449,-0.0027104802322163273,-0.014425304578454933,-0.001729400307926121
2318,-0.0036485198399662504,-0.009700972565726381,-0.011323820490097234,-0.005608851652051295
2319,0.0,-0.010224629458886983,-0.011687723161976356,-0.011291873101282882
2320,-0.007874906590338349,-0.013737062492394106,-0.0149099239825884,-0.011419691525812362
2321,-0.0027648264263273,-0.008813962350952144,-0.014576751032023116,-0.010917501259763169
2322,-0.0052849109620655,-0.013179731842231843,-0.016997303382470817,-0.011370292019381528
2323,-0.0052287048131923,-0.011843101651469703,-0.008695330981740662,-0.006137217416076299
2324,-0.0028287995644212,-0.005507008099566561,-0.014172000330231634,-0.011964322815477199
2325,-0.0092156989706278,-0.009982760396255279,-0.010701873295239517,-0.009936372446450445
2326,-0.0055186667042923495,-0.00856498477430049,-0.008534722944755022,-0.014521160534261529
2327,-0.00177203008712235,-0.0037840779753747435,-0.008614052177078897,-0.005542586027082484
2328,-0.003519366266059,-0.015333622688754087,-0.010701873295239517,-0.006920819822157134
2329,-0.0066351565467016,-0.005578135356706815,-0.009042116264993322,-0.011912013822031242
2330,-0.0006017073092370994,-0.007785551595670664,-0.010060441805203225,-0.009074558338804713
2331,-0.00341824561402205,-0.009784624139016568,-0.007439106633270026,-0.01394641872204179
2332,-0.005861606233483051,-0.008637583323057793,-0.013343854618508635,-0.004688228438228439
2333,-0.0053310759193111,-0.012799679435449796,-0.01136339862239049,-0.008647990475847134
2334,-0.0106453752340189,-0.014261143969831736,-0.01075794171715224,-0.0034859468496794555
2335,-0.00507829069038625,-0.005419539567001752,-0.006466198273927063,-0.004243351665261352
2336,-0.0060547247182178,-0.009700972565726381,-0.012882818379663971,-0.004888554050116567
2337,-0.0079536116372834,-0.0035520624454784544,-0.013839477021888454,-0.006161192956511434
2338,-0.010621334329161,-0.009784624139016568,-0.008066919117813782,-0.011952777591610543
2339,-0.0107925570978678,-0.010267676767676766,-0.013021897648592174,-0.009823515288090515
2340,-0.00066547241792325,-0.007552383253470789,-0.010701873295239517,-0.012648982509970826
2341,-0.0106348814229249,-0.015207181182210618,-0.011156771743676505,-0.010364110367297452
2342,-0.00551259691630615,-0.007357599220366044,-0.012719648258282916,-0.013898084780365211
2343,-0.0008505187570479,-0.007047406312123038,-0.008987407320970399,-0.0052772814111144845
2344,-0.012796419744558,-0.012799679435449796,-0.010069302000248706,-0.01298381109071738
2345,-0.0107856704370571,-0.004747588807195502,-0.012608763702184778,-0.013817892156862747
2346,-0.006524270088978,-0.004886347857321213,-0.017118003276952884,-0.008199413695437297
2347,-0.0077560155454622,-0.0020642888656552637,-0.010198257006151762,-0.011880114488131505
2348,-0.0030122114168308,-0.014158892537157521,-0.011528189989771325,-0.010220600122981097
2349,-0.0074105927868749494,-0.00399800031321388,-0.0104395332511904,-0.008647990475847134
2350,0.0,-0.005340833987701021,-0.011875627465109662,-0.011033867824393202
2351,-0.0109594236592194,-0.013269303699952833,-0.010701873295239517,-0.006793798588365572
2352,-0.006579808803158499,-0.009936372446450445,-0.012343247270227573,-0.011470744533341142
2353,-0.0008446935616448,-0.008402729393850103,-0.012044985199461388,-0.00463642886733661
2354,-0.0054380384749405,-0.011470744533341142,-0.011794964982806098,-0.008157280408164186
2355,-0.0028357926042495,-0.00645102438849959,-0.009214971080545063,-0.012776981403733952
2356,-0.0004364591382434,-0.005054244799056945,-0.015848617851384198,-0.008043956043956062
2357,-0.01027381241445245,-0.006815920802463377,-0.01052106439240727,-0.006920819822157134
2358,-0.012292988548330351,-0.007166317139874503,-0.006466198273927063,-0.008974608391336326
2359,-0.01241672727336645,-0.005887049291745022,-0.012571449954328316,-0.010602787788341197
2360,-0.00966905346750005,-0.00474769212494891,-0.009237247406818116,-0.015320398004773028
2361,-0.00779217923518785,-0.01145105548845523,-0.013230788611740991,-0.008864084803434757
2362,-0.0088006674500482,-0.00580529600704598,-0.01341807472150875,-0.005079326945045561
2363,-0.0017390584179799,-0.006727581438454047,-0.008910112705385251,-0.007366385702745767
2364,-0.0106150850969576,-0.011902777777777769,-0.01341807472150875,-0.01016699664815704
2365,-0.00909004580917455,-0.005601063700155888,-0.013230788611740991,-0.006920819822157134
2366,-0.0039579706632636,-0.011330050536250406,-0.010436913985103475,-0.010882896049395352
2367,-0.00967459438159835,-0.014940595056717226,-0.014943214563691552,-0.008616633342219855
2368,-0.0042714361028425,-0.007464111409650628,-0.016674418146156132,-0.01414009350149958
2369,-0.01027381241445245,-0.009780564895628285,-0.016217485724152374,-0.012865026124146832
2370,-0.00733467389471345,-0.011571077479777224,-0.012343247270227573,-0.009497400482197335
2371,0.0,-0.011265452237294792,-0.011458286092214658,-0.010625956935480754
2372,-0.0004586779785046842,-0.0075778149944777246,-0.005098190025790767,-0.013389827477445623
2373,0.0,-0.010854884062096753,-0.012602199887277602,-0.009156068506534089
2374,-0.0107206699487307,-0.0075778149944777246,-0.009926051902242376,-0.00622729287841485
2375,-0.0052287048131923,-0.014521160534261529,-0.005194471902624643,-0.007980653416461125
2376,0.0,-0.00909795772632111,-0.010300900560138864,-0.01699539017230992
2377,-0.0070262523754896,-0.010629860364808475,-0.013807408749263683,-0.012078839971048165
2378,-0.0120491887214185,-0.0049260284680743595,-0.014662580457654248,-0.01298381109071738
2379,-0.004210892232762799,-0.006452554752578251,-0.015834898440019455,-0.011987486971272263
2380,-0.0025045961477585,-0.011279003528573209,-0.010433917269440136,-0.0009945054945054883
2381,-0.0053310759193111,-0.0044560357715787355,-0.013006959706959705,-0.011330050536250406
2382,-0.008966075098778,-0.00680192793244329,-0.010874687782293857,-0.015737466611630738
2383,-0.0137254901960784,-0.010740420498788754,-0.016997303382470817,-0.008429945426478397
2384,-0.0058735425435699,-0.016473975835226213,-0.014277435767602726,-0.007047406312123038
2385,-0.0039528276114929,-0.0043713960043925155,-0.013058565780740132,-0.010797431321770821
2386,-0.0041949860131678,-0.008637583323057793,-0.012575290054291276,-0.008906456375004444
2387,-0.0046646748500815,-0.00856498477430049,-0.01810992367921903,-0.011254716315453446
2388,-0.01078501606663655,-0.006920819822157134,-0.011725092661077607,-0.011400482130672088
2389,-0.0043619604618319995,-0.005555240088970043,-0.006680971390166013,-0.005192865675646845
2390,-0.00457762578591175,-0.0119111667763825,-0.0093579106132207,-0.012512532405865785
2391,-0.0046646748500815,-0.01113931540774176,-0.008197294149402484,-0.005521788847004033
2392,-0.0039528276114929,-0.007700777632161053,-0.013104828328843965,-0.012063770538146754
2393,-0.0068918735585401,-0.010531483131530125,-0.012571449954328316,-0.010364110367297452
2394,0.0,-0.012538149828868597,-0.014383453806590861,-0.006645641721983335
2395,-0.0045364018036704,-0.011952777591610543,-0.009315729482451185,-0.008043956043956062
2396,-0.0083588360390515,-0.009784624139016568,-0.015090842367187064,-0.016158243312615478
2397,-0.0002183828076685,-0.010051684547303742,-0.009634726086503901,-0.010386694009908565
2398,-0.01078501606663655,-0.006637243839825901,-0.005309622741546671,-0.01110303696569107
2399,-0.0079630331475008,-0.011370292019381528,-0.01162520202841814,-0.012407024493032172
2400,-0.0039341082712543,-0.010499300920440196,-0.007311051395328276,-0.010220600122981097
2401,-0.01125346696269495,-0.004551644523502631,-0.007602470530120227,-0.008237765867683298
2402,-0.0046646748500815,-0.007881053904101543,-0.012583016076017011,-0.012427317147766369
2403,-0.01170672471329485,-0.014190965502383884,-0.013230788611740991,-0.008262307567758326
2404,-0.00809883456975005,-0.016955100896446765,-0.007822869758815396,-0.008774814842877305
2405,-0.00221586793333085,-0.01145105548845523,-0.012608763702184778,-0.011470744533341142
2406,-0.01259993574117475,-0.013222311314457178,-0.006714878863835352,-0.01340327261544983
2407,-0.005861606233483051,-0.005179435063378347,-0.006929874744591783,-0.012900784157363107
2408,-0.0122685185185185,-0.00787678245164658,-0.007327380131896988,-0.009952815385615519
2409,-0.0055186667042923495,-0.009497400482197335,-0.006675219083709036,-0.009141459338820546
2410,-0.0125707983355976,-0.006949953347513613,-0.009387360821607838,-0.007695296241535895
2411,-0.00740651620433275,-0.01056128041488676,-0.018095564961220043,-0.01452371001205748
2412,-0.00899863884414875,-0.018946405600094134,-0.013329762659326776,-0.010260242290792816
2413,-0.0098210544901722,-0.013976443062595979,-0.011875627465109662,-0.004538904634230179
2414,-0.0017407740634752,-0.01051828703703703,-0.011875627465109662,-0.013437501205529796
2415,-0.003947765091964451,-0.013986004275747959,-0.009699285545210672,-0.008060887541727166
2416,-0.0034404897385329498,-0.006817919037082193,-0.014547832459894813,-0.004621197707462478
2417,-0.0091094033016146,-0.007185567973036014,-0.008343817082388509,-0.0050126596128244084
2418,-0.0112163862521193,-0.006456776031094444,-0.008383532334524404,-0.007785551595670664
2419,-0.0060353248018778,-0.016762536341320716,-0.01053277949146369,-0.014489366881502153
2420,-0.0068582060164551,-0.007980653416461125,-0.013081035101626531,-0.010258657206305463
2421,-0.0064538017936231,-0.011007346441897173,-0.008305311355311353,-0.012865026124146832
2422,-0.004449580620014,-0.004888554050116567,-0.01315960258392732,-0.007391816154389268
2423,-0.00967459438159835,-0.006737213403880032,-0.014425304578454933,-0.010106402696260286
2424,-0.0089567792840897,-0.014261143969831736,-0.002915032679738562,-0.012648982509970826
2425,-0.008162769335693949,-0.011931255395319904,-0.00939719058405927,-0.010364110367297452
2426,0.0,-0.011993247728927025,-0.010874687782293857,-0.005719750036645738
2427,-0.00948000372284115,-0.0024793022764255934,-0.007052529305573161,-0.011279003528573209
2428,-0.00920459748584735,-0.0043363714417636095,-0.008614052177078897,-0.01143218776100735
2429,-0.0017390584179799,-0.005687917481645936,-0.01338698506484338,-0.011279003528573209
2430,-0.01080239944661915,-0.009651760101360762,-0.01052106439240727,-0.014094832614113748
2431,-0.011504817444219,-0.00582943457046093,-0.007534442427441598,-0.014532033280110213
2432,-0.0121881378267573,-0.01363859260293078,-0.010589688913120402,-0.012063770538146754
2433,-0.002675399348692,-0.011865788819290943,-0.010745763152350572,-0.01363859260293078
2434,-0.0088239108009233,-0.006920819822157134,-0.011200121614948773,-0.010051684547303742
2435,-0.0079027739244248,-0.00758486503992245,-0.005465805082938192,-0.006143058655322546
2436,-0.01595866013406145,-0.01051828703703703,-0.009192446702049682,-0.005179435063378347
2437,-0.01329277180481585,-0.013029833245226621,-0.010436913985103475,-0.010311260603637032
2438,-0.0133436348218105,-0.009431067836051878,-0.007794150756346986,-0.005973078137513074
2439,-0.0060353248018778,-0.008060887541727166,-0.010817444686493432,-0.010364110367297452
2440,-0.0134430787611898,-0.009047533088800519,-0.013058565780740132,-0.013487923136229126
2441,0.0,-0.004747588807195502,-0.0092199181271692,-0.006352813801172516
2442,-0.0060353248018778,-0.008808364080796188,-0.008895032051282115,-0.0043363714417636095
2443,-0.0112961596086264,-0.005755859880859887,-0.01472818614969874,-0.004902290043289986
2444,-0.00523271980315315,-0.010843738837068016,-0.01315960258392732,-0.01069805363771864
2445,-0.004623805520222251,-0.011724664790421991,-0.015848617851384198,-0.012927004811181184
2446,-0.0074505733434452005,-0.015450514939605798,-0.012262893918267622,-0.004394477864109358
2447,-0.0099406149406149,-0.0026231762575206277,-0.009670522504363652,-0.006456776031094444
2448,-0.00842977660425725,-0.007700777632161053,-0.015882239050335843,-0.012655395046257633
2449,-0.0120491887214185,-0.003781545598158048,-0.018696263114769598,-0.005339581714581716
2450,-0.0040349971165494,-0.00909795772632111,-0.012512898468725426,-0.008689016916640223
2451,-0.0061670871904789,-0.003379031656730539,-0.009192446702049682,-0.0028121530732422772
2452,-0.0080616169390889,-0.007417203387598048,-0.016607040146150158,-0.010082115483140523
2453,-0.005032005032005,-0.012427317147766369,-0.009141665088749383,-0.00775139881953254
2454,-0.011504817444219,-0.005339581714581716,-0.010817444686493432,-0.003187727189683791
2455,-0.0003591340956932,-0.0035520624454784544,-0.0068026838319905705,-0.013909218963906463
2456,-0.0053310759193111,-0.014902771170628326,-0.013176041666666638,-0.008607150510093059
2457,-0.0059494009514008,-0.006511058439301401,-0.012027260312523911,-0.009977102598735282
2458,-0.00516255933360165,-0.004828169419786518,-0.017806093980450147,-0.010602787788341197
2459,-0.0077637845093280495,-0.01069805363771864,-0.012575290054291276,-0.005687917481645936
2460,-0.00958020145893395,-0.012427317147766369,-0.019276845368678873,-0.0050126596128244084
2461,-0.010416967917876701,-0.01527790641897786,-0.010809361649955426,-0.017482160006885406
2462,-0.00523271980315315,-0.012865026124146832,-0.005475858334558487,-0.012427317147766369
2463,-0.0125414268271411,-0.014948196499549884,-0.015826935730795078,-0.012332971471867854
2464,-0.0062523334472551,-0.005087645795450013,-0.012608763702184778,-0.0038744437284593883
2465,-0.00889499294985065,-0.007552383253470789,-0.01828192714356011,-0.015309291563369538
2466,-0.0071723280342585,-0.006174286590414184,-0.015846896126306548,-0.0047854445993526645
2467,-0.0071723280342585,-0.007047406312123038,-0.010453599806594688,-0.009651760101360762
2468,-0.01288375648505375,-0.011265452237294792,-0.012599107232986333,-0.011291873101282882
2469,-0.01003810952085725,-0.00793263169663315,-0.012571449954328316,-0.010854884062096753
2470,-0.0127148406680572,-0.009936372446450445,-0.010701873295239517,-0.004127250696145085
2471,-0.0068303677012791,-0.011814323037731108,-0.008987407320970399,-0.016545130759213225
2472,-0.0113633868181418,-0.014364057883618248,-0.011156771743676505,-0.011264860007964547
2473,-0.0068648418082776,-0.00961699798912146,-0.008057098265002692,-0.00680192793244329
2474,-0.00277891293156945,-0.007552383253470789,-0.010105461471317204,-0.006835184601090921
2475,-0.0134812171372189,-0.006637243839825901,-0.013926998775993099,-0.0056471884780287356
2476,-0.01072052659669535,-0.006949953347513613,-0.012606553243465053,-0.01145105548845523
2477,-0.0074105927868749494,-0.010355102303223545,-0.014307828692528427,-0.008199413695437297
2478,-0.008966075098778,-0.005719750036645738,-0.007741504722986209,-0.009700972565726381
2479,-0.00967459438159835,-0.01414319655583389,-0.010701873295239517,-0.007663967195908752
2480,-0.0029824011368395,-0.008857526556932532,-0.01638537985748697,-0.0049260284680743595
2481,-0.0112385911202444,-0.010355102303223545,-0.008932698376947476,-0.009784624139016568
2482,-0.0034315789803976504,-0.005939343899406599,-0.010436913985103475,-0.010876284563771184
2483,-0.0012496604504677,-0.0035520624454784544,-0.007735920911558503,-0.00325823545885541
2484,-0.0039579706632636,-0.009570889198705329,-0.010052215287066069,-0.00910903930315644
2485,-0.0027123036468067498,-0.00961699798912146,-0.0163510092775642,-0.01016699664815704
2486,-0.0101171729681972,-0.00721399136447386,-0.012578311008124544,-0.006436647727835249
2487,-0.01126684166286325,-0.013667913051466505,-0.007534442427441598,-0.009651760101360762
2488,-0.01002850208201995,-0.01218266703187966,-0.007180478620228858,-0.010364110367297452
2489,-0.0042535331339657,-0.01527790641897786,-0.014307828692528427,-0.009156068506534089
2490,-0.0111045667295667,-0.007980653416461125,-0.010701873295239517,-0.014261143969831736
2491,-0.014830226995709751,-0.004991939379466098,-0.00993098607152595,-0.009700972565726381
2492,-0.0031625472850303,-0.008060887541727166,-0.019060018150793848,-0.006130302677268826
2493,-0.0098376010386716,-0.00815608080478621,-0.009670522504363652,-0.007141015223366411
2494,-0.01031670632017,-0.011918068211948823,-0.01052106439240727,-0.01585318627450978
2495,-0.0112961596086264,-0.00846215777022355,-0.014383453806590861,-0.013737062492394106
2496,-0.0080616169390889,-0.010524946348776196,-0.010078909616266792,-0.004846815051552225
2497,-0.011388932646281,-0.01267530982992427,-0.009026721322653492,-0.014902771170628326
2498,-0.0073758978769548,-0.012413173627157707,-0.01468131868131868,-0.004078640204082093
2499,-0.006524270088978,-0.011265452237294792,-0.0035414498207180165,-0.009936372446450445
2500,-0.0085854648102469,-0.01170076558577083,-0.010701873295239517,-0.012538149828868597
2501,-0.0054797307323138,-0.010531483131530125,-0.007311801110327466,-0.011330050536250406
2502,-0.007816813005914549,-0.005608851652051295,-0.010701873295239517,-0.003786395026206006
2503,-0.007693424346356999,-0.008815934809000732,-0.01498856745637135,-0.006737213403880032
2504,-0.0095005058963285,-0.005997809725735256,-0.013058565780740132,-0.008310315765616659
2505,-0.0068333468265336,-0.00996719591585488,-0.01045512679226189,-0.00622729287841485
2506,-0.0071900252423621,-0.012865026124146832,-0.01732855486095375,-0.0027686620181753933
2507,-0.00275699237480315,-0.008808364080796188,-0.003697985891133142,-0.003781545598158048
2508,-0.0080066516679024,-0.012865026124146832,-0.0134214478317754,-0.01224663654624284
2509,-0.0057402828705468,-0.00961699798912146,-0.015075593034416579,-0.01298381109071738
2510,-0.0080066516679024,-0.005179435063378347,-0.015384609571336142,-0.00758486503992245
2511,-0.0023898164857300997,-0.009362846966075635,-0.005659081270225956,-0.011007346441897173
2512,-0.0148760582751811,-0.009936372446450445,-0.008414535840663607,-0.009648297907952973
2513,-0.0065215121483298,-0.011557523851168743,-0.009214971080545063,-0.010192494767355623
2514,-0.0076887678400168,-0.004078640204082093,-0.01897939285082255,-0.009485932273432987
2515,-0.010419119319619051,-0.005555240088970043,-0.010800156886114007,-0.010364110367297452
2516,-0.0076267466424740004,-0.01129252481376207,-0.013839477021888454,-0.007390584723918047
2517,-0.01036658601924135,-0.007967872079545857,-0.010420078763828763,-0.011964322815477199
2518,-0.0161365397353792,-0.004078640204082093,-0.012438905620374648,-0.004902290043289986
2519,-0.0039889890742058,-0.013006829572250078,-0.012571449954328316,-0.006137217416076299
2520,-0.013651447768975651,-0.008695139023946717,-0.009313141796475126,-0.007390584723918047
2521,-0.0052103101622223,-0.014685178537973369,-0.008543424561955271,-0.012538149828868597
2522,-0.0122685185185185,-0.014902771170628326,-0.010877779605813341,-0.012865026124146832
2523,-0.0099210292945751,-0.010364110367297452,-0.005479712681006823,-0.006737213403880032
2524,-0.00415770021473895,-0.013318639671463933,-0.0137437529456204,-0.0042691326530611695
2525,-0.0027027576371812002,-0.005608851652051295,-0.013058565780740132,-0.01414319655583389
2526,-0.0010575891255999,-0.004063325608816035,-0.012882818379663971,-0.00795110067354939
2527,-0.0122702589807853,-0.014545389157424954,-0.01045512679226189,-0.009570889198705329
2528,-0.0146595263754253,-0.00679990316862536,-0.01052106439240727,-0.009763940973898691
2529,-0.00842977660425725,-0.013874059942859427,-0.008669471153846198,-0.006920819822157134
2530,-0.0023025084734484497,-0.012063770538146754,-0.0137437529456204,-0.005546487747145641
2531,-0.01080239944661915,-0.015532335115481521,-0.00865259121749469,-0.01224663654624284
2532,-0.0017883708218401498,-0.00679990316862536,-0.011458286092214658,-0.005546487747145641
2533,-0.0088006674500482,-0.007166317139874503,-0.01052106439240727,-0.006222518379410305
2534,-0.0026310846999963,-0.014647596454086653,-0.017530403702691905,-0.007116081982155516
2535,-0.0038269967906122,-0.01388695059682396,-0.006541895194153623,-0.013269303699952833
2536,-0.00532268761700945,-0.011264860007964547,-0.010453599806594688,-0.01044681685157876
2537,-0.01183281762527225,-0.011279003528573209,-0.01112087359059178,-0.009784624139016568
2538,-0.0040773765646609,-0.008647990475847134,-0.02225207612154051,-0.0025391648726340588
2539,-0.0119802553689678,-0.005578135356706815,-0.007055743652346489,-0.01278704870455678
2540,-0.0011969682781288,-0.011007346441897173,-0.014783773843086552,-0.011400482130672088
2541,-0.006031350258083049,-0.011997600240610761,-0.013014722728622325,-0.011400482130672088
2542,-0.00509682087809635,-0.009431067836051878,-0.010198257006151762,-0.005633118891895689
2543,-0.0034404897385329498,-0.007361338836245287,-0.01638537985748697,-0.01145105548845523
2544,-0.0082580883143771,-0.013817892156862747,-0.018010201114525906,-0.01462123042447701
2545,-0.00638733016983685,-0.009084282310016588,-0.008179903738093242,-0.007278337362605903
2546,-0.00563201480753505,-0.010470263851513856,-0.015170134207240131,-0.012400968771260635
2547,-0.009930822117595,-0.0011759981414687336,-0.0149099239825884,-0.006706444436907039
2548,-0.00646123396123395,-0.010740420498788754,-0.0051140376557357835,-0.00869834315954296
2549,-0.0132460692269965,-0.006100354463143481,-0.009799740530185192,-0.011470744533341142
2550,-0.008998864697394,-0.008815934809000732,-0.014795324535963474,-0.012512532405865785
2551,-0.0053310759193111,-0.008607150510093059,-0.012006639207553859,-0.003786395026206006
2552,-0.0051343636869952,-0.008429945426478397,-0.011615615004673174,-0.006815920802463377
2553,-0.00563201480753505,-0.014364057883618248,-0.010526323449607758,-0.0110576556014262
2554,-0.012090194942759,-0.007322900100791195,-0.006748957489698233,-0.01278704870455678
2555,-0.0039341082712543,-0.012648982509970826,-0.012608763702184778,-0.007417203387598048
2556,-0.0008505187570479,-0.0032325588388176507,-0.013058565780740132,-0.010499300920440196
2557,-0.00958020145893395,-0.00996719591585488,-0.009214971080545063,-0.014094832614113748
2558,-0.0076887678400168,-0.013976443062595979,-0.008718849064431454,-0.012938165687716621
2559,-0.006524270088978,-0.008429945426478397,-0.015113068289494769,-0.00793263169663315
2560,-0.00328165692851315,-0.010132992354683653,-0.014524234892659423,-0.009570889198705329
2561,-0.01098771822207825,-0.012427317147766369,-0.016782555995400586,-0.0027104802322163273
2562,-0.00341824561402205,-0.010882896049395352,-0.012719648258282916,-0.016955100896446765
2563,-0.0119802553689678,-0.0065703783654935,-0.0122512364224374,-0.014850505272857214
2564,-0.00736121854787705,-0.012400968771260635,-0.012343247270227573,-0.004888554050116567
2565,-0.0014174414984533502,-0.010592982954545471,-0.01263037042216011,-0.003632451044670559
2566,-0.00133095576400565,-0.010051684547303742,-0.015059063299526144,-0.00558414126582181
2567,-0.0043154761904761,-0.011031964823071169,-0.014393557199980476,-0.011502521270015064
2568,-0.0121881378267573,-0.004983968286481712,-0.009926051902242376,-0.014837111113336462
2569,-0.0171539695942979,-0.00815608080478621,-0.01045512679226189,-0.009315755735198581
2570,-0.0066980247222447,-0.006071428571428603,-0.014257781948374806,-0.011279003528573209
2571,-0.0107856704370571,-0.014948196499549884,-0.013313727035957162,-0.008402729393850103
2572,-0.00240327544013435,-0.007967872079545857,-0.01603470828810927,-0.005744180177707246
2573,-0.0029757164694958,-0.014300525576716086,-0.009926051902242376,-0.006452554752578251
2574,-0.0093602693602693,-0.014543300350443378,-0.006769325958303901,-0.012413173627157707
2575,-0.0026769504097935,-0.011862342925545517,-0.013971288826643323,-0.009321871914828972
2576,-0.0058585149355939,-0.010921257802186002,-0.01181290849332161,-0.012407024493032172
2577,-0.00909004580917455,-0.011265452237294792,-0.011088413341312154,-0.01727682132733606
2578,-0.00903839566351295,-0.011265452237294792,-0.013169076092187952,-0.001729400307926121
2579,-0.00842977660425725,-0.008808364080796188,-0.017806093980450147,-0.011560450926046361
2580,-0.0075039430428525495,-0.011964322815477199,-0.010250038422996885,-0.008293901963277093
2581,-0.00440835663777265,-0.008429945426478397,-0.015922321728892713,-0.010629860364808475
2582,-0.0124280481423337,-0.012381493069767067,-0.008609370408040495,-0.013680288719042139
2583,-0.00984303666549935,-0.00961699798912146,-0.009237247406818116,-0.0049260284680743595
2584,-0.0080616169390889,-0.004846815051552225,-0.012563832264756419,-0.00961699798912146
2585,-0.0073700112737683995,-0.007113547992225201,-0.009926051902242376,-0.006647550365079056
2586,-0.00277891293156945,-0.00508158871564221,-0.009926051902242376,-0.012063770538146754
2587,-0.00729159144221885,-0.005546487747145641,-0.00993110271616917,-0.005629020427070107
2588,-0.0134430787611898,-0.006637243839825901,-0.008266835037433792,-0.010355102303223545
2589,-0.0090628463220459,-0.004305569189003079,-0.008453894547092862,-0.0096354806320136
2590,-0.0003619398233759507,-0.01056128041488676,-0.010337214156239526,-0.0075778149944777246
2591,-0.0143177809844476,-0.008808364080796188,-0.013176041666666638,-0.013318639671463933
2592,-0.0016516802710362499,-0.010574026424081671,-0.012421678931570555,-0.011318846743453063
2593,-0.006524270088978,-0.004243351665261352,-0.010503489885634876,-0.011131824131384707
2594,-0.010621334329161,-0.00909795772632111,-0.009481451702874791,-0.007802261261165344
2595,-0.0014920402687606,-0.008647990475847134,-0.00844553934680281,-0.005608851652051295
2596,-0.0113633868181418,-0.008590720987937471,-0.013720651559866556,-0.0065266832158097626
2597,-0.00889499294985065,-0.010119882198998238,-0.01636083875052747,-0.009156068506534089
2598,-0.00527197674913025,-0.014627429021247694,-0.015384609571336142,-0.00869834315954296
2599,-0.002496025305264,-0.013817892156862747,-0.0038992648731805066,-0.012512532405865785
2600,-0.00687758138071325,-0.010843738837068016,-0.007679464972782789,-0.006920819822157134
2601,-0.0114068465466458,-0.00645102438849959,-0.006197597230912129,-0.012427317147766369
2602,-0.013826829703995,-0.00989199731863925,-0.008755176300987808,-0.013315878909895495
2603,-0.0060772358859671,-0.009936372446450445,-0.010526323449607758,-0.013744340393176159
2604,-0.0035649951229607497,-0.005192865675646845,-0.008609370408040495,-0.010876284563771184
2605,-0.0064850543181698,-0.008002578706175018,-0.012719648258282916,-0.0038744437284593883
2606,0.0,-0.011291873101282882,-0.01211504458612683,-0.011007346441897173
2607,-0.0020148289512778,-0.010843738837068016,-0.009926051902242376,-0.005838203544313311
2608,-0.0047056709518095,-0.007361338836245287,-0.010645360604307964,-0.013264890786682512
2609,-0.0071900252423621,-0.010224629458886983,-0.009573465416372823,-0.004394477864109358
2610,-0.0052287048131923,-0.013093400391314791,-0.013081035101626531,-0.01298381109071738
2611,-0.009621409332747001,-0.011007346441897173,-0.008758783384080121,-0.014190965502383884
2612,-0.0039889890742058,-0.009156068506534089,-0.013732202252743478,-0.0004990570833654992
2613,-0.0041682513315599,-0.00909795772632111,-0.013635504503419887,-0.009651760101360762
2614,-0.0055186667042923495,-0.013097546931679546,-0.016047259354898806,-0.010224629458886983
2615,-0.0105777064654938,-0.006174286590414184,-0.010809361649955426,-0.008043956043956062
2616,-0.005309141716300449,-0.01207307248999592,-0.006251115754305404,-0.013135841348176094
2617,-0.00936279391016125,-0.0037701235093195312,-0.013014722728622325,-0.010602787788341197
2618,-0.004449580620014,-0.0035520624454784544,-0.010069302000248706,-0.013013575630245897
2619,-0.005861606233483051,-0.013782482419863247,-0.016048051985789177,-0.01224663654624284
2620,-0.00440835663777265,-0.014627429021247694,-0.013006959706959705,-0.006949953347513613
2621,-0.00435613760583565,-0.005608851652051295,-0.012376481274551376,-0.006737213403880032
2622,-0.0065215121483298,-0.009823515288090515,-0.00865259121749469,-0.0065266832158097626
2623,-0.0088006674500482,-0.008607150510093059,-0.008414535840663607,-0.010364110367297452
2624,-0.0135655120996452,-0.008344289530026562,-0.014153056692664943,-0.010531483131530125
2625,-0.0071900252423621,-0.008313885360289933,-0.010665116669204219,-0.0030406009948474207
2626,-0.0016516802710362499,-0.005736734788018637,-0.010739261841577488,-0.005663305935819027
2627,-0.00899863884414875,-0.0035217246764962865,-0.004556358524877041,-0.00622886463844799
2628,0.0,-0.011553987051574899,-0.01840218839168368,-0.011031964823071169
2629,-0.0004586779785046842,-0.002897584161869915,-0.009676692190528404,-0.006455264550264562
2630,-0.0111307898432193,-0.010311260603637032,-0.012941089894813625,-0.007366385702745767
2631,-0.0051343636869952,-0.011557523851168743,-0.012548408384820853,-0.005521788847004033
2632,-0.0107706612752879,-0.006920819822157134,-0.010701873295239517,-0.010499300920440196
2633,-0.0040010622350588505,-0.005635552665517127,-0.012719648258282916,-0.010876284563771184
2634,-0.01126684166286325,-0.005400805757661602,-0.02169849982025257,-0.012927004811181184
2635,-0.0111581039591036,-0.00622886463844799,-0.01032639204545454,-0.009321871914828972
2636,-0.00842977660425725,-0.007216438264747705,-0.012608763702184778,-0.014215125473633669
2637,-0.0080616169390889,-0.015502311625911817,-0.010701873295239517,-0.011316656321619553
2638,-0.0055186667042923495,-0.013201043524483081,-0.007828323081167841,-0.012406144781144678
2639,-0.007830563537214,-0.005340833987701021,-0.010645360604307964,-0.008647990475847134
2640,-0.0030208333333333,-0.012078839971048165,-0.010420078763828763,-0.007651742877670997
2641,-0.0019841443800517,-0.005719750036645738,-0.011191753798622563,-0.00881542048637636
2642,0.0,-0.006957624323549516,-0.007348227676461962,-0.009497400482197335
2643,-0.0103430682283554,-0.015213978376798887,-0.012719648258282916,-0.0158141408295406
2644,-0.01003810952085725,-0.005736734788018637,-0.010052215287066069,-0.009141459338820546
2645,-0.0187424709145621,-0.012413173627157707,-0.012773415969820892,-0.003786395026206006
2646,-0.0117516967569653,-0.005054244799056945,-0.013169076092187952,-0.0119111667763825
2647,-0.0107265703387327,-0.009756007994335392,-0.013329762659326776,-0.0042977325740441025
2648,-0.0111895963336358,-0.006815920802463377,-0.0069132706677092134,-0.002736496913580244
2649,-0.0098210544901722,-0.006436647727835249,-0.011101617770358754,-0.008695139023946717
2650,-0.004763030966239449,-0.005719750036645738,-0.008453894547092862,-0.0065512002773011405
2651,-0.0122685185185185,-0.009776685217785953,-0.01408550934973967,-0.011227735592540877
2652,-0.0075169290472598994,-0.00961699798912146,-0.012728426227214103,-0.004849269165852852
2653,-0.0073507193605232,-0.009141459338820546,-0.01181290849332161,-0.0054091617518304234
2654,0.0,-0.012382535830085264,-0.013329762659326776,-0.010843738837068016
2655,-0.0090628463220459,-0.011912013822031242,-0.011039101986546949,-0.002736496913580244
2656,-0.0008011664261663,-0.012865026124146832,-0.010701873295239517,-0.014017186431469077
2657,-0.0079630331475008,-0.012063770538146754,-0.009926051902242376,-0.008402729393850103
2658,-0.01054368379772895,-0.007141015223366411,-0.008662597518191793,-0.006143058655322546
2659,-0.0052287048131923,-0.0119111667763825,-0.010198257006151762,-0.010364110367297452
2660,-0.0068582060164551,-0.005102882375952092,-0.006664166666666679,-0.00996719591585488
2661,-0.00246267085035195,-0.008293901963277093,-0.012075101470122106,-0.0119111667763825
2662,-0.00827773756653395,-0.01068674136927207,-0.011031606671936409,-0.005608851652051295
2663,-0.00249861504405865,-0.007829476111569936,-0.008453894547092862,-0.0044432771816652235
2664,-0.00275528041670175,-0.00500858906741976,-0.012343247270227573,-0.007881053904101543
2665,-0.0041712527027819,-0.013514995712696404,-0.009670522504363652,-0.014371712435403148
2666,-0.006787495652336901,-0.00516591669538536,-0.010436913985103475,-0.006835184601090921
2667,-0.0040349971165494,-0.009982760396255279,-0.01045512679226189,-0.010204104913003276
2668,-0.00286877862670835,-0.009784624139016568,-0.011005752327600279,-0.011033867824393202
2669,-0.0040349971165494,-0.008008544788351862,-0.01207332490281102,-0.013514995712696404
2670,-0.0107706612752879,-0.009431067836051878,-0.01468131868131868,-0.00550860191990462
2671,-0.00463305795421925,-0.003920165916476093,-0.012995698135330332,-0.014902771170628326
2672,-0.0090091286012307,-0.014532033280110213,-0.013708013200208294,-0.006183041027262144
2673,-0.00646123396123395,-0.011400482130672088,-0.009926051902242376,-0.008043956043956062
2674,-0.01183281762527225,-0.008637583323057793,-0.007344815835100311,-0.014094832614113748
2675,-0.0040773765646609,-0.01145105548845523,-0.012563832264756419,-0.010355102303223545
2676,-0.01031670632017,-0.008703327898469101,-0.010105461471317204,-0.010531483131530125
2677,-0.00046190584293285,-0.013437501205529796,-0.014016540945717734,-0.005710235690235661
2678,-0.0039341082712543,-0.011902777777777769,-0.008068887110243922,-0.011987486971272263
2679,-0.012840467696149,-0.014134271281655543,-0.013769125531487373,-0.005419539567001752
2680,-0.0108468801496535,-0.010882896049395352,-0.010105461471317204,-0.004580518533384308
2681,-0.01110542355813315,-0.00582943457046093,-0.005441767965141605,-0.010921257802186002
2682,-0.0031148981090439497,-0.006307227735850107,-0.010800156886114007,-0.013389827477445623
2683,-0.0017390584179799,-0.011972360083436568,-0.014426642843281164,-0.007185567973036014
2684,-0.00275699237480315,-0.006222518379410305,-0.01897939285082255,-0.00981524331048144
2685,-0.0023898164857300997,-0.009756007994335392,-0.012438905620374648,-0.011240572794844784
2686,-0.0118812515560907,-0.011918068211948823,-0.01684969277740285,-0.008310315765616659
2687,-0.0004586779785046842,-0.016945539683294784,-0.012583016076017011,-0.004849269165852852
2688,-0.0107265703387327,-0.007357599220366044,-0.01569734968314511,-0.005340833987701021
2689,-0.0135103791675405,-0.0032325588388176507,-0.01124347148622104,-0.012427317147766369
2690,-0.0117516967569653,-0.00758486503992245,-0.011191753798622563,-0.010604046479614396
2691,-0.0046646748500815,-0.0052772814111144845,-0.005790852761104477,-0.010854884062096753
2692,-0.00234514937465135,-0.009027605048539791,-0.01047076857037528,-0.0020568755528699648
2693,-0.00687758138071325,-0.012410005935152159,-0.016674418146156132,-0.00910903930315644
2694,-0.002479674895297,-0.008703327898469101,-0.008433382651624341,-0.008344289530026562
2695,-0.002557931834247573,-0.012538149828868597,-0.017002950917202348,-0.006342064594356276
2696,-0.0092917117612339,-0.006815920802463377,-0.01897939285082255,-0.01422625965717492
2697,-0.0055186667042923495,-0.0053321147008649344,-0.010739261841577488,-0.005054244799056945
2698,-0.0042714361028425,-0.012648982509970826,-0.011031606671936409,-0.010602787788341197
2699,-0.0012998318151895506,-0.011054515489823728,-0.007794150756346986,-0.00680192793244329
2700,-0.0039671969215039,-0.010843738837068016,-0.010420078763828763,-0.015242984949681394
2701,-0.00809883456975005,-0.008590720987937471,-0.013084987136467788,-0.013578356889252734
2702,-0.0042714361028425,-0.013093400391314791,-0.0109145054598166,-0.013541064265239922
2703,-0.0075900445964661,-0.009651760101360762,-0.01455488091829489,-0.011238379660827514
2704,-0.0034185074948571,-0.012865026124146832,-0.010198257006151762,-0.013384197000934185
2705,-0.008162769335693949,-0.006645641721983335,-0.011059552445154025,-0.014597204949307135
2706,0.0,-0.013333084470719951,-0.00939719058405927,-0.013047587416620918
2707,-0.011190482928395949,-0.008808364080796188,-0.0092199181271692,-0.004127250696145085
2708,-0.0060353248018778,-0.0048943189503056,-0.010701873295239517,-0.0038517970786614633
2709,-0.00075,-0.012382535830085264,-0.0092199181271692,-0.01452371001205748
2710,-0.0025389412144442,-0.011451087233439667,-0.00939719058405927,-0.010123075055979747
2711,-0.00645817335931665,-0.011983274157962262,-0.012608763702184778,-0.010927220329199634
2712,-0.00411703424010355,-0.01576845069243632,-0.01545554614139804,-0.01044681685157876
2713,-0.0083181081406096,-0.0037199989927767674,-0.010219642122883408,-0.011470744533341142
2714,-0.0047056709518095,-0.005997809725735256,-0.011184048644257566,-0.01001342101795271
2715,-0.0010014058095623,-0.006737213403880032,-0.012044985199461388,-0.014521160534261529
2716,-0.00899863884414875,-0.013199164067901226,-0.013892486009065324,-0.0083395130183639
2717,-0.0046646748500815,-0.009522873721481969,-0.010250038422996885,-0.011227735592540877
2718,-0.0007074280955995,-0.0037277375463627034,-0.0073606733314431,-0.006637243839825901
2719,-0.0063250945700606,-0.013097546931679546,-0.012882818379663971,-0.015309291563369538
2720,-0.009517913318887551,-0.007509308868209316,-0.012719648258282916,-0.005597664272807487
2721,-0.0009841906252933,-0.008727240154750876,-0.010701873295239517,-0.003924860317511021
2722,0.0,-0.006548379805096399,-0.01221439877599464,-0.0034643727232618535
2723,-0.0100048925356712,-0.011502521270015064,-0.011191753798622563,-0.014833303198568532
2724,-0.0100048925356712,-0.0027291118738598024,-0.0137437529456204,-0.009497400482197335
2725,-0.00563201480753505,-0.010882896049395352,-0.011595564158905256,-0.007116081982155516
2726,-0.00509682087809635,-0.010602787788341197,-0.01263037042216011,-0.012847180050112289
2727,-0.0045364018036704,-0.013201043524483081,-0.012882818379663971,-0.01145105548845523
2728,-0.0073700112737683995,-0.008344289530026562,-0.008695330981740662,-0.00909795772632111
2729,-0.00966905346750005,-0.010991735462763764,-0.009573465416372823,-0.007391816154389268
2730,-0.00597938783510135,-0.005340833987701021,-0.011595564158905256,-0.01124335162541554
2731,-0.00779217923518785,-0.00515660278704224,-0.010099812301895633,-0.007552383253470789
2732,-0.01003810952085725,-0.01016699664815704,-0.010374420121725687,-0.013891822991822955
2733,-0.00275528041670175,-0.013093400391314791,-0.012065357382887436,-0.012512532405865785
2734,-0.00230127893333325,-0.00856498477430049,-0.005756410256410258,-0.010797431321770821
2735,-0.0073393961363667,-0.01818909958555122,-0.009214971080545063,-0.006456776031094444
2736,-0.0080616169390889,-0.01145105548845523,-0.012170857411212915,-0.008815934809000732
2737,-0.007166386061109401,-0.012604565969533592,-0.015090842367187064,-0.009305834155470084
2738,-0.00311364920426805,-0.012381493069767067,-0.00939719058405927,-0.0050126596128244084
2739,-0.004210892232762799,-0.011007346441897173,-0.007511178196090798,-0.003866650724444254
2740,-0.0128730781526767,-0.013269303699952833,-0.012337294446922602,-0.00779936668305083
2741,-0.0063051832545995,-0.01641038474078177,-0.009573465416372823,-0.007047406312123038
2742,-0.0090706883167345,-0.0135357774170274,-0.009186632798748963,-0.010531483131530125
2743,-0.0038269967906122,-0.013269303699952833,-0.014277435767602726,-0.018697872133922985
2744,-0.0100048925356712,-0.01224663654624284,-0.010436913985103475,-0.00645102438849959
2745,-0.0084416535940379,-0.0020440130499115652,-0.012044985199461388,-0.012888711596274149
2746,-0.0077867800331759,-0.004238618336045611,-0.012343247270227573,-0.010531483131530125
2747,-0.0045193204926846,-0.007166317139874503,-0.009557133761300421,-0.008429945426478397
2748,-0.00773764679007035,-0.010740420498788754,-0.007668850715561254,-0.013514995712696404
2749,-0.004210892232762799,-0.008199413695437297,-0.004547969216224862,-0.004238618336045611
2750,-0.0043570306722684506,-0.008607150510093059,-0.01864550944542299,-0.00910903930315644
2751,-0.0054797118296097,-0.008842594242234322,-0.009153198619233974,-0.004819854567943666
2752,-0.00736121854787705,-0.005497177301177124,-0.013839477021888454,-0.011264860007964547
2753,-0.010352639758651,-0.01340327261544983,-0.008531889404787121,-0.006456776031094444
2754,-0.0069826007326007,-0.016545130759213225,-0.012653547242593252,-0.012413173627157707
2755,-0.0195706373285802,-0.00645102438849959,-0.013720651559866556,-0.004482807826053011
2756,-0.0125414268271411,-0.007509308868209316,-0.010052215287066069,-0.005608851652051295
2757,-0.0039528276114929,-0.006708301970801973,-0.0059814193890071685,-0.012358375420875348
2758,-0.0063981994100258,-0.006100354463143481,-0.013058565780740132,-0.008815934809000732
2759,-0.010659316884098949,-0.010207886751417036,-0.010319120481390446,-0.010602787788341197
2760,-0.0062824106724584505,-0.008060887541727166,-0.014383453806590861,-0.003187727189683791
2761,-0.00821170518015765,-0.008842594242234322,-0.0109145054598166,-0.015309291563369538
2762,-0.011687635004734749,-0.0110576556014262,-0.01675049906726285,-0.010629860364808475
2763,-0.00068167099200685,-0.00909795772632111,-0.013081035101626531,-0.006815920802463377
2764,-0.01482363844825455,-0.010876284563771184,-0.011191753798622563,-0.011470744533341142
2765,-0.0048797322904288,-0.010130689909380049,-0.013839477021888454,-0.010602787788341197
2766,-0.006031350258083049,-0.007047406312123038,-0.010809361649955426,-0.00679990316862536
2767,-0.00687758138071325,-0.010364110367297452,-0.011770654141361261,-0.003187727189683791
2768,-0.00532268761700945,-0.010740420498788754,-0.010665116669204219,-0.0068454812963081885
2769,-0.0047056709518095,-0.010364110367297452,-0.010834732486872858,-0.014446519715333669
2770,-0.00646123396123395,-0.01110303696569107,-0.008325947575904467,-0.01218266703187966
2771,-0.0113633868181418,-0.008813962350952144,-0.008433365082629762,-0.0119111667763825
2772,-0.01064395551179295,-0.01056128041488676,-0.008108639715439556,-0.0161697147287969
2773,-0.0060353248018778,-0.009651760101360762,-0.015765629274425888,-0.014249164582636895
2774,-0.0030208333333333,-0.013233667225378208,-0.010868444087784113,-0.008813962350952144
2775,-0.0058585149355939,-0.003932325518829067,-0.008758783384080121,-0.01022051952787107
2776,-0.0076267466424740004,-0.010882896049395352,-0.013058565780740132,-0.015242984949681394
2777,-0.0033564814814815,-0.010531483131530125,-0.012686261601403612,-0.009700972565726381
2778,-0.0113127242177826,-0.002846008212812629,-0.010300900560138864,-0.005736734788018637
2779,-0.0064559010750733,-0.0023987757502086614,-0.009930700249427788,-0.005400805757661602
2780,-0.0076267466424740004,-0.009784624139016568,-0.012075101470122106,-0.013169142681446451
2781,-0.0016516802710362499,-0.004078640204082093,-0.015826935730795078,-0.011265452237294792
2782,-0.0002183828076685,-0.005054244799056945,-0.014939905857661947,-0.010594633538150561
2783,-0.00870231133389025,-0.01414319655583389,-0.011160369697703565,-0.013179731842231843
2784,-0.0043671326555313,-0.013898084780365211,-0.013732202252743478,-0.0049260284680743595
2785,-0.0075858960279915994,-0.005089785727202235,-0.014404644865930006,-0.00516591669538536
2786,-0.00734410719809345,-0.004888554050116567,-0.007476742424242441,-0.0022818312884373693
2787,-0.0042336602734981,-0.013315878909895495,-0.005441767965141605,-0.003903759100089603
2788,-0.0036753596802616,-0.012923753570340977,-0.011200121614948773,-0.007216438264747705
2789,-0.00450355877457065,-0.010455026455026467,-0.016997303382470817,-0.008293901963277093
2790,-0.002496025305264,-0.002604049442070322,-0.011611088632411545,-0.01224663654624284
2791,-0.012842994098335801,-0.011151558441558414,-0.009687919862705957,-0.01110303696569107
2792,-0.0098210544901722,-0.012512532405865785,-0.01269740191463143,-0.016955100896446765
2793,-0.01080239944661915,-0.01452371001205748,-0.016674418146156132,-0.014017186431469077
2794,-0.00372722520437865,-0.011227735592540877,-0.01561730055603495,-0.0037199989927767674
2795,-0.0073758978769548,-0.010051684547303742,-0.012882818379663971,-0.009977102598735282
2796,-0.00378188539370965,-0.008344289530026562,-0.007649990824921918,-0.011993247728927025
2797,-0.0080616169390889,-0.011502521270015064,-0.011938845577606778,-0.006637243839825901
2798,-0.0052103101622223,-0.010625956935480754,-0.010105461471317204,-0.00815608080478621
2799,-0.004210892232762799,-0.009084282310016588,-0.007791496096139532,-0.00909795772632111
2800,-0.00053448770694425,-0.011656578331578349,-0.013138590632813862,-0.015657035795203847
2801,-0.0055186667042923495,-0.01920340141605812,-0.010304690043946945,-0.004830745600046113
2802,-0.0043004754888574005,-0.0071889279583331675,-0.009238588514415728,-0.0035520624454784544
2803,-0.0124988400382219,-0.011594567469567463,-0.01124347148622104,-0.010854884062096753
2804,-0.0098435548835542,-0.007357599220366044,-0.007120332963253824,-0.008703327898469101
2805,-0.00070952303207795,-0.0056471884780287356,-0.018107115654096964,-0.01176703820333212
2806,-0.01054368379772895,-0.011291873101282882,-0.018215925069705013,-0.012538149828868597
2807,-0.01031670632017,-0.00996719591585488,-0.007998371289269526,-0.006071428571428603
2808,-0.0052287048131923,-0.006330930949014031,-0.010800156886114007,-0.0037190027095990756
2809,-0.0039579706632636,-0.008647990475847134,-0.008695330981740662,-0.00856498477430049
2810,-0.00779217923518785,-0.012399030106549047,-0.01052106439240727,-0.00815608080478621
2811,-0.0109594236592194,-0.006950313060318828,-0.013230788611740991,-0.005687917481645936
2812,-0.010706593481035549,-0.010602787788341197,-0.01472818614969874,-0.012427317147766369
2813,0.0,-0.008864084803434757,-0.010739261841577488,-0.009756007994335392
2814,-0.0107206699487307,-0.011318846743453063,-0.010250038422996885,-0.01699539017230992
2815,-0.00967459438159835,-0.008703327898469101,-0.010995752115274681,-0.006815920802463377
2816,-0.0070262523754896,-0.011557523851168743,-0.013539433013417607,-0.005546400392830941
2817,-0.0002183828076685,-0.006352813801172516,-0.009747984456531446,-0.013264890786682512
2818,-0.0026769504097935,-0.012332971471867854,-0.013058565780740132,-0.014364057883618248
2819,-0.0030695249900985497,-0.006137217416076299,-0.012571449954328316,-0.010740420498788754
2820,-0.0037954423461669,-0.006183041027262144,-0.012575290054291276,-0.005054244799056945
2821,-0.01098412015494215,-0.0065746267414237974,-0.011595564158905256,-0.003866650724444254
2822,-0.0039528276114929,-0.007417203387598048,-0.006786004895147236,-0.013201043524483081
2823,-0.0085514702355582,-0.008402729393850103,-0.012882818379663971,-0.004127250696145085
2824,-0.00929316861839155,-0.011265452237294792,-0.009390498792033481,-0.007829476111569936
2825,-0.00772738288623365,-0.010048766087066202,-0.013645736774735913,-0.009336304910825145
2826,-0.00563201480753505,-0.012406144781144678,-0.014694359525315167,-0.01213271225068524
2827,-0.01072052659669535,-0.005755859880859887,-0.013058565780740132,-0.012406144781144678
2828,-0.0026851851851851,-0.00582943457046093,-0.012882818379663971,-0.011553987051574899
2829,-0.0099199770408283,-0.010364110367297452,-0.009735131517274422,-0.009156068506534089
2830,-0.0089567792840897,-0.0037701235093195312,-0.01221439877599464,-0.007116081982155516
2831,-0.0077867800331759,-0.0049732627618637865,-0.012599107232986333,-0.012240937908200047
2832,-0.00509682087809635,-0.009756007994335392,-0.010239940796521445,-0.010854884062096753
2833,-0.0088006674500482,-0.014364057883618248,-0.007212940705128228,-0.005608851652051295
2834,-0.0030916669605922003,-0.011007346441897173,-0.007622720280684569,-0.01122139088388108
2835,-0.0068333468265336,-0.005340833987701021,-0.006248497393019473,-0.0083395130183639
2836,-0.0043570306722684506,-0.0071889279583331675,-0.009093881046474399,-0.01176703820333212
2837,-0.0107856704370571,-0.010604046479614396,-0.011978569676472544,-0.01051828703703703
2838,-0.0080616169390889,-0.011843101651469703,-0.018107115654096964,-0.010740420498788754
2839,-0.0063051832545995,-0.004938491472978097,-0.0042466559224643985,-0.006609381719695204
2840,-0.0086651122000002,-0.005054244799056945,-0.01081781072504822,-0.008842594242234322
2841,-0.010945215341638202,-0.012063770538146754,-0.014726138592976088,-0.005174290637399602
2842,-0.00325799333481325,-0.005719750036645738,-0.01498856745637135,-0.006452554752578251
2843,-0.00827773756653395,-0.01224663654624284,-0.008433365082629762,-0.01585318627450978
2844,-0.01055478668723205,-0.012648982509970826,-0.006017317049458107,-0.010364110367297452
2845,-0.0038191700422561,-0.007980653416461125,-0.006664166666666679,-0.005992791690958229
2846,-0.01538920297499595,-0.01579785440825652,-0.01338698506484338,-0.012377201706496345
2847,-0.0031625472850303,-0.010364110367297452,-0.01407411107890996,-0.011265452237294792
2848,-0.0063981994100258,-0.00793448821823678,-0.014592525341406558,-0.004737426747706865
2849,-0.01337541194315485,-0.010843738837068016,-0.010302541582423653,-0.00622729287841485
2850,-0.0132887970877675,-0.006222518379410305,-0.011824725274725275,-0.006452554752578251
2851,-0.01025968002101325,-0.01016699664815704,-0.008433365082629762,-0.008313885360289933
2852,-0.00523271980315315,-0.006071428571428603,-0.010910466454710938,-0.012310606060606018
2853,-0.00379620396994555,-0.01176703820333212,-0.010995752115274681,-0.009776685217785953
2854,-0.0041815555416761995,-0.002895557437613874,-0.013051589314573835,-0.012648982509970826
2855,-0.0071900252423621,-0.012512532405865785,-0.00819000368669954,-0.009218635160959755
2856,-0.00948000372284115,-0.008815934809000732,-0.01045512679226189,-0.00996719591585488
2857,-0.0106348814229249,-0.010740420498788754,-0.011595564158905256,-0.009431067836051878
2858,-0.0039528276114929,-0.012063770538146754,-0.013839965687428785,-0.012648982509970826
2859,-0.00970968417624805,-0.009648297907952973,-0.010892108076819012,-0.010204104913003276
2860,-0.014565491387279599,-0.009029888662737295,-0.012337294446922602,-0.011902777777777769
2861,-0.0025757090168889506,-0.006452554752578251,-0.01577683777510064,-0.005192865675646845
2862,-0.0064784948790853,-0.010364110367297452,-0.0038461518474246204,-0.012240937908200047
2863,-0.0026851851851851,-0.0022016476878734103,-0.012495420844757927,-0.009305834155470084
2864,-0.0038359788359788,-0.009283949371449364,-0.009042116264993322,-0.0027104802322163273
2865,-0.00563201480753505,-0.00846215777022355,-0.007741504722986209,-0.010355102303223545
2866,-0.0077560155454622,-0.004301924006753196,-0.011770654141361261,-0.009047533088800519
2867,-0.0073607246426116,-0.006456776031094444,-0.01194869035760986,-0.012358375420875348
2868,-0.0089276222472216,-0.008313885360289933,-0.010868444087784113,-0.011265452237294792
2869,-0.01190277661984995,-0.01111916714091317,-0.014953306194483295,-0.008974608391336326
2870,-0.0094761807586582,-0.007357599220366044,-0.007327380131896988,-0.013817892156862747
2871,-0.0022814652957084,-0.006511058439301401,-0.008758783384080121,-0.010924806039638527
2872,-0.0030149356196793,-0.006640120152075822,-0.010645360604307964,-0.012927004811181184
2873,-0.000436765615337,-0.01129252481376207,-0.01577932456746799,-0.011265452237294792
2874,-0.0090193925050674,-0.013222311314457178,-0.012065357382887436,-0.015657035795203847
2875,-0.00646123396123395,-0.008293901963277093,-0.009093881046474399,-0.0096354806320136
2876,-0.0066980247222447,-0.0018161764705882377,-0.01052106439240727,-0.012538149828868597
2877,-0.0063250945700606,-0.008906456375004444,-0.013292896073375266,-0.014983332484438713
2878,-0.011190482928395949,-0.010051684547303742,-0.010436913985103475,-0.009336304910825145
2879,-0.00516255933360165,-0.0037441925913631706,-0.006466198273927063,-0.008590720987937471
2880,-0.0098376010386716,-0.012310606060606018,-0.009141665088749383,-0.013167952627968882
2881,-0.0048797322904288,-0.011843101651469703,-0.011595564158905256,-0.006352813801172516
2882,-0.009517913318887551,-0.0064043209876543175,-0.020917370312298858,-0.007132140404238648
2883,-0.0119802553689678,-0.008402729393850103,-0.008695812026948885,-0.005507008099566561
2884,-0.0063051832545995,-0.007185567973036014,-0.01265209643747467,-0.0038744437284593883
2885,-0.0099210292945751,-0.008864084803434757,-0.012653547242593252,-0.006137217416076299
2886,-0.00081635947043765,-0.014261143969831736,-0.010886353057398795,-0.010602787788341197
2887,-0.00442074523862055,-0.00996719591585488,-0.006397195989568522,-0.003243923110655786
2888,-0.0036780526858889,-0.004243351665261352,-0.010701873295239517,-0.008440977890807486
2889,-0.0065767565767566,-0.0056667330869466515,-0.0073606733314431,-0.007964991424486964
2890,-0.0032026673848838,-0.011382816257816243,-0.010436913985103475,-0.011031964823071169
2891,-0.0012998318151895506,-0.00645102438849959,-0.01897939285082255,-0.009784624139016568
2892,-0.0062044252577709005,-0.010224629458886983,-0.011458286092214658,-0.005736734788018637
2893,-0.01020101920416385,-0.00301301193990027,-0.007668850715561254,-0.011553987051574899
2894,-0.00936279391016125,-0.011995880561424317,-0.012571449954328316,-0.0050126596128244084
2895,-0.0056720741972019,-0.012377201706496345,-0.012006639207553859,-0.007509308868209316
2896,-0.002496025305264,-0.006071428571428603,-0.009981481481481477,-0.00779936668305083
2897,-0.007830563537214,-0.013097546931679546,-0.010642490842490845,-0.011054515489823728
2898,-0.0088872577508074,-0.010876284563771184,-0.015254411004961249,-0.008259986449287385
2899,-0.0064559010750733,-0.006100354463143481,-0.012941089894813625,-0.009283949371449364
2900,-0.0052103101622223,-0.0053321147008649344,-0.007476742424242441,-0.0035397990838203133
2901,-0.0039579706632636,-0.009700972565726381,-0.011595564158905256,-0.011553987051574899
2902,-0.0099059748014676,-0.008317338515946767,-0.01092369566030198,-0.007651742877670997
2903,-0.0088239108009233,-0.007881053904101543,-0.01045512679226189,-0.00785693136332511
2904,-0.00532268761700945,-0.014489366881502153,-0.009670522504363652,-0.012604565969533592
2905,-0.0066980247222447,-0.005608851652051295,-0.008134620176445707,-0.006640120152075822
2906,-0.0084416535940379,-0.0065266832158097626,-0.014547832459894813,-0.01224663654624284
2907,0.0,-0.005608851652051295,-0.010701873295239517,-0.015601411924640382
2908,-0.0045634936272695,-0.004846815051552225,-0.01181290849332161,-0.004902290043289986
2909,-0.00509682087809635,-0.013421768283892604,-0.011595564158905256,-0.011265452237294792
2910,-0.00929316861839155,-0.005608851652051295,-0.016047259354898806,-0.008043956043956062
2911,-0.0055186667042923495,-0.00856498477430049,-0.008758783384080121,-0.0038744437284593883
2912,-0.0062044252577709005,-0.005497177301177124,-0.010739261841577488,-0.005737737505548693
2913,-0.00563201480753505,-0.010455026455026467,-0.01255147287559622,-0.012538149828868597
2914,-0.01020101920416385,-0.013264890786682512,-0.010665116669204219,-0.010524946348776196
2915,-0.0030651629237414503,-0.008682252999125211,-0.01569734968314511,-0.010106402696260286
2916,-0.0132460692269965,-0.012980745159941956,-0.01103882421249563,-0.009776685217785953
2917,-0.011045329867538551,-0.007322832338880869,-0.012599107232986333,-0.01349193284317134
2918,-0.0119086319823707,-0.005546487747145641,-0.01498856745637135,-0.01302911334147498
2919,-0.0056742991932311,-0.0032325588388176507,-0.014404644865930006,-0.009756007994335392
2920,-0.0120518787555649,-0.006815920802463377,-0.010105461471317204,-0.01422625965717492
2921,-0.0046646748500815,-0.012538149828868597,-0.0156835017813042,-0.006456776031094444
2922,-0.008491610170304899,-0.005555240088970043,-0.01124347148622104,-0.0054091617518304234
2923,-0.01055478668723205,-0.019993146433107997,-0.014277435767602726,-0.008616633342219855
2924,-0.0066980247222447,-0.00679990316862536,-0.011317617211033474,-0.004828169419786518
2925,0.0,-0.0010456396272573165,-0.008266835037433792,-0.006637243839825901
2926,-0.0103022151338956,-0.010224570624160115,-0.01052106439240727,-0.011557523851168743
2927,-0.0026310846999963,-0.01113931540774176,-0.006681914418789187,-0.006281023526005711
2928,-0.0060547247182178,-0.004737426747706865,-0.010198257006151762,-0.006640120152075822
2929,-0.01193986617984025,-0.011560450926046361,-0.010052215287066069,-0.007552383253470789
2930,-0.0124280481423337,-0.006342064594356276,-0.015003781560017942,-0.009156068506534089
2931,-0.00889499294985065,-0.006815920802463377,-0.01338804261922354,-0.010051684547303742
2932,-0.01197077720281315,-4.389838135093055e-05,-0.011191753798622563,-0.01129252481376207
2933,-0.0077867800331759,-0.00679990316862536,-0.0087828524911377,-0.010364110367297452
2934,-0.0034684271278195497,-0.014837111113336462,-0.012940805666067246,-0.007357599220366044
2935,-0.0043570306722684506,-0.012202906029899242,-0.015075593034416579,-0.014094832614113748
2936,-0.0051343636869952,-0.010524946348776196,-0.010198257006151762,-0.005719750036645738
2937,-0.0079027739244248,-0.006609381719695204,-0.010701873295239517,-0.010882896049395352
2938,-0.004210892232762799,-0.0053321147008649344,-0.010874687782293857,-0.011291873101282882
2939,-0.0097595127215445,-0.013167952627968882,-0.009214971080545063,-0.006511058439301401
2940,-0.009641390709474,-0.0050126596128244084,-0.010436913985103475,-0.012177590587006987
2941,-0.0111581039591036,-0.01110303696569107,-0.01567456749024323,-0.011553987051574899
2942,-0.008521127205708,-0.0049732627618637865,-0.011875627465109662,-0.01394641872204179
2943,-0.0112163862521193,-0.011780658188378373,-0.008433365082629762,-0.011209034624408809
2944,-0.0034404897385329498,-0.0047854445993526645,-0.011059552445154025,-0.010524946348776196
2945,-0.007830563537214,-0.013487923136229126,-0.014535814889902753,-0.004747588807195502
2946,-0.0108468801496535,-0.0049260284680743595,-0.014697033202219524,-0.008157280408164186
2947,-0.0030651629237414503,-0.01663508882836008,-0.013057509382340259,-0.0056471884780287356
2948,-0.0080616169390889,-0.008033428383107881,-0.012051221958799943,-0.0011063151652216524
2949,-0.01027493284695255,-0.007366385702745767,-0.011458286092214658,-0.008199413695437297
2950,-0.00509682087809635,-0.00996719591585488,-0.013891823987658173,-0.01051828703703703
2951,-0.0086686712302474,-0.006455264550264562,-0.010701873295239517,-0.013167952627968882
2952,-0.00984303666549935,-0.008002578706175018,-0.013169076092187952,-0.004938491472978097
2953,-0.0052272727272727,-0.009047533088800519,-0.01573367965367967,-0.012427317147766369
2954,-0.011687635004734749,-0.007464111409650628,-0.010701873295239517,-0.012126860351151646
2955,-0.0057885289373904,-0.008637583323057793,-0.010739261841577488,-0.011238379660827514
2956,-0.007827139251101201,-0.010602787788341197,-0.008895032051282115,-0.018733966437489608
2957,-0.00899863884414875,-0.010355102303223545,-0.0055869116209155065,-0.007166317139874503
2958,-0.0099210292945751,-0.011330050536250406,-0.0093579106132207,-0.0096354806320136
2959,-0.0106348814229249,-0.009497400482197335,-0.0027289377289377303,-0.010119882198998238
2960,-0.008966075098778,-0.004078640204082093,-0.026618389743777428,-0.006137217416076299
2961,-0.0109220354160324,-0.008313885360289933,-0.006664166666666679,-0.005633118891895689
2962,-0.0042714361028425,-0.011606728522003909,-0.016998585766264583,-0.011265452237294792
2963,-0.0048478050916404,-0.01388695059682396,-0.011528189989771325,-0.004078640204082093
2964,-0.00809883456975005,-0.004144524540815413,-0.014470146520146521,-0.014094832614113748
2965,-0.0041949162964818,-0.0037190027095990756,-0.009773482735064652,-0.007116081982155516
2966,-0.0016542007239385,-0.006456776031094444,-0.010436913985103475,-0.012406144781144678
2967,-0.0119802553689678,-0.01565878420776001,-0.011394081044947468,-0.010311260603637032
2968,-0.0065215121483298,-0.013093400391314791,-0.01176367984128666,-0.010843738837068016
2969,-0.0050816897071932,-0.011238379660827514,-0.011974314960939023,-0.015309291563369538
2970,-0.0007460201343803017,-0.005687917481645936,-0.016103022604330445,-0.009823515288090515
2971,-0.008180153697597699,-0.010220600122981097,-0.014681297076839572,-0.012073938170424563
2972,-0.0084949751341739,-0.012427317147766369,-0.01271752479057739,-0.004238618336045611
2973,-0.00412904415718855,-0.005102882375952092,-0.009926051902242376,-0.0052772814111144845
2974,-0.01078473774298305,-0.010531483131530125,-0.012548408384820853,-0.009143578775019697
2975,-0.01479243650778885,-0.0029033379787099974,-0.011736128869992266,-0.011264860007964547
2976,-0.0066980247222447,-0.005546487747145641,-0.01577683777510064,-0.005203175034568734
2977,-0.00772738288623365,-0.004638792871563385,-0.007150390082763275,-0.004063325608816035
2978,-0.005309141716300449,-0.0083395130183639,-0.007822869758815396,-0.008864084803434757
2979,-0.0090628463220459,-0.00815608080478621,-0.012421678931570555,-0.00197373440789809
2980,-0.0119086319823707,-0.011291873101282882,-0.011156771743676505,-0.01111916714091317
2981,-0.00733467389471345,-0.0044432771816652235,-0.01162520202841814,-0.010882896049395352
2982,-0.0031625472850303,-0.004580518533384308,-0.0059299405947641475,-0.003985156140917281
2983,-0.012856701191724499,-0.015737466611630738,-0.012941089894813625,-0.011987486971272263
2984,-0.01078473774298305,-0.0011063151652216524,-0.01251900642668049,-0.0091705767086449
2985,-0.009652545704487099,-0.010364110367297452,-0.011191753798622563,-0.004991939379466098
2986,-0.0109594236592194,-0.0023736263736263766,-0.008695330981740662,-0.009084282310016588
2987,-0.0029757164694958,-0.009952815385615519,-0.015846896126306548,-0.006352813801172516
2988,-0.0073607246426116,-0.014039872676901176,-0.008593340981428195,-0.012538149828868597
2989,-0.0065215121483298,-0.007390584723918047,-0.011160369697703565,-0.005608851652051295
2990,-0.006261463404320523,-0.014489366881502153,-0.012044985199461388,-0.016158243312615478
2991,-0.00899863884414875,-0.00856498477430049,-0.007021835973370576,-0.00881542048637636
2992,-0.0012998318151895506,-0.005521788847004033,-0.01052106439240727,-0.011993247728927025
2993,-0.0079027739244248,-0.0110576556014262,-0.01053277949146369,-0.012139989742137057
2994,-0.0016013336924419,-0.010311260603637032,-0.008297985347985357,-0.004238618336045611
2995,-0.0058757675395991,-0.010364110367297452,-0.012337294446922602,-0.005542586027082484
2996,-0.0086944213581474,-0.0027967830292841625,-0.012632319334701235,-0.01267530982992427
2997,-0.0040967712842711,-0.010917501259763169,-0.010052215287066069,-0.005633118891895689
2998,-0.0036753596802616,-0.008808364080796188,-0.011059552445154025,-0.008011768324268326
2999,-0.0047056709518095,-0.007464111409650628,-0.015975582688916024,-0.013744340393176159
3000,-0.01177834809989195,-0.007322900100791195,-0.014307828692528427,-0.010260242290792816
3001,-0.00532268761700945,-0.003781545598158048,-0.01251900642668049,-0.005608851652051295
3002,-0.014306635307902,-0.010364110367297452,-0.01315960258392732,-0.009497400482197335
3003,-0.0080616169390889,-0.008344289530026562,-0.010503489885634876,-0.005687917481645936
3004,-0.0035283975283976,-0.006143058655322546,-0.014425304578454933,-0.011470744533341142
3005,-0.0088006674500482,-0.00758486503992245,-0.00515334531905182,-0.010524946348776196
3006,-0.0026769504097935,-0.006352813801172516,-0.017784351660463764,-0.00996719591585488
3007,-0.0106453752340189,-0.009780564895628285,-0.01365806385012375,-0.004127250696145085
3008,-0.0120086721345154,-0.0119111667763825,-0.008669471153846198,-0.009143578775019697
3009,-0.0108237348788859,-0.010119882198998238,-0.01383889646084709,-0.012310606060606018
3010,-0.0060772358859671,-0.01017728105228104,-0.01338698506484338,-0.011209034624408809
3011,-0.008491610170304899,-0.009700972565726381,-0.008197294149402484,-0.014039872676901176
3012,-0.00415770021473895,-0.006281023526005711,-0.01124347148622104,-0.0049260284680743595
3013,-0.0088006674500482,-0.015213978376798887,-0.015384609571336142,-0.006130302677268826
3014,-0.0066980247222447,-0.00910903930315644,-0.013897526236284086,-0.00301301193990027
3015,-0.00208412566577995,-0.009776685217785953,-0.010701873295239517,-0.01220075931809958
3016,-0.0030926405229513504,-0.006143058655322546,-0.009192446702049682,-0.004991939379466098
3017,-0.0089567792840897,-0.018898602059163466,-0.015007593109692635,-0.0012225437164404378
3018,-0.0007460201343803017,-0.009497400482197335,-0.011978569676472544,-0.005200303067994301
3019,-0.0060353248018778,-0.004983968286481712,-0.01315960258392732,-0.01527790641897786
3020,-0.0107856704370571,-0.013487923136229126,-0.013892486009065324,-0.010882896049395352
3021,-0.00729159144221885,-0.008368710271111142,-0.010701873295239517,-0.011511929450179018
3022,-0.0080616169390889,-0.005521788847004033,-0.008657272986533092,-0.008637583323057793
3023,-0.0018298333394192498,-0.007141015223366411,-0.01864352324160239,-0.0075778149944777246
3024,-0.0109594236592194,-0.014521160534261529,-0.009093881046474399,-0.011265452237294792
3025,-0.0012998318151895506,-0.008813962350952144,-0.016873901224866834,-0.012063770538146754
3026,-0.00859541644874165,-0.014776449015502902,-0.017975631757417503,-0.010602787788341197
3027,-0.0076951951951952,-0.0020568755528699648,-0.016901508107587865,-0.008695139023946717
3028,-0.0068303677012791,-0.00582943457046093,-0.010665116669204219,-0.0042691326530611695
3029,-0.0038269967906122,-0.012406144781144678,-0.01703578285827948,-0.009485932273432987
3030,-0.01027381241445245,-0.01113931540774176,-0.013051589314573835,-0.007829476111569936
3031,-0.0090193925050674,-0.009700972565726381,-0.008534722944755022,-0.004834457603199005
3032,0.0,-0.004580518533384308,-0.01265209643747467,-0.005546400392830941
3033,-0.0057885289373904,-0.010882896049395352,-0.008758783384080121,-0.00508158871564221
3034,-0.002088242997333873,-0.01176703820333212,-0.012495189247985435,-0.010041460039079103
3035,-0.00732755100579205,-0.01350902040569521,-0.015907674994057854,-0.01051828703703703
3036,-0.0123337509350483,-0.008033428383107881,-0.010645360604307964,-0.010364110367297452
3037,0.0,-0.011238379660827514,-0.0149099239825884,-0.015186144105141856
3038,-0.0140350557695917,-0.007803612218240074,-0.011595564158905256,-0.011918068211948823
3039,-0.0090628463220459,-0.01278704870455678,-0.010374420121725687,-0.01576845069243632
3040,-0.0112708163799116,-0.012938165687716621,-0.0114074051604363,-0.0038744437284593883
3041,-0.0107706612752879,-0.014215125473633669,-0.017361382250025995,-0.01375612111418403
3042,-0.0051127330445941,-0.010224570624160115,-0.008305311355311353,-0.00910903930315644
3043,-0.0006996317045335,-0.016221853669210317,-0.012495189247985435,-0.01110303696569107
3044,-0.0058757675395991,-0.012927004811181184,-0.008718849064431454,-0.0049732627618637865
3045,-0.006031350258083049,-0.007102407391450273,-0.009390498792033481,-0.01814933703862248
3046,-0.01027381241445245,-0.011997600240610761,-0.012801080564085457,-0.005633118891895689
3047,-0.0121098290561381,-0.005507008099566561,-0.010701873295239517,-0.008864084803434757
3048,-0.0025757090168889506,-0.006436647727835249,-0.010198257006151762,-0.006920819822157134
3049,-0.01068504466973765,-0.006352813801172516,-0.010589688913120402,-0.006100354463143481
3050,-0.00687758138071325,-0.001361111111111115,-0.010665116669204219,-0.012063770538146754
3051,-0.00563201480753505,-0.010629860364808475,-0.012274154561724164,-0.010267676767676766
3052,-0.0148240234132031,-0.007322900100791195,-0.010526323449607758,-0.0119111667763825
3053,-0.01036658601924135,-0.009776685217785953,-0.008695330981740662,-0.01111127269731978
3054,-0.01482363844825455,-0.008293901963277093,-0.014383453806590861,-0.0028121530732422772
3055,0.0,-0.008033428383107881,-0.013006959706959705,-0.0014385805898267934
3056,-0.00457762578591175,-0.01453716709448666,-0.012198038046855316,-0.0026691909171075584
3057,-0.0051343636869952,-0.010629860364808475,-0.01075794171715224,-0.013006829572250078
3058,-0.0124058429039632,-0.012126860351151646,-0.011875627465109662,-0.009218635160959755
3059,-0.012383359711811051,-0.00881542048637636,-0.010385297719442186,-0.011265452237294792
3060,-0.0039528276114929,-0.005079326945045561,-0.008325947575904467,-0.005578135356706815
3061,-0.00949231817596965,-0.012310606060606018,-0.014902680232411942,-0.0056667330869466515
3062,-0.0014174414984533502,-0.008637583323057793,-0.012607913214345436,-0.0065703783654935
3063,-0.0088239108009233,-0.006817919037082193,-0.011595564158905256,-0.013333084470719951
3064,-0.0027027576371812002,-0.005555240088970043,-0.014694359525315167,-0.007391816154389268
3065,-0.0054797118296097,-0.010602787788341197,-0.010503489885634876,-0.015227334254113628
3066,-0.01499564613636665,-0.014614808484339745,-0.019314881540423833,-0.012538149828868597
3067,-0.0070083784021181495,-0.011238379660827514,-0.011595564158905256,-0.011777460701494994
3068,-0.0135103791675405,-0.003932325518829067,-0.01045512679226189,-0.012358375420875348
3069,-0.01338910946795005,-0.00855253246344084,-0.014694359525315167,-0.006920819822157134
3070,-0.0041949860131678,-0.005710235690235661,-0.011904560053789617,-0.007006999933861439
3071,-0.0040967712842711,-0.004474836733068624,-0.011875627465109662,-0.008344289530026562
3072,-0.0124988400382219,-0.00448016955273085,-0.010701873295239517,-0.006183041027262144
3073,0.0,-0.005340833987701021,-0.014693421566600126,-0.010130689909380049
3074,-0.0022002774653806997,-0.005719750036645738,-0.014592525341406558,-0.010204104913003276
3075,-0.0034185074948571,-2.5462962962963243e-05,-0.009615585560950962,-0.012655395046257633
3076,-0.01170672471329485,-0.005546487747145641,-0.011059552445154025,-0.0096354806320136
3077,-0.0034404897385329498,-0.00793263169663315,-0.010436913985103475,-0.0021841137827089997
3078,-0.0030611264247475,-0.0020642888656552637,-0.0104395332511904,-0.012126860351151646
3079,-0.0090628463220459,-0.0005990549897191833,-0.013058565780740132,-0.004258907817134221
3080,-0.00275528041670175,-0.008590720987937471,-0.012274154561724164,-0.006920819822157134
3081,-0.0064850543181698,-0.012413173627157707,-0.009437454495025456,-0.013437501205529796
3082,-0.0042745682319871,-0.010924806039638527,-0.010701873295239517,-0.009820258021672995
3083,-0.00779217923518785,-0.005425171267445961,-0.015384609571336142,-0.011995880561424317
3084,-0.0056720741972019,-0.004127250696145085,-0.01636083875052747,-0.009139872549294322
3085,-0.0051343636869952,-0.015469517039655385,-0.01221439877599464,-0.013514995712696404
3086,-0.013379024148471,-0.009648297907952973,-0.010272605143328756,-0.006619068618154828
3087,-0.0052103101622223,-0.011265452237294792,-0.017322753386373034,-0.005054244799056945
3088,-0.0135655120996452,-0.0042691326530611695,-0.011611088632411545,-0.007785551595670664
3089,-0.00378188539370965,-0.018859462682895935,-0.015113068289494769,-0.012648982509970826
3090,-0.0103022151338956,-0.01044681685157876,-0.009098759247955557,-0.0044432771816652235
3091,-0.0096401232005488,-0.009784624139016568,-0.011031606671936409,-0.010797431321770821
3092,-0.0105941730437372,-0.0096354806320136,-0.014139235243394733,-0.00856498477430049
3093,-0.0058757675395991,-0.006640120152075822,-0.012571449954328316,-0.007509308868209316
3094,-0.0041712527027819,-0.009604170179815703,-0.00798335001159647,-0.012512532405865785
3095,-0.0128730781526767,-0.013667913051466505,-0.007679464972782789,-0.011279003528573209
3096,-0.006524270088978,-0.013318639671463933,-0.011770654141361261,-0.005887049291745022
3097,-0.0092917117612339,-0.007552383253470789,-0.01458732472917977,-0.008808364080796188
3098,-0.0060353248018778,-0.014902771170628326,-0.008512733138294896,-0.011980089355089343
3099,-0.0063250945700606,-0.0037441925913631706,-0.010099812301895633,-0.013578356889252734
3100,-0.0036211584020387003,-0.010132992354683653,-0.015778081171284312,-0.003187727189683791
3101,-0.009178350806860549,-0.015309291563369538,-0.010817444686493432,-0.012358375420875348
3102,-0.00509682087809635,-0.005192865675646845,-0.0149099239825884,-0.010260242290792816
3103,-0.0041682513315599,-0.011238379660827514,-0.01598844595691102,-0.012358375420875348
3104,-0.007166386061109401,-0.009700972565726381,-0.00993098607152595,-0.007552383253470789
3105,-0.0046646748500815,-0.008774814842877305,-0.008534722944755022,-0.008949851398196474
3106,-0.004449580620014,-0.012538149828868597,-0.011595564158905256,-0.0020642888656552637
3107,-0.011994595666820249,-0.003866650724444254,-0.01578108728719052,-0.0096354806320136
3108,-0.0094761504825895,-0.006452554752578251,-0.013138590632813862,-0.010927220329199634
3109,-0.0090628463220459,-0.00910903930315644,-0.011595564158905256,-0.010355102303223545
3110,-0.0030149356196793,-0.01285883488900649,-0.007767543361934165,-0.010224570624160115
3111,-0.0029757164694958,-0.014364057883618248,-0.013058565780740132,-0.004983968286481712
3112,-0.0066980247222447,-0.0083395130183639,-0.014153056692664943,-0.0017179487179487148
3113,-0.0030149356196793,-0.008317338515946767,-0.023772612363888772,-0.0035533011396192337
3114,-0.008521127205708,-0.008317338515946767,-0.023504147700029496,-0.01207307248999592
3115,-0.0088006674500482,-0.007829476111569936,-0.010701873295239517,-0.009321871914828972
3116,-0.0055186667042923495,-0.007358357132836311,-0.0104395332511904,-0.011031964823071169
3117,-0.0055186667042923495,-0.010767533100535142,-0.013292896073375266,-0.008313885360289933
3118,-0.0037954423461669,-0.006342064594356276,-0.008531889404787121,-0.007293491472113837
3119,-0.0082580883143771,-0.00758486503992245,-0.0163891975308642,-0.005546400392830941
3120,-0.0109220354160324,-0.00622729287841485,-0.013270543120034353,-0.008043956043956062
3121,-0.008966075098778,-0.005079326945045561,-0.01032639204545454,-0.006815920802463377
3122,-0.00687758138071325,-0.00996719591585488,-0.00863482514083069,-0.00899579572713928
3123,-0.0117516967569653,-0.012078839971048165,-0.012882818379663971,-0.006815920802463377
3124,-0.006579808803158499,-0.012927004811181184,-0.010739261841577488,-0.0056401617663155885
3125,-3.0531133177191805e-16,-0.00996719591585488,-0.012602199887277602,-0.014039872676901176
3126,-0.0034185074948571,-0.008637583323057793,-0.009481451702874791,-0.014614808484339745
3127,-0.0122685185185185,-0.00856498477430049,-0.012343247270227573,-0.006609381719695204
3128,-0.00779217923518785,-0.0049260284680743595,-0.013732202252743478,-0.016809427039138933
3129,-0.0109279550600196,-0.008607150510093059,-0.01715319766485761,-0.009700972565726381
3130,-0.01125346696269495,-0.0096354806320136,-0.012599107232986333,-0.009497400482197335
3131,-0.0030122114168308,-0.004747588807195502,-0.01567456749024323,-0.010364110367297452
3132,-0.0111895963336358,-0.01016699664815704,-0.011974314960939023,-0.010106402696260286
3133,0.0,-0.01496154733153523,-0.010701873295239517,-0.005340833987701021
3134,-0.0046646748500815,-0.003805554374527592,-0.014549604501157505,-0.005719750036645738
3135,-0.0079536116372834,-0.008608386070310552,-0.013292896073375266,-0.008344289530026562
3136,-0.0085854648102469,-0.0071889279583331675,-0.010436913985103475,-0.0110576556014262
3137,-0.011388932646281,-0.009084282310016588,-0.018095564961220043,-0.0049260284680743595
3138,-0.0029757164694958,-0.006957624323549516,-0.014695252028548747,-0.0035520624454784544
3139,-0.0064538017936231,-0.006452554752578251,-0.0060441759606792225,-0.005497177301177124
3140,-0.005510851841965449,-0.012427317147766369,-0.0038151458250488372,-0.012413173627157707
3141,-0.00388367752968935,-0.009780564895628285,-0.01662187410950198,-0.0056471884780287356
3142,-0.0056270184177216,-0.005719750036645738,-0.014580551192078125,-0.011969343410534308
3143,-0.0099199770408283,-0.017482160006885406,-0.008923483097151706,-0.0042691326530611695
3144,-0.010416967917876701,-0.013667913051466505,-0.010701873295239517,-0.006815920802463377
3145,-0.0066980247222447,-0.0058229263808889774,-0.00844553934680281,-0.009784624139016568
3146,-0.0071723280342585,-0.007166317139874503,-0.01794016604710014,-0.013029833245226621
3147,-0.0075234884863444,-0.005521788847004033,-0.012608763702184778,-0.007552383253470789
3148,-0.00821170518015765,-0.014249164582636895,-0.01106900199020297,-0.007700777632161053
3149,-0.002088242997333873,-0.00981524331048144,-0.01211504458612683,-0.010224570624160115
3150,-0.0008446935616448,-0.01218266703187966,-0.008695330981740662,-0.005719750036645738
3151,-0.0068303677012791,-0.009156068506534089,-0.009141665088749383,-0.010531483131530125
3152,-0.0035649951229607497,-0.00582943457046093,-0.0092199181271692,-0.006183041027262144
3153,-0.0063991202195798,-0.005719750036645738,-0.009069149831649831,-0.011993247728927025
3154,-0.01228965197287155,-0.006815920802463377,-0.012719648258282916,-0.013487923136229126
3155,-0.0023898164857300997,-0.011843101651469703,-0.014576751032023116,-0.013012878036959198
3156,-0.0090091286012307,-0.011279003528573209,-0.011875627465109662,-0.0038744437284593883
3157,-0.0068333468265336,-0.011931255395319904,-0.009007519781612627,-0.011209034624408809
3158,-0.0076267466424740004,-0.009497400482197335,-0.014076577100527782,-0.008695139023946717
3159,-0.0051343636869952,-0.010048766087066202,-0.01137418887564866,-0.006511058439301401
3160,-0.0141211606320007,-0.006296945439597565,-0.010701873295239517,-0.009133796296296293
3161,-0.0068267873874491,-0.008317338515946767,-0.013230788611740991,-0.01207307248999592
3162,-0.00068167099200685,-0.012538149828868597,-0.011528189989771325,-0.014261143969831736
3163,-0.0135007863362632,-0.009952815385615519,-0.008695330981740662,-0.009651760101360762
3164,-0.0106150850969576,-0.015333622688754087,-0.012044985199461388,-0.0035520624454784544
3165,-0.01036658601924135,-0.00622729287841485,-0.015601374288182514,-0.009336304910825145
3166,-0.0046646748500815,-0.0028803791368629816,-0.009687357738018083,-0.007552383253470789
3167,-0.0073758978769548,-0.0025474759246913448,-0.010701873295239517,-0.010355102303223545
3168,-0.00147516287047085,-0.005608851652051295,-0.010250038422996885,-0.00795110067354939
3169,-0.0112961596086264,-0.005521788847004033,-0.011615615004673174,-0.011969343410534308
3170,-0.0012998318151895506,-0.008344289530026562,-0.014383453806590861,-0.004238618336045611
3171,-0.008446962596213949,-0.008864084803434757,-0.014592525341406558,-0.00582943457046093
3172,-0.00734410719809345,-0.005629020427070107,-0.010239940796521445,-0.005546487747145641
3173,-0.014550929739760101,-0.011400482130672088,-0.008695330981740662,-0.010119882198998238
3174,-0.0077867800331759,-0.008949851398196474,-0.006664166666666679,-0.011265452237294792
3175,-0.0051343636869952,-0.005608851652051295,-0.009387360821607838,-0.014364057883618248
3176,-0.0111895963336358,-0.008317338515946767,-0.011770654141361261,-0.011209045584045584
3177,-0.0035139256170633,-0.008864084803434757,-0.01397415088623609,-0.00622886463844799
3178,-0.008998864697394,-0.005719750036645738,-0.012524237498199663,-0.011435191510333807
3179,-0.0117861883486882,-0.00516591669538536,-0.010420078763828763,-0.0056667330869466515
3180,-0.0068582060164551,-0.006737213403880032,-0.012524237498199663,-0.008774814842877305
3181,-0.0023683975605445,-0.008310315765616659,-0.013292896073375266,-0.006342064594356276
3182,-0.003947765091964451,-0.011902777777777769,-0.008695330981740662,-0.011902777777777769
3183,-0.0121881378267573,-0.0004990570833654992,-0.012608763702184778,-0.00830537197147832
3184,-0.00516255933360165,-0.011502521270015064,-0.007439106633270026,-0.009388660450200925
3185,-0.0039341082712543,-0.011279003528573209,-0.008433365082629762,-0.011318846743453063
3186,-0.0016542007239385,-0.011370292019381528,-0.010874687782293857,-0.005254236715306823
3187,-0.0008011664261663,-0.001439680555784648,-0.013772229683896353,-0.005633118891895689
3188,-0.0075900445964661,-0.01394641872204179,-0.010701873295239517,-0.0054091617518304234
3189,-0.0075039430428525495,-0.009780564895628285,-0.01055331653964162,-0.0004990570833654992
3190,-0.00889499294985065,-0.005719750036645738,-0.009186632798748963,-0.00582943457046093
3191,-0.0084416535940379,-0.01222048612232155,-0.011272656873118948,-0.02357334921778701
3192,-0.00468383317281585,-0.01220075931809958,-0.011191753798622563,-0.0037840779753747435
3193,-0.0039528276114929,-0.02357334921778701,-0.008687230593480592,-0.0065512002773011405
3194,-0.0095005058963285,-0.014300525576716086,-0.008543424561955271,-0.0119111667763825
3195,-0.0090091286012307,-0.006920819822157134,-0.016047215044176444,-0.008974608391336326
3196,-0.0037954423461669,-0.005736734788018637,-0.01255147287559622,-0.005555240088970043
3197,-0.0051343636869952,-0.00881542048637636,-0.00989729927441764,-0.0008761415979400278
3198,-0.0109279550600196,-0.003379031656730539,-0.008758783384080121,-0.004886347857321213
3199,-0.0097595127215445,-0.01298381109071738,-0.013176041666666638,-0.008647990475847134
3200,-0.0119067513368983,-0.0153036382183818,-0.004927932458291316,-0.0035520624454784544
3201,-0.0093602693602693,-0.0035217246764962865,-0.017361382250025995,-0.0015477632099663956
3202,-0.0066980247222447,-0.0119111667763825,-0.011297619157017432,-0.014532033280110213
3203,-0.01197077720281315,-0.006637243839825901,-0.012882818379663971,-0.000570665245276325
3204,-0.0048473106950603,-0.011209034624408809,-0.01406271280808025,-0.005192865675646845
3205,-0.0058757675395991,-0.011716133644446616,-0.012495189247985435,-0.007552383253470789
3206,-0.0123333333333333,-0.008842594242234322,-0.010374420121725687,-0.016473975835226213
3207,-0.0093602693602693,-0.011238379660827514,-0.009901588219307866,-0.005089785727202235
3208,-0.00729159144221885,-0.014261143969831736,-0.01052106439240727,-0.013093400391314791
3209,-0.0057885289373904,-0.012648982509970826,-0.010701873295239517,-0.008647990475847134
3210,-0.0134812171372189,-0.0034741512345679085,-0.013025405716810608,-0.015450514939605798
3211,-0.0084949751341739,-0.010106402696260286,-0.009476408328381994,-0.005719750036645738
3212,-0.0082070707070707,-0.016821813705957294,-0.012337294446922602,-0.01113931540774176
3213,-0.003947765091964451,-0.011265452237294792,-0.01052106439240727,-0.009934238920387936
3214,-0.00929316861839155,-0.013013575630245897,-0.011191753798622563,-0.004127250696145085
3215,-0.00517034109529295,-0.009651760101360762,-0.01251900642668049,-0.01213271225068524
3216,-0.0052103101622223,-0.005578135356706815,-0.011853592825600895,-0.0027686620181753933
3217,-0.004763030966239449,-0.014902771170628326,-0.010105461471317204,-0.012413173627157707
3218,-0.00341824561402205,-0.011265452237294792,-0.012719648258282916,-0.009982760396255279
3219,-0.0025389412144442,-0.010355102303223545,-0.005543300236830272,-0.008157280408164186
3220,-0.0084949751341739,-0.01422625965717492,-0.011644245755667637,-0.00634420884668872
3221,-0.0096401232005488,-0.0075778149944777246,-0.01052106439240727,-0.009133796296296293
3222,-0.0066980247222447,-0.0110576556014262,-0.008179903738093242,-0.001131508048778115
3223,-0.0120898724496495,-0.00581395068540437,-0.010892108076819012,-0.009776685217785953
3224,-0.00732018714600455,-0.003510451100193133,-0.007969399436194347,-0.0119111667763825
3225,-0.0051343636869952,-0.0096354806320136,-0.012438905620374648,-0.006137217416076299
3226,-0.0039341082712543,-0.005744180177707246,-0.012233227867957431,-0.011370292019381528
3227,-0.0007015812463911999,-0.019863495411114457,-0.01383508478924529,-0.008682252999125211
3228,-0.006031350258083049,-0.01051828703703703,-0.012065357382887436,-0.00679990316862536
3229,-0.00286877862670835,-0.006511058439301401,-0.011156771743676505,-0.0032752525252525266
3230,-0.00645817335931665,-0.009936372446450445,-0.013058565780740132,-0.008313885360289933
3231,-0.0079634112319733,-0.008313885360289933,-0.014783773843086552,-0.003405861583278824
3232,-0.0082580883143771,-0.004937787669290244,-0.012940805666067246,-0.006342064594356276
3233,-0.00507829069038625,-0.008864084803434757,-0.008325947575904467,-0.006436647727835249
3234,-0.0100048925356712,-0.008344289530026562,-0.01181290849332161,-0.011265452237294792
3235,-0.009517913318887551,-0.003405861583278824,-0.010892108076819012,-0.011362847602615356
3236,-0.00532268761700945,-0.005546400392830941,-0.008695330981740662,-0.010505743314171591
3237,-0.0123456466525421,-0.008060887541727166,-0.011615615004673174,-0.009936372446450445
3238,0.0,-0.008695139023946717,-0.01263037042216011,-0.01496154733153523
3239,-0.0096690540830622,-0.006737213403880032,-0.014697033202219524,-0.007980653416461125
3240,-0.0046646748500815,-0.007050677624738265,-0.01280743646065257,-0.006640120152075822
3241,-0.0040773765646609,-0.009283949371449364,-0.012170857411212915,-0.010505743314171591
3242,-0.01560873443134465,-0.009497400482197335,-0.010078909616266792,-0.005997809725735256
3243,-0.0124574896600844,-0.011382816257816243,-0.013769125531487373,-0.005546487747145641
3244,-0.0024192505286246,-0.012655395046257633,-0.018369245212410703,-0.00996719591585488
3245,-0.0119802553689678,-0.005736734788018637,-0.010436913985103475,-0.005521788847004033
3246,-0.002479674895297,-0.009936372446450445,-0.012686261601403612,-0.006456776031094444
3247,-0.0047056709518095,-0.011777460701494994,-0.01071160047410121,-0.006637243839825901
3248,-0.0098210544901722,-0.00846215777022355,-0.012882818379663971,-0.011451087233439667
3249,-0.0064538017936231,-0.00981524331048144,-0.01052106439240727,-0.004243351665261352
3250,-0.0089567792840897,-0.012965308701294864,-0.010739261841577488,-0.007361338836245287
3251,-0.0035515053559521,-0.015393298059964713,-0.0029223051631804206,-0.00622886463844799
3252,-0.011687635004734749,-0.014685178537973369,-0.010433917269440136,-0.010106402696260286
3253,-0.0106348814229249,-0.011265452237294792,-0.010665116669204219,-0.006503232413782851
3254,-0.00597938783510135,-0.01044681685157876,-0.009638074429283593,-0.01110303696569107
3255,-0.0065215121483298,-0.01224663654624284,-0.012083543940134698,-0.00516591669538536
3256,-0.0016907925961081,-0.009570889198705329,-0.01406271280808025,-0.005495025132518302
3257,-0.0023898164857300997,-0.011983274157962262,-0.008906386504137937,-0.006452554752578251
3258,-0.0078216188365342,-0.003781545598158048,-0.010701873295239517,-0.009700972565726381
3259,-0.0111895963336358,-0.0051719830751949525,-0.017012433527598878,-0.010602787788341197
3260,-0.0077867800331759,-0.007829476111569936,-0.008433382651624341,-0.009497400482197335
3261,-0.0029757164694958,-0.01285883488900649,-0.00795808034958757,-0.005755859880859887
3262,0.0,-0.011606728522003909,-0.013770542163312173,-0.005744180177707246
3263,-0.0034624719822088,-0.012846132124048814,-0.007879109391200172,-0.007552383253470789
3264,-0.0036780526858889,-0.004846815051552225,-0.012583016076017011,-0.006503414786125039
3265,-0.0042535331339657,-0.012538149828868597,-0.006926346037566604,-0.013167952627968882
3266,-0.01190277661984995,-0.010894687290321003,-0.015882239050335843,-0.011972360083436568
3267,-0.0060489764812391,-0.005633118891895689,-0.008031548195436593,-0.012847180050112289
3268,-0.0074105927868749494,-0.003866650724444254,-0.010420078763828763,-0.014478037265249119
3269,-0.01027493284695255,-0.010854884062096753,-0.013081035101626531,-0.005079326945045561
3270,-0.0023898164857300997,-0.010364110367297452,-0.008695330981740662,-0.010602787788341197
3271,-0.00842977660425725,-0.012604565969533592,-0.008662597518191793,-0.00996719591585488
3272,-0.0103430682283554,-0.010054499390174703,-0.011453841119081636,-0.005079326945045561
3273,-0.0053310759193111,-0.0049260284680743595,-0.011595564158905256,-0.00463642886733661
3274,-0.00873176952191465,-0.006950313060318828,-0.013058565780740132,-0.012971908009665814
3275,-0.010279163466111348,-0.011902777777777769,-0.013230788611740991,-0.006737213403880032
3276,-0.0052103101622223,-0.013047587416620918,-0.010701873295239517,-0.003781545598158048
3277,-0.007693424346356999,-0.004325992576670195,-0.005923763117657573,-0.010592982954545471
3278,-0.006524270088978,-0.012427317147766369,-0.0053608225295541856,-0.014039872676901176
3279,-0.00733467389471345,-0.011902777777777769,-0.0114074051604363,-0.014261143969831736
3280,-0.0136524109644147,-0.00846215777022355,-0.013860044919997254,-0.012512532405865785
3281,-0.0015676273844018,-0.006543026900271611,-0.009382201775419026,-0.006920819822157134
3282,-0.0106348814229249,-0.011902777777777769,-0.01715319766485761,-0.009321871914828972
3283,-0.0039528276114929,-0.012604565969533592,-0.015326001593828763,-0.008906456375004444
3284,-0.00936279391016125,-0.00301301193990027,-0.013769125531487373,-0.00910903930315644
3285,-0.0020981200597611,-0.011007346441897173,-0.009926051902242376,-0.008695139023946717
3286,-0.0039671969215039,-0.011972360083436568,-0.016564884691887966,-0.009756007994335392
3287,-0.0040349971165494,-0.01388695059682396,-0.006655406909855551,-0.0051719830751949525
3288,-0.0037954423461669,-0.010524946348776196,-0.011770654141361261,-0.01124335162541554
3289,-0.003947765091964451,-0.006503232413782851,-0.01032639204545454,-0.007980653416461125
3290,-0.0012496604504677,-0.008368710271111142,-0.01052106439240727,-0.010882896049395352
3291,-0.0037954423461669,-0.010924806039638527,-0.012044985199461388,-0.0038744437284593883
3292,-0.0099210292945751,-0.007816669761729277,-0.014277435767602726,-0.008382375590029694
3293,-0.00435613760583565,-0.005400805757661602,-0.01570653976245855,-0.008842594242234322
3294,-0.0107988142106782,-0.006130302677268826,-0.011623226153495557,-0.00463642886733661
3295,-0.0109220354160324,-0.00515660278704224,-0.010834732486872858,-0.014094832614113748
3296,-0.0058515034633455,-0.0163729268206263,-0.01406271280808025,-0.003187727189683791
3297,-0.0083181081406096,-0.005339581714581716,-0.012495420844757927,-0.006727581438454047
3298,-0.0046646748500815,-0.0065703783654935,-0.010817444686493432,-0.00815608080478621
3299,0.0,-0.013006829572250078,-0.011003122184373656,-0.012678505953723081
3300,-0.008914446305549849,-0.009700972565726381,-0.010701873295239517,-0.007268080049213074
3301,-0.0043671326555313,-0.005939343899406599,-0.0104395332511904,-0.012604565969533592
3302,-0.00967459438159835,-0.011995880561424317,-0.011088413341312154,-0.013891822991822955
3303,-0.00772738288623365,-0.008647990475847134,-0.013058565780740132,-0.011502521270015064
3304,-0.00227490436439445,-0.011843101651469703,-0.012575290054291276,-0.005546400392830941
3305,0.0,-0.013909218963906463,-0.011853592825600895,-0.017482160006885406
3306,-0.0043570306722684506,-0.009315755735198581,-0.009709445416115653,-0.012847180050112289
3307,-0.0042535331339657,-0.010625956935480754,-0.012608763702184778,-0.009497400482197335
3308,-0.0041949860131678,-0.012636458399057356,-0.009581940804101623,-0.014902771170628326
3309,-0.00358865871666065,-0.006452554752578251,-0.011160369697703565,-0.006222518379410305
3310,-0.01170672471329485,-0.009213871503509045,-0.010701873295239517,-0.009027605048539791
3311,-0.0052287048131923,-0.011993247728927025,-0.008305311355311353,-0.0047854445993526645
3312,-0.0119067513368983,-0.011400482130672088,-0.0137437529456204,-0.006974564893340522
3313,-0.0016516802710362499,-0.011209034624408809,-0.010701873295239517,-0.008808364080796188
3314,-0.0054797118296097,-0.0019240414078707732,-0.005528152477590097,-0.012938165687716621
3315,-0.0055186667042923495,-0.004849269165852852,-0.010618944744438492,-0.009934238920387936
3316,-0.0038370952476869,-0.00888292427901019,-0.006645984951040158,-0.02013122744882747
3317,-0.0093831470988094,-0.014107687861969573,-0.010219642122883408,-0.0037190027095990756
3318,-0.0071723280342585,-0.009936372446450445,-0.01315960258392732,-0.0052772814111144845
3319,-0.00652403468175645,-0.011952777591610543,-0.012421678931570555,-0.00793448821823678
3320,-0.009517913318887551,-0.01222048612232155,-0.012608763702184778,-0.005710235690235661
3321,-0.0143040006272357,-0.009776685217785953,-0.014856281663769597,-0.006045482916089442
3322,-0.0090091286012307,-0.008368710271111142,-0.007150390082763275,-0.010364110367297452
3323,-0.0026769504097935,-0.00961699798912146,-0.01032639204545454,-0.010364110367297452
3324,-0.0124058429039632,-0.011987486971272263,-0.017322753386373034,-0.00793448821823678
3325,-0.01078473774298305,-0.007166317139874503,-0.013104828328843965,-0.00516591669538536
3326,-0.00929316861839155,-0.008815934809000732,-0.01408550934973967,-0.013029833245226621
3327,-0.0038359788359788,-0.008459533763960629,-0.009141665088749383,-0.010204104913003276
3328,-0.0030926405229513504,-0.011031964823071169,-0.011623226153495557,-0.012604565969533592
3329,-0.0051343636869952,-0.004747588807195502,-0.012941089894813625,-0.012427317147766369
3330,-0.0037950708774898002,-0.011238379660827514,-0.011644245755667637,-0.005736734788018637
3331,-0.00517034109529295,-0.005633118891895689,-0.013014722728622325,-0.0035520624454784544
3332,-0.0140015805986179,-0.007700777632161053,-0.012065357382887436,-0.01255835361157287
3333,-0.0056720741972019,-0.011987486971272263,-0.007293758342557534,-0.012965308701294864
3334,-0.004763030966239449,-0.014776449015502902,-0.010627986084738417,-0.011783523947844756
3335,-0.010419119319619051,-0.009047533088800519,-0.016997303382470817,-0.012413173627157707
3336,-0.00809883456975005,-0.010207886751417036,-0.0122512364224374,-0.00622886463844799
3337,-0.01161939252752715,-0.009156068506534089,-0.010204904006762576,-0.012078839971048165
3338,0.0,-0.012063770538146754,-0.01315960258392732,-0.011007346441897173
3339,-0.0037954423461669,-0.0096354806320136,-0.013897526236284086,-0.009886510706615816
3340,-0.00458644251167125,-0.007141015223366411,-0.013188519372916405,-0.013289425924703278
3341,-0.0031625472850303,-0.010054499390174703,-0.012524237498199663,-0.008293901963277093
3342,-0.00517034109529295,-0.010961929708861354,-0.010995752115274681,-0.006455264550264562
3343,-0.0025045961477585,-0.011983274157962262,-0.012075101470122106,-0.004638792871563385
3344,0.0,-0.007116081982155516,-0.01636083875052747,-0.013318639671463933
3345,-0.0041949860131678,-0.01363859260293078,-0.00512062711234984,-0.01129252481376207
3346,-0.0051343636869952,-0.011007346441897173,-0.010250038422996885,-0.010629860364808475
3347,-0.0041949860131678,-0.012399030106549047,-0.0059814193890071685,-0.006137217416076299
3348,0.0,-0.011265452237294792,-0.013860044919997254,-0.008637583323057793
3349,-0.0112163862521193,-0.01051828703703703,-0.012661633611333888,-0.01422625965717492
3350,-0.00563201480753505,-0.013850088183421538,-0.008758783384080121,-0.008060887541727166
3351,-0.0045364018036704,-0.004819854567943666,-0.010069302000248706,-0.01595676998380384
3352,-0.0058585149355939,-0.0110576556014262,-0.01567456749024323,-0.010220600122981097
3353,-0.009517913318887551,-0.009475570802136592,-0.014857525059953275,-0.015332246658202342
3354,-0.0043619604618319995,-0.006737213403880032,-0.0057473813155553884,-0.015256442032110573
3355,-0.00789822140002855,-0.0068454812963081885,-0.016048051985789177,-0.01113931540774176
3356,-0.001007414475639261,-0.005054244799056945,-0.008205487938416203,-0.007185567973036014
3357,-0.0033761683319186997,-0.012358375420875348,-0.015276080094655996,-0.005633118891895689
3358,-0.0065215121483298,-0.00325823545885541,-0.010105461471317204,-0.005601063700155888
3359,-0.00527197674913025,-0.012847180050112289,-0.013230788611740991,-0.013097546931679546
3360,-0.0108468801496535,-0.008949851398196474,-0.008758783384080121,-0.008949851398196474
3361,-0.0098210544901722,-0.008317338515946767,-0.01569734968314511,-0.008199413695437297
3362,-0.0041815555416761995,-0.006281023526005711,-0.010701873295239517,-0.011716133644446616
3363,-0.0026769504097935,-0.009074558338804713,-0.012571449954328316,-0.018859462682895935
3364,-0.00255636652229705,-0.007509308868209316,-0.006825453934850564,-0.006920819822157134
3365,-0.00516255933360165,-0.015333622688754087,-0.011200121614948773,-0.006511058439301401
3366,-0.0054797307323138,-0.010797431321770821,-0.010589688913120402,-0.0035479116245236524
3367,-0.0081286266384305,-0.009475570802136592,-0.01181290849332161,-0.009133796296296293
3368,-0.00509682087809635,-0.015186144105141856,-0.010436913985103475,-0.012938165687716621
3369,-0.00311364920426805,-0.008607150510093059,-0.00580904518514715,-0.011993247728927025
3370,-0.0114068465466458,-0.011152969775275991,-0.012548408384820853,-0.006640120152075822
3371,-0.0055186667042923495,-0.0065512002773011405,-0.006645984951040158,-0.0048943189503056
3372,-0.01387711107526705,-0.009570889198705329,-0.013539433013417607,-0.005192865675646845
3373,-0.0059494009514008,-0.005400805757661602,-0.010503489885634876,-0.008157280408164186
3374,-0.002675399348692,-0.01051828703703703,-0.014535814889902753,-0.00301301193990027
3375,0.0,-0.010364110367297452,-0.011156771743676505,-0.0035217246764962865
3376,-0.0039579706632636,-0.012696599533201399,-0.006223345513242303,-0.00881542048637636
3377,-0.0079630331475008,-0.010054499390174703,-0.0060749733208077025,-0.009934238920387936
3378,-0.00779217923518785,-0.010602787788341197,-0.011031606671936409,-0.00989199731863925
3379,-0.0063051832545995,-0.005054244799056945,-0.010198257006151762,-0.009700172471136744
3380,-0.0115541908051099,-0.005497177301177124,-0.010739261841577488,-0.0020642888656552637
3381,-0.00415770021473895,-0.007829476111569936,-0.01733327783395909,-0.01298381109071738
3382,-0.01031670632017,-0.010041460039079103,-0.014697033202219524,-0.012413173627157707
3383,-0.007874906590338349,-0.008864084803434757,-0.008758783384080121,-0.005608851652051295
3384,-0.00563201480753505,-0.011843101651469703,-0.014783773843086552,-0.013909218963906463
3385,-0.0068918735585401,-0.008139765948013494,-0.010665116669204219,-0.0064043209876543175
3386,-0.0035515053559521,-0.009776685217785953,-0.009042116264993322,-0.01394641872204179
3387,-0.01025968002101325,-0.012427317147766369,-0.009573465416372823,-0.004888554050116567
3388,-0.008491610170304899,-0.008199413695437297,-0.01045512679226189,-0.00996719591585488
3389,-0.00899863884414875,-0.005744180177707246,-0.012575290054291276,-0.009700972565726381
3390,-0.0012398374476485,-0.0037840779753747435,-0.010739261841577488,-0.008344289530026562
3391,-0.00275528041670175,-0.0055095085471909,-0.00798335001159647,-0.010355102303223545
3392,-0.0061302023707215,-0.006143058655322546,-0.008179903738093242,-0.011238379660827514
3393,-0.01063369160795625,-0.013006829572250078,-0.009670522504363652,-0.0023736263736263766
3394,-0.004623805520222251,-0.008043956043956062,-0.013772229683896353,-0.010582054990207132
3395,-0.01080239944661915,-0.008689016916640223,-0.007190503788980295,-0.008951126051071862
3396,-0.0060353248018778,-0.00758486503992245,-0.012571449954328316,-0.007006999933861439
3397,-0.013154649229379,-0.011952777591610543,-0.01603470828810927,-0.012095222725316128
3398,-0.0111581039591036,-0.012799679435449796,-0.012608763702184778,-0.00634420884668872
3399,-0.00645817335931665,-0.012407024493032172,-0.011928833134227133,-0.010843738837068016
3400,-0.0043413250724581,-0.008695139023946717,-0.01106900199020297,-0.014107687861969573
3401,-0.0106453752340189,-0.0083395130183639,-0.005159650541938452,-0.00550860191990462
3402,-0.01031670632017,-0.010355102303223545,-0.011528189989771325,-0.006452554752578251
3403,-0.0096401232005488,-0.012240937908200047,-0.014404644865930006,-0.01422625965717492
3404,-0.00734410719809345,-0.00582943457046093,-0.009670522504363652,-0.011557523851168743
3405,-0.009641390709474,-0.011969343410534308,-0.012575290054291276,-0.006342064594356276
3406,-0.001590628941635,-0.008368710271111142,-0.010701873295239517,-0.008313885360289933
3407,-0.0073607246426116,-0.010740420498788754,-0.011978569676472544,-0.011031964823071169
3408,-0.0112163862521193,-0.010574026424081671,-0.010060441805203225,-0.008695139023946717
3409,-0.0055186667042923495,-0.008689016916640223,-0.016564884691887966,-0.008727240154750876
3410,-0.0051127330445941,-0.012427317147766369,-0.009981481481481477,-0.0043713960043925155
3411,-0.0052287048131923,-0.00622886463844799,-0.011595564158905256,-0.013909218963906463
3412,-0.01310441554173645,-0.011240572794844784,-0.01213859169477435,-0.007322900100791195
3413,-0.01595866013406145,-0.011370292019381528,-0.010385297719442186,-0.01129252481376207
3414,-0.00566781668275105,-0.011318846743453063,-0.010436913985103475,-0.012358375420875348
3415,-0.0071723280342585,-0.0015906614740560689,-0.01045512679226189,-0.013333084470719951
3416,-0.00809883456975005,-0.00658450315287213,-0.011644245755667637,-0.00645102438849959
3417,-0.004449580620014,-0.01001342101795271,-0.016674418146156132,-0.01069805363771864
3418,-0.0056742991932311,-0.007552383253470789,-0.012438905620374648,-0.0053099213174980266
3419,-0.008521127205708,-0.01143218776100735,-0.01684969277740285,-0.010051684547303742
3420,-0.00563201480753505,-0.011151558441558414,-0.01338804261922354,-0.007464111409650628
3421,-0.00773764679007035,-0.007116081982155516,-0.00819000368669954,-0.011502521270015064
3422,-0.00358865871666065,-0.008317338515946767,-0.010995752115274681,-0.003781545598158048
3423,-0.01027381241445245,-0.01170076558577083,-0.01194869035760986,-0.010602787788341197
3424,-0.008429539662712149,-0.0096354806320136,-0.01280743646065257,-0.011238379660827514
3425,-0.0037954423461669,-0.010386694009908565,-0.018101012002805547,-0.006371185952941311
3426,-0.0107206699487307,-0.013269303699952833,-0.015778081171284312,-0.00996719591585488
3427,-0.0071900252423621,-0.006460248305844178,-0.01592396331316087,-0.006815920802463377
3428,-0.0039528276114929,-0.007391816154389268,-0.011974314960939023,-0.007464111409650628
3429,-0.003519366266059,-0.010843738837068016,-0.016998585766264583,-0.005546487747145641
3430,-0.00523271980315315,-0.009153320950470147,-0.008718849064431454,-0.004706525558637598
3431,-0.0042745682319871,-0.01422625965717492,-0.0137437529456204,-0.008864084803434757
3432,-0.0124058429039632,-0.007130838471233418,-0.010874687782293857,-0.010499300920440196
3433,-0.00435613760583565,-0.007390584723918047,-0.014908539839502667,-0.010455026455026467
3434,-0.006524270088978,-0.010531483131530125,-0.004785616025324377,-0.005497177301177124
3435,-0.01197077720281315,-0.01548628793898079,-0.013935725552438558,-0.004621197707462478
3436,-0.0068267873874491,-0.013318639671463933,-0.011317617211033474,-0.011394201231481528
3437,-0.0084416535940379,-0.01496154733153523,-0.012438905620374648,-0.0047854445993526645
3438,-0.0106453752340189,-0.008974608391336326,-0.015558243413361296,-0.005179435063378347
3439,-0.0058585149355939,-0.008043956043956062,-0.009237247406818116,-0.008139765948013494
3440,-0.012173171281077151,-0.010455026455026467,-0.005156384390643649,-0.011993247728927025
3441,-0.004623805520222251,-0.012240937908200047,-0.014795324535963474,-0.005254236715306823
3442,-0.00507829069038625,-0.005400805757661602,-0.012882818379663971,-0.008864084803434757
3443,-0.00584135271635265,-0.01222048612232155,-0.009285857135564086,-0.00981524331048144
3444,-0.008521127205708,-0.006647550365079056,-0.008631878579401203,-0.006330930949014031
3445,-0.0064784948790853,-0.01579785440825652,-0.01081781072504822,-0.008857526556932532
3446,-0.0071723280342585,-0.00899579572713928,-0.00982908683600494,-0.0015906614740560689
3447,-0.0053448286467510505,-0.007357599220366044,-0.013769125531487373,-0.012876160307688083
3448,-0.0061670871904789,-0.0037277375463627034,-0.013230788611740991,-0.007464111409650628
3449,-0.0056213796673904,-0.011240572794844784,-0.013720651559866556,-0.011333086474953472
3450,-0.0106150850969576,-0.015737466611630738,-0.010503489885634876,-0.01110303696569107
3451,-0.00645817335931665,-0.009570889198705329,-0.009147645997281247,-0.006815920802463377
3452,-0.012195395683514399,-0.010311260603637032,-0.009145304495084088,-0.0020642888656552637
3453,-0.0075900445964661,-0.006511058439301401,-0.013397062289562278,-0.007509308868209316
3454,-0.0046866459820435,-0.008949851398196474,-0.008916280315269698,-0.0075778149944777246
3455,-0.01368678179923565,-0.007116081982155516,-0.009855820337070338,-0.008607150510093059
3456,-0.0088872577508074,-0.007701729809426499,-0.01748550748664292,-0.010355102303223545
3457,-0.0108468801496535,-0.010629860364808475,-0.01715319766485761,-0.0038517970786614633
3458,-0.013154649229379,-0.0083395130183639,-0.012882818379663971,-0.003528635878578648
3459,-0.0166658527740586,-0.0009259906759906712,-0.013057509382340259,-0.004937787669290244
3460,-0.013154649229379,-0.011291873101282882,-0.008297985347985357,-0.0096354806320136
3461,0.0,-0.011560450926046361,-0.015922321728892713,-0.006511058439301401
3462,-0.0089567792840897,-0.005340833987701021,-0.017322753386373034,-0.0049260284680743595
3463,-0.0039528276114929,-0.009319690264873089,-0.010665116669204219,-0.013047587416620918
3464,-0.0063981994100258,-0.014621693121693126,-0.01732855486095375,-0.006352813801172516
3465,-0.0004364591382434,-0.010355102303223545,-0.014172000330231634,-0.006737213403880032
3466,-0.009425809568794,-0.005755859880859887,-0.010665116669204219,-0.010574026424081671
3467,-0.0110262712294628,-0.011920350859779796,-0.010874687782293857,-0.015469517039655385
3468,-0.0123416026456103,-0.0049260284680743595,-0.008383532334524404,-0.00399800031321388
3469,-0.00408023483405205,-0.01319320100095654,-0.01676177261876205,-0.005719750036645738
3470,-0.00360084812853675,-0.005228963907592286,-0.012423893753373926,-0.011264860007964547
3471,-0.000436765615337,-0.010224570624160115,-0.013891823987658173,-0.005633118891895689
3472,-0.0040773765646609,-0.0032752525252525266,-0.006240558173398528,-0.012399030106549047
3473,-0.0077637845093280495,-0.012427317147766369,-0.014856281663769597,-0.007464111409650628
3474,-0.0026769504097935,-0.00961699798912146,-0.010319120481390446,-0.010927220329199634
3475,-0.0073507193605232,-0.015716133845851007,-0.011794964982806098,-0.007136820273790909
3476,-0.0107581954538049,-0.011265452237294792,-0.008687230593480592,-0.013269303699952833
3477,-0.0075234884863444,-0.010224570624160115,-0.01570653976245855,-0.004550783271541483
3478,-0.0061670871904789,-0.008317338515946767,-0.013839965687428785,-0.011606728522003909
3479,-0.0119802553689678,-0.009604170179815703,-0.01211504458612683,-0.003781545598158048
3480,-0.01020101920416385,-0.00996719591585488,-0.008669471153846198,-0.0037441925913631706
3481,-0.0131427401949481,-0.009936372446450445,-0.012421678931570555,-0.00856498477430049
3482,-0.0088006674500482,-0.014107687861969573,-0.014795324535963474,-0.009756007994335392
3483,-0.00929316861839155,-0.01363859260293078,-0.009926051902242376,-0.0119111667763825
3484,-0.0090091286012307,-0.009784624139016568,-0.010752482283841958,-0.004737426747706865
3485,-0.0107988142106782,-0.005997809725735256,-0.00921314370604142,-0.009133796296296293
3486,-0.0103430682283554,-0.008344289530026562,-0.009573465416372823,-0.0035520624454784544
3487,-0.0030916669605922003,-0.010596311096436353,-0.01071160047410121,-0.009776685217785953
3488,0.0,-0.010470263851513856,-0.010838531522997633,-0.010602787788341197
3489,-0.00903839566351295,-0.01176703820333212,-0.009186632798748963,-0.012413173627157707
3490,-0.0094761504825895,-0.010917501259763169,-0.009315729482451185,-0.011220388560780559
3491,-0.005309141716300449,-0.0017675998537012017,-0.008027734777136109,-0.013805264920753027
3492,-0.0015942258030867001,-0.00645102438849959,-0.008458024194271973,-0.006183041027262144
3493,-0.0008200540456289,-0.005737737505548693,-0.007190503788980295,-0.010602787788341197
3494,-0.0068303677012791,-0.0038967181387069144,-0.014694359525315167,-0.007829476111569936
3495,-0.0066980247222447,-0.008842594242234322,-0.021238021265259376,-0.009321871914828972
3496,-0.002496025305264,-0.012399030106549047,-0.009382201775419026,-0.0054091617518304234
3497,-0.0122702589807853,-0.005425171267445961,-0.011978569676472544,-0.009156068506534089
3498,-0.0141211606320007,-0.011238379660827514,-0.015848617851384198,-0.008139765948013494
3499,-0.0095830571592493,-0.010843738837068016,-0.013176041666666638,-0.008199413695437297
3500,-0.0084416535940379,-0.013199164067901226,-0.010239940796521445,-0.01548628793898079
3501,-0.0079027739244248,-0.010224570624160115,-0.0125084580380633,-0.01051828703703703
3502,-0.00929316861839155,-0.011240572794844784,-0.006394851054877011,-0.005087645795450013
3503,-0.0026310846999963,-0.011902777777777769,-0.01567456749024323,-0.005578135356706815
3504,-0.0093602693602693,-0.009305834155470084,-0.013270543120034353,-0.0048943189503056
3505,-0.0052287048131923,-0.008262307567758326,-0.012075101470122106,-0.003548683633194499
3506,-0.0081705469325868,-0.009784624139016568,-0.012608763702184778,-0.009820258021672995
3507,-0.0044867321795998,-0.0119111667763825,-0.014524234892659423,-0.011264860007964547
3508,-0.008429539662712149,-0.011318846743453063,-0.013935725552438558,-0.012413173627157707
3509,-0.0060353248018778,-0.008313885360289933,-0.01724025606330314,-0.00961699798912146
3510,-0.00532268761700945,-0.014647596454086653,-0.010107266431101498,-0.0043363714417636095
3511,-0.00821170518015765,-0.012240937908200047,-0.012505082134276466,-0.010625956935480754
3512,-0.00277891293156945,-0.009934238920387936,-0.016696404902398595,-0.008429945426478397
3513,-0.00645817335931665,-0.011265452237294792,-0.008609370408040495,-0.0049260284680743595
3514,-0.00053448770694425,-0.008815934809000732,-0.012075101470122106,-0.00672199838271384
3515,-0.0026310846999963,-0.007409939066610666,-0.012607913214345436,-0.013012878036959198
3516,-0.002113704125844,-0.010224570624160115,-0.01598844595691102,-0.012604565969533592
3517,-0.00963966132975645,-0.008864084803434757,-0.0035762387766554472,-0.008774814842877305
3518,-0.0106348814229249,-0.006342064594356276,-0.00819000368669954,-0.009485932273432987
3519,-0.002557931834247573,-0.01222048612232155,-0.01034627237127174,-0.008864084803434757
3520,-0.01098412015494215,-0.013006829572250078,-0.012607913214345436,-0.008317338515946767
3521,-0.0008200540456289,-0.010625956935480754,-0.013006959706959705,-0.013222311314457178
3522,-0.0068245384743701,-0.004849269165852852,-0.006680971390166013,-0.00582943457046093
3523,-0.0120518787555649,-0.006647550365079056,-0.010701873295239517,-0.01051828703703703
3524,-0.0124280481423337,-0.008647990475847134,-0.01810992367921903,-0.01124335162541554
3525,-0.0112163862521193,-0.00556965770387088,-0.012044985199461388,-0.004983968286481712
3526,-0.008162769335693949,-0.01422625965717492,-0.01265209643747467,-0.006511058439301401
3527,-0.0041815555416761995,-0.01170076558577083,-0.012438905620374648,-0.00622886463844799
3528,-0.0023025084734484497,-0.01294083134750475,-0.011875627465109662,-0.009952815385615519
3529,-0.0003619398233759507,-0.0038625161545944413,-0.008631878579401203,-0.006815920802463377
3530,-0.00440835663777265,-0.007816669761729277,-0.015326001593828763,-0.00793263169663315
3531,-0.0039528276114929,-0.005719750036645738,-0.011595564158905256,-0.006452554752578251
3532,-0.0107265703387327,-0.00645102438849959,-0.011184048644257566,-0.007268080049213074
3533,-0.0035283975283976,-0.005546487747145641,-0.016674418146156132,-0.009936372446450445
3534,-0.004976174937602,-0.013029833245226621,-0.013188519372916405,-0.012538149828868597
3535,-0.0017390584179799,-0.008864084803434757,-0.018212424891567887,-0.008157280408164186
3536,-0.01749068675089075,-0.010524946348776196,-0.013772229683896353,-0.01489085331835887
3537,-0.00147516287047085,-0.009934238920387936,-0.010745763152350572,-0.011238379660827514
3538,-0.0084949751341739,-0.002487419504953167,-0.013104828328843965,-0.011151558441558414
3539,-0.0080616169390889,-0.006352813801172516,-0.01052106439240727,-0.0035397990838203133
3540,-0.0003619398233759507,-0.008108606311731766,-0.006655406909855551,-0.011952777591610543
3541,-0.0037798448218686,-0.0032752525252525266,-0.010436913985103475,-0.014931849177608203
3542,-0.0060353248018778,-0.012407024493032172,-0.008895032051282115,-0.006815920802463377
3543,-0.0031048726238798,-0.0049260284680743595,-0.011495513137915095,-0.010364110367297452
3544,-0.0040773765646609,-0.006737213403880032,-0.010868444087784113,-0.011209034624408809
3545,-0.01195771169036945,-0.013514995712696404,-0.01052106439240727,-0.005997809725735256
3546,-0.0106348814229249,-0.012512532405865785,-0.014535814889902753,-0.008402729393850103
3547,-0.0030122114168308,-0.00909795772632111,-0.010701873295239517,-0.013167952627968882
3548,-0.0071723280342585,-0.0053099213174980266,-0.011790382966571821,-0.012400968771260635
3549,-0.0106150850969576,-0.011902777777777769,-0.011794964982806098,-0.008647990475847134
3550,-0.00779217923518785,-0.008637583323057793,-0.008987407320970399,-0.013201043524483081
3551,-0.0056742991932311,-0.010130689909380049,-0.005591458999540591,-0.010051684547303742
3552,-6.106226635438361e-16,-0.010119882198998238,-0.006861833673851627,-0.00881542048637636
3553,-0.00563201480753505,-0.005629020427070107,-0.012065357382887436,-0.006183041027262144
3554,0.0,-0.011220388560780559,-0.01577683777510064,-0.010364110367297452
3555,-0.008429539662712149,-0.012538149828868597,-0.013402495607254844,-0.011279003528573209
3556,-0.0054380384749405,-0.01170076558577083,-0.008543424561955271,-0.009133796296296293
3557,-0.0111581039591036,-0.01278704870455678,-0.013839477021888454,-0.010602787788341197
3558,-0.0017390584179799,-0.011995880561424317,-0.0092199181271692,-0.005079326945045561
3559,-0.011504817444219,-0.004830745600046113,-0.010105461471317204,-0.014532033280110213
3560,-0.0098678934287302,-0.00881542048637636,-0.008455044259606689,-0.00910903930315644
3561,-0.0107988142106782,-0.014261143969831736,-0.010052215287066069,-0.006452554752578251
3562,-0.0080616169390889,-0.0049732627618637865,-0.009237247406818116,-0.011470744533341142
3563,-0.0063250945700606,-0.012655395046257633,-0.009200013439107011,-0.014249164582636895
3564,-0.008429539662712149,-0.0042691326530611695,-0.010752609481701616,-0.007322900100791195
3565,-0.0039528276114929,-0.010355102303223545,-0.010701873295239517,-0.00996719591585488
3566,-0.00308354359523945,-0.007050677624738265,-0.007534442427441598,-0.006815920802463377
3567,-0.0149668822755344,-0.002846008212812629,-0.010198257006151762,-0.013487923136229126
3568,-0.0030208333333333,-0.00634420884668872,-0.008343817082388509,-0.005192865675646845
3569,-0.0075039430428525495,-0.010876284563771184,-0.010050069442284053,-0.011918068211948823
3570,-0.0016542007239385,-0.009924331458065455,-0.009987606274155299,-0.00401720643851378
3571,-0.000284657391462,-0.006543026900271611,-0.010817444686493432,-0.010921257802186002
3572,-0.0105941730437372,-0.009823515288090515,-0.012206610290656835,-0.006452554752578251
3573,-0.00523271980315315,-0.012636458399057356,-0.013006959706959705,-0.011081028982697676
3574,-0.00734410719809345,-0.002887462780010411,-0.012829019802080297,-0.008590720987937471
3575,-0.00509682087809635,-0.00899579572713928,-0.008687230593480592,-0.00855253246344084
3576,-0.00286877862670835,-0.012410005935152159,-0.009315729482451185,-0.009321871914828972
3577,-0.0104796160034766,-0.008695139023946717,-0.01545554614139804,-0.011265452237294792
3578,-0.00509682087809635,-0.005719750036645738,-0.008687230593480592,-0.012056168421407349
3579,-0.008162769335693949,-0.0042691326530611695,-0.011101617770358754,-0.005710235690235661
3580,-0.002496025305264,-0.009924331458065455,-0.012855528312466755,-0.011007346441897173
3581,-0.00509682087809635,-0.0038744437284593883,-0.008197294149402484,-0.009952815385615519
3582,-0.0120920926983973,-0.0050126596128244084,-0.0137437529456204,-0.014215125473633669
3583,-0.0119086319823707,-0.007980653416461125,-0.010701873295239517,-0.006161192956511434
3584,-0.0052849109620655,-0.0049221838922210714,-0.0137437529456204,-0.009027605048539791
3585,-0.0107581954538049,-0.012063770538146754,-0.005675471274981974,-0.007829476111569936
3586,-0.0074105927868749494,-0.015111661486661498,-0.0163510092775642,-0.012348539273844931
3587,-0.0080616169390889,-0.005633118891895689,-0.010456821051569825,-0.006737213403880032
3588,-0.0056866071587353,-0.005755859880859887,-0.01360745677041033,-0.004580518533384308
3589,-0.0063981994100258,-0.007409939066610666,-0.010645360604307964,-0.011502521270015064
3590,-0.0125639828810131,-0.015186144105141856,-0.008758783384080121,-0.005139325756343568
3591,-0.00457762578591175,-0.00996719591585488,-0.008782251602564156,-0.012847180050112289
3592,-0.0092917117612339,-0.006920819822157134,-0.006664166666666679,-0.004828169419786518
3593,-0.0090193925050674,-0.009776685217785953,-0.01455488091829489,-0.005521788847004033
3594,-0.0052287048131923,-0.008906312837696256,-0.013230788611740991,-0.01113931540774176
3595,-0.0112437795854236,-0.0070133450385474055,-0.014153056692664943,-0.004834457603199005
3596,-0.008162769335693949,-0.006143058655322546,-0.010300900560138864,-0.00815608080478621
3597,-0.01008608309141215,-0.005719750036645738,-0.006866296676678992,-0.011382816257816243
3598,-0.0009841906252933,-0.013264890786682512,-0.009145304495084088,-0.005089785727202235
3599,-0.0068267873874491,-0.008402729393850103,-0.01315960258392732,-0.011843101651469703
3600,-0.0080616169390889,-0.009952815385615519,-0.016478235753567626,-0.005687917481645936
3601,-0.004147589109082,-0.011265452237294792,-0.01162520202841814,-0.00989199731863925
3602,-0.013760706014732,-0.011843101651469703,-0.006799901214566327,-0.008274196859833608
3603,-0.0081260714594047,-0.0033655515414565684,-0.010834732486872858,-0.009315755735198581
3604,-0.0100048925356712,-0.0037277375463627034,-0.008197294149402484,-0.008317338515946767
3605,-0.005309141716300449,-0.012799679435449796,-0.009926051902242376,-0.006815920802463377
3606,-0.0074101736155218504,-0.012473184666121807,-0.017012433527598878,-0.009095202873226904
3607,-0.0046646748500815,-0.011054515489823728,-0.01684969277740285,-0.01278704870455678
3608,-0.0080616169390889,-0.01207307248999592,-0.011200121614948773,-0.0046861705231497006
3609,-0.0130055073534808,-0.014364057883618248,-0.010420078763828763,-0.0038517970786614633
3610,-0.002479674895297,-0.004819854567943666,-0.009238588514415728,-0.009648297907952973
3611,-0.00720054733297055,-0.016316724338503622,-0.008771279381064735,-0.00961699798912146
3612,-0.0052849109620655,-0.010311260603637032,-0.008433365082629762,-0.006455264550264562
3613,-0.0061302023707215,-0.00815608080478621,-0.013860044919997254,-0.006183041027262144
3614,-0.0039341082712543,-0.0110576556014262,-0.00795808034958757,-0.011560450926046361
3615,-0.0098210544901722,-0.005521788847004033,-0.012421678931570555,-0.011995880561424317
3616,-0.0047056709518095,-0.0071889279583331675,-0.010052215287066069,-0.009156068506534089
3617,-0.00772738288623365,-0.011394201231481528,-0.01075794171715224,-0.006708301970801973
3618,-0.0112961596086264,-0.006708301970801973,-0.01360745677041033,-0.01069805363771864
3619,-0.0071723280342585,-0.004834457603199005,-0.013230788611740991,-0.010602787788341197
3620,-0.0084949751341739,-0.008139765948013494,-0.011974314960939023,-0.006222518379410305
3621,-0.0099199770408283,-0.006071428571428603,-0.01338804261922354,-0.008293901963277093
3622,-0.0063250945700606,-0.012876160307688083,-0.012719648258282916,-0.009952815385615519
3623,-0.0084416535940379,-0.010106402696260286,-0.010922580310581777,-0.010386694009908565
3624,-0.0056742991932311,-0.004747588807195502,-0.007679464972782789,-0.011918068211948823
3625,-0.00736121854787705,-0.012655395046257633,-0.009895068419886046,-0.0025391648726340588
3626,-0.00827773756653395,-0.006342064594356276,-0.014592525341406558,-0.005339581714581716
3627,-0.00563201480753505,-0.009784624139016568,-0.01034627237127174,-0.006352813801172516
3628,-0.00516255933360165,-0.00815608080478621,-0.014662580457654248,-0.006706444436907039
3629,-0.0073507193605232,-0.013850088183421538,-0.010739261841577488,-0.010740420498788754
3630,-0.004210892232762799,-0.011811489541497674,-0.01397415088623609,-0.010311260603637032
3631,-0.0076951951951952,-0.013976443062595979,-0.01255147287559622,-0.006456776031094444
3632,-0.0066980247222447,-0.004127250696145085,-0.013807408749263683,-0.013861146930304345
3633,-0.0132460692269965,-0.009756007994335392,-0.011595564158905256,-0.015657035795203847
3634,-0.00899863884414875,-0.010364110367297452,-0.005098190025790767,-0.005608851652051295
3635,-0.0151321872649585,-0.013222311314457178,-0.007511178196090798,-0.0054091617518304234
3636,-0.0099210292945751,-0.010051684547303742,-0.01810992367921903,-0.008317338515946767
3637,-0.0039671969215039,-0.011265452237294792,-0.006447529721062429,-0.0034643727232618535
3638,-0.0023683975605445,-0.011394201231481528,-0.011005752327600279,-0.005400805757661602
3639,-0.00772738288623365,-0.01271991959018939,-0.01337499669128117,-0.008695139023946717
3640,-0.0109594236592194,-0.009884428156189291,-0.010834732486872858,-0.008842594242234322
3641,-0.0030926405229513504,-0.011151558441558414,-0.011794964982806098,-0.010267676767676766
3642,-0.00507829069038625,-0.010602787788341197,-0.015075593034416579,-0.014902771170628326
3643,-0.0077867800331759,-0.006706444436907039,-0.008179903738093242,-0.0104550106596684
3644,-0.00827773756653395,-0.012382535830085264,-0.011297619157017432,-0.012427317147766369
3645,-0.0041682513315599,-0.0037701235093195312,-0.00835012086944082,-0.010455026455026467
3646,-0.004210892232762799,-0.0019210612555721207,-0.007150390082763275,-0.007391816154389268
3647,-0.01027381241445245,-0.012865026124146832,-0.009670522504363652,-0.009823515288090515
3648,-0.0075039430428525495,-0.008429945426478397,-0.010105461471317204,-0.013817892156862747
3649,-0.00450355877457065,-0.006815920802463377,-0.008433365082629762,-0.011553987051574899
3650,-0.005309141716300449,-0.007116081982155516,-0.0065507659837537036,-0.012847180050112289
3651,-0.007550276115408049,-0.009305834155470084,-0.008179903738093242,-0.008043956043956062
3652,-0.008694398228672049,-0.010602787788341197,-0.012941089894813625,-0.012399030106549047
3653,-0.0104796160034766,-0.01540039983917467,-0.011770654141361261,-0.01414009350149958
3654,-0.0063250945700606,-0.01294083134750475,-0.009200013439107011,-0.013437501205529796
3655,-0.0123759648866485,-0.008864084803434757,-0.015144932083542655,-0.012126860351151646
3656,-0.0056720741972019,-0.006452554752578251,-0.011595564158905256,-0.011931255395319904
3657,-0.00415770021473895,-0.005710235690235661,-0.01570653976245855,-0.013850088183421538
3658,-0.005955314983976201,-0.005200303067994301,-0.008266835037433792,-0.014249164582636895
3659,-0.0041949860131678,-0.012407024493032172,-0.013176041666666638,-0.011987486971272263
3660,-0.0122702589807853,-0.011995880561424317,-0.0093579106132207,-0.006727581438454047
3661,-0.008521127205708,-0.010499300920440196,-0.013230788611740991,-0.009700972565726381
3662,-0.01072052659669535,-0.006815920802463377,-0.0092199181271692,-0.010311260603637032
3663,-0.0053448286467510505,-0.007967872079545857,-0.017806093980450147,-0.00881542048637636
3664,-0.0125414268271411,-0.010772105174133104,-0.014535814889902753,-0.011264860007964547
3665,-0.0107706612752879,-0.01699539017230992,-0.012583016076017011,-0.012358375420875348
3666,-0.0041682513315599,-0.00463642886733661,-0.012274154561724164,-0.0037701235093195312
3667,-0.0031148981090439497,-0.007552383253470789,-0.014383453806590861,-0.011265452237294792
3668,-0.0046733222435486,-0.005578135356706815,-0.010739261841577488,-0.007695296241535895
3669,-0.0039671969215039,-0.009982760396255279,-0.013169076092187952,-0.008815934809000732
3670,-0.0080616169390889,-0.00961699798912146,-0.008930263095531597,-0.01414319655583389
3671,-0.01126684166286325,-0.010311260603637032,-0.013329762659326776,-0.005744180177707246
3672,-0.0030122114168308,-0.005601063700155888,-0.012571449954328316,-0.01113931540774176
3673,-0.01078501606663655,-0.006161192956511434,-0.012495420844757927,-0.010882896049395352
3674,-0.0098210544901722,-0.006548379805096399,-0.004250666400821321,-0.011964322815477199
3675,0.0,-0.003805554374527592,-0.016696404902398595,-0.005419539567001752
3676,-0.012259023646973101,-0.015478534084123783,-0.013839477021888454,-0.0071889279583331675
3677,-0.0075924554670761,-0.014017186431469077,-0.009214971080545063,-0.013514995712696404
3678,-0.00532268761700945,-0.01607839046845415,-0.008614052177078897,-0.0071889279583331675
3679,-0.008429539662712149,-0.00846215777022355,-0.00829065934065936,-0.007651960780046305
3680,-0.0103727318433201,-0.0010759773962394845,-0.012438905620374648,-0.012776981403733952
3681,-0.0103727318433201,-0.008647990475847134,-0.009387360821607838,-0.013029833245226621
3682,-0.0035762605499092,-0.010876284563771184,-0.006451990889154433,-0.007967872079545857
3683,-0.0065767565767566,-0.005983448714721659,-0.014535814889902753,-0.01062736008778541
3684,-0.0077867800331759,-0.00846215777022355,-0.009773482735064652,-0.006456776031094444
3685,-0.0109594236592194,-0.022734471416005507,-0.009433580897115663,-0.011031964823071169
3686,-0.0115642408173047,-0.010602787788341197,-0.007828323081167841,-0.014076148545533882
3687,-0.0040773765646609,-0.009133796296296293,-0.013286551978114458,-0.007130838471233418
3688,-0.00068167099200685,-0.004127250696145085,-0.010800156886114007,-0.005755859880859887
3689,-0.010945215341638202,-0.011279003528573209,-0.010665116669204219,-0.012865026124146832
3690,-0.0051343636869952,-0.008727240154750876,-0.009108397914465539,-0.0008321238389754626
3691,-0.0068245384743701,-0.008974608391336326,-0.014153056692664943,-0.01051828703703703
3692,-0.0147888243024727,-0.004830745600046113,-0.016696312194244008,-0.010921257802186002
3693,-0.00411703424010355,-0.007357599220366044,-0.019367617426379144,-0.01576845069243632
3694,-0.0058757675395991,-0.016295633340875342,-0.010304690043946945,-0.005924755209241827
3695,-0.0023898164857300997,-0.007357599220366044,-0.008197294149402484,-0.00815608080478621
3696,-0.00652403468175645,-0.008815934809000732,-0.01519025863842044,-0.011209045584045584
3697,-0.0080066516679024,-0.007695296241535895,-0.00993098607152595,-0.010258657206305463
3698,-0.0054797118296097,-0.009700972565726381,-0.010995752115274681,-0.014524456829627646
3699,-0.0133853711861164,-0.007357599220366044,-0.007534442427441598,-0.011291873101282882
3700,-0.0077560155454622,-0.01069805363771864,-0.012608763702184778,-0.014597204949307135
3701,-0.00518636592166005,-0.002897584161869915,-0.012262600161180678,-0.00645102438849959
3702,-0.008998864697394,-0.013333084470719951,-0.012583016076017011,-0.008043956043956062
3703,-0.0118988019028016,-0.011993247728927025,-0.010627986084738417,-0.006727581438454047
3704,-0.0055186667042923495,-0.004991939379466098,-0.010645360604307964,-0.015186144105141856
3705,-0.0008011664261663,-0.0019210612555721207,-0.010701873295239517,-0.009651760101360762
3706,-0.0017653448858318001,-0.012604565969533592,-0.012719648258282916,-0.007023525276817648
3707,-0.00779217923518785,-0.010132992354683653,-0.011471197753004762,-0.01051828703703703
3708,-0.0125520365625971,-0.019993146433107997,-0.010739261841577488,-0.012648982509970826
3709,-0.01082525617782015,-0.009074558338804713,-0.010050069442284053,-0.01663508882836008
3710,-0.00120453039374725,-0.010132992354683653,-0.01472818614969874,-0.012407024493032172
3711,-0.00353122991895965,-0.010740420498788754,-0.010701873295239517,-0.008864084803434757
3712,-0.01231173632521395,-0.006174286590414184,-0.012855528312466755,-0.015944152315889113
3713,-0.0080616169390889,-0.002846008212812629,-0.008297985347985357,-0.010767533100535142
3714,-0.01025968002101325,-0.01663508882836008,-0.011736128869992266,-0.015316994095696541
3715,-0.0092156989706278,-0.004888554050116567,-0.006127785729965848,-0.012358375420875348
3716,-0.0112961596086264,-0.010130689909380049,-0.008758783384080121,-0.012063770538146754
3717,-0.0092074760875011,-0.006609381719695204,-0.011184048644257566,-0.012427317147766369
3718,-0.0065783429411291,-0.005398983670400894,-0.002990035836727573,-0.011952777591610543
3719,-0.011068812170109452,-0.014249164582636895,-0.009557133761300421,-0.006815920802463377
3720,-0.013321763265605649,-0.01380336478687428,-0.008325947575904467,-0.013047587416620918
3721,-0.00870231133389025,-0.0035520624454784544,-0.0087264786762963,-0.0035397990838203133
3722,-0.0055186667042923495,-0.00815608080478621,-0.012524237498199663,-0.008703327898469101
3723,-0.0030122114168308,-0.0038967181387069144,-0.009530110224688174,-0.008949851398196474
3724,-0.008521127205708,-0.010364110367297452,-0.01136339862239049,-0.0035217246764962865
3725,-0.00936279391016125,-0.0038625161545944413,-0.007292332851619704,-0.003187727189683791
3726,-0.0086944213581474,-0.011931255395319904,-0.010745763152350572,-0.007464111409650628
3727,-0.0099059748014676,-0.009319690264873089,-0.014426642843281164,-0.010625956935480754
3728,-0.0089276222472216,-0.011031964823071169,-0.009670522504363652,-0.013318639671463933
3729,-0.00870231133389025,-0.008459533763960629,-0.014592525341406558,-0.0009564305012391885
3730,-0.00388367752968935,-0.013097546931679546,-0.007439106633270026,-0.012875790532585658
3731,-0.0092917117612339,-0.012538149828868597,-0.01053277949146369,-0.007366385702745767
3732,-0.0119086319823707,-0.00399800031321388,-0.01662187410950198,-0.011987486971272263
3733,-0.0038191700422561,-0.011980089355089343,-0.012719648258282916,-0.00815608080478621
3734,-0.0037798448218686,-0.007881053904101543,-0.013397062289562278,-0.006957624323549516
3735,-0.0053310759193111,-0.011993247728927025,-0.010099812301895633,-0.011031964823071169
3736,-0.0007015812463911999,-0.00622729287841485,-0.013329762659326776,-0.007829476111569936
3737,-6.106226635438361e-16,-0.005608851652051295,-0.007767543361934165,-0.01302911334147498
3738,-0.012078016230702149,-0.0037840779753747435,-0.013720651559866556,-0.012358375420875348
3739,-0.0073507193605232,-0.007663967195908752,-0.01181290849332161,-0.007464111409650628
3740,-0.00889499294985065,-0.0010759773962394845,-0.01338804261922354,-0.012305959801619597
3741,-0.0107856704370571,-0.006222518379410305,-0.015276080094655996,-0.0035520624454784544
3742,-0.00459705187945635,-0.010592982954545471,-0.020712552071657286,-0.007464111409650628
3743,-0.0081286266384305,-0.010625956935480754,-0.01567456749024323,-0.008906456375004444
3744,-0.0057402828705468,-0.0083395130183639,-0.013732202252743478,-0.004846815051552225
3745,-0.013760706014732,-0.008647990475847134,-0.008895032051282115,-0.011987486971272263
3746,-0.000436765615337,-0.009497400482197335,-0.009057536115046741,-0.006815920802463377
3747,-0.0073507193605232,-0.011560450926046361,-0.006740443344145814,-0.009475570802136592
3748,-0.0026310846999963,-0.013169142681446451,-0.018101012002805547,-0.009570889198705329
3749,-0.0082949402114118,-0.006815920802463377,-0.010752482283841958,-0.00680192793244329
3750,-0.00523271980315315,-0.007050677624738265,-0.013176041666666638,-0.00558414126582181
3751,-0.0063051832545995,-0.00645102438849959,-0.00565858935641133,-0.010267676767676766
3752,-0.0054380384749405,-0.013318639671463933,-0.014492061902546916,-0.011918068211948823
3753,-0.00474598998743615,-0.0065512002773011405,-0.007791496096139532,-0.011912013822031242
3754,-0.0106453752340189,-0.011993247728927025,-0.009214971080545063,-0.0021785299093791833
3755,-0.00527197674913025,-0.008313885360289933,-0.005792366248303815,-0.007047406312123038
3756,-0.003947765091964451,-0.0110576556014262,-0.01625138088447281,-0.011918068211948823
3757,0.0,-0.008815934809000732,-0.01103882421249563,-0.012406144781144678
3758,-0.00645817335931665,-0.010260242290792816,-0.011644245755667637,-0.004991939379466098
3759,-0.0096401232005488,-0.006920819822157134,-0.013138590632813862,-0.012473184666121807
3760,-0.0041682513315599,-0.01044681685157876,-0.008297985347985357,-0.006920819822157134
3761,-0.0104796160034766,-0.0027686620181753933,-0.007823701006088604,-0.008402729393850103
3762,-0.0047056709518095,-0.01285883488900649,-0.012599107232986333,-0.01001342101795271
3763,-0.0106348814229249,-0.010882896049395352,-0.013402495607254844,-0.005973078137513074
3764,-0.01318063512665035,-0.008815934809000732,-0.010300900560138864,-0.005542586027082484
3765,-0.0045364018036704,-0.0029356957942001383,-0.011088413341312154,-0.005546487747145641
3766,-0.0053310759193111,-0.00996719591585488,-0.01265209643747467,-0.012636458399057356
3767,-0.0042535331339657,-0.0027686620181753933,-0.015062804590420968,-0.007023525276817648
3768,-0.00509682087809635,-0.0056667330869466515,-0.010910466454710938,-0.012382535830085264
3769,-0.00645817335931665,-0.013222311314457178,-0.012773415969820892,-0.0056471884780287356
3770,0.0,-0.014426285489864833,-0.011595564158905256,-0.010594633538150561
3771,-0.0009316935165336,-0.0035397990838203133,-0.01045512679226189,-0.009823515288090515
3772,-0.00341824561402205,-0.005737737505548693,-0.010868444087784113,-0.013097546931679546
3773,-0.018862591698381,-0.010051684547303742,-0.008782251602564156,-0.0135357774170274
3774,-0.0132678397683596,-0.008344289530026562,-0.009433580897115663,-0.004828169419786518
3775,-0.0046073914823914,-0.005099973369113567,-0.007476742424242441,-0.007552383253470789
3776,-0.0071900252423621,-0.006161192956511434,-0.014383453806590861,-0.007366385702745767
3777,-0.0084416535940379,-0.012063770538146754,-0.006451990889154433,-0.0033655515414565684
3778,-0.0035283975283976,-0.015186144105141856,-0.010503489885634876,-0.014489366881502153
3779,-0.0120898724496495,-0.005400805757661602,-0.012599107232986333,-0.007391816154389268
3780,-0.0060772358859671,-0.009936372446450445,-0.008687230593480592,-0.010602787788341197
3781,-0.01338910946795005,-0.013012878036959198,-0.011770654141361261,-0.007322900100791195
3782,-0.0036753596802616,-0.00622729287841485,-0.011595564158905256,-0.010119882198998238
3783,0.0,-0.007974160104151758,-0.01052106439240727,-0.011291873101282882
3784,-0.0090628463220459,-0.008808364080796188,-0.014153056692664943,-0.01143218776100735
3785,-0.00687758138071325,-0.005887049291745022,-0.008758783384080121,-0.006342064594356276
3786,-0.0055186667042923495,-0.006352813801172516,-0.013772229683896353,-0.013022368692037729
3787,-0.0129044316741225,-0.012413173627157707,-0.008631878579401203,-0.009700972565726381
3788,-0.010352639758651,-0.010524946348776196,-0.014908539839502667,-0.013264890786682512
3789,-0.0106150850969576,-0.013909218963906463,-0.010070484666643346,-0.011931255395319904
3790,-0.011807796809594,-0.009475905389455495,-0.01034627237127174,-0.012427317147766369
3791,-0.0143040006272357,-0.009192228088670103,-0.011317617211033474,-0.008157280408164186
3792,-0.01031670632017,-0.010130689909380049,-0.011317617211033474,-0.010602787788341197
3793,-0.008244017890284,-0.007464111409650628,-0.006892863712135031,-0.016221853669210317
3794,-0.00827773756653395,-0.01016699664815704,-0.01158601346689773,-0.012696599533201399
3795,-0.00563201480753505,-0.011400482130672088,-0.008758783384080121,-0.010364110367297452
3796,-0.010706593481035549,-0.004846815051552225,-0.01052106439240727,-0.008949851398196474
3797,-0.00809883456975005,-0.006609381719695204,-0.010078909616266792,-0.006727581438454047
3798,0.0,-0.013667913051466505,-0.010436913985103475,-0.0032325588388176507
3799,-0.014550929739760101,-0.00910903930315644,-0.014173798006031055,-0.006879222922469591
3800,-0.002496025305264,-0.01022051952787107,-0.008433382651624341,-0.01113931540774176
3801,-0.0109220354160324,-0.01527790641897786,-0.014139235243394733,-0.007262099020593903
3802,-0.0048784684523209,-0.005823957626702403,-0.01360745677041033,-0.010224629458886983
3803,-0.0084416535940379,-0.006143058655322546,-0.009315729482451185,-0.005608851652051295
3804,-0.00151435857754275,-0.009414815296211514,-0.010589688913120402,-0.00622886463844799
3805,-0.0112708163799116,-0.003405861583278824,-0.01052106439240727,-0.015469517039655385
3806,-0.0053310759193111,-0.009823515288090515,-0.01684969277740285,-0.011238379660827514
3807,-0.0112163862521193,-0.0057590536392619854,-0.0102815226239636,-0.010355102303223545
3808,-0.0118812515560907,-0.011370292019381528,-0.01386370718752063,-0.006727581438454047
3809,-0.01036658601924135,-0.0008787003087360468,-0.01567456749024323,-0.013578356889252734
3810,-0.0030122114168308,-0.009884428156189291,-0.014547832459894813,-0.01271991959018939
3811,0.0,-0.005663305935819027,-0.011794964982806098,-0.01641038474078177
3812,-0.007509205085397251,-0.006342064594356276,-0.011039101986546949,-0.006708301970801973
3813,-0.010655137123018701,-0.01394641872204179,-0.011168145040454961,-0.007980653416461125
3814,-0.0132185300583526,-0.00645102438849959,-0.016696404902398595,-0.004478680545644804
3815,-0.01003810952085725,-0.012332971471867854,-0.010701873295239517,-0.012410005935152159
3816,-0.01190277661984995,-0.005548817871334731,-0.012773415969820892,-0.010924806039638527
3817,-0.00876248389645475,-0.008647990475847134,-0.007828323081167841,-0.009315755735198581
3818,-0.0060353248018778,-0.010311260603637032,-0.012065357382887436,-0.010455026455026467
3819,-0.0028411711400904,-0.010224570624160115,-0.008433365082629762,-0.009924331458065455
3820,-0.008162769335693949,-0.006920819822157134,-0.012563832264756419,-0.008842594242234322
3821,-0.0065767565767566,-0.006609381719695204,-0.011875627465109662,-0.006330930949014031
3822,-0.0109279550600196,-0.01222048612232155,-0.008453894547092862,-0.008906456375004444
3823,-0.007827139251101201,-0.00793263169663315,-0.011794964982806098,-0.009982760396255279
3824,-0.0017407740634752,-0.0034741512345679085,-0.012075101470122106,-0.010364110367297452
3825,-0.004763030966239449,-0.010629860364808475,-0.013006959706959705,-0.006815920802463377
3826,-0.01241672727336645,-0.011382816257816243,-0.014695252028548747,-0.01051828703703703
3827,-0.0037950708774898002,-0.0047854445993526645,-0.0153049242424243,-0.011993247728927025
3828,-0.01035679319622145,-0.005740663297000006,-0.010701873295239517,-0.00996719591585488
3829,-0.008966075098778,-0.010355102303223545,-0.010739261841577488,-0.011993247728927025
3830,-0.0062523334472551,-0.005997809725735256,-0.015384609571336142,-0.006281023526005711
3831,-0.001248012652632,-0.011969343410534308,-0.013839477021888454,-0.003081967316317015
3832,-0.0097595127215445,-0.01577509538457142,-0.006276989637998574,-0.008647990475847134
3833,-0.01190277661984995,-0.011435191510333807,-0.010809361649955426,-0.014850505272857214
3834,-0.00947021089982125,-0.009700972565726381,-0.010526323449607758,-0.008368710271111142
3835,-0.0107265703387327,-0.014039872676901176,-0.010834732486872858,-0.010224629458886983
3836,-0.0063051832545995,-0.01113931540774176,-0.006996593810485433,-0.004893303433668547
3837,-0.0105941730437372,-0.014134271281655543,-0.012316697240350024,-0.01663508882836008
3838,0.0,-0.011902777777777769,-0.009238588514415728,-0.011318846743453063
3839,-0.00532268761700945,-0.004392509434444594,-0.016217485724152374,-0.013333084470719951
3840,-0.0099406149406149,-0.011291873101282882,-0.013058565780740132,-0.012546118620457639
3841,-0.0046073914823914,-0.017691833003507143,-0.008669471153846198,-0.00721399136447386
3842,-0.0077560155454622,-0.007552383253470789,-0.00565858935641133,-0.009952815385615519
3843,-0.0052103101622223,-0.011435191510333807,-0.01734230963034102,-0.00622729287841485
3844,-0.008966075098778,-0.013093400391314791,-0.007692303694849241,-0.015111661486661498
3845,-0.0130055073534808,-0.012406144781144678,-0.011528189989771325,-0.006754412300425328
3846,-0.0028422391206126,-0.006342064594356276,-0.007828323081167841,-0.008637583323057793
3847,-0.007830563537214,-0.007967872079545857,-0.006888592117758781,-0.012538149828868597
3848,-0.008966075098778,-0.010364110367297452,-0.01315960258392732,-0.009388660450200925
3849,-0.0056742991932311,-0.010961929708861354,-0.013645736774735913,-0.016090154133159347
3850,-0.0120086721345154,-0.0110576556014262,-0.009315729482451185,-0.001418835182715572
3851,-0.004147589109082,-0.007047406312123038,-0.011687723161976356,-0.0065266832158097626
3852,-0.0040967712842711,-0.012063770538146754,-0.014425304578454933,-0.010041460039079103
3853,-0.0052272727272727,-0.007509308868209316,-0.0156835017813042,-0.014647596454086653
3854,-0.004449580620014,-0.011502521270015064,-0.013256029487423757,-0.016809427039138933
3855,-0.01477795181325965,-0.011993247728927025,-0.01327601508098934,-0.00996719591585488
3856,-0.01027381241445245,-0.012865026124146832,-0.011974314960939023,-0.0011039268167906055
3857,-0.00532268761700945,-0.007967872079545857,-0.010070484666643346,-0.0035520624454784544
3858,-0.007874906590338349,-0.00550860191990462,-0.007828323081167841,-0.013667913051466505
3859,-0.0124280481423337,-0.009700972565726381,-0.012495420844757927,-0.010658876238126645
3860,-0.00966905346750005,-0.013782482419863247,-0.008718849064431454,-0.007695296241535895
3861,-0.009994395659887599,-0.01607839046845415,-0.017369721816793297,-0.01298381109071738
3862,-0.00597938783510135,-0.008703327898469101,-0.01636083875052747,-0.007270192350825048
3863,-0.00378188539370965,-0.008808364080796188,-0.016048051985789177,-0.010602787788341197
3864,-0.0105777064654938,-0.006352813801172516,-0.012583016076017011,-0.010629860364808475
3865,-0.01031670632017,-0.010797431321770821,-0.012495189247985435,-0.008262307567758326
3866,-0.0064559010750733,-0.010629860364808475,-0.01032639204545454,-0.008317338515946767
3867,-0.0071723280342585,-0.010882896049395352,-0.010069302000248706,-0.007980653416461125
3868,-0.0116458883893335,-0.01452371001205748,-0.017687985327519216,-0.0065703783654935
3869,-0.00532268761700945,-0.0119111667763825,-0.007311051395328276,-0.00622729287841485
3870,-0.0108468801496535,-0.0037277375463627034,-0.015384609571336142,-0.006071428571428603
3871,-0.0026769504097935,-0.008808364080796188,-0.010078909616266792,-0.0042691326530611695
3872,0.0,-0.00679990316862536,-0.012376481274551376,-0.014026221613225174
3873,-0.0029790190112317008,-0.008808364080796188,-0.013770542163312173,-0.013898084780365211
3874,-0.0098210544901722,-0.0044432771816652235,-0.010433917269440136,-0.004127250696145085
3875,-0.0069134148519975,-0.008590720987937471,-0.004823961669907513,-0.010776034889205983
3876,-0.0038957487804936004,-0.014017186431469077,-0.010739261841577488,-0.009776685217785953
3877,-4.996003610813204e-16,-0.010051684547303742,-0.011021814186167524,-0.010051684547303742
3878,-0.005032005032005,-0.0038744437284593883,-0.012006639207553859,-0.006817919037082193
3879,-0.0113803499432985,-0.006920819822157134,-0.013104828328843965,-0.007141015223366411
3880,-0.0056720741972019,-0.008703327898469101,-0.01045512679226189,-0.0019240414078707732
3881,-0.000284657391462,-0.007552383253470789,-0.013025405716810608,-0.010355102303223545
3882,-0.0035762605499092,-0.009776685217785953,-0.007794150756346986,-0.00981524331048144
3883,-0.0063250945700606,-0.006708301970801973,-0.012571449954328316,-0.01143218776100735
3884,-0.0028701414352734016,-0.010767533100535142,-0.016674418146156132,-0.008402729393850103
3885,-0.0090628463220459,-0.007739479236766465,-0.011160369697703565,-0.01143218776100735
3886,-0.0040773765646609,-0.0056401617663155885,-0.008695330981740662,-0.00961699798912146
3887,-0.006031350258083049,-0.01176703820333212,-0.01897939285082255,-0.009700972565726381
3888,-0.00729159144221885,-0.009084282310016588,-0.01603470828810927,-0.00910903930315644
3889,-0.0052272727272727,-0.009497400482197335,-0.010250038422996885,-0.00679990316862536
3890,-0.0065783429411291,-0.006548379805096399,-0.014732618418611749,-0.010629860364808475
3891,-0.0055186667042923495,-0.01577509538457142,-0.01271963019923546,-0.01016699664815704
3892,-0.0046733222435486,-0.010602787788341197,-0.015062804590420968,-0.017691833003507143
3893,-0.0031708456977227,-0.005608851652051295,-0.010070484666643346,-0.0030341131573216875
3894,-0.0078216188365342,-0.00909795772632111,-0.007791496096139532,-0.006452554752578251
3895,-0.012947835692203799,-0.008900556954856018,-0.009773482735064652,-0.009823515288090515
3896,-0.0034315789803976504,-0.005546487747145641,-0.013230788611740991,-0.014752986745005317
3897,-0.01080239944661915,-0.014837111113336462,-0.007201139858680088,-0.006737213403880032
3898,-0.0030651629237414503,-0.011902777777777769,-0.012438905620374648,-0.008864084803434757
3899,-0.0120518787555649,-0.007417203387598048,-0.014547832459894813,-0.007829476111569936
3900,-0.0046646748500815,-0.009700972565726381,-0.012027260312523911,-0.005546487747145641
3901,-0.0041949162964818,-0.009047533088800519,-0.016103022604330445,-0.00645102438849959
3902,-0.0040773765646609,-0.0064043209876543175,-0.01052106439240727,-0.004991939379466098
3903,-0.0003619398233759507,-0.008199413695437297,-0.011088413341312154,-0.016111115361521627
3904,-0.0098792818401802,-0.008695139023946717,-0.009285857135564086,-0.007050677624738265
3905,-0.0109395331465372,-0.008313885360289933,-0.007605464966121127,-0.012538149828868597
3906,-0.0038269967906122,-0.008864084803434757,-0.005941869328387014,-0.010629860364808475
3907,-0.0040773765646609,-0.011987486971272263,-0.011790382966571821,-0.005997809725735256
3908,-0.01177834809989195,-0.0037701235093195312,-0.016655923269579306,-0.000570665245276325
3909,0.0,-0.009570889198705329,-0.01280743646065257,-0.006815920802463377
3910,-0.0052103101622223,-0.015309291563369538,-0.015765629274425888,-0.004830745600046113
3911,-0.0109279550600196,-0.012427317147766369,-0.014592525341406558,-0.013333084470719951
3912,-0.0030122114168308,-0.005608851652051295,-0.011615615004673174,-0.005608851652051295
3913,-0.0065783429411291,-0.012413173627157707,-0.008833206007540766,-0.013667913051466505
3914,-0.004147589109082,-0.006754412300425328,-0.008453894547092862,-0.006511058439301401
3915,-0.0031625472850303,-0.005939343899406599,-0.009433580897115663,-0.008344289530026562
3916,-0.0061302023707215,-0.006130302677268826,-0.010627986084738417,-0.005419539567001752
3917,-0.003947765091964451,-0.011972360083436568,-0.01567456749024323,-0.005079326945045561
3918,-0.0029824011368395,-0.010843738837068016,-0.015384609571336142,-0.012358375420875348
3919,-0.0134637188208616,-0.007366385702745767,-0.005520481130907369,-0.011240572794844784
3920,-0.0051127330445941,-0.008043956043956062,-0.007445617500702278,-0.0036398528045477503
3921,-0.006524270088978,-0.011264860007964547,-0.012006639207553859,-0.014780059321472595
3922,-0.0089362513732261,-0.0025474759246913448,-0.008543424561955271,-0.005548232175413552
3923,-0.00842977660425725,-0.006456776031094444,-0.013769125531487373,-0.0004990570833654992
3924,-0.0166200938492642,-0.011952777591610543,-0.0092199181271692,-0.012078839971048165
3925,-0.0075039430428525495,-0.004322155879405709,-0.012262600161180678,-0.012512532405865785
3926,0.0,-0.009156068506534089,-0.008027734777136109,-0.0083395130183639
3927,-0.0017407740634752,-0.00582943457046093,-0.014576751032023116,-0.00815608080478621
3928,-0.0066980247222447,-0.009982760396255279,-0.014695216796081986,-0.00679990316862536
3929,-0.0055186667042923495,-0.006920819822157134,-0.009437454495025456,-0.007975857666689243
3930,-0.01027381241445245,-0.007509308868209316,-0.014076577100527782,-0.012604565969533592
3931,-0.0007015812463911999,-0.00787678245164658,-0.009433580897115663,-0.00793263169663315
3932,-0.0104796160034766,-0.012406144781144678,-0.008543424561955271,-0.010602787788341197
3933,-0.00773764679007035,-0.005710235690235661,-0.013169076092187952,-0.006143058655322546
3934,-0.008998864697394,-0.011814323037731108,-0.01081781072504822,-0.013578356889252734
3935,-0.00563201480753505,-0.010130689909380049,-0.009638074429283593,-0.011054515489823728
3936,-0.0055186667042923495,-0.004737426747706865,-0.011595564158905256,-0.011972360083436568
3937,-0.011687635004734749,-0.011952777591610543,-0.011101617770358754,-0.007552383253470789
3938,-0.0039671969215039,-0.0035533011396192337,-0.012882818379663971,-0.009283949371449364
3939,-0.007166386061109401,-0.013909218963906463,-0.011200121614948773,-0.0055095085471909
3940,-0.00886790025836735,-0.011370292019381528,-0.0137437529456204,-0.013179731842231843
3941,-0.00687758138071325,-0.01590497812915681,-0.012495189247985435,-0.0012613809997530888
3942,-0.008263778853843799,-0.012413173627157707,-0.009098759247955557,-0.010204104913003276
3943,-0.01055478668723205,-0.01110303696569107,-0.010995752115274681,-0.011400482130672088
3944,0.0,-0.012538149828868597,-0.014795324535963474,-0.0035520624454784544
3945,-0.01193986617984025,-0.008402729393850103,-0.013720651559866556,-0.011952777591610543
3946,-0.0056742991932311,-0.01641038474078177,-0.006664166666666679,-0.01340327261544983
3947,-0.008843665420096,-0.01291062981740522,-0.009981481481481477,-0.005608851652051295
3948,-0.0098210544901722,-0.010843738837068016,-0.013104828328843965,-0.004580518533384308
3949,-0.0025757090168889506,-0.008774814842877305,-0.009799740530185192,-0.00910903930315644
3950,-0.01299855878071755,-0.015957797339635097,-0.01124347148622104,-0.007980653416461125
3951,-0.0096690540830622,-0.006815920802463377,-0.015303042566227798,-0.012473184666121807
3952,-0.005861606233483051,-0.006647550365079056,-0.009926051902242376,-0.003447245226464151
3953,-0.00081635947043765,-0.012410005935152159,-0.010978464314895256,-0.009497400482197335
3954,0.0,-0.009780564895628285,-0.010701873295239517,-0.005521788847004033
3955,-0.009641390709474,-0.005736734788018637,-0.013732202252743478,-0.013566152822514992
3956,-0.01003810952085725,-0.008060887541727166,-0.010645360604307964,-0.005710235690235661
3957,-0.00929316861839155,-0.011265452237294792,-0.013732202252743478,-0.009156068506534089
3958,-0.0094761504825895,-0.008139765948013494,-0.008695330981740662,-0.011470744533341142
3959,-0.0112961596086264,-0.008199413695437297,-0.008453894547092862,-0.009936372446450445
3960,-0.0080616169390889,-0.010574026424081671,-0.014425304578454933,-0.009977102598735282
3961,-0.0098376010386716,-0.012413173627157707,-0.012006639207553859,-0.0010650895334779545
3962,-0.00638733016983685,-0.012865026124146832,-0.011200121614948773,-0.005546487747145641
3963,-0.0093831470988094,-0.005597664272807487,-0.007052529305573161,-0.006609381719695204
3964,-0.0071723280342585,-0.004886347857321213,-0.014726138592976088,-0.015657035795203847
3965,-0.00789822140002855,-0.004538904634230179,-0.012075101470122106,-0.008647990475847134
3966,-0.0090628463220459,-0.011980089355089343,-0.01636083875052747,-0.005663305935819027
3967,-0.01481880157985805,-0.01302911334147498,-0.016998585766264583,-0.007695296241535895
3968,-0.0016907925961081,-0.01271991959018939,-0.011453841119081636,-0.006950313060318828
3969,-0.010706593481035549,-0.005546487747145641,-0.011297619157017432,-0.014902771170628326
3970,-0.0084949751341739,-0.011209045584045584,-0.012719648258282916,-0.01113931540774176
3971,-0.006261463404320523,-0.008949851398196474,-0.009352389879290834,-0.005973078137513074
3972,-0.0039528276114929,-0.009084282310016588,-0.005581151405783746,-0.019640462638333932
3973,-0.00779217923518785,-0.008637583323057793,-0.012719648258282916,-0.012413173627157707
3974,-0.0062824106724584505,-0.0053321147008649344,-0.014694359525315167,-0.012604565969533592
3975,-0.00652403468175645,-0.012980745159941956,-0.012206610290656835,-0.007166317139874503
3976,-0.00513889573990175,-0.01222048612232155,-0.010052215287066069,-0.010797431321770821
3977,-0.0063051832545995,-0.006548379805096399,-0.013839477021888454,-0.011560450926046361
3978,-0.00903839566351295,-0.008695139023946717,-0.015826935730795078,-0.009213871503509045
3979,-0.00328165692851315,-0.012310606060606018,-0.009390498792033481,-0.004991939379466098
3980,0.0,-0.008313885360289933,-0.01407411107890996,-0.005608851652051295
3981,-0.00936279391016125,-0.006452554752578251,-0.009057962422355948,-0.00846215777022355
3982,-0.009178350806860549,-0.0056471884780287356,-0.01032639204545454,-0.008727240154750876
3983,-0.0119802553689678,-0.01302911334147498,-0.010665116669204219,-0.00787678245164658
3984,-0.0060353248018778,-0.004888554050116567,-0.009638074429283593,-0.008139765948013494
3985,-0.0077867800331759,-0.009651760101360762,-0.012170857411212915,-0.004127250696145085
3986,-0.0133100233100231,-0.00622729287841485,-0.013081035101626531,-0.010629860364808475
3987,-0.009641390709474,-0.00793448821823678,-0.012343247270227573,-0.00909795772632111
3988,-0.010551064855599101,-0.004238618336045611,-0.009057536115046741,-0.011987486971272263
3989,-0.0030916669605922003,-0.004991939379466098,-0.013169076092187952,-0.006071428571428603
3990,-0.0025389412144442,-0.0056401617663155885,-0.012418993413240292,-0.008344289530026562
3991,-0.0102336606050619,-0.004127250696145085,-0.009500246761299659,-0.01016699664815704
3992,-0.0030651629237414503,-0.006342064594356276,-0.006465888870544355,-0.014902771170628326
3993,-0.005309141716300449,-0.007552383253470789,-0.010105461471317204,-0.011291873101282882
3994,-0.0109279550600196,-0.006456776031094444,-0.013499937452288426,-0.009141459338820546
3995,-0.0070262523754896,-0.006352813801172516,-0.01081781072504822,-0.008368710271111142
3996,-0.0106150850969576,-0.009397891865024838,-0.01251900642668049,-0.013289425924703278
3997,-0.00225280024490125,-0.005629020427070107,-0.010436913985103475,-0.010364110367297452
3998,-0.0039528276114929,-0.011330050536250406,-0.010701873295239517,-0.008842594242234322
3999,-0.0143040006272357,-0.015310038191573032,-0.011495513137915095,-0.015393298059964713
4000,-0.008843665420096,-0.012358375420875348,-0.009387360821607838,-0.01496154733153523
4001,-0.0029117652705584,-0.010629860364808475,-0.01081781072504822,-0.003866650724444254
4002,-0.0093602693602693,-0.012538149828868597,-0.010078909616266792,-0.01176703820333212
4003,-0.01080239944661915,-0.010311260603637032,-0.01052106439240727,-0.007700777632161053
4004,-0.00509682087809635,-0.009027605048539791,-0.009482817969936972,-0.011007346441897173
4005,-0.0131427401949481,-0.007974160104151758,-0.008782251602564156,-0.008695139023946717
4006,-0.0080066516679024,-0.008647990475847134,-0.01112087359059178,-0.009756007994335392
4007,-0.0069392984939114005,-0.015229527867252214,-0.009713905771372901,-0.008607150510093059
4008,-0.0068582060164551,-0.012696599533201399,-0.006786004895147236,-0.0110576556014262
4009,-0.0108468801496535,-0.010311260603637032,-0.007875446686765318,-0.01641038474078177
4010,-0.0090628463220459,-0.01207307248999592,-0.010645360604307964,-0.0020568755528699648
4011,-0.0111581039591036,-0.012847180050112289,-0.010503489885634876,-0.008313885360289933
4012,-0.0112163862521193,-0.010524946348776196,-0.010874687782293857,-0.013318639671463933
4013,-0.00645817335931665,-0.009133796296296293,-0.015848617851384198,-0.01298381109071738
4014,-0.0119086319823707,-0.010364110367297452,-0.009699285545210672,-0.010051684547303742
4015,-0.0136524109644147,-0.008139765948013494,-0.010701873295239517,-0.004846815051552225
4016,-0.0073507193605232,-0.006456776031094444,-0.011484840118499057,-0.011264860007964547
4017,-0.0071723280342585,-0.014017186431469077,-0.013081035101626531,-0.00961699798912146
4018,-0.0040773765646609,-0.008842594242234322,-0.008180741341634767,-0.012538149828868597
4019,-0.00412904415718855,-0.011918068211948823,-0.01569734968314511,-0.010119882198998238
4020,-0.0083071514670901,-0.005054244799056945,-0.014425304578454933,-0.004737426747706865
4021,-0.009425809568794,-0.009570889198705329,-0.011191753798622563,-0.010524946348776196
4022,-0.010419119319619051,-0.008695139023946717,-0.013926998775993099,-0.012413173627157707
4023,-0.00958020145893395,-0.004638792871563385,-0.012206610290656835,-0.004888554050116567
4024,-0.0056698492011727,-0.005710235690235661,-0.011059552445154025,-0.01285883488900649
4025,-0.0047056709518095,-0.00445219907431425,-0.010701873295239517,-0.00996719591585488
4026,-0.00584135271635265,-0.01291062981740522,-0.011736128869992266,-0.006640120152075822
4027,0.0,-0.012696599533201399,-0.006664166666666679,-0.011031964823071169
4028,-0.008162769335693949,-0.008139765948013494,-0.01053277949146369,-0.015345602535517084
4029,-0.0128730781526767,-0.005608851652051295,-0.013058565780740132,-0.00856498477430049
4030,-0.0014430106397495001,-0.01176703820333212,-0.015384609571336142,-0.001493584738098755
4031,-0.00524815748005705,-0.007116081982155516,-0.012941089894813625,-0.012900784157363107
4032,-0.00929316861839155,-0.004983968286481712,-0.015170134207240131,-0.013333084470719951
4033,0.0,-0.007700777632161053,-0.016047215044176444,-0.009700972565726381
4034,-0.007827139251101201,-0.017594399074119742,-0.012512898468725426,-0.004099278036778036
4035,-0.01063369160795625,-0.006809802244436537,-0.008695330981740662,-0.015944152315889113
4036,-0.0064559010750733,-0.00515660278704224,-0.012421678931570555,-0.01069805363771864
4037,-0.0028422391206126,-0.012406144781144678,-0.010250038422996885,-0.005217477221473754
4038,-0.0107244607244607,-0.008060887541727166,-0.011974314960939023,-0.0064043209876543175
4039,-0.00631295446041735,-0.01124335162541554,-0.009109362661350283,-0.011370292019381528
4040,-0.0098792818401802,-0.012900784157363107,-0.010834732486872858,-0.012310606060606018
4041,-0.0041682513315599,-0.007967872079545857,-0.010105461471317204,-0.011330050536250406
4042,-0.0098210544901722,-6.654079748170255e-05,-0.012563832264756419,-0.0049260284680743595
4043,-0.00412904415718855,-0.01124335162541554,-0.009390498792033481,-0.00622729287841485
4044,-0.00821170518015765,-0.009756007994335392,-0.012527869401522184,-0.010082115483140523
4045,-0.0020296074332457,-0.004538904634230179,-0.01213859169477435,-0.013013575630245897
4046,-0.0117064024071623,-0.006647550365079056,-0.011974314960939023,-0.004819854567943666
4047,-0.0048784684523209,-0.015080956145937383,-0.013084987136467788,-0.007700777632161053
4048,-0.0120518787555649,-0.013816821869303459,-0.014856281663769597,-0.015957797339635097
4049,-0.0029824011368395,-0.007552383253470789,-0.009926051902242376,-0.012078839971048165
4050,-0.00809883456975005,-0.010051684547303742,-0.011156771743676505,-0.0065474208698129074
4051,-0.00563201480753505,-0.005710235690235661,-0.010526323449607758,-0.009776685217785953
4052,-0.0026769504097935,-0.012636458399057356,-0.0096579942501515,-0.0036853515834058756
4053,-0.0079536116372834,-0.010629860364808475,-0.010300900560138864,-0.006511058439301401
4054,0.0,-0.0096354806320136,-0.020342037601260583,-0.012900784157363107
4055,-0.00563201480753505,-0.004063325608816035,-0.01181290849332161,-0.009249491249491265
4056,-0.0080616169390889,-0.012240937908200047,-0.012855528312466755,-0.010843738837068016
4057,-0.008694398228672049,-0.00996719591585488,-0.006845154737008292,-0.01663508882836008
4058,-0.010279163466111348,-0.01044681685157876,-0.005156384390643649,-0.0110576556014262
4059,-0.0098376010386716,-0.007829476111569936,-0.010739261841577488,-0.0021785299093791833
4060,-0.011045329867538551,-0.008727240154750876,-0.012425187021159233,-0.007881053904101543
4061,-0.0096401232005488,-0.00793448821823678,-0.012075101470122106,-0.0009761214630779873
4062,-0.00899863884414875,-0.008344289530026562,-0.007692303694849241,-0.006949953347513613
4063,-0.00509682087809635,-0.006957624323549516,-0.010745763152350572,-0.011560450926046361
4064,-0.007830563537214,-0.00909795772632111,-0.01498856745637135,-0.011318846743453063
4065,-0.003947765091964451,-0.015320398004773028,-0.014426642843281164,-0.007881053904101543
4066,-0.0052287048131923,-0.006815920802463377,-0.007679464972782789,-0.012538149828868597
4067,-0.0042745682319871,-0.008139765948013494,-0.012051221958799943,-0.016158243312615478
4068,-0.0026769504097935,-0.01548628793898079,-0.011088413341312154,-0.0037302717075907363
4069,-0.01153053780819315,-0.011980089355089343,-0.009735131517274422,-0.003187727189683791
4070,-0.007659756804272,-0.006609381719695204,-0.009773482735064652,-0.01543643632706474
4071,-0.00532268761700945,-0.01143218776100735,-0.013645736774735913,-0.012406144781144678
4072,-0.0093602693602693,-0.016925227947564774,-0.009200013439107011,-0.008344289530026562
4073,-0.0007015812463911999,-0.0047854445993526645,-0.0104395332511904,-0.00981524331048144
4074,-0.0077169059573878,-0.008864084803434757,-0.006888592117758781,-0.014837111113336462
4075,-0.008162769335693949,-0.009139872549294322,-0.008433365082629762,-0.00987377216175938
4076,-0.0054380384749405,-0.005079326945045561,-0.009214971080545063,-0.012302164861188885
4077,-0.004449580620014,-0.010854884062096753,-0.007607656913350969,-0.012865026124146832
4078,-0.0023898164857300997,-0.005548817871334731,-0.01034627237127174,-0.010797431321770821
4079,-0.0037798448218686,-0.007695296241535895,-0.006127785729965848,-0.015440056089548909
4080,-0.0071723280342585,-0.008864084803434757,-0.014153056692664943,-0.010574026424081671
4081,-0.0038191700422561,-0.011254716315453446,-0.012065357382887436,-0.011995880561424317
4082,-0.00772738288623365,-0.009934238920387936,-0.009573465416372823,-0.009074558338804713
4083,-0.0039671969215039,-0.002751769547325096,-0.009930700249427788,-0.012604565969533592
4084,-0.0095413165266105,-0.008293901963277093,-0.011595564158905256,-0.00516591669538536
4085,-0.0093602693602693,-0.007357599220366044,-0.012545926924875017,-0.01030660361794777
4086,-0.0099210292945751,-0.009313650009005109,-0.010834732486872858,-0.008590720987937471
4087,-0.0093831470988094,-0.0036323529411764754,-0.01052106439240727,-0.004677317022234936
4088,-0.0125639828810131,-0.010602787788341197,-0.019372485225210026,-0.011381516317810241
4089,-0.00584135271635265,-0.01375612111418403,-0.010701873295239517,-0.006281023526005711
4090,-0.0098792818401802,-0.004132558701105033,-0.012941089894813625,-0.012078839971048165
4091,-7.2164496600635185e-16,-0.017772241475546978,-0.010701873295239517,-0.015309291563369538
4092,-0.0014143997822106,-0.011265452237294792,-0.015826935730795078,-0.0037441925913631706
4093,-0.00270789974712215,-0.012240937908200047,-0.013839477021888454,-0.0048943189503056
4094,0.0,-0.0096354806320136,-0.009214971080545063,-0.012970421643212923
4095,-0.0103022151338956,-0.011031964823071169,-0.008794569197416223,-0.011470744533341142
4096,-0.0108140894193525,-0.010267676767676766,-0.014153056692664943,-0.005521788847004033
4097,-0.01161145833099535,-0.005633118891895689,-0.012495420844757927,-0.003932325518829067
4098,-0.0090091286012307,-0.005079326945045561,-0.009926051902242376,-0.012063770538146754
4099,-0.0106425256867832,-0.013541064265239922,-0.014697033202219524,-0.009570889198705329
4100,-0.0133717997378387,-0.012202906029899242,-0.011088413341312154,-0.010364110367297452
4101,-0.0038370952476869,-0.00855253246344084,-0.011200121614948773,-0.013222311314457178
4102,-0.004449580620014,-0.00910903930315644,-0.012438905620374648,-0.010524946348776196
4103,-0.004210892232762799,-0.008344289530026562,-0.009773482735064652,-0.0035520624454784544
4104,-0.005861606233483051,-0.009497400482197335,-0.01251900642668049,-0.006137217416076299
4105,-0.005309141716300449,-0.010041460039079103,-0.008453894547092862,-0.007390584723918047
4106,-0.00652403468175645,-0.013986004275747959,-0.009390498792033481,-0.007538506120956558
4107,-0.0076267466424740004,-0.005608851652051295,-0.01052106439240727,-0.010524946348776196
4108,-0.0089362513732261,-0.006045482916089442,-0.008695330981740662,-0.004688228438228439
4109,-0.007166386061109401,-0.009497400482197335,-0.010085744589053694,-0.008727240154750876
4110,-0.0078193645503206,-0.0027104802322163273,-0.007668850715561254,-0.009784624139016568
4111,-0.0030695249900985497,-0.015745614615211213,-0.010701873295239517,-0.009604170179815703
4112,-0.00532268761700945,-0.005546487747145641,-0.015351674127494348,-0.0055095085471909
4113,-0.0051343636869952,-0.012240937908200047,-0.010645360604307964,-0.006815920802463377
4114,-0.0056698492011727,-0.0020642888656552637,-0.010739261841577488,-0.013898084780365211
4115,-0.0113803499432985,-0.015657035795203847,-0.01034627237127174,-0.013269303699952833
4116,-0.00463305795421925,-0.006352813801172516,-0.01137418887564866,-0.01663508882836008
4117,-0.00412904415718855,-0.011265452237294792,-0.018395308416907077,-0.010051684547303742
4118,-0.011190482928395949,-0.01051828703703703,-0.013230788611740991,-0.00996719591585488
4119,-0.0012496604504677,-0.003161130629391772,-0.013402495607254844,-0.0056401617663155885
4120,-0.0038370952476869,-0.004819854567943666,-0.00829065934065936,-0.013233667225378208
4121,-0.01231173632521395,-0.012407024493032172,-0.0062252418706122345,-0.010192494767355623
4122,0.0,-0.0056471884780287356,-0.010436913985103475,-0.011265452237294792
4123,-0.0056742991932311,-0.009475570802136592,-0.010642490842490845,-0.012799679435449796
4124,-0.0088006674500482,-0.0110576556014262,-0.012027260312523911,-0.01742399932316315
4125,-0.0052287048131923,-0.012538149828868597,-0.013057509382340259,-0.014221861066274988
4126,-0.0075039430428525495,-0.0091705767086449,-0.009192446702049682,-0.013093400391314791
4127,-0.01195771169036945,-0.011918068211948823,-0.0137437529456204,-0.006835184601090921
4128,-0.0110947739065468,-0.010499300920440196,-0.007828323081167841,-0.010524946348776196
4129,-0.0082580883143771,-0.008607150510093059,-0.010665116669204219,-0.004392509434444594
4130,-0.0037030088661836,-0.011238379660827514,-0.00939719058405927,-0.00815608080478621
4131,-0.010706593481035549,-0.009497400482197335,-0.014902680232411942,-0.010364110367297452
4132,-0.0073758978769548,-0.004902290043289986,-0.012719648258282916,-0.007700777632161053
4133,-0.0055186667042923495,-0.009047533088800519,-0.010070484666643346,-0.010531483131530125
4134,-0.0031708456977227,-0.01170076558577083,-0.013539433013417607,-0.011265452237294792
4135,-0.0068267873874491,-0.009133796296296293,-0.008543424561955271,-0.01340327261544983
4136,-0.0066980247222447,-0.00793263169663315,-0.008205407410404805,-0.008813962350952144
4137,-0.0037798448218686,-0.010051684547303742,-0.011875627465109662,-0.013047587416620918
4138,-0.00968989386825435,-0.010531483131530125,-0.012855528312466755,-0.007509308868209316
4139,-0.008429539662712149,-0.013909218963906463,-0.012608763702184778,-0.010927220329199634
4140,-0.0010575891255999,-0.0068454812963081885,-0.01211504458612683,-0.003781545598158048
4141,-0.0016542007239385,-0.005087645795450013,-0.008386222296540959,-0.012437276871263364
4142,-0.0107856704370571,-0.008313885360289933,-0.011200121614948773,-0.005608851652051295
4143,-0.00563201480753505,-0.011952777591610543,-0.009315729482451185,-0.008647990475847134
4144,-0.00929316861839155,-0.009924331458065455,-0.008027734777136109,-0.013097546931679546
4145,-0.0107265703387327,-0.009522873721481969,-0.009799740530185192,-0.012876160307688083
4146,-0.01284544234742535,-0.01663508882836008,-0.008695330981740662,-0.007881053904101543
4147,-0.0115962634010978,-0.013891822991822955,-0.01052106439240727,-0.007881053904101543
4148,-0.0058851710054305,-0.013817892156862747,-0.006451990889154433,-0.005578135356706815
4149,-0.0080616169390889,-0.01388695059682396,-0.010701873295239517,-0.012696599533201399
4150,-0.00532268761700945,-0.007268080049213074,-0.010701873295239517,-0.013233667225378208
4151,-0.0096801346801345,-0.01388695059682396,-0.010052215287066069,-0.00996719591585488
4152,-0.0055186667042923495,-0.015737466611630738,-0.01327601508098934,-0.010106402696260286
4153,-0.01560873443134465,-0.00910903930315644,-0.012421678931570555,-0.011265452237294792
4154,-0.00025527571868864994,-0.011843101651469703,-0.010701873295239517,-0.005736734788018637
4155,-0.00311364920426805,-0.010602787788341197,-0.008794569197416223,-0.009156068506534089
4156,-0.00646123396123395,-0.004127250696145085,-0.014662580457654248,-0.008695139023946717
4157,-0.0012496604504677,-0.01414009350149958,-0.0092199181271692,-0.010364110367297452
4158,-0.0098678934287302,-0.009218635160959755,-0.0089347600938747,-0.003924860317511021
4159,-0.0039528276114929,-0.006281023526005711,-0.007735920911558503,-0.004893303433668547
4160,-0.0058757675395991,-0.013909218963906463,-0.009069149831649831,-0.01302911334147498
4161,-0.013832245554676052,-0.009133796296296293,-0.017565874074002112,-0.007881053904101543
4162,-0.0086651122000002,-0.0119111667763825,-0.01045512679226189,-0.0032752525252525266
4163,-0.0039875102375101,-0.008959535154769264,-0.016103022604330445,-0.0056667330869466515
4164,-0.0132678397683596,-0.0010759773962394845,-0.012233227867957431,-0.013013575630245897
4165,-0.00068167099200685,-0.007047406312123038,-0.009773482735064652,-0.004888554050116567
4166,-0.0088239108009233,-0.010119882198998238,-0.0163510092775642,-0.006307227735850107
4167,-0.0097595127215445,-0.006920819822157134,-0.013329762659326776,-0.009084282310016588
4168,-0.00732755100579205,-0.014249164582636895,-0.008205487938416203,-0.008808364080796188
4169,-0.00781764132260535,-0.01044681685157876,-0.008027734777136109,-0.011553987051574899
4170,-0.0127148406680572,-0.005400805757661602,-0.012027260312523911,-0.012847180050112289
4171,-0.007509205085397251,-0.009497400482197335,-0.015882239050335843,-0.008033428383107881
4172,-0.0059471843452594,-0.00855253246344084,-0.01053277949146369,-0.017881276743336838
4173,-0.0058757675395991,-0.010355102303223545,-0.011404556568588757,-0.004580518533384308
4174,-0.008292741207886,-0.01022051952787107,-0.014694359525315167,-0.013333084470719951
4175,-0.0130055073534808,-0.010524946348776196,-0.012343247270227573,-0.01350902040569521
4176,-0.0076951951951952,-0.011983274157962262,-0.01034627237127174,-0.00981524331048144
4177,-0.0025045961477585,-0.01302911334147498,-0.009209225026549145,-0.005546487747145641
4178,-0.01055478668723205,-0.007860763074921244,-0.0062847835268510024,-0.010048766087066202
4179,-0.0052103101622223,-0.010602787788341197,-0.008543424561955271,-0.009820258021672995
4180,-0.0041949860131678,-0.008808364080796188,-0.010910466454710938,-0.012538149828868597
4181,-0.0094761504825895,-0.010119882198998238,-0.010834732486872858,-0.010364110367297452
4182,-0.006524270088978,-0.010054499390174703,-0.010701873295239517,-0.007905563789578086
4183,-0.0143040006272357,-0.009648297907952973,-0.010739261841577488,-0.013097546931679546
4184,-0.00903839566351295,-0.0029356957942001383,-0.010453599806594688,-0.013898084780365211
4185,-0.0069826007326007,-0.011007346441897173,-0.011160369697703565,-0.003187727189683791
4186,-0.021656820359826502,-0.012927004811181184,-0.008932698376947476,-0.006307227735850107
4187,-0.0030916669605922003,-0.012865026124146832,-0.014902680232411942,-0.009315755735198581
4188,-0.009641390709474,-0.0038517970786614633,-0.011644245755667637,-0.0017218974608436965
4189,-0.004763030966239449,-0.009133796296296293,-0.01644549493258322,-0.007700777632161053
4190,-0.0068582060164551,-0.01051828703703703,-0.013025405716810608,-0.008951126051071862
4191,-0.00463305795421925,-0.009756007994335392,-0.010995752115274681,-0.009133796296296293
4192,-0.0060547247182178,-0.011031964823071169,-0.012051221958799943,-0.008139765948013494
4193,-0.01126684166286325,-0.009156068506534089,-0.01043690235690236,-0.004830745600046113
4194,-0.0106425256867832,-0.0110576556014262,-0.009186632798748963,-0.00645102438849959
4195,-0.01337541194315485,-0.0065512002773011405,-0.008931222558305887,-0.007366385702745767
4196,-0.01126684166286325,-0.005089785727202235,-0.013230788611740991,-0.008647990475847134
4197,-0.0105941730437372,-0.006920819822157134,-0.013058565780740132,-0.00846215777022355
4198,-0.0115541908051099,-0.00399800031321388,-0.012006639207553859,-0.01380336478687428
4199,-0.0040773765646609,-0.00899579572713928,-0.017848667213417824,-0.004078640204082093
4200,-0.0070262523754896,-0.006137217416076299,-0.013402495607254844,-0.011553987051574899
4201,-0.0080616169390889,-0.014300525576716086,-0.0149099239825884,-0.006737213403880032
4202,-0.004763030966239449,-0.007141015223366411,-0.014277435767602726,-0.011983274157962262
4203,-0.00584135271635265,-0.010355102303223545,-0.017407091161171326,-0.004127250696145085
4204,-0.0136096256684491,-0.010364110367297452,-0.016926676667674476,-0.009431067836051878
4205,-0.0030916669605922003,-0.007885485508495528,-0.009214971080545063,-0.01176703820333212
4206,-0.0109279550600196,-0.011912013822031242,-0.01251900642668049,-0.009074558338804713
4207,-0.0115642408173047,-0.010629860364808475,-0.009735131517274422,-0.011980089355089343
4208,-0.0017390584179799,-0.004740179599777596,-0.01365806385012375,-0.01016699664815704
4209,-0.00687758138071325,-0.015371928175185408,-0.008906386504137937,-0.005737737505548693
4210,0.0,-0.003187727189683791,-0.010701873295239517,-0.010051684547303742
4211,-0.01499564613636665,-0.011716133644446616,-0.006714878863835352,-0.0083395130183639
4212,-0.0029757164694958,-0.012177590587006987,-0.01732855486095375,-0.011606728522003909
4213,-0.0107925570978678,-0.011969343410534308,-0.009315729482451185,-0.0033093756675457477
4214,-0.008162769335693949,-0.003243923110655786,-0.01052106439240727,-0.008590720987937471
4215,-0.0080066516679024,-0.012410005935152159,-0.01034627237127174,-0.0065703783654935
4216,-0.01025968002101325,-0.011370292019381528,-0.013057509382340259,-0.011007346441897173
4217,-0.007816813005914549,-0.009084282310016588,-0.015326001593828763,-0.010364110367297452
4218,-0.0040773765646609,-0.0054091617518304234,-0.012583016076017011,-0.009497400482197335
4219,-0.005861606233483051,-0.015320398004773028,-0.01241931170111863,-0.00672199838271384
4220,-0.0039528276114929,-0.008647990475847134,-0.011495513137915095,-0.0056401617663155885
4221,-0.0063051832545995,-0.01184316502462629,-0.009192446702049682,-0.015320398004773028
4222,-0.00563201480753505,-0.010843738837068016,-0.012602199887277602,-0.010355102303223545
4223,-0.0030122114168308,-0.008774814842877305,-0.010589688913120402,-0.004394477864109358
4224,-0.0017390584179799,-0.010602787788341197,-0.008343817082388509,-0.012358375420875348
4225,-0.0118988019028016,-0.0021303787664979368,-0.008695330981740662,-0.007700777632161053
4226,-0.01329277180481585,-0.005400805757661602,-0.012608763702184778,-0.008274196859833608
4227,0.0,-0.007357599220366044,-0.010739261841577488,-0.01585318627450978
4228,-0.0109690656565656,-0.008344289530026562,-0.007476742424242441,-0.009388660450200925
4229,-0.01072052659669535,-0.004846815051552225,-0.009619559241387275,-0.009047533088800519
4230,-0.0069134148519975,-0.0064235900250561445,-0.009987606274155299,-0.006352813801172516
4231,-0.0050816897071932,-0.004474836733068624,-0.013025405716810608,-0.007268080049213074
4232,-0.0056698492011727,-0.013487923136229126,-0.016429476417596255,-0.005339581714581716
4233,-0.00070952303207795,-0.015229527867252214,-0.006740430422353057,-0.011007346441897173
4234,-0.000436765615337,-0.009700972565726381,-0.012599107232986333,-0.012648982509970826
4235,-0.005309141716300449,-0.007047406312123038,-0.012599107232986333,-0.005521788847004033
4236,-0.012383359711811051,-0.008703327898469101,-0.009773482735064652,-0.006920819822157134
4237,-0.010706593481035549,-0.006815920802463377,-0.0137437529456204,-0.0038967181387069144
4238,-0.01170672471329485,-0.011969343410534308,-0.011528189989771325,-0.012332971471867854
4239,-0.01052008648546675,-0.007361338836245287,-0.006786004895147236,-0.011264860007964547
4240,-0.0073758978769548,-0.009315755735198581,-0.010300900560138864,-0.00622729287841485
4241,-0.00909004580917455,-0.007552383253470789,-0.010868444087784113,-0.009648297907952973
4242,-0.0120898724496495,-0.005192865675646845,-0.01684969277740285,-0.007322900100791195
4243,-0.0003619398233759507,-0.007700777632161053,-0.015303042566227798,-0.013097546931679546
4244,-0.0037954423461669,-0.004888554050116567,-0.010752482283841958,-0.0035217246764962865
4245,-0.0101171729681972,-0.006548379805096399,-0.008687230593480592,-0.010106402696260286
4246,-0.0071723280342585,-0.0023904124063645338,-0.009709445416115653,-0.011265452237294792
4247,-0.0084949751341739,-0.006307227735850107,-0.011853592825600895,-0.010051684547303742
4248,-0.0039528276114929,-0.005997809725735256,-0.010701873295239517,-0.011265452237294792
4249,-0.01532676979105045,-0.00856498477430049,-0.013006959706959705,-0.011724664790421991
4250,-0.011169260353540399,-0.005633118891895689,-0.008906386504137937,-0.01044681685157876
4251,-0.01017762548457795,-0.011264860007964547,-0.008534722944755022,-0.013097546931679546
4252,-0.0093602693602693,-0.005719750036645738,-0.009609410948846675,-0.00899579572713928
4253,-0.0039341082712543,-0.011470744533341142,-0.00890084679294942,-0.005546487747145641
4254,-0.0079536116372834,-0.005601063700155888,-0.010701873295239517,-0.015657035795203847
4255,-0.0064538017936231,-0.011972360083436568,-0.015384609571336142,-0.010876284563771184
4256,-0.0106150850969576,-0.014850505272857214,-0.015765629274425888,-0.0021422809460074355
4257,-0.0148904788884289,-0.008647990475847134,-0.012343247270227573,-0.006222518379410305
4258,-0.00772738288623365,-0.0027686620181753933,-0.014172000330231634,-0.015657035795203847
4259,-0.0039579706632636,-0.009475570802136592,-0.007741504722986209,-0.006609381719695204
4260,-0.0107706612752879,-0.015737466611630738,-0.013839965687428785,-0.013222311314457178
4261,-0.0046866459820435,-0.011400482130672088,-0.012495420844757927,-0.005339581714581716
4262,-0.0096801346801345,-0.005687917481645936,-0.0137437529456204,-0.0056851420731969665
4263,-0.007827139251101201,-0.007391816154389268,-0.013897526236284086,-0.006647550365079056
4264,-0.0143040006272357,-0.014489366881502153,-0.010701873295239517,-0.017289135127033502
4265,-0.0125639828810131,-0.0056401617663155885,-0.010436913985103475,-0.007185567973036014
4266,-0.0139022401890049,-0.009321871914828972,-0.010995752115274681,-0.01016699664815704
4267,-0.01027381241445245,-0.008008544788351862,-0.013769125531487373,-0.010602787788341197
4268,-0.0090091286012307,-0.00909795772632111,-0.007875446686765318,-0.012413173627157707
4269,-0.0108468801496535,-0.012965308701294864,-0.012435208937830934,-0.00550860191990462
4270,-0.0179435886345487,-0.006452554752578251,-0.011595564158905256,-0.007390584723918047
4271,-0.0017530009786604,-0.012404336118250123,-0.01271963019923546,-0.0038967181387069144
4272,-0.0027026425674772,-0.00399800031321388,-0.009153198619233974,-0.014364057883618248
4273,-0.0122702589807853,-0.006920819822157134,-0.0087264786762963,-0.006452554752578251
4274,-0.015182765277334349,-0.010882896049395352,-0.013839477021888454,-0.007417203387598048
4275,-0.0084949751341739,-0.010051684547303742,-0.0092199181271692,-0.00981524331048144
4276,-0.00646123396123395,-0.005887049291745022,-0.010701873295239517,-0.010364110367297452
4277,-0.00842977660425725,-0.015745614615211213,-0.0149099239825884,-0.01700253022040693
4278,-0.00017535361125105,-0.010260242290792816,-0.01280743646065257,-0.009884428156189291
4279,-0.01329928417437755,-0.01110303696569107,-0.009192446702049682,-0.005054244799056945
4280,-0.002113704125844,-0.005217477221473754,-0.008916280315269698,-0.011993247728927025
4281,-0.0080616169390889,-0.010843738837068016,-0.013081035101626531,-0.011952777591610543
4282,-0.0039889890742058,-0.009143578775019697,-0.009382201775419026,-0.011931255395319904
4283,-0.0056698492011727,-0.015309291563369538,-0.009214971080545063,-0.015080956145937383
4284,-0.01329277180481585,-0.0020642888656552637,-0.008282314108249289,-0.011370292019381528
4285,-0.0068267873874491,-0.009756007994335392,-0.006799901214566327,-0.009776685217785953
4286,-0.0043671326555313,-0.01794750617260784,-0.008695330981740662,-0.007637205265494742
4287,-0.0030149356196793,-0.006815920802463377,-0.013138590632813862,-0.007216438264747705
4288,-0.0031625472850303,-0.011265452237294792,-0.007928716861720989,-0.006637243839825901
4289,-0.01654200170546065,-0.00403468801089929,-0.012343247270227573,-0.009936372446450445
4290,-0.0108468801496535,-0.009924331458065455,-0.008695330981740662,-0.007116081982155516
4291,-0.0026250851926029003,-0.011330050536250406,-0.01636083875052747,-0.0035520624454784544
4292,-0.00234514937465135,-0.01586593268418763,-0.012563832264756419,-0.011997600240610761
4293,-0.0061670871904789,-0.01636815172938771,-0.017322753386373034,-0.008695139023946717
4294,-0.006344689268633951,-0.010602787788341197,-0.013057509382340259,-0.010455026455026467
4295,-0.00587584837848265,-0.010130689909380049,-0.009676692190528404,-0.010106402696260286
4296,-0.0010575891255999,-0.006222518379410305,-0.018536440403493414,-0.012427317147766369
4297,-0.007166386061109401,-0.01110303696569107,-0.011528189989771325,-0.009313650009005109
4298,-0.0014380882134505,-0.007881053904101543,-0.0104395332511904,-0.0035520624454784544
4299,-0.0028257919828583,-0.011238379660827514,-0.01332464664225589,-0.004127250696145085
4300,-0.0096401232005488,-0.005719750036645738,-0.007190503788980295,-0.012413173627157707
4301,-0.0122702589807853,-0.014902771170628326,-0.013230788611740991,-0.007829476111569936
4302,-0.0104796160034766,-0.01124335162541554,-0.015340636305102406,-0.012078839971048165
4303,-0.000792428004658,-0.003765293808784588,-0.008758783384080121,-0.00909795772632111
4304,-0.008162769335693949,-0.004688228438228439,-0.010701873295239517,-0.012564876262476547
4305,-0.0071723280342585,-0.004886347857321213,-0.010645360604307964,-0.013006829572250078
4306,-0.0055186667042923495,-0.004938491472978097,-0.008220811134110068,-0.007116081982155516
4307,-0.0038957487804936004,-0.005412722927152369,-0.01052106439240727,-0.010455026455026467
4308,-0.0069392984939114005,-0.012382535830085264,-0.011088413341312154,-0.01302911334147498
4309,-0.0065215121483298,-0.012696599533201399,-0.011644245755667637,-0.010602787788341197
4310,-0.003947765091964451,-0.014039872676901176,-0.01327601508098934,-0.007116081982155516
4311,-0.00889499294985065,-0.011131824131384707,-0.01603470828810927,-0.003187727189683791
4312,-0.0065215121483298,-0.007278337362605903,-0.012495189247985435,-0.007047406312123038
4313,-0.00687758138071325,-0.015678699741806718,-0.012773415969820892,-0.004737426747706865
4314,-0.0082580883143771,-0.008141097451770225,-0.007292332851619704,-0.008864084803434757
4315,-0.0120491887214185,-0.010311260603637032,-0.013256029487423757,-0.012404336118250123
4316,-0.004763030966239449,-0.012310606060606018,-0.011721640338380404,-0.0014254434887371464
4317,-0.0107244607244607,-0.009497400482197335,-0.015601374288182514,-0.006920819822157134
4318,-0.0038269967906122,-0.010041460039079103,-0.010701873295239517,-0.011952777591610543
4319,-0.0053310759193111,-0.011227735592540877,-0.012773415969820892,-0.00815608080478621
4320,0.0,-0.012410005935152159,-0.011313980238641625,-0.00550860191990462
4321,-0.0013362337900044,-0.008774814842877305,-0.011615615004673174,-0.006920819822157134
4322,-0.00411703424010355,-0.01224663654624284,-0.01263037042216011,-0.0038744437284593883
4323,-0.003519366266059,-0.007322900100791195,-0.01327601508098934,-0.012860334967320258
4324,-0.00259240502064025,-0.009497400482197335,-0.01748550748664292,-0.009084282310016588
4325,-0.0040773765646609,-0.012636458399057356,-0.008695330981740662,-0.009784624139016568
4326,-0.009178350806860549,-0.013384197000934185,-0.0137437529456204,-0.007980653416461125
4327,-0.0019841443800517,-0.00855253246344084,-0.007311051395328276,-0.005578135356706815
4328,-0.0083181081406096,-0.0035520624454784544,-0.012051713176130265,-0.008011768324268326
4329,-0.007830563537214,-0.010522619390889637,-0.014694359525315167,-0.011980089355089343
4330,-0.0002183828076685,-0.0005990549897191833,-0.010701873295239517,-0.014835539215686264
4331,-0.0157780991539963,-0.012965308701294864,-0.010834732486872858,-0.0029033379787099974
4332,-0.0030149356196793,-0.005420872430119603,-0.010892108076819012,-0.019854928445481403
4333,-0.0107988142106782,-0.009651760101360762,-0.01045512679226189,-0.006647550365079056
4334,-0.01078473774298305,-0.008199413695437297,-0.012719648258282916,-0.0011039268167906055
4335,-0.0064784948790853,-0.010258657206305463,-0.01045512679226189,-0.008310315765616659
4336,-0.00277891293156945,-0.014521160534261529,-0.015922321728892713,-0.01051828703703703
4337,-0.00156795463953575,-0.006045482916089442,-0.008606083339343845,-0.01298381109071738
4338,-0.00889499294985065,-0.00516591669538536,-0.008282314108249289,-0.004392509434444594
4339,-0.0119086319823707,-0.005736734788018637,-0.016217485724152374,-0.0065703783654935
4340,-0.002097458148241261,-0.005710235690235661,-0.010456821051569825,-0.00403468801089929
4341,-0.0119067513368983,-0.009604170179815703,-0.009390498792033481,-0.007509308868209316
4342,-0.0078193645503206,-0.01641038474078177,-0.008718849064431454,-0.009936372446450445
4343,-0.00963966132975645,-0.006640120152075822,-0.01045512679226189,-0.017691833003507143
4344,-0.0058757675395991,-0.011918068211948823,-0.011160369697703565,-0.013222311314457178
4345,-0.00859541644874165,-0.018077376972115974,-0.012662444422708556,-0.005079326945045561
4346,-0.004449580620014,-0.012410005935152159,-0.011200121614948773,-0.010355102303223545
4347,-0.00967459438159835,-0.0027104802322163273,-0.010055196448531329,-0.01022051952787107
4348,-0.018540751147138,-0.011918068211948823,-0.018369245212410703,-0.005997809725735256
4349,-0.0097818031691372,-0.010355102303223545,-0.00829065934065936,-0.014685178537973369
4350,-0.0027457344070762,-0.010041460039079103,-0.009476408328381994,-0.008774814842877305
4351,-0.006031350258083049,-0.012938165687716621,-0.011156771743676505,-0.004991939379466098
4352,-0.00240327544013435,-0.0064043209876543175,-0.010436913985103475,-0.004127250696145085
4353,-0.008521127205708,-0.007047406312123038,-0.008180122188707173,-0.007967872079545857
4354,-0.0060772358859671,-0.007993723653108858,-0.010436913985103475,-0.009648297907952973
4355,-0.0053310759193111,-0.012865026124146832,-0.019793500684118785,-0.0160440334119386
4356,-0.01027381241445245,-0.008011768324268326,-0.0159296768696456,-0.010220600122981097
4357,-0.0103727318433201,-0.012927004811181184,-0.01221439877599464,-0.011419691525812362
4358,-0.00936279391016125,-0.011716133644446616,-0.012608763702184778,-0.01586593268418763
4359,-0.0106150850969576,-0.0030701790438397505,-0.009926051902242376,-0.0037480231157634367
4360,-0.00779217923518785,-0.004580518533384308,-0.01578108728719052,-0.004902290043289986
4361,-0.0049995256124992,-0.0025391648726340588,-0.009676692190528404,-0.007141015223366411
4362,-0.0048797322904288,-0.007464111409650628,-0.013058565780740132,-0.0029356957942001383
4363,-0.00929316861839155,-0.014245927428546195,-0.007741504722986209,-0.00463642886733661
4364,-0.0014920402687606,-0.009485932273432987,-0.009108397914465539,-0.0065474208698129074
4365,-0.0069826007326007,-0.006754412300425328,-0.014535814889902753,-0.003765293808784588
4366,-0.01055478668723205,-0.00909795772632111,-0.010739261841577488,-0.004127250696145085
4367,-0.010352639758651,-0.007391816154389268,-0.009315729482451185,-0.004819854567943666
4368,-0.0123456466525421,-0.009027605048539791,-0.009141665088749383,-0.008808364080796188
4369,-0.007509205085397251,-0.009283949371449364,-0.021472411186696898,-0.006637243839825901
4370,-0.00929316861839155,-0.007166317139874503,-0.011611088632411545,-0.0043713960043925155
4371,-0.0108140894193525,-0.0056471884780287356,-0.01720903993089469,-0.007270192350825048
4372,-0.0033564814814815,-0.009213871503509045,-0.01338698506484338,-0.007166317139874503
4373,-0.0037950708774898002,-0.009700172471136744,-0.009926051902242376,-0.004238618336045611
4374,-0.0103022151338956,-0.0071889279583331675,-0.010304690043946945,-0.006815920802463377
4375,-0.0039579706632636,-0.007185567973036014,-0.007679464972782789,-0.0049732627618637865
4376,0.0,-0.006222518379410305,-0.013772229683896353,-0.005608851652051295
4377,-0.0034315789803976504,-0.014017186431469077,-0.010250038422996885,-0.004983968286481712
4378,-0.00275528041670175,-0.013421768283892604,-0.005479712681006823,-0.006456776031094444
4379,-0.0030149356196793,-0.004305569189003079,-0.007828323081167841,-0.00996719591585488
4380,-0.01082525617782015,-0.012648982509970826,-0.009186632798748963,-0.004819854567943666
4381,-0.0032026673848838,-0.014776449015502902,-0.010701873295239517,-0.013179971210379504
4382,-0.0042535331339657,-0.008864084803434757,-0.0109459090547942,-0.012406144781144678
4383,-0.00889499294985065,-0.015469517039655385,-0.00939719058405927,-0.0071889279583331675
4384,0.0,-0.009497400482197335,-0.012065357382887436,-0.009315755735198581
4385,-0.0086651122000002,-0.0035520624454784544,-0.005581151405783746,-0.006609381719695204
4386,-0.0008011664261663,-0.013022368692037729,-0.008425379116088559,-0.012332971471867854
4387,-0.00967459438159835,-0.006815920802463377,-0.012495420844757927,-0.005412722927152369
4388,-0.0100048925356712,-0.009604170179815703,-0.012343247270227573,-0.012310606060606018
4389,-0.0006996317045335,-0.011265452237294792,-0.010701873295239517,-0.008368710271111142
4390,-0.0023898164857300997,-0.007464111409650628,-0.006832389203009654,-0.010876284563771184
4391,0.0,-0.010051684547303742,-0.011595564158905256,-0.009497400482197335
4392,-0.005309141716300449,-0.00779936668305083,-0.006976852202906371,-0.005633118891895689
4393,-0.0107925570978678,-0.010882896049395352,-0.01211504458612683,-0.005578135356706815
4394,-0.00440835663777265,-0.009648297907952973,-0.016420584685218932,-0.005087645795450013
4395,-0.012383359711811051,-0.015502311625911817,-0.011623226153495557,-0.0035050746874478074
4396,-0.01126684166286325,-0.005687917481645936,-0.008755176300987808,-0.013578356889252734
4397,-0.00734410719809345,-0.005400805757661602,-0.008305311355311353,-0.005601063700155888
4398,-0.01054368379772895,-0.004243351665261352,-0.013645736774735913,-0.010921257802186002
4399,-0.0066980247222447,-0.008864084803434757,-0.012571449954328316,-0.007552383253470789
4400,-0.0053310759193111,-0.00634420884668872,-0.008916280315269698,-0.01022051952787107
4401,-0.0024192505286246,-0.010882896049395352,-0.007998371289269526,-0.010258657206305463
4402,-0.0184302507664691,-0.005079326945045561,-0.012505082134276466,-0.0019139870054380656
4403,-0.0075039430428525495,-0.01110303696569107,-0.011458286092214658,-0.005054244799056945
4404,-0.0030916669605922003,-0.01145105548845523,-0.008614052177078897,-0.009823515288090515
4405,-0.01110542355813315,-0.002887462780010411,-0.012571449954328316,-0.00815608080478621
4406,-0.0030916669605922003,-0.00508158871564221,-0.00921314370604142,-0.005823957626702403
4407,-0.0120898724496495,-0.006183041027262144,-0.013230788611740991,-0.010531483131530125
4408,-0.0026310846999963,-0.005339581714581716,-0.010995752115274681,-0.00645102438849959
4409,-0.00534438579344865,-0.004991939379466098,-0.009615585560950962,-0.010921257802186002
4410,-0.00949231817596965,-0.0056401617663155885,-0.012941089894813625,-0.01452371001205748
4411,0.0,-0.00622729287841485,-0.01383508478924529,-0.015657035795203847
4412,-0.006031350258083049,-0.0031513689413287006,-0.011721640338380404,-0.007391816154389268
4413,-0.00929316861839155,-0.006183041027262144,-0.01075794171715224,-0.009936372446450445
4414,-0.004210892232762799,-0.011980089355089343,-0.012075101470122106,-0.01298381109071738
4415,-0.0052287048131923,-0.009784624139016568,-0.015113068289494769,-0.010563270434803375
4416,-4.071250718560001e-05,-0.008842594242234322,-0.013270543120034353,-0.011993247728927025
4417,-0.00150079321852185,-0.013437501205529796,-0.008695330981740662,-0.00197373440789809
4418,-0.0097595127215445,-0.015227334254113628,-0.010436913985103475,-0.005663305935819027
4419,-0.0022683634761102,-0.004737426747706865,-0.009214971080545063,-0.005578135356706815
4420,-0.00523271980315315,-0.014364057883618248,-0.009214971080545063,-0.0042977325740441025
4421,-0.010419119319619051,-0.00961699798912146,-0.005790852761104477,-0.0071889279583331675
4422,-0.0073607246426116,-0.0049260284680743595,-0.011156771743676505,-0.011902777777777769
4423,-0.01036658601924135,-0.01770560269457666,-0.008627041253352494,-0.013093400391314791
4424,-0.00638733016983685,-0.006143058655322546,-0.008687230593480592,-0.00622729287841485
4425,-0.007816813005914549,-0.01170076558577083,-0.013839477021888454,-0.001418835182715572
4426,-0.01025968002101325,-0.005089785727202235,-0.005581151405783746,-0.007700777632161053
4427,-0.0122100122100122,-0.0033655515414565684,-0.011160369697703565,-0.008344289530026562
4428,-0.00740651620433275,-0.007980653416461125,-0.009930700249427788,-0.011007346441897173
4429,0.0,-0.007829476111569936,-0.018436083132583332,-0.013986004275747959
4430,-0.010659316884098949,-0.004127250696145085,-0.01499208271517545,-0.006342064594356276
4431,-0.00388367752968935,-0.01350902040569521,-0.008179903738093242,-0.010594633538150561
4432,-0.00638733016983685,-0.010355102303223545,-0.015170134207240131,-0.010602787788341197
4433,-0.000436765615337,-0.006161192956511434,-0.010300900560138864,-0.007695296241535895
4434,-0.0040349971165494,-0.012538149828868597,-0.015826935730795078,-0.005608851652051295
4435,-0.0058735425435699,-0.012604565969533592,-0.012599107232986333,-0.012358375420875348
4436,0.0,-0.005228963907592286,-0.013084987136467788,-0.013909218963906463
4437,-0.01125346696269495,-0.008043956043956062,-0.008687230593480592,-0.00981524331048144
4438,-0.0052272727272727,-0.007278337362605903,-0.010809361649955426,-0.0110576556014262
4439,-0.0026597808672862,-0.014647596454086653,-0.010701873295239517,-0.005054244799056945
4440,-0.0041815555416761995,-0.004538904634230179,-0.011125151597801763,-0.009936372446450445
4441,-0.0140027036692578,-0.01086379659040779,-0.009214971080545063,-0.00846215777022355
4442,-0.0030695249900985497,-0.012427317147766369,-0.018369245212410703,-0.010740420498788754
4443,-0.0090628463220459,-0.00508158871564221,-0.012229023649808424,-0.004454068784269526
4444,-0.010416967917876701,-0.006647550365079056,-0.015144932083542655,-0.013891822991822955
4445,-0.0046646748500815,-0.0030626085748036904,-0.009147645997281247,-0.007409939066610666
4446,-0.0056213796673904,-0.006511058439301401,-0.011611088632411545,-0.001418835182715572
4447,-0.0071900252423621,-0.007509308868209316,-0.008534722944755022,-0.0027686620181753933
4448,-0.0040773765646609,-0.0065512002773011405,-0.011059552445154025,-0.009522873721481969
4449,-0.0107706612752879,-0.012636458399057356,-0.010800156886114007,-0.00855253246344084
4450,-0.0040967712842711,-0.008344289530026562,-0.009926051902242376,-0.0119111667763825
4451,-0.014550929739760101,-0.009141459338820546,-0.012027260312523911,-0.01222048612232155
4452,-0.01025968002101325,-0.0044432771816652235,-0.0205391824875015,-0.01145105548845523
4453,-0.0056720741972019,-0.012538149828868597,-0.01045512679226189,-0.0071889279583331675
4454,-0.010419119319619051,-0.005710235690235661,-0.012599107232986333,-0.01044681685157876
4455,-0.00563201480753505,-0.01044681685157876,-0.009145304495084088,-0.003765293808784588
4456,-0.0066980247222447,-0.010563270434803375,-0.012051713176130265,-0.0019210612555721207
4457,-0.0092156989706278,-0.004482807826053011,-0.010995752115274681,-0.010051684547303742
4458,-0.0048784684523209,-0.005495025132518302,-0.01622892189841312,-0.011843101651469703
4459,-0.0034728029626390003,-0.011238379660827514,-0.010701873295239517,-0.01001342101795271
4460,-0.0055186667042923495,-0.009952815385615519,-0.010701873295239517,-0.010843738837068016
4461,-0.0006531624927824,-0.009648297907952973,-0.014139235243394733,-0.010555024113075566
4462,-0.0088006674500482,-0.006511058439301401,-0.010809361649955426,-0.012406144781144678
4463,-0.0038191700422561,-0.010574026424081671,-0.01106900199020297,-0.009570889198705329
4464,-0.0090091286012307,-0.011912013822031242,-0.009433580897115663,-0.002409138828160559
4465,-0.00827773756653395,-0.006342064594356276,-0.01706351240219698,-0.00622729287841485
4466,-0.0039341082712543,-0.013135841348176094,-0.009670522504363652,-0.009776685217785953
4467,-0.001602113926146,-0.013233667225378208,-0.009433580897115663,-0.011318846743453063
4468,-0.024488186803340452,-0.009139872549294322,-0.008758783384080121,-0.006737608861857817
4469,-0.0030149356196793,-0.010311260603637032,-0.010069302000248706,-0.006727581438454047
4470,-0.0048478050916404,-0.010130689909380049,-0.01720903993089469,-0.011980089355089343
4471,-0.0089276222472216,-0.006815920802463377,-0.009895068419886046,-0.013047587416620918
4472,-0.0112163862521193,-0.0056401617663155885,-0.015834898440019455,-0.012413173627157707
4473,-0.00652403468175645,-0.0048943189503056,-0.0069132706677092134,-0.01394641872204179
4474,-0.00509682087809635,-0.007509308868209316,-0.013891823987658173,-0.006815920802463377
4475,-0.0083181081406096,-0.011265452237294792,-0.012229023649808424,-0.010594633538150561
4476,-0.0065215121483298,-0.0139936246289998,-0.008570675686875848,-0.009156068506534089
4477,-0.0040010622350588505,-0.014249164582636895,-0.008895032051282115,-0.008313885360289933
4478,-0.009517913318887551,-0.009084282310016588,-0.007863805183895524,-0.011777460701494994
4479,-0.01121565920138865,-0.010106402696260286,-0.013230788611740991,-0.01302911334147498
4480,-0.0080616169390889,-0.008647990475847134,-0.0067659949026635195,-0.014134271281655543
4481,-0.0128139946741395,-0.012938165687716621,-0.00849645137128245,-0.006637243839825901
4482,-0.00435613760583565,-0.01170076558577083,-0.016170861233494302,-0.00758486503992245
4483,-0.00017535361125105,-0.00474769212494891,-0.01383508478924529,-0.006609381719695204
4484,-0.0041949860131678,-0.008864084803434757,-0.015565253890756685,-0.015320398004773028
4485,-0.012292988548330351,-0.007417203387598048,-0.016607040146150158,-0.01699539017230992
4486,-0.0028257919828583,-0.007357599220366044,-0.01031105490336452,-0.014685178537973369
4487,-0.00551259691630615,-0.005254236715306823,-0.010701873295239517,-0.003786395026206006
4488,-0.0046646748500815,-0.004902290043289986,-0.012524237498199663,-0.0096354806320136
4489,-0.0055186667042923495,-0.0182263594331678,-0.015384609571336142,-0.009700972565726381
4490,-0.00899863884414875,-0.012407024493032172,-0.019060018150793848,-0.011787021914646974
4491,-0.0024992962701594,-0.006342064594356276,-0.015601374288182514,-0.012413173627157707
4492,-0.0001949979871175,-0.00634420884668872,-0.012548408384820853,-0.008607150510093059
4493,-0.008521127205708,-0.011918068211948823,-0.009057536115046741,-0.004403333670470213
4494,-0.0095830571592493,-0.006957624323549516,-0.01112087359059178,-0.008259986449287385
4495,-0.0052103101622223,-0.0017913946247603732,-0.01047076857037528,-0.004127250696145085
4496,-0.0014920402687606,-0.012427317147766369,-0.014795324535963474,-0.0056401617663155885
4497,-0.01025968002101325,-0.00815608080478621,-0.011736128869992266,-0.005719750036645738
4498,-0.0115642408173047,-0.0020642888656552637,-0.014172000330231634,-0.014597204949307135
4499,-0.0043672907042167,-0.009776685217785953,-0.01052106439240727,-0.004127250696145085
4500,-0.0098210544901722,-0.004740179599777596,-0.008297985347985357,-0.00622729287841485
4501,-0.0046866459820435,-0.01001342101795271,-0.005194471902624643,-0.010224570624160115
4502,-0.010419119319619051,-0.009139872549294322,-0.011528189989771325,-0.014039872676901176
4503,0.0,-0.0034643727232618535,-0.014233483167802635,-0.005578135356706815
4504,-0.0071723280342585,-0.00027587969132715495,-0.009007519781612627,-0.007166317139874503
4505,-0.0026310846999963,-0.007663967195908752,-0.013839477021888454,-0.009315755735198581
4506,-0.011045329867538551,-0.011843101651469703,-0.010739261841577488,-0.009321871914828972
4507,-0.0101171729681972,-0.0056471884780287356,-0.008669471153846198,-0.000706643568622739
4508,-0.00809883456975005,-0.013891822991822955,-0.010436913985103475,-0.008157280408164186
4509,-0.00509682087809635,-0.008139765948013494,-0.012847467553899202,-0.005719750036645738
4510,-0.0068245384743701,-0.0018693868377859524,-0.008987407320970399,-0.010311260603637032
4511,-0.00372722520437865,-0.009884428156189291,-0.010834732486872858,-0.011629342241268176
4512,-0.0098210544901722,-0.00403468801089929,-0.008695330981740662,-0.00961699798912146
4513,-0.0041682513315599,-0.006637243839825901,-0.011031606671936409,-0.006706444436907039
4514,-0.0020915125574119,-0.011279003528573209,-0.01045512679226189,-0.007312332702017976
4515,-0.0029557146074744,-0.012427317147766369,-0.01360745677041033,-0.00793263169663315
4516,-0.0051676692610194,-0.007967872079545857,-0.01383508478924529,-0.014521160534261529
4517,-0.009930822117595,-0.005578135356706815,-0.016429476417596255,-0.010311260603637032
4518,-0.007166386061109401,-0.018003567813591304,-0.010868444087784113,-0.008608386070310552
4519,-0.00850830944734875,-0.00961699798912146,-0.015075593034416579,-0.01170076558577083
4520,-0.00240327544013435,-0.010594633538150561,-0.014492061902546916,-0.009305834155470084
4521,-0.008521127205708,-0.011318846743453063,-0.01361528082380919,-0.008949851398196474
4522,-0.0098210544901722,-0.012938165687716621,-0.01383508478924529,-0.006637243839825901
4523,-0.0040773765646609,-0.009982760396255279,-0.011088413341312154,-0.012410005935152159
4524,-0.00509682087809635,-0.0034643727232618535,-0.016444163396064693,-0.011952777591610543
4525,-0.007827139251101201,-0.006543026900271611,-0.011495513137915095,-0.00996719591585488
4526,-0.00068167099200685,-0.011931255395319904,-0.01213859169477435,-0.009283949371449364
4527,-0.011388932646281,-0.005546487747145641,-0.013720651559866556,-0.003932325518829067
4528,-0.0052287048131923,-0.011007346441897173,-0.010701873295239517,-0.009234882703096026
4529,-0.01031670632017,-0.010041460039079103,-0.010420078763828763,-0.014039872676901176
4530,-0.0052287048131923,-0.006706444436907039,-0.013839965687428785,-0.012938165687716621
4531,-0.0004586779785046842,-0.010355102303223545,-0.010665116669204219,-0.004127250696145085
4532,-0.008446962596213949,-0.012923753570340977,-0.0092199181271692,-0.004482807826053011
4533,-0.00645817335931665,-0.00516591669538536,-0.016528196015760867,-0.010224570624160115
4534,-0.0098210544901722,-0.012377201706496345,-0.013732202252743478,-0.00157681501811331
4535,-0.0032026673848838,-0.00437760238728041,-0.014580551192078125,-0.012927004811181184
4536,-0.0096401232005488,-0.01044681685157876,-0.0104395332511904,-0.012655395046257633
4537,-0.00947021089982125,-0.006071428571428603,-0.012044985199461388,-0.013179731842231843
4538,-0.003947765091964451,-0.005217477221473754,-0.009153198619233974,-0.008139765948013494
4539,-0.0097595127215445,-0.004315270224342192,-0.009676692190528404,-0.006815920802463377
4540,-0.0081286266384305,-0.013160393571420438,-0.009352389879290834,-0.013333084470719951
4541,-0.00046190584293285,-0.008402729393850103,-0.012571449954328316,-0.010602787788341197
4542,-0.0028257919828583,-0.004243351665261352,-0.006499161203521439,-0.012240937908200047
4543,-0.0031625472850303,-0.008317338515946767,-0.008695812026948885,-0.005744180177707246
4544,-0.0099199770408283,-0.01663508882836008,-0.017565874074002112,-0.008313885360289933
4545,-0.0064850543181698,-0.00996719591585488,-0.01338698506484338,-0.011557523851168743
4546,-0.008998864697394,-0.015827223929556312,-0.008433365082629762,-0.004305569189003079
4547,-0.01003810952085725,-0.01496154733153523,-0.0149099239825884,-0.005179435063378347
4548,-0.0041712527027819,-0.015186144105141856,-0.015922321728892713,-0.012865026124146832
4549,-0.0099210292945751,-0.009153320950470147,-0.0114074051604363,-0.0033522266471789977
4550,-0.000142328695731,-0.019640462638333932,-0.006211419550762182,-0.012538149828868597
4551,-0.0042714361028425,-0.0056471884780287356,-0.009098759247955557,-0.003781545598158048
4552,-0.0084846550201989,-0.013201043524483081,-0.008343817082388509,-0.013222311314457178
4553,-4.996003610813204e-16,-0.01294083134750475,-0.011920927354616568,-0.008139765948013494
4554,-0.0064538017936231,-0.012799679435449796,-0.01897939285082255,-0.010364110367297452
4555,-0.006261463404320523,-0.013817892156862747,-0.0062372934344553516,-0.01414319655583389
4556,-0.01193986617984025,-0.007357599220366044,-0.012233227867957431,-0.006817919037082193
4557,-0.0052272727272727,-0.010921257802186002,-0.008695330981740662,-0.004888554050116567
4558,-0.01276603475572885,-0.00855253246344084,-0.009735131517274422,-0.01113931540774176
4559,-0.0130055073534808,-0.013898084780365211,-0.009151377810359844,-0.01298381109071738
4560,-0.008041119137856951,-0.015227334254113628,-0.011595564158905256,-0.002128405332549488
4561,-0.0037030088661836,-0.008951126051071862,-0.01265209643747467,-0.007322900100791195
4562,-0.011994595666820249,-0.006815920802463377,-0.010701873295239517,-0.007409939066610666
4563,-0.0034624719822088,-0.008906312837696256,-0.01265209643747467,-0.004846815051552225
4564,-0.0096801346801345,-0.007322832338880869,-0.008932698376947476,-0.0110576556014262
4565,-0.004763030966239449,-0.009776685217785953,-0.013081035101626531,-0.0083395130183639
4566,-0.00842977660425725,-0.011918068211948823,-0.016670841067977008,-0.0010456396272573165
4567,-0.0035975815721545497,-0.01124335162541554,-0.009699285545210672,-0.007731402305122492
4568,-0.0055186667042923495,-0.009700972565726381,-0.013081035101626531,-0.006342064594356276
4569,-0.01027381241445245,-0.006920819822157134,-0.01075794171715224,-0.012177590587006987
4570,-0.0017530009786604,-0.011435191510333807,-0.010752482283841958,-0.005497177301177124
4571,-0.0063250945700606,-0.007974160104151758,-0.010701873295239517,-0.004474836733068624
4572,-0.01055478668723205,-0.00622729287841485,-0.010105461471317204,-0.006640120152075822
4573,-0.00936279391016125,-0.0020568755528699648,-0.01662187410950198,-0.008008544788351862
4574,-0.0079634112319733,-0.01145105548845523,-0.016047259354898806,-0.010063809929261994
4575,-0.0039528276114929,-0.008808364080796188,-0.01406271280808025,-0.012240937908200047
4576,-0.0058851710054305,-0.010876284563771184,-0.008383532334524404,-0.012063770538146754
4577,-0.0075039430428525495,-0.009485932273432987,-0.01636083875052747,-0.01022051952787107
4578,-0.006031350258083049,-0.011557523851168743,-0.013176041666666638,-0.010948447588892171
4579,-0.0051343636869952,-0.011983274157962262,-0.01047076857037528,-0.010499300920440196
4580,-0.0062523334472551,-0.010311260603637032,-0.01733327783395909,-0.014948196499549884
4581,-0.00509682087809635,-0.010531483131530125,-0.009557133761300421,-0.01051828703703703
4582,-0.01027381241445245,-0.009270990700335536,-0.010701873295239517,-0.011265452237294792
4583,-0.0043570306722684506,-0.004127250696145085,-0.011297619157017432,-0.00996719591585488
4584,-0.0116458883893335,-0.016526054104625404,-0.010701873295239517,-0.0110576556014262
4585,-0.0041949860131678,-0.011318846743453063,-0.014277435767602726,-0.011265452237294792
4586,0.0,-0.0119111667763825,-0.011736128869992266,-0.015309291563369538
4587,-0.0052287048131923,-0.011993247728927025,-0.004088041548485631,-0.009936372446450445
4588,-0.0104796160034766,-0.013233667225378208,-0.009200013439107011,-0.008607150510093059
4589,-0.00936279391016125,-0.005192865675646845,-0.006647679210637348,-0.00815608080478621
4590,-0.0103022151338956,-0.010311260603637032,-0.00549314310692278,-0.00793263169663315
4591,-0.00870231133389025,-0.0065266832158097626,-0.013839965687428785,-0.01069805363771864
4592,-0.0055186667042923495,-0.00815608080478621,-0.011191753798622563,-0.006222518379410305
4593,-0.0043570306722684506,-0.007322832338880869,-0.012075101470122106,-0.007881053904101543
4594,-0.005032005032005,-0.02056320351919056,-0.011003122184373656,-0.008274196859833608
4595,-0.0051343636869952,-0.009305834155470084,-0.011323820490097234,-0.009700972565726381
4596,-0.0068303677012791,-0.006809802244436537,-0.008433365082629762,-0.008864084803434757
4597,-0.00246267085035195,-0.01145105548845523,-0.011200121614948773,-0.01176703820333212
4598,-0.0146209276006594,-0.006174286590414184,-0.015703672652592877,-0.017635620402646768
4599,-0.01537062724063245,-0.00787678245164658,-0.007476742424242441,-0.007967872079545857
4600,-7.2164496600635185e-16,-0.01143218776100735,-0.010300900560138864,-0.01394641872204179
4601,-0.0095005058963285,-0.005425171267445961,-0.01730009416642693,-0.004983968286481712
4602,-0.01025968002101325,-0.006637243839825901,-0.010436913985103475,-0.012965308701294864
4603,-0.0071900252423621,-0.01056128041488676,-0.01598844595691102,-0.006456776031094444
4604,-0.0115340857071384,-0.01422625965717492,-0.01129184068437954,-0.0055095085471909
4605,-0.0124574896600844,-0.014689878196438189,-0.008662597518191793,-0.012696599533201399
4606,-0.0134430787611898,-0.019841849351374216,-0.01519025863842044,-0.007695296241535895
4607,-0.0040773765646609,-0.011330050536250406,-0.0163867258453178,-0.008368710271111142
4608,-0.00517034109529295,-0.013093400391314791,-0.012418993413240292,-0.0022818312884373693
4609,-0.0107581954538049,-0.008689016916640223,-0.015558243413361296,-0.01527790641897786
4610,-0.009930822117595,-0.010876284563771184,-0.012421678931570555,-0.013093400391314791
4611,-0.0073758978769548,-0.0056401617663155885,-0.013807408749263683,-0.01110303696569107
4612,-0.0058735425435699,-0.010041460039079103,-0.012941089894813625,-0.01548628793898079
4613,-0.00842977660425725,-0.007509308868209316,-0.013732202252743478,-0.006330930949014031
4614,-0.010706593481035549,-0.005633118891895689,-0.013772229683896353,-0.014780059321472595
4615,-0.0066351565467016,-0.010522619390889637,-0.008534722944755022,-0.011265452237294792
4616,-0.0081286266384305,-0.008313885360289933,-0.017369721816793297,-0.015286410468020529
4617,-0.0032026673848838,-0.005608851652051295,-0.008932698376947476,-0.01051828703703703
4618,-0.010706593481035549,-0.00399800031321388,-0.013138590632813862,-0.007322900100791195
4619,-0.0008011664261663,-0.012240937908200047,-0.012941089894813625,-0.009648297907952973
4620,-0.0093831470988094,-0.010594633538150561,-0.010892108076819012,-0.006503232413782851
4621,-0.0073507193605232,-0.0038967181387069144,-0.0122512364224374,-0.009305834155470084
4622,-0.0040773765646609,-0.011209034624408809,-0.005128958949388293,-0.0110576556014262
4623,-0.0112163862521193,-0.01422625965717492,-0.0093579106132207,-0.0096354806320136
4624,-0.005309141716300449,-0.00793448821823678,-0.015601374288182514,-0.010130689909380049
4625,-0.0064538017936231,-0.014837111113336462,-0.014277435767602726,-0.005710235690235661
4626,-0.0052103101622223,-0.007829476111569936,-0.009098759247955557,-0.010522619390889637
4627,-0.00523271980315315,-0.012900784157363107,-0.008282314108249289,-0.001298887392880227
4628,-0.01170672471329485,-0.014931849177608203,-0.013230788611740991,-0.008310315765616659
4629,-0.0123416026456103,-0.011902777777777769,-0.006002955163642012,-0.00758486503992245
4630,-0.00967459438159835,-0.012512532405865785,-0.006740443344145814,-0.010220600122981097
4631,-0.00842977660425725,-0.004454068784269526,-0.013708013200208294,-0.003932325518829067
4632,-0.0015465453916119,-0.0096354806320136,-0.014383453806590861,-0.005217477221473754
4633,-0.0083181081406096,-0.012865026124146832,-0.0035828495402799414,-0.005719750036645738
4634,-0.00046190584293285,-0.009485932273432987,-0.010701873295239517,-0.00996719591585488
4635,-0.0098376010386716,-0.013006829572250078,-0.008609370408040495,-0.004394477864109358
4636,-0.0133436348218105,-0.006543026900271611,-0.008695330981740662,-0.009936372446450445
4637,-0.0032026673848838,-0.011265452237294792,-0.009007519781612627,-0.0119111667763825
4638,-0.011190482928395949,-0.009321871914828972,-0.012941089894813625,-0.010260242290792816
4639,-0.0107988142106782,-0.016221853669210317,-0.011978569676472544,-0.024078063844406816
4640,-0.0109279550600196,-0.008951126051071862,-0.00785906243417245,-0.009497400482197335
4641,-0.0046646748500815,-0.011995880561424317,-0.015276080094655996,-0.010311260603637032
4642,-0.00687758138071325,-0.010594633538150561,-0.011200121614948773,-0.008157280408164186
4643,-0.01055478668723205,-0.009823515288090515,-0.013772229683896353,-0.007278337362605903
4644,-0.012856701191724499,-0.008139765948013494,-0.01338804261922354,-0.0096354806320136
4645,-0.00638733016983685,-0.009218635160959755,-0.00463459468231291,-0.0032839120788931697
4646,-0.008429539662712149,-0.012078839971048165,-0.017240342857936956,-0.004078640204082093
4647,-0.0053310759193111,-0.005578135356706815,-0.012495420844757927,-0.008815934809000732
4648,-0.0063051832545995,-0.00961699798912146,-0.010105461471317204,-0.0052772814111144845
4649,-0.0052287048131923,-0.01001342101795271,-0.010436913985103475,-0.004938491472978097
4650,-0.00779217923518785,-0.007262099020593903,-0.01181290849332161,-0.013029833245226621
4651,-0.01031670632017,-0.005546487747145641,-0.009237247406818116,-0.010882896049395352
4652,-0.00211076762578125,-0.01145105548845523,-0.010800156886114007,-0.008951126051071862
4653,-0.0036211584020387003,-0.012404336118250123,-0.010701873295239517,-0.006455264550264562
4654,-0.0090628463220459,-0.007417203387598048,-0.013974274759723921,-0.006727581438454047
4655,-0.00523271980315315,-0.009475570802136592,-0.015254411004961249,-0.00815608080478621
4656,-0.0145833333333333,-0.01325889232563536,-0.011595564158905256,-0.0048943189503056
4657,-0.0038191700422561,-0.007967872079545857,-0.014153056692664943,-0.007391816154389268
4658,-0.002088242997333873,-0.004991939379466098,-0.014569152921248415,-0.01607839046845415
4659,-0.0052272727272727,-0.004538904634230179,-0.013104828328843965,-0.006503232413782851
4660,-0.0103022151338956,-0.008864084803434757,-0.012773415969820892,-0.013898084780365211
4661,-0.008162769335693949,-0.0021740885962912883,-0.010300900560138864,-0.011470744533341142
4662,-0.008998864697394,-0.006511058439301401,-0.014662580457654248,-0.011291873101282882
4663,-0.0099059748014676,-0.005087738972471085,-0.013058565780740132,-0.00157681501811331
4664,-0.0040967712842711,-0.007366385702745767,-0.010198257006151762,-0.010041460039079103
4665,-0.005032005032005,-0.01388695059682396,-0.017012433527598878,-0.009924331458065455
4666,-0.0040773765646609,-0.010876284563771184,-0.009670522504363652,-0.005217477221473754
4667,-0.00917406460073285,-0.008313885360289933,-0.007928716861720989,-0.00625153055513958
4668,-6.106226635438361e-16,-0.01394641872204179,-0.011317617211033474,-0.0158141408295406
4669,-0.0041712527027819,-0.01143218776100735,-0.009214971080545063,-0.015309291563369538
4670,-0.0047056709518095,-0.0035533011396192337,-0.007534442427441598,-0.013097546931679546
4671,-0.008998864697394,-0.012063770538146754,-0.009638074429283593,-0.006456776031094444
4672,-0.0076267466424740004,-0.008842594242234322,-0.013104828328843965,-0.004849269165852852
4673,-0.011169260353540399,-0.012407024493032172,-0.01573367965367967,-0.007366385702745767
4674,-0.0120086721345154,-0.011952777591610543,-0.010869007219576506,-0.00680192793244329
4675,-0.0054380384749405,-0.012900784157363107,-0.01045512679226189,-0.005079326945045561
4676,-0.0055186667042923495,-0.012404336118250123,-0.006197597230912129,-0.00645102438849959
4677,-0.01036658601924135,-0.008808364080796188,-0.010300900560138864,-0.008402729393850103
4678,-0.0043570306722684506,-0.007552383253470789,-0.007822869758815396,-0.008864084803434757
4679,-0.011388932646281,-0.011502521270015064,-0.017806093980450147,-0.0163729268206263
4680,-0.008180153697597699,-0.006456776031094444,-0.007055743652346489,-0.011983274157962262
4681,-0.0043413834473464,-0.014752986745005317,-0.013230788611740991,-0.0005587973139814738
4682,-0.0058400659971913,-0.012377201706496345,-0.010874687782293857,-0.0071889279583331675
4683,-0.009930822117595,-0.0038967181387069144,-0.010436913985103475,-0.010740420498788754
4684,-0.0008011664261663,-0.008293901963277093,-0.012602199887277602,-0.006817919037082193
4685,-0.0010575891255999,-0.006143058655322546,-0.011595564158905256,-0.010508002393400512
4686,-0.00454140705997705,-0.0075778149944777246,-0.01092369566030198,-0.009700972565726381
4687,-0.007816813005914549,-0.010921257802186002,-0.010319120481390446,-0.005054244799056945
4688,-0.0098210544901722,-0.013898084780365211,-0.010642490842490845,-0.011400482130672088
4689,-0.00821170518015765,-0.011265452237294792,-0.010642490842490845,-0.003161130629391772
4690,-0.008429539662712149,-0.005079326945045561,-0.016048051985789177,-0.006835184601090921
4691,-0.010706593481035549,-0.010455026455026467,-0.011003122184373656,-0.01224663654624284
4692,-0.0031041031946425,-0.008043956043956062,-0.012198038046855316,-0.0020642888656552637
4693,-0.0017390584179799,-0.0056851420731969665,-0.013397062289562278,-0.004991939379466098
4694,0.0,-0.01298381109071738,-0.016429476417596255,-0.008402729393850103
4695,-0.0106348814229249,-0.006436647727835249,-0.012019051060176537,-0.009522873721481969
4696,-0.0017407740634752,-0.010364110367297452,-0.013539433013417607,-0.011318846743453063
4697,-0.0098376010386716,-0.008310315765616659,-0.015384609571336142,-0.012177590587006987
4698,-0.01003810952085725,-0.012406144781144678,-0.01047076857037528,-0.010311260603637032
4699,-0.0084949751341739,-0.010629860364808475,-0.004661336619356346,-0.012538149828868597
4700,-0.0041949860131678,-0.014364057883618248,-0.006664166666666679,-0.00856498477430049
4701,-0.0053310759193111,-0.006143058655322546,-0.013230788611740991,-0.011265452237294792
4702,-0.005577225146462399,-0.011370292019381528,-0.01176367984128666,-0.005997809725735256
4703,-0.0122685185185185,-0.011419691525812362,-0.01644549493258322,-0.010531483131530125
4704,-0.00984303666549935,-0.007967872079545857,-0.011184048644257566,-0.005608851652051295
4705,-0.01329277180481585,-0.007047406312123038,-0.01075794171715224,-0.009133796296296293
4706,-0.0056270184177216,-0.00815608080478621,-0.010701873295239517,-0.0065266832158097626
4707,-0.0041682513315599,-0.00445219907431425,-0.008695330981740662,-0.013782482419863247
4708,-0.00527197674913025,-0.007361338836245287,-0.010642490842490845,-0.010592982954545471
4709,-0.0079634112319733,-0.010311260603637032,-0.012882818379663971,-0.008607150510093059
4710,-0.0111045667295667,-0.008429945426478397,-0.012719648258282916,-0.004886347857321213
4711,-0.01036658601924135,-0.00996719591585488,-0.010752609481701616,-0.004127250696145085
4712,-0.0053310759193111,-0.007509308868209316,-0.006888592117758781,-0.008647990475847134
4713,-0.00729159144221885,-0.013289425924703278,-0.013539433013417607,-0.005633118891895689
4714,-0.00736121854787705,-0.010258657206305463,-0.01251900642668049,-0.01111916714091317
4715,-0.0089567792840897,-0.010961929708861354,-0.01383508478924529,-0.010854884062096753
4716,-0.0137773255767098,-0.01391425124783418,-0.005094052175733434,-0.013805264920753027
4717,-0.00720531138862045,-0.011209045584045584,-0.015254411004961249,-0.004301924006753196
4718,-0.0120518787555649,-0.00855253246344084,-0.013014722728622325,-0.003781545598158048
4719,-0.00517034109529295,-0.007980653416461125,-0.007998371289269526,-0.019258707069445685
4720,-0.004976174937602,-0.012655395046257633,-0.009344140012153643,-0.004902290043289986
4721,-0.01027381241445245,-0.00645102438849959,-0.009147645997281247,-0.010629860364808475
4722,-0.0089362513732261,-0.007538506120956558,-0.007791496096139532,-0.007047406312123038
4723,-0.0061670871904789,-0.001268455249887144,-0.007969399436194347,-0.004538904634230179
4724,-0.0041949162964818,-0.012427317147766369,-0.01081781072504822,-0.005521788847004033
4725,-0.0036753596802616,-0.005578135356706815,-0.009147645997281247,-0.005663305935819027
4726,-0.0132185300583526,-0.0083395130183639,-0.015170134207240131,-0.003781545598158048
4727,-0.010352639758651,-0.010629860364808475,-0.0092199181271692,-0.010927220329199634
4728,-0.00075,-0.00856498477430049,-0.012773415969820892,-0.011880114488131505
4729,-0.00443032278257135,0.00011226851851851849,-0.01315960258392732,-0.006637243839825901
4730,-0.009858441439425901,-0.011240572794844784,-0.010503489885634876,-0.010797431321770821
4731,-0.00147516287047085,-0.012177590587006987,-0.009926051902242376,-0.003805554374527592
4732,-0.0089276222472216,-0.003187727189683791,-0.009285857135564086,-0.011931255395319904
4733,-0.0075039430428525495,-0.005546487747145641,-0.014774068049746479,-0.005710235690235661
4734,-0.0010575891255999,-0.013636948719646396,-0.010453599806594688,-0.009321871914828972
4735,-0.0012998318151895506,-0.014039872676901176,-0.0027696497734409735,-0.005546487747145641
4736,-0.0046646748500815,-0.011265452237294792,-0.019060018150793848,-0.007391816154389268
4737,-0.00764754385777545,-0.010524946348776196,-0.014592525341406558,-0.015469517039655385
4738,-0.0017530009786604,-0.01222048612232155,-0.008266835037433792,-0.006137217416076299
4739,-0.0107265703387327,-0.008033428383107881,-0.0037845373222272147,-0.004238618336045611
4740,-0.0108468801496535,-0.005079326945045561,-0.010160437207696195,-0.013201043524483081
4741,-0.01190277661984995,-0.012358375420875348,-0.0057473813155553884,-0.013289425924703278
4742,-0.007166386061109401,-0.013514995712696404,-0.012773415969820892,-0.004991939379466098
4743,-0.0052287048131923,-0.011783523947844756,-0.017327921657877058,-0.009700972565726381
4744,-0.0028257919828583,-0.0055095085471909,-0.01194869035760986,-0.012240937908200047
4745,-0.0055186667042923495,-0.010119882198998238,-0.010302541582423653,-0.009133796296296293
4746,-0.0010575891255999,-0.010364110367297452,-0.010701873295239517,-0.009700972565726381
4747,-0.01035679319622145,-0.006352813801172516,-0.01045512679226189,-0.008608386070310552
4748,-0.0082580883143771,-0.011279003528573209,-0.011770654141361261,-0.009497400482197335
4749,-0.0089276222472216,-0.009700972565726381,-0.011611088632411545,-0.005997809725735256
4750,-0.009930822117595,-0.005400805757661602,-0.012575290054291276,-0.012404336118250123
4751,-0.010621334329161,-0.013898084780365211,-0.014404644865930006,-0.009651760101360762
4752,-0.0089567792840897,-0.004902290043289986,-0.01455488091829489,-0.012332971471867854
4753,-0.0079027739244248,-0.0058969233134340705,-0.008543424561955271,-0.01110303696569107
4754,-0.0028411711400904,-0.01207307248999592,-0.0134214478317754,-0.01001342101795271
4755,-0.007816813005914549,-0.01001342101795271,-0.011101617770358754,-0.005719750036645738
4756,-0.0090091286012307,-0.011553987051574899,-0.010892108076819012,-0.0020216682036038464
4757,-0.0066980247222447,-0.008637583323057793,-0.01221439877599464,-0.006071428571428603
4758,-0.0026769504097935,-0.009315755735198581,-0.010701873295239517,-0.011865788819290943
4759,-0.00917406460073285,-0.00815608080478621,-0.010385297719442186,-0.011843101651469703
4760,-0.0145833333333333,-0.010082115483140523,-0.010701873295239517,-0.011993247728927025
4761,-0.0096801346801345,-0.0065512002773011405,-0.008297985347985357,-0.01422625965717492
4762,-0.0045634936272695,-0.013891822991822955,-0.009065634727769833,-0.013898084780365211
4763,-0.003519366266059,-0.006835184601090921,-0.01081781072504822,-0.009700972565726381
4764,-0.00563201480753505,-0.010740420498788754,-0.012548408384820853,-0.0110576556014262
4765,-0.00277891293156945,-0.009936372446450445,-0.013176041666666638,-0.010594633538150561
4766,-0.0053251109139419005,-0.00582943457046093,-0.014277435767602726,-0.013805264920753027
4767,-0.0107265703387327,-0.004886347857321213,-0.011978569676472544,-0.008157280408164186
4768,-0.0130264829376035,-0.010355102303223545,-0.009500246761299659,-0.00793448821823678
4769,-0.0080616169390889,-0.004991939379466098,-0.01676177261876205,-0.005400805757661602
4770,-0.00889499294985065,-0.00815608080478621,-0.009153198619233974,-0.012046809528978623
4771,0.0,-0.014902771170628326,-0.008758783384080121,-0.004478680545644804
4772,-0.00435613760583565,-0.01302911334147498,-0.017327921657877058,-0.006452554752578251
4773,-0.002479674895297,-0.007141015223366411,-0.009238588514415728,-0.010625956935480754
4774,-0.010600493928406701,-0.012648982509970826,-0.007521961026658277,-0.009756007994335392
4775,-0.00772738288623365,-0.006452554752578251,-0.010701873295239517,-0.008043956043956062
4776,-0.0115340857071384,-0.008060887541727166,-0.010250038422996885,-0.008440977890807486
4777,-0.01195771169036945,-0.007417203387598048,-0.015558243413361296,-0.012063770538146754
4778,-0.006524270088978,-0.005823957626702403,-0.012288941855960262,-0.012404336118250123
4779,-0.01337541194315485,-0.015944152315889113,-0.0093459352274196,-0.010594633538150561
4780,0.0,-0.005200303067994301,-0.014404644865930006,-0.015716133845851007
4781,-0.00936279391016125,-0.014689878196438189,-0.017565874074002112,-0.015944152315889113
4782,-0.0051343636869952,-0.008344289530026562,-0.014233483167802635,-0.011007346441897173
4783,-0.0008505187570479,-0.0056471884780287356,-0.012421678931570555,-0.004132558701105033
4784,-0.009425809568794,-0.00996719591585488,-0.01045512679226189,-0.005054244799056945
4785,-0.00899863884414875,-0.013909218963906463,-0.010701873295239517,-0.0012724010882808187
4786,-0.0034624719822088,-0.009156068506534089,-0.01255147287559622,-0.0038625161545944413
4787,-0.0074105927868749494,-0.005546487747145641,-0.009557133761300421,-0.0016628803078913984
4788,-0.00275699237480315,-0.008310315765616659,-0.013772229683896353,-0.008060887541727166
4789,-0.009517913318887551,-0.006815920802463377,-0.011160369697703565,-0.009156068506534089
4790,-0.0108468801496535,-0.010524946348776196,-0.009573465416372823,-0.006436647727835249
4791,-0.01153053780819315,-0.007829476111569936,-0.013138590632813862,-0.00961699798912146
4792,-0.0054380384749405,-0.007390584723918047,-0.013058565780740132,-0.006137217416076299
4793,-0.01183281762527225,-0.008949851398196474,-0.01181290849332161,-0.003932325518829067
4794,-0.0051343636869952,-0.013636948719646396,-0.0092199181271692,-0.005079326945045561
4795,-0.0086651122000002,-0.009784624139016568,-0.010263092449124716,-0.008774814842877305
4796,-0.0040010622350588505,-0.011381516317810241,-0.015778081171284312,-0.015371928175185408
4797,-0.011504817444219,-0.009936372446450445,-0.010809361649955426,-0.012078839971048165
4798,-0.01560873443134465,-0.010106402696260286,-0.015443577809357435,-0.007651742877670997
4799,-0.00687758138071325,-0.00881542048637636,-0.013230788611740991,-0.00996719591585488
4800,-0.00870231133389025,-0.007116081982155516,-0.010995752115274681,-0.0056851420731969665
4801,-3.0531133177191805e-16,-0.012865026124146832,-0.018212424891567887,-0.0035520624454784544
4802,-0.008446962596213949,-0.011265452237294792,-0.009238588514415728,-0.009700172471136744
4803,-0.0034477171824052995,-0.004170236961288534,-0.01518417097849285,-0.01184316502462629
4804,-0.004210892232762799,-0.009651760101360762,-0.014662580457654248,-0.013541064265239922
4805,-0.0017390584179799,-0.011931255395319904,-0.010874687782293857,-0.009497400482197335
4806,-0.005309141716300449,-0.011125416217928442,-0.013397062289562278,-0.009965639782464439
4807,-0.0098435548835542,-0.00679990316862536,-0.008458024194271973,-0.016545130759213225
4808,-0.0097595127215445,-0.009497400482197335,-0.010319120481390446,-0.010204104913003276
4809,-0.00234230765012985,-0.01056128041488676,-0.010198257006151762,-0.010843738837068016
4810,-0.006031350258083049,-0.010224629458886983,-0.006465888870544355,-0.0037840779753747435
4811,-0.01170672471329485,-0.009887543114329232,-0.010701873295239517,-0.013891822991822955
4812,-0.0022814652957084,-0.0030406009948474207,-0.008695330981740662,-0.010355102303223545
4813,-0.002496025305264,-0.007322900100791195,-0.012583016076017011,-0.014261143969831736
4814,-0.00311364920426805,-0.0046861705231497006,-0.010922580310581777,-0.0030341131573216875
4815,-0.0009841906252933,-0.006640120152075822,-0.010701873295239517,-0.010563270434803375
4816,-0.0088006674500482,-0.0052251359891293345,-0.009069149831649831,-0.006815920802463377
4817,-0.0037954423461669,-0.013264890786682512,-0.008433365082629762,-0.005633118891895689
4818,-0.008429539662712149,-0.007417203387598048,-0.012418993413240292,-0.005420872430119603
4819,-0.009178350806860549,-0.013006829572250078,-0.010809361649955426,-0.00996719591585488
4820,-0.01020101920416385,-0.012078839971048165,-0.016782555995400586,-0.0046861705231497006
4821,-0.00736121854787705,-0.011291873101282882,-0.017547781054907424,-0.014850505272857214
4822,-0.0023025084734484497,-0.01679304058873588,-0.011725092661077607,-0.01663508882836008
4823,-0.0056698492011727,-0.010843738837068016,-0.013891823987658173,-0.0056667330869466515
4824,-0.0060353248018778,-0.006307227735850107,-0.010701873295239517,-0.012139989742137057
4825,-0.0079027739244248,-0.013421768283892604,-0.011595564158905256,-0.01143218776100735
4826,-0.0098678934287302,-0.011254716315453446,-0.010239940796521445,-0.0019210612555721207
4827,-0.0022814652957084,-0.014017186431469077,-0.010800156886114007,-0.0056851420731969665
4828,-0.011969484654199,-0.009648297907952973,-0.010701873295239517,-0.014647596454086653
4829,-0.009463157732561251,-0.013667913051466505,-0.012044985199461388,-0.012377201706496345
4830,-0.0017390584179799,-0.006143058655322546,-0.008631878579401203,-0.008344289530026562
4831,-0.0043671326555313,-0.012310606060606018,-0.01045512679226189,-0.010757760400676285
4832,-0.0113633868181418,-0.01298381109071738,-0.013402495607254844,-0.01527790641897786
4833,-0.00687758138071325,-0.0056667330869466515,-0.007741504722986209,-0.003510451100193133
4834,-0.01195771169036945,-0.013269303699952833,-0.010701873295239517,-0.00645102438849959
4835,-0.0018588897446404,-0.006456776031094444,-0.010739261841577488,-0.004893303433668547
4836,-0.0026769504097935,-0.007116081982155516,-0.014277435767602726,-0.004851939808049581
4837,-0.0040733468355907,-0.0038517970786614633,-0.008687230593480592,-0.009414815296211514
4838,-0.0058585149355939,-0.010364110367297452,-0.018746806138284368,-0.00909795772632111
4839,-0.006579808803158499,-0.01278704870455678,-0.013529235404510741,-0.013013575630245897
4840,-0.008162769335693949,-0.00622729287841485,-0.012044985199461388,-0.006637243839825901
4841,-0.0034684271278195497,-0.005521788847004033,-0.012719648258282916,-0.005887049291745022
4842,-0.00563201480753505,-0.007967872079545857,-0.011003122184373656,-0.012648982509970826
4843,-0.010706593481035549,-0.010531483131530125,-0.007767543361934165,-0.010041460039079103
4844,-0.002479674895297,-0.014627429021247694,-0.013230788611740991,-0.005744180177707246
4845,-0.0121881378267573,-0.00961699798912146,-0.013176041666666638,-0.007464111409650628
4846,-0.0028942644686952,-0.012648982509970826,-0.013769125531487373,-0.0038967181387069144
4847,-0.0080616169390889,-0.010051684547303742,-0.011736128869992266,-0.006071428571428603
4848,-0.0090091286012307,-0.00815608080478621,-0.0087828524911377,-0.006137217416076299
4849,-0.0133853711861164,-0.016938449050518903,-0.009214971080545063,-0.00437760238728041
4850,-0.01110542355813315,-0.006503232413782851,-0.012343247270227573,-0.007829476111569936
4851,-0.01267402639723465,-0.009497400482197335,-0.013230788611740991,-0.008864084803434757
4852,-0.0048478050916404,-0.0050126596128244084,-0.01211504458612683,-0.010602787788341197
4853,-0.0041924379724646,-0.009315755735198581,-0.010995752115274681,-0.005507008099566561
4854,-0.01036658601924135,-0.008402729393850103,-0.015075593034416579,-0.01350902040569521
4855,-0.005309141716300449,-0.009823515288090515,-0.01052106439240727,-0.005521788847004033
4856,-0.0107265703387327,-0.01170076558577083,-0.006774350817815153,-0.014094832614113748
4857,-0.0119802553689678,-0.006342064594356276,-0.007327380131896988,-0.008344289530026562
4858,-0.00358865871666065,-0.013318639671463933,-0.010627986084738417,-0.013062113239567663
4859,-0.0079630331475008,-0.0071889279583331675,-0.01724025606330314,-0.004991939379466098
4860,-0.0123759648866485,-0.009156068506534089,-0.007794150756346986,-0.008139765948013494
4861,-0.0065767565767566,-0.008949851398196474,-0.010701873295239517,-0.013782482419863247
4862,-0.0055135602450245,-0.010843738837068016,-0.01103882421249563,-0.006920819822157134
4863,-0.0119802553689678,-0.006708301970801973,-0.007055743652346489,-0.005887049291745022
4864,-0.0076887678400168,-0.013647599438861456,-0.008458024194271973,-0.01394641872204179
4865,-0.0060353248018778,-0.010625956935480754,-0.01545554614139804,-0.006342064594356276
4866,-0.0055135602450245,-0.012938165687716621,-0.015351674127494348,-0.010629860364808475
4867,-0.0051676692610194,-0.00463642886733661,-0.009481451702874791,-0.006920819822157134
4868,-0.01153053780819315,-0.013817892156862747,-0.0104395332511904,-0.006137217416076299
4869,-0.0036780526858889,-0.010130689909380049,-0.009670522504363652,-0.006815920802463377
4870,-0.0107581954538049,-0.009570889198705329,-0.007293758342557534,-0.005228963907592286
4871,-0.00249861504405865,-0.00996719591585488,-0.016047259354898806,-0.01298381109071738
4872,-0.0112961596086264,-0.010524946348776196,-0.014902680232411942,-0.00815608080478621
4873,0.0,-0.00846215777022355,-0.008297985347985357,-0.0161697147287969
4874,-0.00929316861839155,-0.00793263169663315,-0.011974314960939023,-0.010602787788341197
4875,-0.0115642408173047,-0.005608851652051295,-0.014257781948374806,-0.01051828703703703
4876,-0.0008011664261663,-0.0056851420731969665,-0.014173798006031055,-0.012413173627157707
4877,-0.0022002774653806997,-0.0077263321631011305,-0.010189054856908603,-0.010364110367297452
4878,-0.0020296074332457,-0.005608851652051295,-0.01360745677041033,-0.012399030106549047
4879,-0.0065783429411291,-0.008310315765616659,-0.009238588514415728,-0.00325823545885541
4880,-0.0080616169390889,-0.008682252999125211,-0.016843774820989997,-0.011553987051574899
4881,-0.013154649229379,-0.0035479116245236524,-0.012801080564085457,-0.011435191510333807
4882,-0.0079027739244248,-0.01044681685157876,-0.012882818379663971,-0.005400805757661602
4883,-0.00509682087809635,-0.008262307567758326,-0.009735131517274422,-0.014300525576716086
4884,-0.0080616169390889,-0.011777460701494994,-0.018010201114525906,-0.010740420498788754
4885,-0.011045329867538551,-0.012538149828868597,-0.012773415969820892,-0.007785551595670664
4886,-0.00286877862670835,-0.013976443062595979,-0.010954392216912691,-0.012310606060606018
4887,-0.00646123396123395,-0.00622729287841485,-0.007928716861720989,-0.0161697147287969
4888,-0.0053310759193111,-0.006456776031094444,-0.012548408384820853,-0.0027104802322163273
4889,-0.0046646748500815,-0.012413173627157707,-0.008197294149402484,-0.009570889198705329
4890,-0.01003810952085725,-0.007967872079545857,-0.010701873295239517,-0.006452554752578251
4891,-0.0107206699487307,-0.009497400482197335,-0.013025405716810608,-0.013744340393176159
4892,-0.0036753596802616,-0.012538149828868597,-0.019314881540423833,-0.009141459338820546
4893,-0.01055478668723205,-0.005755859880859887,-0.010300900560138864,-0.00829895385297346
4894,-0.0076887678400168,-0.006503232413782851,-0.01498856745637135,-0.013514995712696404
4895,-0.00353122991895965,-0.010843738837068016,-0.011551298559310605,-0.00815608080478621
4896,0.0,-0.015229527867252214,-0.013648825431240158,-0.005687917481645936
4897,-0.00563201480753505,-0.007050677624738265,-0.012708879166720857,-0.013289425924703278
4898,-0.0040349971165494,-0.00846215777022355,-0.013732202252743478,-0.0038744437284593883
4899,-0.0093831470988094,-0.010740420498788754,-0.012575290054291276,-0.015186144105141856
4900,-0.00534696356701905,-0.010224629458886983,-0.009315729482451185,-0.012538149828868597
4901,-0.0100048925356712,-0.009305834155470084,-0.014153056692664943,-0.006920819822157134
4902,-0.01170672471329485,-0.01170076558577083,-0.01314605074845394,-0.013264890786682512
4903,-0.0144993894993895,-0.016809427039138933,-0.012421678931570555,-0.0056471884780287356
4904,-0.0098210544901722,-0.008011768324268326,-0.012075101470122106,-0.01113931540774176
4905,-0.0016542007239385,-0.011843101651469703,-0.008383532334524404,-0.012410005935152159
4906,-0.0085854648102469,-0.009651760101360762,-0.00795808034958757,-0.01298381109071738
4907,-0.0041949860131678,-0.006130302677268826,-0.010219642122883408,-0.006815920802463377
4908,-0.0127148406680572,-0.009651760101360762,-0.0092199181271692,-0.014039872676901176
4909,-0.0050816897071932,-0.005339581714581716,-0.014592525341406558,-0.010499300920440196
4910,-0.01179471311898285,-0.011952777591610543,-0.010069302000248706,-0.012177590587006987
4911,-0.0060772358859671,-0.01051828703703703,-0.014425304578454933,-0.012538149828868597
4912,-0.0131427401949481,-0.00856498477430049,-0.007679464972782789,-0.009084282310016588
4913,-0.004763030966239449,-0.009776685217785953,-0.013006959706959705,-0.00899579572713928
4914,-0.0031625472850303,-0.00856498477430049,-0.015846896126306548,-0.008647990475847134
4915,-0.0088239108009233,-0.006815920802463377,-0.015848617851384198,-0.009651760101360762
4916,-0.0099406149406149,-0.007816669761729277,-0.008433365082629762,-0.005340833987701021
4917,-0.0035762605499092,-0.012538149828868597,-0.00795808034958757,-0.005997809725735256
4918,-0.00148492128832355,-0.004902290043289986,-0.012006639207553859,-0.01143218776100735
4919,-0.0040773765646609,-0.006609381719695204,-0.01265209643747467,-0.012358375420875348
4920,-0.0088006674500482,-0.0027686620181753933,-0.014383453806590861,-0.008949851398196474
4921,-0.009463157732561251,-0.006815920802463377,-0.011458286092214658,-0.005546487747145641
4922,-0.0050816897071932,-0.006143058655322546,-0.01052106439240727,-0.013817892156862747
4923,-0.0040967712842711,-0.006456776031094444,-0.007791496096139532,-0.015469517039655385
4924,-0.0109220354160324,-0.01278704870455678,-0.01407411107890996,-0.005663305935819027
4925,-0.0120920926983973,-0.011318846743453063,-0.015922321728892713,-0.009936372446450445
4926,0.0,-0.014780059321472595,-0.008433365082629762,-0.013817892156862747
4927,-0.0101171729681972,-0.011969343410534308,-0.012206610290656835,-0.01298381109071738
4928,-0.0054797118296097,-0.005507008099566561,-0.0073606733314431,-0.00582943457046093
4929,-0.0089276222472216,-0.005192865675646845,-0.010701873295239517,-0.005687917481645936
4930,-0.0103430682283554,-0.013128116482283108,-0.006986135005227026,-0.0021334102890898264
4931,-0.00203121478882125,-0.006342064594356276,-0.013230788611740991,-0.012078839971048165
4932,-0.002096218986232302,-0.008857526556932532,-0.008179903738093242,-0.007881053904101543
4933,-0.0058757675395991,-0.008637583323057793,-0.0092199181271692,-0.015286410468020529
4934,-0.0177877156260615,-0.010470263851513856,-0.011005752327600279,-0.013805264920753027
4935,-0.0027027576371812002,-0.0068454812963081885,-0.01052106439240727,-0.012636458399057356
4936,-0.0112163862521193,-0.01278704870455678,-0.014694359525315167,-0.010311260603637032
4937,-0.010706593481035549,-0.007052722529564889,-0.01636083875052747,-0.006452554752578251
4938,-0.010706593481035549,-0.008344289530026562,-0.01071160047410121,-0.014521160534261529
4939,-0.009463157732561251,-0.00645102438849959,-0.01052106439240727,-0.01016699664815704
4940,-0.0159023476748108,-0.009133796296296293,-0.011824725274725275,-0.015333622688754087
4941,-0.011388932646281,-0.00996719591585488,-0.013256029487423757,-0.01298381109071738
4942,-0.0112163862521193,-0.007185567973036014,-0.012855528312466755,-0.012636458399057356
4943,-0.0106453752340189,-0.006183041027262144,-0.008180741341634767,-0.006815920802463377
4944,-0.00208412566577995,-0.00909795772632111,-0.013645736774735913,-0.013744340393176159
4945,0.0,-0.0119111667763825,-0.008695330981740662,-0.008864084803434757
4946,-0.0103022151338956,-0.00680192793244329,-0.008758783384080121,-0.004638792871563385
4947,-0.00889499294985065,-0.005555240088970043,-0.011458286092214658,-0.012046809528978623
4948,-0.0138099598496405,-0.004474836733068624,-0.0104395332511904,-0.007166317139874503
4949,-0.00821170518015765,-0.008590720987937471,-0.012941089894813625,-0.013744340393176159
4950,-0.0106425256867832,-0.010224629458886983,-0.012690089218569523,-0.0036398528045477503
4951,-0.013379024148471,-0.016369044448533474,-0.008758783384080121,-0.00679990316862536
4952,-0.00903839566351295,-0.013782482419863247,-0.01031105490336452,-0.01110303696569107
4953,-0.0062824106724584505,-0.014107687861969573,-0.012246904913904563,-0.006342064594356276
4954,-0.0054797307323138,-0.011318846743453063,-0.006986135005227026,-0.0119111667763825
4955,-0.0063051832545995,-0.0011063151652216524,-0.01052106439240727,-0.014521160534261529
4956,-0.0073758978769548,-0.010629860364808475,-0.008433365082629762,-0.005179435063378347
4957,-0.0125414268271411,-0.015309291563369538,-0.013081035101626531,-0.007278337362605903
4958,-0.0050816897071932,-0.01222048612232155,-0.009556222033735164,-0.010604046479614396
4959,-0.0059655788878129005,-0.011972360083436568,-0.013104828328843965,-0.011435191510333807
4960,-0.01518877156370195,-0.011993247728927025,-0.012958831549378822,-0.01255835361157287
4961,-0.0080616169390889,-0.014780059321472595,-0.013769252159425581,-0.010531483131530125
4962,-0.0066980247222447,-0.015421906499785256,-0.013839965687428785,-0.008607150510093059
4963,-0.01190277661984995,-0.00996719591585488,-0.01124347148622104,-0.010531483131530125
4964,-0.00358865871666065,-0.01547258375125687,-0.012438177224500883,-0.013269303699952833
4965,-0.0167569073942346,-0.012696599533201399,-0.008593340981428195,-0.004258907817134221
4966,-0.0141562403095141,-0.013222311314457178,-0.008425379116088559,-0.009700172471136744
4967,-0.00687758138071325,-0.001982097281576497,-0.014177180029154721,-0.011238379660827514
4968,-0.00729159144221885,-0.009218635160959755,-0.009481451702874791,-0.00301301193990027
4969,-0.0068648418082776,-0.00785693136332511,-0.0073606733314431,-0.00524734849850399
4970,-0.0023019547325102,-0.005507008099566561,-0.012274154561724164,-0.012358375420875348
4971,0.0,-0.016569597901044626,-0.007668850715561254,-0.004923303548303545
4972,-0.0104796160034766,-0.009952815385615519,-0.011458286092214658,-0.013898084780365211
4973,-0.01027381241445245,-0.010123075055979747,-0.01047076857037528,-0.01524069013142837
4974,-0.0109594236592194,-0.006609381719695204,-0.0156835017813042,-0.010876284563771184
4975,-0.0123931266816072,-0.004113018033094631,-0.010995752115274681,-0.003161130629391772
4976,-0.0112163862521193,-0.00793263169663315,-0.012571449954328316,-0.010921257802186002
4977,-0.00664163998859045,-0.005555240088970043,-0.011615615004673174,-0.009156068506534089
4978,-0.009882444654728099,-0.008607150510093059,-0.010752482283841958,-0.011606728522003909
4979,-0.00687758138071325,-0.007552383253470789,-0.015144932083542655,-0.016569597901044626
4980,-0.00652403468175645,-0.008317338515946767,-0.008179903738093242,-0.015848230612782038
4981,-0.0012998318151895506,-0.007357599220366044,-0.012075101470122106,-0.008647990475847134
4982,-0.010352639758651,-0.012302164861188885,-0.009065634727769833,-0.015801567403262076
4983,-0.0076951951951952,-0.005089785727202235,-0.01124347148622104,-0.014521160534261529
4984,-0.0125520365625971,-0.006957624323549516,-0.013343854618508635,-0.00582943457046093
4985,0.0,-0.011031964823071169,-0.009926051902242376,-0.006307227735850107
4986,-0.0025757090168889506,-0.010738361175861175,-0.014549604501157505,-0.012358375420875348
4987,-0.0091349687480075,-0.014948196499549884,-0.01598844595691102,-0.008139765948013494
4988,-0.008162769335693949,-0.010602787788341197,-0.008987407320970399,-0.006511058439301401
4989,-0.0121881378267573,-0.015478534084123783,-0.010374420121725687,-0.0020568755528699648
4990,-0.006031350258083049,-0.006352813801172516,-0.010701873295239517,-0.014107687861969573
4991,-0.0124715763124387,-0.007967872079545857,-0.012065357382887436,-0.0065266832158097626
4992,-0.00876248389645475,-0.012358375420875348,-0.015384609571336142,-0.010499300920440196
4993,-0.00740651620433275,-0.016316724338503622,-0.009390498792033481,-0.010882896049395352
4994,-0.0100048925356712,-0.005228963907592286,-0.009573465416372823,-0.012938165687716621
4995,-0.00517034109529295,-0.005578135356706815,-0.013230788611740991,-0.016569597901044626
4996,-0.0107988142106782,-0.005608851652051295,-0.018982596400949413,-0.010876284563771184
4997,-0.0056720741972019,-0.013898084780365211,-0.010069302000248706,-0.006342064594356276
4998,-0.0042745682319871,-0.00758486503992245,-0.009390498792033481,-0.0035217246764962865
4999,-0.002496025305264,-0.00996719591585488,-0.010078909616266792,-0.0022016476878734103
