dataset,representation,predictor,explainer,seed,variant,component_id,component_split,left_index,right_index,average_precision,prevalence,normalized_ap_lift,supported_atom_fraction,true_delta,predicted_delta,absolute_signed_delta_error,gap_score
CHEMBL4616_EC50,morgan,xgboost,crem_mean,42,trained,2,test,16,37,0.4943513609049134,0.15942028985507245,0.3984524810765349,0.7101449275362319,-1.8784542062890395,0.5681061744689941,2.446560380758034,-2.446560380758034
CHEMBL4616_EC50,morgan,xgboost,crem_mean,42,trained,7,test,135,141,0.5606776343650663,0.32941176470588235,0.34487015650930947,0.788235294117647,-1.4449365713482611,-0.2894093990325928,1.1555271723156684,-1.1555271723156684
CHEMBL4616_EC50,morgan,xgboost,crem_mean,42,trained,13,test,120,124,0.49310249709159926,0.3333333333333333,0.23965374563739889,0.875,-1.224014811372864,-0.4936039447784424,0.7304108665944216,-0.7304108665944216
CHEMBL4616_EC50,morgan,xgboost,crem_mean,42,trained,14,test,189,193,0.2961966413359602,0.25757575757575757,0.05201996588108924,0.5757575757575758,-1.5999318377006544,-0.24717199802398682,1.3527598396766676,-1.3527598396766676
CHEMBL4616_EC50,morgan,xgboost,crem_mean,42,trained,23,test,283,296,0.4648318264575756,0.4528301886792453,0.02193402766384503,1.0,-1.6478174818886377,-0.2964339256286621,1.3513835562599756,-1.3513835562599756
CHEMBL4616_EC50,morgan,xgboost,crem_mean,42,trained,31,test,544,546,0.07936507936507936,0.07936507936507936,0.0,0.0,1.9661417327390323,0.0,1.9661417327390323,-1.9661417327390323
CHEMBL4616_EC50,morgan,xgboost,crem_mean,42,trained,34,test,604,608,0.15151515151515152,0.15151515151515152,0.0,0.45454545454545453,1.3025140804612594,-0.03698718547821045,1.3395012659394698,-1.3395012659394698
CHEMBL4616_EC50,morgan,xgboost,crem_mean,42,trained,35,test,610,614,0.6235805860805861,0.21875,0.5181831501831502,0.4375,1.995055729081308,0.39301931858062744,1.6020364105006806,-1.6020364105006806
CHEMBL4616_EC50,morgan,xgboost,crem_mean,42,trained,37,test,648,651,0.6860426855715589,0.323943661971831,0.5356048057412642,0.7464788732394366,-2.195031560679157,0.5995293259620667,2.7945608866412237,-2.7945608866412237
CHEMBL4616_EC50,morgan,xgboost,crem_lime,42,trained,2,test,16,37,0.4541518122400475,0.15942028985507245,0.35062888007867726,1.0,-1.8784542062890395,0.5681061744689941,2.446560380758034,-2.446560380758034
CHEMBL4616_EC50,morgan,xgboost,crem_lime,42,trained,7,test,135,141,0.48107458198284286,0.32941176470588235,0.226163850325292,0.9764705882352941,-1.4449365713482611,-0.2894093990325928,1.1555271723156684,-1.1555271723156684
CHEMBL4616_EC50,morgan,xgboost,crem_lime,42,trained,13,test,120,124,0.5549148526551139,0.3333333333333333,0.3323722789826708,0.9861111111111112,-1.224014811372864,-0.4936039447784424,0.7304108665944216,-0.7304108665944216
CHEMBL4616_EC50,morgan,xgboost,crem_lime,42,trained,14,test,189,193,0.19609511987168932,0.25757575757575757,-0.08281065486670418,0.9545454545454546,-1.5999318377006544,-0.24717199802398682,1.3527598396766676,-1.3527598396766676
CHEMBL4616_EC50,morgan,xgboost,crem_lime,42,trained,23,test,283,296,0.5352640931734236,0.4528301886792453,0.15065506683418795,1.0,-1.6478174818886377,-0.2964339256286621,1.3513835562599756,-1.3513835562599756
CHEMBL4616_EC50,morgan,xgboost,crem_lime,42,trained,31,test,544,546,0.07936507936507936,0.07936507936507936,0.0,0.0,1.9661417327390323,0.0,1.9661417327390323,-1.9661417327390323
CHEMBL4616_EC50,morgan,xgboost,crem_lime,42,trained,34,test,604,608,0.11492284816939022,0.15151515151515152,-0.04312664322893296,0.9696969696969697,1.3025140804612594,-0.03698718547821045,1.3395012659394698,-1.3395012659394698
CHEMBL4616_EC50,morgan,xgboost,crem_lime,42,trained,35,test,610,614,0.3750471194443138,0.21875,0.20006031288872164,0.96875,1.995055729081308,0.39301931858062744,1.6020364105006806,-1.6020364105006806
CHEMBL4616_EC50,morgan,xgboost,crem_lime,42,trained,37,test,648,651,0.5436520016691142,0.323943661971831,0.3249852524688981,1.0,-2.195031560679157,0.5995293259620667,2.7945608866412237,-2.7945608866412237
CHEMBL4616_EC50,morgan,xgboost,crem_mean,42,label_permuted,2,test,16,37,0.3811816641856168,0.15942028985507245,0.2638195660139234,0.7101449275362319,-1.8784542062890395,0.0,1.8784542062890395,-1.8784542062890395
CHEMBL4616_EC50,morgan,xgboost,crem_mean,42,label_permuted,7,test,135,141,0.41323322971592746,0.32941176470588235,0.12499692150620761,0.788235294117647,-1.4449365713482611,-0.19709908962249756,1.2478374817257636,-1.2478374817257636
CHEMBL4616_EC50,morgan,xgboost,crem_mean,42,label_permuted,13,test,120,124,0.37854855716081354,0.3333333333333333,0.06782283574122032,0.875,-1.224014811372864,-0.04510915279388428,1.1789056585789797,-1.1789056585789797
CHEMBL4616_EC50,morgan,xgboost,crem_mean,42,label_permuted,14,test,189,193,0.5963252433840669,0.25757575757575757,0.4562748176193554,0.5757575757575758,-1.5999318377006544,-0.1914386749267578,1.4084931627738966,-1.4084931627738966
CHEMBL4616_EC50,morgan,xgboost,crem_mean,42,label_permuted,23,test,283,296,0.45041444726151775,0.4528301886792453,-0.004414975694467584,1.0,-1.6478174818886377,-0.013483166694641113,1.6343343151939966,-1.6343343151939966
CHEMBL4616_EC50,morgan,xgboost,crem_mean,42,label_permuted,31,test,544,546,0.07936507936507936,0.07936507936507936,0.0,0.0,1.9661417327390323,0.0,1.9661417327390323,-1.9661417327390323
CHEMBL4616_EC50,morgan,xgboost,crem_mean,42,label_permuted,34,test,604,608,0.15151515151515152,0.15151515151515152,0.0,0.45454545454545453,1.3025140804612594,0.12382423877716064,1.1786898416840987,-1.1786898416840987
CHEMBL4616_EC50,morgan,xgboost,crem_mean,42,label_permuted,35,test,610,614,0.6991496598639455,0.21875,0.6149115646258503,0.4375,1.995055729081308,0.5917564630508423,1.4032992660304657,-1.4032992660304657
CHEMBL4616_EC50,morgan,xgboost,crem_mean,42,label_permuted,37,test,648,651,0.38783046663481446,0.323943661971831,0.09449923189732971,0.7464788732394366,-2.195031560679157,0.02486443519592285,2.21989599587508,-2.21989599587508
CHEMBL4616_EC50,morgan,xgboost,crem_lime,42,label_permuted,2,test,16,37,0.17922694848445975,0.15942028985507245,0.02356309388668489,1.0,-1.8784542062890395,0.0,1.8784542062890395,-1.8784542062890395
CHEMBL4616_EC50,morgan,xgboost,crem_lime,42,label_permuted,7,test,135,141,0.3201587565658751,0.32941176470588235,-0.013798345471940612,0.9764705882352941,-1.4449365713482611,-0.19709908962249756,1.2478374817257636,-1.2478374817257636
CHEMBL4616_EC50,morgan,xgboost,crem_lime,42,label_permuted,13,test,120,124,0.24820538699155967,0.3333333333333333,-0.12769191951266046,0.9861111111111112,-1.224014811372864,-0.04510915279388428,1.1789056585789797,-1.1789056585789797
CHEMBL4616_EC50,morgan,xgboost,crem_lime,42,label_permuted,14,test,189,193,0.5932598552617528,0.25757575757575757,0.4521459274954222,0.9545454545454546,-1.5999318377006544,-0.1914386749267578,1.4084931627738966,-1.4084931627738966
CHEMBL4616_EC50,morgan,xgboost,crem_lime,42,label_permuted,23,test,283,296,0.5513095808587681,0.4528301886792453,0.17997957881085208,1.0,-1.6478174818886377,-0.013483166694641113,1.6343343151939966,-1.6343343151939966
CHEMBL4616_EC50,morgan,xgboost,crem_lime,42,label_permuted,31,test,544,546,0.07936507936507936,0.07936507936507936,0.0,0.0,1.9661417327390323,0.0,1.9661417327390323,-1.9661417327390323
CHEMBL4616_EC50,morgan,xgboost,crem_lime,42,label_permuted,34,test,604,608,0.15876081919916069,0.15151515151515152,0.008539536913296517,0.9696969696969697,1.3025140804612594,0.12382423877716064,1.1786898416840987,-1.1786898416840987
CHEMBL4616_EC50,morgan,xgboost,crem_lime,42,label_permuted,35,test,610,614,0.31769986820665885,0.21875,0.12665583130452332,0.96875,1.995055729081308,0.5917564630508423,1.4032992660304657,-1.4032992660304657
CHEMBL4616_EC50,morgan,xgboost,crem_lime,42,label_permuted,37,test,648,651,0.20785315008349817,0.323943661971831,-0.17171721550149233,1.0,-2.195031560679157,0.02486443519592285,2.21989599587508,-2.21989599587508
CHEMBL4616_EC50,morgan,mlp,crem_mean,42,trained,2,test,16,37,0.18752364894657383,0.15942028985507245,0.033433306505406823,0.7101449275362319,-1.8784542062890395,-0.19917726516723633,1.6792769411218031,-1.6792769411218031
CHEMBL4616_EC50,morgan,mlp,crem_mean,42,trained,7,test,135,141,0.5626575888547437,0.32941176470588235,0.3478227202219862,0.788235294117647,-1.4449365713482611,-0.009913444519042969,1.4350231268292182,-1.4350231268292182
CHEMBL4616_EC50,morgan,mlp,crem_mean,42,trained,13,test,120,124,0.5183094195993132,0.3333333333333333,0.2774641293989698,0.875,-1.224014811372864,-0.7893842458724976,0.4346305655003664,-0.4346305655003664
CHEMBL4616_EC50,morgan,mlp,crem_mean,42,trained,14,test,189,193,0.25577094474153295,0.25757575757575757,-0.0024309723889556142,0.5757575757575758,-1.5999318377006544,-0.36683499813079834,1.233096839569856,-1.233096839569856
CHEMBL4616_EC50,morgan,mlp,crem_mean,42,trained,23,test,283,296,0.4676462050712884,0.4528301886792453,0.027077547199251196,1.0,-1.6478174818886377,0.0019145011901855469,1.6497319830788233,-1.6497319830788233
CHEMBL4616_EC50,morgan,mlp,crem_mean,42,trained,31,test,544,546,0.07936507936507936,0.07936507936507936,0.0,0.0,1.9661417327390323,0.14447736740112305,1.8216643653379092,-1.8216643653379092
CHEMBL4616_EC50,morgan,mlp,crem_mean,42,trained,34,test,604,608,0.15151515151515152,0.15151515151515152,0.0,0.45454545454545453,1.3025140804612594,0.0416712760925293,1.26084280436873,-1.26084280436873
CHEMBL4616_EC50,morgan,mlp,crem_mean,42,trained,35,test,610,614,0.6849266022198353,0.21875,0.5967060508413892,0.4375,1.995055729081308,0.41093695163726807,1.58411877744404,-1.58411877744404
CHEMBL4616_EC50,morgan,mlp,crem_mean,42,trained,37,test,648,651,0.6561425495677881,0.323943661971831,0.4913775212356865,0.7464788732394366,-2.195031560679157,0.6631264090538025,2.8581579697329595,-2.8581579697329595
CHEMBL4616_EC50,morgan,mlp,crem_lime,42,trained,2,test,16,37,0.12294042238918025,0.15942028985507245,-0.04339846301976831,1.0,-1.8784542062890395,-0.19917726516723633,1.6792769411218031,-1.6792769411218031
CHEMBL4616_EC50,morgan,mlp,crem_lime,42,trained,7,test,135,141,0.40205355021103145,0.32941176470588235,0.10832546961294164,0.9764705882352941,-1.4449365713482611,-0.009913444519042969,1.4350231268292182,-1.4350231268292182
CHEMBL4616_EC50,morgan,mlp,crem_lime,42,trained,13,test,120,124,0.6675790840289468,0.3333333333333333,0.5013686260434203,0.9861111111111112,-1.224014811372864,-0.7893842458724976,0.4346305655003664,-0.4346305655003664
CHEMBL4616_EC50,morgan,mlp,crem_lime,42,trained,14,test,189,193,0.23272303248125203,0.25757575757575757,-0.033475099106885,0.9545454545454546,-1.5999318377006544,-0.36683499813079834,1.233096839569856,-1.233096839569856
CHEMBL4616_EC50,morgan,mlp,crem_lime,42,trained,23,test,283,296,0.5362407291793424,0.4528301886792453,0.1524399533277637,1.0,-1.6478174818886377,0.0019145011901855469,1.6497319830788233,-1.6497319830788233
CHEMBL4616_EC50,morgan,mlp,crem_lime,42,trained,31,test,544,546,0.07936507936507936,0.07936507936507936,0.0,0.0,1.9661417327390323,0.14447736740112305,1.8216643653379092,-1.8216643653379092
CHEMBL4616_EC50,morgan,mlp,crem_lime,42,trained,34,test,604,608,0.10764053791444367,0.15151515151515152,-0.05170936602940568,0.9696969696969697,1.3025140804612594,0.0416712760925293,1.26084280436873,-1.26084280436873
CHEMBL4616_EC50,morgan,mlp,crem_lime,42,trained,35,test,610,614,0.3150863728310892,0.21875,0.12331055722379418,0.96875,1.995055729081308,0.41093695163726807,1.58411877744404,-1.58411877744404
CHEMBL4616_EC50,morgan,mlp,crem_lime,42,trained,37,test,648,651,0.547715275930123,0.323943661971831,0.330995512313307,1.0,-2.195031560679157,0.6631264090538025,2.8581579697329595,-2.8581579697329595
CHEMBL4616_EC50,morgan,mlp,crem_mean,42,label_permuted,2,test,16,37,0.1808098316898591,0.15942028985507245,0.025446179079315144,0.7101449275362319,-1.8784542062890395,0.18546950817108154,2.0639237144601212,-2.0639237144601212
CHEMBL4616_EC50,morgan,mlp,crem_mean,42,label_permuted,7,test,135,141,0.4765300191074593,0.32941176470588235,0.2193868705988428,0.788235294117647,-1.4449365713482611,0.20990371704101562,1.6548402883892768,-1.6548402883892768
CHEMBL4616_EC50,morgan,mlp,crem_mean,42,label_permuted,13,test,120,124,0.4971999484118125,0.3333333333333333,0.2457999226177187,0.875,-1.224014811372864,-0.37463128566741943,0.8493835257054445,-0.8493835257054445
CHEMBL4616_EC50,morgan,mlp,crem_mean,42,label_permuted,14,test,189,193,0.3171553260802754,0.25757575757575757,0.08025003104690158,0.5757575757575758,-1.5999318377006544,-0.14351391792297363,1.4564179197776808,-1.4564179197776808
CHEMBL4616_EC50,morgan,mlp,crem_mean,42,label_permuted,23,test,283,296,0.39246511027889025,0.4528301886792453,-0.11032238466271783,1.0,-1.6478174818886377,0.08819782733917236,1.73601530922781,-1.73601530922781
CHEMBL4616_EC50,morgan,mlp,crem_mean,42,label_permuted,31,test,544,546,0.07936507936507936,0.07936507936507936,0.0,0.0,1.9661417327390323,0.00646209716796875,1.9596796355710635,-1.9596796355710635
CHEMBL4616_EC50,morgan,mlp,crem_mean,42,label_permuted,34,test,604,608,0.15151515151515152,0.15151515151515152,0.0,0.45454545454545453,1.3025140804612594,0.15804719924926758,1.1444668812119918,-1.1444668812119918
CHEMBL4616_EC50,morgan,mlp,crem_mean,42,label_permuted,35,test,610,614,0.7864403453689168,0.21875,0.7266436420722135,0.4375,1.995055729081308,0.5375832915306091,1.4574724375506989,-1.4574724375506989
CHEMBL4616_EC50,morgan,mlp,crem_mean,42,label_permuted,37,test,648,651,0.44209985868965956,0.323943661971831,0.17477270764512143,0.7464788732394366,-2.195031560679157,0.0871422290802002,2.2821737897593573,-2.2821737897593573
CHEMBL4616_EC50,morgan,mlp,crem_lime,42,label_permuted,2,test,16,37,0.14228479742070416,0.15942028985507245,-0.02038532720640366,1.0,-1.8784542062890395,0.18546950817108154,2.0639237144601212,-2.0639237144601212
CHEMBL4616_EC50,morgan,mlp,crem_lime,42,label_permuted,7,test,135,141,0.5881366327715943,0.32941176470588235,0.38581778571202663,0.9764705882352941,-1.4449365713482611,0.20990371704101562,1.6548402883892768,-1.6548402883892768
CHEMBL4616_EC50,morgan,mlp,crem_lime,42,label_permuted,13,test,120,124,0.7170928720198148,0.3333333333333333,0.5756393080297221,0.9861111111111112,-1.224014811372864,-0.37463128566741943,0.8493835257054445,-0.8493835257054445
CHEMBL4616_EC50,morgan,mlp,crem_lime,42,label_permuted,14,test,189,193,0.4526686246070931,0.25757575757575757,0.26277814742996214,0.9545454545454546,-1.5999318377006544,-0.14351391792297363,1.4564179197776808,-1.4564179197776808
CHEMBL4616_EC50,morgan,mlp,crem_lime,42,label_permuted,23,test,283,296,0.4800564461626723,0.4528301886792453,0.0497583326421252,1.0,-1.6478174818886377,0.08819782733917236,1.73601530922781,-1.73601530922781
CHEMBL4616_EC50,morgan,mlp,crem_lime,42,label_permuted,31,test,544,546,0.07936507936507936,0.07936507936507936,0.0,0.0,1.9661417327390323,0.00646209716796875,1.9596796355710635,-1.9596796355710635
CHEMBL4616_EC50,morgan,mlp,crem_lime,42,label_permuted,34,test,604,608,0.12515144966725672,0.15151515151515152,-0.031071505749304583,0.9696969696969697,1.3025140804612594,0.15804719924926758,1.1444668812119918,-1.1444668812119918
CHEMBL4616_EC50,morgan,mlp,crem_lime,42,label_permuted,35,test,610,614,0.6242403819730176,0.21875,0.5190276889254625,0.96875,1.995055729081308,0.5375832915306091,1.4574724375506989,-1.4574724375506989
CHEMBL4616_EC50,morgan,mlp,crem_lime,42,label_permuted,37,test,648,651,0.3066796920024583,0.323943661971831,-0.025536288913030426,1.0,-2.195031560679157,0.0871422290802002,2.2821737897593573,-2.2821737897593573
CHEMBL239_EC50,morgan,xgboost,crem_mean,42,trained,1,test,1,33,0.38086045091859044,0.2542372881355932,0.16979015009538265,1.0,2.513097461879629,0.5434525012969971,1.9696449605826318,-1.9696449605826318
CHEMBL239_EC50,morgan,xgboost,crem_mean,42,trained,2,test,21,34,0.4360650873394998,0.2631578947368421,0.23465976138932113,1.0,-1.576252727721677,0.7832368612289429,2.3594895889506198,-2.3594895889506198
CHEMBL239_EC50,morgan,xgboost,crem_mean,42,trained,7,test,62,64,0.04630626393534002,0.05555555555555555,-0.009793367597875269,0.9305555555555556,-1.5328392767509351,-0.32381272315979004,1.209026553591145,-1.209026553591145
CHEMBL239_EC50,morgan,xgboost,crem_mean,42,trained,14,test,141,143,0.07244971264367817,0.05970149253731343,0.013557630906768843,0.9104477611940298,-1.486881092008819,0.24061119556427002,1.727492287573089,-1.727492287573089
CHEMBL239_EC50,morgan,xgboost,crem_mean,42,trained,16,test,150,156,0.38430592137352454,0.373134328358209,0.017821350762527204,0.5223880597014925,-1.01424043911461,-0.6879048347473145,0.3263356043672956,-0.3263356043672956
CHEMBL239_EC50,morgan,xgboost,crem_mean,42,trained,18,test,168,171,0.11027771449364888,0.1095890410958904,0.0007734332005595233,0.726027397260274,-1.6627578316815739,0.18387043476104736,1.8466282664426212,-1.8466282664426212
CHEMBL239_EC50,morgan,xgboost,crem_mean,42,trained,22,test,190,193,0.3169208639162796,0.16666666666666666,0.18030503669953554,1.0,1.334888262924949,0.2872965335845947,1.0475917293403543,-1.0475917293403543
CHEMBL239_EC50,morgan,xgboost,crem_mean,42,trained,24,test,198,199,0.27341723144351066,0.27586206896551724,-0.0033762041970567085,0.9137931034482759,-1.0299632233774436,-0.18480682373046875,0.8451563996469749,-0.8451563996469749
CHEMBL239_EC50,morgan,xgboost,crem_mean,42,trained,25,test,203,215,0.44854204276387777,0.3230769230769231,0.18534619953754666,0.6923076923076923,1.4471580313422194,0.2756751775741577,1.1714828537680617,-1.1714828537680617
CHEMBL239_EC50,morgan,xgboost,crem_mean,42,trained,26,test,210,270,0.5643053804586494,0.5384615384615384,0.05599499099374046,0.7076923076923077,1.5118833609788744,0.9697195291519165,0.5421638318269579,-0.5421638318269579
CHEMBL239_EC50,morgan,xgboost,crem_mean,42,trained,29,test,265,1411,0.3812622236151648,0.3,0.1160888908788069,0.85,-1.2674291939120836,-0.10475969314575195,1.1626695007663317,-1.1626695007663317
CHEMBL239_EC50,morgan,xgboost,crem_mean,42,trained,30,test,266,1315,0.3951946223259588,0.3181818181818182,0.11295211274473958,1.0,1.2922560713564755,-0.12836766242980957,1.420623733786285,-1.420623733786285
CHEMBL239_EC50,morgan,xgboost,crem_mean,42,trained,35,test,309,311,0.3821557594639926,0.2777777777777778,0.1445233592578359,0.75,-1.3047578681832246,-0.11769413948059082,1.1870637287026338,-1.1870637287026338
CHEMBL239_EC50,morgan,xgboost,crem_mean,42,trained,37,test,358,359,0.13845117845117844,0.1388888888888889,-0.0005083088954056943,0.75,-1.1892094895823062,-0.016309499740600586,1.1728999898417056,-1.1728999898417056
CHEMBL239_EC50,morgan,xgboost,crem_mean,42,trained,38,test,363,430,0.379409048289197,0.3076923076923077,0.10359084752884012,0.5128205128205128,-1.888425224949682,0.28591370582580566,2.1743389307754875,-2.1743389307754875
CHEMBL239_EC50,morgan,xgboost,crem_mean,42,trained,40,test,371,372,0.058884410608548536,0.07575757575757576,-0.01825621147271798,1.0,-1.4393326938302626,-0.9321144223213196,0.507218271508943,-0.507218271508943
CHEMBL239_EC50,morgan,xgboost,crem_mean,42,trained,48,test,457,460,0.30339591794700155,0.22666666666666666,0.09921885941422616,1.0,-1.1677391846909155,-0.26855969429016113,0.8991794904007544,-0.8991794904007544
CHEMBL239_EC50,morgan,xgboost,crem_mean,42,trained,52,test,500,526,0.2746963562753037,0.2923076923076923,-0.024885583524027408,0.46153846153846156,-1.7703259128716877,-0.8395853042602539,0.9307406086114338,-0.9307406086114338
CHEMBL239_EC50,morgan,xgboost,crem_mean,42,trained,57,test,580,833,0.6203909404964655,0.5625,0.13232214970620682,1.0,-1.2487021153086655,-0.004581928253173828,1.2441201870554917,-1.2441201870554917
CHEMBL239_EC50,morgan,xgboost,crem_mean,42,trained,66,test,793,798,0.4882739298955173,0.36363636363636365,0.1958590326929558,0.7818181818181819,1.4771212547196626,1.1920219659805298,0.2850992887391328,-0.2850992887391328
CHEMBL239_EC50,morgan,xgboost,crem_mean,42,trained,68,test,802,803,0.06587364557698852,0.07894736842105263,-0.014194327659269602,0.7368421052631579,-1.698970004336019,-0.3229278326034546,1.3760421717325644,-1.3760421717325644
CHEMBL239_EC50,morgan,xgboost,crem_mean,42,trained,74,test,845,861,0.2597618988944551,0.17073170731707318,0.10735993690213703,1.0,1.662757831681574,0.46393775939941406,1.19882007228216,-1.19882007228216
CHEMBL239_EC50,morgan,xgboost,crem_mean,42,trained,75,test,846,849,0.23250340005659154,0.1891891891891892,0.05342086006979622,0.918918918918919,1.3521825181113623,1.364102840423584,0.011920322312221732,-0.011920322312221732
CHEMBL239_EC50,morgan,xgboost,crem_mean,42,trained,85,test,1037,1046,0.20722500173719688,0.14285714285714285,0.07509583536006303,0.6507936507936508,-1.3644169745283738,-0.0723733901977539,1.29204358433062,-1.29204358433062
CHEMBL239_EC50,morgan,xgboost,crem_mean,42,trained,91,test,1077,1083,0.3202141724476028,0.3076923076923077,0.018087137979870698,1.0,1.1167442579930285,0.05846381187438965,1.0582804461186388,-1.0582804461186388
CHEMBL239_EC50,morgan,xgboost,crem_mean,42,trained,102,test,1198,1201,0.06301402999516208,0.05333333333333334,0.010226088023058529,1.0,1.33059822630669,-0.4024914503097534,1.7330896766164434,-1.7330896766164434
CHEMBL239_EC50,morgan,xgboost,crem_mean,42,trained,107,test,1272,1278,0.26038748832866476,0.3333333333333333,-0.10941876750700281,1.0,1.640481436970422,-0.2259225845336914,1.8664040215041133,-1.8664040215041133
CHEMBL239_EC50,morgan,xgboost,crem_mean,42,trained,114,test,1379,1715,0.48161909648848666,0.43333333333333335,0.08521017027379997,1.0,-1.666517980554881,0.11567354202270508,1.7821915225775862,-1.7821915225775862
CHEMBL239_EC50,morgan,xgboost,crem_mean,42,trained,115,test,1393,1394,0.1773003241968759,0.19230769230769232,-0.01858055099434412,0.8846153846153846,1.034762106259212,-0.35596156120300293,1.390723667462215,-1.390723667462215
CHEMBL239_EC50,morgan,xgboost,crem_mean,42,trained,118,test,1464,1467,0.2821512042334324,0.16883116883116883,0.13633816759334833,0.935064935064935,-2.740362689494244,-0.4693467617034912,2.271015927790753,-2.271015927790753
CHEMBL239_EC50,morgan,xgboost,crem_mean,42,trained,124,test,1559,1563,0.11968235832145907,0.13793103448275862,-0.021168464347107476,0.9137931034482759,1.607639868708799,0.10398578643798828,1.5036540822708107,-1.5036540822708107
CHEMBL239_EC50,morgan,xgboost,crem_mean,42,trained,126,test,1623,1624,0.40948275862068967,0.07272727272727272,0.3631676808654497,0.8181818181818182,1.6823707425165568,-0.08349823951721191,1.7658689820337687,-1.7658689820337687
CHEMBL239_EC50,morgan,xgboost,crem_mean,42,trained,127,test,1641,1656,0.2178030303030303,0.07272727272727272,0.15645424836601307,1.0,-1.047424649928138,-0.6205196380615234,0.42690501186661467,-0.42690501186661467
CHEMBL239_EC50,morgan,xgboost,crem_lime,42,trained,1,test,1,33,0.6973134329466628,0.2542372881355932,0.5941248305421161,1.0,2.513097461879629,0.5434525012969971,1.9696449605826318,-1.9696449605826318
CHEMBL239_EC50,morgan,xgboost,crem_lime,42,trained,2,test,21,34,0.603483202006356,0.2631578947368421,0.4618700598657688,1.0,-1.576252727721677,0.7832368612289429,2.3594895889506198,-2.3594895889506198
CHEMBL239_EC50,morgan,xgboost,crem_lime,42,trained,7,test,62,64,0.13722826086956522,0.05555555555555555,0.08647698209718671,1.0,-1.5328392767509351,-0.32381272315979004,1.209026553591145,-1.209026553591145
CHEMBL239_EC50,morgan,xgboost,crem_lime,42,trained,14,test,141,143,0.06785714285714287,0.05970149253731343,0.008673469387755112,1.0,-1.486881092008819,0.24061119556427002,1.727492287573089,-1.727492287573089
CHEMBL239_EC50,morgan,xgboost,crem_lime,42,trained,16,test,150,156,0.49679501457591557,0.373134328358209,0.19726823753777004,0.835820895522388,-1.01424043911461,-0.6879048347473145,0.3263356043672956,-0.3263356043672956
CHEMBL239_EC50,morgan,xgboost,crem_lime,42,trained,18,test,168,171,0.09159299208661924,0.1095890410958904,-0.020210947348873774,1.0,-1.6627578316815739,0.18387043476104736,1.8466282664426212,-1.8466282664426212
CHEMBL239_EC50,morgan,xgboost,crem_lime,42,trained,22,test,190,193,0.15634211052907265,0.16666666666666666,-0.012389467365112804,1.0,1.334888262924949,0.2872965335845947,1.0475917293403543,-1.0475917293403543
CHEMBL239_EC50,morgan,xgboost,crem_lime,42,trained,24,test,198,199,0.4254752095088229,0.27586206896551724,0.20660862265504115,1.0,-1.0299632233774436,-0.18480682373046875,0.8451563996469749,-0.8451563996469749
CHEMBL239_EC50,morgan,xgboost,crem_lime,42,trained,25,test,203,215,0.29205071312641623,0.3230769230769231,-0.04583417379052151,0.9846153846153847,1.4471580313422194,0.2756751775741577,1.1714828537680617,-1.1714828537680617
CHEMBL239_EC50,morgan,xgboost,crem_lime,42,trained,26,test,210,270,0.5424904573156365,0.5384615384615384,0.008729324183879134,0.9846153846153847,1.5118833609788744,0.9697195291519165,0.5421638318269579,-0.5421638318269579
CHEMBL239_EC50,morgan,xgboost,crem_lime,42,trained,29,test,265,1411,0.3914377951018905,0.3,0.13062542157412926,1.0,-1.2674291939120836,-0.10475969314575195,1.1626695007663317,-1.1626695007663317
CHEMBL239_EC50,morgan,xgboost,crem_lime,42,trained,30,test,266,1315,0.5596432512398899,0.3181818181818182,0.3541434351518385,1.0,1.2922560713564755,-0.12836766242980957,1.420623733786285,-1.420623733786285
CHEMBL239_EC50,morgan,xgboost,crem_lime,42,trained,35,test,309,311,0.47658561316489706,0.2777777777777778,0.2752723874590882,1.0,-1.3047578681832246,-0.11769413948059082,1.1870637287026338,-1.1870637287026338
CHEMBL239_EC50,morgan,xgboost,crem_lime,42,trained,37,test,358,359,0.17317603636201198,0.1388888888888889,0.03981733254943326,1.0,-1.1892094895823062,-0.016309499740600586,1.1728999898417056,-1.1728999898417056
CHEMBL239_EC50,morgan,xgboost,crem_lime,42,trained,38,test,363,430,0.346752322261772,0.3076923076923077,0.05642002104478175,1.0,-1.888425224949682,0.28591370582580566,2.1743389307754875,-2.1743389307754875
CHEMBL239_EC50,morgan,xgboost,crem_lime,42,trained,40,test,371,372,0.05267012557335138,0.07575757575757576,-0.02497986413375097,1.0,-1.4393326938302626,-0.9321144223213196,0.507218271508943,-0.507218271508943
CHEMBL239_EC50,morgan,xgboost,crem_lime,42,trained,48,test,457,460,0.20782581872180364,0.22666666666666666,-0.024363165445943556,1.0,-1.1677391846909155,-0.26855969429016113,0.8991794904007544,-0.8991794904007544
CHEMBL239_EC50,morgan,xgboost,crem_lime,42,trained,52,test,500,526,0.19872926919668318,0.2923076923076923,-0.13223038048294772,0.9538461538461539,-1.7703259128716877,-0.8395853042602539,0.9307406086114338,-0.9307406086114338
CHEMBL239_EC50,morgan,xgboost,crem_lime,42,trained,57,test,580,833,0.508639893892325,0.5625,-0.1231088139604,1.0,-1.2487021153086655,-0.004581928253173828,1.2441201870554917,-1.2441201870554917
CHEMBL239_EC50,morgan,xgboost,crem_lime,42,trained,66,test,793,798,0.40061588494589884,0.36363636363636365,0.0581106763435553,1.0,1.4771212547196626,1.1920219659805298,0.2850992887391328,-0.2850992887391328
CHEMBL239_EC50,morgan,xgboost,crem_lime,42,trained,68,test,802,803,0.09381839350879598,0.07894736842105263,0.016145684380978496,1.0,-1.698970004336019,-0.3229278326034546,1.3760421717325644,-1.3760421717325644
CHEMBL239_EC50,morgan,xgboost,crem_lime,42,trained,74,test,845,861,0.16480820402209506,0.17073170731707318,-0.00714304809100303,1.0,1.662757831681574,0.46393775939941406,1.19882007228216,-1.19882007228216
CHEMBL239_EC50,morgan,xgboost,crem_lime,42,trained,75,test,846,849,0.39774829713253357,0.1891891891891892,0.2572228997967914,1.0,1.3521825181113623,1.364102840423584,0.011920322312221732,-0.011920322312221732
CHEMBL239_EC50,morgan,xgboost,crem_lime,42,trained,85,test,1037,1046,0.26635749162539707,0.14285714285714285,0.14408374022962991,1.0,-1.3644169745283738,-0.0723733901977539,1.29204358433062,-1.29204358433062
CHEMBL239_EC50,morgan,xgboost,crem_lime,42,trained,91,test,1077,1083,0.45658481117453853,0.3076923076923077,0.2150669494743334,0.9615384615384616,1.1167442579930285,0.05846381187438965,1.0582804461186388,-1.0582804461186388
CHEMBL239_EC50,morgan,xgboost,crem_lime,42,trained,102,test,1198,1201,0.04940285204991088,0.05333333333333334,-0.004151916848685696,1.0,1.33059822630669,-0.4024914503097534,1.7330896766164434,-1.7330896766164434
CHEMBL239_EC50,morgan,xgboost,crem_lime,42,trained,107,test,1272,1278,0.22634683112831316,0.3333333333333333,-0.1604797533075302,1.0,1.640481436970422,-0.2259225845336914,1.8664040215041133,-1.8664040215041133
CHEMBL239_EC50,morgan,xgboost,crem_lime,42,trained,114,test,1379,1715,0.4307428273273909,0.43333333333333335,-0.004571481186957284,1.0,-1.666517980554881,0.11567354202270508,1.7821915225775862,-1.7821915225775862
CHEMBL239_EC50,morgan,xgboost,crem_lime,42,trained,115,test,1393,1394,0.22274630006103002,0.19230769230769232,0.0376858953136562,1.0,1.034762106259212,-0.35596156120300293,1.390723667462215,-1.390723667462215
CHEMBL239_EC50,morgan,xgboost,crem_lime,42,trained,118,test,1464,1467,0.25453875076799465,0.16883116883116883,0.10311693451774355,0.987012987012987,-2.740362689494244,-0.4693467617034912,2.271015927790753,-2.271015927790753
CHEMBL239_EC50,morgan,xgboost,crem_lime,42,trained,124,test,1559,1563,0.08777443543550621,0.13793103448275862,-0.05818165489481279,1.0,1.607639868708799,0.10398578643798828,1.5036540822708107,-1.5036540822708107
CHEMBL239_EC50,morgan,xgboost,crem_lime,42,trained,126,test,1623,1624,0.28685897435897434,0.07272727272727272,0.23092634489693312,1.0,1.6823707425165568,-0.08349823951721191,1.7658689820337687,-1.7658689820337687
CHEMBL239_EC50,morgan,xgboost,crem_lime,42,trained,127,test,1641,1656,0.23080357142857144,0.07272727272727272,0.1704744397759104,1.0,-1.047424649928138,-0.6205196380615234,0.42690501186661467,-0.42690501186661467
CHEMBL239_EC50,morgan,xgboost,crem_mean,42,label_permuted,1,test,1,33,0.6126656394453005,0.2542372881355932,0.4806198347107439,1.0,2.513097461879629,0.0,2.513097461879629,-2.513097461879629
CHEMBL239_EC50,morgan,xgboost,crem_mean,42,label_permuted,2,test,21,34,0.3900148220012396,0.2631578947368421,0.17216297271596803,1.0,-1.576252727721677,0.0,1.576252727721677,-1.576252727721677
CHEMBL239_EC50,morgan,xgboost,crem_mean,42,label_permuted,7,test,62,64,0.08768315018315018,0.05555555555555555,0.03401745313510019,0.9305555555555556,-1.5328392767509351,0.0,1.5328392767509351,-1.5328392767509351
CHEMBL239_EC50,morgan,xgboost,crem_mean,42,label_permuted,14,test,141,143,0.07332900713822194,0.05970149253731343,0.014492753623188408,0.9104477611940298,-1.486881092008819,0.0,1.486881092008819,-1.486881092008819
CHEMBL239_EC50,morgan,xgboost,crem_mean,42,label_permuted,16,test,150,156,0.4250248756218905,0.373134328358209,0.08277777777777767,0.5223880597014925,-1.01424043911461,-0.056741952896118164,0.9574984862184919,-0.9574984862184919
CHEMBL239_EC50,morgan,xgboost,crem_mean,42,label_permuted,18,test,168,171,0.09830046282298764,0.1095890410958904,-0.012677941752644643,0.726027397260274,-1.6627578316815739,0.0,1.6627578316815739,-1.6627578316815739
CHEMBL239_EC50,morgan,xgboost,crem_mean,42,label_permuted,22,test,190,193,0.3508658008658008,0.16666666666666666,0.22103896103896098,1.0,1.334888262924949,-0.057077884674072266,1.3919661475990213,-1.3919661475990213
CHEMBL239_EC50,morgan,xgboost,crem_mean,42,label_permuted,24,test,198,199,0.3023132183908046,0.27586206896551724,0.03652777777777779,0.9137931034482759,-1.0299632233774436,0.03615975379943848,1.066122977176882,-1.066122977176882
CHEMBL239_EC50,morgan,xgboost,crem_mean,42,label_permuted,25,test,203,215,0.5880985722890625,0.3230769230769231,0.39150925451793317,0.6923076923076923,1.4471580313422194,0.0,1.4471580313422194,-1.4471580313422194
CHEMBL239_EC50,morgan,xgboost,crem_mean,42,label_permuted,26,test,210,270,0.5105037272524957,0.5384615384615384,-0.06057525761959257,0.7076923076923077,1.5118833609788744,0.024762868881225586,1.4871204920976488,-1.4871204920976488
CHEMBL239_EC50,morgan,xgboost,crem_mean,42,label_permuted,29,test,265,1411,0.5356837606837607,0.3,0.3366910866910867,0.85,-1.2674291939120836,-0.03349781036376953,1.233931383548314,-1.233931383548314
CHEMBL239_EC50,morgan,xgboost,crem_mean,42,label_permuted,30,test,266,1315,0.30094905094905094,0.3181818181818182,-0.02527472527472527,1.0,1.2922560713564755,0.0,1.2922560713564755,-1.2922560713564755
CHEMBL239_EC50,morgan,xgboost,crem_mean,42,label_permuted,35,test,309,311,0.35684848484848486,0.2777777777777778,0.10948251748251749,0.75,-1.3047578681832246,0.0,1.3047578681832246,-1.3047578681832246
CHEMBL239_EC50,morgan,xgboost,crem_mean,42,label_permuted,37,test,358,359,0.17666666666666667,0.1388888888888889,0.043870967741935475,0.75,-1.1892094895823062,0.0,1.1892094895823062,-1.1892094895823062
CHEMBL239_EC50,morgan,xgboost,crem_mean,42,label_permuted,38,test,363,430,0.4178471494487237,0.3076923076923077,0.15911254920371198,0.5128205128205128,-1.888425224949682,-0.021974563598632812,1.8664506613510492,-1.8664506613510492
CHEMBL239_EC50,morgan,xgboost,crem_mean,42,label_permuted,40,test,371,372,0.07575757575757576,0.07575757575757576,0.0,1.0,-1.4393326938302626,0.0,1.4393326938302626,-1.4393326938302626
CHEMBL239_EC50,morgan,xgboost,crem_mean,42,label_permuted,48,test,457,460,0.22431690406659116,0.22666666666666666,-0.0030384861207872773,1.0,-1.1677391846909155,0.0,1.1677391846909155,-1.1677391846909155
CHEMBL239_EC50,morgan,xgboost,crem_mean,42,label_permuted,52,test,500,526,0.28021255060728745,0.2923076923076923,-0.017090961098398198,0.46153846153846156,-1.7703259128716877,0.26126646995544434,2.031592382827132,-2.031592382827132
CHEMBL239_EC50,morgan,xgboost,crem_mean,42,label_permuted,57,test,580,833,0.5811563051146384,0.5625,0.0426429831191736,1.0,-1.2487021153086655,0.0,1.2487021153086655,-1.2487021153086655
CHEMBL239_EC50,morgan,xgboost,crem_mean,42,label_permuted,66,test,793,798,0.41803030303030303,0.36363636363636365,0.08547619047619046,0.7818181818181819,1.4771212547196626,0.0,1.4771212547196626,-1.4771212547196626
CHEMBL239_EC50,morgan,xgboost,crem_mean,42,label_permuted,68,test,802,803,0.0686087902601127,0.07894736842105263,-0.011224742003306209,0.7368421052631579,-1.698970004336019,0.0,1.698970004336019,-1.698970004336019
CHEMBL239_EC50,morgan,xgboost,crem_mean,42,label_permuted,74,test,845,861,0.1828657008374595,0.17073170731707318,0.014632168656936454,1.0,1.662757831681574,-0.024762868881225586,1.6875207005627997,-1.6875207005627997
CHEMBL239_EC50,morgan,xgboost,crem_mean,42,label_permuted,75,test,846,849,0.17907703621989338,0.1891891891891892,-0.012471655328798183,0.918918918918919,1.3521825181113623,-0.024762868881225586,1.3769453869925878,-1.3769453869925878
CHEMBL239_EC50,morgan,xgboost,crem_mean,42,label_permuted,85,test,1037,1046,0.39682539682539686,0.14285714285714285,0.29629629629629634,0.6507936507936508,-1.3644169745283738,-0.04381084442138672,1.3206061301069871,-1.3206061301069871
CHEMBL239_EC50,morgan,xgboost,crem_mean,42,label_permuted,91,test,1077,1083,0.2811108299595142,0.3076923076923077,-0.038395467836257295,1.0,1.1167442579930285,0.0,1.1167442579930285,-1.1167442579930285
CHEMBL239_EC50,morgan,xgboost,crem_mean,42,label_permuted,102,test,1198,1201,0.08166666666666667,0.05333333333333334,0.029929577464788727,1.0,1.33059822630669,0.0,1.33059822630669,-1.33059822630669
CHEMBL239_EC50,morgan,xgboost,crem_mean,42,label_permuted,107,test,1272,1278,0.3926568223443223,0.3333333333333333,0.08898523351648348,1.0,1.640481436970422,0.0,1.640481436970422,-1.640481436970422
CHEMBL239_EC50,morgan,xgboost,crem_mean,42,label_permuted,114,test,1379,1715,0.451923076923077,0.43333333333333335,0.03280542986425347,1.0,-1.666517980554881,0.0,1.666517980554881,-1.666517980554881
CHEMBL239_EC50,morgan,xgboost,crem_mean,42,label_permuted,115,test,1393,1394,0.19230769230769232,0.19230769230769232,0.0,0.8846153846153846,1.034762106259212,0.0,1.034762106259212,-1.034762106259212
CHEMBL239_EC50,morgan,xgboost,crem_mean,42,label_permuted,118,test,1464,1467,0.17059411177058237,0.16883116883116883,0.002121040723981911,0.935064935064935,-2.740362689494244,0.0,2.740362689494244,-2.740362689494244
CHEMBL239_EC50,morgan,xgboost,crem_mean,42,label_permuted,124,test,1559,1563,0.13793103448275862,0.13793103448275862,0.0,0.9137931034482759,1.607639868708799,0.0,1.607639868708799,-1.607639868708799
CHEMBL239_EC50,morgan,xgboost,crem_mean,42,label_permuted,126,test,1623,1624,0.46590909090909094,0.07272727272727272,0.42401960784313725,0.8181818181818182,1.6823707425165568,0.0,1.6823707425165568,-1.6823707425165568
CHEMBL239_EC50,morgan,xgboost,crem_mean,42,label_permuted,127,test,1641,1656,0.06645021645021645,0.07272727272727272,-0.006769374416433232,1.0,-1.047424649928138,0.0,1.047424649928138,-1.047424649928138
CHEMBL239_EC50,morgan,xgboost,crem_lime,42,label_permuted,1,test,1,33,0.39559975437168415,0.2542372881355932,0.18955421608930376,1.0,2.513097461879629,0.0,2.513097461879629,-2.513097461879629
CHEMBL239_EC50,morgan,xgboost,crem_lime,42,label_permuted,2,test,21,34,0.2825742198867645,0.2631578947368421,0.026350726989180423,1.0,-1.576252727721677,0.0,1.576252727721677,-1.576252727721677
CHEMBL239_EC50,morgan,xgboost,crem_lime,42,label_permuted,7,test,62,64,0.10588203463203463,0.05555555555555555,0.05328686019862491,1.0,-1.5328392767509351,0.0,1.5328392767509351,-1.5328392767509351
CHEMBL239_EC50,morgan,xgboost,crem_lime,42,label_permuted,14,test,141,143,0.07255269261156562,0.05970149253731343,0.013667149285315818,1.0,-1.486881092008819,0.0,1.486881092008819,-1.486881092008819
CHEMBL239_EC50,morgan,xgboost,crem_lime,42,label_permuted,16,test,150,156,0.6781314253495991,0.373134328358209,0.4865429880576938,0.835820895522388,-1.01424043911461,-0.056741952896118164,0.9574984862184919,-0.9574984862184919
CHEMBL239_EC50,morgan,xgboost,crem_lime,42,label_permuted,18,test,168,171,0.08489223119479714,0.1095890410958904,-0.027736417273535516,1.0,-1.6627578316815739,0.0,1.6627578316815739,-1.6627578316815739
CHEMBL239_EC50,morgan,xgboost,crem_lime,42,label_permuted,22,test,190,193,0.5344569775753801,0.16666666666666666,0.44134837309045616,1.0,1.334888262924949,-0.057077884674072266,1.3919661475990213,-1.3919661475990213
CHEMBL239_EC50,morgan,xgboost,crem_lime,42,label_permuted,24,test,198,199,0.29365692959621736,0.27586206896551724,0.02457385515668113,1.0,-1.0299632233774436,0.03615975379943848,1.066122977176882,-1.066122977176882
CHEMBL239_EC50,morgan,xgboost,crem_lime,42,label_permuted,25,test,203,215,0.3589178178884923,0.3230769230769231,0.052946776426181785,0.9846153846153847,1.4471580313422194,0.0,1.4471580313422194,-1.4471580313422194
CHEMBL239_EC50,morgan,xgboost,crem_lime,42,label_permuted,26,test,210,270,0.4997099563328885,0.5384615384615384,-0.08396176127874151,0.9846153846153847,1.5118833609788744,0.024762868881225586,1.4871204920976488,-1.4871204920976488
CHEMBL239_EC50,morgan,xgboost,crem_lime,42,label_permuted,29,test,265,1411,0.493044579414486,0.3,0.2757779705921229,1.0,-1.2674291939120836,-0.03349781036376953,1.233931383548314,-1.233931383548314
CHEMBL239_EC50,morgan,xgboost,crem_lime,42,label_permuted,30,test,266,1315,0.20096004423223116,0.3181818181818182,-0.1719252684593943,1.0,1.2922560713564755,0.0,1.2922560713564755,-1.2922560713564755
CHEMBL239_EC50,morgan,xgboost,crem_lime,42,label_permuted,35,test,309,311,0.27704507327889194,0.2777777777777778,-0.001014513921534254,1.0,-1.3047578681832246,0.0,1.3047578681832246,-1.3047578681832246
CHEMBL239_EC50,morgan,xgboost,crem_lime,42,label_permuted,37,test,358,359,0.4209725237612776,0.1388888888888889,0.3275809953356772,1.0,-1.1892094895823062,0.0,1.1892094895823062,-1.1892094895823062
CHEMBL239_EC50,morgan,xgboost,crem_lime,42,label_permuted,38,test,363,430,0.37984852611981507,0.3076923076923077,0.10422564883973286,1.0,-1.888425224949682,-0.021974563598632812,1.8664506613510492,-1.8664506613510492
CHEMBL239_EC50,morgan,xgboost,crem_lime,42,label_permuted,40,test,371,372,0.05227883675464321,0.07575757575757576,-0.025403225806451612,1.0,-1.4393326938302626,0.0,1.4393326938302626,-1.4393326938302626
CHEMBL239_EC50,morgan,xgboost,crem_lime,42,label_permuted,48,test,457,460,0.22520858060706406,0.22666666666666666,-0.0018854561115550835,1.0,-1.1677391846909155,0.0,1.1677391846909155,-1.1677391846909155
CHEMBL239_EC50,morgan,xgboost,crem_lime,42,label_permuted,52,test,500,526,0.2145497682083048,0.2923076923076923,-0.10987532753174327,0.9538461538461539,-1.7703259128716877,0.26126646995544434,2.031592382827132,-2.031592382827132
CHEMBL239_EC50,morgan,xgboost,crem_lime,42,label_permuted,57,test,580,833,0.6188387579873356,0.5625,0.12877430397105272,1.0,-1.2487021153086655,0.0,1.2487021153086655,-1.2487021153086655
CHEMBL239_EC50,morgan,xgboost,crem_lime,42,label_permuted,66,test,793,798,0.30893231309294883,0.36363636363636365,-0.08596350799679471,1.0,1.4771212547196626,0.0,1.4771212547196626,-1.4771212547196626
CHEMBL239_EC50,morgan,xgboost,crem_lime,42,label_permuted,68,test,802,803,0.05084078556004218,0.07894736842105263,-0.030515718534811345,1.0,-1.698970004336019,0.0,1.698970004336019,-1.698970004336019
CHEMBL239_EC50,morgan,xgboost,crem_lime,42,label_permuted,74,test,845,861,0.1149057903394166,0.17073170731707318,-0.06731948812011529,1.0,1.662757831681574,-0.024762868881225586,1.6875207005627997,-1.6875207005627997
CHEMBL239_EC50,morgan,xgboost,crem_lime,42,label_permuted,75,test,846,849,0.17349849821602192,0.1891891891891892,-0.019351852200239644,1.0,1.3521825181113623,-0.024762868881225586,1.3769453869925878,-1.3769453869925878
CHEMBL239_EC50,morgan,xgboost,crem_lime,42,label_permuted,85,test,1037,1046,0.4513366385096209,0.14285714285714285,0.35989274492789103,1.0,-1.3644169745283738,-0.04381084442138672,1.3206061301069871,-1.3206061301069871
CHEMBL239_EC50,morgan,xgboost,crem_lime,42,label_permuted,91,test,1077,1083,0.2552356291873028,0.3076923076923077,-0.07577075784056264,0.9615384615384616,1.1167442579930285,0.0,1.1167442579930285,-1.1167442579930285
CHEMBL239_EC50,morgan,xgboost,crem_lime,42,label_permuted,102,test,1198,1201,1.0,0.05333333333333334,1.0,1.0,1.33059822630669,0.0,1.33059822630669,-1.33059822630669
CHEMBL239_EC50,morgan,xgboost,crem_lime,42,label_permuted,107,test,1272,1278,0.4480537709926008,0.3333333333333333,0.1720806564889012,1.0,1.640481436970422,0.0,1.640481436970422,-1.640481436970422
CHEMBL239_EC50,morgan,xgboost,crem_lime,42,label_permuted,114,test,1379,1715,0.4204431385942123,0.43333333333333335,-0.022747402480801877,1.0,-1.666517980554881,0.0,1.666517980554881,-1.666517980554881
CHEMBL239_EC50,morgan,xgboost,crem_lime,42,label_permuted,115,test,1393,1394,0.12255133193953673,0.19230769230769232,-0.08636501759866883,1.0,1.034762106259212,0.0,1.034762106259212,-1.034762106259212
CHEMBL239_EC50,morgan,xgboost,crem_lime,42,label_permuted,118,test,1464,1467,0.17882685964707706,0.16883116883116883,0.012026065512889591,0.987012987012987,-2.740362689494244,0.0,2.740362689494244,-2.740362689494244
CHEMBL239_EC50,morgan,xgboost,crem_lime,42,label_permuted,124,test,1559,1563,0.09624437080215383,0.13793103448275862,-0.04835652986950156,1.0,1.607639868708799,0.0,1.607639868708799,-1.607639868708799
CHEMBL239_EC50,morgan,xgboost,crem_lime,42,label_permuted,126,test,1623,1624,0.14502923976608187,0.07272727272727272,0.07797270955165693,1.0,1.6823707425165568,0.0,1.6823707425165568,-1.6823707425165568
CHEMBL239_EC50,morgan,xgboost,crem_lime,42,label_permuted,127,test,1641,1656,0.05219996933025596,0.07272727272727272,-0.02213728797717494,1.0,-1.047424649928138,0.0,1.047424649928138,-1.047424649928138
CHEMBL239_EC50,morgan,mlp,crem_mean,42,trained,1,test,1,33,0.5737057387057387,0.2542372881355932,0.42837814962814963,1.0,2.513097461879629,0.9099221229553223,1.6031753389243066,-1.6031753389243066
CHEMBL239_EC50,morgan,mlp,crem_mean,42,trained,2,test,21,34,0.35350510174039584,0.2631578947368421,0.12261406664768008,1.0,-1.576252727721677,0.3628658056259155,1.9391185333475924,-1.9391185333475924
CHEMBL239_EC50,morgan,mlp,crem_mean,42,trained,7,test,62,64,0.048328523328523325,0.05555555555555555,-0.007652151769798829,0.9305555555555556,-1.5328392767509351,-0.20403015613555908,1.328809120615376,-1.328809120615376
CHEMBL239_EC50,morgan,mlp,crem_mean,42,trained,14,test,141,143,0.05969696969696969,0.05970149253731343,-4.810004810008035e-06,0.9104477611940298,-1.486881092008819,0.4397108554840088,1.9265919474928277,-1.9265919474928277
CHEMBL239_EC50,morgan,mlp,crem_mean,42,trained,16,test,150,156,0.34902487562189055,0.373134328358209,-0.038460317460317486,0.5223880597014925,-1.01424043911461,-0.30503320693969727,0.7092072321749128,-0.7092072321749128
CHEMBL239_EC50,morgan,mlp,crem_mean,42,trained,18,test,168,171,0.19738078579494842,0.1095890410958904,0.09859688250817285,0.726027397260274,-1.6627578316815739,0.4322112798690796,2.0949691115506535,-2.0949691115506535
CHEMBL239_EC50,morgan,mlp,crem_mean,42,trained,22,test,190,193,0.16824002574002572,0.16666666666666666,0.0018880308880308782,1.0,1.334888262924949,-0.274493932723999,1.609382195648948,-1.609382195648948
CHEMBL239_EC50,morgan,mlp,crem_mean,42,trained,24,test,198,199,0.3249685500858168,0.27586206896551724,0.06781371202327086,0.9137931034482759,-1.0299632233774436,0.38393664360046387,1.4138998669779075,-1.4138998669779075
CHEMBL239_EC50,morgan,mlp,crem_mean,42,trained,25,test,203,215,0.4308567638399572,0.3230769230769231,0.15922021930902763,0.6923076923076923,1.4471580313422194,-0.08798551559448242,1.5351435469367019,-1.5351435469367019
CHEMBL239_EC50,morgan,mlp,crem_mean,42,trained,26,test,210,270,0.5182290589095379,0.5384615384615384,-0.04383703902933459,0.7076923076923077,1.5118833609788744,1.0220260620117188,0.4898572989671557,-0.4898572989671557
CHEMBL239_EC50,morgan,mlp,crem_mean,42,trained,29,test,265,1411,0.5685926191360974,0.3,0.3837037416229963,0.85,-1.2674291939120836,-0.6566250324249268,0.6108041614871569,-0.6108041614871569
CHEMBL239_EC50,morgan,mlp,crem_mean,42,trained,30,test,266,1315,0.35977165931888844,0.3181818181818182,0.06099843366770304,1.0,1.2922560713564755,-0.7199969291687012,2.0122530005251766,-2.0122530005251766
CHEMBL239_EC50,morgan,mlp,crem_mean,42,trained,35,test,309,311,0.349613788401157,0.2777777777777778,0.09946524547852503,0.75,-1.3047578681832246,0.2877737283706665,1.592531596553891,-1.592531596553891
CHEMBL239_EC50,morgan,mlp,crem_mean,42,trained,37,test,358,359,0.12624580592322526,0.1388888888888889,-0.01468228989560938,0.75,-1.1892094895823062,0.47031939029693604,1.6595288798792422,-1.6595288798792422
CHEMBL239_EC50,morgan,mlp,crem_mean,42,trained,38,test,363,430,0.460473788915259,0.3076923076923077,0.22068436176648518,0.5128205128205128,-1.888425224949682,0.27297019958496094,2.1613954245346427,-2.1613954245346427
CHEMBL239_EC50,morgan,mlp,crem_mean,42,trained,40,test,371,372,0.06384992784992785,0.07575757575757576,-0.012883684621389542,1.0,-1.4393326938302626,-0.8470542430877686,0.5922784507424941,-0.5922784507424941
CHEMBL239_EC50,morgan,mlp,crem_mean,42,trained,48,test,457,460,0.5866648226688794,0.22666666666666666,0.465514856899413,1.0,-1.1677391846909155,-0.011879205703735352,1.1558599789871802,-1.1558599789871802
CHEMBL239_EC50,morgan,mlp,crem_mean,42,trained,52,test,500,526,0.2726495726495727,0.2923076923076923,-0.02777777777777776,0.46153846153846156,-1.7703259128716877,-1.0169813632965088,0.7533445495751789,-0.7533445495751789
CHEMBL239_EC50,morgan,mlp,crem_mean,42,trained,57,test,580,833,0.8360651264780299,0.5625,0.6252917176640683,1.0,-1.2487021153086655,0.3385533094406128,1.5872554247492783,-1.5872554247492783
CHEMBL239_EC50,morgan,mlp,crem_mean,42,trained,66,test,793,798,0.5745579444814299,0.36363636363636365,0.33144819847081847,0.7818181818181819,1.4771212547196626,1.0518567562103271,0.42526449850933545,-0.42526449850933545
CHEMBL239_EC50,morgan,mlp,crem_mean,42,trained,68,test,802,803,0.06570142895346148,0.07894736842105263,-0.014381305707670386,0.7368421052631579,-1.698970004336019,0.031519412994384766,1.7304894173304037,-1.7304894173304037
CHEMBL239_EC50,morgan,mlp,crem_mean,42,trained,74,test,845,861,0.2023734587322342,0.17073170731707318,0.03815622964769416,1.0,1.662757831681574,0.6257438659667969,1.0370139657147772,-1.0370139657147772
CHEMBL239_EC50,morgan,mlp,crem_mean,42,trained,75,test,846,849,0.31529393084014934,0.1891891891891892,0.15552918136951752,0.918918918918919,1.3521825181113623,1.824004054069519,0.4718215359581568,-0.4718215359581568
CHEMBL239_EC50,morgan,mlp,crem_mean,42,trained,85,test,1037,1046,0.19774451009789223,0.14285714285714285,0.06403526178087428,0.6507936507936508,-1.3644169745283738,-0.0314488410949707,1.3329681334334031,-1.3329681334334031
CHEMBL239_EC50,morgan,mlp,crem_mean,42,trained,91,test,1077,1083,0.4231979330193616,0.3076923076923077,0.1668414588057445,1.0,1.1167442579930285,0.4533803462982178,0.6633639116948107,-0.6633639116948107
CHEMBL239_EC50,morgan,mlp,crem_mean,42,trained,102,test,1198,1201,0.05262834684352739,0.05333333333333334,-0.0007447040385274051,1.0,1.33059822630669,-0.0680394172668457,1.3986376435735357,-1.3986376435735357
CHEMBL239_EC50,morgan,mlp,crem_mean,42,trained,107,test,1272,1278,0.3410265022333988,0.3333333333333333,0.01153975335009824,1.0,1.640481436970422,-0.5388169288635254,2.1792983658339473,-2.1792983658339473
CHEMBL239_EC50,morgan,mlp,crem_mean,42,trained,114,test,1379,1715,0.5679040876229817,0.43333333333333335,0.2374778016876148,1.0,-1.666517980554881,-0.4895288944244385,1.1769890861304426,-1.1769890861304426
CHEMBL239_EC50,morgan,mlp,crem_mean,42,trained,115,test,1393,1394,0.15175824175824176,0.19230769230769232,-0.050204081632653066,0.8846153846153846,1.034762106259212,0.009397029876708984,1.025365076382503,-1.025365076382503
CHEMBL239_EC50,morgan,mlp,crem_mean,42,trained,118,test,1464,1467,0.3139362309930872,0.16883116883116883,0.17457952791355802,0.935064935064935,-2.740362689494244,-1.05912184715271,1.6812408423415341,-1.6812408423415341
CHEMBL239_EC50,morgan,mlp,crem_mean,42,trained,124,test,1559,1563,0.16397727272727272,0.13793103448275862,0.030213636363636363,0.9137931034482759,1.607639868708799,-0.2205336093902588,1.8281734780990577,-1.8281734780990577
CHEMBL239_EC50,morgan,mlp,crem_mean,42,trained,126,test,1623,1624,0.11597222222222223,0.07272727272727272,0.04663671023965143,0.8181818181818182,1.6823707425165568,0.1638045310974121,1.5185662114191447,-1.5185662114191447
CHEMBL239_EC50,morgan,mlp,crem_mean,42,trained,127,test,1641,1656,0.06351851851851852,0.07272727272727272,-0.009931009440813363,1.0,-1.047424649928138,-0.260998010635376,0.7864266392927621,-0.7864266392927621
CHEMBL239_EC50,morgan,mlp,crem_lime,42,trained,1,test,1,33,0.8229439288569722,0.2542372881355932,0.7625839046036673,1.0,2.513097461879629,0.9099221229553223,1.6031753389243066,-1.6031753389243066
CHEMBL239_EC50,morgan,mlp,crem_lime,42,trained,2,test,21,34,0.4442963886377412,0.2631578947368421,0.24583081315122016,1.0,-1.576252727721677,0.3628658056259155,1.9391185333475924,-1.9391185333475924
CHEMBL239_EC50,morgan,mlp,crem_lime,42,trained,7,test,62,64,0.0671798903402677,0.05555555555555555,0.012308119183812857,1.0,-1.5328392767509351,-0.20403015613555908,1.328809120615376,-1.328809120615376
CHEMBL239_EC50,morgan,mlp,crem_lime,42,trained,14,test,141,143,0.06792264752791069,0.05970149253731343,0.008743133085238353,1.0,-1.486881092008819,0.4397108554840088,1.9265919474928277,-1.9265919474928277
CHEMBL239_EC50,morgan,mlp,crem_lime,42,trained,16,test,150,156,0.4855028196861432,0.373134328358209,0.17925449807075225,0.835820895522388,-1.01424043911461,-0.30503320693969727,0.7092072321749128,-0.7092072321749128
CHEMBL239_EC50,morgan,mlp,crem_lime,42,trained,18,test,168,171,0.4676679230250659,0.1095890410958904,0.40215012893584323,1.0,-1.6627578316815739,0.4322112798690796,2.0949691115506535,-2.0949691115506535
CHEMBL239_EC50,morgan,mlp,crem_lime,42,trained,22,test,190,193,0.1425734470638671,0.16666666666666666,-0.02891186352335947,1.0,1.334888262924949,-0.274493932723999,1.609382195648948,-1.609382195648948
CHEMBL239_EC50,morgan,mlp,crem_lime,42,trained,24,test,198,199,0.2179579774606521,0.27586206896551724,-0.07996279303052806,1.0,-1.0299632233774436,0.38393664360046387,1.4138998669779075,-1.4138998669779075
CHEMBL239_EC50,morgan,mlp,crem_lime,42,trained,25,test,203,215,0.41932983235690924,0.3230769230769231,0.1421917977999795,0.9846153846153847,1.4471580313422194,-0.08798551559448242,1.5351435469367019,-1.5351435469367019
CHEMBL239_EC50,morgan,mlp,crem_lime,42,trained,26,test,210,270,0.6273237027558441,0.5384615384615384,0.19253468930432904,0.9846153846153847,1.5118833609788744,1.0220260620117188,0.4898572989671557,-0.4898572989671557
CHEMBL239_EC50,morgan,mlp,crem_lime,42,trained,29,test,265,1411,0.47739863658013815,0.3,0.2534266236859117,1.0,-1.2674291939120836,-0.6566250324249268,0.6108041614871569,-0.6108041614871569
CHEMBL239_EC50,morgan,mlp,crem_lime,42,trained,30,test,266,1315,0.6538377366450456,0.3181818181818182,0.4922953470794002,1.0,1.2922560713564755,-0.7199969291687012,2.0122530005251766,-2.0122530005251766
CHEMBL239_EC50,morgan,mlp,crem_lime,42,trained,35,test,309,311,0.3156855303487144,0.2777777777777778,0.05248765740591221,1.0,-1.3047578681832246,0.2877737283706665,1.592531596553891,-1.592531596553891
CHEMBL239_EC50,morgan,mlp,crem_lime,42,trained,37,test,358,359,0.18836886628073052,0.1388888888888889,0.057460618906654784,1.0,-1.1892094895823062,0.47031939029693604,1.6595288798792422,-1.6595288798792422
CHEMBL239_EC50,morgan,mlp,crem_lime,42,trained,38,test,363,430,0.5439424607528055,0.3076923076923077,0.34125022108738573,1.0,-1.888425224949682,0.27297019958496094,2.1613954245346427,-2.1613954245346427
CHEMBL239_EC50,morgan,mlp,crem_lime,42,trained,40,test,371,372,0.05237644300144299,0.07575757575757576,-0.02529761904761906,1.0,-1.4393326938302626,-0.8470542430877686,0.5922784507424941,-0.5922784507424941
CHEMBL239_EC50,morgan,mlp,crem_lime,42,trained,48,test,457,460,0.5306218984267765,0.22666666666666666,0.3930455583104869,1.0,-1.1677391846909155,-0.011879205703735352,1.1558599789871802,-1.1558599789871802
CHEMBL239_EC50,morgan,mlp,crem_lime,42,trained,52,test,500,526,0.23457361352098194,0.2923076923076923,-0.08158076350296034,0.9538461538461539,-1.7703259128716877,-1.0169813632965088,0.7533445495751789,-0.7533445495751789
CHEMBL239_EC50,morgan,mlp,crem_lime,42,trained,57,test,580,833,0.9262237534140044,0.5625,0.8313685792320101,1.0,-1.2487021153086655,0.3385533094406128,1.5872554247492783,-1.5872554247492783
CHEMBL239_EC50,morgan,mlp,crem_lime,42,trained,66,test,793,798,0.45856118115353567,0.36363636363636365,0.14916757038412748,1.0,1.4771212547196626,1.0518567562103271,0.42526449850933545,-0.42526449850933545
CHEMBL239_EC50,morgan,mlp,crem_lime,42,trained,68,test,802,803,0.09389436514318539,0.07894736842105263,0.01622816786974414,1.0,-1.698970004336019,0.031519412994384766,1.7304894173304037,-1.7304894173304037
CHEMBL239_EC50,morgan,mlp,crem_lime,42,trained,74,test,845,861,0.15533521301578518,0.17073170731707318,-0.018566360775082596,1.0,1.662757831681574,0.6257438659667969,1.0370139657147772,-1.0370139657147772
CHEMBL239_EC50,morgan,mlp,crem_lime,42,trained,75,test,846,849,0.5264234878348503,0.1891891891891892,0.415922301662982,1.0,1.3521825181113623,1.824004054069519,0.4718215359581568,-0.4718215359581568
CHEMBL239_EC50,morgan,mlp,crem_lime,42,trained,85,test,1037,1046,0.11561409963428468,0.14285714285714285,-0.03178355042666786,1.0,-1.3644169745283738,-0.0314488410949707,1.3329681334334031,-1.3329681334334031
CHEMBL239_EC50,morgan,mlp,crem_lime,42,trained,91,test,1077,1083,0.5453913323545692,0.3076923076923077,0.34334303562326657,0.9615384615384616,1.1167442579930285,0.4533803462982178,0.6633639116948107,-0.6633639116948107
CHEMBL239_EC50,morgan,mlp,crem_lime,42,trained,102,test,1198,1201,0.0920209176788124,0.05333333333333334,0.04086716656212577,1.0,1.33059822630669,-0.0680394172668457,1.3986376435735357,-1.3986376435735357
CHEMBL239_EC50,morgan,mlp,crem_lime,42,trained,107,test,1272,1278,0.2727270315671644,0.3333333333333333,-0.09090945264925339,1.0,1.640481436970422,-0.5388169288635254,2.1792983658339473,-2.1792983658339473
CHEMBL239_EC50,morgan,mlp,crem_lime,42,trained,114,test,1379,1715,0.6330655513120961,0.43333333333333335,0.3524686199625225,1.0,-1.666517980554881,-0.4895288944244385,1.1769890861304426,-1.1769890861304426
CHEMBL239_EC50,morgan,mlp,crem_lime,42,trained,115,test,1393,1394,0.20824425705241445,0.19230769230769232,0.019730984922036923,1.0,1.034762106259212,0.009397029876708984,1.025365076382503,-1.025365076382503
CHEMBL239_EC50,morgan,mlp,crem_lime,42,trained,118,test,1464,1467,0.3652854895162587,0.16883116883116883,0.23635910457424875,0.987012987012987,-2.740362689494244,-1.05912184715271,1.6812408423415341,-1.6812408423415341
CHEMBL239_EC50,morgan,mlp,crem_lime,42,trained,124,test,1559,1563,0.14480223220014507,0.13793103448275862,0.007970589352168284,1.0,1.607639868708799,-0.2205336093902588,1.8281734780990577,-1.8281734780990577
CHEMBL239_EC50,morgan,mlp,crem_lime,42,trained,126,test,1623,1624,0.12384259259259259,0.07272727272727272,0.05512436456063907,1.0,1.6823707425165568,0.1638045310974121,1.5185662114191447,-1.5185662114191447
CHEMBL239_EC50,morgan,mlp,crem_lime,42,trained,127,test,1641,1656,0.0792016806722689,0.07272727272727272,0.006982204646564508,1.0,-1.047424649928138,-0.260998010635376,0.7864266392927621,-0.7864266392927621
CHEMBL239_EC50,morgan,mlp,crem_mean,42,label_permuted,1,test,1,33,0.38796588425833956,0.2542372881355932,0.17931789025550077,1.0,2.513097461879629,-0.006844520568847656,2.5199419824484766,-2.5199419824484766
CHEMBL239_EC50,morgan,mlp,crem_mean,42,label_permuted,2,test,21,34,0.2748934755476782,0.2631578947368421,0.015926859671848974,1.0,-1.576252727721677,-0.15486907958984375,1.4213836481318332,-1.4213836481318332
CHEMBL239_EC50,morgan,mlp,crem_mean,42,label_permuted,7,test,62,64,0.08303965705109823,0.05555555555555555,0.029100813348221656,0.9305555555555556,-1.5328392767509351,0.052817583084106445,1.5856568598350416,-1.5856568598350416
CHEMBL239_EC50,morgan,mlp,crem_mean,42,label_permuted,14,test,141,143,0.8875,0.05970149253731343,0.8803571428571428,0.9104477611940298,-1.486881092008819,0.20138001441955566,1.6882611064283746,-1.6882611064283746
CHEMBL239_EC50,morgan,mlp,crem_mean,42,label_permuted,16,test,150,156,0.3764915422885572,0.373134328358209,0.005355555555555482,0.5223880597014925,-1.01424043911461,0.08344602584838867,1.0976864649629987,-1.0976864649629987
CHEMBL239_EC50,morgan,mlp,crem_mean,42,label_permuted,18,test,168,171,0.4836024762908324,0.1095890410958904,0.4200458579881656,0.726027397260274,-1.6627578316815739,0.14536023139953613,1.80811806308111,-1.80811806308111
CHEMBL239_EC50,morgan,mlp,crem_mean,42,label_permuted,22,test,190,193,0.22624950152357295,0.16666666666666666,0.07149940182828755,1.0,1.334888262924949,-0.02498912811279297,1.359877391037742,-1.359877391037742
CHEMBL239_EC50,morgan,mlp,crem_mean,42,label_permuted,24,test,198,199,0.6455052371000647,0.27586206896551724,0.5104596131381846,0.9137931034482759,-1.0299632233774436,0.14022564888000488,1.1701888722574485,-1.1701888722574485
CHEMBL239_EC50,morgan,mlp,crem_mean,42,label_permuted,25,test,203,215,0.5911787649114838,0.3230769230769231,0.39605953907378283,0.6923076923076923,1.4471580313422194,-0.07756638526916504,1.5247244166113845,-1.5247244166113845
CHEMBL239_EC50,morgan,mlp,crem_mean,42,label_permuted,26,test,210,270,0.5282071755370458,0.5384615384615384,-0.022217786336400775,0.7076923076923077,1.5118833609788744,0.012044668197631836,1.4998386927812426,-1.4998386927812426
CHEMBL239_EC50,morgan,mlp,crem_mean,42,label_permuted,29,test,265,1411,0.62522848883143,0.3,0.4646121269020429,0.85,-1.2674291939120836,-0.3238852024078369,0.9435439915042467,-0.9435439915042467
CHEMBL239_EC50,morgan,mlp,crem_mean,42,label_permuted,30,test,266,1315,0.3109494227720828,0.3181818181818182,-0.010607513267611859,1.0,1.2922560713564755,-0.21445035934448242,1.5067064307009579,-1.5067064307009579
CHEMBL239_EC50,morgan,mlp,crem_mean,42,label_permuted,35,test,309,311,0.34705145649942626,0.2777777777777778,0.09591740130689788,0.75,-1.3047578681832246,0.12634658813476562,1.4311044563179902,-1.4311044563179902
CHEMBL239_EC50,morgan,mlp,crem_mean,42,label_permuted,37,test,358,359,0.21078181893412778,0.1388888888888889,0.08348856392350322,0.75,-1.1892094895823062,-0.07630777359008789,1.1129017159922183,-1.1129017159922183
CHEMBL239_EC50,morgan,mlp,crem_mean,42,label_permuted,38,test,363,430,0.3389695068003892,0.3076923076923077,0.04517817648945101,0.5128205128205128,-1.888425224949682,-0.017971515655517578,1.8704537092941644,-1.8704537092941644
CHEMBL239_EC50,morgan,mlp,crem_mean,42,label_permuted,40,test,371,372,0.059729853479853476,0.07575757575757576,-0.01734147000540444,1.0,-1.4393326938302626,-0.10680723190307617,1.3325254619271865,-1.3325254619271865
CHEMBL239_EC50,morgan,mlp,crem_mean,42,label_permuted,48,test,457,460,0.23992458882756268,0.22666666666666666,0.017143864863227616,1.0,-1.1677391846909155,-0.019331932067871094,1.1484072526230444,-1.1484072526230444
CHEMBL239_EC50,morgan,mlp,crem_mean,42,label_permuted,52,test,500,526,0.27406978985926356,0.2923076923076923,-0.025770949111910215,0.46153846153846156,-1.7703259128716877,0.14269137382507324,1.913017286696761,-1.913017286696761
CHEMBL239_EC50,morgan,mlp,crem_mean,42,label_permuted,57,test,580,833,0.8332306874117161,0.5625,0.6188129997982083,1.0,-1.2487021153086655,0.44841790199279785,1.6971200173014633,-1.6971200173014633
CHEMBL239_EC50,morgan,mlp,crem_mean,42,label_permuted,66,test,793,798,0.6334987214607778,0.36363636363636365,0.42406941943836507,0.7818181818181819,1.4771212547196626,-0.08380794525146484,1.5609291999711274,-1.5609291999711274
CHEMBL239_EC50,morgan,mlp,crem_mean,42,label_permuted,68,test,802,803,0.07271490912658327,0.07894736842105263,-0.006766670091138164,0.7368421052631579,-1.698970004336019,0.034653663635253906,1.7336236679712729,-1.7336236679712729
CHEMBL239_EC50,morgan,mlp,crem_mean,42,label_permuted,74,test,845,861,0.45693129498908047,0.17073170731707318,0.3451230321927147,1.0,1.662757831681574,-0.35160255432128906,2.0143603860028634,-2.0143603860028634
CHEMBL239_EC50,morgan,mlp,crem_mean,42,label_permuted,75,test,846,849,0.4630237566877339,0.1891891891891892,0.3377292999148718,0.918918918918919,1.3521825181113623,-0.2803835868835449,1.6325661049949072,-1.6325661049949072
CHEMBL239_EC50,morgan,mlp,crem_mean,42,label_permuted,85,test,1037,1046,0.31914368879138527,0.14285714285714285,0.2056676369232828,0.6507936507936508,-1.3644169745283738,-0.014287471771240234,1.3501295027571336,-1.3501295027571336
CHEMBL239_EC50,morgan,mlp,crem_mean,42,label_permuted,91,test,1077,1083,0.27807026226482495,0.3076923076923077,-0.04278739895080843,1.0,1.1167442579930285,0.017760038375854492,1.098984219617174,-1.098984219617174
CHEMBL239_EC50,morgan,mlp,crem_mean,42,label_permuted,102,test,1198,1201,0.1824534161490683,0.05333333333333334,0.13639445367859326,1.0,1.33059822630669,0.14392733573913574,1.1866708905675543,-1.1866708905675543
CHEMBL239_EC50,morgan,mlp,crem_mean,42,label_permuted,107,test,1272,1278,0.3463744300911854,0.3333333333333333,0.01956164513677813,1.0,1.640481436970422,-0.09307312965393066,1.7335545666243526,-1.7335545666243526
CHEMBL239_EC50,morgan,mlp,crem_mean,42,label_permuted,114,test,1379,1715,0.4733099482919013,0.43333333333333335,0.07054696757394348,1.0,-1.666517980554881,-0.13084912300109863,1.5356688575537825,-1.5356688575537825
CHEMBL239_EC50,morgan,mlp,crem_mean,42,label_permuted,115,test,1393,1394,0.25202264252489137,0.19230769230769232,0.07393279550700835,0.8846153846153846,1.034762106259212,0.29200077056884766,0.7427613356903644,-0.7427613356903644
CHEMBL239_EC50,morgan,mlp,crem_mean,42,label_permuted,118,test,1464,1467,0.3224916109531494,0.16883116883116883,0.18487271942800784,0.935064935064935,-2.740362689494244,0.28203892707824707,3.022401616572491,-3.022401616572491
CHEMBL239_EC50,morgan,mlp,crem_mean,42,label_permuted,124,test,1559,1563,0.30185185185185187,0.13793103448275862,0.19014814814814818,0.9137931034482759,1.607639868708799,0.0023267269134521484,1.6053131417953468,-1.6053131417953468
CHEMBL239_EC50,morgan,mlp,crem_mean,42,label_permuted,126,test,1623,1624,0.14583333333333334,0.07272727272727272,0.07883986928104576,0.8181818181818182,1.6823707425165568,0.06577825546264648,1.6165924870539103,-1.6165924870539103
CHEMBL239_EC50,morgan,mlp,crem_mean,42,label_permuted,127,test,1641,1656,0.09199134199134198,0.07272727272727272,0.020774976657329598,1.0,-1.047424649928138,0.015315055847167969,1.062739705775306,-1.062739705775306
CHEMBL239_EC50,morgan,mlp,crem_lime,42,label_permuted,1,test,1,33,0.2769121456840755,0.2542372881355932,0.030404922621828548,1.0,2.513097461879629,-0.006844520568847656,2.5199419824484766,-2.5199419824484766
CHEMBL239_EC50,morgan,mlp,crem_lime,42,label_permuted,2,test,21,34,0.36478537902928154,0.2631578947368421,0.1379230143968821,1.0,-1.576252727721677,-0.15486907958984375,1.4213836481318332,-1.4213836481318332
CHEMBL239_EC50,morgan,mlp,crem_lime,42,label_permuted,7,test,62,64,0.08275619369369369,0.05555555555555555,0.028800675675675676,1.0,-1.5328392767509351,0.052817583084106445,1.5856568598350416,-1.5856568598350416
CHEMBL239_EC50,morgan,mlp,crem_lime,42,label_permuted,14,test,141,143,1.0,0.05970149253731343,1.0,1.0,-1.486881092008819,0.20138001441955566,1.6882611064283746,-1.6882611064283746
CHEMBL239_EC50,morgan,mlp,crem_lime,42,label_permuted,16,test,150,156,0.6265737869096077,0.373134328358209,0.40429627911770755,0.835820895522388,-1.01424043911461,0.08344602584838867,1.0976864649629987,-1.0976864649629987
CHEMBL239_EC50,morgan,mlp,crem_lime,42,label_permuted,18,test,168,171,0.4577410813823857,0.1095890410958904,0.39100152216791006,1.0,-1.6627578316815739,0.14536023139953613,1.80811806308111,-1.80811806308111
CHEMBL239_EC50,morgan,mlp,crem_lime,42,label_permuted,22,test,190,193,0.3251005661005661,0.16666666666666666,0.1901206793206793,1.0,1.334888262924949,-0.02498912811279297,1.359877391037742,-1.359877391037742
CHEMBL239_EC50,morgan,mlp,crem_lime,42,label_permuted,24,test,198,199,0.923205384739765,0.27586206896551724,0.8939502932120564,1.0,-1.0299632233774436,0.14022564888000488,1.1701888722574485,-1.1701888722574485
CHEMBL239_EC50,morgan,mlp,crem_lime,42,label_permuted,25,test,203,215,0.7287394134565388,0.3230769230769231,0.5992741335153413,0.9846153846153847,1.4471580313422194,-0.07756638526916504,1.5247244166113845,-1.5247244166113845
CHEMBL239_EC50,morgan,mlp,crem_lime,42,label_permuted,26,test,210,270,0.5804331819882067,0.5384615384615384,0.09093856097444791,0.9846153846153847,1.5118833609788744,0.012044668197631836,1.4998386927812426,-1.4998386927812426
CHEMBL239_EC50,morgan,mlp,crem_lime,42,label_permuted,29,test,265,1411,0.4071721511059746,0.3,0.15310307300853518,1.0,-1.2674291939120836,-0.3238852024078369,0.9435439915042467,-0.9435439915042467
CHEMBL239_EC50,morgan,mlp,crem_lime,42,label_permuted,30,test,266,1315,0.3638843751031068,0.3181818181818182,0.06703041681788995,1.0,1.2922560713564755,-0.21445035934448242,1.5067064307009579,-1.5067064307009579
CHEMBL239_EC50,morgan,mlp,crem_lime,42,label_permuted,35,test,309,311,0.20157580516632032,0.2777777777777778,-0.1055104236158642,1.0,-1.3047578681832246,0.12634658813476562,1.4311044563179902,-1.4311044563179902
CHEMBL239_EC50,morgan,mlp,crem_lime,42,label_permuted,37,test,358,359,0.5222528653230776,0.1388888888888889,0.4451968758590578,1.0,-1.1892094895823062,-0.07630777359008789,1.1129017159922183,-1.1129017159922183
CHEMBL239_EC50,morgan,mlp,crem_lime,42,label_permuted,38,test,363,430,0.27811828392144516,0.3076923076923077,-0.042718034335690346,1.0,-1.888425224949682,-0.017971515655517578,1.8704537092941644,-1.8704537092941644
CHEMBL239_EC50,morgan,mlp,crem_lime,42,label_permuted,40,test,371,372,0.12043859649122807,0.07575757575757576,0.04834339948231234,1.0,-1.4393326938302626,-0.10680723190307617,1.3325254619271865,-1.3325254619271865
CHEMBL239_EC50,morgan,mlp,crem_lime,42,label_permuted,48,test,457,460,0.2424789644938189,0.22666666666666666,0.020446936845455482,1.0,-1.1677391846909155,-0.019331932067871094,1.1484072526230444,-1.1484072526230444
CHEMBL239_EC50,morgan,mlp,crem_lime,42,label_permuted,52,test,500,526,0.2675541210345964,0.2923076923076923,-0.034977872451113785,0.9538461538461539,-1.7703259128716877,0.14269137382507324,1.913017286696761,-1.913017286696761
CHEMBL239_EC50,morgan,mlp,crem_lime,42,label_permuted,57,test,580,833,0.739908128887731,0.5625,0.4055042946005281,1.0,-1.2487021153086655,0.44841790199279785,1.6971200173014633,-1.6971200173014633
CHEMBL239_EC50,morgan,mlp,crem_lime,42,label_permuted,66,test,793,798,0.27462461846279473,0.36363636363636365,-0.13987559955846543,1.0,1.4771212547196626,-0.08380794525146484,1.5609291999711274,-1.5609291999711274
CHEMBL239_EC50,morgan,mlp,crem_lime,42,label_permuted,68,test,802,803,0.11658960684822753,0.07894736842105263,0.040868716006647036,1.0,-1.698970004336019,0.034653663635253906,1.7336236679712729,-1.7336236679712729
CHEMBL239_EC50,morgan,mlp,crem_lime,42,label_permuted,74,test,845,861,0.1510950204741689,0.17073170731707318,-0.023679534134090467,1.0,1.662757831681574,-0.35160255432128906,2.0143603860028634,-2.0143603860028634
CHEMBL239_EC50,morgan,mlp,crem_lime,42,label_permuted,75,test,846,849,0.4054033844048237,0.1891891891891892,0.26666417409928256,1.0,1.3521825181113623,-0.2803835868835449,1.6325661049949072,-1.6325661049949072
CHEMBL239_EC50,morgan,mlp,crem_lime,42,label_permuted,85,test,1037,1046,0.5552044252044253,0.14285714285714285,0.4810718294051628,1.0,-1.3644169745283738,-0.014287471771240234,1.3501295027571336,-1.3501295027571336
CHEMBL239_EC50,morgan,mlp,crem_lime,42,label_permuted,91,test,1077,1083,0.2649366693769585,0.3076923076923077,-0.06175814423328223,0.9615384615384616,1.1167442579930285,0.017760038375854492,1.098984219617174,-1.098984219617174
CHEMBL239_EC50,morgan,mlp,crem_lime,42,label_permuted,102,test,1198,1201,0.08666792977137805,0.05333333333333334,0.03521260187117399,1.0,1.33059822630669,0.14392733573913574,1.1866708905675543,-1.1866708905675543
CHEMBL239_EC50,morgan,mlp,crem_lime,42,label_permuted,107,test,1272,1278,0.28981732461213533,0.3333333333333333,-0.06527401308179696,1.0,1.640481436970422,-0.09307312965393066,1.7335545666243526,-1.7335545666243526
CHEMBL239_EC50,morgan,mlp,crem_lime,42,label_permuted,114,test,1379,1715,0.5753129314197507,0.43333333333333335,0.2505522319172071,1.0,-1.666517980554881,-0.13084912300109863,1.5356688575537825,-1.5356688575537825
CHEMBL239_EC50,morgan,mlp,crem_lime,42,label_permuted,115,test,1393,1394,0.48479117531749105,0.19230769230769232,0.3621224075359413,1.0,1.034762106259212,0.29200077056884766,0.7427613356903644,-0.7427613356903644
CHEMBL239_EC50,morgan,mlp,crem_lime,42,label_permuted,118,test,1464,1467,0.38729961519043404,0.16883116883116883,0.26284484952599096,0.987012987012987,-2.740362689494244,0.28203892707824707,3.022401616572491,-3.022401616572491
CHEMBL239_EC50,morgan,mlp,crem_lime,42,label_permuted,124,test,1559,1563,0.2913002193884547,0.13793103448275862,0.17790825449060746,1.0,1.607639868708799,0.0023267269134521484,1.6053131417953468,-1.6053131417953468
CHEMBL239_EC50,morgan,mlp,crem_lime,42,label_permuted,126,test,1623,1624,0.18113912231559287,0.07272727272727272,0.11691473975210996,1.0,1.6823707425165568,0.06577825546264648,1.6165924870539103,-1.6165924870539103
CHEMBL239_EC50,morgan,mlp,crem_lime,42,label_permuted,127,test,1641,1656,0.05957873418093737,0.07272727272727272,-0.014179796471538126,1.0,-1.047424649928138,0.015315055847167969,1.062739705775306,-1.062739705775306
CHEMBL2835_Ki,morgan,xgboost,crem_mean,42,trained,2,test,10,17,0.4055555555555555,0.08888888888888889,0.347560975609756,0.3333333333333333,-1.5006023505691852,0.4783881902694702,1.9789905408386554,-1.9789905408386554
CHEMBL2835_Ki,morgan,xgboost,crem_mean,42,trained,7,test,52,56,0.3973374210330732,0.32,0.11373150151922526,0.52,1.1249387366083,0.005226850509643555,1.1197118860986564,-1.1197118860986564
CHEMBL2835_Ki,morgan,xgboost,crem_mean,42,trained,8,test,70,76,0.3783360566448802,0.2222222222222222,0.20071778711484595,0.5555555555555556,-1.1710704576806306,-0.09754157066345215,1.0735288870171784,-1.0735288870171784
CHEMBL2835_Ki,morgan,xgboost,crem_mean,42,trained,13,test,145,156,0.7695078031212486,0.3469387755102041,0.6470588235294118,0.4489795918367347,-2.278753600952829,0.717676043510437,2.996429644463266,-2.996429644463266
CHEMBL2835_Ki,morgan,xgboost,crem_mean,42,trained,18,test,404,445,0.17401742618943145,0.13157894736842105,0.048868551369648336,0.7631578947368421,-1.0142404391146103,0.06379944086074829,1.0780398799753586,-1.0780398799753586
CHEMBL2835_Ki,morgan,xgboost,crem_lime,42,trained,2,test,10,17,0.5833333333333333,0.08888888888888889,0.5426829268292682,0.6666666666666666,-1.5006023505691852,0.4783881902694702,1.9789905408386554,-1.9789905408386554
CHEMBL2835_Ki,morgan,xgboost,crem_lime,42,trained,7,test,52,56,0.33647599505038506,0.32,0.024229404485860372,0.84,1.1249387366083,0.005226850509643555,1.1197118860986564,-1.1197118860986564
CHEMBL2835_Ki,morgan,xgboost,crem_lime,42,trained,8,test,70,76,0.1901452816142809,0.2222222222222222,-0.04124178078163882,0.8888888888888888,-1.1710704576806306,-0.09754157066345215,1.0735288870171784,-1.0735288870171784
CHEMBL2835_Ki,morgan,xgboost,crem_lime,42,trained,13,test,145,156,0.727031848057341,0.3469387755102041,0.5820175173378034,0.9183673469387755,-2.278753600952829,0.717676043510437,2.996429644463266,-2.996429644463266
CHEMBL2835_Ki,morgan,xgboost,crem_lime,42,trained,18,test,404,445,0.07799760804591407,0.13157894736842105,-0.06169972406834136,0.9736842105263158,-1.0142404391146103,0.06379944086074829,1.0780398799753586,-1.0780398799753586
CHEMBL2835_Ki,morgan,xgboost,crem_mean,42,label_permuted,2,test,10,17,0.14365079365079364,0.08888888888888889,0.060104529616724724,0.3333333333333333,-1.5006023505691852,-0.06371918320655823,1.436883167362627,-1.436883167362627
CHEMBL2835_Ki,morgan,xgboost,crem_mean,42,label_permuted,7,test,52,56,0.4537154585180901,0.32,0.1966403801736619,0.52,1.1249387366083,0.11500215530395508,1.0099365813043448,-1.0099365813043448
CHEMBL2835_Ki,morgan,xgboost,crem_mean,42,label_permuted,8,test,70,76,0.669585346215781,0.2222222222222222,0.5751811594202899,0.5555555555555556,-1.1710704576806306,-0.01792868971824646,1.153141767962384,-1.153141767962384
CHEMBL2835_Ki,morgan,xgboost,crem_mean,42,label_permuted,13,test,145,156,0.46068427370948384,0.3469387755102041,0.1741727941176471,0.4489795918367347,-2.278753600952829,0.12230241298675537,2.4010560139395842,-2.4010560139395842
CHEMBL2835_Ki,morgan,xgboost,crem_mean,42,label_permuted,18,test,404,445,0.39739374498797114,0.13157894736842105,0.3060897669558455,0.7631578947368421,-1.0142404391146103,-0.007366299629211426,1.0068741394853988,-1.0068741394853988
CHEMBL2835_Ki,morgan,xgboost,crem_lime,42,label_permuted,2,test,10,17,0.11044254658385093,0.08888888888888889,0.02365645356764126,0.6666666666666666,-1.5006023505691852,-0.06371918320655823,1.436883167362627,-1.436883167362627
CHEMBL2835_Ki,morgan,xgboost,crem_lime,42,label_permuted,7,test,52,56,0.29019606810268983,0.32,-0.04382931161369144,0.84,1.1249387366083,0.11500215530395508,1.0099365813043448,-1.0099365813043448
CHEMBL2835_Ki,morgan,xgboost,crem_lime,42,label_permuted,8,test,70,76,0.19663805737909407,0.2222222222222222,-0.03289392622687904,0.8888888888888888,-1.1710704576806306,-0.01792868971824646,1.153141767962384,-1.153141767962384
CHEMBL2835_Ki,morgan,xgboost,crem_lime,42,label_permuted,13,test,145,156,0.2738139923508056,0.3469387755102041,-0.11197232421282889,0.9183673469387755,-2.278753600952829,0.12230241298675537,2.4010560139395842,-2.4010560139395842
CHEMBL2835_Ki,morgan,xgboost,crem_lime,42,label_permuted,18,test,404,445,0.16199084286584708,0.13157894736842105,0.0350197584515815,0.9736842105263158,-1.0142404391146103,-0.007366299629211426,1.0068741394853988,-1.0068741394853988
CHEMBL2835_Ki,morgan,mlp,crem_mean,42,trained,2,test,10,17,0.2246031746031746,0.08888888888888889,0.14895470383275264,0.3333333333333333,-1.5006023505691852,0.3896782845258713,1.8902806350950565,-1.8902806350950565
CHEMBL2835_Ki,morgan,mlp,crem_mean,42,trained,7,test,52,56,0.7098484848484847,0.32,0.5733065953654187,0.52,1.1249387366083,0.2927235960960388,0.8322151405122611,-0.8322151405122611
CHEMBL2835_Ki,morgan,mlp,crem_mean,42,trained,8,test,70,76,0.7453703703703705,0.2222222222222222,0.6726190476190478,0.5555555555555556,-1.1710704576806306,-0.7331399321556091,0.43793052552502143,-0.43793052552502143
CHEMBL2835_Ki,morgan,mlp,crem_mean,42,trained,13,test,145,156,0.5245251041593108,0.3469387755102041,0.27192906574394454,0.4489795918367347,-2.278753600952829,0.17614519596099854,2.4548987969138274,-2.4548987969138274
CHEMBL2835_Ki,morgan,mlp,crem_mean,42,trained,18,test,404,445,0.3796527268280753,0.13157894736842105,0.28566071574142005,0.7631578947368421,-1.0142404391146103,-0.3646499365568161,0.6495905025577942,-0.6495905025577942
CHEMBL2835_Ki,morgan,mlp,crem_lime,42,trained,2,test,10,17,1.0,0.08888888888888889,1.0,0.6666666666666666,-1.5006023505691852,0.3896782845258713,1.8902806350950565,-1.8902806350950565
CHEMBL2835_Ki,morgan,mlp,crem_lime,42,trained,7,test,52,56,0.6079471643729956,0.32,0.4234517123132288,0.84,1.1249387366083,0.2927235960960388,0.8322151405122611,-0.8322151405122611
CHEMBL2835_Ki,morgan,mlp,crem_lime,42,trained,8,test,70,76,0.7914361872695206,0.2222222222222222,0.7318465264893836,0.8888888888888888,-1.1710704576806306,-0.7331399321556091,0.43793052552502143,-0.43793052552502143
CHEMBL2835_Ki,morgan,mlp,crem_lime,42,trained,13,test,145,156,0.3212399203623576,0.3469387755102041,-0.039351371945139914,0.9183673469387755,-2.278753600952829,0.17614519596099854,2.4548987969138274,-2.4548987969138274
CHEMBL2835_Ki,morgan,mlp,crem_lime,42,trained,18,test,404,445,0.20613690873124835,0.13157894736842105,0.08585462217537689,0.9736842105263158,-1.0142404391146103,-0.3646499365568161,0.6495905025577942,-0.6495905025577942
CHEMBL2835_Ki,morgan,mlp,crem_mean,42,label_permuted,2,test,10,17,0.14914529914529917,0.08888888888888889,0.06613508442776737,0.3333333333333333,-1.5006023505691852,-0.12922053039073944,1.3713818201784458,-1.3713818201784458
CHEMBL2835_Ki,morgan,mlp,crem_mean,42,label_permuted,7,test,52,56,0.45702857997265894,0.32,0.2015126176068514,0.52,1.1249387366083,-0.7736752033233643,1.8986139399316642,-1.8986139399316642
CHEMBL2835_Ki,morgan,mlp,crem_mean,42,label_permuted,8,test,70,76,0.8287037037037037,0.2222222222222222,0.7797619047619048,0.5555555555555556,-1.1710704576806306,0.26958292722702026,1.4406533849076508,-1.4406533849076508
CHEMBL2835_Ki,morgan,mlp,crem_mean,42,label_permuted,13,test,145,156,0.42044510111737,0.3469387755102041,0.1125565610859728,0.4489795918367347,-2.278753600952829,0.06981569528579712,2.348569296238626,-2.348569296238626
CHEMBL2835_Ki,morgan,mlp,crem_mean,42,label_permuted,18,test,404,445,0.6821428571428572,0.13157894736842105,0.633982683982684,0.7631578947368421,-1.0142404391146103,-0.09446260333061218,0.9197778357839981,-0.9197778357839981
CHEMBL2835_Ki,morgan,mlp,crem_lime,42,label_permuted,2,test,10,17,0.32007575757575757,0.08888888888888889,0.25374168514412415,0.6666666666666666,-1.5006023505691852,-0.12922053039073944,1.3713818201784458,-1.3713818201784458
CHEMBL2835_Ki,morgan,mlp,crem_lime,42,label_permuted,7,test,52,56,0.33263513676150347,0.32,0.01858108347279921,0.84,1.1249387366083,-0.7736752033233643,1.8986139399316642,-1.8986139399316642
CHEMBL2835_Ki,morgan,mlp,crem_lime,42,label_permuted,8,test,70,76,0.7517063492063492,0.2222222222222222,0.6807653061224489,0.8888888888888888,-1.1710704576806306,0.26958292722702026,1.4406533849076508,-1.4406533849076508
CHEMBL2835_Ki,morgan,mlp,crem_lime,42,label_permuted,13,test,145,156,0.3670100018316914,0.3469387755102041,0.03073406530477748,0.9183673469387755,-2.278753600952829,0.06981569528579712,2.348569296238626,-2.348569296238626
CHEMBL2835_Ki,morgan,mlp,crem_lime,42,label_permuted,18,test,404,445,0.5497740367049829,0.13157894736842105,0.4815579816602834,0.9736842105263158,-1.0142404391146103,-0.09446260333061218,0.9197778357839981,-0.9197778357839981
CHEMBL2147_Ki,morgan,xgboost,crem_mean,42,trained,5,test,380,534,0.902377461248429,0.8857142857142857,0.14580278592375395,0.34285714285714286,1.799999969383821,-2.3016079664230347,4.101607935806856,-4.101607935806856
CHEMBL2147_Ki,morgan,xgboost,crem_mean,42,trained,6,test,131,270,0.21678390205846115,0.20689655172413793,0.012466659117190153,0.6896551724137931,-1.5000381344038098,-0.019263267517089844,1.48077486688672,-1.48077486688672
CHEMBL2147_Ki,morgan,xgboost,crem_mean,42,trained,7,test,137,605,0.09206349206349206,0.07272727272727272,0.020852785558667906,0.6727272727272727,-1.2999889376778877,0.003913521766662598,1.3039024594445503,-1.3039024594445503
CHEMBL2147_Ki,morgan,xgboost,crem_mean,42,trained,8,test,152,581,0.831107691361493,0.5918367346938775,0.5862138438356578,0.8775510204081632,-1.0999976307103823,0.4453437328338623,1.5453413635442446,-1.5453413635442446
CHEMBL2147_Ki,morgan,xgboost,crem_mean,42,trained,13,test,191,348,0.84,0.84,0.0,0.0,-1.1000002181240478,-0.19696497917175293,0.9030352389522949,-0.9030352389522949
CHEMBL2147_Ki,morgan,xgboost,crem_mean,42,trained,15,test,378,630,0.8070933695933695,0.4230769230769231,0.6656285072951739,0.6538461538461539,-1.1999706407558657,-0.27703404426574707,0.9229365964901186,-0.9229365964901186
CHEMBL2147_Ki,morgan,xgboost,crem_mean,42,trained,18,test,445,541,0.08472720031859818,0.06382978723404255,0.02232223670395715,0.6595744680851063,-1.1000078916521123,-0.10116291046142578,0.9988449811906865,-0.9988449811906865
CHEMBL2147_Ki,morgan,xgboost,crem_mean,42,trained,36,test,826,834,0.34074704350841245,0.36363636363636365,-0.035968931629637595,0.8939393939393939,-1.272035099291717,0.4213392734527588,1.6933743727444759,-1.6933743727444759
CHEMBL2147_Ki,morgan,xgboost,crem_mean,42,trained,39,test,888,922,0.3829970842165964,0.2,0.22874635527074547,0.7,1.567857486051955,0.18564152717590332,1.3822159588760516,-1.3822159588760516
CHEMBL2147_Ki,morgan,xgboost,crem_mean,42,trained,42,test,1070,1079,0.2456908162080576,0.23333333333333334,0.016118455923553394,0.5,1.0240324809554777,-0.035233497619628906,1.0592659785751066,-1.0592659785751066
CHEMBL2147_Ki,morgan,xgboost,crem_mean,42,trained,44,test,1146,1149,0.19740505514462423,0.189873417721519,0.009296864944145512,1.0,1.0053950318867062,0.3590989112854004,0.6462961206013058,-0.6462961206013058
CHEMBL2147_Ki,morgan,xgboost,crem_mean,42,trained,48,test,1227,1249,0.24145877750560416,0.3125,-0.10333268726457577,1.0,1.045881556975432,-0.1772668957710266,1.2231484527464587,-1.2231484527464587
CHEMBL2147_Ki,morgan,xgboost,crem_mean,42,trained,51,test,1353,1354,0.3097871321177865,0.19402985074626866,0.14362477503503143,0.44776119402985076,-1.1050089793111104,-0.007125914096832275,1.0978830652142781,-1.0978830652142781
CHEMBL2147_Ki,morgan,xgboost,crem_mean,42,trained,52,test,1447,1449,0.6154141143636942,0.1836734693877551,0.5288822900955255,0.3877551020408163,-1.4771212547196624,0.008222728967666626,1.485343983687329,-1.485343983687329
CHEMBL2147_Ki,morgan,xgboost,crem_lime,42,trained,5,test,380,534,0.859601429508051,0.8857142857142857,-0.22848749180455366,0.8,1.799999969383821,-2.3016079664230347,4.101607935806856,-4.101607935806856
CHEMBL2147_Ki,morgan,xgboost,crem_lime,42,trained,6,test,131,270,0.3285367454591651,0.20689655172413793,0.15337241818764297,0.9310344827586207,-1.5000381344038098,-0.019263267517089844,1.48077486688672,-1.48077486688672
CHEMBL2147_Ki,morgan,xgboost,crem_lime,42,trained,7,test,137,605,0.055252308890619786,0.07272727272727272,-0.01884554923560611,1.0,-1.2999889376778877,0.003913521766662598,1.3039024594445503,-1.3039024594445503
CHEMBL2147_Ki,morgan,xgboost,crem_lime,42,trained,8,test,152,581,0.8488932985246568,0.5918367346938775,0.6297885813854092,0.9795918367346939,-1.0999976307103823,0.4453437328338623,1.5453413635442446,-1.5453413635442446
CHEMBL2147_Ki,morgan,xgboost,crem_lime,42,trained,13,test,191,348,0.84,0.84,0.0,0.0,-1.1000002181240478,-0.19696497917175293,0.9030352389522949,-0.9030352389522949
CHEMBL2147_Ki,morgan,xgboost,crem_lime,42,trained,15,test,378,630,0.8522893072333985,0.4230769230769231,0.7439681325378907,0.9230769230769231,-1.1999706407558657,-0.27703404426574707,0.9229365964901186,-0.9229365964901186
CHEMBL2147_Ki,morgan,xgboost,crem_lime,42,trained,18,test,445,541,0.06008403361344537,0.06382978723404255,-0.004001145912910619,0.9787234042553191,-1.1000078916521123,-0.10116291046142578,0.9988449811906865,-0.9988449811906865
CHEMBL2147_Ki,morgan,xgboost,crem_lime,42,trained,36,test,826,834,0.27354416197115544,0.36363636363636365,-0.14157345975961289,1.0,-1.272035099291717,0.4213392734527588,1.6933743727444759,-1.6933743727444759
CHEMBL2147_Ki,morgan,xgboost,crem_lime,42,trained,39,test,888,922,0.17043432085078525,0.2,-0.036957098936518454,1.0,1.567857486051955,0.18564152717590332,1.3822159588760516,-1.3822159588760516
CHEMBL2147_Ki,morgan,xgboost,crem_lime,42,trained,42,test,1070,1079,0.17977777371418105,0.23333333333333334,-0.06985507776411168,0.8833333333333333,1.0240324809554777,-0.035233497619628906,1.0592659785751066,-1.0592659785751066
CHEMBL2147_Ki,morgan,xgboost,crem_lime,42,trained,44,test,1146,1149,0.11741346293070237,0.189873417721519,-0.08944275669491428,1.0,1.0053950318867062,0.3590989112854004,0.6462961206013058,-0.6462961206013058
CHEMBL2147_Ki,morgan,xgboost,crem_lime,42,trained,48,test,1227,1249,0.2521795674758937,0.3125,-0.0877388109441546,1.0,1.045881556975432,-0.1772668957710266,1.2231484527464587,-1.2231484527464587
CHEMBL2147_Ki,morgan,xgboost,crem_lime,42,trained,51,test,1353,1354,0.21264840161096688,0.19402985074626866,0.02310079459138482,0.9402985074626866,-1.1050089793111104,-0.007125914096832275,1.0978830652142781,-1.0978830652142781
CHEMBL2147_Ki,morgan,xgboost,crem_lime,42,trained,52,test,1447,1449,0.16135075694670897,0.1836734693877551,-0.02734532274028152,0.8775510204081632,-1.4771212547196624,0.008222728967666626,1.485343983687329,-1.485343983687329
CHEMBL2147_Ki,morgan,xgboost,crem_mean,42,label_permuted,5,test,380,534,0.9078341013824884,0.8857142857142857,0.19354838709677408,0.34285714285714286,1.799999969383821,0.0399014949798584,1.7600984744039625,-1.7600984744039625
CHEMBL2147_Ki,morgan,xgboost,crem_mean,42,label_permuted,6,test,131,270,0.276580459770115,0.20689655172413793,0.08786231884057975,0.6896551724137931,-1.5000381344038098,0.0,1.5000381344038098,-1.5000381344038098
CHEMBL2147_Ki,morgan,xgboost,crem_mean,42,label_permuted,7,test,137,605,0.0907624633431085,0.07272727272727272,0.019449715370018977,0.6727272727272727,-1.2999889376778877,-0.09362924098968506,1.2063596966882026,-1.2063596966882026
CHEMBL2147_Ki,morgan,xgboost,crem_mean,42,label_permuted,8,test,152,581,0.5740810913224706,0.5918367346938775,-0.04350132625994688,0.8775510204081632,-1.0999976307103823,0.0,1.0999976307103823,-1.0999976307103823
CHEMBL2147_Ki,morgan,xgboost,crem_mean,42,label_permuted,13,test,191,348,0.84,0.84,0.0,0.0,-1.1000002181240478,0.0,1.1000002181240478,-1.1000002181240478
CHEMBL2147_Ki,morgan,xgboost,crem_mean,42,label_permuted,15,test,378,630,0.6066433566433567,0.4230769230769231,0.3181818181818183,0.6538461538461539,-1.1999706407558657,-0.05267143249511719,1.1472992082607485,-1.1472992082607485
CHEMBL2147_Ki,morgan,xgboost,crem_mean,42,label_permuted,18,test,445,541,0.06382978723404255,0.06382978723404255,0.0,0.6595744680851063,-1.1000078916521123,0.0,1.1000078916521123,-1.1000078916521123
CHEMBL2147_Ki,morgan,xgboost,crem_mean,42,label_permuted,36,test,826,834,0.3426357911412259,0.36363636363636365,-0.03300089963521648,0.8939393939393939,-1.272035099291717,0.23547577857971191,1.507510877871429,-1.507510877871429
CHEMBL2147_Ki,morgan,xgboost,crem_mean,42,label_permuted,39,test,888,922,0.33527016660240344,0.2,0.1690877082530043,0.7,1.567857486051955,0.011953115463256836,1.5559043705886981,-1.5559043705886981
CHEMBL2147_Ki,morgan,xgboost,crem_mean,42,label_permuted,42,test,1070,1079,0.221978021978022,0.23333333333333334,-0.014811275680840882,0.5,1.0240324809554777,0.0,1.0240324809554777,-1.0240324809554777
CHEMBL2147_Ki,morgan,xgboost,crem_mean,42,label_permuted,44,test,1146,1149,0.3286941322272606,0.189873417721519,0.17135681946802483,1.0,1.0053950318867062,0.0,1.0053950318867062,-1.0053950318867062
CHEMBL2147_Ki,morgan,xgboost,crem_mean,42,label_permuted,48,test,1227,1249,0.770249323867478,0.3125,0.6658171983526953,1.0,1.045881556975432,0.1981513500213623,0.8477302069540698,-0.8477302069540698
CHEMBL2147_Ki,morgan,xgboost,crem_mean,42,label_permuted,51,test,1353,1354,0.4399158055874474,0.19402985074626866,0.3050807217473885,0.44776119402985076,-1.1050089793111104,0.0,1.1050089793111104,-1.1050089793111104
CHEMBL2147_Ki,morgan,xgboost,crem_mean,42,label_permuted,52,test,1447,1449,0.42796674225245657,0.1836734693877551,0.2992592592592593,0.3877551020408163,-1.4771212547196624,0.0,1.4771212547196624,-1.4771212547196624
CHEMBL2147_Ki,morgan,xgboost,crem_lime,42,label_permuted,5,test,380,534,0.9142452266266308,0.8857142857142857,0.24964573298301948,0.8,1.799999969383821,0.0399014949798584,1.7600984744039625,-1.7600984744039625
CHEMBL2147_Ki,morgan,xgboost,crem_lime,42,label_permuted,6,test,131,270,0.5553324895716201,0.20689655172413793,0.4393322694598688,0.9310344827586207,-1.5000381344038098,0.0,1.5000381344038098,-1.5000381344038098
CHEMBL2147_Ki,morgan,xgboost,crem_lime,42,label_permuted,7,test,137,605,0.07762959946610562,0.07272727272727272,0.00528682295364332,1.0,-1.2999889376778877,-0.09362924098968506,1.2063596966882026,-1.2063596966882026
CHEMBL2147_Ki,morgan,xgboost,crem_lime,42,label_permuted,8,test,152,581,0.5841679111485186,0.5918367346938775,-0.018788617686129345,0.9795918367346939,-1.0999976307103823,0.0,1.0999976307103823,-1.0999976307103823
CHEMBL2147_Ki,morgan,xgboost,crem_lime,42,label_permuted,13,test,191,348,0.84,0.84,0.0,0.0,-1.1000002181240478,0.0,1.1000002181240478,-1.1000002181240478
CHEMBL2147_Ki,morgan,xgboost,crem_lime,42,label_permuted,15,test,378,630,0.4945044816530199,0.4230769230769231,0.12380776819856787,0.9230769230769231,-1.1999706407558657,-0.05267143249511719,1.1472992082607485,-1.1472992082607485
CHEMBL2147_Ki,morgan,xgboost,crem_lime,42,label_permuted,18,test,445,541,0.06788003663003662,0.06382978723404255,0.004326402763902764,0.9787234042553191,-1.1000078916521123,0.0,1.1000078916521123,-1.1000078916521123
CHEMBL2147_Ki,morgan,xgboost,crem_lime,42,label_permuted,36,test,826,834,0.3167653293487301,0.36363636363636365,-0.0736544824519956,1.0,-1.272035099291717,0.23547577857971191,1.507510877871429,-1.507510877871429
CHEMBL2147_Ki,morgan,xgboost,crem_lime,42,label_permuted,39,test,888,922,0.38128115823384584,0.2,0.2266014477923073,1.0,1.567857486051955,0.011953115463256836,1.5559043705886981,-1.5559043705886981
CHEMBL2147_Ki,morgan,xgboost,crem_lime,42,label_permuted,42,test,1070,1079,0.2932032440693131,0.23333333333333334,0.07809118791649533,0.8833333333333333,1.0240324809554777,0.0,1.0240324809554777,-1.0240324809554777
CHEMBL2147_Ki,morgan,xgboost,crem_lime,42,label_permuted,44,test,1146,1149,0.6339151079873854,0.189873417721519,0.5481139614219288,1.0,1.0053950318867062,0.0,1.0053950318867062,-1.0053950318867062
CHEMBL2147_Ki,morgan,xgboost,crem_lime,42,label_permuted,48,test,1227,1249,0.6409976214190503,0.3125,0.4778147220640731,1.0,1.045881556975432,0.1981513500213623,0.8477302069540698,-0.8477302069540698
CHEMBL2147_Ki,morgan,xgboost,crem_lime,42,label_permuted,51,test,1353,1354,0.5498945620977962,0.19402985074626866,0.4415358455657842,0.9402985074626866,-1.1050089793111104,0.0,1.1050089793111104,-1.1050089793111104
CHEMBL2147_Ki,morgan,xgboost,crem_lime,42,label_permuted,52,test,1447,1449,0.23023702120924344,0.1836734693877551,0.05704035098132321,0.8775510204081632,-1.4771212547196624,0.0,1.4771212547196624,-1.4771212547196624
CHEMBL2147_Ki,morgan,mlp,crem_mean,42,trained,5,test,380,534,0.8442396313364056,0.8857142857142857,-0.3629032258064509,0.34285714285714286,1.799999969383821,-0.5645484924316406,2.3645484618154615,-2.3645484618154615
CHEMBL2147_Ki,morgan,mlp,crem_mean,42,trained,6,test,131,270,0.2239152459740695,0.20689655172413793,0.021458353619478943,0.6896551724137931,-1.5000381344038098,-0.07345724105834961,1.4265808933454602,-1.4265808933454602
CHEMBL2147_Ki,morgan,mlp,crem_mean,42,trained,7,test,137,605,0.13486312399355876,0.07272727272727272,0.0670092513656026,0.6727272727272727,-1.2999889376778877,-0.5297250747680664,0.7702638629098213,-0.7702638629098213
CHEMBL2147_Ki,morgan,mlp,crem_mean,42,trained,8,test,152,581,0.6587618043970432,0.5918367346938775,0.16396642077275594,0.8775510204081632,-1.0999976307103823,0.07888913154602051,1.1788867622564028,-1.1788867622564028
CHEMBL2147_Ki,morgan,mlp,crem_mean,42,trained,13,test,191,348,0.84,0.84,0.0,0.0,-1.1000002181240478,-0.5381951332092285,0.5618050849148193,-0.5618050849148193
CHEMBL2147_Ki,morgan,mlp,crem_mean,42,trained,15,test,378,630,0.47582417582417585,0.4230769230769231,0.0914285714285715,0.6538461538461539,-1.1999706407558657,0.4244222640991211,1.6243929048549868,-1.6243929048549868
CHEMBL2147_Ki,morgan,mlp,crem_mean,42,trained,18,test,445,541,0.10873015873015873,0.06382978723404255,0.04796176046176047,0.6595744680851063,-1.1000078916521123,-0.04806327819824219,1.0519446134538701,-1.0519446134538701
CHEMBL2147_Ki,morgan,mlp,crem_mean,42,trained,36,test,826,834,0.384571430433448,0.36363636363636365,0.03289796210970397,0.8939393939393939,-1.272035099291717,0.12086284160614014,1.3928979408978572,-1.3928979408978572
CHEMBL2147_Ki,morgan,mlp,crem_mean,42,trained,39,test,888,922,0.5770833333333333,0.2,0.4713541666666666,0.7,1.567857486051955,1.4870508909225464,0.08080659512940858,-0.08080659512940858
CHEMBL2147_Ki,morgan,mlp,crem_mean,42,trained,42,test,1070,1079,0.22850046203040758,0.23333333333333334,-0.006303745177729248,0.5,1.0240324809554777,-0.5969467163085938,1.6209791972640715,-1.6209791972640715
CHEMBL2147_Ki,morgan,mlp,crem_mean,42,trained,44,test,1146,1149,0.1732982410990406,0.189873417721519,-0.020459983643371774,1.0,1.0053950318867062,0.994992733001709,0.010402298884997219,-0.010402298884997219
CHEMBL2147_Ki,morgan,mlp,crem_mean,42,trained,48,test,1227,1249,0.25944739467770717,0.3125,-0.07716742592333503,1.0,1.045881556975432,0.2649116516113281,0.7809699053641039,-0.7809699053641039
CHEMBL2147_Ki,morgan,mlp,crem_mean,42,trained,51,test,1353,1354,0.2386975379512693,0.19402985074626866,0.0554210193099082,0.44776119402985076,-1.1050089793111104,-0.47704803943634033,0.6279609398747701,-0.6279609398747701
CHEMBL2147_Ki,morgan,mlp,crem_mean,42,trained,52,test,1447,1449,0.6616595356091155,0.1836734693877551,0.5855329311211664,0.3877551020408163,-1.4771212547196624,-0.06207132339477539,1.415049931324887,-1.415049931324887
CHEMBL2147_Ki,morgan,mlp,crem_lime,42,trained,5,test,380,534,0.9177993220313204,0.8857142857142857,0.2807440677740539,0.8,1.799999969383821,-0.5645484924316406,2.3645484618154615,-2.3645484618154615
CHEMBL2147_Ki,morgan,mlp,crem_lime,42,trained,6,test,131,270,0.23713245320949727,0.20689655172413793,0.03812352795980091,0.9310344827586207,-1.5000381344038098,-0.07345724105834961,1.4265808933454602,-1.4265808933454602
CHEMBL2147_Ki,morgan,mlp,crem_lime,42,trained,7,test,137,605,0.0627023430341638,0.07272727272727272,-0.010811198688646875,1.0,-1.2999889376778877,-0.5297250747680664,0.7702638629098213,-0.7702638629098213
CHEMBL2147_Ki,morgan,mlp,crem_lime,42,trained,8,test,152,581,0.5706456409773585,0.5918367346938775,-0.051918179605471695,0.9795918367346939,-1.0999976307103823,0.07888913154602051,1.1788867622564028,-1.1788867622564028
CHEMBL2147_Ki,morgan,mlp,crem_lime,42,trained,13,test,191,348,0.84,0.84,0.0,0.0,-1.1000002181240478,-0.5381951332092285,0.5618050849148193,-0.5618050849148193
CHEMBL2147_Ki,morgan,mlp,crem_lime,42,trained,15,test,378,630,0.3773654081337893,0.4230769230769231,-0.0792332925680985,0.9230769230769231,-1.1999706407558657,0.4244222640991211,1.6243929048549868,-1.6243929048549868
CHEMBL2147_Ki,morgan,mlp,crem_lime,42,trained,18,test,445,541,0.06624271330153683,0.06382978723404255,0.0025774437539143485,0.9787234042553191,-1.1000078916521123,-0.04806327819824219,1.0519446134538701,-1.0519446134538701
CHEMBL2147_Ki,morgan,mlp,crem_lime,42,trained,36,test,826,834,0.48499815309650435,0.36363636363636365,0.19071138343736396,1.0,-1.272035099291717,0.12086284160614014,1.3928979408978572,-1.3928979408978572
CHEMBL2147_Ki,morgan,mlp,crem_lime,42,trained,39,test,888,922,0.8929649014778326,0.2,0.8662061268472906,1.0,1.567857486051955,1.4870508909225464,0.08080659512940858,-0.08080659512940858
CHEMBL2147_Ki,morgan,mlp,crem_lime,42,trained,42,test,1070,1079,0.18291415374259834,0.23333333333333334,-0.06576414729226304,0.8833333333333333,1.0240324809554777,-0.5969467163085938,1.6209791972640715,-1.6209791972640715
CHEMBL2147_Ki,morgan,mlp,crem_lime,42,trained,44,test,1146,1149,0.1553030567728589,0.189873417721519,-0.0426727892960023,1.0,1.0053950318867062,0.994992733001709,0.010402298884997219,-0.010402298884997219
CHEMBL2147_Ki,morgan,mlp,crem_lime,42,trained,48,test,1227,1249,0.19256935678196602,0.3125,-0.17444457195350396,1.0,1.045881556975432,0.2649116516113281,0.7809699053641039,-0.7809699053641039
CHEMBL2147_Ki,morgan,mlp,crem_lime,42,trained,51,test,1353,1354,0.17675694684359283,0.19402985074626866,-0.02143119558294964,0.9402985074626866,-1.1050089793111104,-0.47704803943634033,0.6279609398747701,-0.6279609398747701
CHEMBL2147_Ki,morgan,mlp,crem_lime,42,trained,52,test,1447,1449,0.30580671764882295,0.1836734693877551,0.1496132291198081,0.8775510204081632,-1.4771212547196624,-0.06207132339477539,1.415049931324887,-1.415049931324887
CHEMBL2147_Ki,morgan,mlp,crem_mean,42,label_permuted,5,test,380,534,0.8684331797235022,0.8857142857142857,-0.15120967741935534,0.34285714285714286,1.799999969383821,-0.6318492889404297,2.4318492583242506,-2.4318492583242506
CHEMBL2147_Ki,morgan,mlp,crem_mean,42,label_permuted,6,test,131,270,0.6898148148148149,0.20689655172413793,0.6088969404186797,0.6896551724137931,-1.5000381344038098,1.2839784622192383,2.784016596623048,-2.784016596623048
CHEMBL2147_Ki,morgan,mlp,crem_mean,42,label_permuted,7,test,137,605,0.09195402298850575,0.07272727272727272,0.02073473067387875,0.6727272727272727,-1.2999889376778877,-1.8663835525512695,0.5663946148733818,-0.5663946148733818
CHEMBL2147_Ki,morgan,mlp,crem_mean,42,label_permuted,8,test,152,581,0.6819701804975217,0.5918367346938775,0.22082694221892812,0.8775510204081632,-1.0999976307103823,-0.7504473924636841,0.3495502382466982,-0.3495502382466982
CHEMBL2147_Ki,morgan,mlp,crem_mean,42,label_permuted,13,test,191,348,0.84,0.84,0.0,0.0,-1.1000002181240478,-0.6206343173980713,0.4793659007259765,-0.4793659007259765
CHEMBL2147_Ki,morgan,mlp,crem_mean,42,label_permuted,15,test,378,630,0.6549561549561549,0.4230769230769231,0.40192400192400185,0.6538461538461539,-1.1999706407558657,-0.8241102695465088,0.3758603712093569,-0.3758603712093569
CHEMBL2147_Ki,morgan,mlp,crem_mean,42,label_permuted,18,test,445,541,0.10084078331204768,0.06382978723404255,0.03953447308332367,0.6595744680851063,-1.1000078916521123,0.33355021476745605,1.4335581064195684,-1.4335581064195684
CHEMBL2147_Ki,morgan,mlp,crem_mean,42,label_permuted,36,test,826,834,0.3346328783241972,0.36363636363636365,-0.045576905490547284,0.8939393939393939,-1.272035099291717,-2.3430498838424683,1.0710147845507512,-1.0710147845507512
CHEMBL2147_Ki,morgan,mlp,crem_mean,42,label_permuted,39,test,888,922,0.5317129629629629,0.2,0.41464120370370355,0.7,1.567857486051955,0.6054457426071167,0.9624117434448383,-0.9624117434448383
CHEMBL2147_Ki,morgan,mlp,crem_mean,42,label_permuted,42,test,1070,1079,0.582908163265306,0.23333333333333334,0.4559671694764862,0.5,1.0240324809554777,-1.590143084526062,2.6141755654815397,-2.6141755654815397
CHEMBL2147_Ki,morgan,mlp,crem_mean,42,label_permuted,44,test,1146,1149,0.3993389444891844,0.189873417721519,0.258559009603837,1.0,1.0053950318867062,0.992782473564148,0.012612558322558254,-0.012612558322558254
CHEMBL2147_Ki,morgan,mlp,crem_mean,42,label_permuted,48,test,1227,1249,0.6416754686064149,0.3125,0.47880068160933076,1.0,1.045881556975432,-0.5192429423332214,1.5651244993086535,-1.5651244993086535
CHEMBL2147_Ki,morgan,mlp,crem_mean,42,label_permuted,51,test,1353,1354,0.25893840819213954,0.19402985074626866,0.08053469164580275,0.44776119402985076,-1.1050089793111104,-2.87701952457428,1.7720105452631694,-1.7720105452631694
CHEMBL2147_Ki,morgan,mlp,crem_mean,42,label_permuted,52,test,1447,1449,0.7692113882590073,0.1836734693877551,0.7172839506172839,0.3877551020408163,-1.4771212547196624,0.692258358001709,2.1693796127213716,-2.1693796127213716
CHEMBL2147_Ki,morgan,mlp,crem_lime,42,label_permuted,5,test,380,534,0.8662171680422954,0.8857142857142857,-0.17059977962991463,0.8,1.799999969383821,-0.6318492889404297,2.4318492583242506,-2.4318492583242506
CHEMBL2147_Ki,morgan,mlp,crem_lime,42,label_permuted,6,test,131,270,0.954778043593833,0.20689655172413793,0.9429810114878764,0.9310344827586207,-1.5000381344038098,1.2839784622192383,2.784016596623048,-2.784016596623048
CHEMBL2147_Ki,morgan,mlp,crem_lime,42,label_permuted,7,test,137,605,0.046588052470405414,0.07272727272727272,-0.02818935517897455,1.0,-1.2999889376778877,-1.8663835525512695,0.5663946148733818,-0.5663946148733818
CHEMBL2147_Ki,morgan,mlp,crem_lime,42,label_permuted,8,test,152,581,0.7896022494663824,0.5918367346938775,0.48452551119263676,0.9795918367346939,-1.0999976307103823,-0.7504473924636841,0.3495502382466982,-0.3495502382466982
CHEMBL2147_Ki,morgan,mlp,crem_lime,42,label_permuted,13,test,191,348,0.84,0.84,0.0,0.0,-1.1000002181240478,-0.6206343173980713,0.4793659007259765,-0.4793659007259765
CHEMBL2147_Ki,morgan,mlp,crem_lime,42,label_permuted,15,test,378,630,0.3717624826322672,0.4230769230769231,-0.0889450301040702,0.9230769230769231,-1.1999706407558657,-0.8241102695465088,0.3758603712093569,-0.3758603712093569
CHEMBL2147_Ki,morgan,mlp,crem_lime,42,label_permuted,18,test,445,541,0.06118326118326119,0.06382978723404255,-0.0028269710087891814,0.9787234042553191,-1.1000078916521123,0.33355021476745605,1.4335581064195684,-1.4335581064195684
CHEMBL2147_Ki,morgan,mlp,crem_lime,42,label_permuted,36,test,826,834,0.4055879727541923,0.36363636363636365,0.06592395718515928,1.0,-1.272035099291717,-2.3430498838424683,1.0710147845507512,-1.0710147845507512
CHEMBL2147_Ki,morgan,mlp,crem_lime,42,label_permuted,39,test,888,922,0.4420944032915622,0.2,0.3026180041144527,1.0,1.567857486051955,0.6054457426071167,0.9624117434448383,-0.9624117434448383
CHEMBL2147_Ki,morgan,mlp,crem_lime,42,label_permuted,42,test,1070,1079,0.9117647058823528,0.23333333333333334,0.8849104859335036,0.8833333333333333,1.0240324809554777,-1.590143084526062,2.6141755654815397,-2.6141755654815397
CHEMBL2147_Ki,morgan,mlp,crem_lime,42,label_permuted,44,test,1146,1149,0.3555410814871414,0.189873417721519,0.20449602246069018,1.0,1.0053950318867062,0.992782473564148,0.012612558322558254,-0.012612558322558254
CHEMBL2147_Ki,morgan,mlp,crem_lime,42,label_permuted,48,test,1227,1249,0.5654885576622262,0.3125,0.3679833565996017,1.0,1.045881556975432,-0.5192429423332214,1.5651244993086535,-1.5651244993086535
CHEMBL2147_Ki,morgan,mlp,crem_lime,42,label_permuted,51,test,1353,1354,0.27825061831472564,0.19402985074626866,0.10449613753864107,0.9402985074626866,-1.1050089793111104,-2.87701952457428,1.7720105452631694,-1.7720105452631694
CHEMBL2147_Ki,morgan,mlp,crem_lime,42,label_permuted,52,test,1447,1449,0.83505291005291,0.1836734693877551,0.7979398148148148,0.8775510204081632,-1.4771212547196624,0.692258358001709,2.1693796127213716,-2.1693796127213716
CHEMBL287_Ki,morgan,xgboost,crem_mean,42,trained,2,test,4,735,0.4011257763975155,0.43478260869565216,-0.0595467032967033,0.34782608695652173,-1.4328779912079628,0.3533083200454712,1.786186311253434,-1.786186311253434
CHEMBL287_Ki,morgan,xgboost,crem_mean,42,trained,9,test,66,68,0.18518518518518517,0.18518518518518517,0.0,0.6296296296296297,-1.1242596207828128,0.22695660591125488,1.3512162266940677,-1.3512162266940677
CHEMBL287_Ki,morgan,xgboost,crem_mean,42,trained,12,test,109,767,0.7753892821031345,0.5348837209302325,0.5170869565217393,0.7441860465116279,-1.0042062748360236,-0.48488909006118774,0.5193171847748359,-0.5193171847748359
CHEMBL287_Ki,morgan,xgboost,crem_mean,42,trained,18,test,591,596,0.34805194805194806,0.3142857142857143,0.04924242424242426,0.2857142857142857,-1.3512475457762891,0.0,1.3512475457762891,-1.3512475457762891
CHEMBL287_Ki,morgan,xgboost,crem_mean,42,trained,19,test,139,156,0.6394230769230769,0.10256410256410256,0.5982142857142857,0.7435897435897436,1.0352133213459336,1.357789110392332,0.3225757890463985,-0.3225757890463985
CHEMBL287_Ki,morgan,xgboost,crem_mean,42,trained,22,test,312,661,0.8624338624338624,0.7777777777777778,0.38095238095238093,0.2962962962962963,-1.5304028032228736,-0.48210299015045166,1.048299813072422,-1.048299813072422
CHEMBL287_Ki,morgan,xgboost,crem_mean,42,trained,26,test,230,447,0.5126226261157373,0.5111111111111111,0.0030917352367354233,0.8666666666666667,-2.410174465089049,-0.6584471464157104,1.7517273186733386,-1.7517273186733386
CHEMBL287_Ki,morgan,xgboost,crem_mean,42,trained,27,test,212,232,0.5151540710751236,0.5652173913043478,-0.11514563652721568,0.41304347826086957,-1.0628647334556356,0.8269472122192383,1.8898119456748739,-1.8898119456748739
CHEMBL287_Ki,morgan,xgboost,crem_mean,42,trained,28,test,264,272,0.21857769423558898,0.15384615384615385,0.07650091136933243,0.5769230769230769,-1.2415034376128264,-0.24745464324951172,0.9940487943633147,-0.9940487943633147
CHEMBL287_Ki,morgan,xgboost,crem_mean,42,trained,32,test,309,649,0.5704365079365079,0.21428571428571427,0.45328282828282823,0.5357142857142857,-1.479932232053491,-1.6829216331243515,0.2029894010708606,-0.2029894010708606
CHEMBL287_Ki,morgan,xgboost,crem_mean,42,trained,35,test,346,350,0.6291887125220459,0.3157894736842105,0.45804504137837476,0.8421052631578947,-1.0234810958495228,-0.061666518449783325,0.9618145773997395,-0.9618145773997395
CHEMBL287_Ki,morgan,xgboost,crem_mean,42,trained,40,test,389,505,0.3611111111111111,0.11428571428571428,0.2786738351254481,0.8285714285714286,-1.5946612692549316,-1.195864498615265,0.3987967706396667,-0.3987967706396667
CHEMBL287_Ki,morgan,xgboost,crem_mean,42,trained,43,test,402,702,0.6438003663003663,0.23809523809523808,0.5324879807692308,0.38095238095238093,-1.0662162688832573,-0.5044180154800415,0.5617982534032158,-0.5617982534032158
CHEMBL287_Ki,morgan,xgboost,crem_mean,42,trained,51,test,622,630,0.3172835051073776,0.3333333333333333,-0.02407474233893361,0.8461538461538461,-1.5351132016973492,-0.17371082305908203,1.3614023786382672,-1.3614023786382672
CHEMBL287_Ki,morgan,xgboost,crem_mean,42,trained,66,test,612,628,0.5283596611721612,0.5714285714285714,-0.1004941239316239,0.8928571428571429,-1.6532125137753437,0.002606630325317383,1.6558191441006611,-1.6558191441006611
CHEMBL287_Ki,morgan,xgboost,crem_mean,42,trained,68,test,685,739,0.25787545787545785,0.2653061224489796,-0.010113960113960176,0.42857142857142855,-1.6534826632562507,-0.11633634567260742,1.5371463175836433,-1.5371463175836433
CHEMBL287_Ki,morgan,xgboost,crem_mean,42,trained,74,test,837,849,0.5289220316607097,0.3333333333333333,0.2933830474910646,0.8958333333333334,-1.6549960665157608,-0.2653299570083618,1.389666109507399,-1.389666109507399
CHEMBL287_Ki,morgan,xgboost,crem_mean,42,trained,82,test,1025,1072,0.4828089920831856,0.22580645161290322,0.33196161477411473,0.7096774193548387,1.027824589879962,0.0,1.027824589879962,-1.027824589879962
CHEMBL287_Ki,morgan,xgboost,crem_mean,42,trained,83,test,1047,1061,0.44752534247576786,0.43478260869565216,0.022544836687897005,1.0,1.149762320333332,-0.03445732593536377,1.1842196462686958,-1.1842196462686958
CHEMBL287_Ki,morgan,xgboost,crem_mean,42,trained,84,test,1054,1055,0.13280824343467362,0.17391304347826086,-0.04975844215802666,1.0,1.320335150859368,0.06544607877731323,1.2548890720820547,-1.2548890720820547
CHEMBL287_Ki,morgan,xgboost,crem_mean,42,trained,85,test,1069,1070,0.5317586580086581,0.3389830508474576,0.29163489288489297,0.6949152542372882,-1.3624611602076298,-0.14191663265228271,1.220544527555347,-1.220544527555347
CHEMBL287_Ki,morgan,xgboost,crem_mean,42,trained,89,test,1089,1096,0.660721510826553,0.2916666666666667,0.5210186035198395,0.625,1.1891626679034402,-0.4189974069595337,1.6081600748629739,-1.6081600748629739
CHEMBL287_Ki,morgan,xgboost,crem_mean,42,trained,93,test,1106,1118,0.5494505494505495,0.2,0.4368131868131868,0.64,-1.3105753135702116,-0.8421672582626343,0.46840805530757734,-0.46840805530757734
CHEMBL287_Ki,morgan,xgboost,crem_mean,42,trained,96,test,1233,1244,0.8086515418927188,0.45161290322580644,0.6510704587455461,0.6129032258064516,1.1125491473152316,0.22462701797485352,0.8879221293403781,-0.8879221293403781
CHEMBL287_Ki,morgan,xgboost,crem_mean,42,trained,97,test,1258,1281,0.7132523148148149,0.2962962962962963,0.5925164473684211,0.7037037037037037,-1.3442752605388384,-0.23023664951324463,1.1140386110255938,-1.1140386110255938
CHEMBL287_Ki,morgan,xgboost,crem_mean,42,trained,101,test,1309,1311,0.32481795293590743,0.3181818181818182,0.009732997639330901,0.7272727272727273,1.2844976898198748,0.43547749519348145,0.8490201946263933,-0.8490201946263933
CHEMBL287_Ki,morgan,xgboost,crem_lime,42,trained,2,test,4,735,0.3313953088203769,0.43478260869565216,-0.18291599208702547,0.7608695652173914,-1.4328779912079628,0.3533083200454712,1.786186311253434,-1.786186311253434
CHEMBL287_Ki,morgan,xgboost,crem_lime,42,trained,9,test,66,68,0.12979339915635285,0.18518518518518517,-0.06798082830811239,0.9259259259259259,-1.1242596207828128,0.22695660591125488,1.3512162266940677,-1.3512162266940677
CHEMBL287_Ki,morgan,xgboost,crem_lime,42,trained,12,test,109,767,0.42433283947102857,0.5348837209302325,-0.23768439513728845,1.0,-1.0042062748360236,-0.48488909006118774,0.5193171847748359,-0.5193171847748359
CHEMBL287_Ki,morgan,xgboost,crem_lime,42,trained,18,test,591,596,0.2794669315215333,0.3142857142857143,-0.050777391531097275,1.0,-1.3512475457762891,0.0,1.3512475457762891,-1.3512475457762891
CHEMBL287_Ki,morgan,xgboost,crem_lime,42,trained,19,test,139,156,0.31924019607843135,0.10256410256410256,0.24143907563025208,1.0,1.0352133213459336,1.357789110392332,0.3225757890463985,-0.3225757890463985
CHEMBL287_Ki,morgan,xgboost,crem_lime,42,trained,22,test,312,661,0.9142857142857144,0.7777777777777778,0.6142857142857147,0.7407407407407407,-1.5304028032228736,-0.48210299015045166,1.048299813072422,-1.048299813072422
CHEMBL287_Ki,morgan,xgboost,crem_lime,42,trained,26,test,230,447,0.41145932993164636,0.5111111111111111,-0.20383318877617781,1.0,-2.410174465089049,-0.6584471464157104,1.7517273186733386,-1.7517273186733386
CHEMBL287_Ki,morgan,xgboost,crem_lime,42,trained,27,test,212,232,0.567124871518158,0.5652173913043478,0.004387204491763607,0.9565217391304348,-1.0628647334556356,0.8269472122192383,1.8898119456748739,-1.8898119456748739
CHEMBL287_Ki,morgan,xgboost,crem_lime,42,trained,28,test,264,272,0.18283132752442216,0.15384615384615385,0.03425520525613527,0.9615384615384616,-1.2415034376128264,-0.24745464324951172,0.9940487943633147,-0.9940487943633147
CHEMBL287_Ki,morgan,xgboost,crem_lime,42,trained,32,test,309,649,0.5523972059686345,0.21428571428571427,0.430323716687353,1.0,-1.479932232053491,-1.6829216331243515,0.2029894010708606,-0.2029894010708606
CHEMBL287_Ki,morgan,xgboost,crem_lime,42,trained,35,test,346,350,0.26440932658318805,0.3157894736842105,-0.0750940611476482,1.0,-1.0234810958495228,-0.061666518449783325,0.9618145773997395,-0.9618145773997395
CHEMBL287_Ki,morgan,xgboost,crem_lime,42,trained,40,test,389,505,0.5941176470588235,0.11428571428571428,0.5417457305502846,1.0,-1.5946612692549316,-1.195864498615265,0.3987967706396667,-0.3987967706396667
CHEMBL287_Ki,morgan,xgboost,crem_lime,42,trained,43,test,402,702,0.348007606428659,0.23809523809523808,0.14425998343761498,1.0,-1.0662162688832573,-0.5044180154800415,0.5617982534032158,-0.5617982534032158
CHEMBL287_Ki,morgan,xgboost,crem_lime,42,trained,51,test,622,630,0.6072060809709267,0.3333333333333333,0.41080912145639,0.6923076923076923,-1.5351132016973492,-0.17371082305908203,1.3614023786382672,-1.3614023786382672
CHEMBL287_Ki,morgan,xgboost,crem_lime,42,trained,66,test,612,628,0.3917095306261916,0.5714285714285714,-0.4193444285388861,1.0,-1.6532125137753437,0.002606630325317383,1.6558191441006611,-1.6558191441006611
CHEMBL287_Ki,morgan,xgboost,crem_lime,42,trained,68,test,685,739,0.5932357072383609,0.2653061224489796,0.4463486015188802,0.7142857142857143,-1.6534826632562507,-0.11633634567260742,1.5371463175836433,-1.5371463175836433
CHEMBL287_Ki,morgan,xgboost,crem_lime,42,trained,74,test,837,849,0.26797522376493277,0.3333333333333333,-0.0980371643526008,1.0,-1.6549960665157608,-0.2653299570083618,1.389666109507399,-1.389666109507399
CHEMBL287_Ki,morgan,xgboost,crem_lime,42,trained,82,test,1025,1072,0.35489677268850306,0.22580645161290322,0.16674166472264979,0.967741935483871,1.027824589879962,0.0,1.027824589879962,-1.027824589879962
CHEMBL287_Ki,morgan,xgboost,crem_lime,42,trained,83,test,1047,1061,0.7434289020694056,0.43478260869565216,0.5460665190458714,1.0,1.149762320333332,-0.03445732593536377,1.1842196462686958,-1.1842196462686958
CHEMBL287_Ki,morgan,xgboost,crem_lime,42,trained,84,test,1054,1055,0.15459235209235211,0.17391304347826086,-0.02338820536188954,1.0,1.320335150859368,0.06544607877731323,1.2548890720820547,-1.2548890720820547
CHEMBL287_Ki,morgan,xgboost,crem_lime,42,trained,85,test,1069,1070,0.3286993155218272,0.3389830508474576,-0.015557445749030646,1.0,-1.3624611602076298,-0.14191663265228271,1.220544527555347,-1.220544527555347
CHEMBL287_Ki,morgan,xgboost,crem_lime,42,trained,89,test,1089,1096,0.6907648742235208,0.2916666666666667,0.5634327636096765,1.0,1.1891626679034402,-0.4189974069595337,1.6081600748629739,-1.6081600748629739
CHEMBL287_Ki,morgan,xgboost,crem_lime,42,trained,93,test,1106,1118,0.5665942972933855,0.2,0.45824287161673183,1.0,-1.3105753135702116,-0.8421672582626343,0.46840805530757734,-0.46840805530757734
CHEMBL287_Ki,morgan,xgboost,crem_lime,42,trained,96,test,1233,1244,0.4437514666200367,0.45161290322580644,-0.014335560869344769,1.0,1.1125491473152316,0.22462701797485352,0.8879221293403781,-0.8879221293403781
CHEMBL287_Ki,morgan,xgboost,crem_lime,42,trained,97,test,1258,1281,0.2110725662523557,0.2962962962962963,-0.12110740585191554,1.0,-1.3442752605388384,-0.23023664951324463,1.1140386110255938,-1.1140386110255938
CHEMBL287_Ki,morgan,xgboost,crem_lime,42,trained,101,test,1309,1311,0.3663558743845503,0.3181818181818182,0.07065528243067379,0.9696969696969697,1.2844976898198748,0.43547749519348145,0.8490201946263933,-0.8490201946263933
CHEMBL287_Ki,morgan,xgboost,crem_mean,42,label_permuted,2,test,4,735,0.41637681159420287,0.43478260869565216,-0.032564102564102596,0.34782608695652173,-1.4328779912079628,0.0,1.4328779912079628,-1.4328779912079628
CHEMBL287_Ki,morgan,xgboost,crem_mean,42,label_permuted,9,test,66,68,0.18518518518518517,0.18518518518518517,0.0,0.6296296296296297,-1.1242596207828128,0.013430118560791016,1.1376897393436038,-1.1376897393436038
CHEMBL287_Ki,morgan,xgboost,crem_mean,42,label_permuted,12,test,109,767,0.6562184024266935,0.5348837209302325,0.2608695652173911,0.7441860465116279,-1.0042062748360236,0.01015615463256836,1.014362429468592,-1.014362429468592
CHEMBL287_Ki,morgan,xgboost,crem_mean,42,label_permuted,18,test,591,596,0.3632034632034632,0.3142857142857143,0.07133838383838384,0.2857142857142857,-1.3512475457762891,0.0,1.3512475457762891,-1.3512475457762891
CHEMBL287_Ki,morgan,xgboost,crem_mean,42,label_permuted,19,test,139,156,0.3269230769230769,0.10256410256410256,0.25,0.7435897435897436,1.0352133213459336,0.0,1.0352133213459336,-1.0352133213459336
CHEMBL287_Ki,morgan,xgboost,crem_mean,42,label_permuted,22,test,312,661,0.7777777777777778,0.7777777777777778,0.0,0.2962962962962963,-1.5304028032228736,0.0,1.5304028032228736,-1.5304028032228736
CHEMBL287_Ki,morgan,xgboost,crem_mean,42,label_permuted,26,test,230,447,0.5605079010537783,0.5111111111111111,0.10103888851909214,0.8666666666666667,-2.410174465089049,0.011201143264770508,2.4213756083538196,-2.4213756083538196
CHEMBL287_Ki,morgan,xgboost,crem_mean,42,label_permuted,27,test,212,232,0.5143422753716871,0.5652173913043478,-0.11701276664511959,0.41304347826086957,-1.0628647334556356,0.0,1.0628647334556356,-1.0628647334556356
CHEMBL287_Ki,morgan,xgboost,crem_mean,42,label_permuted,28,test,264,272,0.2757867132867133,0.15384615384615385,0.14411157024793386,0.5769230769230769,-1.2415034376128264,0.0,1.2415034376128264,-1.2415034376128264
CHEMBL287_Ki,morgan,xgboost,crem_mean,42,label_permuted,32,test,309,649,0.5421626984126984,0.21428571428571427,0.4172979797979797,0.5357142857142857,-1.479932232053491,-0.031128287315368652,1.4488039447381222,-1.4488039447381222
CHEMBL287_Ki,morgan,xgboost,crem_mean,42,label_permuted,35,test,346,350,0.402046783625731,0.3157894736842105,0.12606837606837606,0.8421052631578947,-1.0234810958495228,0.0,1.0234810958495228,-1.0234810958495228
CHEMBL287_Ki,morgan,xgboost,crem_mean,42,label_permuted,40,test,389,505,0.11428571428571428,0.11428571428571428,0.0,0.8285714285714286,-1.5946612692549316,-0.03514599800109863,1.559515271253833,-1.559515271253833
CHEMBL287_Ki,morgan,xgboost,crem_mean,42,label_permuted,43,test,402,702,0.6172871572871572,0.23809523809523808,0.4976893939393939,0.38095238095238093,-1.0662162688832573,0.011465907096862793,1.07768217598012,-1.07768217598012
CHEMBL287_Ki,morgan,xgboost,crem_mean,42,label_permuted,51,test,622,630,0.2884643561566638,0.3333333333333333,-0.06730346576500422,0.8461538461538461,-1.5351132016973492,0.0,1.5351132016973492,-1.5351132016973492
CHEMBL287_Ki,morgan,xgboost,crem_mean,42,label_permuted,66,test,612,628,0.9151785714285714,0.5714285714285714,0.8020833333333333,0.8928571428571429,-1.6532125137753437,-0.06307721138000488,1.5901353023953388,-1.5901353023953388
CHEMBL287_Ki,morgan,xgboost,crem_mean,42,label_permuted,68,test,685,739,0.25002616431187863,0.2653061224489796,-0.02079772079772078,0.42857142857142855,-1.6534826632562507,0.0,1.6534826632562507,-1.6534826632562507
CHEMBL287_Ki,morgan,xgboost,crem_mean,42,label_permuted,74,test,837,849,0.8360593512767426,0.3333333333333333,0.7540890269151137,0.8958333333333334,-1.6549960665157608,-0.016874313354492188,1.6381217531612686,-1.6381217531612686
CHEMBL287_Ki,morgan,xgboost,crem_mean,42,label_permuted,82,test,1025,1072,0.19970871046365762,0.22580645161290322,-0.033709582317775565,0.7096774193548387,1.027824589879962,0.0,1.027824589879962,-1.027824589879962
CHEMBL287_Ki,morgan,xgboost,crem_mean,42,label_permuted,83,test,1047,1061,0.5422285514996513,0.43478260869565216,0.19009666803784464,1.0,1.149762320333332,0.11244404315948486,1.0373182771738472,-1.0373182771738472
CHEMBL287_Ki,morgan,xgboost,crem_mean,42,label_permuted,84,test,1054,1055,0.36890299598100107,0.17391304347826086,0.23604046881910656,1.0,1.320335150859368,-0.04530155658721924,1.3656367074465872,-1.3656367074465872
CHEMBL287_Ki,morgan,xgboost,crem_mean,42,label_permuted,85,test,1069,1070,0.7226439170072986,0.3389830508474576,0.5804100282930927,0.6949152542372882,-1.3624611602076298,-0.01305079460144043,1.3494103656061893,-1.3494103656061893
CHEMBL287_Ki,morgan,xgboost,crem_mean,42,label_permuted,89,test,1089,1096,0.5423950466856645,0.2916666666666667,0.3539694776738793,0.625,1.1891626679034402,-0.02019476890563965,1.2093574368090798,-1.2093574368090798
CHEMBL287_Ki,morgan,xgboost,crem_mean,42,label_permuted,93,test,1106,1118,0.5277777777777778,0.2,0.4097222222222222,0.64,-1.3105753135702116,0.0,1.3105753135702116,-1.3105753135702116
CHEMBL287_Ki,morgan,xgboost,crem_mean,42,label_permuted,96,test,1233,1244,0.6912887832574857,0.45161290322580644,0.43705601652835624,0.6129032258064516,1.1125491473152316,0.01305079460144043,1.0994983527137911,-1.0994983527137911
CHEMBL287_Ki,morgan,xgboost,crem_mean,42,label_permuted,97,test,1258,1281,0.6746858465608465,0.2962962962962963,0.5377114661654134,0.7037037037037037,-1.3442752605388384,0.6901772618293762,2.0344525223682144,-2.0344525223682144
CHEMBL287_Ki,morgan,xgboost,crem_mean,42,label_permuted,101,test,1309,1311,0.37328439710503736,0.3181818181818182,0.08081711575405479,0.7272727272727273,1.2844976898198748,-0.03318178653717041,1.3176794763570452,-1.3176794763570452
CHEMBL287_Ki,morgan,xgboost,crem_lime,42,label_permuted,2,test,4,735,0.32844676300308157,0.43478260869565216,-0.18813265007147104,0.7608695652173914,-1.4328779912079628,0.0,1.4328779912079628,-1.4328779912079628
CHEMBL287_Ki,morgan,xgboost,crem_lime,42,label_permuted,9,test,66,68,0.3822895622895623,0.18518518518518517,0.241900826446281,0.9259259259259259,-1.1242596207828128,0.013430118560791016,1.1376897393436038,-1.1376897393436038
CHEMBL287_Ki,morgan,xgboost,crem_lime,42,label_permuted,12,test,109,767,0.5805563411198096,0.5348837209302325,0.0981961334075907,1.0,-1.0042062748360236,0.01015615463256836,1.014362429468592,-1.014362429468592
CHEMBL287_Ki,morgan,xgboost,crem_lime,42,label_permuted,18,test,591,596,0.43737373737373736,0.3142857142857143,0.179503367003367,1.0,-1.3512475457762891,0.0,1.3512475457762891,-1.3512475457762891
CHEMBL287_Ki,morgan,xgboost,crem_lime,42,label_permuted,19,test,139,156,0.5060876623376623,0.10256410256410256,0.4496405380333952,1.0,1.0352133213459336,0.0,1.0352133213459336,-1.0352133213459336
CHEMBL287_Ki,morgan,xgboost,crem_lime,42,label_permuted,22,test,312,661,0.8077028791314506,0.7777777777777778,0.13466295609152745,0.7407407407407407,-1.5304028032228736,0.0,1.5304028032228736,-1.5304028032228736
CHEMBL287_Ki,morgan,xgboost,crem_lime,42,label_permuted,26,test,230,447,0.7001478906009915,0.5111111111111111,0.38666613986566445,1.0,-2.410174465089049,0.011201143264770508,2.4213756083538196,-2.4213756083538196
CHEMBL287_Ki,morgan,xgboost,crem_lime,42,label_permuted,27,test,212,232,0.38922160523306304,0.5652173913043478,-0.4047903079639549,0.9565217391304348,-1.0628647334556356,0.0,1.0628647334556356,-1.0628647334556356
CHEMBL287_Ki,morgan,xgboost,crem_lime,42,label_permuted,28,test,264,272,0.18622445964201284,0.15384615384615385,0.03826527048601516,0.9615384615384616,-1.2415034376128264,0.0,1.2415034376128264,-1.2415034376128264
CHEMBL287_Ki,morgan,xgboost,crem_lime,42,label_permuted,32,test,309,649,0.24738133968050205,0.21428571428571427,0.04212170504791171,1.0,-1.479932232053491,-0.031128287315368652,1.4488039447381222,-1.4488039447381222
CHEMBL287_Ki,morgan,xgboost,crem_lime,42,label_permuted,35,test,346,350,0.31912944889351424,0.3157894736842105,0.004881502228982384,1.0,-1.0234810958495228,0.0,1.0234810958495228,-1.0234810958495228
CHEMBL287_Ki,morgan,xgboost,crem_lime,42,label_permuted,40,test,389,505,0.0900012025012025,0.11428571428571428,-0.027417997176061693,1.0,-1.5946612692549316,-0.03514599800109863,1.559515271253833,-1.559515271253833
CHEMBL287_Ki,morgan,xgboost,crem_lime,42,label_permuted,43,test,402,702,0.5535696329813977,0.23809523809523808,0.41406014328808455,1.0,-1.0662162688832573,0.011465907096862793,1.07768217598012,-1.07768217598012
CHEMBL287_Ki,morgan,xgboost,crem_lime,42,label_permuted,51,test,622,630,0.34604422530535894,0.3333333333333333,0.01906633795803844,0.6923076923076923,-1.5351132016973492,0.0,1.5351132016973492,-1.5351132016973492
CHEMBL287_Ki,morgan,xgboost,crem_lime,42,label_permuted,66,test,612,628,0.8822668650793651,0.5714285714285714,0.7252893518518521,1.0,-1.6532125137753437,-0.06307721138000488,1.5901353023953388,-1.5901353023953388
CHEMBL287_Ki,morgan,xgboost,crem_lime,42,label_permuted,68,test,685,739,0.33785327482413,0.2653061224489796,0.09874473517728807,0.7142857142857143,-1.6534826632562507,0.0,1.6534826632562507,-1.6534826632562507
CHEMBL287_Ki,morgan,xgboost,crem_lime,42,label_permuted,74,test,837,849,0.5948683261183261,0.3333333333333333,0.3923024891774891,1.0,-1.6549960665157608,-0.016874313354492188,1.6381217531612686,-1.6381217531612686
CHEMBL287_Ki,morgan,xgboost,crem_lime,42,label_permuted,82,test,1025,1072,0.2534534284830613,0.22580645161290322,0.035710678457287516,0.967741935483871,1.027824589879962,0.0,1.027824589879962,-1.027824589879962
CHEMBL287_Ki,morgan,xgboost,crem_lime,42,label_permuted,83,test,1047,1061,0.7088529312482124,0.43478260869565216,0.4848936475929911,1.0,1.149762320333332,0.11244404315948486,1.0373182771738472,-1.0373182771738472
CHEMBL287_Ki,morgan,xgboost,crem_lime,42,label_permuted,84,test,1054,1055,0.17678007756132755,0.17391304347826086,0.0034706202058175637,1.0,1.320335150859368,-0.04530155658721924,1.3656367074465872,-1.3656367074465872
CHEMBL287_Ki,morgan,xgboost,crem_lime,42,label_permuted,85,test,1069,1070,0.45704384238117374,0.3389830508474576,0.17860478719203207,1.0,-1.3624611602076298,-0.01305079460144043,1.3494103656061893,-1.3494103656061893
CHEMBL287_Ki,morgan,xgboost,crem_lime,42,label_permuted,89,test,1089,1096,0.6250639749333129,0.2916666666666667,0.47067855284703,1.0,1.1891626679034402,-0.02019476890563965,1.2093574368090798,-1.2093574368090798
CHEMBL287_Ki,morgan,xgboost,crem_lime,42,label_permuted,93,test,1106,1118,0.20923119510587396,0.2,0.011538993882342433,1.0,-1.3105753135702116,0.0,1.3105753135702116,-1.3105753135702116
CHEMBL287_Ki,morgan,xgboost,crem_lime,42,label_permuted,96,test,1233,1244,0.5988216037217591,0.45161290322580644,0.2684393950220313,1.0,1.1125491473152316,0.01305079460144043,1.0994983527137911,-1.0994983527137911
CHEMBL287_Ki,morgan,xgboost,crem_lime,42,label_permuted,97,test,1258,1281,0.7222350276142846,0.2962962962962963,0.6052813550308255,1.0,-1.3442752605388384,0.6901772618293762,2.0344525223682144,-2.0344525223682144
CHEMBL287_Ki,morgan,xgboost,crem_lime,42,label_permuted,101,test,1309,1311,0.3359024637472595,0.3181818181818182,0.025990280162647296,0.9696969696969697,1.2844976898198748,-0.03318178653717041,1.3176794763570452,-1.3176794763570452
CHEMBL287_Ki,morgan,mlp,crem_mean,42,trained,2,test,4,735,0.4008876811594203,0.43478260869565216,-0.05996794871794866,0.34782608695652173,-1.4328779912079628,-0.2118978500366211,1.2209801411713417,-1.2209801411713417
CHEMBL287_Ki,morgan,mlp,crem_mean,42,trained,9,test,66,68,0.18518518518518517,0.18518518518518517,0.0,0.6296296296296297,-1.1242596207828128,0.0547252893447876,1.1789849101276004,-1.1789849101276004
CHEMBL287_Ki,morgan,mlp,crem_mean,42,trained,12,test,109,767,0.7242891503508287,0.5348837209302325,0.4072216732542819,0.7441860465116279,-1.0042062748360236,0.12478053569793701,1.1289868105339607,-1.1289868105339607
CHEMBL287_Ki,morgan,mlp,crem_mean,42,trained,18,test,591,596,0.28668831168831166,0.3142857142857143,-0.040246212121212155,0.2857142857142857,-1.3512475457762891,-0.12380868196487427,1.2274388638114149,-1.2274388638114149
CHEMBL287_Ki,morgan,mlp,crem_mean,42,trained,19,test,139,156,0.57125,0.10256410256410256,0.5222500000000001,0.7435897435897436,1.0352133213459336,0.42094171047210693,0.6142716108738266,-0.6142716108738266
CHEMBL287_Ki,morgan,mlp,crem_mean,42,trained,22,test,312,661,0.8624338624338624,0.7777777777777778,0.38095238095238093,0.2962962962962963,-1.5304028032228736,-1.9091938138008118,0.3787910105779382,-0.3787910105779382
CHEMBL287_Ki,morgan,mlp,crem_mean,42,trained,26,test,230,447,0.7067409302831297,0.5111111111111111,0.4001519028518562,0.8666666666666667,-2.410174465089049,-0.8628703355789185,1.5473041295101306,-1.5473041295101306
CHEMBL287_Ki,morgan,mlp,crem_mean,42,trained,27,test,212,232,0.5146198830409355,0.5652173913043478,-0.11637426900584816,0.41304347826086957,-1.0628647334556356,0.25799447298049927,1.3208592064361349,-1.3208592064361349
CHEMBL287_Ki,morgan,mlp,crem_mean,42,trained,28,test,264,272,0.2138392857142857,0.15384615384615385,0.070900974025974,0.5769230769230769,-1.2415034376128264,-0.2145688533782959,1.0269345842345305,-1.0269345842345305
CHEMBL287_Ki,morgan,mlp,crem_mean,42,trained,32,test,309,649,0.6621626984126985,0.21428571428571427,0.5700252525252526,0.5357142857142857,-1.479932232053491,-0.9465116262435913,0.5334206058098996,-0.5334206058098996
CHEMBL287_Ki,morgan,mlp,crem_mean,42,trained,35,test,346,350,0.3017713365539453,0.3157894736842105,-0.020488046575003027,0.8421052631578947,-1.0234810958495228,-0.06738853454589844,0.9560925613036244,-0.9560925613036244
CHEMBL287_Ki,morgan,mlp,crem_mean,42,trained,40,test,389,505,0.12103174603174602,0.11428571428571428,0.007616487455197121,0.8285714285714286,-1.5946612692549316,-0.43376654386520386,1.1608947253897277,-1.1608947253897277
CHEMBL287_Ki,morgan,mlp,crem_mean,42,trained,43,test,402,702,0.6550252525252525,0.23809523809523808,0.5472206439393938,0.38095238095238093,-1.0662162688832573,-0.7901695966720581,0.27604667221119916,-0.27604667221119916
CHEMBL287_Ki,morgan,mlp,crem_mean,42,trained,51,test,622,630,0.3719435363398212,0.3333333333333333,0.057915304509731806,0.8461538461538461,-1.5351132016973492,-0.4129900336265564,1.1221231680707928,-1.1221231680707928
CHEMBL287_Ki,morgan,mlp,crem_mean,42,trained,66,test,612,628,0.6874255952380952,0.5714285714285714,0.27065972222222223,0.8928571428571429,-1.6532125137753437,-0.023745417594909668,1.629467096180434,-1.629467096180434
CHEMBL287_Ki,morgan,mlp,crem_mean,42,trained,68,test,685,739,0.25787545787545785,0.2653061224489796,-0.010113960113960176,0.42857142857142855,-1.6534826632562507,0.33685970306396484,1.9903423663202156,-1.9903423663202156
CHEMBL287_Ki,morgan,mlp,crem_mean,42,trained,74,test,837,849,0.5932531637961183,0.3333333333333333,0.3898797456941774,0.8958333333333334,-1.6549960665157608,-0.9769256114959717,0.6780704550197891,-0.6780704550197891
CHEMBL287_Ki,morgan,mlp,crem_mean,42,trained,82,test,1025,1072,0.19461313739005326,0.22580645161290322,-0.04029136420451453,0.7096774193548387,1.027824589879962,0.0,1.027824589879962,-1.027824589879962
CHEMBL287_Ki,morgan,mlp,crem_mean,42,trained,83,test,1047,1061,0.4319047979662495,0.43478260869565216,-0.005091511290481674,1.0,1.149762320333332,-0.10705804824829102,1.256820368581623,-1.256820368581623
CHEMBL287_Ki,morgan,mlp,crem_mean,42,trained,84,test,1054,1055,0.16518462059620598,0.17391304347826086,-0.010565985594066442,1.0,1.320335150859368,0.42061662673950195,0.899718524119866,-0.899718524119866
CHEMBL287_Ki,morgan,mlp,crem_mean,42,trained,85,test,1069,1070,0.6273186754765703,0.3389830508474576,0.4362000475158371,0.6949152542372882,-1.3624611602076298,-0.2052021026611328,1.157259057546497,-1.157259057546497
CHEMBL287_Ki,morgan,mlp,crem_mean,42,trained,89,test,1089,1096,0.4072409635056883,0.2916666666666667,0.1631637131845011,0.625,1.1891626679034402,-0.005082130432128906,1.194244798335569,-1.194244798335569
CHEMBL287_Ki,morgan,mlp,crem_mean,42,trained,93,test,1106,1118,0.7142857142857143,0.2,0.6428571428571428,0.64,-1.3105753135702116,-0.6728818416595459,0.6376934719106657,-0.6376934719106657
CHEMBL287_Ki,morgan,mlp,crem_mean,42,trained,96,test,1233,1244,0.6805201649585991,0.45161290322580644,0.41741912433626904,0.6129032258064516,1.1125491473152316,0.4208418130874634,0.6917073342277682,-0.6917073342277682
CHEMBL287_Ki,morgan,mlp,crem_mean,42,trained,97,test,1258,1281,0.605005787037037,0.2962962962962963,0.4386924342105263,0.7037037037037037,-1.3442752605388384,0.32155489921569824,1.6658301597545366,-1.6658301597545366
CHEMBL287_Ki,morgan,mlp,crem_mean,42,trained,101,test,1309,1311,0.5679914818971545,0.3181818181818182,0.3663875067824933,0.7272727272727273,1.2844976898198748,0.7711013555526733,0.5133963342672014,-0.5133963342672014
CHEMBL287_Ki,morgan,mlp,crem_lime,42,trained,2,test,4,735,0.3124121372805415,0.43478260869565216,-0.21650160327288803,0.7608695652173914,-1.4328779912079628,-0.2118978500366211,1.2209801411713417,-1.2209801411713417
CHEMBL287_Ki,morgan,mlp,crem_lime,42,trained,9,test,66,68,0.12569687165898116,0.18518518518518517,-0.07300838478215946,0.9259259259259259,-1.1242596207828128,0.0547252893447876,1.1789849101276004,-1.1789849101276004
CHEMBL287_Ki,morgan,mlp,crem_lime,42,trained,12,test,109,767,0.5466902167601257,0.5348837209302325,0.02538396603427046,1.0,-1.0042062748360236,0.12478053569793701,1.1289868105339607,-1.1289868105339607
CHEMBL287_Ki,morgan,mlp,crem_lime,42,trained,18,test,591,596,0.2076694715034636,0.3142857142857143,-0.15548202072411557,1.0,-1.3512475457762891,-0.12380868196487427,1.2274388638114149,-1.2274388638114149
CHEMBL287_Ki,morgan,mlp,crem_lime,42,trained,19,test,139,156,0.22566287878787877,0.10256410256410256,0.13716720779220778,1.0,1.0352133213459336,0.42094171047210693,0.6142716108738266,-0.6142716108738266
CHEMBL287_Ki,morgan,mlp,crem_lime,42,trained,22,test,312,661,0.953968253968254,0.7777777777777778,0.792857142857143,0.7407407407407407,-1.5304028032228736,-1.9091938138008118,0.3787910105779382,-0.3787910105779382
CHEMBL287_Ki,morgan,mlp,crem_lime,42,trained,26,test,230,447,0.5690061500097071,0.5111111111111111,0.11842167047440098,1.0,-2.410174465089049,-0.8628703355789185,1.5473041295101306,-1.5473041295101306
CHEMBL287_Ki,morgan,mlp,crem_lime,42,trained,27,test,212,232,0.4485856890901746,0.5652173913043478,-0.2682529150925983,0.9565217391304348,-1.0628647334556356,0.25799447298049927,1.3208592064361349,-1.3208592064361349
CHEMBL287_Ki,morgan,mlp,crem_lime,42,trained,28,test,264,272,0.2864947552447552,0.15384615384615385,0.1567665289256198,0.9615384615384616,-1.2415034376128264,-0.2145688533782959,1.0269345842345305,-1.0269345842345305
CHEMBL287_Ki,morgan,mlp,crem_lime,42,trained,32,test,309,649,0.5055820105820107,0.21428571428571427,0.37074074074074087,1.0,-1.479932232053491,-0.9465116262435913,0.5334206058098996,-0.5334206058098996
CHEMBL287_Ki,morgan,mlp,crem_lime,42,trained,35,test,346,350,0.20429242686141325,0.3157894736842105,-0.16295722227947293,1.0,-1.0234810958495228,-0.06738853454589844,0.9560925613036244,-0.9560925613036244
CHEMBL287_Ki,morgan,mlp,crem_lime,42,trained,40,test,389,505,0.08028622922776148,0.11428571428571428,-0.03838651538801123,1.0,-1.5946612692549316,-0.43376654386520386,1.1608947253897277,-1.1608947253897277
CHEMBL287_Ki,morgan,mlp,crem_lime,42,trained,43,test,402,702,0.739372600024774,0.23809523809523808,0.6579265375325158,1.0,-1.0662162688832573,-0.7901695966720581,0.27604667221119916,-0.27604667221119916
CHEMBL287_Ki,morgan,mlp,crem_lime,42,trained,51,test,622,630,0.7839773168663587,0.3333333333333333,0.6759659752995381,0.6923076923076923,-1.5351132016973492,-0.4129900336265564,1.1221231680707928,-1.1221231680707928
CHEMBL287_Ki,morgan,mlp,crem_lime,42,trained,66,test,612,628,0.4722838680926917,0.5714285714285714,-0.23133764111705266,1.0,-1.6532125137753437,-0.023745417594909668,1.629467096180434,-1.629467096180434
CHEMBL287_Ki,morgan,mlp,crem_lime,42,trained,68,test,685,739,0.2873026505444088,0.2653061224489796,0.029939718796556387,0.7142857142857143,-1.6534826632562507,0.33685970306396484,1.9903423663202156,-1.9903423663202156
CHEMBL287_Ki,morgan,mlp,crem_lime,42,trained,74,test,837,849,0.2810592683046393,0.3333333333333333,-0.07841109754304103,1.0,-1.6549960665157608,-0.9769256114959717,0.6780704550197891,-0.6780704550197891
CHEMBL287_Ki,morgan,mlp,crem_lime,42,trained,82,test,1025,1072,0.18343066500498886,0.22580645161290322,-0.054735391035222715,0.967741935483871,1.027824589879962,0.0,1.027824589879962,-1.027824589879962
CHEMBL287_Ki,morgan,mlp,crem_lime,42,trained,83,test,1047,1061,0.636403835457628,0.43478260869565216,0.35671447811734186,1.0,1.149762320333332,-0.10705804824829102,1.256820368581623,-1.256820368581623
CHEMBL287_Ki,morgan,mlp,crem_lime,42,trained,84,test,1054,1055,0.23909774436090225,0.17391304347826086,0.07890779580530273,1.0,1.320335150859368,0.42061662673950195,0.899718524119866,-0.899718524119866
CHEMBL287_Ki,morgan,mlp,crem_lime,42,trained,85,test,1069,1070,0.30857124195950997,0.3389830508474576,-0.046007608317664386,1.0,-1.3624611602076298,-0.2052021026611328,1.157259057546497,-1.157259057546497
CHEMBL287_Ki,morgan,mlp,crem_lime,42,trained,89,test,1089,1096,0.49045012741938887,0.2916666666666667,0.2806354740038431,1.0,1.1891626679034402,-0.005082130432128906,1.194244798335569,-1.194244798335569
CHEMBL287_Ki,morgan,mlp,crem_lime,42,trained,93,test,1106,1118,0.5832083351764203,0.2,0.4790104189705254,1.0,-1.3105753135702116,-0.6728818416595459,0.6376934719106657,-0.6376934719106657
CHEMBL287_Ki,morgan,mlp,crem_lime,42,trained,96,test,1233,1244,0.6923557811154559,0.45161290322580644,0.43900171850465497,1.0,1.1125491473152316,0.4208418130874634,0.6917073342277682,-0.6917073342277682
CHEMBL287_Ki,morgan,mlp,crem_lime,42,trained,97,test,1258,1281,0.253619644791266,0.2962962962962963,-0.06064576792820096,1.0,-1.3442752605388384,0.32155489921569824,1.6658301597545366,-1.6658301597545366
CHEMBL287_Ki,morgan,mlp,crem_lime,42,trained,101,test,1309,1311,0.6277754911482358,0.3181818181818182,0.45407072035074586,0.9696969696969697,1.2844976898198748,0.7711013555526733,0.5133963342672014,-0.5133963342672014
CHEMBL287_Ki,morgan,mlp,crem_mean,42,label_permuted,2,test,4,735,0.4109472049689441,0.43478260869565216,-0.04217032967032964,0.34782608695652173,-1.4328779912079628,-0.025394201278686523,1.4074837899292763,-1.4074837899292763
CHEMBL287_Ki,morgan,mlp,crem_mean,42,label_permuted,9,test,66,68,0.18518518518518517,0.18518518518518517,0.0,0.6296296296296297,-1.1242596207828128,0.1546846628189087,1.2789442836017215,-1.2789442836017215
CHEMBL287_Ki,morgan,mlp,crem_mean,42,label_permuted,12,test,109,767,0.6551451936210597,0.5348837209302325,0.25856216628527845,0.7441860465116279,-1.0042062748360236,-0.0505526065826416,0.953653668253382,-0.953653668253382
CHEMBL287_Ki,morgan,mlp,crem_mean,42,label_permuted,18,test,591,596,0.2924963924963925,0.3142857142857143,-0.0317760942760943,0.2857142857142857,-1.3512475457762891,-0.027209877967834473,1.3240376678084547,-1.3240376678084547
CHEMBL287_Ki,morgan,mlp,crem_mean,42,label_permuted,19,test,139,156,0.20260642135642135,0.10256410256410256,0.11147572665429807,0.7435897435897436,1.0352133213459336,-0.25202035903930664,1.2872336803852402,-1.2872336803852402
CHEMBL287_Ki,morgan,mlp,crem_mean,42,label_permuted,22,test,312,661,0.8624338624338624,0.7777777777777778,0.38095238095238093,0.2962962962962963,-1.5304028032228736,0.09845125675201416,1.6288540599748877,-1.6288540599748877
CHEMBL287_Ki,morgan,mlp,crem_mean,42,label_permuted,26,test,230,447,0.6818363818296513,0.5111111111111111,0.349210781015196,0.8666666666666667,-2.410174465089049,0.2965613603591919,2.706735825448241,-2.706735825448241
CHEMBL287_Ki,morgan,mlp,crem_mean,42,label_permuted,27,test,212,232,0.5929487179487178,0.5652173913043478,0.06378205128205112,0.41304347826086957,-1.0628647334556356,-0.24436461925506592,0.8185001142005697,-0.8185001142005697
CHEMBL287_Ki,morgan,mlp,crem_mean,42,label_permuted,28,test,264,272,0.33854166666666663,0.15384615384615385,0.2182765151515151,0.5769230769230769,-1.2415034376128264,0.059793710708618164,1.3012971483214446,-1.3012971483214446
CHEMBL287_Ki,morgan,mlp,crem_mean,42,label_permuted,32,test,309,649,0.7428571428571429,0.21428571428571427,0.6727272727272727,0.5357142857142857,-1.479932232053491,-0.2052137851715088,1.274718446881982,-1.274718446881982
CHEMBL287_Ki,morgan,mlp,crem_mean,42,label_permuted,35,test,346,350,0.7774542788129746,0.3157894736842105,0.6747408690343475,0.8421052631578947,-1.0234810958495228,-0.0074378252029418945,1.016043270646581,-1.016043270646581
CHEMBL287_Ki,morgan,mlp,crem_mean,42,label_permuted,40,test,389,505,0.12428160919540229,0.11428571428571428,0.011285687801260658,0.8285714285714286,-1.5946612692549316,0.060507893562316895,1.6551691628172485,-1.6551691628172485
CHEMBL287_Ki,morgan,mlp,crem_mean,42,label_permuted,43,test,402,702,0.6773176823176823,0.23809523809523808,0.5764794580419581,0.38095238095238093,-1.0662162688832573,-0.029747366905212402,1.0364689019780449,-1.0364689019780449
CHEMBL287_Ki,morgan,mlp,crem_mean,42,label_permuted,51,test,622,630,0.5746420246420246,0.3333333333333333,0.36196303696303694,0.8461538461538461,-1.5351132016973492,-0.01406407356262207,1.5210491281347271,-1.5210491281347271
CHEMBL287_Ki,morgan,mlp,crem_mean,42,label_permuted,66,test,612,628,0.7110031512605042,0.5714285714285714,0.32567401960784315,0.8928571428571429,-1.6532125137753437,-0.12542939186096191,1.5277831219143818,-1.5277831219143818
CHEMBL287_Ki,morgan,mlp,crem_mean,42,label_permuted,68,test,685,739,0.33516483516483514,0.2653061224489796,0.09508547008547004,0.42857142857142855,-1.6534826632562507,-0.03763091564178467,1.615851747614466,-1.615851747614466
CHEMBL287_Ki,morgan,mlp,crem_mean,42,label_permuted,74,test,837,849,0.9805183531746031,0.3333333333333333,0.9707775297619047,0.8958333333333334,-1.6549960665157608,0.23019886016845703,1.8851949266842178,-1.8851949266842178
CHEMBL287_Ki,morgan,mlp,crem_mean,42,label_permuted,82,test,1025,1072,0.2160606368766423,0.22580645161290322,-0.012588344034337038,0.7096774193548387,1.027824589879962,0.0,1.027824589879962,-1.027824589879962
CHEMBL287_Ki,morgan,mlp,crem_mean,42,label_permuted,83,test,1047,1061,0.7156171434316901,0.43478260869565216,0.4968610999176056,1.0,1.149762320333332,-0.0705646276473999,1.220326947980732,-1.220326947980732
CHEMBL287_Ki,morgan,mlp,crem_mean,42,label_permuted,84,test,1054,1055,0.27955243681050135,0.17391304347826086,0.12787926561271215,1.0,1.320335150859368,0.019509196281433105,1.3008259545779348,-1.3008259545779348
CHEMBL287_Ki,morgan,mlp,crem_mean,42,label_permuted,85,test,1069,1070,0.5387912087912088,0.3389830508474576,0.30227387996618765,0.6949152542372882,-1.3624611602076298,-0.014277935028076172,1.3481832251795536,-1.3481832251795536
CHEMBL287_Ki,morgan,mlp,crem_mean,42,label_permuted,89,test,1089,1096,0.39755464791152306,0.2916666666666667,0.14948891469862077,0.625,1.1891626679034402,-0.05501842498779297,1.2441810928912331,-1.2441810928912331
CHEMBL287_Ki,morgan,mlp,crem_mean,42,label_permuted,93,test,1106,1118,0.3348214285714286,0.2,0.16852678571428573,0.64,-1.3105753135702116,0.046714067459106445,1.357289381029318,-1.357289381029318
CHEMBL287_Ki,morgan,mlp,crem_mean,42,label_permuted,96,test,1233,1244,0.8025178397944874,0.45161290322580644,0.6398854725664184,0.6129032258064516,1.1125491473152316,-0.20251572132110596,1.3150648686363375,-1.3150648686363375
CHEMBL287_Ki,morgan,mlp,crem_mean,42,label_permuted,97,test,1258,1281,0.697915972569271,0.2962962962962963,0.5707226978615956,0.7037037037037037,-1.3442752605388384,0.43403756618499756,1.778312826723836,-1.778312826723836
CHEMBL287_Ki,morgan,mlp,crem_mean,42,label_permuted,101,test,1309,1311,0.4809812541272838,0.3181818181818182,0.2387725060533496,0.7272727272727273,1.2844976898198748,-0.15318560600280762,1.4376832958226824,-1.4376832958226824
CHEMBL287_Ki,morgan,mlp,crem_lime,42,label_permuted,2,test,4,735,0.5640878324573977,0.43478260869565216,0.22877078050154975,0.7608695652173914,-1.4328779912079628,-0.025394201278686523,1.4074837899292763,-1.4074837899292763
CHEMBL287_Ki,morgan,mlp,crem_lime,42,label_permuted,9,test,66,68,0.23255667440450048,0.18518518518518517,0.05813773676915969,0.9259259259259259,-1.1242596207828128,0.1546846628189087,1.2789442836017215,-1.2789442836017215
CHEMBL287_Ki,morgan,mlp,crem_lime,42,label_permuted,12,test,109,767,0.5591907415784582,0.5348837209302325,0.05226009439368515,1.0,-1.0042062748360236,-0.0505526065826416,0.953653668253382,-0.953653668253382
CHEMBL287_Ki,morgan,mlp,crem_lime,42,label_permuted,18,test,591,596,0.2663973762397985,0.3142857142857143,-0.06983715965029387,1.0,-1.3512475457762891,-0.027209877967834473,1.3240376678084547,-1.3240376678084547
CHEMBL287_Ki,morgan,mlp,crem_lime,42,label_permuted,19,test,139,156,0.0988562091503268,0.10256410256410256,-0.004131652661064427,1.0,1.0352133213459336,-0.25202035903930664,1.2872336803852402,-1.2872336803852402
CHEMBL287_Ki,morgan,mlp,crem_lime,42,label_permuted,22,test,312,661,0.953467000835422,0.7777777777777778,0.7906015037593991,0.7407407407407407,-1.5304028032228736,0.09845125675201416,1.6288540599748877,-1.6288540599748877
CHEMBL287_Ki,morgan,mlp,crem_lime,42,label_permuted,26,test,230,447,0.8056976002421922,0.5111111111111111,0.6025632732226658,1.0,-2.410174465089049,0.2965613603591919,2.706735825448241,-2.706735825448241
CHEMBL287_Ki,morgan,mlp,crem_lime,42,label_permuted,27,test,212,232,0.7975070286021912,0.5652173913043478,0.5342661657850399,0.9565217391304348,-1.0628647334556356,-0.24436461925506592,0.8185001142005697,-0.8185001142005697
CHEMBL287_Ki,morgan,mlp,crem_lime,42,label_permuted,28,test,264,272,0.21198823339780787,0.15384615384615385,0.06871336674286384,0.9615384615384616,-1.2415034376128264,0.059793710708618164,1.3012971483214446,-1.3012971483214446
CHEMBL287_Ki,morgan,mlp,crem_lime,42,label_permuted,32,test,309,649,0.7023852244246982,0.21428571428571427,0.6212175583587067,1.0,-1.479932232053491,-0.2052137851715088,1.274718446881982,-1.274718446881982
CHEMBL287_Ki,morgan,mlp,crem_lime,42,label_permuted,35,test,346,350,0.733187262084321,0.3157894736842105,0.6100429215078537,1.0,-1.0234810958495228,-0.0074378252029418945,1.016043270646581,-1.016043270646581
CHEMBL287_Ki,morgan,mlp,crem_lime,42,label_permuted,40,test,389,505,0.19027777777777777,0.11428571428571428,0.08579749103942652,1.0,-1.5946612692549316,0.060507893562316895,1.6551691628172485,-1.6551691628172485
CHEMBL287_Ki,morgan,mlp,crem_lime,42,label_permuted,43,test,402,702,0.5027928212138739,0.23809523809523808,0.34741557784320953,1.0,-1.0662162688832573,-0.029747366905212402,1.0364689019780449,-1.0364689019780449
CHEMBL287_Ki,morgan,mlp,crem_lime,42,label_permuted,51,test,622,630,0.6838320249251423,0.3333333333333333,0.5257480373877134,0.6923076923076923,-1.5351132016973492,-0.01406407356262207,1.5210491281347271,-1.5210491281347271
CHEMBL287_Ki,morgan,mlp,crem_lime,42,label_permuted,66,test,612,628,0.48999868691409026,0.5714285714285714,-0.19000306386712262,1.0,-1.6532125137753437,-0.12542939186096191,1.5277831219143818,-1.5277831219143818
CHEMBL287_Ki,morgan,mlp,crem_lime,42,label_permuted,68,test,685,739,0.43330768204717784,0.2653061224489796,0.22866878945310318,0.7142857142857143,-1.6534826632562507,-0.03763091564178467,1.615851747614466,-1.615851747614466
CHEMBL287_Ki,morgan,mlp,crem_lime,42,label_permuted,74,test,837,849,0.776880610198625,0.3333333333333333,0.6653209152979375,1.0,-1.6549960665157608,0.23019886016845703,1.8851949266842178,-1.8851949266842178
CHEMBL287_Ki,morgan,mlp,crem_lime,42,label_permuted,82,test,1025,1072,0.2424583769478021,0.22580645161290322,0.021508736890911043,0.967741935483871,1.027824589879962,0.0,1.027824589879962,-1.027824589879962
CHEMBL287_Ki,morgan,mlp,crem_lime,42,label_permuted,83,test,1047,1061,0.7174948870573872,0.43478260869565216,0.5001832617169157,1.0,1.149762320333332,-0.0705646276473999,1.220326947980732,-1.220326947980732
CHEMBL287_Ki,morgan,mlp,crem_lime,42,label_permuted,84,test,1054,1055,0.21082967836257308,0.17391304347826086,0.044688558017851626,1.0,1.320335150859368,0.019509196281433105,1.3008259545779348,-1.3008259545779348
CHEMBL287_Ki,morgan,mlp,crem_lime,42,label_permuted,85,test,1069,1070,0.3403601849431403,0.3389830508474576,0.0020833567088532944,1.0,-1.3624611602076298,-0.014277935028076172,1.3481832251795536,-1.3481832251795536
CHEMBL287_Ki,morgan,mlp,crem_lime,42,label_permuted,89,test,1089,1096,0.19235635663802686,0.2916666666666667,-0.140202790628668,1.0,1.1891626679034402,-0.05501842498779297,1.2441810928912331,-1.2441810928912331
CHEMBL287_Ki,morgan,mlp,crem_lime,42,label_permuted,93,test,1106,1118,0.14317825631553227,0.2,-0.07102717960558468,1.0,-1.3105753135702116,0.046714067459106445,1.357289381029318,-1.357289381029318
CHEMBL287_Ki,morgan,mlp,crem_lime,42,label_permuted,96,test,1233,1244,0.7031064364164725,0.45161290322580644,0.4586058546418029,1.0,1.1125491473152316,-0.20251572132110596,1.3150648686363375,-1.3150648686363375
CHEMBL287_Ki,morgan,mlp,crem_lime,42,label_permuted,97,test,1258,1281,0.763360858697546,0.2962962962962963,0.6637233255175654,1.0,-1.3442752605388384,0.43403756618499756,1.778312826723836,-1.778312826723836
CHEMBL287_Ki,morgan,mlp,crem_lime,42,label_permuted,101,test,1309,1311,0.5945755417583494,0.3181818181818182,0.40537746124557905,0.9696969696969697,1.2844976898198748,-0.15318560600280762,1.4376832958226824,-1.4376832958226824
CHEMBL244_Ki,morgan,xgboost,crem_mean,42,trained,2,test,556,560,0.23151338745570824,0.13559322033898305,0.11096646784091736,1.0,-1.6922366216770504,-0.11162042617797852,1.5806161954990718,-1.5806161954990718
CHEMBL244_Ki,morgan,xgboost,crem_mean,42,trained,3,test,13,78,0.1043581017205521,0.08333333333333333,0.022936110967875022,0.5476190476190477,1.0910804693473326,0.21868646144866943,0.8723940078986632,-0.8723940078986632
CHEMBL244_Ki,morgan,xgboost,crem_mean,42,trained,6,test,2271,2300,0.21101466014346124,0.2602739726027397,-0.0665912927690246,1.0,-1.463110540276848,0.1269831657409668,1.5900937060178149,-1.5900937060178149
CHEMBL244_Ki,morgan,xgboost,crem_mean,42,trained,25,test,261,264,0.2461309523809524,0.26666666666666666,-0.028003246753246728,0.25,-1.6989700043360187,0.19647878408432007,1.8954487884203388,-1.8954487884203388
CHEMBL244_Ki,morgan,xgboost,crem_mean,42,trained,32,test,287,288,0.43888888888888883,0.4444444444444444,-0.010000000000000064,0.24444444444444444,1.9999999999999996,1.9196423292160034,0.08035767078399614,-0.08035767078399614
CHEMBL244_Ki,morgan,xgboost,crem_mean,42,trained,35,test,312,335,0.04569809200065793,0.05263157894736842,-0.007318680665972184,0.9342105263157895,1.4409090820652177,-0.11426961421966553,1.5551786962848833,-1.5551786962848833
CHEMBL244_Ki,morgan,xgboost,crem_mean,42,trained,36,test,314,333,0.3755073381388402,0.1791044776119403,0.23925439373276897,0.9253731343283582,1.1549019599857433,0.952430248260498,0.20247171172524525,-0.20247171172524525
CHEMBL244_Ki,morgan,xgboost,crem_mean,42,trained,37,test,322,326,0.32603445709649687,0.25,0.10137927612866249,0.775,-1.3767507096020994,-0.09121060371398926,1.2855401058881102,-1.2855401058881102
CHEMBL244_Ki,morgan,xgboost,crem_mean,42,trained,38,test,356,374,0.09841340194969993,0.13513513513513514,-0.04245950399565947,0.9459459459459459,1.1160933293803952,0.06789159774780273,1.0482017316325924,-1.0482017316325924
CHEMBL244_Ki,morgan,xgboost,crem_mean,42,trained,50,test,495,508,0.3268173003467121,0.20634920634920634,0.15178979843685722,0.7142857142857143,2.0,0.15141868591308594,1.848581314086914,-1.848581314086914
CHEMBL244_Ki,morgan,xgboost,crem_mean,42,trained,55,test,553,1094,0.3942307692307692,0.06349206349206349,0.35316166883963496,1.0,1.8758877041394824,0.5544321537017822,1.3214555504377001,-1.3214555504377001
CHEMBL244_Ki,morgan,xgboost,crem_mean,42,trained,67,test,642,950,0.9805555555555556,0.2631578947368421,0.9736111111111112,0.43859649122807015,1.6398485522173623,-0.1233677864074707,1.763216338624833,-1.763216338624833
CHEMBL244_Ki,morgan,xgboost,crem_mean,42,trained,68,test,645,729,0.28081709956709955,0.3142857142857143,-0.048808396464646485,0.45714285714285713,-1.2013971243204518,-0.16192936897277832,1.0394677553476734,-1.0394677553476734
CHEMBL244_Ki,morgan,xgboost,crem_mean,42,trained,73,test,781,794,0.31260710553814003,0.20833333333333334,0.13171423857449266,0.625,1.1171133990963442,0.05215024948120117,1.064963149615143,-1.064963149615143
CHEMBL244_Ki,morgan,xgboost,crem_mean,42,trained,74,test,844,865,0.7811645591250854,0.24242424242424243,0.7111372180451128,1.0,-1.284278269569862,-0.9301849603652954,0.3540933092045666,-0.3540933092045666
CHEMBL244_Ki,morgan,xgboost,crem_mean,42,trained,77,test,895,1437,0.03848154473402528,0.05405405405405406,-0.016462366995458996,1.0,1.153814864344529,-0.06011152267456055,1.2139263870190895,-1.2139263870190895
CHEMBL244_Ki,morgan,xgboost,crem_mean,42,trained,87,test,1033,1246,0.2979257628473929,0.3793103448275862,-0.1311196043014225,1.0,1.0310342337399678,0.02242255210876465,1.0086116816312032,-1.0086116816312032
CHEMBL244_Ki,morgan,xgboost,crem_mean,42,trained,90,test,1128,1138,0.2941726029961324,0.1864406779661017,0.13242049118274607,0.4915254237288136,-1.3367455479305157,0.032713234424591064,1.3694587823551068,-1.3694587823551068
CHEMBL244_Ki,morgan,xgboost,crem_mean,42,trained,92,test,1164,1188,0.29225352112676056,0.056338028169014086,0.25,0.9154929577464789,-1.8692317197309762,-1.4943406134843826,0.3748911062465936,-0.3748911062465936
CHEMBL244_Ki,morgan,xgboost,crem_mean,42,trained,93,test,1207,1211,0.45475084773299673,0.26153846153846155,0.2616417729717664,0.9692307692307692,1.1333392786347307,0.3609161376953125,0.7724231409394182,-0.7724231409394182
CHEMBL244_Ki,morgan,xgboost,crem_mean,42,trained,95,test,1238,1243,0.8148395721925135,0.14285714285714285,0.7839795008912657,0.7402597402597403,1.1760912590556813,-0.011722564697265625,1.187813823752947,-1.187813823752947
CHEMBL244_Ki,morgan,xgboost,crem_mean,42,trained,100,test,1289,2103,0.7378041890809618,0.4,0.563006981801603,0.6714285714285714,-1.2678616324113265,0.012308642268180847,1.2801702746795074,-1.2801702746795074
CHEMBL244_Ki,morgan,xgboost,crem_mean,42,trained,107,test,1363,1364,0.21458489778890277,0.22666666666666666,-0.015622976997108469,0.76,1.3222192947339193,0.5585346221923828,0.7636846725415365,-0.7636846725415365
CHEMBL244_Ki,morgan,xgboost,crem_mean,42,trained,108,test,1384,1395,0.5402004951863448,0.3037974683544304,0.33956071126765897,0.5443037974683544,1.0720026614205014,0.5094121694564819,0.5625904919640194,-0.5625904919640194
CHEMBL244_Ki,morgan,xgboost,crem_mean,42,trained,114,test,1531,1535,0.18749999999999997,0.16666666666666666,0.024999999999999977,0.22916666666666666,1.6690067809585758,0.6104289293289185,1.0585778516296573,-1.0585778516296573
CHEMBL244_Ki,morgan,xgboost,crem_mean,42,trained,116,test,1557,1558,0.4330303806110257,0.3870967741935484,0.07494430520746304,0.45161290322580644,1.0389180660303703,0.3508012294769287,0.6881168365534416,-0.6881168365534416
CHEMBL244_Ki,morgan,xgboost,crem_mean,42,trained,118,test,1999,2003,0.12871781624042022,0.08860759493670886,0.044009826152683305,0.7468354430379747,-1.3622996524029038,-0.6461986601352692,0.7161009922676347,-0.7161009922676347
CHEMBL244_Ki,morgan,xgboost,crem_mean,42,trained,121,test,1608,1613,0.24113651180446838,0.32926829268292684,-0.13139647330970172,0.8780487804878049,1.1697510810246623,-0.32307863235473633,1.4928297133793986,-1.4928297133793986
CHEMBL244_Ki,morgan,xgboost,crem_mean,42,trained,126,test,1776,2055,0.1446174400015773,0.14285714285714285,0.002053680001840201,1.0,1.5854607295085006,0.3593149185180664,1.2261458109904342,-1.2261458109904342
CHEMBL244_Ki,morgan,xgboost,crem_mean,42,trained,130,test,1816,1841,0.14946253976252938,0.20588235294117646,-0.07104717215088892,1.0,1.373580662812593,0.09257274866104126,1.2810079141515518,-1.2810079141515518
CHEMBL244_Ki,morgan,xgboost,crem_mean,42,trained,141,test,2360,2396,0.5074137962469375,0.3150684931506849,0.28082414252052873,0.726027397260274,1.6283889300503116,0.35231857001781464,1.276070360032497,-1.276070360032497
CHEMBL244_Ki,morgan,xgboost,crem_mean,42,trained,148,test,2116,2120,0.17445585959548726,0.18181818181818182,-0.008998393827737799,1.0,-2.0,0.06369972229003906,2.063699722290039,-2.063699722290039
CHEMBL244_Ki,morgan,xgboost,crem_mean,42,trained,149,test,2193,2201,0.25354978860171995,0.15492957746478872,0.11670058317870195,0.8028169014084507,-1.501595024102863,-0.4989142417907715,1.0026807823120916,-1.0026807823120916
CHEMBL244_Ki,morgan,xgboost,crem_mean,42,trained,153,test,2149,2153,0.5383308496184305,0.5068493150684932,0.06383755617070619,0.8767123287671232,-2.5900951992983194,-1.5671201348304749,1.0229750644678446,-1.0229750644678446
CHEMBL244_Ki,morgan,xgboost,crem_mean,42,trained,155,test,2204,2205,0.19884771437814264,0.2112676056338028,-0.01574664784199772,0.9014084507042254,1.0239121574054106,-0.416548490524292,1.4404606479297026,-1.4404606479297026
CHEMBL244_Ki,morgan,xgboost,crem_mean,42,trained,157,test,2209,2218,0.18922707151588042,0.22857142857142856,-0.05100194433126611,1.0,-1.2662678894047694,0.5085333660244942,1.7748012554292636,-1.7748012554292636
CHEMBL244_Ki,morgan,xgboost,crem_mean,42,trained,159,test,2217,2223,0.35447431322765843,0.2702702702702703,0.11539072553419857,0.918918918918919,-1.2218487496163564,0.27735682390630245,1.4992055735226588,-1.4992055735226588
CHEMBL244_Ki,morgan,xgboost,crem_mean,42,trained,162,test,2257,2258,0.06626656664166042,0.05084745762711865,0.016245132711749367,0.7966101694915254,-2.6989700043360187,-0.9175324440002441,1.7814375603357746,-1.7814375603357746
CHEMBL244_Ki,morgan,xgboost,crem_mean,42,trained,163,test,2262,2265,0.4137290106135012,0.4117647058823529,0.003339318042952077,0.8823529411764706,-1.4771212547196626,-0.25203728675842285,1.2250839679612398,-1.2250839679612398
CHEMBL244_Ki,morgan,xgboost,crem_mean,42,trained,164,test,2288,2854,0.6060976361333186,0.2345679012345679,0.4853856213999807,1.0,-1.1890562362200492,-1.0412847995758057,0.14777143664424353,-0.14777143664424353
CHEMBL244_Ki,morgan,xgboost,crem_mean,42,trained,168,test,2363,2398,0.29089752351954,0.22857142857142856,0.08079308604384818,0.7142857142857143,1.786120180054919,0.3757597506046295,1.4103604294502894,-1.4103604294502894
CHEMBL244_Ki,morgan,xgboost,crem_mean,42,trained,169,test,2372,2385,0.2069257761915744,0.2537313432835821,-0.06271945990329032,0.7014925373134329,-1.4637572931616807,0.03274792432785034,1.496505217489531,-1.496505217489531
CHEMBL244_Ki,morgan,xgboost,crem_mean,42,trained,171,test,2438,2446,0.09681787576248957,0.14705882352941177,-0.058903180140529476,0.9264705882352942,1.5006023505691857,0.38075578212738037,1.1198465684418053,-1.1198465684418053
CHEMBL244_Ki,morgan,xgboost,crem_mean,42,trained,172,test,2461,2462,0.08913865200016478,0.06779661016949153,0.022894190327449496,0.8983050847457628,1.3679767852945945,0.71876460313797,0.6492121821566246,-0.6492121821566246
CHEMBL244_Ki,morgan,xgboost,crem_mean,42,trained,173,test,2475,2476,0.0433223864258347,0.047619047619047616,-0.0045114942528735645,0.7619047619047619,-1.510545010206612,-0.06731305457651615,1.4432319556300959,-1.4432319556300959
CHEMBL244_Ki,morgan,xgboost,crem_mean,42,trained,175,test,2479,2499,0.5094316262879948,0.29508196721311475,0.3040774233387833,0.7049180327868853,1.0543576623225928,1.1575700044631958,0.10321234214060304,-0.10321234214060304
CHEMBL244_Ki,morgan,xgboost,crem_mean,42,trained,182,test,2632,2633,0.2931579314856055,0.3225806451612903,-0.04343352971172522,0.3064516129032258,-1.2218487496163566,0.1187223494052887,1.3405710990216453,-1.3405710990216453
CHEMBL244_Ki,morgan,xgboost,crem_mean,42,trained,183,test,2639,2642,0.2857142857142857,0.21428571428571427,0.09090909090909091,0.5357142857142857,1.1249387366083,0.45594213902950287,0.668996597578797,-0.668996597578797
CHEMBL244_Ki,morgan,xgboost,crem_mean,42,trained,189,test,2710,2712,0.16281664180823843,0.1717171717171717,-0.010745761719321886,0.494949494949495,1.1807047638610455,-0.8990182876586914,2.079723051519737,-2.079723051519737
CHEMBL244_Ki,morgan,xgboost,crem_mean,42,trained,194,test,2836,2838,0.06666666666666667,0.05970149253731343,0.007407407407407407,1.0,-1.5454822249613125,0.15006399154663086,1.6955462165079433,-1.6955462165079433
CHEMBL244_Ki,morgan,xgboost,crem_mean,42,trained,200,test,3010,3013,0.24527916866930866,0.2127659574468085,0.04130056560695964,1.0,-1.5740312677277188,-0.06885504722595215,1.5051762205017667,-1.5051762205017667
CHEMBL244_Ki,morgan,xgboost,crem_mean,42,trained,202,test,3034,3036,0.22487212160599257,0.1935483870967742,0.0388414307914308,0.5806451612903226,1.7861201800549193,-0.12202537059783936,1.9081455506527587,-1.9081455506527587
CHEMBL244_Ki,morgan,xgboost,crem_lime,42,trained,2,test,556,560,0.11186775641455081,0.13559322033898305,-0.02744710532434318,0.6949152542372882,-1.6922366216770504,-0.11162042617797852,1.5806161954990718,-1.5806161954990718
CHEMBL244_Ki,morgan,xgboost,crem_lime,42,trained,3,test,13,78,0.05597888751244062,0.08333333333333333,-0.029841213622792045,1.0,1.0910804693473326,0.21868646144866943,0.8723940078986632,-0.8723940078986632
CHEMBL244_Ki,morgan,xgboost,crem_lime,42,trained,6,test,2271,2300,0.1864176736530027,0.2602739726027397,-0.09984277450612593,1.0,-1.463110540276848,0.1269831657409668,1.5900937060178149,-1.5900937060178149
CHEMBL244_Ki,morgan,xgboost,crem_lime,42,trained,25,test,261,264,0.2942161680468346,0.26666666666666666,0.037567501882047175,1.0,-1.6989700043360187,0.19647878408432007,1.8954487884203388,-1.8954487884203388
CHEMBL244_Ki,morgan,xgboost,crem_lime,42,trained,32,test,287,288,0.6685413599558336,0.4444444444444444,0.4033744479205006,1.0,1.9999999999999996,1.9196423292160034,0.08035767078399614,-0.08035767078399614
CHEMBL244_Ki,morgan,xgboost,crem_lime,42,trained,35,test,312,335,0.05474571183995176,0.05263157894736842,0.0022315847199490865,1.0,1.4409090820652177,-0.11426961421966553,1.5551786962848833,-1.5551786962848833
CHEMBL244_Ki,morgan,xgboost,crem_lime,42,trained,36,test,314,333,0.7201915150444563,0.1791044776119403,0.659142391054156,1.0,1.1549019599857433,0.952430248260498,0.20247171172524525,-0.20247171172524525
CHEMBL244_Ki,morgan,xgboost,crem_lime,42,trained,37,test,322,326,0.185246392426198,0.25,-0.086338143431736,1.0,-1.3767507096020994,-0.09121060371398926,1.2855401058881102,-1.2855401058881102
CHEMBL244_Ki,morgan,xgboost,crem_lime,42,trained,38,test,356,374,0.18674572078578652,0.13513513513513514,0.05967473965856566,1.0,1.1160933293803952,0.06789159774780273,1.0482017316325924,-1.0482017316325924
CHEMBL244_Ki,morgan,xgboost,crem_lime,42,trained,50,test,495,508,0.22905879605195353,0.20634920634920634,0.028614083025461465,1.0,2.0,0.15141868591308594,1.848581314086914,-1.848581314086914
CHEMBL244_Ki,morgan,xgboost,crem_lime,42,trained,55,test,553,1094,0.06399203800347919,0.06349206349206349,0.000533871088460834,1.0,1.8758877041394824,0.5544321537017822,1.3214555504377001,-1.3214555504377001
CHEMBL244_Ki,morgan,xgboost,crem_lime,42,trained,67,test,642,950,1.0,0.2631578947368421,1.0,0.9298245614035088,1.6398485522173623,-0.1233677864074707,1.763216338624833,-1.763216338624833
CHEMBL244_Ki,morgan,xgboost,crem_lime,42,trained,68,test,645,729,0.2120450938142156,0.3142857142857143,-0.1491009048542689,0.9714285714285714,-1.2013971243204518,-0.16192936897277832,1.0394677553476734,-1.0394677553476734
CHEMBL244_Ki,morgan,xgboost,crem_lime,42,trained,73,test,781,794,0.3577058647692685,0.20833333333333334,0.18868109234012867,0.9583333333333334,1.1171133990963442,0.05215024948120117,1.064963149615143,-1.064963149615143
CHEMBL244_Ki,morgan,xgboost,crem_lime,42,trained,74,test,844,865,0.9499458874458875,0.24242424242424243,0.9339285714285714,1.0,-1.284278269569862,-0.9301849603652954,0.3540933092045666,-0.3540933092045666
CHEMBL244_Ki,morgan,xgboost,crem_lime,42,trained,77,test,895,1437,0.03425305732126106,0.05405405405405406,-0.020932482260381167,1.0,1.153814864344529,-0.06011152267456055,1.2139263870190895,-1.2139263870190895
CHEMBL244_Ki,morgan,xgboost,crem_lime,42,trained,87,test,1033,1246,0.24814459180549156,0.3793103448275862,-0.21132260209115244,1.0,1.0310342337399678,0.02242255210876465,1.0086116816312032,-1.0086116816312032
CHEMBL244_Ki,morgan,xgboost,crem_lime,42,trained,90,test,1128,1138,0.12556707375320916,0.1864406779661017,-0.07482380517834707,1.0,-1.3367455479305157,0.032713234424591064,1.3694587823551068,-1.3694587823551068
CHEMBL244_Ki,morgan,xgboost,crem_lime,42,trained,92,test,1164,1188,1.0,0.056338028169014086,1.0,1.0,-1.8692317197309762,-1.4943406134843826,0.3748911062465936,-0.3748911062465936
CHEMBL244_Ki,morgan,xgboost,crem_lime,42,trained,93,test,1207,1211,0.3256021408293699,0.26153846153846155,0.08675289903977171,1.0,1.1333392786347307,0.3609161376953125,0.7724231409394182,-0.7724231409394182
CHEMBL244_Ki,morgan,xgboost,crem_lime,42,trained,95,test,1238,1243,0.2467838793120003,0.14285714285714285,0.12124785919733368,0.974025974025974,1.1760912590556813,-0.011722564697265625,1.187813823752947,-1.187813823752947
CHEMBL244_Ki,morgan,xgboost,crem_lime,42,trained,100,test,1289,2103,0.6501351485647758,0.4,0.41689191427462635,1.0,-1.2678616324113265,0.012308642268180847,1.2801702746795074,-1.2801702746795074
CHEMBL244_Ki,morgan,xgboost,crem_lime,42,trained,107,test,1363,1364,0.14800142005942155,0.22666666666666666,-0.10172230164729971,0.88,1.3222192947339193,0.5585346221923828,0.7636846725415365,-0.7636846725415365
CHEMBL244_Ki,morgan,xgboost,crem_lime,42,trained,108,test,1384,1395,0.28416836103050314,0.3037974683544304,-0.02819453597436824,0.8860759493670886,1.0720026614205014,0.5094121694564819,0.5625904919640194,-0.5625904919640194
CHEMBL244_Ki,morgan,xgboost,crem_lime,42,trained,114,test,1531,1535,0.1764772196757491,0.16666666666666666,0.011772663610898914,1.0,1.6690067809585758,0.6104289293289185,1.0585778516296573,-1.0585778516296573
CHEMBL244_Ki,morgan,xgboost,crem_lime,42,trained,116,test,1557,1558,0.4863162421533617,0.3870967741935484,0.16188439509232702,1.0,1.0389180660303703,0.3508012294769287,0.6881168365534416,-0.6881168365534416
CHEMBL244_Ki,morgan,xgboost,crem_lime,42,trained,118,test,1999,2003,0.35978835978835977,0.08860759493670886,0.29754556143445027,1.0,-1.3622996524029038,-0.6461986601352692,0.7161009922676347,-0.7161009922676347
CHEMBL244_Ki,morgan,xgboost,crem_lime,42,trained,121,test,1608,1613,0.23619391638014087,0.32926829268292684,-0.13876543376051728,0.9634146341463414,1.1697510810246623,-0.32307863235473633,1.4928297133793986,-1.4928297133793986
CHEMBL244_Ki,morgan,xgboost,crem_lime,42,trained,126,test,1776,2055,0.18621565632435197,0.14285714285714285,0.050584932378410635,1.0,1.5854607295085006,0.3593149185180664,1.2261458109904342,-1.2261458109904342
CHEMBL244_Ki,morgan,xgboost,crem_lime,42,trained,130,test,1816,1841,0.12287342161198614,0.20588235294117646,-0.10452976537749892,1.0,1.373580662812593,0.09257274866104126,1.2810079141515518,-1.2810079141515518
CHEMBL244_Ki,morgan,xgboost,crem_lime,42,trained,141,test,2360,2396,0.41676354465263454,0.3150684931506849,0.14847477519284644,1.0,1.6283889300503116,0.35231857001781464,1.276070360032497,-1.276070360032497
CHEMBL244_Ki,morgan,xgboost,crem_lime,42,trained,148,test,2116,2120,0.179332060660677,0.18181818181818182,-0.0030385925258392277,1.0,-2.0,0.06369972229003906,2.063699722290039,-2.063699722290039
CHEMBL244_Ki,morgan,xgboost,crem_lime,42,trained,149,test,2193,2201,0.5574843059753546,0.15492957746478872,0.47635642873750295,1.0,-1.501595024102863,-0.4989142417907715,1.0026807823120916,-1.0026807823120916
CHEMBL244_Ki,morgan,xgboost,crem_lime,42,trained,153,test,2149,2153,0.5482386510916404,0.5068493150684932,0.08392837582471517,1.0,-2.5900951992983194,-1.5671201348304749,1.0229750644678446,-1.0229750644678446
CHEMBL244_Ki,morgan,xgboost,crem_lime,42,trained,155,test,2204,2205,0.32902124324854226,0.2112676056338028,0.14929479054725894,1.0,1.0239121574054106,-0.416548490524292,1.4404606479297026,-1.4404606479297026
CHEMBL244_Ki,morgan,xgboost,crem_lime,42,trained,157,test,2209,2218,0.16623204821715773,0.22857142857142856,-0.08081030786664738,1.0,-1.2662678894047694,0.5085333660244942,1.7748012554292636,-1.7748012554292636
CHEMBL244_Ki,morgan,xgboost,crem_lime,42,trained,159,test,2217,2223,0.21823756037910988,0.2702702702702703,-0.07130408392492352,1.0,-1.2218487496163564,0.27735682390630245,1.4992055735226588,-1.4992055735226588
CHEMBL244_Ki,morgan,xgboost,crem_lime,42,trained,162,test,2257,2258,0.08313525749858518,0.05084745762711865,0.03401750343600938,1.0,-2.6989700043360187,-0.9175324440002441,1.7814375603357746,-1.7814375603357746
CHEMBL244_Ki,morgan,xgboost,crem_lime,42,trained,163,test,2262,2265,0.41003049461426644,0.4117647058823529,-0.002948159155747021,1.0,-1.4771212547196626,-0.25203728675842285,1.2250839679612398,-1.2250839679612398
CHEMBL244_Ki,morgan,xgboost,crem_lime,42,trained,164,test,2288,2854,0.583621208590333,0.2345679012345679,0.45602125638414465,1.0,-1.1890562362200492,-1.0412847995758057,0.14777143664424353,-0.14777143664424353
CHEMBL244_Ki,morgan,xgboost,crem_lime,42,trained,168,test,2363,2398,0.2363022290291045,0.22857142857142856,0.010021408000691026,1.0,1.786120180054919,0.3757597506046295,1.4103604294502894,-1.4103604294502894
CHEMBL244_Ki,morgan,xgboost,crem_lime,42,trained,169,test,2372,2385,0.15468446366590405,0.2537313432835821,-0.1327228186876886,1.0,-1.4637572931616807,0.03274792432785034,1.496505217489531,-1.496505217489531
CHEMBL244_Ki,morgan,xgboost,crem_lime,42,trained,171,test,2438,2446,0.09203239979146445,0.14705882352941177,-0.06451373817552444,1.0,1.5006023505691857,0.38075578212738037,1.1198465684418053,-1.1198465684418053
CHEMBL244_Ki,morgan,xgboost,crem_lime,42,trained,172,test,2461,2462,0.20340909090909093,0.06779661016949153,0.1454752066115703,1.0,1.3679767852945945,0.71876460313797,0.6492121821566246,-0.6492121821566246
CHEMBL244_Ki,morgan,xgboost,crem_lime,42,trained,173,test,2475,2476,0.039503230260287674,0.047619047619047616,-0.00852160822669794,1.0,-1.510545010206612,-0.06731305457651615,1.4432319556300959,-1.4432319556300959
CHEMBL244_Ki,morgan,xgboost,crem_lime,42,trained,175,test,2479,2499,0.550864032949063,0.29508196721311475,0.3628536281370429,1.0,1.0543576623225928,1.1575700044631958,0.10321234214060304,-0.10321234214060304
CHEMBL244_Ki,morgan,xgboost,crem_lime,42,trained,182,test,2632,2633,0.5489623268977175,0.3225806451612903,0.33418248256329725,1.0,-1.2218487496163566,0.1187223494052887,1.3405710990216453,-1.3405710990216453
CHEMBL244_Ki,morgan,xgboost,crem_lime,42,trained,183,test,2639,2642,0.24053702647671793,0.21428571428571427,0.03341076097036829,0.7857142857142857,1.1249387366083,0.45594213902950287,0.668996597578797,-0.668996597578797
CHEMBL244_Ki,morgan,xgboost,crem_lime,42,trained,189,test,2710,2712,0.1411208134960927,0.1717171717171717,-0.03693950565715636,0.8585858585858586,1.1807047638610455,-0.8990182876586914,2.079723051519737,-2.079723051519737
CHEMBL244_Ki,morgan,xgboost,crem_lime,42,trained,194,test,2836,2838,0.045563301078006956,0.05970149253731343,-0.015035854409103712,1.0,-1.5454822249613125,0.15006399154663086,1.6955462165079433,-1.6955462165079433
CHEMBL244_Ki,morgan,xgboost,crem_lime,42,trained,200,test,3010,3013,0.21149518564000203,0.2127659574468085,-0.0016142236464839154,1.0,-1.5740312677277188,-0.06885504722595215,1.5051762205017667,-1.5051762205017667
CHEMBL244_Ki,morgan,xgboost,crem_lime,42,trained,202,test,3034,3036,0.2053233132237709,0.1935483870967742,0.014600908397475921,0.967741935483871,1.7861201800549193,-0.12202537059783936,1.9081455506527587,-1.9081455506527587
CHEMBL244_Ki,morgan,xgboost,crem_mean,42,label_permuted,2,test,556,560,0.1266413671074688,0.13559322033898305,-0.010356065503124342,1.0,-1.6922366216770504,-0.015256643295288086,1.6769799783817623,-1.6769799783817623
CHEMBL244_Ki,morgan,xgboost,crem_mean,42,label_permuted,3,test,13,78,0.5304890071970817,0.08333333333333333,0.4878061896695437,0.5476190476190477,1.0910804693473326,-0.037142276763916016,1.1282227461112486,-1.1282227461112486
CHEMBL244_Ki,morgan,xgboost,crem_mean,42,label_permuted,6,test,2271,2300,0.27772875314092577,0.2602739726027397,0.02359627739421448,1.0,-1.463110540276848,-0.12552011013031006,1.337590430146538,-1.337590430146538
CHEMBL244_Ki,morgan,xgboost,crem_mean,42,label_permuted,25,test,261,264,0.25094696969696967,0.26666666666666666,-0.021435950413223173,0.25,-1.6989700043360187,0.0,1.6989700043360187,-1.6989700043360187
CHEMBL244_Ki,morgan,xgboost,crem_mean,42,label_permuted,32,test,287,288,0.4322222222222222,0.4444444444444444,-0.02200000000000004,0.24444444444444444,1.9999999999999996,0.0,1.9999999999999996,-1.9999999999999996
CHEMBL244_Ki,morgan,xgboost,crem_mean,42,label_permuted,35,test,312,335,0.08901996370235934,0.05263157894736842,0.03840996168582375,0.9342105263157895,1.4409090820652177,0.0,1.4409090820652177,-1.4409090820652177
CHEMBL244_Ki,morgan,xgboost,crem_mean,42,label_permuted,36,test,314,333,0.35353266136848227,0.1791044776119403,0.21248524203069658,0.9253731343283582,1.1549019599857433,0.04751920700073242,1.1073827529850109,-1.1073827529850109
CHEMBL244_Ki,morgan,xgboost,crem_mean,42,label_permuted,37,test,322,326,0.33668383346316266,0.25,0.11557844461755022,0.775,-1.3767507096020994,0.0,1.3767507096020994,-1.3767507096020994
CHEMBL244_Ki,morgan,xgboost,crem_mean,42,label_permuted,38,test,356,374,0.27520065427671303,0.13513513513513514,0.16195075650744942,0.9459459459459459,1.1160933293803952,0.04647719860076904,1.0696161307796261,-1.0696161307796261
CHEMBL244_Ki,morgan,xgboost,crem_mean,42,label_permuted,50,test,495,508,0.29146017381311495,0.20634920634920634,0.10723981900452485,0.7142857142857143,2.0,0.0,2.0,-2.0
CHEMBL244_Ki,morgan,xgboost,crem_mean,42,label_permuted,55,test,553,1094,0.15560875512995898,0.06349206349206349,0.09836189107097315,1.0,1.8758877041394824,-0.0012888908386230469,1.8771765949781054,-1.8771765949781054
CHEMBL244_Ki,morgan,xgboost,crem_mean,42,label_permuted,67,test,642,950,0.5806030227082859,0.2631578947368421,0.4308183879612451,0.43859649122807015,1.6398485522173623,0.0,1.6398485522173623,-1.6398485522173623
CHEMBL244_Ki,morgan,xgboost,crem_mean,42,label_permuted,68,test,645,729,0.284695961153471,0.3142857142857143,-0.043151723317854766,0.45714285714285713,-1.2013971243204518,-0.07331180572509766,1.128085318595354,-1.128085318595354
CHEMBL244_Ki,morgan,xgboost,crem_mean,42,label_permuted,73,test,781,794,0.19111111111111112,0.20833333333333334,-0.021754385964912283,0.625,1.1171133990963442,0.0,1.1171133990963442,-1.1171133990963442
CHEMBL244_Ki,morgan,xgboost,crem_mean,42,label_permuted,74,test,844,865,0.6376570377297122,0.24242424242424243,0.52170728980322,1.0,-1.284278269569862,-0.1562950611114502,1.1279832084584118,-1.1279832084584118
CHEMBL244_Ki,morgan,xgboost,crem_mean,42,label_permuted,77,test,895,1437,0.05405405405405406,0.05405405405405406,0.0,1.0,1.153814864344529,0.0,1.153814864344529,-1.153814864344529
CHEMBL244_Ki,morgan,xgboost,crem_mean,42,label_permuted,87,test,1033,1246,0.5727503553615169,0.3793103448275862,0.31165335030466607,1.0,1.0310342337399678,0.0,1.0310342337399678,-1.0310342337399678
CHEMBL244_Ki,morgan,xgboost,crem_mean,42,label_permuted,90,test,1128,1138,0.4817524580682475,0.1864406779661017,0.3629873963755542,0.4915254237288136,-1.3367455479305157,0.0,1.3367455479305157,-1.3367455479305157
CHEMBL244_Ki,morgan,xgboost,crem_mean,42,label_permuted,92,test,1164,1188,0.05267018779342723,0.056338028169014086,-0.003886815920398015,0.9154929577464789,-1.8692317197309762,0.0,1.8692317197309762,-1.8692317197309762
CHEMBL244_Ki,morgan,xgboost,crem_mean,42,label_permuted,93,test,1207,1211,0.24271818012484558,0.26153846153846155,-0.025485797747604958,0.9692307692307692,1.1333392786347307,0.0,1.1333392786347307,-1.1333392786347307
CHEMBL244_Ki,morgan,xgboost,crem_mean,42,label_permuted,95,test,1238,1243,0.1515151515151515,0.14285714285714285,0.010101010101010083,0.7402597402597403,1.1760912590556813,0.0,1.1760912590556813,-1.1760912590556813
CHEMBL244_Ki,morgan,xgboost,crem_mean,42,label_permuted,100,test,1289,2103,0.5882703417603079,0.4,0.3137839029338465,0.6714285714285714,-1.2678616324113265,0.0,1.2678616324113265,-1.2678616324113265
CHEMBL244_Ki,morgan,xgboost,crem_mean,42,label_permuted,107,test,1363,1364,0.22666666666666666,0.22666666666666666,0.0,0.76,1.3222192947339193,0.015009522438049316,1.30720977229587,-1.30720977229587
CHEMBL244_Ki,morgan,xgboost,crem_mean,42,label_permuted,108,test,1384,1395,0.5454047619505792,0.3037974683544304,0.34703593080174105,0.5443037974683544,1.0720026614205014,0.06915104389190674,1.0028516175285946,-1.0028516175285946
CHEMBL244_Ki,morgan,xgboost,crem_mean,42,label_permuted,114,test,1531,1535,0.16666666666666666,0.16666666666666666,0.0,0.22916666666666666,1.6690067809585758,0.0,1.6690067809585758,-1.6690067809585758
CHEMBL244_Ki,morgan,xgboost,crem_mean,42,label_permuted,116,test,1557,1558,0.37341872232764073,0.3870967741935484,-0.022316821465428266,0.45161290322580644,1.0389180660303703,0.0,1.0389180660303703,-1.0389180660303703
CHEMBL244_Ki,morgan,xgboost,crem_mean,42,label_permuted,118,test,1999,2003,0.07953026794843743,0.08860759493670886,-0.009959844889908934,0.7468354430379747,-1.3622996524029038,0.0,1.3622996524029038,-1.3622996524029038
CHEMBL244_Ki,morgan,xgboost,crem_mean,42,label_permuted,121,test,1608,1613,0.4021422870025981,0.32926829268292684,0.1086485006220553,0.8780487804878049,1.1697510810246623,-0.11069989204406738,1.2804509730687297,-1.2804509730687297
CHEMBL244_Ki,morgan,xgboost,crem_mean,42,label_permuted,126,test,1776,2055,0.36834415584415586,0.14285714285714285,0.2630681818181818,1.0,1.5854607295085006,0.0,1.5854607295085006,-1.5854607295085006
CHEMBL244_Ki,morgan,xgboost,crem_mean,42,label_permuted,130,test,1816,1841,0.186936280475464,0.20588235294117646,-0.023858017179045305,1.0,1.373580662812593,0.0,1.373580662812593,-1.373580662812593
CHEMBL244_Ki,morgan,xgboost,crem_mean,42,label_permuted,141,test,2360,2396,0.502690026349029,0.3150684931506849,0.2739274384695824,0.726027397260274,1.6283889300503116,0.0,1.6283889300503116,-1.6283889300503116
CHEMBL244_Ki,morgan,xgboost,crem_mean,42,label_permuted,148,test,2116,2120,0.15047457331940092,0.18181818181818182,-0.03830885483184333,1.0,-2.0,-0.015009522438049316,1.9849904775619507,-1.9849904775619507
CHEMBL244_Ki,morgan,xgboost,crem_mean,42,label_permuted,149,test,2193,2201,0.15813674885209356,0.15492957746478872,0.003795152808310722,0.8028169014084507,-1.501595024102863,0.0,1.501595024102863,-1.501595024102863
CHEMBL244_Ki,morgan,xgboost,crem_mean,42,label_permuted,153,test,2149,2153,0.549930887158929,0.5068493150684932,0.08735985451671711,0.8767123287671232,-2.5900951992983194,0.32821691036224365,2.918312109660563,-2.918312109660563
CHEMBL244_Ki,morgan,xgboost,crem_mean,42,label_permuted,155,test,2204,2205,0.35335527928076765,0.2112676056338028,0.18014687194525897,0.9014084507042254,1.0239121574054106,0.07113969326019287,0.9527724641452178,-0.9527724641452178
CHEMBL244_Ki,morgan,xgboost,crem_mean,42,label_permuted,157,test,2209,2218,0.1827496907854051,0.22857142857142856,-0.05939854898188227,1.0,-1.2662678894047694,0.0,1.2662678894047694,-1.2662678894047694
CHEMBL244_Ki,morgan,xgboost,crem_mean,42,label_permuted,159,test,2217,2223,0.4232190070505288,0.2702702702702703,0.20959641706924312,0.918918918918919,-1.2218487496163564,0.0,1.2218487496163564,-1.2218487496163564
CHEMBL244_Ki,morgan,xgboost,crem_mean,42,label_permuted,162,test,2257,2258,0.05084745762711865,0.05084745762711865,0.0,0.7966101694915254,-2.6989700043360187,0.0,2.6989700043360187,-2.6989700043360187
CHEMBL244_Ki,morgan,xgboost,crem_mean,42,label_permuted,163,test,2262,2265,0.4841637794719027,0.4117647058823529,0.12307842510223461,0.8823529411764706,-1.4771212547196626,-0.2193126678466797,1.257808586872983,-1.257808586872983
CHEMBL244_Ki,morgan,xgboost,crem_mean,42,label_permuted,164,test,2288,2854,0.36817169185590237,0.2345679012345679,0.1745468877472273,1.0,-1.1890562362200492,-0.0264894962310791,1.16256673998897,-1.16256673998897
CHEMBL244_Ki,morgan,xgboost,crem_mean,42,label_permuted,168,test,2363,2398,0.6632689203730272,0.22857142857142856,0.563496748631702,0.7142857142857143,1.786120180054919,-0.05530965328216553,1.8414298333370844,-1.8414298333370844
CHEMBL244_Ki,morgan,xgboost,crem_mean,42,label_permuted,169,test,2372,2385,0.2698939268195065,0.2537313432835821,0.02165786193813873,0.7014925373134329,-1.4637572931616807,0.0,1.4637572931616807,-1.4637572931616807
CHEMBL244_Ki,morgan,xgboost,crem_mean,42,label_permuted,171,test,2438,2446,0.21167623226446755,0.14705882352941177,0.07575834127558265,0.9264705882352942,1.5006023505691857,-0.10480391979217529,1.605406270361361,-1.605406270361361
CHEMBL244_Ki,morgan,xgboost,crem_mean,42,label_permuted,172,test,2461,2462,0.08104742789176331,0.06779661016949153,0.014214513556618822,0.8983050847457628,1.3679767852945945,0.0,1.3679767852945945,-1.3679767852945945
CHEMBL244_Ki,morgan,xgboost,crem_mean,42,label_permuted,173,test,2475,2476,0.047619047619047616,0.047619047619047616,0.0,0.7619047619047619,-1.510545010206612,0.0,1.510545010206612,-1.510545010206612
CHEMBL244_Ki,morgan,xgboost,crem_mean,42,label_permuted,175,test,2479,2499,0.5590453303897958,0.29508196721311475,0.3744596547390126,0.7049180327868853,1.0543576623225928,-0.11823475360870361,1.1725924159312964,-1.1725924159312964
CHEMBL244_Ki,morgan,xgboost,crem_mean,42,label_permuted,182,test,2632,2633,0.39919354838709675,0.3225806451612903,0.11309523809523807,0.3064516129032258,-1.2218487496163566,-0.14851689338684082,1.0733318562295158,-1.0733318562295158
CHEMBL244_Ki,morgan,xgboost,crem_mean,42,label_permuted,183,test,2639,2642,0.21428571428571427,0.21428571428571427,0.0,0.5357142857142857,1.1249387366083,0.0,1.1249387366083,-1.1249387366083
CHEMBL244_Ki,morgan,xgboost,crem_mean,42,label_permuted,189,test,2710,2712,0.1717171717171717,0.1717171717171717,0.0,0.494949494949495,1.1807047638610455,-0.07113969326019287,1.2518444571212384,-1.2518444571212384
CHEMBL244_Ki,morgan,xgboost,crem_mean,42,label_permuted,194,test,2836,2838,0.09523809523809523,0.05970149253731343,0.037792894935752074,1.0,-1.5454822249613125,0.0,1.5454822249613125,-1.5454822249613125
CHEMBL244_Ki,morgan,xgboost,crem_mean,42,label_permuted,200,test,3010,3013,0.24519444480541122,0.2127659574468085,0.041192943401468306,1.0,-1.5740312677277188,0.0,1.5740312677277188,-1.5740312677277188
CHEMBL244_Ki,morgan,xgboost,crem_mean,42,label_permuted,202,test,3034,3036,0.4642921146953405,0.1935483870967742,0.33572222222222226,0.5806451612903226,1.7861201800549193,-0.011659860610961914,1.7977800406658813,-1.7977800406658813
CHEMBL244_Ki,morgan,xgboost,crem_lime,42,label_permuted,2,test,556,560,0.10844432685169098,0.13559322033898305,-0.031407543446082986,0.6949152542372882,-1.6922366216770504,-0.015256643295288086,1.6769799783817623,-1.6769799783817623
CHEMBL244_Ki,morgan,xgboost,crem_lime,42,label_permuted,3,test,13,78,0.3737833594976452,0.08333333333333333,0.31685457399743117,1.0,1.0910804693473326,-0.037142276763916016,1.1282227461112486,-1.1282227461112486
CHEMBL244_Ki,morgan,xgboost,crem_lime,42,label_permuted,6,test,2271,2300,0.2502431058473745,0.2602739726027397,-0.013560245798919603,1.0,-1.463110540276848,-0.12552011013031006,1.337590430146538,-1.337590430146538
CHEMBL244_Ki,morgan,xgboost,crem_lime,42,label_permuted,25,test,261,264,0.19285360238026697,0.26666666666666666,-0.10065417857236321,1.0,-1.6989700043360187,0.0,1.6989700043360187,-1.6989700043360187
CHEMBL244_Ki,morgan,xgboost,crem_lime,42,label_permuted,32,test,287,288,0.47033268222913527,0.4444444444444444,0.04659882801244353,1.0,1.9999999999999996,0.0,1.9999999999999996,-1.9999999999999996
CHEMBL244_Ki,morgan,xgboost,crem_lime,42,label_permuted,35,test,312,335,0.06952284946236559,0.05263157894736842,0.01782967443249701,1.0,1.4409090820652177,0.0,1.4409090820652177,-1.4409090820652177
CHEMBL244_Ki,morgan,xgboost,crem_lime,42,label_permuted,36,test,314,333,0.615319204604919,0.1791044776119403,0.5313888492459922,1.0,1.1549019599857433,0.04751920700073242,1.1073827529850109,-1.1073827529850109
CHEMBL244_Ki,morgan,xgboost,crem_lime,42,label_permuted,37,test,322,326,0.27375534563711124,0.25,0.031673794182814984,1.0,-1.3767507096020994,0.0,1.3767507096020994,-1.3767507096020994
CHEMBL244_Ki,morgan,xgboost,crem_lime,42,label_permuted,38,test,356,374,0.6297619047619047,0.13513513513513514,0.5719122023809523,1.0,1.1160933293803952,0.04647719860076904,1.0696161307796261,-1.0696161307796261
CHEMBL244_Ki,morgan,xgboost,crem_lime,42,label_permuted,50,test,495,508,0.19778902939767892,0.20634920634920634,-0.010785822958924543,1.0,2.0,0.0,2.0,-2.0
CHEMBL244_Ki,morgan,xgboost,crem_lime,42,label_permuted,55,test,553,1094,0.06448746782319237,0.06349206349206349,0.0010628893705274477,1.0,1.8758877041394824,-0.0012888908386230469,1.8771765949781054,-1.8771765949781054
CHEMBL244_Ki,morgan,xgboost,crem_lime,42,label_permuted,67,test,642,950,0.5449364064500909,0.2631578947368421,0.38241369446798046,0.9298245614035088,1.6398485522173623,0.0,1.6398485522173623,-1.6398485522173623
CHEMBL244_Ki,morgan,xgboost,crem_lime,42,label_permuted,68,test,645,729,0.22752912599076597,0.3142857142857143,-0.12652002459679962,0.9714285714285714,-1.2013971243204518,-0.07331180572509766,1.128085318595354,-1.128085318595354
CHEMBL244_Ki,morgan,xgboost,crem_lime,42,label_permuted,73,test,781,794,0.196413445718854,0.20833333333333334,-0.015056700144605492,0.9583333333333334,1.1171133990963442,0.0,1.1171133990963442,-1.1171133990963442
CHEMBL244_Ki,morgan,xgboost,crem_lime,42,label_permuted,74,test,844,865,0.6406587549747155,0.24242424242424243,0.5256695565666244,1.0,-1.284278269569862,-0.1562950611114502,1.1279832084584118,-1.1279832084584118
CHEMBL244_Ki,morgan,xgboost,crem_lime,42,label_permuted,77,test,895,1437,0.03440116820880857,0.05405405405405406,-0.020775907893545227,1.0,1.153814864344529,0.0,1.153814864344529,-1.153814864344529
CHEMBL244_Ki,morgan,xgboost,crem_lime,42,label_permuted,87,test,1033,1246,0.3656622063418544,0.3793103448275862,-0.02198866756034562,1.0,1.0310342337399678,0.0,1.0310342337399678,-1.0310342337399678
CHEMBL244_Ki,morgan,xgboost,crem_lime,42,label_permuted,90,test,1128,1138,0.34261571761571763,0.1864406779661017,0.1919651529026529,1.0,-1.3367455479305157,0.0,1.3367455479305157,-1.3367455479305157
CHEMBL244_Ki,morgan,xgboost,crem_lime,42,label_permuted,92,test,1164,1188,0.07115168052668053,0.056338028169014086,0.015698049513348022,1.0,-1.8692317197309762,0.0,1.8692317197309762,-1.8692317197309762
CHEMBL244_Ki,morgan,xgboost,crem_lime,42,label_permuted,93,test,1207,1211,0.18974765806995628,0.26153846153846155,-0.09721671303026756,1.0,1.1333392786347307,0.0,1.1333392786347307,-1.1333392786347307
CHEMBL244_Ki,morgan,xgboost,crem_lime,42,label_permuted,95,test,1238,1243,0.2339003703554787,0.14285714285714285,0.10621709874805849,0.974025974025974,1.1760912590556813,0.0,1.1760912590556813,-1.1760912590556813
CHEMBL244_Ki,morgan,xgboost,crem_lime,42,label_permuted,100,test,1289,2103,0.5896770844980733,0.4,0.3161284741634555,1.0,-1.2678616324113265,0.0,1.2678616324113265,-1.2678616324113265
CHEMBL244_Ki,morgan,xgboost,crem_lime,42,label_permuted,107,test,1363,1364,0.17178177564732186,0.22666666666666666,-0.07097184183535965,0.88,1.3222192947339193,0.015009522438049316,1.30720977229587,-1.30720977229587
CHEMBL244_Ki,morgan,xgboost,crem_lime,42,label_permuted,108,test,1384,1395,0.507784272113432,0.3037974683544304,0.2929992272174751,0.8860759493670886,1.0720026614205014,0.06915104389190674,1.0028516175285946,-1.0028516175285946
CHEMBL244_Ki,morgan,xgboost,crem_lime,42,label_permuted,114,test,1531,1535,0.18216505716505715,0.16666666666666666,0.018598068598068593,1.0,1.6690067809585758,0.0,1.6690067809585758,-1.6690067809585758
CHEMBL244_Ki,morgan,xgboost,crem_lime,42,label_permuted,116,test,1557,1558,0.26199446494886847,0.3870967741935484,-0.20411429403079354,1.0,1.0389180660303703,0.0,1.0389180660303703,-1.0389180660303703
CHEMBL244_Ki,morgan,xgboost,crem_lime,42,label_permuted,118,test,1999,2003,0.1273973466848804,0.08860759493670886,0.0425609776125771,1.0,-1.3622996524029038,0.0,1.3622996524029038,-1.3622996524029038
CHEMBL244_Ki,morgan,xgboost,crem_lime,42,label_permuted,121,test,1608,1613,0.3394864592336484,0.32926829268292684,0.015234357402893953,0.9634146341463414,1.1697510810246623,-0.11069989204406738,1.2804509730687297,-1.2804509730687297
CHEMBL244_Ki,morgan,xgboost,crem_lime,42,label_permuted,126,test,1776,2055,0.10685867910450883,0.14285714285714285,-0.04199820771140635,1.0,1.5854607295085006,0.0,1.5854607295085006,-1.5854607295085006
CHEMBL244_Ki,morgan,xgboost,crem_lime,42,label_permuted,130,test,1816,1841,0.176442204496145,0.20588235294117646,-0.03707277952337294,1.0,1.373580662812593,0.0,1.373580662812593,-1.373580662812593
CHEMBL244_Ki,morgan,xgboost,crem_lime,42,label_permuted,141,test,2360,2396,0.2895164200437256,0.3150684931506849,-0.03730602673616063,1.0,1.6283889300503116,0.0,1.6283889300503116,-1.6283889300503116
CHEMBL244_Ki,morgan,xgboost,crem_lime,42,label_permuted,148,test,2116,2120,0.1364708401264004,0.18181818181818182,-0.05542452873439952,1.0,-2.0,-0.015009522438049316,1.9849904775619507,-1.9849904775619507
CHEMBL244_Ki,morgan,xgboost,crem_lime,42,label_permuted,149,test,2193,2201,0.2165958050790625,0.15492957746478872,0.07297170267689065,1.0,-1.501595024102863,0.0,1.501595024102863,-1.501595024102863
CHEMBL244_Ki,morgan,xgboost,crem_lime,42,label_permuted,153,test,2149,2153,0.4969998596343343,0.5068493150684932,-0.019972506852599957,1.0,-2.5900951992983194,0.32821691036224365,2.918312109660563,-2.918312109660563
CHEMBL244_Ki,morgan,xgboost,crem_lime,42,label_permuted,155,test,2204,2205,0.9296686159844054,0.2112676056338028,0.9108298524087998,1.0,1.0239121574054106,0.07113969326019287,0.9527724641452178,-0.9527724641452178
CHEMBL244_Ki,morgan,xgboost,crem_lime,42,label_permuted,157,test,2209,2218,0.22656050464086178,0.22857142857142856,-0.0026067532433273178,1.0,-1.2662678894047694,0.0,1.2662678894047694,-1.2662678894047694
CHEMBL244_Ki,morgan,xgboost,crem_lime,42,label_permuted,159,test,2217,2223,0.19186838910837653,0.2702702702702703,-0.1074396149255581,1.0,-1.2218487496163564,0.0,1.2218487496163564,-1.2218487496163564
CHEMBL244_Ki,morgan,xgboost,crem_lime,42,label_permuted,162,test,2257,2258,0.04941724941724941,0.05084745762711865,-0.0015068265068265158,1.0,-2.6989700043360187,0.0,2.6989700043360187,-2.6989700043360187
CHEMBL244_Ki,morgan,xgboost,crem_lime,42,label_permuted,163,test,2262,2265,0.5606466974559153,0.4117647058823529,0.2530993856750561,1.0,-1.4771212547196626,-0.2193126678466797,1.257808586872983,-1.257808586872983
CHEMBL244_Ki,morgan,xgboost,crem_lime,42,label_permuted,164,test,2288,2854,0.7083017222803651,0.2345679012345679,0.6189103145920899,1.0,-1.1890562362200492,-0.0264894962310791,1.16256673998897,-1.16256673998897
CHEMBL244_Ki,morgan,xgboost,crem_lime,42,label_permuted,168,test,2363,2398,0.7254779813643651,0.22857142857142856,0.6441381239908437,1.0,1.786120180054919,-0.05530965328216553,1.8414298333370844,-1.8414298333370844
CHEMBL244_Ki,morgan,xgboost,crem_lime,42,label_permuted,169,test,2372,2385,0.3021594531697806,0.2537313432835821,0.06489366724750599,1.0,-1.4637572931616807,0.0,1.4637572931616807,-1.4637572931616807
CHEMBL244_Ki,morgan,xgboost,crem_lime,42,label_permuted,171,test,2438,2446,0.34493848257006154,0.14705882352941177,0.23199684163386528,1.0,1.5006023505691857,-0.10480391979217529,1.605406270361361,-1.605406270361361
CHEMBL244_Ki,morgan,xgboost,crem_lime,42,label_permuted,172,test,2461,2462,0.0971853546910755,0.06779661016949153,0.03152610775951736,1.0,1.3679767852945945,0.0,1.3679767852945945,-1.3679767852945945
CHEMBL244_Ki,morgan,xgboost,crem_lime,42,label_permuted,173,test,2475,2476,0.030371800792018247,0.047619047619047616,-0.01810960916838084,1.0,-1.510545010206612,0.0,1.510545010206612,-1.510545010206612
CHEMBL244_Ki,morgan,xgboost,crem_lime,42,label_permuted,175,test,2479,2499,0.5168771199239421,0.29508196721311475,0.3146396352409412,1.0,1.0543576623225928,-0.11823475360870361,1.1725924159312964,-1.1725924159312964
CHEMBL244_Ki,morgan,xgboost,crem_lime,42,label_permuted,182,test,2632,2633,0.3964347540288176,0.3225806451612903,0.10902273213777838,1.0,-1.2218487496163566,-0.14851689338684082,1.0733318562295158,-1.0733318562295158
CHEMBL244_Ki,morgan,xgboost,crem_lime,42,label_permuted,183,test,2639,2642,0.4531328111388096,0.21428571428571427,0.3039872141766668,0.7857142857142857,1.1249387366083,0.0,1.1249387366083,-1.1249387366083
CHEMBL244_Ki,morgan,xgboost,crem_lime,42,label_permuted,189,test,2710,2712,0.1368634441298801,0.1717171717171717,-0.04207950037977889,0.8585858585858586,1.1807047638610455,-0.07113969326019287,1.2518444571212384,-1.2518444571212384
CHEMBL244_Ki,morgan,xgboost,crem_lime,42,label_permuted,194,test,2836,2838,0.040580076370170706,0.05970149253731343,-0.02033547433648512,1.0,-1.5454822249613125,0.0,1.5454822249613125,-1.5454822249613125
CHEMBL244_Ki,morgan,xgboost,crem_lime,42,label_permuted,200,test,3010,3013,0.1965708151597182,0.2127659574468085,-0.020572207770087704,1.0,-1.5740312677277188,0.0,1.5740312677277188,-1.5740312677277188
CHEMBL244_Ki,morgan,xgboost,crem_lime,42,label_permuted,202,test,3034,3036,0.7429388422035482,0.1935483870967742,0.6812441643323999,0.967741935483871,1.7861201800549193,-0.011659860610961914,1.7977800406658813,-1.7977800406658813
CHEMBL244_Ki,morgan,mlp,crem_mean,42,trained,2,test,556,560,0.15230621139338243,0.13559322033898305,0.019334636709991443,1.0,-1.6922366216770504,0.20412373542785645,1.8963603571049068,-1.8963603571049068
CHEMBL244_Ki,morgan,mlp,crem_mean,42,trained,3,test,13,78,0.2931823418656964,0.08333333333333333,0.2289261911262143,0.5476190476190477,1.0910804693473326,0.33058691024780273,0.7604935590995299,-0.7604935590995299
CHEMBL244_Ki,morgan,mlp,crem_mean,42,trained,6,test,2271,2300,0.24980671239664953,0.2602739726027397,-0.014150185093418203,1.0,-1.463110540276848,0.1531357765197754,1.6162463167966235,-1.6162463167966235
CHEMBL244_Ki,morgan,mlp,crem_mean,42,trained,25,test,261,264,0.26666666666666666,0.26666666666666666,0.0,0.25,-1.6989700043360187,0.42414891719818115,2.1231189215342,-2.1231189215342
CHEMBL244_Ki,morgan,mlp,crem_mean,42,trained,32,test,287,288,0.43888888888888883,0.4444444444444444,-0.010000000000000064,0.24444444444444444,1.9999999999999996,2.424627661705017,0.42462766170501753,-0.42462766170501753
CHEMBL244_Ki,morgan,mlp,crem_mean,42,trained,35,test,312,335,0.057957952717167284,0.05263157894736842,0.00562228342367658,0.9342105263157895,1.4409090820652177,0.11838257312774658,1.3225265089374711,-1.3225265089374711
CHEMBL244_Ki,morgan,mlp,crem_mean,42,trained,36,test,314,333,0.20956714183230965,0.1791044776119403,0.03710906368663177,0.9253731343283582,1.1549019599857433,0.05335640907287598,1.1015455509128673,-1.1015455509128673
CHEMBL244_Ki,morgan,mlp,crem_mean,42,trained,37,test,322,326,0.3410121075429097,0.25,0.12134947672387963,0.775,-1.3767507096020994,-0.004732966423034668,1.3720177431790648,-1.3720177431790648
CHEMBL244_Ki,morgan,mlp,crem_mean,42,trained,38,test,356,374,0.1587690093762555,0.13513513513513514,0.027326667091295397,0.9459459459459459,1.1160933293803952,0.3445659875869751,0.7715273417934201,-0.7715273417934201
CHEMBL244_Ki,morgan,mlp,crem_mean,42,trained,50,test,495,508,0.30014847421372787,0.20634920634920634,0.11818707750929712,0.7142857142857143,2.0,0.0475153923034668,1.9524846076965332,-1.9524846076965332
CHEMBL244_Ki,morgan,mlp,crem_mean,42,trained,55,test,553,1094,0.18510452961672472,0.06349206349206349,0.12985737908226538,1.0,1.8758877041394824,0.6477594375610352,1.2281282665784472,-1.2281282665784472
CHEMBL244_Ki,morgan,mlp,crem_mean,42,trained,67,test,642,950,0.8563368983957218,0.2631578947368421,0.8050286478227653,0.43859649122807015,1.6398485522173623,1.2211964130401611,0.4186521391772011,-0.4186521391772011
CHEMBL244_Ki,morgan,mlp,crem_mean,42,trained,68,test,645,729,0.31222478238607265,0.3142857142857143,-0.0030055256869773728,0.45714285714285713,-1.2013971243204518,-0.18359708786010742,1.0178000364603443,-1.0178000364603443
CHEMBL244_Ki,morgan,mlp,crem_mean,42,trained,73,test,781,794,0.3896886446886447,0.20833333333333334,0.22908039329091964,0.625,1.1171133990963442,-0.06420063972473145,1.1813140388210757,-1.1813140388210757
CHEMBL244_Ki,morgan,mlp,crem_mean,42,trained,74,test,844,865,0.5853317577030812,0.24242424242424243,0.4526379201680672,1.0,-1.284278269569862,-0.5687429904937744,0.7155352790760876,-0.7155352790760876
CHEMBL244_Ki,morgan,mlp,crem_mean,42,trained,77,test,895,1437,0.0463783686990778,0.05405405405405406,-0.008114295946689188,1.0,1.153814864344529,0.14058589935302734,1.0132289649915016,-1.0132289649915016
CHEMBL244_Ki,morgan,mlp,crem_mean,42,trained,87,test,1033,1246,0.2627999799610126,0.3793103448275862,-0.1877111433961463,1.0,1.0310342337399678,0.022649765014648438,1.0083844687253194,-1.0083844687253194
CHEMBL244_Ki,morgan,mlp,crem_mean,42,trained,90,test,1128,1138,0.32453371643480533,0.1864406779661017,0.1697393597844482,0.4915254237288136,-1.3367455479305157,0.2624613046646118,1.5992068525951275,-1.5992068525951275
CHEMBL244_Ki,morgan,mlp,crem_mean,42,trained,92,test,1164,1188,0.16725352112676056,0.056338028169014086,0.11753731343283581,0.9154929577464789,-1.8692317197309762,-0.5936744809150696,1.2755572388159067,-1.2755572388159067
CHEMBL244_Ki,morgan,mlp,crem_mean,42,trained,93,test,1207,1211,0.33426943815441607,0.26153846153846155,0.09848986416743839,0.9692307692307692,1.1333392786347307,-0.008200645446777344,1.141539924081508,-1.141539924081508
CHEMBL244_Ki,morgan,mlp,crem_mean,42,trained,95,test,1238,1243,0.4549700698026057,0.14285714285714285,0.36413174810303994,0.7402597402597403,1.1760912590556813,0.12252068519592285,1.0535705738597585,-1.0535705738597585
CHEMBL244_Ki,morgan,mlp,crem_mean,42,trained,100,test,1289,2103,0.585852042172531,0.4,0.3097534036208849,0.6714285714285714,-1.2678616324113265,-0.624259352684021,0.6436022797273055,-0.6436022797273055
CHEMBL244_Ki,morgan,mlp,crem_mean,42,trained,107,test,1363,1364,0.2149231584525702,0.22666666666666666,-0.015185570966504029,0.76,1.3222192947339193,-0.5063674449920654,1.8285867397259847,-1.8285867397259847
CHEMBL244_Ki,morgan,mlp,crem_mean,42,trained,108,test,1384,1395,0.5895204731942953,0.3037974683544304,0.41040213422453337,0.5443037974683544,1.0720026614205014,0.7692103385925293,0.3027923228279721,-0.3027923228279721
CHEMBL244_Ki,morgan,mlp,crem_mean,42,trained,114,test,1531,1535,0.16145833333333331,0.16666666666666666,-0.006250000000000011,0.22916666666666666,1.6690067809585758,1.0993869304656982,0.5696198504928776,-0.5696198504928776
CHEMBL244_Ki,morgan,mlp,crem_mean,42,trained,116,test,1557,1558,0.35065756823821337,0.3870967741935484,-0.05945344129554659,0.45161290322580644,1.0389180660303703,-0.5880601406097412,1.6269782066401115,-1.6269782066401115
CHEMBL244_Ki,morgan,mlp,crem_mean,42,trained,118,test,1999,2003,0.10157182808205142,0.08860759493670886,0.014224644701139757,0.7468354430379747,-1.3622996524029038,-0.5621405839920044,0.8001590684108995,-0.8001590684108995
CHEMBL244_Ki,morgan,mlp,crem_mean,42,trained,121,test,1608,1613,0.28947354324375507,0.32926829268292684,-0.05933035370931065,0.8780487804878049,1.1697510810246623,-0.1768207550048828,1.346571836029545,-1.346571836029545
CHEMBL244_Ki,morgan,mlp,crem_mean,42,trained,126,test,1776,2055,0.24003100238244549,0.14285714285714285,0.11336950277951974,1.0,1.5854607295085006,0.5051939487457275,1.080266780762773,-1.080266780762773
CHEMBL244_Ki,morgan,mlp,crem_mean,42,trained,130,test,1816,1841,0.2017170553460876,0.20588235294117646,-0.005245189564185961,1.0,1.373580662812593,-0.28008341789245605,1.653664080705049,-1.653664080705049
CHEMBL244_Ki,morgan,mlp,crem_mean,42,trained,141,test,2360,2396,0.4503647483007948,0.3150684931506849,0.19753253251916045,0.726027397260274,1.6283889300503116,1.062609314918518,0.5657796151317935,-0.5657796151317935
CHEMBL244_Ki,morgan,mlp,crem_mean,42,trained,148,test,2116,2120,0.16400561590934357,0.18181818181818182,-0.021770913888580094,1.0,-2.0,-0.26979196071624756,1.7302080392837524,-1.7302080392837524
CHEMBL244_Ki,morgan,mlp,crem_mean,42,trained,149,test,2193,2201,0.15897502974669994,0.15492957746478872,0.004787118533594946,0.8028169014084507,-1.501595024102863,-0.4981536865234375,1.0034413375794256,-1.0034413375794256
CHEMBL244_Ki,morgan,mlp,crem_mean,42,trained,153,test,2149,2153,0.5141350954983249,0.5068493150684932,0.01477394364938104,0.8767123287671232,-2.5900951992983194,-0.5192981958389282,2.070797003459391,-2.070797003459391
CHEMBL244_Ki,morgan,mlp,crem_mean,42,trained,155,test,2204,2205,0.21173314639778945,0.2112676056338028,0.0005902391829116306,0.9014084507042254,1.0239121574054106,-0.36700010299682617,1.3909122604022368,-1.3909122604022368
CHEMBL244_Ki,morgan,mlp,crem_mean,42,trained,157,test,2209,2218,0.3053414655996177,0.22857142857142856,0.09951671466617112,1.0,-1.2662678894047694,-0.5863204002380371,0.6799474891667323,-0.6799474891667323
CHEMBL244_Ki,morgan,mlp,crem_mean,42,trained,159,test,2217,2223,0.2917101237658184,0.2702702702702703,0.029380539975380746,0.918918918918919,-1.2218487496163564,0.15808987617492676,1.3799386257912831,-1.3799386257912831
CHEMBL244_Ki,morgan,mlp,crem_mean,42,trained,162,test,2257,2258,0.13596491228070176,0.05084745762711865,0.08967731829573936,0.7966101694915254,-2.6989700043360187,-0.7896080017089844,1.9093620026270344,-1.9093620026270344
CHEMBL244_Ki,morgan,mlp,crem_mean,42,trained,163,test,2262,2265,0.4513508928750888,0.4117647058823529,0.06729651788765097,0.8823529411764706,-1.4771212547196626,-0.36242032051086426,1.1147009342087983,-1.1147009342087983
CHEMBL244_Ki,morgan,mlp,crem_mean,42,trained,164,test,2288,2854,0.5160722968632471,0.2345679012345679,0.36777187170843567,1.0,-1.1890562362200492,-0.6005849838256836,0.5884712523943656,-0.5884712523943656
CHEMBL244_Ki,morgan,mlp,crem_mean,42,trained,168,test,2363,2398,0.27615836306193964,0.22857142857142856,0.061686766932143984,0.7142857142857143,1.786120180054919,1.3401436805725098,0.44597649948240914,-0.44597649948240914
CHEMBL244_Ki,morgan,mlp,crem_mean,42,trained,169,test,2372,2385,0.2368587966185716,0.2537313432835821,-0.02260921253111408,0.7014925373134329,-1.4637572931616807,0.05369758605957031,1.517454879221251,-1.517454879221251
CHEMBL244_Ki,morgan,mlp,crem_mean,42,trained,171,test,2438,2446,0.09653085603874915,0.14705882352941177,-0.05923968602353548,0.9264705882352942,1.5006023505691857,-0.0005605220794677734,1.5011628726486534,-1.5011628726486534
CHEMBL244_Ki,morgan,mlp,crem_mean,42,trained,172,test,2461,2462,0.1138721804511278,0.06779661016949153,0.049426520847573464,0.8983050847457628,1.3679767852945945,0.9106684923171997,0.45730829297739484,-0.45730829297739484
CHEMBL244_Ki,morgan,mlp,crem_mean,42,trained,173,test,2475,2476,0.054887218045112776,0.047619047619047616,0.007631578947368418,0.7619047619047619,-1.510545010206612,-0.580400824546814,0.9301441856597981,-0.9301441856597981
CHEMBL244_Ki,morgan,mlp,crem_mean,42,trained,175,test,2479,2499,0.43543601019790723,0.29508196721311475,0.19910689818772886,0.7049180327868853,1.0543576623225928,1.3851276636123657,0.33077000128977296,-0.33077000128977296
CHEMBL244_Ki,morgan,mlp,crem_mean,42,trained,182,test,2632,2633,0.2882336890613631,0.3225806451612903,-0.050702649480844936,0.3064516129032258,-1.2218487496163566,-0.15692973136901855,1.064919018247338,-1.064919018247338
CHEMBL244_Ki,morgan,mlp,crem_mean,42,trained,183,test,2639,2642,0.2075892857142857,0.21428571428571427,-0.008522727272727277,0.5357142857142857,1.1249387366083,0.39184343814849854,0.7330952984598014,-0.7330952984598014
CHEMBL244_Ki,morgan,mlp,crem_mean,42,trained,189,test,2710,2712,0.16281664180823843,0.1717171717171717,-0.010745761719321886,0.494949494949495,1.1807047638610455,-0.6592652797698975,1.839970043630943,-1.839970043630943
CHEMBL244_Ki,morgan,mlp,crem_mean,42,trained,194,test,2836,2838,0.17391304347826086,0.05970149253731343,0.12146307798481709,1.0,-1.5454822249613125,-0.635014533996582,0.9104676909647305,-0.9104676909647305
CHEMBL244_Ki,morgan,mlp,crem_mean,42,trained,200,test,3010,3013,0.21215288057725032,0.2127659574468085,-0.0007787733207901376,1.0,-1.5740312677277188,-0.242110013961792,1.3319212537659268,-1.3319212537659268
CHEMBL244_Ki,morgan,mlp,crem_mean,42,trained,202,test,3034,3036,0.27885147558534656,0.1935483870967742,0.10577582972582976,0.5806451612903226,1.7861201800549193,-0.29135632514953613,2.0774765052044555,-2.0774765052044555
CHEMBL244_Ki,morgan,mlp,crem_lime,42,trained,2,test,556,560,0.1187734111462925,0.13559322033898305,-0.019458210634681224,0.6949152542372882,-1.6922366216770504,0.20412373542785645,1.8963603571049068,-1.8963603571049068
CHEMBL244_Ki,morgan,mlp,crem_lime,42,trained,3,test,13,78,0.34229191419127636,0.08333333333333333,0.28250027002684697,1.0,1.0910804693473326,0.33058691024780273,0.7604935590995299,-0.7604935590995299
CHEMBL244_Ki,morgan,mlp,crem_lime,42,trained,6,test,2271,2300,0.28732220529330255,0.2602739726027397,0.03656520345205716,1.0,-1.463110540276848,0.1531357765197754,1.6162463167966235,-1.6162463167966235
CHEMBL244_Ki,morgan,mlp,crem_lime,42,trained,25,test,261,264,0.327510531188659,0.26666666666666666,0.08296890616635322,1.0,-1.6989700043360187,0.42414891719818115,2.1231189215342,-2.1231189215342
CHEMBL244_Ki,morgan,mlp,crem_lime,42,trained,32,test,287,288,0.6823129305752302,0.4444444444444444,0.42816327503541446,1.0,1.9999999999999996,2.424627661705017,0.42462766170501753,-0.42462766170501753
CHEMBL244_Ki,morgan,mlp,crem_lime,42,trained,35,test,312,335,0.06308895005703516,0.05263157894736842,0.011038336171314892,1.0,1.4409090820652177,0.11838257312774658,1.3225265089374711,-1.3225265089374711
CHEMBL244_Ki,morgan,mlp,crem_lime,42,trained,36,test,314,333,0.19476974160377167,0.1791044776119403,0.019083139771867316,1.0,1.1549019599857433,0.05335640907287598,1.1015455509128673,-1.1015455509128673
CHEMBL244_Ki,morgan,mlp,crem_lime,42,trained,37,test,322,326,0.2722460496236604,0.25,0.029661399498213854,1.0,-1.3767507096020994,-0.004732966423034668,1.3720177431790648,-1.3720177431790648
CHEMBL244_Ki,morgan,mlp,crem_lime,42,trained,38,test,356,374,0.35785137085137086,0.13513513513513514,0.25751564754689754,1.0,1.1160933293803952,0.3445659875869751,0.7715273417934201,-0.7715273417934201
CHEMBL244_Ki,morgan,mlp,crem_lime,42,trained,50,test,495,508,0.31303827428679276,0.20634920634920634,0.1344282256013589,1.0,2.0,0.0475153923034668,1.9524846076965332,-1.9524846076965332
CHEMBL244_Ki,morgan,mlp,crem_lime,42,trained,55,test,553,1094,0.11225832990538873,0.06349206349206349,0.052072453966771015,1.0,1.8758877041394824,0.6477594375610352,1.2281282665784472,-1.2281282665784472
CHEMBL244_Ki,morgan,mlp,crem_lime,42,trained,67,test,642,950,0.9913888888888889,0.2631578947368421,0.9883134920634921,0.9298245614035088,1.6398485522173623,1.2211964130401611,0.4186521391772011,-0.4186521391772011
CHEMBL244_Ki,morgan,mlp,crem_lime,42,trained,68,test,645,729,0.3367683107183276,0.3142857142857143,0.03278711979756106,0.9714285714285714,-1.2013971243204518,-0.18359708786010742,1.0178000364603443,-1.0178000364603443
CHEMBL244_Ki,morgan,mlp,crem_lime,42,trained,73,test,781,794,0.2874815707168648,0.20833333333333334,0.09997672090551343,0.9583333333333334,1.1171133990963442,-0.06420063972473145,1.1813140388210757,-1.1813140388210757
CHEMBL244_Ki,morgan,mlp,crem_lime,42,trained,74,test,844,865,0.6519710497835498,0.24242424242424243,0.5406017857142857,1.0,-1.284278269569862,-0.5687429904937744,0.7155352790760876,-0.7155352790760876
CHEMBL244_Ki,morgan,mlp,crem_lime,42,trained,77,test,895,1437,0.06431620924231762,0.05405405405405406,0.010848564056164342,1.0,1.153814864344529,0.14058589935302734,1.0132289649915016,-1.0132289649915016
CHEMBL244_Ki,morgan,mlp,crem_lime,42,trained,87,test,1033,1246,0.26797419944355216,0.3793103448275862,-0.17937490089649927,1.0,1.0310342337399678,0.022649765014648438,1.0083844687253194,-1.0083844687253194
CHEMBL244_Ki,morgan,mlp,crem_lime,42,trained,90,test,1128,1138,0.18031200206571463,0.1864406779661017,-0.007533164127559107,1.0,-1.3367455479305157,0.2624613046646118,1.5992068525951275,-1.5992068525951275
CHEMBL244_Ki,morgan,mlp,crem_lime,42,trained,92,test,1164,1188,0.7708333333333333,0.056338028169014086,0.7571517412935322,1.0,-1.8692317197309762,-0.5936744809150696,1.2755572388159067,-1.2755572388159067
CHEMBL244_Ki,morgan,mlp,crem_lime,42,trained,93,test,1207,1211,0.21725105110049897,0.26153846153846155,-0.05997253496807433,1.0,1.1333392786347307,-0.008200645446777344,1.141539924081508,-1.141539924081508
CHEMBL244_Ki,morgan,mlp,crem_lime,42,trained,95,test,1238,1243,0.14884465427234478,0.14285714285714285,0.00698542998440225,0.974025974025974,1.1760912590556813,0.12252068519592285,1.0535705738597585,-1.0535705738597585
CHEMBL244_Ki,morgan,mlp,crem_lime,42,trained,100,test,1289,2103,0.39522159263196455,0.4,-0.007964012280059126,1.0,-1.2678616324113265,-0.624259352684021,0.6436022797273055,-0.6436022797273055
CHEMBL244_Ki,morgan,mlp,crem_lime,42,trained,107,test,1363,1364,0.18392670150416157,0.22666666666666666,-0.05526719633082554,0.88,1.3222192947339193,-0.5063674449920654,1.8285867397259847,-1.8285867397259847
CHEMBL244_Ki,morgan,mlp,crem_lime,42,trained,108,test,1384,1395,0.4419498504186353,0.3037974683544304,0.19843705787403984,0.8860759493670886,1.0720026614205014,0.7692103385925293,0.3027923228279721,-0.3027923228279721
CHEMBL244_Ki,morgan,mlp,crem_lime,42,trained,114,test,1531,1535,0.160553212877908,0.16666666666666666,-0.007336144546510392,1.0,1.6690067809585758,1.0993869304656982,0.5696198504928776,-0.5696198504928776
CHEMBL244_Ki,morgan,mlp,crem_lime,42,trained,116,test,1557,1558,0.30147033777926335,0.3870967741935484,-0.13970629099172818,1.0,1.0389180660303703,-0.5880601406097412,1.6269782066401115,-1.6269782066401115
CHEMBL244_Ki,morgan,mlp,crem_lime,42,trained,118,test,1999,2003,0.15723468480394487,0.08860759493670886,0.07529916804877285,1.0,-1.3622996524029038,-0.5621405839920044,0.8001590684108995,-0.8001590684108995
CHEMBL244_Ki,morgan,mlp,crem_lime,42,trained,121,test,1608,1613,0.2787844673231448,0.32926829268292684,-0.07526679417276592,0.9634146341463414,1.1697510810246623,-0.1768207550048828,1.346571836029545,-1.346571836029545
CHEMBL244_Ki,morgan,mlp,crem_lime,42,trained,126,test,1776,2055,0.1818341162817907,0.14285714285714285,0.045473135662089145,1.0,1.5854607295085006,0.5051939487457275,1.080266780762773,-1.080266780762773
CHEMBL244_Ki,morgan,mlp,crem_lime,42,trained,130,test,1816,1841,0.12959814843778186,0.20588235294117646,-0.09606159085612652,1.0,1.373580662812593,-0.28008341789245605,1.653664080705049,-1.653664080705049
CHEMBL244_Ki,morgan,mlp,crem_lime,42,trained,141,test,2360,2396,0.4322741513662652,0.3150684931506849,0.17112026099474717,1.0,1.6283889300503116,1.062609314918518,0.5657796151317935,-0.5657796151317935
CHEMBL244_Ki,morgan,mlp,crem_lime,42,trained,148,test,2116,2120,0.11984348981059464,0.18181818181818182,-0.075746845787051,1.0,-2.0,-0.26979196071624756,1.7302080392837524,-1.7302080392837524
CHEMBL244_Ki,morgan,mlp,crem_lime,42,trained,149,test,2193,2201,0.11321970418924503,0.15492957746478872,-0.049356683376060036,1.0,-1.501595024102863,-0.4981536865234375,1.0034413375794256,-1.0034413375794256
CHEMBL244_Ki,morgan,mlp,crem_lime,42,trained,153,test,2149,2153,0.5315164800187777,0.5068493150684932,0.05001952892696587,1.0,-2.5900951992983194,-0.5192981958389282,2.070797003459391,-2.070797003459391
CHEMBL244_Ki,morgan,mlp,crem_lime,42,trained,155,test,2204,2205,0.6624263213146713,0.2112676056338028,0.5720048002382438,1.0,1.0239121574054106,-0.36700010299682617,1.3909122604022368,-1.3909122604022368
CHEMBL244_Ki,morgan,mlp,crem_lime,42,trained,157,test,2209,2218,0.23725457072135211,0.22857142857142856,0.011255925009160157,1.0,-1.2662678894047694,-0.5863204002380371,0.6799474891667323,-0.6799474891667323
CHEMBL244_Ki,morgan,mlp,crem_lime,42,trained,159,test,2217,2223,0.18898143090963077,0.2702702702702703,-0.11139581690161712,1.0,-1.2218487496163564,0.15808987617492676,1.3799386257912831,-1.3799386257912831
CHEMBL244_Ki,morgan,mlp,crem_lime,42,trained,162,test,2257,2258,0.17824074074074073,0.05084745762711865,0.13421792328042326,1.0,-2.6989700043360187,-0.7896080017089844,1.9093620026270344,-1.9093620026270344
CHEMBL244_Ki,morgan,mlp,crem_lime,42,trained,163,test,2262,2265,0.8395150004398595,0.4117647058823529,0.7271755007477612,1.0,-1.4771212547196626,-0.36242032051086426,1.1147009342087983,-1.1147009342087983
CHEMBL244_Ki,morgan,mlp,crem_lime,42,trained,164,test,2288,2854,0.5581108489112205,0.2345679012345679,0.4226932058356268,1.0,-1.1890562362200492,-0.6005849838256836,0.5884712523943656,-0.5884712523943656
CHEMBL244_Ki,morgan,mlp,crem_lime,42,trained,168,test,2363,2398,0.2081795555697757,0.22857142857142856,-0.02643390944658706,1.0,1.786120180054919,1.3401436805725098,0.44597649948240914,-0.44597649948240914
CHEMBL244_Ki,morgan,mlp,crem_lime,42,trained,169,test,2372,2385,0.41393914693818484,0.2537313432835821,0.2146784568971677,1.0,-1.4637572931616807,0.05369758605957031,1.517454879221251,-1.517454879221251
CHEMBL244_Ki,morgan,mlp,crem_lime,42,trained,171,test,2438,2446,0.1340910600806143,0.14705882352941177,-0.01520358473307289,1.0,1.5006023505691857,-0.0005605220794677734,1.5011628726486534,-1.5011628726486534
CHEMBL244_Ki,morgan,mlp,crem_lime,42,trained,172,test,2461,2462,0.8214285714285714,0.06779661016949153,0.8084415584415584,1.0,1.3679767852945945,0.9106684923171997,0.45730829297739484,-0.45730829297739484
CHEMBL244_Ki,morgan,mlp,crem_lime,42,trained,173,test,2475,2476,0.07348168232476743,0.047619047619047616,0.027155766441005803,1.0,-1.510545010206612,-0.580400824546814,0.9301441856597981,-0.9301441856597981
CHEMBL244_Ki,morgan,mlp,crem_lime,42,trained,175,test,2479,2499,0.42352820597927643,0.29508196721311475,0.1822144317380433,1.0,1.0543576623225928,1.3851276636123657,0.33077000128977296,-0.33077000128977296
CHEMBL244_Ki,morgan,mlp,crem_lime,42,trained,182,test,2632,2633,0.28558992883006057,0.3225806451612903,-0.054605343155624854,1.0,-1.2218487496163566,-0.15692973136901855,1.064919018247338,-1.064919018247338
CHEMBL244_Ki,morgan,mlp,crem_lime,42,trained,183,test,2639,2642,0.1815845015535418,0.21428571428571427,-0.04161972529549223,0.7857142857142857,1.1249387366083,0.39184343814849854,0.7330952984598014,-0.7330952984598014
CHEMBL244_Ki,morgan,mlp,crem_lime,42,trained,189,test,2710,2712,0.12750267195723397,0.1717171717171717,-0.053380920441876055,0.8585858585858586,1.1807047638610455,-0.6592652797698975,1.839970043630943,-1.839970043630943
CHEMBL244_Ki,morgan,mlp,crem_lime,42,trained,194,test,2836,2838,0.09581215885563711,0.05970149253731343,0.038403407036947404,1.0,-1.5454822249613125,-0.635014533996582,0.9104676909647305,-0.9104676909647305
CHEMBL244_Ki,morgan,mlp,crem_lime,42,trained,200,test,3010,3013,0.16213808942158264,0.2127659574468085,-0.06431107559961123,1.0,-1.5740312677277188,-0.242110013961792,1.3319212537659268,-1.3319212537659268
CHEMBL244_Ki,morgan,mlp,crem_lime,42,trained,202,test,3034,3036,0.7164381914381914,0.1935483870967742,0.6483833573833574,0.967741935483871,1.7861201800549193,-0.29135632514953613,2.0774765052044555,-2.0774765052044555
CHEMBL244_Ki,morgan,mlp,crem_mean,42,label_permuted,2,test,556,560,0.27677854122621565,0.13559322033898305,0.16333203788915143,1.0,-1.6922366216770504,-0.07109928131103516,1.6211373403660152,-1.6211373403660152
CHEMBL244_Ki,morgan,mlp,crem_mean,42,label_permuted,3,test,13,78,0.20201323772752344,0.08333333333333333,0.12946898661184378,0.5476190476190477,1.0910804693473326,-0.040632009506225586,1.1317124788535582,-1.1317124788535582
CHEMBL244_Ki,morgan,mlp,crem_mean,42,label_permuted,6,test,2271,2300,0.3317216946813851,0.2602739726027397,0.09658673540261324,1.0,-1.463110540276848,0.03389179706573486,1.497002337342583,-1.497002337342583
CHEMBL244_Ki,morgan,mlp,crem_mean,42,label_permuted,25,test,261,264,0.25277777777777777,0.26666666666666666,-0.018939393939393947,0.25,-1.6989700043360187,0.32826268672943115,2.02723269106545,-2.02723269106545
CHEMBL244_Ki,morgan,mlp,crem_mean,42,label_permuted,32,test,287,288,0.4347222222222222,0.4444444444444444,-0.017500000000000036,0.24444444444444444,1.9999999999999996,0.09279513359069824,1.9072048664093013,-1.9072048664093013
CHEMBL244_Ki,morgan,mlp,crem_mean,42,label_permuted,35,test,312,335,0.07112815783590432,0.05263157894736842,0.019524166604565667,0.9342105263157895,1.4409090820652177,0.10525977611541748,1.3356493059498002,-1.3356493059498002
CHEMBL244_Ki,morgan,mlp,crem_mean,42,label_permuted,36,test,314,333,0.4399824032176973,0.1791044776119403,0.3177967457379222,0.9253731343283582,1.1549019599857433,0.13242888450622559,1.0224730754795177,-1.0224730754795177
CHEMBL244_Ki,morgan,mlp,crem_mean,42,label_permuted,37,test,322,326,0.4200689631845583,0.25,0.22675861757941104,0.775,-1.3767507096020994,0.03669118881225586,1.4134418984143553,-1.4134418984143553
CHEMBL244_Ki,morgan,mlp,crem_mean,42,label_permuted,38,test,356,374,0.28705954957233726,0.13513513513513514,0.17566260419301494,0.9459459459459459,1.1160933293803952,-0.11309027671813965,1.2291836060985348,-1.2291836060985348
CHEMBL244_Ki,morgan,mlp,crem_mean,42,label_permuted,50,test,495,508,0.4878113407525172,0.20634920634920634,0.35464228934817166,0.7142857142857143,2.0,0.0521855354309082,1.9478144645690918,-1.9478144645690918
CHEMBL244_Ki,morgan,mlp,crem_mean,42,label_permuted,55,test,553,1094,0.06691919191919192,0.06349206349206349,0.0036594761171032403,1.0,1.8758877041394824,0.1049962043762207,1.7708914997632617,-1.7708914997632617
CHEMBL244_Ki,morgan,mlp,crem_mean,42,label_permuted,67,test,642,950,0.5000227337311737,0.2631578947368421,0.32145942434944996,0.43859649122807015,1.6398485522173623,0.12276661396026611,1.5170819382570961,-1.5170819382570961
CHEMBL244_Ki,morgan,mlp,crem_mean,42,label_permuted,68,test,645,729,0.27578778979641044,0.3142857142857143,-0.05614280654690143,0.45714285714285713,-1.2013971243204518,0.01387333869934082,1.2152704630197926,-1.2152704630197926
CHEMBL244_Ki,morgan,mlp,crem_mean,42,label_permuted,73,test,781,794,0.2315151515151515,0.20833333333333334,0.029282296650717684,0.625,1.1171133990963442,-0.008687257766723633,1.1258006568630679,-1.1258006568630679
CHEMBL244_Ki,morgan,mlp,crem_mean,42,label_permuted,74,test,844,865,0.22790414740626605,0.24242424242424243,-0.019166525423728823,1.0,-1.284278269569862,0.014296889305114746,1.2985751588749768,-1.2985751588749768
CHEMBL244_Ki,morgan,mlp,crem_mean,42,label_permuted,77,test,895,1437,0.25625000000000003,0.05405405405405406,0.21375000000000002,1.0,1.153814864344529,0.016573786735534668,1.1372410776089943,-1.1372410776089943
CHEMBL244_Ki,morgan,mlp,crem_mean,42,label_permuted,87,test,1033,1246,0.5673953653486539,0.3793103448275862,0.30302586639505347,1.0,1.0310342337399678,-0.07374286651611328,1.1047771002560811,-1.1047771002560811
CHEMBL244_Ki,morgan,mlp,crem_mean,42,label_permuted,90,test,1128,1138,0.34797713303914746,0.1864406779661017,0.1985552260272854,0.4915254237288136,-1.3367455479305157,-0.07109582424163818,1.2656497236888775,-1.2656497236888775
CHEMBL244_Ki,morgan,mlp,crem_mean,42,label_permuted,92,test,1164,1188,0.04615977112676056,0.056338028169014086,-0.01078591417910448,0.9154929577464789,-1.8692317197309762,0.14194774627685547,2.0111794660078317,-2.0111794660078317
CHEMBL244_Ki,morgan,mlp,crem_mean,42,label_permuted,93,test,1207,1211,0.27892778287784176,0.26153846153846155,0.023548039313744024,0.9692307692307692,1.1333392786347307,-0.25845062732696533,1.391789905961696,-1.391789905961696
CHEMBL244_Ki,morgan,mlp,crem_mean,42,label_permuted,95,test,1238,1243,0.19293191656828024,0.14285714285714285,0.058420569329660284,0.7402597402597403,1.1760912590556813,-0.003478407859802246,1.1795696669154836,-1.1795696669154836
CHEMBL244_Ki,morgan,mlp,crem_mean,42,label_permuted,100,test,1289,2103,0.5035826993554192,0.4,0.172637832259032,0.6714285714285714,-1.2678616324113265,-0.003957986831665039,1.2639036455796615,-1.2639036455796615
CHEMBL244_Ki,morgan,mlp,crem_mean,42,label_permuted,107,test,1363,1364,0.21627450980392154,0.22666666666666666,-0.013438133874239368,0.76,1.3222192947339193,0.0318073034286499,1.2904119913052694,-1.2904119913052694
CHEMBL244_Ki,morgan,mlp,crem_mean,42,label_permuted,108,test,1384,1395,0.6289494519330805,0.3037974683544304,0.4670364855038793,0.5443037974683544,1.0720026614205014,0.39890241622924805,0.6731002451912533,-0.6731002451912533
CHEMBL244_Ki,morgan,mlp,crem_mean,42,label_permuted,114,test,1531,1535,0.16369047619047616,0.16666666666666666,-0.0035714285714285917,0.22916666666666666,1.6690067809585758,0.09386110305786133,1.5751456779007145,-1.5751456779007145
CHEMBL244_Ki,morgan,mlp,crem_mean,42,label_permuted,116,test,1557,1558,0.35722403468084085,0.3870967741935484,-0.04873973288915438,0.45161290322580644,1.0389180660303703,-0.07905960083007812,1.1179776668604484,-1.1179776668604484
CHEMBL244_Ki,morgan,mlp,crem_mean,42,label_permuted,118,test,1999,2003,0.07931959541362797,0.08860759493670886,-0.010190999476713754,0.7468354430379747,-1.3622996524029038,0.1063307523727417,1.4686304047756455,-1.4686304047756455
CHEMBL244_Ki,morgan,mlp,crem_mean,42,label_permuted,121,test,1608,1613,0.3500674217220722,0.32926829268292684,0.031009610567453116,0.8780487804878049,1.1697510810246623,-0.061258554458618164,1.2310096354832805,-1.2310096354832805
CHEMBL244_Ki,morgan,mlp,crem_mean,42,label_permuted,126,test,1776,2055,0.2512121631598376,0.14285714285714285,0.12641419035314383,1.0,1.5854607295085006,-0.04898357391357422,1.6344443034220748,-1.6344443034220748
CHEMBL244_Ki,morgan,mlp,crem_mean,42,label_permuted,130,test,1816,1841,0.37878675512554844,0.20588235294117646,0.21773146941735727,1.0,1.373580662812593,0.22387218475341797,1.149708478059175,-1.149708478059175
CHEMBL244_Ki,morgan,mlp,crem_mean,42,label_permuted,141,test,2360,2396,0.6666092687054281,0.3150684931506849,0.5132495323099251,0.726027397260274,1.6283889300503116,-0.29855990409851074,1.9269488341488223,-1.9269488341488223
CHEMBL244_Ki,morgan,mlp,crem_mean,42,label_permuted,148,test,2116,2120,0.15296537091749857,0.18181818181818182,-0.03526454665639065,1.0,-2.0,-0.13129818439483643,1.8687018156051636,-1.8687018156051636
CHEMBL244_Ki,morgan,mlp,crem_mean,42,label_permuted,149,test,2193,2201,0.30944668776601547,0.15492957746478872,0.18284524718978498,0.8028169014084507,-1.501595024102863,0.23435747623443604,1.735952500337299,-1.735952500337299
CHEMBL244_Ki,morgan,mlp,crem_mean,42,label_permuted,153,test,2149,2153,0.44516890815978755,0.5068493150684932,-0.1250741584537642,0.8767123287671232,-2.5900951992983194,-0.014434576034545898,2.5756606232637735,-2.5756606232637735
CHEMBL244_Ki,morgan,mlp,crem_mean,42,label_permuted,155,test,2204,2205,0.2880610315749357,0.2112676056338028,0.0973630936039363,0.9014084507042254,1.0239121574054106,0.041088104248046875,0.9828240531573638,-0.9828240531573638
CHEMBL244_Ki,morgan,mlp,crem_mean,42,label_permuted,157,test,2209,2218,0.20474499804494425,0.22857142857142856,-0.030886113645442623,1.0,-1.2662678894047694,-0.08377206325531006,1.1824958261494594,-1.1824958261494594
CHEMBL244_Ki,morgan,mlp,crem_mean,42,label_permuted,159,test,2217,2223,0.4964500845110943,0.2702702702702703,0.30995011581149956,0.918918918918919,-1.2218487496163564,0.12041795253753662,1.342266702153893,-1.342266702153893
CHEMBL244_Ki,morgan,mlp,crem_mean,42,label_permuted,162,test,2257,2258,0.09279609279609281,0.05084745762711865,0.04419588348159778,0.7966101694915254,-2.6989700043360187,-0.4490852355957031,2.2498847687403156,-2.2498847687403156
CHEMBL244_Ki,morgan,mlp,crem_mean,42,label_permuted,163,test,2262,2265,0.4130497514226868,0.4117647058823529,0.0021845774185675847,0.8823529411764706,-1.4771212547196626,-0.12557077407836914,1.3515504806412935,-1.3515504806412935
CHEMBL244_Ki,morgan,mlp,crem_mean,42,label_permuted,164,test,2288,2854,0.17157202786493403,0.2345679012345679,-0.08230106037000552,1.0,-1.1890562362200492,-0.10360169410705566,1.0854545421129935,-1.0854545421129935
CHEMBL244_Ki,morgan,mlp,crem_mean,42,label_permuted,168,test,2363,2398,0.4960603663475883,0.22857142857142856,0.3467449193394664,0.7142857142857143,1.786120180054919,-0.1916368007659912,1.9777569808209101,-1.9777569808209101
CHEMBL244_Ki,morgan,mlp,crem_mean,42,label_permuted,169,test,2372,2385,0.22404207597723141,0.2537313432835821,-0.03978361819050992,0.7014925373134329,-1.4637572931616807,-0.07633233070373535,1.3874249624579453,-1.3874249624579453
CHEMBL244_Ki,morgan,mlp,crem_mean,42,label_permuted,171,test,2438,2446,0.13417092924126173,0.14705882352941177,-0.015109945027486258,0.9264705882352942,1.5006023505691857,0.005791425704956055,1.4948109248642296,-1.4948109248642296
CHEMBL244_Ki,morgan,mlp,crem_mean,42,label_permuted,172,test,2461,2462,0.09304112554112554,0.06779661016949153,0.027080480125934666,0.8983050847457628,1.3679767852945945,0.1092078685760498,1.2587689167185447,-1.2587689167185447
CHEMBL244_Ki,morgan,mlp,crem_mean,42,label_permuted,173,test,2475,2476,0.14761904761904762,0.047619047619047616,0.10500000000000001,0.7619047619047619,-1.510545010206612,0.031018376350402832,1.5415633865570149,-1.5415633865570149
CHEMBL244_Ki,morgan,mlp,crem_mean,42,label_permuted,175,test,2479,2499,0.5730092195391474,0.29508196721311475,0.3942688928346045,0.7049180327868853,1.0543576623225928,-0.16934359073638916,1.223701253058982,-1.223701253058982
CHEMBL244_Ki,morgan,mlp,crem_mean,42,label_permuted,182,test,2632,2633,0.2971658233185747,0.3225806451612903,-0.037517117958294446,0.3064516129032258,-1.2218487496163566,-0.18194580078125,1.0399029488351066,-1.0399029488351066
CHEMBL244_Ki,morgan,mlp,crem_mean,42,label_permuted,183,test,2639,2642,0.1857142857142857,0.21428571428571427,-0.036363636363636376,0.5357142857142857,1.1249387366083,0.03143787384033203,1.0935008627679679,-1.0935008627679679
CHEMBL244_Ki,morgan,mlp,crem_mean,42,label_permuted,189,test,2710,2712,0.16345439691027924,0.1717171717171717,-0.009975789096126274,0.494949494949495,1.1807047638610455,-0.27135634422302246,1.452061108084068,-1.452061108084068
CHEMBL244_Ki,morgan,mlp,crem_mean,42,label_permuted,194,test,2836,2838,0.5714285714285714,0.05970149253731343,0.5442176870748299,1.0,-1.5454822249613125,0.19457483291625977,1.7400570578775723,-1.7400570578775723
CHEMBL244_Ki,morgan,mlp,crem_mean,42,label_permuted,200,test,3010,3013,0.18918453804966961,0.2127659574468085,-0.02995477599096022,1.0,-1.5740312677277188,-0.048401832580566406,1.5256294351471524,-1.5256294351471524
CHEMBL244_Ki,morgan,mlp,crem_mean,42,label_permuted,202,test,3034,3036,0.25825149530838387,0.1935483870967742,0.080231854182396,0.5806451612903226,1.7861201800549193,0.14251279830932617,1.6436073817455932,-1.6436073817455932
CHEMBL244_Ki,morgan,mlp,crem_lime,42,label_permuted,2,test,556,560,0.16082164069452204,0.13559322033898305,0.029185819626996085,0.6949152542372882,-1.6922366216770504,-0.07109928131103516,1.6211373403660152,-1.6211373403660152
CHEMBL244_Ki,morgan,mlp,crem_lime,42,label_permuted,3,test,13,78,0.26836260612004315,0.08333333333333333,0.20185011576731982,1.0,1.0910804693473326,-0.040632009506225586,1.1317124788535582,-1.1317124788535582
CHEMBL244_Ki,morgan,mlp,crem_lime,42,label_permuted,6,test,2271,2300,0.335566086321326,0.2602739726027397,0.10178378336031109,1.0,-1.463110540276848,0.03389179706573486,1.497002337342583,-1.497002337342583
CHEMBL244_Ki,morgan,mlp,crem_lime,42,label_permuted,25,test,261,264,0.3018415000434705,0.26666666666666666,0.04796568187745976,1.0,-1.6989700043360187,0.32826268672943115,2.02723269106545,-2.02723269106545
CHEMBL244_Ki,morgan,mlp,crem_lime,42,label_permuted,32,test,287,288,0.4535558068898978,0.4444444444444444,0.016400452401816035,1.0,1.9999999999999996,0.09279513359069824,1.9072048664093013,-1.9072048664093013
CHEMBL244_Ki,morgan,mlp,crem_lime,42,label_permuted,35,test,312,335,0.34347826086956523,0.05263157894736842,0.3070048309178744,1.0,1.4409090820652177,0.10525977611541748,1.3356493059498002,-1.3356493059498002
CHEMBL244_Ki,morgan,mlp,crem_lime,42,label_permuted,36,test,314,333,0.8343178811928812,0.1791044776119403,0.798169055271328,1.0,1.1549019599857433,0.13242888450622559,1.0224730754795177,-1.0224730754795177
CHEMBL244_Ki,morgan,mlp,crem_lime,42,label_permuted,37,test,322,326,0.37597353507095943,0.25,0.16796471342794592,1.0,-1.3767507096020994,0.03669118881225586,1.4134418984143553,-1.4134418984143553
CHEMBL244_Ki,morgan,mlp,crem_lime,42,label_permuted,38,test,356,374,0.5860430497050215,0.13513513513513514,0.521362276221431,1.0,1.1160933293803952,-0.11309027671813965,1.2291836060985348,-1.2291836060985348
CHEMBL244_Ki,morgan,mlp,crem_lime,42,label_permuted,50,test,495,508,0.8268463730002191,0.20634920634920634,0.7818264299802761,1.0,2.0,0.0521855354309082,1.9478144645690918,-1.9478144645690918
CHEMBL244_Ki,morgan,mlp,crem_lime,42,label_permuted,55,test,553,1094,0.1862044817927171,0.06349206349206349,0.1310319042871386,1.0,1.8758877041394824,0.1049962043762207,1.7708914997632617,-1.7708914997632617
CHEMBL244_Ki,morgan,mlp,crem_lime,42,label_permuted,67,test,642,950,0.626388808280321,0.2631578947368421,0.492956239809007,0.9298245614035088,1.6398485522173623,0.12276661396026611,1.5170819382570961,-1.5170819382570961
CHEMBL244_Ki,morgan,mlp,crem_lime,42,label_permuted,68,test,645,729,0.22093171259506603,0.3142857142857143,-0.1361412524655287,0.9714285714285714,-1.2013971243204518,0.01387333869934082,1.2152704630197926,-1.2152704630197926
CHEMBL244_Ki,morgan,mlp,crem_lime,42,label_permuted,73,test,781,794,0.17480600822981246,0.20833333333333334,-0.042350305393921116,0.9583333333333334,1.1171133990963442,-0.008687257766723633,1.1258006568630679,-1.1258006568630679
CHEMBL244_Ki,morgan,mlp,crem_lime,42,label_permuted,74,test,844,865,0.2825237971503495,0.24242424242424243,0.0529314122384613,1.0,-1.284278269569862,0.014296889305114746,1.2985751588749768,-1.2985751588749768
CHEMBL244_Ki,morgan,mlp,crem_lime,42,label_permuted,77,test,895,1437,0.07478145847711065,0.05405405405405406,0.021911827532945544,1.0,1.153814864344529,0.016573786735534668,1.1372410776089943,-1.1372410776089943
CHEMBL244_Ki,morgan,mlp,crem_lime,42,label_permuted,87,test,1033,1246,0.2714076777431568,0.3793103448275862,-0.1738431858582473,1.0,1.0310342337399678,-0.07374286651611328,1.1047771002560811,-1.1047771002560811
CHEMBL244_Ki,morgan,mlp,crem_lime,42,label_permuted,90,test,1128,1138,0.19305393919032843,0.1864406779661017,0.008128800254778688,1.0,-1.3367455479305157,-0.07109582424163818,1.2656497236888775,-1.2656497236888775
CHEMBL244_Ki,morgan,mlp,crem_lime,42,label_permuted,92,test,1164,1188,0.044485694485694484,0.056338028169014086,-0.012559935694264055,1.0,-1.8692317197309762,0.14194774627685547,2.0111794660078317,-2.0111794660078317
CHEMBL244_Ki,morgan,mlp,crem_lime,42,label_permuted,93,test,1207,1211,0.43901368700889787,0.26153846153846155,0.24033103449121582,1.0,1.1333392786347307,-0.25845062732696533,1.391789905961696,-1.391789905961696
CHEMBL244_Ki,morgan,mlp,crem_lime,42,label_permuted,95,test,1238,1243,0.11559630423849399,0.14285714285714285,-0.031804311721757,0.974025974025974,1.1760912590556813,-0.003478407859802246,1.1795696669154836,-1.1795696669154836
CHEMBL244_Ki,morgan,mlp,crem_lime,42,label_permuted,100,test,1289,2103,0.33091461379657083,0.4,-0.11514231033904865,1.0,-1.2678616324113265,-0.003957986831665039,1.2639036455796615,-1.2639036455796615
CHEMBL244_Ki,morgan,mlp,crem_lime,42,label_permuted,107,test,1363,1364,0.1798241571576648,0.22666666666666666,-0.06057221057198515,0.88,1.3222192947339193,0.0318073034286499,1.2904119913052694,-1.2904119913052694
CHEMBL244_Ki,morgan,mlp,crem_lime,42,label_permuted,108,test,1384,1395,0.4740916869411071,0.3037974683544304,0.2446044230608629,0.8860759493670886,1.0720026614205014,0.39890241622924805,0.6731002451912533,-0.6731002451912533
CHEMBL244_Ki,morgan,mlp,crem_lime,42,label_permuted,114,test,1531,1535,0.4571647715030068,0.16666666666666666,0.3485977258036081,1.0,1.6690067809585758,0.09386110305786133,1.5751456779007145,-1.5751456779007145
CHEMBL244_Ki,morgan,mlp,crem_lime,42,label_permuted,116,test,1557,1558,0.543075604940615,0.3870967741935484,0.2544917764820561,1.0,1.0389180660303703,-0.07905960083007812,1.1179776668604484,-1.1179776668604484
CHEMBL244_Ki,morgan,mlp,crem_lime,42,label_permuted,118,test,1999,2003,0.1238594527968342,0.08860759493670886,0.03867912181874864,1.0,-1.3622996524029038,0.1063307523727417,1.4686304047756455,-1.4686304047756455
CHEMBL244_Ki,morgan,mlp,crem_lime,42,label_permuted,121,test,1608,1613,0.3697288474727721,0.32926829268292684,0.0603230089594057,0.9634146341463414,1.1697510810246623,-0.061258554458618164,1.2310096354832805,-1.2310096354832805
CHEMBL244_Ki,morgan,mlp,crem_lime,42,label_permuted,126,test,1776,2055,0.3791259190156249,0.14285714285714285,0.27564690551822907,1.0,1.5854607295085006,-0.04898357391357422,1.6344443034220748,-1.6344443034220748
CHEMBL244_Ki,morgan,mlp,crem_lime,42,label_permuted,130,test,1816,1841,0.2335244588137256,0.20588235294117646,0.03480857776543225,1.0,1.373580662812593,0.22387218475341797,1.149708478059175,-1.149708478059175
CHEMBL244_Ki,morgan,mlp,crem_lime,42,label_permuted,141,test,2360,2396,0.49763193006432377,0.3150684931506849,0.2665426178939127,1.0,1.6283889300503116,-0.29855990409851074,1.9269488341488223,-1.9269488341488223
CHEMBL244_Ki,morgan,mlp,crem_lime,42,label_permuted,148,test,2116,2120,0.17068196820838244,0.18181818181818182,-0.013610927745310359,1.0,-2.0,-0.13129818439483643,1.8687018156051636,-1.8687018156051636
CHEMBL244_Ki,morgan,mlp,crem_lime,42,label_permuted,149,test,2193,2201,0.25180888501046605,0.15492957746478872,0.11464051392905152,1.0,-1.501595024102863,0.23435747623443604,1.735952500337299,-1.735952500337299
CHEMBL244_Ki,morgan,mlp,crem_lime,42,label_permuted,153,test,2149,2153,0.7135594883664355,0.5068493150684932,0.41916229585416076,1.0,-2.5900951992983194,-0.014434576034545898,2.5756606232637735,-2.5756606232637735
CHEMBL244_Ki,morgan,mlp,crem_lime,42,label_permuted,155,test,2204,2205,0.2774502128065667,0.2112676056338028,0.08391009123689704,1.0,1.0239121574054106,0.041088104248046875,0.9828240531573638,-0.9828240531573638
CHEMBL244_Ki,morgan,mlp,crem_lime,42,label_permuted,157,test,2209,2218,0.15089707171007796,0.22857142857142856,-0.10068898111656559,1.0,-1.2662678894047694,-0.08377206325531006,1.1824958261494594,-1.1824958261494594
CHEMBL244_Ki,morgan,mlp,crem_lime,42,label_permuted,159,test,2217,2223,0.16336057000940138,0.2702702702702703,-0.14650588554267222,1.0,-1.2218487496163564,0.12041795253753662,1.342266702153893,-1.342266702153893
CHEMBL244_Ki,morgan,mlp,crem_lime,42,label_permuted,162,test,2257,2258,0.6555555555555554,0.05084745762711865,0.6371031746031744,1.0,-2.6989700043360187,-0.4490852355957031,2.2498847687403156,-2.2498847687403156
CHEMBL244_Ki,morgan,mlp,crem_lime,42,label_permuted,163,test,2262,2265,0.3845479026796803,0.4117647058823529,-0.04626856544454344,1.0,-1.4771212547196626,-0.12557077407836914,1.3515504806412935,-1.3515504806412935
CHEMBL244_Ki,morgan,mlp,crem_lime,42,label_permuted,164,test,2288,2854,0.13444360298896144,0.2345679012345679,-0.13080755093377616,1.0,-1.1890562362200492,-0.10360169410705566,1.0854545421129935,-1.0854545421129935
CHEMBL244_Ki,morgan,mlp,crem_lime,42,label_permuted,168,test,2363,2398,0.19985297923603912,0.22857142857142856,-0.03722761950883817,1.0,1.786120180054919,-0.1916368007659912,1.9777569808209101,-1.9777569808209101
CHEMBL244_Ki,morgan,mlp,crem_lime,42,label_permuted,169,test,2372,2385,0.27634261480886085,0.2537313432835821,0.03029910384387353,1.0,-1.4637572931616807,-0.07633233070373535,1.3874249624579453,-1.3874249624579453
CHEMBL244_Ki,morgan,mlp,crem_lime,42,label_permuted,171,test,2438,2446,0.693177508989866,0.14705882352941177,0.6402770795053601,1.0,1.5006023505691857,0.005791425704956055,1.4948109248642296,-1.4948109248642296
CHEMBL244_Ki,morgan,mlp,crem_lime,42,label_permuted,172,test,2461,2462,0.27325581395348836,0.06779661016949153,0.2204016913319239,1.0,1.3679767852945945,0.1092078685760498,1.2587689167185447,-1.2587689167185447
CHEMBL244_Ki,morgan,mlp,crem_lime,42,label_permuted,173,test,2475,2476,0.550464527027027,0.047619047619047616,0.5279877533783783,1.0,-1.510545010206612,0.031018376350402832,1.5415633865570149,-1.5415633865570149
CHEMBL244_Ki,morgan,mlp,crem_lime,42,label_permuted,175,test,2479,2499,0.483420826460841,0.29508196721311475,0.26717838172351865,1.0,1.0543576623225928,-0.16934359073638916,1.223701253058982,-1.223701253058982
CHEMBL244_Ki,morgan,mlp,crem_lime,42,label_permuted,182,test,2632,2633,0.48281119507483666,0.3225806451612903,0.23653081177713983,1.0,-1.2218487496163566,-0.18194580078125,1.0399029488351066,-1.0399029488351066
CHEMBL244_Ki,morgan,mlp,crem_lime,42,label_permuted,183,test,2639,2642,0.2558615921115921,0.21428571428571427,0.05291475359657177,0.7857142857142857,1.1249387366083,0.03143787384033203,1.0935008627679679,-1.0935008627679679
CHEMBL244_Ki,morgan,mlp,crem_lime,42,label_permuted,189,test,2710,2712,0.16584859197335317,0.1717171717171717,-0.007085236519976051,0.8585858585858586,1.1807047638610455,-0.27135634422302246,1.452061108084068,-1.452061108084068
CHEMBL244_Ki,morgan,mlp,crem_lime,42,label_permuted,194,test,2836,2838,0.07281649245063879,0.05970149253731343,0.013947698320520615,1.0,-1.5454822249613125,0.19457483291625977,1.7400570578775723,-1.7400570578775723
CHEMBL244_Ki,morgan,mlp,crem_lime,42,label_permuted,200,test,3010,3013,0.48083096924594537,0.2127659574468085,0.3405150149880928,1.0,-1.5740312677277188,-0.048401832580566406,1.5256294351471524,-1.5256294351471524
CHEMBL244_Ki,morgan,mlp,crem_lime,42,label_permuted,202,test,3034,3036,0.3385449916324923,0.1935483870967742,0.17979578962429046,0.967741935483871,1.7861201800549193,0.14251279830932617,1.6436073817455932,-1.6436073817455932
CHEMBL4616_EC50,molformer,xgboost,crem_mean,42,trained,2,test,16,37,0.30099463118481085,0.15942028985507245,0.16842464744399913,0.7101449275362319,-1.8784542062890395,-0.20246779918670654,1.675986407102333,-1.675986407102333
CHEMBL4616_EC50,molformer,xgboost,crem_mean,42,trained,7,test,135,141,0.5149261444584327,0.32941176470588235,0.276644250508189,0.788235294117647,-1.4449365713482611,-0.22842442989349365,1.2165121414547675,-1.2165121414547675
CHEMBL4616_EC50,molformer,xgboost,crem_mean,42,trained,13,test,120,124,0.4468244774123259,0.3333333333333333,0.17023671611848884,0.875,-1.224014811372864,-0.5555824041366577,0.6684324072362062,-0.6684324072362062
CHEMBL4616_EC50,molformer,xgboost,crem_mean,42,trained,14,test,189,193,0.24355517608112764,0.25757575757575757,-0.018884864870317857,0.5757575757575758,-1.5999318377006544,0.05821859836578369,1.658150436066438,-1.658150436066438
CHEMBL4616_EC50,molformer,xgboost,crem_mean,42,trained,23,test,283,296,0.38507733932906896,0.4528301886792453,-0.12382417295032228,1.0,-1.6478174818886377,-0.3308558464050293,1.3169616354836085,-1.3169616354836085
CHEMBL4616_EC50,molformer,xgboost,crem_mean,42,trained,31,test,544,546,0.07936507936507936,0.07936507936507936,0.0,0.0,1.9661417327390323,-0.48663467168807983,2.4527764044271123,-2.4527764044271123
CHEMBL4616_EC50,molformer,xgboost,crem_mean,42,trained,34,test,604,608,0.15151515151515152,0.15151515151515152,0.0,0.45454545454545453,1.3025140804612594,0.01624143123626709,1.2862726492249923,-1.2862726492249923
CHEMBL4616_EC50,molformer,xgboost,crem_mean,42,trained,35,test,610,614,0.8115079365079365,0.21875,0.7587301587301587,0.4375,1.995055729081308,-0.2903636693954468,2.285419398476755,-2.285419398476755
CHEMBL4616_EC50,molformer,xgboost,crem_mean,42,trained,37,test,648,651,0.5667560335406645,0.323943661971831,0.35915996627889957,0.7464788732394366,-2.195031560679157,0.4698755741119385,2.6649071347910955,-2.6649071347910955
CHEMBL4616_EC50,molformer,xgboost,crem_lime,42,trained,2,test,16,37,0.13763562839154733,0.15942028985507245,-0.02591623518936609,1.0,-1.8784542062890395,-0.20246779918670654,1.675986407102333,-1.675986407102333
CHEMBL4616_EC50,molformer,xgboost,crem_lime,42,trained,7,test,135,141,0.5542390891105801,0.32941176470588235,0.3352688170947246,0.9764705882352941,-1.4449365713482611,-0.22842442989349365,1.2165121414547675,-1.2165121414547675
CHEMBL4616_EC50,molformer,xgboost,crem_lime,42,trained,13,test,120,124,0.5603090865342337,0.3333333333333333,0.3404636298013506,0.9861111111111112,-1.224014811372864,-0.5555824041366577,0.6684324072362062,-0.6684324072362062
CHEMBL4616_EC50,molformer,xgboost,crem_lime,42,trained,14,test,189,193,0.260386115136237,0.25757575757575757,0.0037853795712580024,0.9545454545454546,-1.5999318377006544,0.05821859836578369,1.658150436066438,-1.658150436066438
CHEMBL4616_EC50,molformer,xgboost,crem_lime,42,trained,23,test,283,296,0.4168350523717417,0.4528301886792453,-0.0657842146309549,1.0,-1.6478174818886377,-0.3308558464050293,1.3169616354836085,-1.3169616354836085
CHEMBL4616_EC50,molformer,xgboost,crem_lime,42,trained,31,test,544,546,0.07936507936507936,0.07936507936507936,0.0,0.0,1.9661417327390323,-0.48663467168807983,2.4527764044271123,-2.4527764044271123
CHEMBL4616_EC50,molformer,xgboost,crem_lime,42,trained,34,test,604,608,0.11889040330900796,0.15151515151515152,-0.03845059610009776,0.9696969696969697,1.3025140804612594,0.01624143123626709,1.2862726492249923,-1.2862726492249923
CHEMBL4616_EC50,molformer,xgboost,crem_lime,42,trained,35,test,610,614,0.5677162825051819,0.21875,0.44667684160663285,0.96875,1.995055729081308,-0.2903636693954468,2.285419398476755,-2.285419398476755
CHEMBL4616_EC50,molformer,xgboost,crem_lime,42,trained,37,test,648,651,0.25032808852982413,0.323943661971831,-0.1088897023829685,1.0,-2.195031560679157,0.4698755741119385,2.6649071347910955,-2.6649071347910955
CHEMBL4616_EC50,molformer,xgboost,crem_mean,42,label_permuted,2,test,16,37,0.39342947811891915,0.15942028985507245,0.2783902412104383,0.7101449275362319,-1.8784542062890395,0.16215085983276367,2.0406050661218034,-2.0406050661218034
CHEMBL4616_EC50,molformer,xgboost,crem_mean,42,label_permuted,7,test,135,141,0.38895018511431434,0.32941176470588235,0.08878536376695997,0.788235294117647,-1.4449365713482611,0.05408608913421631,1.4990226604824775,-1.4990226604824775
CHEMBL4616_EC50,molformer,xgboost,crem_mean,42,label_permuted,13,test,120,124,0.30567543874605013,0.3333333333333333,-0.04148684188092477,0.875,-1.224014811372864,-0.020424365997314453,1.2035904453755495,-1.2035904453755495
CHEMBL4616_EC50,molformer,xgboost,crem_mean,42,label_permuted,14,test,189,193,0.5208661004508756,0.25757575757575757,0.3546359720358732,0.5757575757575758,-1.5999318377006544,-0.30639898777008057,1.2935328499305738,-1.2935328499305738
CHEMBL4616_EC50,molformer,xgboost,crem_mean,42,label_permuted,23,test,283,296,0.5838897874043627,0.4528301886792453,0.2395227149114215,1.0,-1.6478174818886377,0.0366894006729126,1.6845068825615503,-1.6845068825615503
CHEMBL4616_EC50,molformer,xgboost,crem_mean,42,label_permuted,31,test,544,546,0.07936507936507936,0.07936507936507936,0.0,0.0,1.9661417327390323,0.01046133041381836,1.955680402325214,-1.955680402325214
CHEMBL4616_EC50,molformer,xgboost,crem_mean,42,label_permuted,34,test,604,608,0.15151515151515152,0.15151515151515152,0.0,0.45454545454545453,1.3025140804612594,0.029293179512023926,1.2732209009492355,-1.2732209009492355
CHEMBL4616_EC50,molformer,xgboost,crem_mean,42,label_permuted,35,test,610,614,0.6721579145492189,0.21875,0.5803621306230002,0.4375,1.995055729081308,0.049188852310180664,1.9458668767711274,-1.9458668767711274
CHEMBL4616_EC50,molformer,xgboost,crem_mean,42,label_permuted,37,test,648,651,0.5152273626326922,0.323943661971831,0.2829404738941905,0.7464788732394366,-2.195031560679157,0.2121109962463379,2.407142556925495,-2.407142556925495
CHEMBL4616_EC50,molformer,xgboost,crem_lime,42,label_permuted,2,test,16,37,0.17572560901345624,0.15942028985507245,0.019397707274628993,1.0,-1.8784542062890395,0.16215085983276367,2.0406050661218034,-2.0406050661218034
CHEMBL4616_EC50,molformer,xgboost,crem_lime,42,label_permuted,7,test,135,141,0.5556951197011297,0.32941176470588235,0.3374400907823864,0.9764705882352941,-1.4449365713482611,0.05408608913421631,1.4990226604824775,-1.4990226604824775
CHEMBL4616_EC50,molformer,xgboost,crem_lime,42,label_permuted,13,test,120,124,0.5017165446814565,0.3333333333333333,0.2525748170221848,0.9861111111111112,-1.224014811372864,-0.020424365997314453,1.2035904453755495,-1.2035904453755495
CHEMBL4616_EC50,molformer,xgboost,crem_lime,42,label_permuted,14,test,189,193,0.7284088460559048,0.25757575757575757,0.6341833436671371,0.9545454545454546,-1.5999318377006544,-0.30639898777008057,1.2935328499305738,-1.2935328499305738
CHEMBL4616_EC50,molformer,xgboost,crem_lime,42,label_permuted,23,test,283,296,0.6540237523265373,0.4528301886792453,0.3676985818381544,1.0,-1.6478174818886377,0.0366894006729126,1.6845068825615503,-1.6845068825615503
CHEMBL4616_EC50,molformer,xgboost,crem_lime,42,label_permuted,31,test,544,546,0.07936507936507936,0.07936507936507936,0.0,0.0,1.9661417327390323,0.01046133041381836,1.955680402325214,-1.955680402325214
CHEMBL4616_EC50,molformer,xgboost,crem_lime,42,label_permuted,34,test,604,608,0.4567378618113912,0.15151515151515152,0.3597267657062825,0.9696969696969697,1.3025140804612594,0.029293179512023926,1.2732209009492355,-1.2732209009492355
CHEMBL4616_EC50,molformer,xgboost,crem_lime,42,label_permuted,35,test,610,614,0.43438963126102836,0.21875,0.2760187280141163,0.96875,1.995055729081308,0.049188852310180664,1.9458668767711274,-1.9458668767711274
CHEMBL4616_EC50,molformer,xgboost,crem_lime,42,label_permuted,37,test,648,651,0.22892381393669498,0.323943661971831,-0.14055019188530538,1.0,-2.195031560679157,0.2121109962463379,2.407142556925495,-2.407142556925495
CHEMBL4616_EC50,molformer,mlp,crem_mean,42,trained,2,test,16,37,0.1374458695321767,0.15942028985507245,-0.026141982797927715,0.7101449275362319,-1.8784542062890395,-0.20902633666992188,1.6694278696191176,-1.6694278696191176
CHEMBL4616_EC50,molformer,mlp,crem_mean,42,trained,7,test,135,141,0.46161134359699996,0.32941176470588235,0.19713972290780693,0.788235294117647,-1.4449365713482611,0.13071990013122559,1.5756564714794867,-1.5756564714794867
CHEMBL4616_EC50,molformer,mlp,crem_mean,42,trained,13,test,120,124,0.3982332233676767,0.3333333333333333,0.09734983505151505,0.875,-1.224014811372864,-0.16536307334899902,1.058651738023865,-1.058651738023865
CHEMBL4616_EC50,molformer,mlp,crem_mean,42,trained,14,test,189,193,0.23233041468335583,0.25757575757575757,-0.034003931242826836,0.5757575757575758,-1.5999318377006544,0.30043792724609375,1.9003697649467481,-1.9003697649467481
CHEMBL4616_EC50,molformer,mlp,crem_mean,42,trained,23,test,283,296,0.33782315117660633,0.4528301886792453,-0.2101852754358574,1.0,-1.6478174818886377,-0.8740055561065674,0.7738119257820704,-0.7738119257820704
CHEMBL4616_EC50,molformer,mlp,crem_mean,42,trained,31,test,544,546,0.07936507936507936,0.07936507936507936,0.0,0.0,1.9661417327390323,-0.01529991626739502,1.9814416490064273,-1.9814416490064273
CHEMBL4616_EC50,molformer,mlp,crem_mean,42,trained,34,test,604,608,0.15151515151515152,0.15151515151515152,0.0,0.45454545454545453,1.3025140804612594,0.16283118724822998,1.1396828932130294,-1.1396828932130294
CHEMBL4616_EC50,molformer,mlp,crem_mean,42,trained,35,test,610,614,0.7596332239189383,0.21875,0.692330526616241,0.4375,1.995055729081308,-0.2872525453567505,2.2823082744380585,-2.2823082744380585
CHEMBL4616_EC50,molformer,mlp,crem_mean,42,trained,37,test,648,651,0.6022297140199954,0.323943661971831,0.4116314519879098,0.7464788732394366,-2.195031560679157,0.2657586932182312,2.4607902538973883,-2.4607902538973883
CHEMBL4616_EC50,molformer,mlp,crem_lime,42,trained,2,test,16,37,0.09381721178737873,0.15942028985507245,-0.0780450411494977,1.0,-1.8784542062890395,-0.20902633666992188,1.6694278696191176,-1.6694278696191176
CHEMBL4616_EC50,molformer,mlp,crem_lime,42,trained,7,test,135,141,0.282187254180435,0.32941176470588235,-0.07042251569584253,0.9764705882352941,-1.4449365713482611,0.13071990013122559,1.5756564714794867,-1.5756564714794867
CHEMBL4616_EC50,molformer,mlp,crem_lime,42,trained,13,test,120,124,0.49009568619055194,0.3333333333333333,0.2351435292858279,0.9861111111111112,-1.224014811372864,-0.16536307334899902,1.058651738023865,-1.058651738023865
CHEMBL4616_EC50,molformer,mlp,crem_lime,42,trained,14,test,189,193,0.16438365944067387,0.25757575757575757,-0.1255240505492964,0.9545454545454546,-1.5999318377006544,0.30043792724609375,1.9003697649467481,-1.9003697649467481
CHEMBL4616_EC50,molformer,mlp,crem_lime,42,trained,23,test,283,296,0.36103948038881817,0.4528301886792453,-0.16775543239284957,1.0,-1.6478174818886377,-0.8740055561065674,0.7738119257820704,-0.7738119257820704
CHEMBL4616_EC50,molformer,mlp,crem_lime,42,trained,31,test,544,546,0.07936507936507936,0.07936507936507936,0.0,0.0,1.9661417327390323,-0.01529991626739502,1.9814416490064273,-1.9814416490064273
CHEMBL4616_EC50,molformer,mlp,crem_lime,42,trained,34,test,604,608,0.09696848048638232,0.15151515151515152,-0.06428714799819227,0.9696969696969697,1.3025140804612594,0.16283118724822998,1.1396828932130294,-1.1396828932130294
CHEMBL4616_EC50,molformer,mlp,crem_lime,42,trained,35,test,610,614,0.36545833479771883,0.21875,0.18778666854108012,0.96875,1.995055729081308,-0.2872525453567505,2.2823082744380585,-2.2823082744380585
CHEMBL4616_EC50,molformer,mlp,crem_lime,42,trained,37,test,648,651,0.44703090864659,0.323943661971831,0.18206655237308103,1.0,-2.195031560679157,0.2657586932182312,2.4607902538973883,-2.4607902538973883
CHEMBL4616_EC50,molformer,mlp,crem_mean,42,label_permuted,2,test,16,37,0.32101909214743696,0.15942028985507245,0.19224685100298536,0.7101449275362319,-1.8784542062890395,0.18338501453399658,2.0618392208230363,-2.0618392208230363
CHEMBL4616_EC50,molformer,mlp,crem_mean,42,label_permuted,7,test,135,141,0.4698398861063266,0.32941176470588235,0.20941035647434667,0.788235294117647,-1.4449365713482611,-0.0472111701965332,1.397725401151728,-1.397725401151728
CHEMBL4616_EC50,molformer,mlp,crem_mean,42,label_permuted,13,test,120,124,0.23017139028183012,0.3333333333333333,-0.15474291457725478,0.875,-1.224014811372864,-0.033872127532958984,1.190142683839905,-1.190142683839905
CHEMBL4616_EC50,molformer,mlp,crem_mean,42,label_permuted,14,test,189,193,0.3524494437273342,0.25757575757575757,0.12778904665314406,0.5757575757575758,-1.5999318377006544,-0.11258220672607422,1.4873496309745802,-1.4873496309745802
CHEMBL4616_EC50,molformer,mlp,crem_mean,42,label_permuted,23,test,283,296,0.5052184001338137,0.4528301886792453,0.09574397265834915,1.0,-1.6478174818886377,-0.08123373985290527,1.5665837420357325,-1.5665837420357325
CHEMBL4616_EC50,molformer,mlp,crem_mean,42,label_permuted,31,test,544,546,0.07936507936507936,0.07936507936507936,0.0,0.0,1.9661417327390323,-0.0080183744430542,1.9741601071820865,-1.9741601071820865
CHEMBL4616_EC50,molformer,mlp,crem_mean,42,label_permuted,34,test,604,608,0.15151515151515152,0.15151515151515152,0.0,0.45454545454545453,1.3025140804612594,0.022125244140625,1.2803888363206344,-1.2803888363206344
CHEMBL4616_EC50,molformer,mlp,crem_mean,42,label_permuted,35,test,610,614,0.6811001168144024,0.21875,0.5918081495224351,0.4375,1.995055729081308,0.07865667343139648,1.9163990556499115,-1.9163990556499115
CHEMBL4616_EC50,molformer,mlp,crem_mean,42,label_permuted,37,test,648,651,0.49536830468796894,0.323943661971831,0.25356561735095406,0.7464788732394366,-2.195031560679157,0.14133906364440918,2.3363706243235662,-2.3363706243235662
CHEMBL4616_EC50,molformer,mlp,crem_lime,42,label_permuted,2,test,16,37,0.5417348955392434,0.15942028985507245,0.4548225481415137,1.0,-1.8784542062890395,0.18338501453399658,2.0618392208230363,-2.0618392208230363
CHEMBL4616_EC50,molformer,mlp,crem_lime,42,label_permuted,7,test,135,141,0.47146503100242315,0.32941176470588235,0.2118338181615082,0.9764705882352941,-1.4449365713482611,-0.0472111701965332,1.397725401151728,-1.397725401151728
CHEMBL4616_EC50,molformer,mlp,crem_lime,42,label_permuted,13,test,120,124,0.2263451270954293,0.3333333333333333,-0.16048230935685598,0.9861111111111112,-1.224014811372864,-0.033872127532958984,1.190142683839905,-1.190142683839905
CHEMBL4616_EC50,molformer,mlp,crem_lime,42,label_permuted,14,test,189,193,0.42908410981225786,0.25757575757575757,0.23101124995120448,0.9545454545454546,-1.5999318377006544,-0.11258220672607422,1.4873496309745802,-1.4873496309745802
CHEMBL4616_EC50,molformer,mlp,crem_lime,42,label_permuted,23,test,283,296,0.4784830244128029,0.4528301886792453,0.046882768754432834,1.0,-1.6478174818886377,-0.08123373985290527,1.5665837420357325,-1.5665837420357325
CHEMBL4616_EC50,molformer,mlp,crem_lime,42,label_permuted,31,test,544,546,0.07936507936507936,0.07936507936507936,0.0,0.0,1.9661417327390323,-0.0080183744430542,1.9741601071820865,-1.9741601071820865
CHEMBL4616_EC50,molformer,mlp,crem_lime,42,label_permuted,34,test,604,608,0.1053867299522172,0.15151515151515152,-0.05436563969917258,0.9696969696969697,1.3025140804612594,0.022125244140625,1.2803888363206344,-1.2803888363206344
CHEMBL4616_EC50,molformer,mlp,crem_lime,42,label_permuted,35,test,610,614,0.28299206187621445,0.21875,0.0822298392015545,0.96875,1.995055729081308,0.07865667343139648,1.9163990556499115,-1.9163990556499115
CHEMBL4616_EC50,molformer,mlp,crem_lime,42,label_permuted,37,test,648,651,0.29380175176827256,0.323943661971831,-0.04458490884276353,1.0,-2.195031560679157,0.14133906364440918,2.3363706243235662,-2.3363706243235662
CHEMBL239_EC50,molformer,xgboost,crem_mean,42,trained,1,test,1,33,0.3663799283154122,0.2542372881355932,0.1503730856956664,1.0,2.513097461879629,1.623535394668579,0.8895620672110498,-0.8895620672110498
CHEMBL239_EC50,molformer,xgboost,crem_mean,42,trained,2,test,21,34,0.2586344811842122,0.2631578947368421,-0.006138918392854888,1.0,-1.576252727721677,0.023117542266845703,1.5993702699885226,-1.5993702699885226
CHEMBL239_EC50,molformer,xgboost,crem_mean,42,trained,7,test,62,64,0.06734617985125085,0.05555555555555555,0.012484190430736201,0.9305555555555556,-1.5328392767509351,0.30382370948791504,1.8366629862388502,-1.8366629862388502
CHEMBL239_EC50,molformer,xgboost,crem_mean,42,trained,14,test,141,143,0.12829457364341085,0.05970149253731343,0.072948197366802,0.9104477611940298,-1.486881092008819,0.3440117835998535,1.8308928756086724,-1.8308928756086724
CHEMBL239_EC50,molformer,xgboost,crem_mean,42,trained,16,test,150,156,0.3470724946695096,0.373134328358209,-0.04157482993197278,0.5223880597014925,-1.01424043911461,0.7002527713775635,1.7144932104921735,-1.7144932104921735
CHEMBL239_EC50,molformer,xgboost,crem_mean,42,trained,18,test,168,171,0.11035624883407867,0.1095890410958904,0.0008616333059652838,0.726027397260274,-1.6627578316815739,0.29784655570983887,1.9606043873914127,-1.9606043873914127
CHEMBL239_EC50,molformer,xgboost,crem_mean,42,trained,22,test,190,193,0.1619786681553046,0.16666666666666666,-0.005625598213634475,1.0,1.334888262924949,0.3903841972351074,0.9445040656898416,-0.9445040656898416
CHEMBL239_EC50,molformer,xgboost,crem_mean,42,trained,24,test,198,199,0.5290194084562645,0.27586206896551724,0.34959823072531765,0.9137931034482759,-1.0299632233774436,0.43738269805908203,1.4673459214365256,-1.4673459214365256
CHEMBL239_EC50,molformer,xgboost,crem_mean,42,trained,25,test,203,215,0.6385045687894264,0.3230769230769231,0.4659726584389253,0.6923076923076923,1.4471580313422194,-0.21652686595916748,1.663684897301387,-1.663684897301387
CHEMBL239_EC50,molformer,xgboost,crem_mean,42,trained,26,test,210,270,0.46910483428645466,0.5384615384615384,-0.15027285904601484,0.7076923076923077,1.5118833609788744,1.0288410186767578,0.4830423423021166,-0.4830423423021166
CHEMBL239_EC50,molformer,xgboost,crem_mean,42,trained,29,test,265,1411,0.3349310620936297,0.3,0.0499015172766139,0.85,-1.2674291939120836,-0.28429675102233887,0.9831324428897448,-0.9831324428897448
CHEMBL239_EC50,molformer,xgboost,crem_mean,42,trained,30,test,266,1315,0.27920638078422094,0.3181818181818182,-0.05716397484980927,1.0,1.2922560713564755,0.06644487380981445,1.225811197546661,-1.225811197546661
CHEMBL239_EC50,molformer,xgboost,crem_mean,42,trained,35,test,309,311,0.34252578564782676,0.2777777777777778,0.08965108782006781,0.75,-1.3047578681832246,0.1669466495513916,1.4717045177346162,-1.4717045177346162
CHEMBL239_EC50,molformer,xgboost,crem_mean,42,trained,37,test,358,359,0.14444908001711596,0.1388888888888889,0.006456996148908843,0.75,-1.1892094895823062,0.15744519233703613,1.3466546819193423,-1.3466546819193423
CHEMBL239_EC50,molformer,xgboost,crem_mean,42,trained,38,test,363,430,0.42561987390085865,0.3076923076923077,0.1703398178567958,0.5128205128205128,-1.888425224949682,-0.08104443550109863,1.8073807894485834,-1.8073807894485834
CHEMBL239_EC50,molformer,xgboost,crem_mean,42,trained,40,test,371,372,0.36345864661654137,0.07575757575757576,0.3112831258474054,1.0,-1.4393326938302626,-0.4657762050628662,0.9735564887673964,-0.9735564887673964
CHEMBL239_EC50,molformer,xgboost,crem_mean,42,trained,48,test,457,460,0.32576981173959396,0.22666666666666666,0.12815061862878532,1.0,-1.1677391846909155,0.37154722213745117,1.5392864068283667,-1.5392864068283667
CHEMBL239_EC50,molformer,xgboost,crem_mean,42,trained,52,test,500,526,0.2739653621232569,0.2923076923076923,-0.02591851004322398,0.46153846153846156,-1.7703259128716877,0.18679451942443848,1.9571204322961262,-1.9571204322961262
CHEMBL239_EC50,molformer,xgboost,crem_mean,42,trained,57,test,580,833,0.884776016150832,0.5625,0.7366308940590446,1.0,-1.2487021153086655,-0.2677943706512451,0.9809077446574204,-0.9809077446574204
CHEMBL239_EC50,molformer,xgboost,crem_mean,42,trained,66,test,793,798,0.3777889564953646,0.36363636363636365,0.022239788778430056,0.7818181818181819,1.4771212547196626,-0.028160810470581055,1.5052820651902437,-1.5052820651902437
CHEMBL239_EC50,molformer,xgboost,crem_mean,42,trained,68,test,802,803,0.16672905525846704,0.07894736842105263,0.09530583142347851,0.7368421052631579,-1.698970004336019,0.17905020713806152,1.8780202114740805,-1.8780202114740805
CHEMBL239_EC50,molformer,xgboost,crem_mean,42,trained,74,test,845,861,0.403713670509088,0.17073170731707318,0.28094883796684145,1.0,1.662757831681574,0.5071702003479004,1.1555876313336737,-1.1555876313336737
CHEMBL239_EC50,molformer,xgboost,crem_mean,42,trained,75,test,846,849,0.13791911347098307,0.1891891891891892,-0.06323309338578757,0.918918918918919,1.3521825181113623,0.14148354530334473,1.2106989728080175,-1.2106989728080175
CHEMBL239_EC50,molformer,xgboost,crem_mean,42,trained,85,test,1037,1046,0.26694694194694196,0.14285714285714285,0.1447714322714323,0.6507936507936508,-1.3644169745283738,-0.17900824546813965,1.1854087290602342,-1.1854087290602342
CHEMBL239_EC50,molformer,xgboost,crem_mean,42,trained,91,test,1077,1083,0.40437548876183177,0.3076923076923077,0.1396534837670903,1.0,1.1167442579930285,0.3272829055786133,0.7894613524144152,-0.7894613524144152
CHEMBL239_EC50,molformer,xgboost,crem_mean,42,trained,102,test,1198,1201,0.2916666666666667,0.05333333333333334,0.2517605633802817,1.0,1.33059822630669,-0.1088782548904419,1.439476481197132,-1.439476481197132
CHEMBL239_EC50,molformer,xgboost,crem_mean,42,trained,107,test,1272,1278,0.3938043864030706,0.3333333333333333,0.09070657960460589,1.0,1.640481436970422,-0.07187485694885254,1.7123562939192745,-1.7123562939192745
CHEMBL239_EC50,molformer,xgboost,crem_mean,42,trained,114,test,1379,1715,0.4690940930781318,0.43333333333333335,0.06310722307905614,1.0,-1.666517980554881,-0.0014710426330566406,1.6650469379218245,-1.6650469379218245
CHEMBL239_EC50,molformer,xgboost,crem_mean,42,trained,115,test,1393,1394,0.21197802197802196,0.19230769230769232,0.0243537414965986,0.8846153846153846,1.034762106259212,0.3253936767578125,0.7093684295013996,-0.7093684295013996
CHEMBL239_EC50,molformer,xgboost,crem_mean,42,trained,118,test,1464,1467,0.15606741932008766,0.16883116883116883,-0.015356386130519529,0.935064935064935,-2.740362689494244,0.06101274490356445,2.8013754343978086,-2.8013754343978086
CHEMBL239_EC50,molformer,xgboost,crem_mean,42,trained,124,test,1559,1563,0.1343246427485558,0.13793103448275862,-0.004183414411675276,0.9137931034482759,1.607639868708799,0.31912660598754883,1.28851326272125,-1.28851326272125
CHEMBL239_EC50,molformer,xgboost,crem_mean,42,trained,126,test,1623,1624,0.09320349761526232,0.07272727272727272,0.02208220331057702,0.8181818181818182,1.6823707425165568,-0.2318108081817627,1.9141815506983195,-1.9141815506983195
CHEMBL239_EC50,molformer,xgboost,crem_mean,42,trained,127,test,1641,1656,0.09853896103896104,0.07272727272727272,0.027836134453781514,1.0,-1.047424649928138,-0.3734130859375,0.6740115639906381,-0.6740115639906381
CHEMBL239_EC50,molformer,xgboost,crem_lime,42,trained,1,test,1,33,0.480474586595868,0.2542372881355932,0.30336365020809575,1.0,2.513097461879629,1.623535394668579,0.8895620672110498,-0.8895620672110498
CHEMBL239_EC50,molformer,xgboost,crem_lime,42,trained,2,test,21,34,0.22315119293348895,0.2631578947368421,-0.05429480959026497,1.0,-1.576252727721677,0.023117542266845703,1.5993702699885226,-1.5993702699885226
CHEMBL239_EC50,molformer,xgboost,crem_lime,42,trained,7,test,62,64,0.09902224212569041,0.05555555555555555,0.04602355048602515,1.0,-1.5328392767509351,0.30382370948791504,1.8366629862388502,-1.8366629862388502
CHEMBL239_EC50,molformer,xgboost,crem_lime,42,trained,14,test,141,143,0.06874767744332962,0.05970149253731343,0.00962054585242991,1.0,-1.486881092008819,0.3440117835998535,1.8308928756086724,-1.8308928756086724
CHEMBL239_EC50,molformer,xgboost,crem_lime,42,trained,16,test,150,156,0.3436650479980693,0.373134328358209,-0.047010518669746634,0.835820895522388,-1.01424043911461,0.7002527713775635,1.7144932104921735,-1.7144932104921735
CHEMBL239_EC50,molformer,xgboost,crem_lime,42,trained,18,test,168,171,0.07913655514758455,0.1095890410958904,-0.034200484218866574,1.0,-1.6627578316815739,0.29784655570983887,1.9606043873914127,-1.9606043873914127
CHEMBL239_EC50,molformer,xgboost,crem_lime,42,trained,22,test,190,193,0.2183084252911839,0.16666666666666666,0.0619701103494207,1.0,1.334888262924949,0.3903841972351074,0.9445040656898416,-0.9445040656898416
CHEMBL239_EC50,molformer,xgboost,crem_lime,42,trained,24,test,198,199,0.2443654904169906,0.27586206896551724,-0.04349527513844155,1.0,-1.0299632233774436,0.43738269805908203,1.4673459214365256,-1.4673459214365256
CHEMBL239_EC50,molformer,xgboost,crem_lime,42,trained,25,test,203,215,0.4905212526059182,0.3230769230769231,0.2473609413496519,0.9846153846153847,1.4471580313422194,-0.21652686595916748,1.663684897301387,-1.663684897301387
CHEMBL239_EC50,molformer,xgboost,crem_lime,42,trained,26,test,210,270,0.4706853126631261,0.5384615384615384,-0.14684848922989344,0.9846153846153847,1.5118833609788744,1.0288410186767578,0.4830423423021166,-0.4830423423021166
CHEMBL239_EC50,molformer,xgboost,crem_lime,42,trained,29,test,265,1411,0.25832340044157787,0.3,-0.05953799936917446,1.0,-1.2674291939120836,-0.28429675102233887,0.9831324428897448,-0.9831324428897448
CHEMBL239_EC50,molformer,xgboost,crem_lime,42,trained,30,test,266,1315,0.3289778017413342,0.3181818181818182,0.015834109220623463,1.0,1.2922560713564755,0.06644487380981445,1.225811197546661,-1.225811197546661
CHEMBL239_EC50,molformer,xgboost,crem_lime,42,trained,35,test,309,311,0.29007576489113296,0.2777777777777778,0.017027982156953312,1.0,-1.3047578681832246,0.1669466495513916,1.4717045177346162,-1.4717045177346162
CHEMBL239_EC50,molformer,xgboost,crem_lime,42,trained,37,test,358,359,0.12879310320604373,0.1388888888888889,-0.01172413821233632,1.0,-1.1892094895823062,0.15744519233703613,1.3466546819193423,-1.3466546819193423
CHEMBL239_EC50,molformer,xgboost,crem_lime,42,trained,38,test,363,430,0.4980893684366841,0.3076923076923077,0.27501797663076594,1.0,-1.888425224949682,-0.08104443550109863,1.8073807894485834,-1.8073807894485834
CHEMBL239_EC50,molformer,xgboost,crem_lime,42,trained,40,test,371,372,0.2733333333333333,0.07575757575757576,0.2137704918032787,1.0,-1.4393326938302626,-0.4657762050628662,0.9735564887673964,-0.9735564887673964
CHEMBL239_EC50,molformer,xgboost,crem_lime,42,trained,48,test,457,460,0.22420786478355986,0.22666666666666666,-0.003179485193672577,1.0,-1.1677391846909155,0.37154722213745117,1.5392864068283667,-1.5392864068283667
CHEMBL239_EC50,molformer,xgboost,crem_lime,42,trained,52,test,500,526,0.2092074968984986,0.2923076923076923,-0.11742418916516506,0.9538461538461539,-1.7703259128716877,0.18679451942443848,1.9571204322961262,-1.9571204322961262
CHEMBL239_EC50,molformer,xgboost,crem_lime,42,trained,57,test,580,833,0.8249976043472399,0.5625,0.5999945242222626,1.0,-1.2487021153086655,-0.2677943706512451,0.9809077446574204,-0.9809077446574204
CHEMBL239_EC50,molformer,xgboost,crem_lime,42,trained,66,test,793,798,0.28930608108377376,0.36363636363636365,-0.1168047297254984,1.0,1.4771212547196626,-0.028160810470581055,1.5052820651902437,-1.5052820651902437
CHEMBL239_EC50,molformer,xgboost,crem_lime,42,trained,68,test,802,803,0.2258739606953893,0.07894736842105263,0.15952030018356553,1.0,-1.698970004336019,0.17905020713806152,1.8780202114740805,-1.8780202114740805
CHEMBL239_EC50,molformer,xgboost,crem_lime,42,trained,74,test,845,861,0.13309113247655113,0.17073170731707318,-0.04539010495474718,1.0,1.662757831681574,0.5071702003479004,1.1555876313336737,-1.1555876313336737
CHEMBL239_EC50,molformer,xgboost,crem_lime,42,trained,75,test,846,849,0.18960940070448173,0.1891891891891892,0.0005182608688607927,1.0,1.3521825181113623,0.14148354530334473,1.2106989728080175,-1.2106989728080175
CHEMBL239_EC50,molformer,xgboost,crem_lime,42,trained,85,test,1037,1046,0.4082816184743823,0.14285714285714285,0.3096618882201127,1.0,-1.3644169745283738,-0.17900824546813965,1.1854087290602342,-1.1854087290602342
CHEMBL239_EC50,molformer,xgboost,crem_lime,42,trained,91,test,1077,1083,0.2892714580736173,0.3076923076923077,-0.026607893893663904,0.9615384615384616,1.1167442579930285,0.3272829055786133,0.7894613524144152,-0.7894613524144152
CHEMBL239_EC50,molformer,xgboost,crem_lime,42,trained,102,test,1198,1201,0.1630952380952381,0.05333333333333334,0.11594567404426559,1.0,1.33059822630669,-0.1088782548904419,1.439476481197132,-1.439476481197132
CHEMBL239_EC50,molformer,xgboost,crem_lime,42,trained,107,test,1272,1278,0.3134802744979081,0.3333333333333333,-0.02977958825313781,1.0,1.640481436970422,-0.07187485694885254,1.7123562939192745,-1.7123562939192745
CHEMBL239_EC50,molformer,xgboost,crem_lime,42,trained,114,test,1379,1715,0.5609103832627353,0.43333333333333335,0.22513597046365058,1.0,-1.666517980554881,-0.0014710426330566406,1.6650469379218245,-1.6650469379218245
CHEMBL239_EC50,molformer,xgboost,crem_lime,42,trained,115,test,1393,1394,0.34284062750974514,0.19230769230769232,0.18637411025016062,1.0,1.034762106259212,0.3253936767578125,0.7093684295013996,-0.7093684295013996
CHEMBL239_EC50,molformer,xgboost,crem_lime,42,trained,118,test,1464,1467,0.17933384601092167,0.16883116883116883,0.012636033481890135,0.987012987012987,-2.740362689494244,0.06101274490356445,2.8013754343978086,-2.8013754343978086
CHEMBL239_EC50,molformer,xgboost,crem_lime,42,trained,124,test,1559,1563,0.10197001246529548,0.13793103448275862,-0.04171478554025724,1.0,1.607639868708799,0.31912660598754883,1.28851326272125,-1.28851326272125
CHEMBL239_EC50,molformer,xgboost,crem_lime,42,trained,126,test,1623,1624,0.13558612440191387,0.07272727272727272,0.0677889576883385,1.0,1.6823707425165568,-0.2318108081817627,1.9141815506983195,-1.9141815506983195
CHEMBL239_EC50,molformer,xgboost,crem_lime,42,trained,127,test,1641,1656,0.08436692506459947,0.07272727272727272,0.012552566246136692,1.0,-1.047424649928138,-0.3734130859375,0.6740115639906381,-0.6740115639906381
CHEMBL239_EC50,molformer,xgboost,crem_mean,42,label_permuted,1,test,1,33,0.37712526800136315,0.2542372881355932,0.16478160936546424,1.0,2.513097461879629,0.29024672508239746,2.2228507367972314,-2.2228507367972314
CHEMBL239_EC50,molformer,xgboost,crem_mean,42,label_permuted,2,test,21,34,0.34825708061002175,0.2631578947368421,0.1154917522564581,1.0,-1.576252727721677,0.8583488464355469,2.434601574157224,-2.434601574157224
CHEMBL239_EC50,molformer,xgboost,crem_mean,42,label_permuted,7,test,62,64,0.06385911074873563,0.05555555555555555,0.008791999616308313,0.9305555555555556,-1.5328392767509351,0.33819007873535156,1.8710293554862867,-1.8710293554862867
CHEMBL239_EC50,molformer,xgboost,crem_mean,42,label_permuted,14,test,141,143,0.15009590792838876,0.05970149253731343,0.09613374335241343,0.9104477611940298,-1.486881092008819,0.2199101448059082,1.706791236814727,-1.706791236814727
CHEMBL239_EC50,molformer,xgboost,crem_mean,42,label_permuted,16,test,150,156,0.3820836991513023,0.373134328358209,0.014276377217553636,0.5223880597014925,-1.01424043911461,-0.47624826431274414,0.5379921748018659,-0.5379921748018659
CHEMBL239_EC50,molformer,xgboost,crem_mean,42,label_permuted,18,test,168,171,0.2391266017132137,0.1095890410958904,0.14548064500099386,0.726027397260274,-1.6627578316815739,-0.10128569602966309,1.5614721356519108,-1.5614721356519108
CHEMBL239_EC50,molformer,xgboost,crem_mean,42,label_permuted,22,test,190,193,0.41668152313804485,0.16666666666666666,0.30001782776565383,1.0,1.334888262924949,-0.30224013328552246,1.6371283962104715,-1.6371283962104715
CHEMBL239_EC50,molformer,xgboost,crem_mean,42,label_permuted,24,test,198,199,0.19517471193273186,0.27586206896551724,-0.1114253978071798,0.9137931034482759,-1.0299632233774436,0.06459689140319824,1.0945601147806419,-1.0945601147806419
CHEMBL239_EC50,molformer,xgboost,crem_mean,42,label_permuted,25,test,203,215,0.4935949602389557,0.3230769230769231,0.2519016458075482,0.6923076923076923,1.4471580313422194,-0.17971515655517578,1.6268731878973952,-1.6268731878973952
CHEMBL239_EC50,molformer,xgboost,crem_mean,42,label_permuted,26,test,210,270,0.4827024750091321,0.5384615384615384,-0.12081130414688038,0.7076923076923077,1.5118833609788744,0.178389310836792,1.3334940501420824,-1.3334940501420824
CHEMBL239_EC50,molformer,xgboost,crem_mean,42,label_permuted,29,test,265,1411,0.4447138633496992,0.3,0.2067340904995703,0.85,-1.2674291939120836,-0.5681488513946533,0.6992803425174303,-0.6992803425174303
CHEMBL239_EC50,molformer,xgboost,crem_mean,42,label_permuted,30,test,266,1315,0.22655315429696235,0.3181818181818182,-0.13438870703112188,1.0,1.2922560713564755,-0.034027099609375,1.3262831709658505,-1.3262831709658505
CHEMBL239_EC50,molformer,xgboost,crem_mean,42,label_permuted,35,test,309,311,0.3444085873087241,0.2777777777777778,0.09225804396592564,0.75,-1.3047578681832246,-0.20122087001800537,1.1035369981652192,-1.1035369981652192
CHEMBL239_EC50,molformer,xgboost,crem_mean,42,label_permuted,37,test,358,359,0.16899350649350647,0.1388888888888889,0.03496020108923331,0.75,-1.1892094895823062,-0.19930148124694824,0.989908008335358,-0.989908008335358
CHEMBL239_EC50,molformer,xgboost,crem_mean,42,label_permuted,38,test,363,430,0.47179326400331284,0.3076923076923077,0.23703471467145187,0.5128205128205128,-1.888425224949682,-0.32331371307373047,1.5651115118759515,-1.5651115118759515
CHEMBL239_EC50,molformer,xgboost,crem_mean,42,label_permuted,40,test,371,372,0.18498168498168496,0.07575757575757576,0.11817690506215095,1.0,-1.4393326938302626,0.0041463375091552734,1.443479031339418,-1.443479031339418
CHEMBL239_EC50,molformer,xgboost,crem_mean,42,label_permuted,48,test,457,460,0.3907079397736837,0.22666666666666666,0.21212233591424615,1.0,-1.1677391846909155,-0.08751845359802246,1.080220731092893,-1.080220731092893
CHEMBL239_EC50,molformer,xgboost,crem_mean,42,label_permuted,52,test,500,526,0.26963562753036435,0.2923076923076923,-0.03203661327231127,0.46153846153846156,-1.7703259128716877,0.17084002494812012,1.9411659378198078,-1.9411659378198078
CHEMBL239_EC50,molformer,xgboost,crem_mean,42,label_permuted,57,test,580,833,0.5336221657702049,0.5625,-0.06600647823953157,1.0,-1.2487021153086655,0.01639389991760254,1.265096015226268,-1.265096015226268
CHEMBL239_EC50,molformer,xgboost,crem_mean,42,label_permuted,66,test,793,798,0.4777607483616531,0.36363636363636365,0.1793383188540263,0.7818181818181819,1.4771212547196626,-0.854468822479248,2.3315900771989106,-2.3315900771989106
CHEMBL239_EC50,molformer,xgboost,crem_mean,42,label_permuted,68,test,802,803,0.1317865489239045,0.07894736842105263,0.05736825311738205,0.7368421052631579,-1.698970004336019,-0.11248493194580078,1.5864850723902182,-1.5864850723902182
CHEMBL239_EC50,molformer,xgboost,crem_mean,42,label_permuted,74,test,845,861,0.3387524381908207,0.17073170731707318,0.20261323428893083,1.0,1.662757831681574,0.29821205139160156,1.3645457802899725,-1.3645457802899725
CHEMBL239_EC50,molformer,xgboost,crem_mean,42,label_permuted,75,test,846,849,0.264996116731893,0.1891891891891892,0.09349521063600136,0.918918918918919,1.3521825181113623,-0.2615361213684082,1.6137186394797705,-1.6137186394797705
CHEMBL239_EC50,molformer,xgboost,crem_mean,42,label_permuted,85,test,1037,1046,0.3090054900399728,0.14285714285714285,0.19383973837996826,0.6507936507936508,-1.3644169745283738,0.4010648727416992,1.765481847270073,-1.765481847270073
CHEMBL239_EC50,molformer,xgboost,crem_mean,42,label_permuted,91,test,1077,1083,0.35424683075545144,0.3076923076923077,0.06724542220231872,1.0,1.1167442579930285,-0.25810790061950684,1.3748521586125353,-1.3748521586125353
CHEMBL239_EC50,molformer,xgboost,crem_mean,42,label_permuted,102,test,1198,1201,0.6785714285714286,0.05333333333333334,0.6604627766599598,1.0,1.33059822630669,0.0029413700103759766,1.327656856296314,-1.327656856296314
CHEMBL239_EC50,molformer,xgboost,crem_mean,42,label_permuted,107,test,1272,1278,0.3294991740715425,0.3333333333333333,-0.0057512388926862215,1.0,1.640481436970422,-0.09470438957214355,1.7351858265425655,-1.7351858265425655
CHEMBL239_EC50,molformer,xgboost,crem_mean,42,label_permuted,114,test,1379,1715,0.41025208933499885,0.43333333333333335,-0.04073160705588441,1.0,-1.666517980554881,-0.3176908493041992,1.3488271312506819,-1.3488271312506819
CHEMBL239_EC50,molformer,xgboost,crem_mean,42,label_permuted,115,test,1393,1394,0.28409329232858643,0.19230769230769232,0.11363931431158318,0.8846153846153846,1.034762106259212,0.23627948760986328,0.7984826186493488,-0.7984826186493488
CHEMBL239_EC50,molformer,xgboost,crem_mean,42,label_permuted,118,test,1464,1467,0.16223758370552904,0.16883116883116883,-0.007932907104285371,0.935064935064935,-2.740362689494244,-0.12373876571655273,2.6166239237776914,-2.6166239237776914
CHEMBL239_EC50,molformer,xgboost,crem_mean,42,label_permuted,124,test,1559,1563,0.20781807040998218,0.13793103448275862,0.08106896167557934,0.9137931034482759,1.607639868708799,0.1925032138824463,1.4151366548263526,-1.4151366548263526
CHEMBL239_EC50,molformer,xgboost,crem_mean,42,label_permuted,126,test,1623,1624,0.08380681818181818,0.07272727272727272,0.011948529411764705,0.8181818181818182,1.6823707425165568,0.10688018798828125,1.5754905545282756,-1.5754905545282756
CHEMBL239_EC50,molformer,xgboost,crem_mean,42,label_permuted,127,test,1641,1656,0.12703703703703703,0.07272727272727272,0.05856935366739288,1.0,-1.047424649928138,-0.07040882110595703,0.9770158288221811,-0.9770158288221811
CHEMBL239_EC50,molformer,xgboost,crem_lime,42,label_permuted,1,test,1,33,0.1717222763257253,0.2542372881355932,-0.1106451294723229,1.0,2.513097461879629,0.29024672508239746,2.2228507367972314,-2.2228507367972314
CHEMBL239_EC50,molformer,xgboost,crem_lime,42,label_permuted,2,test,21,34,0.3060095619035248,0.2631578947368421,0.058155834011926526,1.0,-1.576252727721677,0.8583488464355469,2.434601574157224,-2.434601574157224
CHEMBL239_EC50,molformer,xgboost,crem_lime,42,label_permuted,7,test,62,64,0.10126399868247696,0.05555555555555555,0.04839717507556384,1.0,-1.5328392767509351,0.33819007873535156,1.8710293554862867,-1.8710293554862867
CHEMBL239_EC50,molformer,xgboost,crem_lime,42,label_permuted,14,test,141,143,0.37023809523809526,0.05970149253731343,0.33025321239606953,1.0,-1.486881092008819,0.2199101448059082,1.706791236814727,-1.706791236814727
CHEMBL239_EC50,molformer,xgboost,crem_lime,42,label_permuted,16,test,150,156,0.6505765959285458,0.373134328358209,0.44258647445744204,0.835820895522388,-1.01424043911461,-0.47624826431274414,0.5379921748018659,-0.5379921748018659
CHEMBL239_EC50,molformer,xgboost,crem_lime,42,label_permuted,18,test,168,171,0.1803480354948312,0.1095890410958904,0.07946779370957965,1.0,-1.6627578316815739,-0.10128569602966309,1.5614721356519108,-1.5614721356519108
CHEMBL239_EC50,molformer,xgboost,crem_lime,42,label_permuted,22,test,190,193,0.40956171537440883,0.16666666666666666,0.2914740584492906,1.0,1.334888262924949,-0.30224013328552246,1.6371283962104715,-1.6371283962104715
CHEMBL239_EC50,molformer,xgboost,crem_lime,42,label_permuted,24,test,198,199,0.20721094149682295,0.27586206896551724,-0.09480393793295877,1.0,-1.0299632233774436,0.06459689140319824,1.0945601147806419,-1.0945601147806419
CHEMBL239_EC50,molformer,xgboost,crem_lime,42,label_permuted,25,test,203,215,0.208318077264877,0.3230769230769231,-0.1695301131314317,0.9846153846153847,1.4471580313422194,-0.17971515655517578,1.6268731878973952,-1.6268731878973952
CHEMBL239_EC50,molformer,xgboost,crem_lime,42,label_permuted,26,test,210,270,0.5473771843002602,0.5384615384615384,0.01931723265056375,0.9846153846153847,1.5118833609788744,0.178389310836792,1.3334940501420824,-1.3334940501420824
CHEMBL239_EC50,molformer,xgboost,crem_lime,42,label_permuted,29,test,265,1411,0.46835624964915584,0.3,0.24050892807022267,1.0,-1.2674291939120836,-0.5681488513946533,0.6992803425174303,-0.6992803425174303
CHEMBL239_EC50,molformer,xgboost,crem_lime,42,label_permuted,30,test,266,1315,0.2586768068271744,0.3181818181818182,-0.0872740166534775,1.0,1.2922560713564755,-0.034027099609375,1.3262831709658505,-1.3262831709658505
CHEMBL239_EC50,molformer,xgboost,crem_lime,42,label_permuted,35,test,309,311,0.39667204182863725,0.2777777777777778,0.16462282714734386,1.0,-1.3047578681832246,-0.20122087001800537,1.1035369981652192,-1.1035369981652192
CHEMBL239_EC50,molformer,xgboost,crem_lime,42,label_permuted,37,test,358,359,0.23400518465173636,0.1388888888888889,0.11045763378911318,1.0,-1.1892094895823062,-0.19930148124694824,0.989908008335358,-0.989908008335358
CHEMBL239_EC50,molformer,xgboost,crem_lime,42,label_permuted,38,test,363,430,0.48650561901664835,0.3076923076923077,0.25828589413515873,1.0,-1.888425224949682,-0.32331371307373047,1.5651115118759515,-1.5651115118759515
CHEMBL239_EC50,molformer,xgboost,crem_lime,42,label_permuted,40,test,371,372,0.05415078528370232,0.07575757575757576,-0.023377838873371266,1.0,-1.4393326938302626,0.0041463375091552734,1.443479031339418,-1.443479031339418
CHEMBL239_EC50,molformer,xgboost,crem_lime,42,label_permuted,48,test,457,460,0.5211747590243251,0.22666666666666666,0.3808294297728341,1.0,-1.1677391846909155,-0.08751845359802246,1.080220731092893,-1.080220731092893
CHEMBL239_EC50,molformer,xgboost,crem_lime,42,label_permuted,52,test,500,526,0.1873571044289111,0.2923076923076923,-0.14829974374175608,0.9538461538461539,-1.7703259128716877,0.17084002494812012,1.9411659378198078,-1.9411659378198078
CHEMBL239_EC50,molformer,xgboost,crem_lime,42,label_permuted,57,test,580,833,0.5914708435974946,0.5625,0.0662190710799876,1.0,-1.2487021153086655,0.01639389991760254,1.265096015226268,-1.265096015226268
CHEMBL239_EC50,molformer,xgboost,crem_lime,42,label_permuted,66,test,793,798,0.4676407483836079,0.36363636363636365,0.16343546174566959,1.0,1.4771212547196626,-0.854468822479248,2.3315900771989106,-2.3315900771989106
CHEMBL239_EC50,molformer,xgboost,crem_lime,42,label_permuted,68,test,802,803,0.46481481481481485,0.07894736842105263,0.418941798941799,1.0,-1.698970004336019,-0.11248493194580078,1.5864850723902182,-1.5864850723902182
CHEMBL239_EC50,molformer,xgboost,crem_lime,42,label_permuted,74,test,845,861,0.2023930466640559,0.17073170731707318,0.038179850389008556,1.0,1.662757831681574,0.29821205139160156,1.3645457802899725,-1.3645457802899725
CHEMBL239_EC50,molformer,xgboost,crem_lime,42,label_permuted,75,test,846,849,0.15190425459811518,0.1891891891891892,-0.04598475266232462,1.0,1.3521825181113623,-0.2615361213684082,1.6137186394797705,-1.6137186394797705
CHEMBL239_EC50,molformer,xgboost,crem_lime,42,label_permuted,85,test,1037,1046,0.47241855576701314,0.14285714285714285,0.3844883150615153,1.0,-1.3644169745283738,0.4010648727416992,1.765481847270073,-1.765481847270073
CHEMBL239_EC50,molformer,xgboost,crem_lime,42,label_permuted,91,test,1077,1083,0.5252246017871018,0.3076923076923077,0.3142133136924804,0.9615384615384616,1.1167442579930285,-0.25810790061950684,1.3748521586125353,-1.3748521586125353
CHEMBL239_EC50,molformer,xgboost,crem_lime,42,label_permuted,102,test,1198,1201,0.6547619047619048,0.05333333333333334,0.6353118712273642,1.0,1.33059822630669,0.0029413700103759766,1.327656856296314,-1.327656856296314
CHEMBL239_EC50,molformer,xgboost,crem_lime,42,label_permuted,107,test,1272,1278,0.2771897704425244,0.3333333333333333,-0.08421534433621335,1.0,1.640481436970422,-0.09470438957214355,1.7351858265425655,-1.7351858265425655
CHEMBL239_EC50,molformer,xgboost,crem_lime,42,label_permuted,114,test,1379,1715,0.3780305892656125,0.43333333333333335,-0.0975930777665662,1.0,-1.666517980554881,-0.3176908493041992,1.3488271312506819,-1.3488271312506819
CHEMBL239_EC50,molformer,xgboost,crem_lime,42,label_permuted,115,test,1393,1394,0.338379329004329,0.19230769230769232,0.1808505978148835,1.0,1.034762106259212,0.23627948760986328,0.7984826186493488,-0.7984826186493488
CHEMBL239_EC50,molformer,xgboost,crem_lime,42,label_permuted,118,test,1464,1467,0.11932606586138456,0.16883116883116883,-0.059560827010521705,0.987012987012987,-2.740362689494244,-0.12373876571655273,2.6166239237776914,-2.6166239237776914
CHEMBL239_EC50,molformer,xgboost,crem_lime,42,label_permuted,124,test,1559,1563,0.45054224690539346,0.13793103448275862,0.3626290064102564,1.0,1.607639868708799,0.1925032138824463,1.4151366548263526,-1.4151366548263526
CHEMBL239_EC50,molformer,xgboost,crem_lime,42,label_permuted,126,test,1623,1624,0.11177248677248677,0.07272727272727272,0.042107583774250446,1.0,1.6823707425165568,0.10688018798828125,1.5754905545282756,-1.5754905545282756
CHEMBL239_EC50,molformer,xgboost,crem_lime,42,label_permuted,127,test,1641,1656,0.05613553113553114,0.07272727272727272,-0.017893054657760536,1.0,-1.047424649928138,-0.07040882110595703,0.9770158288221811,-0.9770158288221811
CHEMBL239_EC50,molformer,mlp,crem_mean,42,trained,1,test,1,33,0.33151581007368486,0.2542372881355932,0.10362347259880471,1.0,2.513097461879629,1.8622840642929077,0.6508133975867212,-0.6508133975867212
CHEMBL239_EC50,molformer,mlp,crem_mean,42,trained,2,test,21,34,0.32598694867217903,0.2631578947368421,0.08526800176938584,1.0,-1.576252727721677,1.0768994092941284,2.6531521370158053,-2.6531521370158053
CHEMBL239_EC50,molformer,mlp,crem_mean,42,trained,7,test,62,64,0.04359536945649575,0.05555555555555555,-0.012663726457828024,0.9305555555555556,-1.5328392767509351,-0.21878623962402344,1.3140530371269117,-1.3140530371269117
CHEMBL239_EC50,molformer,mlp,crem_mean,42,trained,14,test,141,143,0.10377073906485672,0.05970149253731343,0.04686729392611746,0.9104477611940298,-1.486881092008819,0.24734711647033691,1.7342282084791558,-1.7342282084791558
CHEMBL239_EC50,molformer,mlp,crem_mean,42,trained,16,test,150,156,0.3356395942366092,0.373134328358209,-0.05981302824159961,0.5223880597014925,-1.01424043911461,-0.1506030559539795,0.8636373831606305,-0.8636373831606305
CHEMBL239_EC50,molformer,mlp,crem_mean,42,trained,18,test,168,171,0.3886986301369863,0.1095890410958904,0.31346153846153846,0.726027397260274,-1.6627578316815739,0.374165415763855,2.036923247445429,-2.036923247445429
CHEMBL239_EC50,molformer,mlp,crem_mean,42,trained,22,test,190,193,0.1570008325008325,0.16666666666666666,-0.011599000999000996,1.0,1.334888262924949,0.006891489028930664,1.3279967738960183,-1.3279967738960183
CHEMBL239_EC50,molformer,mlp,crem_mean,42,trained,24,test,198,199,0.2458291994776463,0.27586206896551724,-0.041473962626107475,0.9137931034482759,-1.0299632233774436,-0.6038470268249512,0.42611619655249244,-0.42611619655249244
CHEMBL239_EC50,molformer,mlp,crem_mean,42,trained,25,test,203,215,0.665453524361158,0.3230769230769231,0.5057836155335288,0.6923076923076923,1.4471580313422194,-0.061664581298828125,1.5088226126410476,-1.5088226126410476
CHEMBL239_EC50,molformer,mlp,crem_mean,42,trained,26,test,210,270,0.4652287446020641,0.5384615384615384,-0.1586710533621944,0.7076923076923077,1.5118833609788744,0.7300901412963867,0.7817932196824877,-0.7817932196824877
CHEMBL239_EC50,molformer,mlp,crem_mean,42,trained,29,test,265,1411,0.27639579936947384,0.3,-0.03372028661503736,0.85,-1.2674291939120836,-0.8358650207519531,0.4315641731601305,-0.4315641731601305
CHEMBL239_EC50,molformer,mlp,crem_mean,42,trained,30,test,266,1315,0.40114072957118074,0.3181818181818182,0.12167307003773176,1.0,1.2922560713564755,-0.12641000747680664,1.418666078833282,-1.418666078833282
CHEMBL239_EC50,molformer,mlp,crem_mean,42,trained,35,test,309,311,0.3003242152599636,0.2777777777777778,0.031218144206103447,0.75,-1.3047578681832246,-0.05196261405944824,1.2527952541237763,-1.2527952541237763
CHEMBL239_EC50,molformer,mlp,crem_mean,42,trained,37,test,358,359,0.10701713180436584,0.1388888888888889,-0.03701236306589774,0.75,-1.1892094895823062,-0.33684468269348145,0.8523648068888248,-0.8523648068888248
CHEMBL239_EC50,molformer,mlp,crem_mean,42,trained,38,test,363,430,0.33308068860918044,0.3076923076923077,0.03667210576881617,0.5128205128205128,-1.888425224949682,-0.5858010053634644,1.3026242195862177,-1.3026242195862177
CHEMBL239_EC50,molformer,mlp,crem_mean,42,trained,40,test,371,372,0.06260090786406577,0.07575757575757576,-0.01423508329461736,1.0,-1.4393326938302626,-1.19953453540802,0.2397981584222426,-0.2397981584222426
CHEMBL239_EC50,molformer,mlp,crem_mean,42,trained,48,test,457,460,0.5379474741607095,0.22666666666666666,0.40251828555264163,1.0,-1.1677391846909155,-0.006222248077392578,1.161516936613523,-1.161516936613523
CHEMBL239_EC50,molformer,mlp,crem_mean,42,trained,52,test,500,526,0.27532292269134373,0.2923076923076923,-0.024000217936144756,0.46153846153846156,-1.7703259128716877,-0.5165860652923584,1.2537398475793293,-1.2537398475793293
CHEMBL239_EC50,molformer,mlp,crem_mean,42,trained,57,test,580,833,0.57099379417037,0.5625,0.01941438667513142,1.0,-1.2487021153086655,-0.7270112037658691,0.5216909115427963,-0.5216909115427963
CHEMBL239_EC50,molformer,mlp,crem_mean,42,trained,66,test,793,798,0.3881628048450575,0.36363636363636365,0.038541550470804625,0.7818181818181819,1.4771212547196626,-0.20804476737976074,1.6851660220994233,-1.6851660220994233
CHEMBL239_EC50,molformer,mlp,crem_mean,42,trained,68,test,802,803,0.22979211771005081,0.07894736842105263,0.16377429922805517,0.7368421052631579,-1.698970004336019,-0.13155043125152588,1.567419573084493,-1.567419573084493
CHEMBL239_EC50,molformer,mlp,crem_mean,42,trained,74,test,845,861,0.24261000877843686,0.17073170731707318,0.08667677529164444,1.0,1.662757831681574,1.3018975257873535,0.3608603058942206,-0.3608603058942206
CHEMBL239_EC50,molformer,mlp,crem_mean,42,trained,75,test,846,849,0.1386669527387811,0.1891891891891892,-0.06231075828883666,0.918918918918919,1.3521825181113623,0.9029965400695801,0.4491859780417822,-0.4491859780417822
CHEMBL239_EC50,molformer,mlp,crem_mean,42,trained,85,test,1037,1046,0.22858323287803667,0.14285714285714285,0.10001377169104278,0.6507936507936508,-1.3644169745283738,-0.09569001197814941,1.2687269625502244,-1.2687269625502244
CHEMBL239_EC50,molformer,mlp,crem_mean,42,trained,91,test,1077,1083,0.30295612862369825,0.3076923076923077,-0.006841147543546996,1.0,1.1167442579930285,0.5312588214874268,0.5854854365056017,-0.5854854365056017
CHEMBL239_EC50,molformer,mlp,crem_mean,42,trained,102,test,1198,1201,0.2910958904109589,0.05333333333333334,0.25115763071580166,1.0,1.33059822630669,-0.38129186630249023,1.7118900926091802,-1.7118900926091802
CHEMBL239_EC50,molformer,mlp,crem_mean,42,trained,107,test,1272,1278,0.36172577422577423,0.3333333333333333,0.04258866133866137,1.0,1.640481436970422,-1.0681672096252441,2.708648646595666,-2.708648646595666
CHEMBL239_EC50,molformer,mlp,crem_mean,42,trained,114,test,1379,1715,0.4720820072268565,0.43333333333333335,0.06838001275327615,1.0,-1.666517980554881,-0.47930431365966797,1.1872136668952131,-1.1872136668952131
CHEMBL239_EC50,molformer,mlp,crem_mean,42,trained,115,test,1393,1394,0.19511810558322185,0.19230769230769232,0.003479559293512748,0.8846153846153846,1.034762106259212,0.5196207761764526,0.5151413300827594,-0.5151413300827594
CHEMBL239_EC50,molformer,mlp,crem_mean,42,trained,118,test,1464,1467,0.2409820064992479,0.16883116883116883,0.08680647656940761,0.935064935064935,-2.740362689494244,0.07036638259887695,2.810729072093121,-2.810729072093121
CHEMBL239_EC50,molformer,mlp,crem_mean,42,trained,124,test,1559,1563,0.29989331436699856,0.13793103448275862,0.18787624466571834,0.9137931034482759,1.607639868708799,0.3343191146850586,1.2733207540237403,-1.2733207540237403
CHEMBL239_EC50,molformer,mlp,crem_mean,42,trained,126,test,1623,1624,0.10606060606060605,0.07272727272727272,0.035947712418300644,0.8181818181818182,1.6823707425165568,-0.5120244026184082,2.194395145134965,-2.194395145134965
CHEMBL239_EC50,molformer,mlp,crem_mean,42,trained,127,test,1641,1656,0.0823529411764706,0.07272727272727272,0.01038062283737026,1.0,-1.047424649928138,-0.7442747354507446,0.3031499144773935,-0.3031499144773935
CHEMBL239_EC50,molformer,mlp,crem_lime,42,trained,1,test,1,33,0.5754704937463558,0.2542372881355932,0.4307445257053408,1.0,2.513097461879629,1.8622840642929077,0.6508133975867212,-0.6508133975867212
CHEMBL239_EC50,molformer,mlp,crem_lime,42,trained,2,test,21,34,0.19337547597056143,0.2631578947368421,-0.09470471118280946,1.0,-1.576252727721677,1.0768994092941284,2.6531521370158053,-2.6531521370158053
CHEMBL239_EC50,molformer,mlp,crem_lime,42,trained,7,test,62,64,0.04461963097398669,0.05555555555555555,-0.011579214262837619,1.0,-1.5328392767509351,-0.21878623962402344,1.3140530371269117,-1.3140530371269117
CHEMBL239_EC50,molformer,mlp,crem_lime,42,trained,14,test,141,143,0.07320121483048679,0.05970149253731343,0.014356847518136746,1.0,-1.486881092008819,0.24734711647033691,1.7342282084791558,-1.7342282084791558
CHEMBL239_EC50,molformer,mlp,crem_lime,42,trained,16,test,150,156,0.27523550049295936,0.373134328358209,-0.15617193968980295,0.835820895522388,-1.01424043911461,-0.1506030559539795,0.8636373831606305,-0.8636373831606305
CHEMBL239_EC50,molformer,mlp,crem_lime,42,trained,18,test,168,171,0.13584054182143243,0.1095890410958904,0.029482454660993352,1.0,-1.6627578316815739,0.374165415763855,2.036923247445429,-2.036923247445429
CHEMBL239_EC50,molformer,mlp,crem_lime,42,trained,22,test,190,193,0.1471933116152442,0.16666666666666666,-0.023368026061706935,1.0,1.334888262924949,0.006891489028930664,1.3279967738960183,-1.3279967738960183
CHEMBL239_EC50,molformer,mlp,crem_lime,42,trained,24,test,198,199,0.23627910428927754,0.27586206896551724,-0.05466218931480721,1.0,-1.0299632233774436,-0.6038470268249512,0.42611619655249244,-0.42611619655249244
CHEMBL239_EC50,molformer,mlp,crem_lime,42,trained,25,test,203,215,0.3731581279978466,0.3230769230769231,0.07398359817863698,0.9846153846153847,1.4471580313422194,-0.061664581298828125,1.5088226126410476,-1.5088226126410476
CHEMBL239_EC50,molformer,mlp,crem_lime,42,trained,26,test,210,270,0.5242935270278408,0.5384615384615384,-0.03069735810634483,0.9846153846153847,1.5118833609788744,0.7300901412963867,0.7817932196824877,-0.7817932196824877
CHEMBL239_EC50,molformer,mlp,crem_lime,42,trained,29,test,265,1411,0.41339435003134695,0.3,0.16199192861620995,1.0,-1.2674291939120836,-0.8358650207519531,0.4315641731601305,-0.4315641731601305
CHEMBL239_EC50,molformer,mlp,crem_lime,42,trained,30,test,266,1315,0.5628834012554943,0.3181818181818182,0.35889565517472494,1.0,1.2922560713564755,-0.12641000747680664,1.418666078833282,-1.418666078833282
CHEMBL239_EC50,molformer,mlp,crem_lime,42,trained,35,test,309,311,0.2748682586265125,0.2777777777777778,-0.004028564978675038,1.0,-1.3047578681832246,-0.05196261405944824,1.2527952541237763,-1.2527952541237763
CHEMBL239_EC50,molformer,mlp,crem_lime,42,trained,37,test,358,359,0.1062182486266886,0.1388888888888889,-0.03794009836900679,1.0,-1.1892094895823062,-0.33684468269348145,0.8523648068888248,-0.8523648068888248
CHEMBL239_EC50,molformer,mlp,crem_lime,42,trained,38,test,363,430,0.3843792298053528,0.3076923076923077,0.11076999860773176,1.0,-1.888425224949682,-0.5858010053634644,1.3026242195862177,-1.3026242195862177
CHEMBL239_EC50,molformer,mlp,crem_lime,42,trained,40,test,371,372,0.06842229172972791,0.07575757575757576,-0.007936536817015703,1.0,-1.4393326938302626,-1.19953453540802,0.2397981584222426,-0.2397981584222426
CHEMBL239_EC50,molformer,mlp,crem_lime,42,trained,48,test,457,460,0.24495538691688087,0.22666666666666666,0.023649207220104593,1.0,-1.1677391846909155,-0.006222248077392578,1.161516936613523,-1.161516936613523
CHEMBL239_EC50,molformer,mlp,crem_lime,42,trained,52,test,500,526,0.3480052488541453,0.2923076923076923,0.07870306903303138,0.9538461538461539,-1.7703259128716877,-0.5165860652923584,1.2537398475793293,-1.2537398475793293
CHEMBL239_EC50,molformer,mlp,crem_lime,42,trained,57,test,580,833,0.687718272620429,0.5625,0.28621319456098043,1.0,-1.2487021153086655,-0.7270112037658691,0.5216909115427963,-0.5216909115427963
CHEMBL239_EC50,molformer,mlp,crem_lime,42,trained,66,test,793,798,0.40121504164761257,0.36363636363636365,0.05905220830339117,1.0,1.4771212547196626,-0.20804476737976074,1.6851660220994233,-1.6851660220994233
CHEMBL239_EC50,molformer,mlp,crem_lime,42,trained,68,test,802,803,0.875,0.07894736842105263,0.8642857142857143,1.0,-1.698970004336019,-0.13155043125152588,1.567419573084493,-1.567419573084493
CHEMBL239_EC50,molformer,mlp,crem_lime,42,trained,74,test,845,861,0.11923373778392263,0.17073170731707318,-0.06210049267232862,1.0,1.662757831681574,1.3018975257873535,0.3608603058942206,-0.3608603058942206
CHEMBL239_EC50,molformer,mlp,crem_lime,42,trained,75,test,846,849,0.19384940536884648,0.1891891891891892,0.0057475999549106505,1.0,1.3521825181113623,0.9029965400695801,0.4491859780417822,-0.4491859780417822
CHEMBL239_EC50,molformer,mlp,crem_lime,42,trained,85,test,1037,1046,0.18155653772684155,0.14285714285714285,0.04514929401464848,1.0,-1.3644169745283738,-0.09569001197814941,1.2687269625502244,-1.2687269625502244
CHEMBL239_EC50,molformer,mlp,crem_lime,42,trained,91,test,1077,1083,0.5756186720081312,0.3076923076923077,0.38700474845618954,0.9615384615384616,1.1167442579930285,0.5312588214874268,0.5854854365056017,-0.5854854365056017
CHEMBL239_EC50,molformer,mlp,crem_lime,42,trained,102,test,1198,1201,0.3853365384615385,0.05333333333333334,0.3507076110509209,1.0,1.33059822630669,-0.38129186630249023,1.7118900926091802,-1.7118900926091802
CHEMBL239_EC50,molformer,mlp,crem_lime,42,trained,107,test,1272,1278,0.28743490198292704,0.3333333333333333,-0.0688476470256094,1.0,1.640481436970422,-1.0681672096252441,2.708648646595666,-2.708648646595666
CHEMBL239_EC50,molformer,mlp,crem_lime,42,trained,114,test,1379,1715,0.4820836076184725,0.43333333333333335,0.08602989579730443,1.0,-1.666517980554881,-0.47930431365966797,1.1872136668952131,-1.1872136668952131
CHEMBL239_EC50,molformer,mlp,crem_lime,42,trained,115,test,1393,1394,0.26083938460922296,0.19230769230769232,0.08484876189713317,1.0,1.034762106259212,0.5196207761764526,0.5151413300827594,-0.5151413300827594
CHEMBL239_EC50,molformer,mlp,crem_lime,42,trained,118,test,1464,1467,0.25095817069661014,0.16883116883116883,0.09880904911935906,0.987012987012987,-2.740362689494244,0.07036638259887695,2.810729072093121,-2.810729072093121
CHEMBL239_EC50,molformer,mlp,crem_lime,42,trained,124,test,1559,1563,0.8297348484848486,0.13793103448275862,0.8024924242424243,1.0,1.607639868708799,0.3343191146850586,1.2733207540237403,-1.2733207540237403
CHEMBL239_EC50,molformer,mlp,crem_lime,42,trained,126,test,1623,1624,0.06562799945152886,0.07272727272727272,-0.007656079022861027,1.0,1.6823707425165568,-0.5120244026184082,2.194395145134965,-2.194395145134965
CHEMBL239_EC50,molformer,mlp,crem_lime,42,trained,127,test,1641,1656,0.07177547942253824,0.07272727272727272,-0.0010264437600077726,1.0,-1.047424649928138,-0.7442747354507446,0.3031499144773935,-0.3031499144773935
CHEMBL239_EC50,molformer,mlp,crem_mean,42,label_permuted,1,test,1,33,0.1834612911514846,0.2542372881355932,-0.09490417777414563,1.0,2.513097461879629,0.2545006275177002,2.2585968343619287,-2.2585968343619287
CHEMBL239_EC50,molformer,mlp,crem_mean,42,label_permuted,2,test,21,34,0.31813705590974195,0.2631578947368421,0.07461457587750694,1.0,-1.576252727721677,-0.021278858184814453,1.5549738695368625,-1.5549738695368625
CHEMBL239_EC50,molformer,mlp,crem_mean,42,label_permuted,7,test,62,64,0.07071924742235927,0.05555555555555555,0.016055673741321587,0.9305555555555556,-1.5328392767509351,0.006353139877319336,1.5391924166282545,-1.5391924166282545
CHEMBL239_EC50,molformer,mlp,crem_mean,42,label_permuted,14,test,141,143,0.04740848021693578,0.05970149253731343,-0.01307352103913179,0.9104477611940298,-1.486881092008819,-0.017474889755249023,1.4694062022535699,-1.4694062022535699
CHEMBL239_EC50,molformer,mlp,crem_mean,42,label_permuted,16,test,150,156,0.35825719885421375,0.373134328358209,-0.023732563732563806,0.5223880597014925,-1.01424043911461,0.20053577423095703,1.214776213345567,-1.214776213345567
CHEMBL239_EC50,molformer,mlp,crem_mean,42,label_permuted,18,test,168,171,0.29507447328608527,0.1095890410958904,0.20831440845975732,0.726027397260274,-1.6627578316815739,-0.057097434997558594,1.6056603966840153,-1.6056603966840153
CHEMBL239_EC50,molformer,mlp,crem_mean,42,label_permuted,22,test,190,193,0.48720538720538725,0.16666666666666666,0.3846464646464647,1.0,1.334888262924949,0.13771677017211914,1.1971714927528299,-1.1971714927528299
CHEMBL239_EC50,molformer,mlp,crem_mean,42,label_permuted,24,test,198,199,0.5526368919948775,0.27586206896551724,0.38221285085006895,0.9137931034482759,-1.0299632233774436,0.26249265670776367,1.2924558800852073,-1.2924558800852073
CHEMBL239_EC50,molformer,mlp,crem_mean,42,label_permuted,25,test,203,215,0.46968287843440837,0.3230769230769231,0.21657697950537597,0.6923076923076923,1.4471580313422194,0.13539385795593262,1.3117641733862868,-1.3117641733862868
CHEMBL239_EC50,molformer,mlp,crem_mean,42,label_permuted,26,test,210,270,0.48585042089464914,0.5384615384615384,-0.11399075472826015,0.7076923076923077,1.5118833609788744,-0.1412348747253418,1.6531182357042162,-1.6531182357042162
CHEMBL239_EC50,molformer,mlp,crem_mean,42,label_permuted,29,test,265,1411,0.6548909796893668,0.3,0.5069871138419526,0.85,-1.2674291939120836,-0.3463633060455322,0.9210658878665514,-0.9210658878665514
CHEMBL239_EC50,molformer,mlp,crem_mean,42,label_permuted,30,test,266,1315,0.4493699040374233,0.3181818181818182,0.19240919258822078,1.0,1.2922560713564755,0.07497692108154297,1.2172791502749325,-1.2172791502749325
CHEMBL239_EC50,molformer,mlp,crem_mean,42,label_permuted,35,test,309,311,0.32411277471764555,0.2777777777777778,0.06415614960904767,0.75,-1.3047578681832246,0.16649580001831055,1.4712536682015351,-1.4712536682015351
CHEMBL239_EC50,molformer,mlp,crem_mean,42,label_permuted,37,test,358,359,0.14595959595959596,0.1388888888888889,0.00821114369501465,0.75,-1.1892094895823062,-0.13683032989501953,1.0523791596872867,-1.0523791596872867
CHEMBL239_EC50,molformer,mlp,crem_mean,42,label_permuted,38,test,363,430,0.5886342313732019,0.3076923076923077,0.4058050008724028,0.5128205128205128,-1.888425224949682,-0.0978388786315918,1.7905863463180902,-1.7905863463180902
CHEMBL239_EC50,molformer,mlp,crem_mean,42,label_permuted,40,test,371,372,0.05831300983937432,0.07575757575757576,-0.018874448370513035,1.0,-1.4393326938302626,-0.020410537719726562,1.418922156110536,-1.418922156110536
CHEMBL239_EC50,molformer,mlp,crem_mean,42,label_permuted,48,test,457,460,0.22989139970183464,0.22666666666666666,0.004169913407544811,1.0,-1.1677391846909155,-0.05476832389831543,1.1129708607926,-1.1129708607926
CHEMBL239_EC50,molformer,mlp,crem_mean,42,label_permuted,52,test,500,526,0.27513495276653177,0.2923076923076923,-0.02426582761250948,0.46153846153846156,-1.7703259128716877,0.06654810905456543,1.8368740219262532,-1.8368740219262532
CHEMBL239_EC50,molformer,mlp,crem_mean,42,label_permuted,57,test,580,833,0.7433290344594363,0.5625,0.41332350733585443,1.0,-1.2487021153086655,-0.2626841068267822,0.9860180084818833,-0.9860180084818833
CHEMBL239_EC50,molformer,mlp,crem_mean,42,label_permuted,66,test,793,798,0.6166415713059952,0.36363636363636365,0.3975796120522781,0.7818181818181819,1.4771212547196626,-0.12088465690612793,1.5980059116257905,-1.5980059116257905
CHEMBL239_EC50,molformer,mlp,crem_mean,42,label_permuted,68,test,802,803,0.14693327404019227,0.07894736842105263,0.07381326895792305,0.7368421052631579,-1.698970004336019,0.02939891815185547,1.7283689224878744,-1.7283689224878744
CHEMBL239_EC50,molformer,mlp,crem_mean,42,label_permuted,74,test,845,861,0.2448323604764358,0.17073170731707318,0.08935666998629023,1.0,1.662757831681574,-0.005469560623168945,1.668227392304743,-1.668227392304743
CHEMBL239_EC50,molformer,mlp,crem_mean,42,label_permuted,75,test,846,849,0.3160283077958623,0.1891891891891892,0.15643491294823014,0.918918918918919,1.3521825181113623,-0.21671509742736816,1.5688976155387304,-1.5688976155387304
CHEMBL239_EC50,molformer,mlp,crem_mean,42,label_permuted,85,test,1037,1046,0.24766381766381768,0.14285714285714285,0.12227445394112062,0.6507936507936508,-1.3644169745283738,0.007490873336791992,1.3719078478651658,-1.3719078478651658
CHEMBL239_EC50,molformer,mlp,crem_mean,42,label_permuted,91,test,1077,1083,0.3800755657729511,0.3076923076923077,0.10455359500537378,1.0,1.1167442579930285,0.0661008358001709,1.0506434221928576,-1.0506434221928576
CHEMBL239_EC50,molformer,mlp,crem_mean,42,label_permuted,102,test,1198,1201,0.37215909090909094,0.05333333333333334,0.3367877720870679,1.0,1.33059822630669,-0.032041072845458984,1.362639299152149,-1.362639299152149
CHEMBL239_EC50,molformer,mlp,crem_mean,42,label_permuted,107,test,1272,1278,0.3950715288311196,0.3333333333333333,0.09260729324667945,1.0,1.640481436970422,-0.19033193588256836,1.8308133728529903,-1.8308133728529903
CHEMBL239_EC50,molformer,mlp,crem_mean,42,label_permuted,114,test,1379,1715,0.504789185078185,0.43333333333333335,0.12609856190267946,1.0,-1.666517980554881,-0.09392714500427246,1.5725908355506086,-1.5725908355506086
CHEMBL239_EC50,molformer,mlp,crem_mean,42,label_permuted,115,test,1393,1394,0.3460668899813637,0.19230769230769232,0.19036853045311694,0.8846153846153846,1.034762106259212,0.0840904712677002,0.9506716349915119,-0.9506716349915119
CHEMBL239_EC50,molformer,mlp,crem_mean,42,label_permuted,118,test,1464,1467,0.2159276321939328,0.16883116883116883,0.056662932483325386,0.935064935064935,-2.740362689494244,-0.0006225109100341797,2.73974017858421,-2.73974017858421
CHEMBL239_EC50,molformer,mlp,crem_mean,42,label_permuted,124,test,1559,1563,0.13723370927318296,0.13793103448275862,-0.0008088972431077668,0.9137931034482759,1.607639868708799,-0.01532888412475586,1.6229687528335548,-1.6229687528335548
CHEMBL239_EC50,molformer,mlp,crem_mean,42,label_permuted,126,test,1623,1624,0.10167464114832536,0.07272727272727272,0.031217750257997945,0.8181818181818182,1.6823707425165568,0.05303192138671875,1.629338821129838,-1.629338821129838
CHEMBL239_EC50,molformer,mlp,crem_mean,42,label_permuted,127,test,1641,1656,0.08168693009118541,0.07272727272727272,0.00966237558853329,1.0,-1.047424649928138,-0.1482844352722168,0.8991402146559213,-0.8991402146559213
CHEMBL239_EC50,molformer,mlp,crem_lime,42,label_permuted,1,test,1,33,0.18234885344511997,0.2542372881355932,-0.09639585560768002,1.0,2.513097461879629,0.2545006275177002,2.2585968343619287,-2.2585968343619287
CHEMBL239_EC50,molformer,mlp,crem_lime,42,label_permuted,2,test,21,34,0.24557588869869568,0.2631578947368421,-0.02386129390891299,1.0,-1.576252727721677,-0.021278858184814453,1.5549738695368625,-1.5549738695368625
CHEMBL239_EC50,molformer,mlp,crem_lime,42,label_permuted,7,test,62,64,0.07756193693693694,0.05555555555555555,0.02330087440381559,1.0,-1.5328392767509351,0.006353139877319336,1.5391924166282545,-1.5391924166282545
CHEMBL239_EC50,molformer,mlp,crem_lime,42,label_permuted,14,test,141,143,0.04626146151708808,0.05970149253731343,-0.014293366323096805,1.0,-1.486881092008819,-0.017474889755249023,1.4694062022535699,-1.4694062022535699
CHEMBL239_EC50,molformer,mlp,crem_lime,42,label_permuted,16,test,150,156,0.6000246958042881,0.373134328358209,0.3619441575925547,0.835820895522388,-1.01424043911461,0.20053577423095703,1.214776213345567,-1.214776213345567
CHEMBL239_EC50,molformer,mlp,crem_lime,42,label_permuted,18,test,168,171,0.1871896485867074,0.1095890410958904,0.08715145148968677,1.0,-1.6627578316815739,-0.057097434997558594,1.6056603966840153,-1.6056603966840153
CHEMBL239_EC50,molformer,mlp,crem_lime,42,label_permuted,22,test,190,193,0.5700182712024817,0.16666666666666666,0.48402192544297806,1.0,1.334888262924949,0.13771677017211914,1.1971714927528299,-1.1971714927528299
CHEMBL239_EC50,molformer,mlp,crem_lime,42,label_permuted,24,test,198,199,0.4978961675507728,0.27586206896551724,0.30661851709392435,1.0,-1.0299632233774436,0.26249265670776367,1.2924558800852073,-1.2924558800852073
CHEMBL239_EC50,molformer,mlp,crem_lime,42,label_permuted,25,test,203,215,0.24839732944937234,0.3230769230769231,-0.11032212694979088,0.9846153846153847,1.4471580313422194,0.13539385795593262,1.3117641733862868,-1.3117641733862868
CHEMBL239_EC50,molformer,mlp,crem_lime,42,label_permuted,26,test,210,270,0.45865302729299967,0.5384615384615384,-0.1729184408651673,0.9846153846153847,1.5118833609788744,-0.1412348747253418,1.6531182357042162,-1.6531182357042162
CHEMBL239_EC50,molformer,mlp,crem_lime,42,label_permuted,29,test,265,1411,0.5188105624531375,0.3,0.31258651779019647,1.0,-1.2674291939120836,-0.3463633060455322,0.9210658878665514,-0.9210658878665514
CHEMBL239_EC50,molformer,mlp,crem_lime,42,label_permuted,30,test,266,1315,0.6675433724540867,0.3181818181818182,0.5123969462659937,1.0,1.2922560713564755,0.07497692108154297,1.2172791502749325,-1.2172791502749325
CHEMBL239_EC50,molformer,mlp,crem_lime,42,label_permuted,35,test,309,311,0.33622161155250957,0.2777777777777778,0.08092223138039785,1.0,-1.3047578681832246,0.16649580001831055,1.4712536682015351,-1.4712536682015351
CHEMBL239_EC50,molformer,mlp,crem_lime,42,label_permuted,37,test,358,359,0.2919424747000335,0.1388888888888889,0.17773964803874853,1.0,-1.1892094895823062,-0.13683032989501953,1.0523791596872867,-1.0523791596872867
CHEMBL239_EC50,molformer,mlp,crem_lime,42,label_permuted,38,test,363,430,0.8705464301876918,0.3076923076923077,0.8130115102711104,1.0,-1.888425224949682,-0.0978388786315918,1.7905863463180902,-1.7905863463180902
CHEMBL239_EC50,molformer,mlp,crem_lime,42,label_permuted,40,test,371,372,0.16642241379310346,0.07575757575757576,0.09809638213680047,1.0,-1.4393326938302626,-0.020410537719726562,1.418922156110536,-1.418922156110536
CHEMBL239_EC50,molformer,mlp,crem_lime,42,label_permuted,48,test,457,460,0.3154853732839555,0.22666666666666666,0.11485177579821831,1.0,-1.1677391846909155,-0.05476832389831543,1.1129708607926,-1.1129708607926
CHEMBL239_EC50,molformer,mlp,crem_lime,42,label_permuted,52,test,500,526,0.34559213485806284,0.2923076923076923,0.07529323403856704,0.9538461538461539,-1.7703259128716877,0.06654810905456543,1.8368740219262532,-1.8368740219262532
CHEMBL239_EC50,molformer,mlp,crem_lime,42,label_permuted,57,test,580,833,0.6166351945377568,0.5625,0.12373758751487277,1.0,-1.2487021153086655,-0.2626841068267822,0.9860180084818833,-0.9860180084818833
CHEMBL239_EC50,molformer,mlp,crem_lime,42,label_permuted,66,test,793,798,0.3148365974218936,0.36363636363636365,-0.07668534690845288,1.0,1.4771212547196626,-0.12088465690612793,1.5980059116257905,-1.5980059116257905
CHEMBL239_EC50,molformer,mlp,crem_lime,42,label_permuted,68,test,802,803,0.7880952380952381,0.07894736842105263,0.7699319727891156,1.0,-1.698970004336019,0.02939891815185547,1.7283689224878744,-1.7283689224878744
CHEMBL239_EC50,molformer,mlp,crem_lime,42,label_permuted,74,test,845,861,0.1740200595170267,0.17073170731707318,0.003965365888179246,1.0,1.662757831681574,-0.005469560623168945,1.668227392304743,-1.668227392304743
CHEMBL239_EC50,molformer,mlp,crem_lime,42,label_permuted,75,test,846,849,0.18156590657213456,0.1891891891891892,-0.009402048561034056,1.0,1.3521825181113623,-0.21671509742736816,1.5688976155387304,-1.5688976155387304
CHEMBL239_EC50,molformer,mlp,crem_lime,42,label_permuted,85,test,1037,1046,0.17071545019432777,0.14285714285714285,0.03250135856004907,1.0,-1.3644169745283738,0.007490873336791992,1.3719078478651658,-1.3719078478651658
CHEMBL239_EC50,molformer,mlp,crem_lime,42,label_permuted,91,test,1077,1083,0.5139600804896858,0.3076923076923077,0.29794233848510165,0.9615384615384616,1.1167442579930285,0.0661008358001709,1.0506434221928576,-1.0506434221928576
CHEMBL239_EC50,molformer,mlp,crem_lime,42,label_permuted,102,test,1198,1201,0.11797235023041475,0.05333333333333334,0.06828065165184655,1.0,1.33059822630669,-0.032041072845458984,1.362639299152149,-1.362639299152149
CHEMBL239_EC50,molformer,mlp,crem_lime,42,label_permuted,107,test,1272,1278,0.4295754621018368,0.3333333333333333,0.14436319315275517,1.0,1.640481436970422,-0.19033193588256836,1.8308133728529903,-1.8308133728529903
CHEMBL239_EC50,molformer,mlp,crem_lime,42,label_permuted,114,test,1379,1715,0.3839130485729279,0.43333333333333335,-0.0872122672242449,1.0,-1.666517980554881,-0.09392714500427246,1.5725908355506086,-1.5725908355506086
CHEMBL239_EC50,molformer,mlp,crem_lime,42,label_permuted,115,test,1393,1394,0.4949183857078594,0.19230769230769232,0.374660858495445,1.0,1.034762106259212,0.0840904712677002,0.9506716349915119,-0.9506716349915119
CHEMBL239_EC50,molformer,mlp,crem_lime,42,label_permuted,118,test,1464,1467,0.19254513094656323,0.16883116883116883,0.02853086067008388,0.987012987012987,-2.740362689494244,-0.0006225109100341797,2.73974017858421,-2.73974017858421
CHEMBL239_EC50,molformer,mlp,crem_lime,42,label_permuted,124,test,1559,1563,0.12132601267457338,0.13793103448275862,-0.01926182529749488,1.0,1.607639868708799,-0.01532888412475586,1.6229687528335548,-1.6229687528335548
CHEMBL239_EC50,molformer,mlp,crem_lime,42,label_permuted,126,test,1623,1624,0.33382352941176474,0.07272727272727272,0.28157439446366783,1.0,1.6823707425165568,0.05303192138671875,1.629338821129838,-1.629338821129838
CHEMBL239_EC50,molformer,mlp,crem_lime,42,label_permuted,127,test,1641,1656,0.1580128205128205,0.07272727272727272,0.0919746103569633,1.0,-1.047424649928138,-0.1482844352722168,0.8991402146559213,-0.8991402146559213
CHEMBL2835_Ki,molformer,xgboost,crem_mean,42,trained,2,test,10,17,0.14145299145299145,0.08888888888888889,0.05769230769230769,0.3333333333333333,-1.5006023505691852,-0.019949734210968018,1.4806526163582172,-1.4806526163582172
CHEMBL2835_Ki,molformer,xgboost,crem_mean,42,trained,7,test,52,56,0.4729114110218986,0.32,0.22486972209102737,0.52,1.1249387366083,-0.03511404991149902,1.160052786519799,-1.160052786519799
CHEMBL2835_Ki,molformer,xgboost,crem_mean,42,trained,8,test,70,76,0.5846560846560847,0.2222222222222222,0.46598639455782315,0.5555555555555556,-1.1710704576806306,-0.2041797637939453,0.9668906938866852,-0.9668906938866852
CHEMBL2835_Ki,molformer,xgboost,crem_mean,42,trained,13,test,145,156,0.4827430972388956,0.3469387755102041,0.20795036764705885,0.4489795918367347,-2.278753600952829,-0.5173162221908569,1.761437378761972,-1.761437378761972
CHEMBL2835_Ki,molformer,xgboost,crem_mean,42,trained,18,test,404,445,0.2518716577540107,0.13157894736842105,0.1385188786258305,0.7631578947368421,-1.0142404391146103,-0.000705718994140625,1.0135347201204696,-1.0135347201204696
CHEMBL2835_Ki,molformer,xgboost,crem_lime,42,trained,2,test,10,17,0.12631578947368421,0.08888888888888889,0.04107830551989731,0.6666666666666666,-1.5006023505691852,-0.019949734210968018,1.4806526163582172,-1.4806526163582172
CHEMBL2835_Ki,molformer,xgboost,crem_lime,42,trained,7,test,52,56,0.28808737863615913,0.32,-0.046930325535060116,0.84,1.1249387366083,-0.03511404991149902,1.160052786519799,-1.160052786519799
CHEMBL2835_Ki,molformer,xgboost,crem_lime,42,trained,8,test,70,76,0.23346630132915297,0.2222222222222222,0.014456673137482405,0.8888888888888888,-1.1710704576806306,-0.2041797637939453,0.9668906938866852,-0.9668906938866852
CHEMBL2835_Ki,molformer,xgboost,crem_lime,42,trained,13,test,145,156,0.26196881677288325,0.3469387755102041,-0.1301102493165225,0.9183673469387755,-2.278753600952829,-0.5173162221908569,1.761437378761972,-1.761437378761972
CHEMBL2835_Ki,molformer,xgboost,crem_lime,42,trained,18,test,404,445,0.14686760176935845,0.13157894736842105,0.017605117188958224,0.9736842105263158,-1.0142404391146103,-0.000705718994140625,1.0135347201204696,-1.0135347201204696
CHEMBL2835_Ki,molformer,xgboost,crem_mean,42,label_permuted,2,test,10,17,0.2990079365079365,0.08888888888888889,0.23061846689895468,0.3333333333333333,-1.5006023505691852,0.002618759870529175,1.5032211104397144,-1.5032211104397144
CHEMBL2835_Ki,molformer,xgboost,crem_mean,42,label_permuted,7,test,52,56,0.8004125041625041,0.32,0.7064889767095649,0.52,1.1249387366083,0.3558741807937622,0.7690645558145377,-0.7690645558145377
CHEMBL2835_Ki,molformer,xgboost,crem_mean,42,label_permuted,8,test,70,76,0.52255291005291,0.2222222222222222,0.3861394557823129,0.5555555555555556,-1.1710704576806306,0.026889905333518982,1.1979603630141495,-1.1979603630141495
CHEMBL2835_Ki,molformer,xgboost,crem_mean,42,label_permuted,13,test,145,156,0.5599489795918366,0.3469387755102041,0.32617187499999983,0.4489795918367347,-2.278753600952829,-0.022324174642562866,2.256429426310266,-2.256429426310266
CHEMBL2835_Ki,molformer,xgboost,crem_mean,42,label_permuted,18,test,404,445,0.3996785781811306,0.13157894736842105,0.30872078699645344,0.7631578947368421,-1.0142404391146103,0.384330153465271,1.3985705925798813,-1.3985705925798813
CHEMBL2835_Ki,molformer,xgboost,crem_lime,42,label_permuted,2,test,10,17,0.21346153846153845,0.08888888888888889,0.13672607879924953,0.6666666666666666,-1.5006023505691852,0.002618759870529175,1.5032211104397144,-1.5032211104397144
CHEMBL2835_Ki,molformer,xgboost,crem_lime,42,label_permuted,7,test,52,56,0.6182329179771635,0.32,0.4385778205546523,0.84,1.1249387366083,0.3558741807937622,0.7690645558145377,-0.7690645558145377
CHEMBL2835_Ki,molformer,xgboost,crem_lime,42,label_permuted,8,test,70,76,0.33635309741475894,0.2222222222222222,0.14673969667611864,0.8888888888888888,-1.1710704576806306,0.026889905333518982,1.1979603630141495,-1.1979603630141495
CHEMBL2835_Ki,molformer,xgboost,crem_lime,42,label_permuted,13,test,145,156,0.32195838824943657,0.3469387755102041,-0.03825121799305025,0.9183673469387755,-2.278753600952829,-0.022324174642562866,2.256429426310266,-2.256429426310266
CHEMBL2835_Ki,molformer,xgboost,crem_lime,42,label_permuted,18,test,404,445,0.1252217940994224,0.13157894736842105,-0.007320358309756002,0.9736842105263158,-1.0142404391146103,0.384330153465271,1.3985705925798813,-1.3985705925798813
CHEMBL2835_Ki,molformer,mlp,crem_mean,42,trained,2,test,10,17,0.14494949494949497,0.08888888888888889,0.06152993348115301,0.3333333333333333,-1.5006023505691852,0.11831822991371155,1.6189205804828968,-1.6189205804828968
CHEMBL2835_Ki,molformer,mlp,crem_mean,42,trained,7,test,52,56,0.5201060114094338,0.32,0.29427354619034385,0.52,1.1249387366083,0.07324862480163574,1.0516901118066642,-1.0516901118066642
CHEMBL2835_Ki,molformer,mlp,crem_mean,42,trained,8,test,70,76,0.46005291005291005,0.2222222222222222,0.30578231292517005,0.5555555555555556,-1.1710704576806306,-0.5770061016082764,0.5940643560723542,-0.5940643560723542
CHEMBL2835_Ki,molformer,mlp,crem_mean,42,trained,13,test,145,156,0.6152814066803192,0.3469387755102041,0.41089965397923867,0.4489795918367347,-2.278753600952829,-0.643222451210022,1.635531149742807,-1.635531149742807
CHEMBL2835_Ki,molformer,mlp,crem_mean,42,trained,18,test,404,445,0.381106719367589,0.13157894736842105,0.28733501018086005,0.7631578947368421,-1.0142404391146103,-0.6353902965784073,0.37885014253620297,-0.37885014253620297
CHEMBL2835_Ki,molformer,mlp,crem_lime,42,trained,2,test,10,17,0.1377217553688142,0.08888888888888889,0.05359704857552778,0.6666666666666666,-1.5006023505691852,0.11831822991371155,1.6189205804828968,-1.6189205804828968
CHEMBL2835_Ki,molformer,mlp,crem_lime,42,trained,7,test,52,56,0.3174359156256935,0.32,-0.0037707123151566133,0.84,1.1249387366083,0.07324862480163574,1.0516901118066642,-1.0516901118066642
CHEMBL2835_Ki,molformer,mlp,crem_lime,42,trained,8,test,70,76,0.1895191350891553,0.2222222222222222,-0.04204682631394317,0.8888888888888888,-1.1710704576806306,-0.5770061016082764,0.5940643560723542,-0.5940643560723542
CHEMBL2835_Ki,molformer,mlp,crem_lime,42,trained,13,test,145,156,0.2868967071535098,0.3469387755102041,-0.09193941717118813,0.9183673469387755,-2.278753600952829,-0.643222451210022,1.635531149742807,-1.635531149742807
CHEMBL2835_Ki,molformer,mlp,crem_lime,42,trained,18,test,404,445,0.23226966270444532,0.13157894736842105,0.11594688432633098,0.9736842105263158,-1.0142404391146103,-0.6353902965784073,0.37885014253620297,-0.37885014253620297
CHEMBL2835_Ki,molformer,mlp,crem_mean,42,label_permuted,2,test,10,17,0.25882936507936505,0.08888888888888889,0.18652003484320553,0.3333333333333333,-1.5006023505691852,0.07737481594085693,1.5779771665100422,-1.5779771665100422
CHEMBL2835_Ki,molformer,mlp,crem_mean,42,label_permuted,7,test,52,56,0.4476585901735863,0.32,0.18773322084350924,0.52,1.1249387366083,-0.08384037017822266,1.2087791067865226,-1.2087791067865226
CHEMBL2835_Ki,molformer,mlp,crem_mean,42,label_permuted,8,test,70,76,0.38673941798941797,0.2222222222222222,0.2115221088435374,0.5555555555555556,-1.1710704576806306,-0.07449489831924438,1.0965755593613862,-1.0965755593613862
CHEMBL2835_Ki,molformer,mlp,crem_mean,42,label_permuted,13,test,145,156,0.421468587434974,0.3469387755102041,0.11412377450980395,0.4489795918367347,-2.278753600952829,0.032370805740356445,2.3111244066931853,-2.3111244066931853
CHEMBL2835_Ki,molformer,mlp,crem_mean,42,label_permuted,18,test,404,445,0.3005769230769231,0.13157894736842105,0.1946037296037296,0.7631578947368421,-1.0142404391146103,0.040072858333587646,1.054313297448198,-1.054313297448198
CHEMBL2835_Ki,molformer,mlp,crem_lime,42,label_permuted,2,test,10,17,0.13607954545454545,0.08888888888888889,0.05179462305986696,0.6666666666666666,-1.5006023505691852,0.07737481594085693,1.5779771665100422,-1.5779771665100422
CHEMBL2835_Ki,molformer,mlp,crem_lime,42,label_permuted,7,test,52,56,0.3121350695816156,0.32,-0.011566074144682987,0.84,1.1249387366083,-0.08384037017822266,1.2087791067865226,-1.2087791067865226
CHEMBL2835_Ki,molformer,mlp,crem_lime,42,label_permuted,8,test,70,76,0.21610657735657735,0.2222222222222222,-0.007862971970114825,0.8888888888888888,-1.1710704576806306,-0.07449489831924438,1.0965755593613862,-1.0965755593613862
CHEMBL2835_Ki,molformer,mlp,crem_lime,42,label_permuted,13,test,145,156,0.24422458456966012,0.3469387755102041,-0.1572811048777079,0.9183673469387755,-2.278753600952829,0.032370805740356445,2.3111244066931853,-2.3111244066931853
CHEMBL2835_Ki,molformer,mlp,crem_lime,42,label_permuted,18,test,404,445,0.1115666901556861,0.13157894736842105,-0.023044417396482664,0.9736842105263158,-1.0142404391146103,0.040072858333587646,1.054313297448198,-1.054313297448198
CHEMBL2147_Ki,molformer,xgboost,crem_mean,42,trained,5,test,380,534,0.9004224270353303,0.8857142857142857,0.1286962365591401,0.34285714285714286,1.799999969383821,-0.05377554893493652,1.8537755183187574,-1.8537755183187574
CHEMBL2147_Ki,molformer,xgboost,crem_mean,42,trained,6,test,131,270,0.1896186657035054,0.20689655172413793,-0.021785160634710563,0.6896551724137931,-1.5000381344038098,-0.3133143186569214,1.1867238157468885,-1.1867238157468885
CHEMBL2147_Ki,molformer,xgboost,crem_mean,42,trained,7,test,137,605,0.11431623931623931,0.07272727272727272,0.04485084632143456,0.6727272727272727,-1.2999889376778877,-0.34686851501464844,0.9531204226632393,-0.9531204226632393
CHEMBL2147_Ki,molformer,xgboost,crem_mean,42,trained,8,test,152,581,0.4796616230561342,0.5918367346938775,-0.2748290235124712,0.8775510204081632,-1.0999976307103823,-0.22783303260803223,0.87216459810235,-0.87216459810235
CHEMBL2147_Ki,molformer,xgboost,crem_mean,42,trained,13,test,191,348,0.84,0.84,0.0,0.0,-1.1000002181240478,-0.676325798034668,0.42367442008937983,-0.42367442008937983
CHEMBL2147_Ki,molformer,xgboost,crem_mean,42,trained,15,test,378,630,0.7041190182366652,0.4230769230769231,0.4871396316102198,0.6538461538461539,-1.1999706407558657,0.28212785720825195,1.4820984979641176,-1.4820984979641176
CHEMBL2147_Ki,molformer,xgboost,crem_mean,42,trained,18,test,445,541,0.10934343434343434,0.06382978723404255,0.048616850321395774,0.6595744680851063,-1.1000078916521123,-0.03797602653503418,1.0620318651170781,-1.0620318651170781
CHEMBL2147_Ki,molformer,xgboost,crem_mean,42,trained,36,test,826,834,0.6221740335029096,0.36363636363636365,0.40627348121885787,0.8939393939393939,-1.272035099291717,0.6073442101478577,1.8793793094395748,-1.8793793094395748
CHEMBL2147_Ki,molformer,xgboost,crem_mean,42,trained,39,test,888,922,0.20964878683673516,0.2,0.012060983545918932,0.7,1.567857486051955,-0.18670344352722168,1.7545609295791766,-1.7545609295791766
CHEMBL2147_Ki,molformer,xgboost,crem_mean,42,trained,42,test,1070,1079,0.23009599096555622,0.23333333333333334,-0.004222620479709285,0.5,1.0240324809554777,-0.3349560499191284,1.3589885308746061,-1.3589885308746061
CHEMBL2147_Ki,molformer,xgboost,crem_mean,42,trained,44,test,1146,1149,0.15911337659934294,0.189873417721519,-0.037969425760186075,1.0,1.0053950318867062,0.13556337356567383,0.8698316583210324,-0.8698316583210324
CHEMBL2147_Ki,molformer,xgboost,crem_mean,42,trained,48,test,1227,1249,0.28036892521171,0.3125,-0.04673610878296731,1.0,1.045881556975432,-0.6200083792209625,1.6658899361963946,-1.6658899361963946
CHEMBL2147_Ki,molformer,xgboost,crem_mean,42,trained,51,test,1353,1354,0.2368699083908462,0.19402985074626866,0.05315340485530918,0.44776119402985076,-1.1050089793111104,-0.35492420196533203,0.7500847773457784,-0.7500847773457784
CHEMBL2147_Ki,molformer,xgboost,crem_mean,42,trained,52,test,1447,1449,0.46227322837967094,0.1836734693877551,0.34128470476509687,0.3877551020408163,-1.4771212547196624,0.1645364761352539,1.6416577308549163,-1.6416577308549163
CHEMBL2147_Ki,molformer,xgboost,crem_lime,42,trained,5,test,380,534,0.8974234350045794,0.8857142857142857,0.1024550562900704,0.8,1.799999969383821,-0.05377554893493652,1.8537755183187574,-1.8537755183187574
CHEMBL2147_Ki,molformer,xgboost,crem_lime,42,trained,6,test,131,270,0.17189763430724883,0.20689655172413793,-0.04412906978651234,0.9310344827586207,-1.5000381344038098,-0.3133143186569214,1.1867238157468885,-1.1867238157468885
CHEMBL2147_Ki,molformer,xgboost,crem_lime,42,trained,7,test,137,605,0.05222200827958025,0.07272727272727272,-0.022113520482805613,1.0,-1.2999889376778877,-0.34686851501464844,0.9531204226632393,-0.9531204226632393
CHEMBL2147_Ki,molformer,xgboost,crem_lime,42,trained,8,test,152,581,0.4974942334497777,0.5918367346938775,-0.23113912804804454,0.9795918367346939,-1.0999976307103823,-0.22783303260803223,0.87216459810235,-0.87216459810235
CHEMBL2147_Ki,molformer,xgboost,crem_lime,42,trained,13,test,191,348,0.84,0.84,0.0,0.0,-1.1000002181240478,-0.676325798034668,0.42367442008937983,-0.42367442008937983
CHEMBL2147_Ki,molformer,xgboost,crem_lime,42,trained,15,test,378,630,0.6950177912054745,0.4230769230769231,0.47136417142282244,0.9230769230769231,-1.1999706407558657,0.28212785720825195,1.4820984979641176,-1.4820984979641176
CHEMBL2147_Ki,molformer,xgboost,crem_lime,42,trained,18,test,445,541,0.10354090354090353,0.06382978723404255,0.042418692418692415,0.9787234042553191,-1.1000078916521123,-0.03797602653503418,1.0620318651170781,-1.0620318651170781
CHEMBL2147_Ki,molformer,xgboost,crem_lime,42,trained,36,test,826,834,0.832161271693749,0.36363636363636365,0.7362534269473199,1.0,-1.272035099291717,0.6073442101478577,1.8793793094395748,-1.8793793094395748
CHEMBL2147_Ki,molformer,xgboost,crem_lime,42,trained,39,test,888,922,0.13776099946418716,0.2,-0.07779875066976606,1.0,1.567857486051955,-0.18670344352722168,1.7545609295791766,-1.7545609295791766
CHEMBL2147_Ki,molformer,xgboost,crem_lime,42,trained,42,test,1070,1079,0.2557479384386279,0.23333333333333334,0.029236441441688587,0.8833333333333333,1.0240324809554777,-0.3349560499191284,1.3589885308746061,-1.3589885308746061
CHEMBL2147_Ki,molformer,xgboost,crem_lime,42,trained,44,test,1146,1149,0.11976714403814528,0.189873417721519,-0.08653743157791444,1.0,1.0053950318867062,0.13556337356567383,0.8698316583210324,-0.8698316583210324
CHEMBL2147_Ki,molformer,xgboost,crem_lime,42,trained,48,test,1227,1249,0.2560483188702244,0.3125,-0.08211153618876453,1.0,1.045881556975432,-0.6200083792209625,1.6658899361963946,-1.6658899361963946
CHEMBL2147_Ki,molformer,xgboost,crem_lime,42,trained,51,test,1353,1354,0.17627671762783725,0.19402985074626866,-0.02202703553583156,0.9402985074626866,-1.1050089793111104,-0.35492420196533203,0.7500847773457784,-0.7500847773457784
CHEMBL2147_Ki,molformer,xgboost,crem_lime,42,trained,52,test,1447,1449,0.19816057819826832,0.1836734693877551,0.017746708292878683,0.8775510204081632,-1.4771212547196624,0.1645364761352539,1.6416577308549163,-1.6416577308549163
CHEMBL2147_Ki,molformer,xgboost,crem_mean,42,label_permuted,5,test,380,534,0.8696364567332309,0.8857142857142857,-0.14068100358422952,0.34285714285714286,1.799999969383821,-0.01973557472229004,1.819735544106111,-1.819735544106111
CHEMBL2147_Ki,molformer,xgboost,crem_mean,42,label_permuted,6,test,131,270,0.31161248450358814,0.20689655172413793,0.13203313263495894,0.6896551724137931,-1.5000381344038098,0.12439680099487305,1.6244349353986829,-1.6244349353986829
CHEMBL2147_Ki,molformer,xgboost,crem_mean,42,label_permuted,7,test,137,605,0.2642857142857143,0.07272727272727272,0.2065826330532213,0.6727272727272727,-1.2999889376778877,-0.005546212196350098,1.2944427254815376,-1.2944427254815376
CHEMBL2147_Ki,molformer,xgboost,crem_mean,42,label_permuted,8,test,152,581,0.6449880669195781,0.5918367346938775,0.1302207639529664,0.8775510204081632,-1.0999976307103823,0.04394948482513428,1.1439471155355165,-1.1439471155355165
CHEMBL2147_Ki,molformer,xgboost,crem_mean,42,label_permuted,13,test,191,348,0.84,0.84,0.0,0.0,-1.1000002181240478,0.10203611850738525,1.202036336631433,-1.202036336631433
CHEMBL2147_Ki,molformer,xgboost,crem_mean,42,label_permuted,15,test,378,630,0.637666255313314,0.4230769230769231,0.37195484254307765,0.6538461538461539,-1.1999706407558657,-0.04219961166381836,1.1577710290920473,-1.1577710290920473
CHEMBL2147_Ki,molformer,xgboost,crem_mean,42,label_permuted,18,test,445,541,0.33040935672514615,0.06382978723404255,0.28475544922913343,0.6595744680851063,-1.1000078916521123,0.0541071891784668,1.1541150808305791,-1.1541150808305791
CHEMBL2147_Ki,molformer,xgboost,crem_mean,42,label_permuted,36,test,826,834,0.40072706159717797,0.36363636363636365,0.05828538250985108,0.8939393939393939,-1.272035099291717,-0.04219961166381836,1.2298354876278987,-1.2298354876278987
CHEMBL2147_Ki,molformer,xgboost,crem_mean,42,label_permuted,39,test,888,922,0.2736465963831365,0.2,0.0920582454789206,0.7,1.567857486051955,0.0,1.567857486051955,-1.567857486051955
CHEMBL2147_Ki,molformer,xgboost,crem_mean,42,label_permuted,42,test,1070,1079,0.4641873725617568,0.23333333333333334,0.30111396421098713,0.5,1.0240324809554777,-0.075733482837677,1.0997659637931547,-1.0997659637931547
CHEMBL2147_Ki,molformer,xgboost,crem_mean,42,label_permuted,44,test,1146,1149,0.18158404837802478,0.189873417721519,-0.010232190283375683,1.0,1.0053950318867062,0.0,1.0053950318867062,-1.0053950318867062
CHEMBL2147_Ki,molformer,xgboost,crem_mean,42,label_permuted,48,test,1227,1249,0.5187600494743352,0.3125,0.3000146174172148,1.0,1.045881556975432,0.015567541122436523,1.0303140158529955,-1.0303140158529955
CHEMBL2147_Ki,molformer,xgboost,crem_mean,42,label_permuted,51,test,1353,1354,0.18478350008200753,0.19402985074626866,-0.011472323972323999,0.44776119402985076,-1.1050089793111104,0.0,1.1050089793111104,-1.1050089793111104
CHEMBL2147_Ki,molformer,xgboost,crem_mean,42,label_permuted,52,test,1447,1449,0.350646067939301,0.1836734693877551,0.2045414332256437,0.3877551020408163,-1.4771212547196624,0.010100483894348145,1.4872217386140105,-1.4872217386140105
CHEMBL2147_Ki,molformer,xgboost,crem_lime,42,label_permuted,5,test,380,534,0.7975706014415691,0.8857142857142857,-0.7712572373862697,0.8,1.799999969383821,-0.01973557472229004,1.819735544106111,-1.819735544106111
CHEMBL2147_Ki,molformer,xgboost,crem_lime,42,label_permuted,6,test,131,270,0.35755387665341304,0.20689655172413793,0.18995923578039034,0.9310344827586207,-1.5000381344038098,0.12439680099487305,1.6244349353986829,-1.6244349353986829
CHEMBL2147_Ki,molformer,xgboost,crem_lime,42,label_permuted,7,test,137,605,0.09599126718691936,0.07272727272727272,0.02508862147608951,1.0,-1.2999889376778877,-0.005546212196350098,1.2944427254815376,-1.2944427254815376
CHEMBL2147_Ki,molformer,xgboost,crem_lime,42,label_permuted,8,test,152,581,0.6429007282150838,0.5918367346938775,0.12510678412695536,0.9795918367346939,-1.0999976307103823,0.04394948482513428,1.1439471155355165,-1.1439471155355165
CHEMBL2147_Ki,molformer,xgboost,crem_lime,42,label_permuted,13,test,191,348,0.84,0.84,0.0,0.0,-1.1000002181240478,0.10203611850738525,1.202036336631433,-1.202036336631433
CHEMBL2147_Ki,molformer,xgboost,crem_lime,42,label_permuted,15,test,378,630,0.41703172040585923,0.4230769230769231,-0.010478351296510662,0.9230769230769231,-1.1999706407558657,-0.04219961166381836,1.1577710290920473,-1.1577710290920473
CHEMBL2147_Ki,molformer,xgboost,crem_lime,42,label_permuted,18,test,445,541,0.7222222222222222,0.06382978723404255,0.7032828282828283,0.9787234042553191,-1.1000078916521123,0.0541071891784668,1.1541150808305791,-1.1541150808305791
CHEMBL2147_Ki,molformer,xgboost,crem_lime,42,label_permuted,36,test,826,834,0.3031374560106774,0.36363636363636365,-0.09506971198322128,1.0,-1.272035099291717,-0.04219961166381836,1.2298354876278987,-1.2298354876278987
CHEMBL2147_Ki,molformer,xgboost,crem_lime,42,label_permuted,39,test,888,922,0.154224274408785,0.2,-0.05721965698901876,1.0,1.567857486051955,0.0,1.567857486051955,-1.567857486051955
CHEMBL2147_Ki,molformer,xgboost,crem_lime,42,label_permuted,42,test,1070,1079,0.5378732048374905,0.23333333333333334,0.39722591935324847,0.8833333333333333,1.0240324809554777,-0.075733482837677,1.0997659637931547,-1.0997659637931547
CHEMBL2147_Ki,molformer,xgboost,crem_lime,42,label_permuted,44,test,1146,1149,0.15352800205536166,0.189873417721519,-0.04486387246291297,1.0,1.0053950318867062,0.0,1.0053950318867062,-1.0053950318867062
CHEMBL2147_Ki,molformer,xgboost,crem_lime,42,label_permuted,48,test,1227,1249,0.5385119531964406,0.3125,0.3287446591948227,1.0,1.045881556975432,0.015567541122436523,1.0303140158529955,-1.0303140158529955
CHEMBL2147_Ki,molformer,xgboost,crem_lime,42,label_permuted,51,test,1353,1354,0.2244041767257627,0.19402985074626866,0.03768666371529817,0.9402985074626866,-1.1050089793111104,0.0,1.1050089793111104,-1.1050089793111104
CHEMBL2147_Ki,molformer,xgboost,crem_lime,42,label_permuted,52,test,1447,1449,0.17920944746617062,0.1836734693877551,-0.005468426853940997,0.8775510204081632,-1.4771212547196624,0.010100483894348145,1.4872217386140105,-1.4872217386140105
CHEMBL2147_Ki,molformer,mlp,crem_mean,42,trained,5,test,380,534,0.9004224270353303,0.8857142857142857,0.1286962365591401,0.34285714285714286,1.799999969383821,-0.2918672561645508,2.0918672255483717,-2.0918672255483717
CHEMBL2147_Ki,molformer,mlp,crem_mean,42,trained,6,test,131,270,0.25976103972427506,0.20689655172413793,0.0666552240001729,0.6896551724137931,-1.5000381344038098,-0.49042320251464844,1.0096149318891614,-1.0096149318891614
CHEMBL2147_Ki,molformer,mlp,crem_mean,42,trained,7,test,137,605,0.09464285714285714,0.07272727272727272,0.023634453781512604,0.6727272727272727,-1.2999889376778877,-0.34637361764907837,0.9536153200288093,-0.9536153200288093
CHEMBL2147_Ki,molformer,mlp,crem_mean,42,trained,8,test,152,581,0.6729292791574115,0.5918367346938775,0.19867673393565824,0.8775510204081632,-1.0999976307103823,0.025803804397583008,1.1258014351079653,-1.1258014351079653
CHEMBL2147_Ki,molformer,mlp,crem_mean,42,trained,13,test,191,348,0.84,0.84,0.0,0.0,-1.1000002181240478,-1.5670323371887207,0.4670321190646729,-0.4670321190646729
CHEMBL2147_Ki,molformer,mlp,crem_mean,42,trained,15,test,378,630,0.6477667252533563,0.4230769230769231,0.38946232377248435,0.6538461538461539,-1.1999706407558657,0.019103050231933594,1.2190736909877993,-1.2190736909877993
CHEMBL2147_Ki,molformer,mlp,crem_mean,42,trained,18,test,445,541,0.18814814814814815,0.06382978723404255,0.1327946127946128,0.6595744680851063,-1.1000078916521123,-0.2930114269256592,0.8069964647264531,-0.8069964647264531
CHEMBL2147_Ki,molformer,mlp,crem_mean,42,trained,36,test,826,834,0.4076505983033414,0.36363636363636365,0.06916522590525073,0.8939393939393939,-1.272035099291717,0.24663567543029785,1.518670774722015,-1.518670774722015
CHEMBL2147_Ki,molformer,mlp,crem_mean,42,trained,39,test,888,922,0.5160157610588645,0.2,0.39501970132358055,0.7,1.567857486051955,-0.2617311477661133,1.8295886338180682,-1.8295886338180682
CHEMBL2147_Ki,molformer,mlp,crem_mean,42,trained,42,test,1070,1079,0.2250899210258816,0.23333333333333334,-0.010752276922763135,0.5,1.0240324809554777,0.26065802574157715,0.7633744552139006,-0.7633744552139006
CHEMBL2147_Ki,molformer,mlp,crem_mean,42,trained,44,test,1146,1149,0.19391633346877138,0.189873417721519,0.004990474125514656,1.0,1.0053950318867062,0.6275143623352051,0.3778806695515011,-0.3778806695515011
CHEMBL2147_Ki,molformer,mlp,crem_mean,42,trained,48,test,1227,1249,0.3211347708481005,0.3125,0.01255966668814617,1.0,1.045881556975432,-0.19728660583496094,1.243168162810393,-1.243168162810393
CHEMBL2147_Ki,molformer,mlp,crem_mean,42,trained,51,test,1353,1354,0.21503461596058812,0.19402985074626866,0.02606146795110007,0.44776119402985076,-1.1050089793111104,-0.32103800773620605,0.7839709715749044,-0.7839709715749044
CHEMBL2147_Ki,molformer,mlp,crem_mean,42,trained,52,test,1447,1449,0.42476694381456287,0.1836734693877551,0.2953395061728395,0.3877551020408163,-1.4771212547196624,-0.0914154052734375,1.3857058494462249,-1.3857058494462249
CHEMBL2147_Ki,molformer,mlp,crem_lime,42,trained,5,test,380,534,0.8995427809943939,0.8857142857142857,0.1209993337009468,0.8,1.799999969383821,-0.2918672561645508,2.0918672255483717,-2.0918672255483717
CHEMBL2147_Ki,molformer,mlp,crem_lime,42,trained,6,test,131,270,0.24300374024849056,0.20689655172413793,0.04552645509592288,0.9310344827586207,-1.5000381344038098,-0.49042320251464844,1.0096149318891614,-1.0096149318891614
CHEMBL2147_Ki,molformer,mlp,crem_lime,42,trained,7,test,137,605,0.04736790986790987,0.07272727272727272,-0.027348332495391314,1.0,-1.2999889376778877,-0.34637361764907837,0.9536153200288093,-0.9536153200288093
CHEMBL2147_Ki,molformer,mlp,crem_lime,42,trained,8,test,152,581,0.5615871739637501,0.5918367346938775,-0.07411142378881215,0.9795918367346939,-1.0999976307103823,0.025803804397583008,1.1258014351079653,-1.1258014351079653
CHEMBL2147_Ki,molformer,mlp,crem_lime,42,trained,13,test,191,348,0.84,0.84,0.0,0.0,-1.1000002181240478,-1.5670323371887207,0.4670321190646729,-0.4670321190646729
CHEMBL2147_Ki,molformer,mlp,crem_lime,42,trained,15,test,378,630,0.3670501882821563,0.4230769230769231,-0.09711300697759576,0.9230769230769231,-1.1999706407558657,0.019103050231933594,1.2190736909877993,-1.2190736909877993
CHEMBL2147_Ki,molformer,mlp,crem_lime,42,trained,18,test,445,541,0.12920412920412921,0.06382978723404255,0.06983168346804712,0.9787234042553191,-1.1000078916521123,-0.2930114269256592,0.8069964647264531,-0.8069964647264531
CHEMBL2147_Ki,molformer,mlp,crem_lime,42,trained,36,test,826,834,0.6626618786162578,0.36363636363636365,0.469897237825548,1.0,-1.272035099291717,0.24663567543029785,1.518670774722015,-1.518670774722015
CHEMBL2147_Ki,molformer,mlp,crem_lime,42,trained,39,test,888,922,0.5947882080557519,0.2,0.4934852600696899,1.0,1.567857486051955,-0.2617311477661133,1.8295886338180682,-1.8295886338180682
CHEMBL2147_Ki,molformer,mlp,crem_lime,42,trained,42,test,1070,1079,0.28234964832327913,0.23333333333333334,0.0639343238999293,0.8833333333333333,1.0240324809554777,0.26065802574157715,0.7633744552139006,-0.7633744552139006
CHEMBL2147_Ki,molformer,mlp,crem_lime,42,trained,44,test,1146,1149,0.1723141407627338,0.189873417721519,-0.021674732496000486,1.0,1.0053950318867062,0.6275143623352051,0.3778806695515011,-0.3778806695515011
CHEMBL2147_Ki,molformer,mlp,crem_lime,42,trained,48,test,1227,1249,0.2462774127907444,0.3125,-0.09632376321346271,1.0,1.045881556975432,-0.19728660583496094,1.243168162810393,-1.243168162810393
CHEMBL2147_Ki,molformer,mlp,crem_lime,42,trained,51,test,1353,1354,0.16768608318836722,0.19402985074626866,-0.03268578567369253,0.9402985074626866,-1.1050089793111104,-0.32103800773620605,0.7839709715749044,-0.7839709715749044
CHEMBL2147_Ki,molformer,mlp,crem_lime,42,trained,52,test,1447,1449,0.20281669596283125,0.1836734693877551,0.02345045255446827,0.8775510204081632,-1.4771212547196624,-0.0914154052734375,1.3857058494462249,-1.3857058494462249
CHEMBL2147_Ki,molformer,mlp,crem_mean,42,label_permuted,5,test,380,534,0.902377461248429,0.8857142857142857,0.14580278592375395,0.34285714285714286,1.799999969383821,0.4046386480331421,1.3953613213506788,-1.3953613213506788
CHEMBL2147_Ki,molformer,mlp,crem_mean,42,label_permuted,6,test,131,270,0.23363348033290152,0.20689655172413793,0.033711779550180176,0.6896551724137931,-1.5000381344038098,0.042058348655700684,1.5420964830595105,-1.5420964830595105
CHEMBL2147_Ki,molformer,mlp,crem_mean,42,label_permuted,7,test,137,605,0.10845588235294118,0.07272727272727272,0.038530853517877744,0.6727272727272727,-1.2999889376778877,0.06200951337814331,1.361998451056031,-1.361998451056031
CHEMBL2147_Ki,molformer,mlp,crem_mean,42,label_permuted,8,test,152,581,0.48997494098860533,0.5918367346938775,-0.2495613945779169,0.8775510204081632,-1.0999976307103823,0.3067222833633423,1.4067199140737245,-1.4067199140737245
CHEMBL2147_Ki,molformer,mlp,crem_mean,42,label_permuted,13,test,191,348,0.84,0.84,0.0,0.0,-1.1000002181240478,-0.4812508821487427,0.6187493359753051,-0.6187493359753051
CHEMBL2147_Ki,molformer,mlp,crem_mean,42,label_permuted,15,test,378,630,0.6412093788564377,0.4230769230769231,0.37809625668449204,0.6538461538461539,-1.1999706407558657,-0.43088167905807495,0.7690889616977907,-0.7690889616977907
CHEMBL2147_Ki,molformer,mlp,crem_mean,42,label_permuted,18,test,445,541,0.4084210526315789,0.06382978723404255,0.36808612440191385,0.6595744680851063,-1.1000078916521123,0.08237743377685547,1.1823853254289678,-1.1823853254289678
CHEMBL2147_Ki,molformer,mlp,crem_mean,42,label_permuted,36,test,826,834,0.456255585948277,0.36363636363636365,0.14554449220443524,0.8939393939393939,-1.272035099291717,0.03607797622680664,1.3081130755185237,-1.3081130755185237
CHEMBL2147_Ki,molformer,mlp,crem_mean,42,label_permuted,39,test,888,922,0.26406823160674253,0.2,0.08008528950842815,0.7,1.567857486051955,0.004353225231170654,1.5635042608207843,-1.5635042608207843
CHEMBL2147_Ki,molformer,mlp,crem_mean,42,label_permuted,42,test,1070,1079,0.32955251270468666,0.23333333333333334,0.12550327744089565,0.5,1.0240324809554777,0.07277143001556396,0.9512610509399138,-0.9512610509399138
CHEMBL2147_Ki,molformer,mlp,crem_mean,42,label_permuted,44,test,1146,1149,0.22937147272015407,0.189873417721519,0.04875541163894016,1.0,1.0053950318867062,0.10259473323822021,0.902800298648486,-0.902800298648486
CHEMBL2147_Ki,molformer,mlp,crem_mean,42,label_permuted,48,test,1227,1249,0.34448027587140484,0.3125,0.046516764903861585,1.0,1.045881556975432,0.04559445381164551,1.0002871031637866,-1.0002871031637866
CHEMBL2147_Ki,molformer,mlp,crem_mean,42,label_permuted,51,test,1353,1354,0.3212090435396979,0.19402985074626866,0.1577964058733289,0.44776119402985076,-1.1050089793111104,-0.2385321855545044,0.866476793756606,-0.866476793756606
CHEMBL2147_Ki,molformer,mlp,crem_mean,42,label_permuted,52,test,1447,1449,0.39648411553173457,0.1836734693877551,0.26069304152637485,0.3877551020408163,-1.4771212547196624,-0.0056999921798706055,1.4714212625397918,-1.4714212625397918
CHEMBL2147_Ki,molformer,mlp,crem_lime,42,label_permuted,5,test,380,534,0.9190301417680824,0.8857142857142857,0.2915137404707212,0.8,1.799999969383821,0.4046386480331421,1.3953613213506788,-1.3953613213506788
CHEMBL2147_Ki,molformer,mlp,crem_lime,42,label_permuted,6,test,131,270,0.4339718493291908,0.20689655172413793,0.2863123317628927,0.9310344827586207,-1.5000381344038098,0.042058348655700684,1.5420964830595105,-1.5420964830595105
CHEMBL2147_Ki,molformer,mlp,crem_lime,42,label_permuted,7,test,137,605,0.23773690078037904,0.07272727272727272,0.17795155966511467,1.0,-1.2999889376778877,0.06200951337814331,1.361998451056031,-1.361998451056031
CHEMBL2147_Ki,molformer,mlp,crem_lime,42,label_permuted,8,test,152,581,0.512799929594909,0.5918367346938775,-0.19364017249247278,0.9795918367346939,-1.0999976307103823,0.3067222833633423,1.4067199140737245,-1.4067199140737245
CHEMBL2147_Ki,molformer,mlp,crem_lime,42,label_permuted,13,test,191,348,0.84,0.84,0.0,0.0,-1.1000002181240478,-0.4812508821487427,0.6187493359753051,-0.6187493359753051
CHEMBL2147_Ki,molformer,mlp,crem_lime,42,label_permuted,15,test,378,630,0.6070305333060262,0.4230769230769231,0.3188529243971121,0.9230769230769231,-1.1999706407558657,-0.43088167905807495,0.7690889616977907,-0.7690889616977907
CHEMBL2147_Ki,molformer,mlp,crem_lime,42,label_permuted,18,test,445,541,0.46031746031746035,0.06382978723404255,0.4235209235209236,0.9787234042553191,-1.1000078916521123,0.08237743377685547,1.1823853254289678,-1.1823853254289678
CHEMBL2147_Ki,molformer,mlp,crem_lime,42,label_permuted,36,test,826,834,0.5025138974244446,0.36363636363636365,0.21823612452412727,1.0,-1.272035099291717,0.03607797622680664,1.3081130755185237,-1.3081130755185237
CHEMBL2147_Ki,molformer,mlp,crem_lime,42,label_permuted,39,test,888,922,0.2029011082929652,0.2,0.0036263853662064915,1.0,1.567857486051955,0.004353225231170654,1.5635042608207843,-1.5635042608207843
CHEMBL2147_Ki,molformer,mlp,crem_lime,42,label_permuted,42,test,1070,1079,0.4681172131014568,0.23333333333333334,0.30623984317581326,0.8833333333333333,1.0240324809554777,0.07277143001556396,0.9512610509399138,-0.9512610509399138
CHEMBL2147_Ki,molformer,mlp,crem_lime,42,label_permuted,44,test,1146,1149,0.13484884713299275,0.189873417721519,-0.06792095432021208,1.0,1.0053950318867062,0.10259473323822021,0.902800298648486,-0.902800298648486
CHEMBL2147_Ki,molformer,mlp,crem_lime,42,label_permuted,48,test,1227,1249,0.2566984988496218,0.3125,-0.08116581985509554,1.0,1.045881556975432,0.04559445381164551,1.0002871031637866,-1.0002871031637866
CHEMBL2147_Ki,molformer,mlp,crem_lime,42,label_permuted,51,test,1353,1354,0.2530212497407067,0.19402985074626866,0.07319303208569167,0.9402985074626866,-1.1050089793111104,-0.2385321855545044,0.866476793756606,-0.866476793756606
CHEMBL2147_Ki,molformer,mlp,crem_lime,42,label_permuted,52,test,1447,1449,0.2131240181941064,0.1836734693877551,0.036076922287780325,0.8775510204081632,-1.4771212547196624,-0.0056999921798706055,1.4714212625397918,-1.4714212625397918
CHEMBL287_Ki,molformer,xgboost,crem_mean,42,trained,2,test,4,735,0.4015424430641822,0.43478260869565216,-0.0588095238095238,0.34782608695652173,-1.4328779912079628,0.15372705459594727,1.58660504580391,-1.58660504580391
CHEMBL287_Ki,molformer,xgboost,crem_mean,42,trained,9,test,66,68,0.18518518518518517,0.18518518518518517,0.0,0.6296296296296297,-1.1242596207828128,0.14242488145828247,1.2666845022410953,-1.2666845022410953
CHEMBL287_Ki,molformer,xgboost,crem_mean,42,trained,12,test,109,767,0.7718023255813953,0.5348837209302325,0.5093749999999999,0.7441860465116279,-1.0042062748360236,-0.03138303756713867,0.972823237268885,-0.972823237268885
CHEMBL287_Ki,molformer,xgboost,crem_mean,42,trained,18,test,591,596,0.29826839826839824,0.3142857142857143,-0.023358585858585895,0.2857142857142857,-1.3512475457762891,-0.40751633048057556,0.9437312152957136,-0.9437312152957136
CHEMBL287_Ki,molformer,xgboost,crem_mean,42,trained,19,test,139,156,0.18375812093953026,0.10256410256410256,0.09047333476119086,0.7435897435897436,1.0352133213459336,1.2414888143539429,0.2062754930080093,-0.2062754930080093
CHEMBL287_Ki,molformer,xgboost,crem_mean,42,trained,22,test,312,661,0.8624338624338624,0.7777777777777778,0.38095238095238093,0.2962962962962963,-1.5304028032228736,-1.3607091903686523,0.16969361285422124,-0.16969361285422124
CHEMBL287_Ki,molformer,xgboost,crem_mean,42,trained,26,test,230,447,0.6769700456377702,0.5111111111111111,0.3392569115318027,0.8666666666666667,-2.410174465089049,-0.7246256396174431,1.685548825471606,-1.685548825471606
CHEMBL287_Ki,molformer,xgboost,crem_mean,42,trained,27,test,212,232,0.5393162393162393,0.5652173913043478,-0.05957264957264953,0.41304347826086957,-1.0628647334556356,-0.2241227626800537,0.8387419707755819,-0.8387419707755819
CHEMBL287_Ki,molformer,xgboost,crem_mean,42,trained,28,test,264,272,0.3474431818181818,0.15384615384615385,0.22879648760330573,0.5769230769230769,-1.2415034376128264,0.3387589454650879,1.5802623830779143,-1.5802623830779143
CHEMBL287_Ki,molformer,xgboost,crem_mean,42,trained,32,test,309,649,0.6196340209498105,0.21428571428571427,0.5158978448452133,0.5357142857142857,-1.479932232053491,-1.3451422452926636,0.13478998676082732,-0.13478998676082732
CHEMBL287_Ki,molformer,xgboost,crem_mean,42,trained,35,test,346,350,0.7434100986732566,0.3157894736842105,0.6249839903686057,0.8421052631578947,-1.0234810958495228,-0.21065807342529297,0.8128230224242299,-0.8128230224242299
CHEMBL287_Ki,molformer,xgboost,crem_mean,42,trained,40,test,389,505,0.35714285714285715,0.11428571428571428,0.2741935483870968,0.8285714285714286,-1.5946612692549316,-1.4754431247711182,0.1192181444838134,-0.1192181444838134
CHEMBL287_Ki,molformer,xgboost,crem_mean,42,trained,43,test,402,702,0.5515828615828616,0.23809523809523808,0.4114525058275059,0.38095238095238093,-1.0662162688832573,0.018363118171691895,1.0845793870549492,-1.0845793870549492
CHEMBL287_Ki,molformer,xgboost,crem_mean,42,trained,51,test,622,630,0.30875702233364594,0.3333333333333333,-0.03686446649953106,0.8461538461538461,-1.5351132016973492,-0.3741588890552521,1.1609543126420971,-1.1609543126420971
CHEMBL287_Ki,molformer,xgboost,crem_mean,42,trained,66,test,612,628,0.7014484126984127,0.5714285714285714,0.3033796296296298,0.8928571428571429,-1.6532125137753437,-0.12824147939682007,1.5249710343785237,-1.5249710343785237
CHEMBL287_Ki,molformer,xgboost,crem_mean,42,trained,68,test,685,739,0.25787545787545785,0.2653061224489796,-0.010113960113960176,0.42857142857142855,-1.6534826632562507,-0.07700622081756592,1.5764764424386848,-1.5764764424386848
CHEMBL287_Ki,molformer,xgboost,crem_mean,42,trained,74,test,837,849,0.5613330518018018,0.3333333333333333,0.34199957770270273,0.8958333333333334,-1.6549960665157608,-0.23563122749328613,1.4193648390224747,-1.4193648390224747
CHEMBL287_Ki,molformer,xgboost,crem_mean,42,trained,82,test,1025,1072,0.20365714328847967,0.22580645161290322,-0.02860952325238042,0.7096774193548387,1.027824589879962,-0.08396601676940918,1.1117906066493712,-1.1117906066493712
CHEMBL287_Ki,molformer,xgboost,crem_mean,42,trained,83,test,1047,1061,0.375952745766819,0.43478260869565216,-0.10408360364332024,1.0,1.149762320333332,0.6146102547645569,0.5351520655687751,-0.5351520655687751
CHEMBL287_Ki,molformer,xgboost,crem_mean,42,trained,84,test,1054,1055,0.14160401002506265,0.17391304347826086,-0.039110935232818896,1.0,1.320335150859368,-0.0793771743774414,1.3997123252368093,-1.3997123252368093
CHEMBL287_Ki,molformer,xgboost,crem_mean,42,trained,85,test,1069,1070,0.6766733027202976,0.3389830508474576,0.5108647400127578,0.6949152542372882,-1.3624611602076298,0.0008891820907592773,1.363350342298389,-1.363350342298389
CHEMBL287_Ki,molformer,xgboost,crem_mean,42,trained,89,test,1089,1096,0.6160902901505814,0.2916666666666667,0.45800982138905605,0.625,1.1891626679034402,0.3763241767883301,0.8128384911151101,-0.8128384911151101
CHEMBL287_Ki,molformer,xgboost,crem_mean,42,trained,93,test,1106,1118,0.5133928571428572,0.2,0.39174107142857145,0.64,-1.3105753135702116,-0.21113181114196777,1.0994435024282438,-1.0994435024282438
CHEMBL287_Ki,molformer,xgboost,crem_mean,42,trained,96,test,1233,1244,0.7993924672972937,0.45161290322580644,0.6341862638950652,0.6129032258064516,1.1125491473152316,0.5093050003051758,0.6032441470100558,-0.6032441470100558
CHEMBL287_Ki,molformer,xgboost,crem_mean,42,trained,97,test,1258,1281,0.5821759259259259,0.2962962962962963,0.40625,0.7037037037037037,-1.3442752605388384,-0.4360835552215576,0.9081917053172808,-0.9081917053172808
CHEMBL287_Ki,molformer,xgboost,crem_mean,42,trained,101,test,1309,1311,0.5784371737489826,0.3181818181818182,0.38170785483184116,0.7272727272727273,1.2844976898198748,-0.2565176486968994,1.5410153385167742,-1.5410153385167742
CHEMBL287_Ki,molformer,xgboost,crem_lime,42,trained,2,test,4,735,0.31723344478318233,0.43478260869565216,-0.20797159769129275,0.7608695652173914,-1.4328779912079628,0.15372705459594727,1.58660504580391,-1.58660504580391
CHEMBL287_Ki,molformer,xgboost,crem_lime,42,trained,9,test,66,68,0.14253636113242024,0.18518518518518517,-0.052341738610211505,0.9259259259259259,-1.1242596207828128,0.14242488145828247,1.2666845022410953,-1.2666845022410953
CHEMBL287_Ki,molformer,xgboost,crem_lime,42,trained,12,test,109,767,0.4475623795888104,0.5348837209302325,-0.18774088388405752,1.0,-1.0042062748360236,-0.03138303756713867,0.972823237268885,-0.972823237268885
CHEMBL287_Ki,molformer,xgboost,crem_lime,42,trained,18,test,591,596,0.2005333827904361,0.3142857142857143,-0.16588881676394737,1.0,-1.3512475457762891,-0.40751633048057556,0.9437312152957136,-0.9437312152957136
CHEMBL287_Ki,molformer,xgboost,crem_lime,42,trained,19,test,139,156,0.0862540366155494,0.10256410256410256,-0.01817407348553067,1.0,1.0352133213459336,1.2414888143539429,0.2062754930080093,-0.2062754930080093
CHEMBL287_Ki,molformer,xgboost,crem_lime,42,trained,22,test,312,661,0.9063492063492063,0.7777777777777778,0.5785714285714285,0.7407407407407407,-1.5304028032228736,-1.3607091903686523,0.16969361285422124,-0.16969361285422124
CHEMBL287_Ki,molformer,xgboost,crem_lime,42,trained,26,test,230,447,0.561234815288581,0.5111111111111111,0.10252575854482482,1.0,-2.410174465089049,-0.7246256396174431,1.685548825471606,-1.685548825471606
CHEMBL287_Ki,molformer,xgboost,crem_lime,42,trained,27,test,212,232,0.7811308308832869,0.5652173913043478,0.49660091103156,0.9565217391304348,-1.0628647334556356,-0.2241227626800537,0.8387419707755819,-0.8387419707755819
CHEMBL287_Ki,molformer,xgboost,crem_lime,42,trained,28,test,264,272,0.15352142537122374,0.15384615384615385,-0.0003837700158265047,0.9615384615384616,-1.2415034376128264,0.3387589454650879,1.5802623830779143,-1.5802623830779143
CHEMBL287_Ki,molformer,xgboost,crem_lime,42,trained,32,test,309,649,0.32654390211468887,0.21428571428571427,0.14287405723687677,1.0,-1.479932232053491,-1.3451422452926636,0.13478998676082732,-0.13478998676082732
CHEMBL287_Ki,molformer,xgboost,crem_lime,42,trained,35,test,346,350,0.4493978000556948,0.3157894736842105,0.1952737077737078,1.0,-1.0234810958495228,-0.21065807342529297,0.8128230224242299,-0.8128230224242299
CHEMBL287_Ki,molformer,xgboost,crem_lime,42,trained,40,test,389,505,0.1486111111111111,0.11428571428571428,0.038754480286738356,1.0,-1.5946612692549316,-1.4754431247711182,0.1192181444838134,-0.1192181444838134
CHEMBL287_Ki,molformer,xgboost,crem_lime,42,trained,43,test,402,702,0.5198447507658034,0.23809523809523808,0.36979623538011697,1.0,-1.0662162688832573,0.018363118171691895,1.0845793870549492,-1.0845793870549492
CHEMBL287_Ki,molformer,xgboost,crem_lime,42,trained,51,test,622,630,0.7410311198772738,0.3333333333333333,0.6115466798159106,0.6923076923076923,-1.5351132016973492,-0.3741588890552521,1.1609543126420971,-1.1609543126420971
CHEMBL287_Ki,molformer,xgboost,crem_lime,42,trained,66,test,612,628,0.5773596106756272,0.5714285714285714,0.013839091576463642,1.0,-1.6532125137753437,-0.12824147939682007,1.5249710343785237,-1.5249710343785237
CHEMBL287_Ki,molformer,xgboost,crem_lime,42,trained,68,test,685,739,0.28414683200397484,0.2653061224489796,0.025644299116521285,0.7142857142857143,-1.6534826632562507,-0.07700622081756592,1.5764764424386848,-1.5764764424386848
CHEMBL287_Ki,molformer,xgboost,crem_lime,42,trained,74,test,837,849,0.2670196705180412,0.3333333333333333,-0.09947049422293815,1.0,-1.6549960665157608,-0.23563122749328613,1.4193648390224747,-1.4193648390224747
CHEMBL287_Ki,molformer,xgboost,crem_lime,42,trained,82,test,1025,1072,0.2685111052819036,0.22580645161290322,0.05516017765579214,0.967741935483871,1.027824589879962,-0.08396601676940918,1.1117906066493712,-1.1117906066493712
CHEMBL287_Ki,molformer,xgboost,crem_lime,42,trained,83,test,1047,1061,0.6776751009915822,0.43478260869565216,0.429732870985107,1.0,1.149762320333332,0.6146102547645569,0.5351520655687751,-0.5351520655687751
CHEMBL287_Ki,molformer,xgboost,crem_lime,42,trained,84,test,1054,1055,0.5829326923076923,0.17391304347826086,0.49512904858299595,1.0,1.320335150859368,-0.0793771743774414,1.3997123252368093,-1.3997123252368093
CHEMBL287_Ki,molformer,xgboost,crem_lime,42,trained,85,test,1069,1070,0.34951600961728085,0.3389830508474576,0.015934476087681313,1.0,-1.3624611602076298,0.0008891820907592773,1.363350342298389,-1.363350342298389
CHEMBL287_Ki,molformer,xgboost,crem_lime,42,trained,89,test,1089,1096,0.5975941388701229,0.2916666666666667,0.43189760781664416,1.0,1.1891626679034402,0.3763241767883301,0.8128384911151101,-0.8128384911151101
CHEMBL287_Ki,molformer,xgboost,crem_lime,42,trained,93,test,1106,1118,0.5246377755542551,0.2,0.40579721944281877,1.0,-1.3105753135702116,-0.21113181114196777,1.0994435024282438,-1.0994435024282438
CHEMBL287_Ki,molformer,xgboost,crem_lime,42,trained,96,test,1233,1244,0.4733212048669767,0.45161290322580644,0.039585726522134025,1.0,1.1125491473152316,0.5093050003051758,0.6032441470100558,-0.6032441470100558
CHEMBL287_Ki,molformer,xgboost,crem_lime,42,trained,97,test,1258,1281,0.37647474242211887,0.2962962962962963,0.11393779186301105,1.0,-1.3442752605388384,-0.4360835552215576,0.9081917053172808,-0.9081917053172808
CHEMBL287_Ki,molformer,xgboost,crem_lime,42,trained,101,test,1309,1311,0.5416507129132947,0.3181818181818182,0.3277543789394989,0.9696969696969697,1.2844976898198748,-0.2565176486968994,1.5410153385167742,-1.5410153385167742
CHEMBL287_Ki,molformer,xgboost,crem_mean,42,label_permuted,2,test,4,735,0.4015424430641822,0.43478260869565216,-0.0588095238095238,0.34782608695652173,-1.4328779912079628,0.07257425785064697,1.5054522490586097,-1.5054522490586097
CHEMBL287_Ki,molformer,xgboost,crem_mean,42,label_permuted,9,test,66,68,0.18518518518518517,0.18518518518518517,0.0,0.6296296296296297,-1.1242596207828128,-0.10787737369537354,1.0163822470874393,-1.0163822470874393
CHEMBL287_Ki,molformer,xgboost,crem_mean,42,label_permuted,12,test,109,767,0.5753619905541038,0.5348837209302325,0.08702827969132317,0.7441860465116279,-1.0042062748360236,-0.23677527904510498,0.7674309957909187,-0.7674309957909187
CHEMBL287_Ki,molformer,xgboost,crem_mean,42,label_permuted,18,test,591,596,0.33896103896103896,0.3142857142857143,0.035984848484848495,0.2857142857142857,-1.3512475457762891,0.21033775806427002,1.5615853038405592,-1.5615853038405592
CHEMBL287_Ki,molformer,xgboost,crem_mean,42,label_permuted,19,test,139,156,0.27368659420289854,0.10256410256410256,0.19067934782608695,0.7435897435897436,1.0352133213459336,0.06721305847167969,0.9680002628742539,-0.9680002628742539
CHEMBL287_Ki,molformer,xgboost,crem_mean,42,label_permuted,22,test,312,661,0.8624338624338624,0.7777777777777778,0.38095238095238093,0.2962962962962963,-1.5304028032228736,0.007958650588989258,1.5383614538118628,-1.5383614538118628
CHEMBL287_Ki,molformer,xgboost,crem_mean,42,label_permuted,26,test,230,447,0.501900944715078,0.5111111111111111,-0.018838976719158643,0.8666666666666667,-2.410174465089049,0.15833556652069092,2.56851003160974,-2.56851003160974
CHEMBL287_Ki,molformer,xgboost,crem_mean,42,label_permuted,27,test,212,232,0.55414979757085,0.5652173913043478,-0.02545546558704482,0.41304347826086957,-1.0628647334556356,-0.03483235836029053,1.028032375095345,-1.028032375095345
CHEMBL287_Ki,molformer,xgboost,crem_mean,42,label_permuted,28,test,264,272,0.4515625,0.15384615384615385,0.3518465909090909,0.5769230769230769,-1.2415034376128264,-0.008778214454650879,1.2327252231581756,-1.2327252231581756
CHEMBL287_Ki,molformer,xgboost,crem_mean,42,label_permuted,32,test,309,649,0.5987686741363212,0.21428571428571427,0.48934194890077237,0.5357142857142857,-1.479932232053491,0.16889190673828125,1.6488241387917721,-1.6488241387917721
CHEMBL287_Ki,molformer,xgboost,crem_mean,42,label_permuted,35,test,346,350,0.33134920634920634,0.3157894736842105,0.02274114774114775,0.8421052631578947,-1.0234810958495228,-0.17078757286071777,0.8526935229888051,-0.8526935229888051
CHEMBL287_Ki,molformer,xgboost,crem_mean,42,label_permuted,40,test,389,505,0.14698275862068966,0.11428571428571428,0.036916017797552846,0.8285714285714286,-1.5946612692549316,-0.12099063396453857,1.473670635290393,-1.473670635290393
CHEMBL287_Ki,molformer,xgboost,crem_mean,42,label_permuted,43,test,402,702,0.7374531024531025,0.23809523809523808,0.6554071969696971,0.38095238095238093,-1.0662162688832573,0.08817493915557861,1.1543912080388359,-1.1543912080388359
CHEMBL287_Ki,molformer,xgboost,crem_mean,42,label_permuted,51,test,622,630,0.3208849865833671,0.3333333333333333,-0.018672520124949295,0.8461538461538461,-1.5351132016973492,0.1940697431564331,1.7291829448537823,-1.7291829448537823
CHEMBL287_Ki,molformer,xgboost,crem_mean,42,label_permuted,66,test,612,628,0.7927489177489178,0.5714285714285714,0.5164141414141414,0.8928571428571429,-1.6532125137753437,-0.049135804176330566,1.6040767095990132,-1.6040767095990132
CHEMBL287_Ki,molformer,xgboost,crem_mean,42,label_permuted,68,test,685,739,0.3127641589180051,0.2653061224489796,0.06459566074950689,0.42857142857142855,-1.6534826632562507,0.09141039848327637,1.744893061739527,-1.744893061739527
CHEMBL287_Ki,molformer,xgboost,crem_mean,42,label_permuted,74,test,837,849,0.36786978837233814,0.3333333333333333,0.051804682558507224,0.8958333333333334,-1.6549960665157608,-0.0562586784362793,1.5987373880794815,-1.5987373880794815
CHEMBL287_Ki,molformer,xgboost,crem_mean,42,label_permuted,82,test,1025,1072,0.18601047716668778,0.22580645161290322,-0.05140313365969494,0.7096774193548387,1.027824589879962,0.11670935153961182,0.9111152383403502,-0.9111152383403502
CHEMBL287_Ki,molformer,xgboost,crem_mean,42,label_permuted,83,test,1047,1061,0.4997221198239048,0.43478260869565216,0.1148929812269085,1.0,1.149762320333332,0.2886319160461426,0.8611304042871895,-0.8611304042871895
CHEMBL287_Ki,molformer,xgboost,crem_mean,42,label_permuted,84,test,1054,1055,0.25131578947368416,0.17391304347826086,0.0936980609418282,1.0,1.320335150859368,0.24124348163604736,1.0790916692233206,-1.0790916692233206
CHEMBL287_Ki,molformer,xgboost,crem_mean,42,label_permuted,85,test,1069,1070,0.44885677163231347,0.3389830508474576,0.16621921862324346,0.6949152542372882,-1.3624611602076298,-0.05790841579437256,1.3045527444132572,-1.3045527444132572
CHEMBL287_Ki,molformer,xgboost,crem_mean,42,label_permuted,89,test,1089,1096,0.5899458202253234,0.2916666666666667,0.4210999814945742,0.625,1.1891626679034402,-0.08881890773773193,1.277981575641172,-1.277981575641172
CHEMBL287_Ki,molformer,xgboost,crem_mean,42,label_permuted,93,test,1106,1118,0.2803379416282642,0.2,0.10042242703533023,0.64,-1.3105753135702116,0.49701178073883057,1.8075870943090422,-1.8075870943090422
CHEMBL287_Ki,molformer,xgboost,crem_mean,42,label_permuted,96,test,1233,1244,0.6483462930312814,0.45161290322580644,0.3587491225864544,0.6129032258064516,1.1125491473152316,-0.0020624399185180664,1.1146115872337496,-1.1146115872337496
CHEMBL287_Ki,molformer,xgboost,crem_mean,42,label_permuted,97,test,1258,1281,0.7864855664488017,0.2962962962962963,0.6965847523219815,0.7037037037037037,-1.3442752605388384,0.19200575351715088,1.5362810140559893,-1.5362810140559893
CHEMBL287_Ki,molformer,xgboost,crem_mean,42,label_permuted,101,test,1309,1311,0.5666678251403652,0.3181818181818182,0.36444614353920224,0.7272727272727273,1.2844976898198748,-0.2854011058807373,1.569898795700612,-1.569898795700612
CHEMBL287_Ki,molformer,xgboost,crem_lime,42,label_permuted,2,test,4,735,0.44878709518297616,0.43478260869565216,0.024777168400650147,0.7608695652173914,-1.4328779912079628,0.07257425785064697,1.5054522490586097,-1.5054522490586097
CHEMBL287_Ki,molformer,xgboost,crem_lime,42,label_permuted,9,test,66,68,0.39363295126479714,0.18518518518518517,0.2558222583704328,0.9259259259259259,-1.1242596207828128,-0.10787737369537354,1.0163822470874393,-1.0163822470874393
CHEMBL287_Ki,molformer,xgboost,crem_lime,42,label_permuted,12,test,109,767,0.3800774400273691,0.5348837209302325,-0.3328335039411563,1.0,-1.0042062748360236,-0.23677527904510498,0.7674309957909187,-0.7674309957909187
CHEMBL287_Ki,molformer,xgboost,crem_lime,42,label_permuted,18,test,591,596,0.30308862608158005,0.3142857142857143,-0.01632908696436242,1.0,-1.3512475457762891,0.21033775806427002,1.5615853038405592,-1.5615853038405592
CHEMBL287_Ki,molformer,xgboost,crem_lime,42,label_permuted,19,test,139,156,0.15476190476190474,0.10256410256410256,0.058163265306122425,1.0,1.0352133213459336,0.06721305847167969,0.9680002628742539,-0.9680002628742539
CHEMBL287_Ki,molformer,xgboost,crem_lime,42,label_permuted,22,test,312,661,0.9539682539682539,0.7777777777777778,0.7928571428571426,0.7407407407407407,-1.5304028032228736,0.007958650588989258,1.5383614538118628,-1.5383614538118628
CHEMBL287_Ki,molformer,xgboost,crem_lime,42,label_permuted,26,test,230,447,0.48297650344223464,0.5111111111111111,-0.05754806114088361,1.0,-2.410174465089049,0.15833556652069092,2.56851003160974,-2.56851003160974
CHEMBL287_Ki,molformer,xgboost,crem_lime,42,label_permuted,27,test,212,232,0.6270974289720498,0.5652173913043478,0.14232408663571458,0.9565217391304348,-1.0628647334556356,-0.03483235836029053,1.028032375095345,-1.028032375095345
CHEMBL287_Ki,molformer,xgboost,crem_lime,42,label_permuted,28,test,264,272,0.3940313499137028,0.15384615384615385,0.2838552317161942,0.9615384615384616,-1.2415034376128264,-0.008778214454650879,1.2327252231581756,-1.2327252231581756
CHEMBL287_Ki,molformer,xgboost,crem_lime,42,label_permuted,32,test,309,649,0.291006356520796,0.21428571428571427,0.09764445375374035,1.0,-1.479932232053491,0.16889190673828125,1.6488241387917721,-1.6488241387917721
CHEMBL287_Ki,molformer,xgboost,crem_lime,42,label_permuted,35,test,346,350,0.24859402942781406,0.3157894736842105,-0.09820872622088712,1.0,-1.0234810958495228,-0.17078757286071777,0.8526935229888051,-0.8526935229888051
CHEMBL287_Ki,molformer,xgboost,crem_lime,42,label_permuted,40,test,389,505,0.08684684155618044,0.11428571428571428,-0.030979372436570465,1.0,-1.5946612692549316,-0.12099063396453857,1.473670635290393,-1.473670635290393
CHEMBL287_Ki,molformer,xgboost,crem_lime,42,label_permuted,43,test,402,702,1.0,0.23809523809523808,1.0,1.0,-1.0662162688832573,0.08817493915557861,1.1543912080388359,-1.1543912080388359
CHEMBL287_Ki,molformer,xgboost,crem_lime,42,label_permuted,51,test,622,630,0.5205914985091186,0.3333333333333333,0.28088724776367785,0.6923076923076923,-1.5351132016973492,0.1940697431564331,1.7291829448537823,-1.7291829448537823
CHEMBL287_Ki,molformer,xgboost,crem_lime,42,label_permuted,66,test,612,628,0.8166604010025063,0.5714285714285714,0.5722076023391813,1.0,-1.6532125137753437,-0.049135804176330566,1.6040767095990132,-1.6040767095990132
CHEMBL287_Ki,molformer,xgboost,crem_lime,42,label_permuted,68,test,685,739,0.29032638069664957,0.2653061224489796,0.034055351503773,0.7142857142857143,-1.6534826632562507,0.09141039848327637,1.744893061739527,-1.744893061739527
CHEMBL287_Ki,molformer,xgboost,crem_lime,42,label_permuted,74,test,837,849,0.20942114363252823,0.3333333333333333,-0.1858682845512076,1.0,-1.6549960665157608,-0.0562586784362793,1.5987373880794815,-1.5987373880794815
CHEMBL287_Ki,molformer,xgboost,crem_lime,42,label_permuted,82,test,1025,1072,0.3089453150387833,0.22580645161290322,0.10738769859176178,0.967741935483871,1.027824589879962,0.11670935153961182,0.9111152383403502,-0.9111152383403502
CHEMBL287_Ki,molformer,xgboost,crem_lime,42,label_permuted,83,test,1047,1061,0.47978104194930465,0.43478260869565216,0.07961261267953902,1.0,1.149762320333332,0.2886319160461426,0.8611304042871895,-0.8611304042871895
CHEMBL287_Ki,molformer,xgboost,crem_lime,42,label_permuted,84,test,1054,1055,0.23441531058884535,0.17391304347826086,0.07323958650228649,1.0,1.320335150859368,0.24124348163604736,1.0790916692233206,-1.0790916692233206
CHEMBL287_Ki,molformer,xgboost,crem_lime,42,label_permuted,85,test,1069,1070,0.23076660540609473,0.3389830508474576,-0.16371205848821566,1.0,-1.3624611602076298,-0.05790841579437256,1.3045527444132572,-1.3045527444132572
CHEMBL287_Ki,molformer,xgboost,crem_lime,42,label_permuted,89,test,1089,1096,0.477591739478073,0.2916666666666667,0.2624824557337501,1.0,1.1891626679034402,-0.08881890773773193,1.277981575641172,-1.277981575641172
CHEMBL287_Ki,molformer,xgboost,crem_lime,42,label_permuted,93,test,1106,1118,0.134533944933183,0.2,-0.08183256883352127,1.0,-1.3105753135702116,0.49701178073883057,1.8075870943090422,-1.8075870943090422
CHEMBL287_Ki,molformer,xgboost,crem_lime,42,label_permuted,96,test,1233,1244,0.3541797082700705,0.45161290322580644,-0.17767229668398907,1.0,1.1125491473152316,-0.0020624399185180664,1.1146115872337496,-1.1146115872337496
CHEMBL287_Ki,molformer,xgboost,crem_lime,42,label_permuted,97,test,1258,1281,0.5415449498838987,0.2962962962962963,0.348511244571856,1.0,-1.3442752605388384,0.19200575351715088,1.5362810140559893,-1.5362810140559893
CHEMBL287_Ki,molformer,xgboost,crem_lime,42,label_permuted,101,test,1309,1311,0.4125751870289685,0.3181818181818182,0.13844360764248714,0.9696969696969697,1.2844976898198748,-0.2854011058807373,1.569898795700612,-1.569898795700612
CHEMBL287_Ki,molformer,mlp,crem_mean,42,trained,2,test,4,735,0.4008876811594203,0.43478260869565216,-0.05996794871794866,0.34782608695652173,-1.4328779912079628,0.24364840984344482,1.6765264010514076,-1.6765264010514076
CHEMBL287_Ki,molformer,mlp,crem_mean,42,trained,9,test,66,68,0.18518518518518517,0.18518518518518517,0.0,0.6296296296296297,-1.1242596207828128,0.22440850734710693,1.3486681281299198,-1.3486681281299198
CHEMBL287_Ki,molformer,mlp,crem_mean,42,trained,12,test,109,767,0.6144053747061835,0.5348837209302325,0.17097155561829463,0.7441860465116279,-1.0042062748360236,0.19860494136810303,1.2028112162041267,-1.2028112162041267
CHEMBL287_Ki,molformer,mlp,crem_mean,42,trained,18,test,591,596,0.3056277056277056,0.3142857142857143,-0.012626262626262685,0.2857142857142857,-1.3512475457762891,-0.07943511009216309,1.271812435684126,-1.271812435684126
CHEMBL287_Ki,molformer,mlp,crem_mean,42,trained,19,test,139,156,0.2432934712346477,0.10256410256410256,0.15681272509003602,0.7435897435897436,1.0352133213459336,0.8554758429527283,0.1797374783932053,-0.1797374783932053
CHEMBL287_Ki,molformer,mlp,crem_mean,42,trained,22,test,312,661,0.8624338624338624,0.7777777777777778,0.38095238095238093,0.2962962962962963,-1.5304028032228736,-1.2878856658935547,0.2425171373293189,-0.2425171373293189
CHEMBL287_Ki,molformer,mlp,crem_mean,42,trained,26,test,230,447,0.7446838595342113,0.5111111111111111,0.47776243995634143,0.8666666666666667,-2.410174465089049,-0.33592140674591064,2.0742530583431384,-2.0742530583431384
CHEMBL287_Ki,molformer,mlp,crem_mean,42,trained,27,test,212,232,0.5534188034188033,0.5652173913043478,-0.027136752136752214,0.41304347826086957,-1.0628647334556356,0.4436987638473511,1.5065634973029867,-1.5065634973029867
CHEMBL287_Ki,molformer,mlp,crem_mean,42,trained,28,test,264,272,0.4926587301587302,0.15384615384615385,0.40041486291486295,0.5769230769230769,-1.2415034376128264,0.24457168579101562,1.486075123403842,-1.486075123403842
CHEMBL287_Ki,molformer,mlp,crem_mean,42,trained,32,test,309,649,0.607363315696649,0.21428571428571427,0.5002805836139169,0.5357142857142857,-1.479932232053491,-1.2430970668792725,0.23683516517421843,-0.23683516517421843
CHEMBL287_Ki,molformer,mlp,crem_mean,42,trained,35,test,346,350,0.6627332219437483,0.3157894736842105,0.5070716320716321,0.8421052631578947,-1.0234810958495228,-0.5080991983413696,0.5153818975081532,-0.5153818975081532
CHEMBL287_Ki,molformer,mlp,crem_mean,42,trained,40,test,389,505,0.35344827586206895,0.11428571428571428,0.2700222469410456,0.8285714285714286,-1.5946612692549316,-1.732412576675415,0.13775130742048347,-0.13775130742048347
CHEMBL287_Ki,molformer,mlp,crem_mean,42,trained,43,test,402,702,0.470588578088578,0.23809523809523808,0.3051475087412587,0.38095238095238093,-1.0662162688832573,-0.6489602327346802,0.4172560361485771,-0.4172560361485771
CHEMBL287_Ki,molformer,mlp,crem_mean,42,trained,51,test,622,630,0.22834208801950734,0.3333333333333333,-0.15748686797073894,0.8461538461538461,-1.5351132016973492,-0.16756784915924072,1.3675453525381085,-1.3675453525381085
CHEMBL287_Ki,molformer,mlp,crem_mean,42,trained,66,test,612,628,0.7095734126984127,0.5714285714285714,0.32233796296296297,0.8928571428571429,-1.6532125137753437,-0.04831439256668091,1.6048981212086628,-1.6048981212086628
CHEMBL287_Ki,molformer,mlp,crem_mean,42,trained,68,test,685,739,0.2612942612942613,0.2653061224489796,-0.00546058879392213,0.42857142857142855,-1.6534826632562507,0.47183865308761597,2.1253213163438667,-2.1253213163438667
CHEMBL287_Ki,molformer,mlp,crem_mean,42,trained,74,test,837,849,0.3267315296206694,0.3333333333333333,-0.009902705568995833,0.8958333333333334,-1.6549960665157608,-0.2109968662261963,1.4439992002895645,-1.4439992002895645
CHEMBL287_Ki,molformer,mlp,crem_mean,42,trained,82,test,1025,1072,0.17157496130352357,0.22580645161290322,-0.07004900831628205,0.7096774193548387,1.027824589879962,-0.33115553855895996,1.358980128438922,-1.358980128438922
CHEMBL287_Ki,molformer,mlp,crem_mean,42,trained,83,test,1047,1061,0.3552711153996821,0.43478260869565216,-0.14067418044671626,1.0,1.149762320333332,-0.20120453834533691,1.350966858678669,-1.350966858678669
CHEMBL287_Ki,molformer,mlp,crem_mean,42,trained,84,test,1054,1055,0.16104539192532613,0.17391304347826086,-0.015576630827236782,1.0,1.320335150859368,-0.19243043661117554,1.5127655874705435,-1.5127655874705435
CHEMBL287_Ki,molformer,mlp,crem_mean,42,trained,85,test,1069,1070,0.5532631676739228,0.3389830508474576,0.3241673562246525,0.6949152542372882,-1.3624611602076298,-0.02387845516204834,1.3385827050455814,-1.3385827050455814
CHEMBL287_Ki,molformer,mlp,crem_mean,42,trained,89,test,1089,1096,0.6240350685728837,0.2916666666666667,0.4692259791617182,0.625,1.1891626679034402,1.2697006464004517,0.0805379784970115,-0.0805379784970115
CHEMBL287_Ki,molformer,mlp,crem_mean,42,trained,93,test,1106,1118,0.6203007518796992,0.2,0.525375939849624,0.64,-1.3105753135702116,-0.6036741733551025,0.7069011402151091,-0.7069011402151091
CHEMBL287_Ki,molformer,mlp,crem_mean,42,trained,96,test,1233,1244,0.8266368250799427,0.45161290322580644,0.6838671516163662,0.6129032258064516,1.1125491473152316,0.5484760999679565,0.564073047347275,-0.564073047347275
CHEMBL287_Ki,molformer,mlp,crem_mean,42,trained,97,test,1258,1281,0.36023415242165246,0.2962962962962963,0.09085905870445353,0.7037037037037037,-1.3442752605388384,-0.04163062572479248,1.302644634814046,-1.302644634814046
CHEMBL287_Ki,molformer,mlp,crem_mean,42,trained,101,test,1309,1311,0.5431756035747632,0.3181818181818182,0.3299908852429861,0.7272727272727273,1.2844976898198748,0.26683366298675537,1.0176640268331194,-1.0176640268331194
CHEMBL287_Ki,molformer,mlp,crem_lime,42,trained,2,test,4,735,0.3151882246051524,0.43478260869565216,-0.21159006416011494,0.7608695652173914,-1.4328779912079628,0.24364840984344482,1.6765264010514076,-1.6765264010514076
CHEMBL287_Ki,molformer,mlp,crem_lime,42,trained,9,test,66,68,0.1359931727398712,0.18518518518518517,-0.06037201527379443,0.9259259259259259,-1.1242596207828128,0.22440850734710693,1.3486681281299198,-1.3486681281299198
CHEMBL287_Ki,molformer,mlp,crem_lime,42,trained,12,test,109,767,0.41825649007422194,0.5348837209302325,-0.2507485463404227,1.0,-1.0042062748360236,0.19860494136810303,1.2028112162041267,-1.2028112162041267
CHEMBL287_Ki,molformer,mlp,crem_lime,42,trained,18,test,591,596,0.21771853697794136,0.3142857142857143,-0.1408271335738355,1.0,-1.3512475457762891,-0.07943511009216309,1.271812435684126,-1.271812435684126
CHEMBL287_Ki,molformer,mlp,crem_lime,42,trained,19,test,139,156,0.0908983008495752,0.10256410256410256,-0.012999036196187627,1.0,1.0352133213459336,0.8554758429527283,0.1797374783932053,-0.1797374783932053
CHEMBL287_Ki,molformer,mlp,crem_lime,42,trained,22,test,312,661,0.953467000835422,0.7777777777777778,0.7906015037593991,0.7407407407407407,-1.5304028032228736,-1.2878856658935547,0.2425171373293189,-0.2425171373293189
CHEMBL287_Ki,molformer,mlp,crem_lime,42,trained,26,test,230,447,0.7885493438574092,0.5111111111111111,0.5674872942537915,1.0,-2.410174465089049,-0.33592140674591064,2.0742530583431384,-2.0742530583431384
CHEMBL287_Ki,molformer,mlp,crem_lime,42,trained,27,test,212,232,0.7292955464108534,0.5652173913043478,0.3773797567449628,0.9565217391304348,-1.0628647334556356,0.4436987638473511,1.5065634973029867,-1.5065634973029867
CHEMBL287_Ki,molformer,mlp,crem_lime,42,trained,28,test,264,272,0.196763442951093,0.15384615384615385,0.050720432578564435,0.9615384615384616,-1.2415034376128264,0.24457168579101562,1.486075123403842,-1.486075123403842
CHEMBL287_Ki,molformer,mlp,crem_lime,42,trained,32,test,309,649,0.28694953194953193,0.21428571428571427,0.09248122248122248,1.0,-1.479932232053491,-1.2430970668792725,0.23683516517421843,-0.23683516517421843
CHEMBL287_Ki,molformer,mlp,crem_lime,42,trained,35,test,346,350,0.3472760937581236,0.3157894736842105,0.04601890626187302,1.0,-1.0234810958495228,-0.5080991983413696,0.5153818975081532,-0.5153818975081532
CHEMBL287_Ki,molformer,mlp,crem_lime,42,trained,40,test,389,505,0.3339285714285714,0.11428571428571428,0.24798387096774194,1.0,-1.5946612692549316,-1.732412576675415,0.13775130742048347,-0.13775130742048347
CHEMBL287_Ki,molformer,mlp,crem_lime,42,trained,43,test,402,702,0.16505224118127343,0.23809523809523808,-0.09586893344957861,1.0,-1.0662162688832573,-0.6489602327346802,0.4172560361485771,-0.4172560361485771
CHEMBL287_Ki,molformer,mlp,crem_lime,42,trained,51,test,622,630,0.4562266598298987,0.3333333333333333,0.18433998974484803,0.6923076923076923,-1.5351132016973492,-0.16756784915924072,1.3675453525381085,-1.3675453525381085
CHEMBL287_Ki,molformer,mlp,crem_lime,42,trained,66,test,612,628,0.5345581798699648,0.5714285714285714,-0.08603091363674875,1.0,-1.6532125137753437,-0.04831439256668091,1.6048981212086628,-1.6048981212086628
CHEMBL287_Ki,molformer,mlp,crem_lime,42,trained,68,test,685,739,0.35047904763483306,0.2653061224489796,0.11592981483630055,0.7142857142857143,-1.6534826632562507,0.47183865308761597,2.1253213163438667,-2.1253213163438667
CHEMBL287_Ki,molformer,mlp,crem_lime,42,trained,74,test,837,849,0.21942719854061235,0.3333333333333333,-0.17085920218908143,1.0,-1.6549960665157608,-0.2109968662261963,1.4439992002895645,-1.4439992002895645
CHEMBL287_Ki,molformer,mlp,crem_lime,42,trained,82,test,1025,1072,0.1949342274189697,0.22580645161290322,-0.03987662291716412,0.967741935483871,1.027824589879962,-0.33115553855895996,1.358980128438922,-1.358980128438922
CHEMBL287_Ki,molformer,mlp,crem_lime,42,trained,83,test,1047,1061,0.5271856334240235,0.43478260869565216,0.16348227451942615,1.0,1.149762320333332,-0.20120453834533691,1.350966858678669,-1.350966858678669
CHEMBL287_Ki,molformer,mlp,crem_lime,42,trained,84,test,1054,1055,0.25395989865677915,0.17391304347826086,0.09689882468978529,1.0,1.320335150859368,-0.19243043661117554,1.5127655874705435,-1.5127655874705435
CHEMBL287_Ki,molformer,mlp,crem_lime,42,trained,85,test,1069,1070,0.4750829287520199,0.3389830508474576,0.2058946870863891,1.0,-1.3624611602076298,-0.02387845516204834,1.3385827050455814,-1.3385827050455814
CHEMBL287_Ki,molformer,mlp,crem_lime,42,trained,89,test,1089,1096,0.5316077347812324,0.2916666666666667,0.33874033145585747,1.0,1.1891626679034402,1.2697006464004517,0.0805379784970115,-0.0805379784970115
CHEMBL287_Ki,molformer,mlp,crem_lime,42,trained,93,test,1106,1118,0.572372450382099,0.2,0.46546556297762376,1.0,-1.3105753135702116,-0.6036741733551025,0.7069011402151091,-0.7069011402151091
CHEMBL287_Ki,molformer,mlp,crem_lime,42,trained,96,test,1233,1244,0.4789596290937592,0.45161290322580644,0.0498675589356786,1.0,1.1125491473152316,0.5484760999679565,0.564073047347275,-0.564073047347275
CHEMBL287_Ki,molformer,mlp,crem_lime,42,trained,97,test,1258,1281,0.3559830363720238,0.2962962962962963,0.08481799905498118,1.0,-1.3442752605388384,-0.04163062572479248,1.302644634814046,-1.302644634814046
CHEMBL287_Ki,molformer,mlp,crem_lime,42,trained,101,test,1309,1311,0.6048181402034787,0.3181818181818182,0.420399938965102,0.9696969696969697,1.2844976898198748,0.26683366298675537,1.0176640268331194,-1.0176640268331194
CHEMBL287_Ki,molformer,mlp,crem_mean,42,label_permuted,2,test,4,735,0.4015424430641822,0.43478260869565216,-0.0588095238095238,0.34782608695652173,-1.4328779912079628,-0.0751272439956665,1.3577507472122963,-1.3577507472122963
CHEMBL287_Ki,molformer,mlp,crem_mean,42,label_permuted,9,test,66,68,0.18518518518518517,0.18518518518518517,0.0,0.6296296296296297,-1.1242596207828128,-0.17652547359466553,0.9477341471881473,-0.9477341471881473
CHEMBL287_Ki,molformer,mlp,crem_mean,42,label_permuted,12,test,109,767,0.45033805771532837,0.5348837209302325,-0.1817731759120439,0.7441860465116279,-1.0042062748360236,-0.018616199493408203,0.9855900753426154,-0.9855900753426154
CHEMBL287_Ki,molformer,mlp,crem_mean,42,label_permuted,18,test,591,596,0.3632034632034632,0.3142857142857143,0.07133838383838384,0.2857142857142857,-1.3512475457762891,-0.00665128231048584,1.3445962634658033,-1.3445962634658033
CHEMBL287_Ki,molformer,mlp,crem_mean,42,label_permuted,19,test,139,156,0.2357142857142857,0.10256410256410256,0.1483673469387755,0.7435897435897436,1.0352133213459336,-0.09249615669250488,1.1277094780384385,-1.1277094780384385
CHEMBL287_Ki,molformer,mlp,crem_mean,42,label_permuted,22,test,312,661,0.8624338624338624,0.7777777777777778,0.38095238095238093,0.2962962962962963,-1.5304028032228736,0.32170557975769043,1.852108382980564,-1.852108382980564
CHEMBL287_Ki,molformer,mlp,crem_mean,42,label_permuted,26,test,230,447,0.5417499514938605,0.5111111111111111,0.06267035532835113,0.8666666666666667,-2.410174465089049,-0.0428997278213501,2.367274737267699,-2.367274737267699
CHEMBL287_Ki,molformer,mlp,crem_mean,42,label_permuted,27,test,212,232,0.5542200854700854,0.5652173913043478,-0.025293803418803502,0.41304347826086957,-1.0628647334556356,0.07338607311248779,1.1362508065681234,-1.1362508065681234
CHEMBL287_Ki,molformer,mlp,crem_mean,42,label_permuted,28,test,264,272,0.4375,0.15384615384615385,0.3352272727272727,0.5769230769230769,-1.2415034376128264,0.08383405208587646,1.325337489698703,-1.325337489698703
CHEMBL287_Ki,molformer,mlp,crem_mean,42,label_permuted,32,test,309,649,0.4146825396825397,0.21428571428571427,0.2550505050505051,0.5357142857142857,-1.479932232053491,-0.014377117156982422,1.4655551148965085,-1.4655551148965085
CHEMBL287_Ki,molformer,mlp,crem_mean,42,label_permuted,35,test,346,350,0.7220352564102563,0.3157894736842105,0.5937438362919131,0.8421052631578947,-1.0234810958495228,-0.07975208759307861,0.9437290082564442,-0.9437290082564442
CHEMBL287_Ki,molformer,mlp,crem_mean,42,label_permuted,40,test,389,505,0.1185064935064935,0.11428571428571428,0.004765395894428154,0.8285714285714286,-1.5946612692549316,0.11246228218078613,1.7071235514357177,-1.7071235514357177
CHEMBL287_Ki,molformer,mlp,crem_mean,42,label_permuted,43,test,402,702,0.573583916083916,0.23809523809523808,0.4403288898601398,0.38095238095238093,-1.0662162688832573,0.13686323165893555,1.2030795005421928,-1.2030795005421928
CHEMBL287_Ki,molformer,mlp,crem_mean,42,label_permuted,51,test,622,630,0.23456577498450384,0.3333333333333333,-0.1481513375232442,0.8461538461538461,-1.5351132016973492,0.13139522075653076,1.66650842245388,-1.66650842245388
CHEMBL287_Ki,molformer,mlp,crem_mean,42,label_permuted,66,test,612,628,0.8652285214785215,0.5714285714285714,0.6855332167832168,0.8928571428571429,-1.6532125137753437,-0.14075231552124023,1.5124601982541035,-1.5124601982541035
CHEMBL287_Ki,molformer,mlp,crem_mean,42,label_permuted,68,test,685,739,0.25787545787545785,0.2653061224489796,-0.010113960113960176,0.42857142857142855,-1.6534826632562507,-0.08849990367889404,1.5649827595773567,-1.5649827595773567
CHEMBL287_Ki,molformer,mlp,crem_mean,42,label_permuted,74,test,837,849,0.6418255355755356,0.3333333333333333,0.46273830336330335,0.8958333333333334,-1.6549960665157608,-0.03816497325897217,1.6168310932567886,-1.6168310932567886
CHEMBL287_Ki,molformer,mlp,crem_mean,42,label_permuted,82,test,1025,1072,0.21982161466883055,0.22580645161290322,-0.007730414386093872,0.7096774193548387,1.027824589879962,0.027069926261901855,1.0007546636180602,-1.0007546636180602
CHEMBL287_Ki,molformer,mlp,crem_mean,42,label_permuted,83,test,1047,1061,0.43130027497934703,0.43478260869565216,-0.006161051959616769,1.0,1.149762320333332,0.10539424419403076,1.0443680761393013,-1.0443680761393013
CHEMBL287_Ki,molformer,mlp,crem_mean,42,label_permuted,84,test,1054,1055,0.1398553507424475,0.17391304347826086,-0.04122773331177406,1.0,1.320335150859368,0.031168222427368164,1.2891669284319998,-1.2891669284319998
CHEMBL287_Ki,molformer,mlp,crem_mean,42,label_permuted,85,test,1069,1070,0.8974719887955183,0.3389830508474576,0.8448935215111687,0.6949152542372882,-1.3624611602076298,-0.18706202507019043,1.1753991351374393,-1.1753991351374393
CHEMBL287_Ki,molformer,mlp,crem_mean,42,label_permuted,89,test,1089,1096,0.4269514183253742,0.2916666666666667,0.1909902376358224,0.625,1.1891626679034402,0.006570577621459961,1.1825920902819802,-1.1825920902819802
CHEMBL287_Ki,molformer,mlp,crem_mean,42,label_permuted,93,test,1106,1118,0.6904761904761905,0.2,0.613095238095238,0.64,-1.3105753135702116,0.07031452655792236,1.380889840128134,-1.380889840128134
CHEMBL287_Ki,molformer,mlp,crem_mean,42,label_permuted,96,test,1233,1244,0.681019552050346,0.45161290322580644,0.4183297713859252,0.6129032258064516,1.1125491473152316,-0.003160238265991211,1.1157093855812228,-1.1157093855812228
CHEMBL287_Ki,molformer,mlp,crem_mean,42,label_permuted,97,test,1258,1281,0.8288151119033472,0.2962962962962963,0.7567372642837039,0.7037037037037037,-1.3442752605388384,0.19650936126708984,1.5407846218059282,-1.5407846218059282
CHEMBL287_Ki,molformer,mlp,crem_mean,42,label_permuted,101,test,1309,1311,0.5000265822389405,0.3181818181818182,0.26670565395044604,0.7272727272727273,1.2844976898198748,-0.31957530975341797,1.6040729995732927,-1.6040729995732927
CHEMBL287_Ki,molformer,mlp,crem_lime,42,label_permuted,2,test,4,735,0.42520819632200707,0.43478260869565216,-0.0169393449687567,0.7608695652173914,-1.4328779912079628,-0.0751272439956665,1.3577507472122963,-1.3577507472122963
CHEMBL287_Ki,molformer,mlp,crem_lime,42,label_permuted,9,test,66,68,0.334523051023051,0.18518518518518517,0.18327828989192624,0.9259259259259259,-1.1242596207828128,-0.17652547359466553,0.9477341471881473,-0.9477341471881473
CHEMBL287_Ki,molformer,mlp,crem_lime,42,label_permuted,12,test,109,767,0.3616022992561231,0.5348837209302325,-0.37255505659933524,1.0,-1.0042062748360236,-0.018616199493408203,0.9855900753426154,-0.9855900753426154
CHEMBL287_Ki,molformer,mlp,crem_lime,42,label_permuted,18,test,591,596,0.9412878787878788,0.3142857142857143,0.9143781565656566,1.0,-1.3512475457762891,-0.00665128231048584,1.3445962634658033,-1.3445962634658033
CHEMBL287_Ki,molformer,mlp,crem_lime,42,label_permuted,19,test,139,156,0.09250771158665895,0.10256410256410256,-0.011205692803437165,1.0,1.0352133213459336,-0.09249615669250488,1.1277094780384385,-1.1277094780384385
CHEMBL287_Ki,molformer,mlp,crem_lime,42,label_permuted,22,test,312,661,0.9063492063492063,0.7777777777777778,0.5785714285714285,0.7407407407407407,-1.5304028032228736,0.32170557975769043,1.852108382980564,-1.852108382980564
CHEMBL287_Ki,molformer,mlp,crem_lime,42,label_permuted,26,test,230,447,0.5064381055018008,0.5111111111111111,-0.009558420564498293,1.0,-2.410174465089049,-0.0428997278213501,2.367274737267699,-2.367274737267699
CHEMBL287_Ki,molformer,mlp,crem_lime,42,label_permuted,27,test,212,232,0.6393706130518912,0.5652173913043478,0.17055241001934995,0.9565217391304348,-1.0628647334556356,0.07338607311248779,1.1362508065681234,-1.1362508065681234
CHEMBL287_Ki,molformer,mlp,crem_lime,42,label_permuted,28,test,264,272,0.2355317701793361,0.15384615384615385,0.09653754657557902,0.9615384615384616,-1.2415034376128264,0.08383405208587646,1.325337489698703,-1.325337489698703
CHEMBL287_Ki,molformer,mlp,crem_lime,42,label_permuted,32,test,309,649,0.15259887156921903,0.21428571428571427,-0.07851052709372122,1.0,-1.479932232053491,-0.014377117156982422,1.4655551148965085,-1.4655551148965085
CHEMBL287_Ki,molformer,mlp,crem_lime,42,label_permuted,35,test,346,350,0.5949929971988797,0.3157894736842105,0.4080666882137472,1.0,-1.0234810958495228,-0.07975208759307861,0.9437290082564442,-0.9437290082564442
CHEMBL287_Ki,molformer,mlp,crem_lime,42,label_permuted,40,test,389,505,0.08185147483076644,0.11428571428571428,-0.03661930261042499,1.0,-1.5946612692549316,0.11246228218078613,1.7071235514357177,-1.7071235514357177
CHEMBL287_Ki,molformer,mlp,crem_lime,42,label_permuted,43,test,402,702,0.365478663339031,0.23809523809523808,0.1671907456324782,1.0,-1.0662162688832573,0.13686323165893555,1.2030795005421928,-1.2030795005421928
CHEMBL287_Ki,molformer,mlp,crem_lime,42,label_permuted,51,test,622,630,0.34303337242965726,0.3333333333333333,0.014550058644485912,0.6923076923076923,-1.5351132016973492,0.13139522075653076,1.66650842245388,-1.66650842245388
CHEMBL287_Ki,molformer,mlp,crem_lime,42,label_permuted,66,test,612,628,0.6915200087754435,0.5714285714285714,0.28021335380936824,1.0,-1.6532125137753437,-0.14075231552124023,1.5124601982541035,-1.5124601982541035
CHEMBL287_Ki,molformer,mlp,crem_lime,42,label_permuted,68,test,685,739,0.2936896083279574,0.2653061224489796,0.03863307800194196,0.7142857142857143,-1.6534826632562507,-0.08849990367889404,1.5649827595773567,-1.5649827595773567
CHEMBL287_Ki,molformer,mlp,crem_lime,42,label_permuted,74,test,837,849,0.28903527946092333,0.3333333333333333,-0.06644708080861496,1.0,-1.6549960665157608,-0.03816497325897217,1.6168310932567886,-1.6168310932567886
CHEMBL287_Ki,molformer,mlp,crem_lime,42,label_permuted,82,test,1025,1072,0.21851642123431247,0.22580645161290322,-0.009416289239013045,0.967741935483871,1.027824589879962,0.027069926261901855,1.0007546636180602,-1.0007546636180602
CHEMBL287_Ki,molformer,mlp,crem_lime,42,label_permuted,83,test,1047,1061,0.513867012199493,0.43478260869565216,0.13991856004525693,1.0,1.149762320333332,0.10539424419403076,1.0443680761393013,-1.0443680761393013
CHEMBL287_Ki,molformer,mlp,crem_lime,42,label_permuted,84,test,1054,1055,0.10850838736806948,0.17391304347826086,-0.07917405739654747,1.0,1.320335150859368,0.031168222427368164,1.2891669284319998,-1.2891669284319998
CHEMBL287_Ki,molformer,mlp,crem_lime,42,label_permuted,85,test,1069,1070,0.785814384367016,0.3389830508474576,0.6759756071193319,1.0,-1.3624611602076298,-0.18706202507019043,1.1753991351374393,-1.1753991351374393
CHEMBL287_Ki,molformer,mlp,crem_lime,42,label_permuted,89,test,1089,1096,0.2099301384290727,0.2916666666666667,-0.11539274574719151,1.0,1.1891626679034402,0.006570577621459961,1.1825920902819802,-1.1825920902819802
CHEMBL287_Ki,molformer,mlp,crem_lime,42,label_permuted,93,test,1106,1118,0.16047573081289007,0.2,-0.049405336483887424,1.0,-1.3105753135702116,0.07031452655792236,1.380889840128134,-1.380889840128134
CHEMBL287_Ki,molformer,mlp,crem_lime,42,label_permuted,96,test,1233,1244,0.31565671406743057,0.45161290322580644,-0.24792010964174427,1.0,1.1125491473152316,-0.003160238265991211,1.1157093855812228,-1.1157093855812228
CHEMBL287_Ki,molformer,mlp,crem_lime,42,label_permuted,97,test,1258,1281,0.5491943995238946,0.2962962962962963,0.35938151511290284,1.0,-1.3442752605388384,0.19650936126708984,1.5407846218059282,-1.5407846218059282
CHEMBL287_Ki,molformer,mlp,crem_lime,42,label_permuted,101,test,1309,1311,0.3552951693240206,0.3181818181818182,0.054432915008563565,0.9696969696969697,1.2844976898198748,-0.31957530975341797,1.6040729995732927,-1.6040729995732927
CHEMBL244_Ki,molformer,xgboost,crem_mean,42,trained,2,test,556,560,0.38746753246753246,0.13559322033898305,0.29138400814871396,1.0,-1.6922366216770504,-0.17021703720092773,1.5220195844761226,-1.5220195844761226
CHEMBL244_Ki,molformer,xgboost,crem_mean,42,trained,3,test,13,78,0.14966938917677833,0.08333333333333333,0.07236660637466727,0.5476190476190477,1.0910804693473326,-0.15764987468719482,1.2487303440345274,-1.2487303440345274
CHEMBL244_Ki,molformer,xgboost,crem_mean,42,trained,6,test,2271,2300,0.4451485659430248,0.2602739726027397,0.24992306136742243,1.0,-1.463110540276848,-0.08749890327453613,1.375611637002312,-1.375611637002312
CHEMBL244_Ki,molformer,xgboost,crem_mean,42,trained,25,test,261,264,0.28541666666666665,0.26666666666666666,0.025568181818181802,0.25,-1.6989700043360187,0.23577380180358887,1.9347438061396076,-1.9347438061396076
CHEMBL244_Ki,molformer,xgboost,crem_mean,42,trained,32,test,287,288,0.4305555555555555,0.4444444444444444,-0.02500000000000001,0.24444444444444444,1.9999999999999996,1.058577299118042,0.9414227008819576,-0.9414227008819576
CHEMBL244_Ki,molformer,xgboost,crem_mean,42,trained,35,test,312,335,0.06097680097680098,0.05263157894736842,0.008808845475512146,0.9342105263157895,1.4409090820652177,0.24467158317565918,1.1962374988895585,-1.1962374988895585
CHEMBL244_Ki,molformer,xgboost,crem_mean,42,trained,36,test,314,333,0.2295982192057125,0.1791044776119403,0.06151055794150432,0.9253731343283582,1.1549019599857433,-0.3626507520675659,1.5175527120533092,-1.5175527120533092
CHEMBL244_Ki,molformer,xgboost,crem_mean,42,trained,37,test,322,326,0.25324789111046714,0.25,0.004330521480622851,0.775,-1.3767507096020994,0.39758622646331787,1.7743369360654173,-1.7743369360654173
CHEMBL244_Ki,molformer,xgboost,crem_mean,42,trained,38,test,356,374,0.17126897571102714,0.13513513513513514,0.04177975316587512,0.9459459459459459,1.1160933293803952,0.07240891456604004,1.0436844148143551,-1.0436844148143551
CHEMBL244_Ki,molformer,xgboost,crem_mean,42,trained,50,test,495,508,0.4378929010043685,0.20634920634920634,0.2917450552655043,0.7142857142857143,2.0,0.16637921333312988,1.8336207866668701,-1.8336207866668701
CHEMBL244_Ki,molformer,xgboost,crem_mean,42,trained,55,test,553,1094,0.1278846153846154,0.06349206349206349,0.06875814863103001,1.0,1.8758877041394824,1.0117985010147095,0.8640892031247729,-0.8640892031247729
CHEMBL244_Ki,molformer,xgboost,crem_mean,42,trained,67,test,642,950,0.509957264957265,0.2631578947368421,0.3349420024420025,0.43859649122807015,1.6398485522173623,0.553523063659668,1.0863254885576943,-1.0863254885576943
CHEMBL244_Ki,molformer,xgboost,crem_mean,42,trained,68,test,645,729,0.3294173851049912,0.3142857142857143,0.02206701994477883,0.45714285714285713,-1.2013971243204518,0.22694921493530273,1.4283463392557545,-1.4283463392557545
CHEMBL244_Ki,molformer,xgboost,crem_mean,42,trained,73,test,781,794,0.2138034188034188,0.20833333333333334,0.0069095816464237346,0.625,1.1171133990963442,0.11844348907470703,0.9986699100216372,-0.9986699100216372
CHEMBL244_Ki,molformer,xgboost,crem_mean,42,trained,74,test,844,865,0.24993686868686865,0.24242424242424243,0.009916666666666612,1.0,-1.284278269569862,-0.30356669425964355,0.9807115753102185,-0.9807115753102185
CHEMBL244_Ki,molformer,xgboost,crem_mean,42,trained,77,test,895,1437,0.4707207207207207,0.05405405405405406,0.44047619047619047,1.0,1.153814864344529,0.19806933403015137,0.9557455303143776,-0.9557455303143776
CHEMBL244_Ki,molformer,xgboost,crem_mean,42,trained,87,test,1033,1246,0.48846854013163143,0.3793103448275862,0.175865981323184,1.0,1.0310342337399678,0.2900888919830322,0.7409453417569356,-0.7409453417569356
CHEMBL244_Ki,molformer,xgboost,crem_mean,42,trained,90,test,1128,1138,0.318831742969674,0.1864406779661017,0.16273068406689092,0.4915254237288136,-1.3367455479305157,-0.24075829982757568,1.09598724810294,-1.09598724810294
CHEMBL244_Ki,molformer,xgboost,crem_mean,42,trained,92,test,1164,1188,0.05361715749039693,0.056338028169014086,-0.002883310719131613,0.9154929577464789,-1.8692317197309762,-0.5333722233772278,1.3358594963537485,-1.3358594963537485
CHEMBL244_Ki,molformer,xgboost,crem_mean,42,trained,93,test,1207,1211,0.23492355877854917,0.26153846153846155,-0.036041014154048014,0.9692307692307692,1.1333392786347307,0.16368484497070312,0.9696544336640276,-0.9696544336640276
CHEMBL244_Ki,molformer,xgboost,crem_mean,42,trained,95,test,1238,1243,0.44570707070707066,0.14285714285714285,0.35332491582491576,0.7402597402597403,1.1760912590556813,0.28185367584228516,0.8942375832133962,-0.8942375832133962
CHEMBL244_Ki,molformer,xgboost,crem_mean,42,trained,100,test,1289,2103,0.6418563881457025,0.4,0.4030939802428374,0.6714285714285714,-1.2678616324113265,-0.26549893990159035,1.0023626925097362,-1.0023626925097362
CHEMBL244_Ki,molformer,xgboost,crem_mean,42,trained,107,test,1363,1364,0.2206862745098039,0.22666666666666666,-0.0077332657200811375,0.76,1.3222192947339193,-0.1574699580669403,1.4796892528008596,-1.4796892528008596
CHEMBL244_Ki,molformer,xgboost,crem_mean,42,trained,108,test,1384,1395,0.5735913982938606,0.3037974683544304,0.3875221902766362,0.5443037974683544,1.0720026614205014,0.7437247633934021,0.3282778980270993,-0.3282778980270993
CHEMBL244_Ki,molformer,xgboost,crem_mean,42,trained,114,test,1531,1535,0.15719696969696967,0.16666666666666666,-0.011363636363636387,0.22916666666666666,1.6690067809585758,0.036253929138183594,1.6327528518203922,-1.6327528518203922
CHEMBL244_Ki,molformer,xgboost,crem_mean,42,trained,116,test,1557,1558,0.35207799965864484,0.3870967741935484,-0.057135895293789984,0.45161290322580644,1.0389180660303703,0.05848073959350586,0.9804373264368644,-0.9804373264368644
CHEMBL244_Ki,molformer,xgboost,crem_mean,42,trained,118,test,1999,2003,0.3434534910746172,0.08860759493670886,0.2796225804846494,0.7468354430379747,-1.3622996524029038,-0.9640875458717346,0.39821210653116923,-0.39821210653116923
CHEMBL244_Ki,molformer,xgboost,crem_mean,42,trained,121,test,1608,1613,0.2599429388037466,0.32926829268292684,-0.10335780032895968,0.8780487804878049,1.1697510810246623,0.08492445945739746,1.0848266215672648,-1.0848266215672648
CHEMBL244_Ki,molformer,xgboost,crem_mean,42,trained,126,test,1776,2055,0.24599884509615233,0.14285714285714285,0.12033198594551105,1.0,1.5854607295085006,0.46740520000457764,1.118055529503923,-1.118055529503923
CHEMBL244_Ki,molformer,xgboost,crem_mean,42,trained,130,test,1816,1841,0.18378050781716196,0.20588235294117646,-0.02783195311912937,1.0,1.373580662812593,-0.5974720120429993,1.9710526748555923,-1.9710526748555923
CHEMBL244_Ki,molformer,xgboost,crem_mean,42,trained,141,test,2360,2396,0.34770204516560316,0.3150684931506849,0.04764498594178063,0.726027397260274,1.6283889300503116,0.03927820920944214,1.5891107208408695,-1.5891107208408695
CHEMBL244_Ki,molformer,xgboost,crem_mean,42,trained,148,test,2116,2120,0.13703546484921753,0.18181818181818182,-0.05473443185095637,1.0,-2.0,-0.0731276273727417,1.9268723726272583,-1.9268723726272583
CHEMBL244_Ki,molformer,xgboost,crem_mean,42,trained,149,test,2193,2201,0.30071167938814997,0.15492957746478872,0.1725088206093108,0.8028169014084507,-1.501595024102863,0.7760345935821533,2.277629617685016,-2.277629617685016
CHEMBL244_Ki,molformer,xgboost,crem_mean,42,trained,153,test,2149,2153,0.4463257335276352,0.5068493150684932,-0.1227283736800731,0.8767123287671232,-2.5900951992983194,0.04022479057312012,2.6303199898714396,-2.6303199898714396
CHEMBL244_Ki,molformer,xgboost,crem_mean,42,trained,155,test,2204,2205,0.4219203940549697,0.2112676056338028,0.2670776424625509,0.9014084507042254,1.0239121574054106,-0.28532397747039795,1.3092361348758086,-1.3092361348758086
CHEMBL244_Ki,molformer,xgboost,crem_mean,42,trained,157,test,2209,2218,0.17291139633367564,0.22857142857142856,-0.07215189364153157,1.0,-1.2662678894047694,-0.4087303578853607,0.8575375315194087,-0.8575375315194087
CHEMBL244_Ki,molformer,xgboost,crem_mean,42,trained,159,test,2217,2223,0.46471864342554,0.2702702702702703,0.2664662891387029,0.918918918918919,-1.2218487496163564,-0.1055559366941452,1.1162928129222112,-1.1162928129222112
CHEMBL244_Ki,molformer,xgboost,crem_mean,42,trained,162,test,2257,2258,0.12037037037037038,0.05084745762711865,0.0732473544973545,0.7966101694915254,-2.6989700043360187,-0.2825007438659668,2.416469260470052,-2.416469260470052
CHEMBL244_Ki,molformer,xgboost,crem_mean,42,trained,163,test,2262,2265,0.43427537917638287,0.4117647058823529,0.03826814459985091,0.8823529411764706,-1.4771212547196626,0.21377801895141602,1.6908992736710786,-1.6908992736710786
CHEMBL244_Ki,molformer,xgboost,crem_mean,42,trained,164,test,2288,2854,0.2551790646711516,0.2345679012345679,0.02692748771553677,1.0,-1.1890562362200492,-0.18947052955627441,0.9995857066637748,-0.9995857066637748
CHEMBL244_Ki,molformer,xgboost,crem_mean,42,trained,168,test,2363,2398,0.5873072926469666,0.22857142857142856,0.4650279719497715,0.7142857142857143,1.786120180054919,1.0085475742816925,0.7775726057732264,-0.7775726057732264
CHEMBL244_Ki,molformer,xgboost,crem_mean,42,trained,169,test,2372,2385,0.4240091009812501,0.2537313432835821,0.22817219531487515,0.7014925373134329,-1.4637572931616807,-0.43312013149261475,1.030637161669066,-1.030637161669066
CHEMBL244_Ki,molformer,xgboost,crem_mean,42,trained,171,test,2438,2446,0.14785059626215602,0.14705882352941177,0.0009282852728725693,0.9264705882352942,1.5006023505691857,0.2441573143005371,1.2564450362686486,-1.2564450362686486
CHEMBL244_Ki,molformer,xgboost,crem_mean,42,trained,172,test,2461,2462,0.07124465760467882,0.06779661016949153,0.0036988145213827386,0.8983050847457628,1.3679767852945945,0.42333346605300903,0.9446433192415855,-0.9446433192415855
CHEMBL244_Ki,molformer,xgboost,crem_mean,42,trained,173,test,2475,2476,0.05115158586120473,0.047619047619047616,0.0037091651542649714,0.7619047619047619,-1.510545010206612,-0.5906563997268677,0.9198886104797444,-0.9198886104797444
CHEMBL244_Ki,molformer,xgboost,crem_mean,42,trained,175,test,2479,2499,0.4460532141923844,0.29508196721311475,0.21416851315663837,0.7049180327868853,1.0543576623225928,0.7019362449645996,0.35242141735799315,-0.35242141735799315
CHEMBL244_Ki,molformer,xgboost,crem_mean,42,trained,182,test,2632,2633,0.3435908319185059,0.3225806451612903,0.031015037593984943,0.3064516129032258,-1.2218487496163566,-0.46623343229293823,0.7556153173234184,-0.7556153173234184
CHEMBL244_Ki,molformer,xgboost,crem_mean,42,trained,183,test,2639,2642,0.18657635467980294,0.21428571428571427,-0.035266457680250794,0.5357142857142857,1.1249387366083,0.47818969190120697,0.6467490447070929,-0.6467490447070929
CHEMBL244_Ki,molformer,xgboost,crem_mean,42,trained,189,test,2710,2712,0.22043969102792632,0.1717171717171717,0.05882352941176471,0.494949494949495,1.1807047638610455,-1.168141484260559,2.3488462481216046,-2.3488462481216046
CHEMBL244_Ki,molformer,xgboost,crem_mean,42,trained,194,test,2836,2838,0.3076923076923077,0.05970149253731343,0.26373626373626374,1.0,-1.5454822249613125,-0.283017635345459,1.2624645896158535,-1.2624645896158535
CHEMBL244_Ki,molformer,xgboost,crem_mean,42,trained,200,test,3010,3013,0.29861548598402876,0.2127659574468085,0.10905210381755004,1.0,-1.5740312677277188,-0.305448055267334,1.2685832124603849,-1.2685832124603849
CHEMBL244_Ki,molformer,xgboost,crem_mean,42,trained,202,test,3034,3036,0.38342567589484094,0.1935483870967742,0.2354478381096028,0.5806451612903226,1.7861201800549193,0.3396131992340088,1.4465069808209106,-1.4465069808209106
CHEMBL244_Ki,molformer,xgboost,crem_lime,42,trained,2,test,556,560,0.22805302042590175,0.13559322033898305,0.1069632981397687,0.6949152542372882,-1.6922366216770504,-0.17021703720092773,1.5220195844761226,-1.5220195844761226
CHEMBL244_Ki,molformer,xgboost,crem_lime,42,trained,3,test,13,78,0.07312021708399978,0.08333333333333333,-0.011141581362909325,1.0,1.0910804693473326,-0.15764987468719482,1.2487303440345274,-1.2487303440345274
CHEMBL244_Ki,molformer,xgboost,crem_lime,42,trained,6,test,2271,2300,0.3717390331925647,0.2602739726027397,0.15068424857513374,1.0,-1.463110540276848,-0.08749890327453613,1.375611637002312,-1.375611637002312
CHEMBL244_Ki,molformer,xgboost,crem_lime,42,trained,25,test,261,264,0.22516972013255573,0.26666666666666666,-0.056586745273787625,1.0,-1.6989700043360187,0.23577380180358887,1.9347438061396076,-1.9347438061396076
CHEMBL244_Ki,molformer,xgboost,crem_lime,42,trained,32,test,287,288,0.4202340903159828,0.4444444444444444,-0.043578637431230915,1.0,1.9999999999999996,1.058577299118042,0.9414227008819576,-0.9414227008819576
CHEMBL244_Ki,molformer,xgboost,crem_lime,42,trained,35,test,312,335,0.14494505494505494,0.05263157894736842,0.09744200244200243,1.0,1.4409090820652177,0.24467158317565918,1.1962374988895585,-1.1962374988895585
CHEMBL244_Ki,molformer,xgboost,crem_lime,42,trained,36,test,314,333,0.293268141591948,0.1791044776119403,0.1390720997574639,1.0,1.1549019599857433,-0.3626507520675659,1.5175527120533092,-1.5175527120533092
CHEMBL244_Ki,molformer,xgboost,crem_lime,42,trained,37,test,322,326,0.18559354680796092,0.25,-0.08587527092271878,1.0,-1.3767507096020994,0.39758622646331787,1.7743369360654173,-1.7743369360654173
CHEMBL244_Ki,molformer,xgboost,crem_lime,42,trained,38,test,356,374,0.6659180035650624,0.13513513513513514,0.6137176916221032,1.0,1.1160933293803952,0.07240891456604004,1.0436844148143551,-1.0436844148143551
CHEMBL244_Ki,molformer,xgboost,crem_lime,42,trained,50,test,495,508,0.3647845501148177,0.20634920634920634,0.1996285331446703,1.0,2.0,0.16637921333312988,1.8336207866668701,-1.8336207866668701
CHEMBL244_Ki,molformer,xgboost,crem_lime,42,trained,55,test,553,1094,0.1723155929038282,0.06349206349206349,0.11620139581256231,1.0,1.8758877041394824,1.0117985010147095,0.8640892031247729,-0.8640892031247729
CHEMBL244_Ki,molformer,xgboost,crem_lime,42,trained,67,test,642,950,0.2416474710283951,0.2631578947368421,-0.029192717890035205,0.9298245614035088,1.6398485522173623,0.553523063659668,1.0863254885576943,-1.0863254885576943
CHEMBL244_Ki,molformer,xgboost,crem_lime,42,trained,68,test,645,729,0.27195777421429723,0.3142857142857143,-0.061728245937483196,0.9714285714285714,-1.2013971243204518,0.22694921493530273,1.4283463392557545,-1.4283463392557545
CHEMBL244_Ki,molformer,xgboost,crem_lime,42,trained,73,test,781,794,0.15339832881916857,0.20833333333333334,-0.0693915846494713,0.9583333333333334,1.1171133990963442,0.11844348907470703,0.9986699100216372,-0.9986699100216372
CHEMBL244_Ki,molformer,xgboost,crem_lime,42,trained,74,test,844,865,0.48212182593260633,0.24242424242424243,0.31640081023104033,1.0,-1.284278269569862,-0.30356669425964355,0.9807115753102185,-0.9807115753102185
CHEMBL244_Ki,molformer,xgboost,crem_lime,42,trained,77,test,895,1437,0.75,0.05405405405405406,0.7357142857142858,1.0,1.153814864344529,0.19806933403015137,0.9557455303143776,-0.9557455303143776
CHEMBL244_Ki,molformer,xgboost,crem_lime,42,trained,87,test,1033,1246,0.37060612393279324,0.3793103448275862,-0.014023466997166414,1.0,1.0310342337399678,0.2900888919830322,0.7409453417569356,-0.7409453417569356
CHEMBL244_Ki,molformer,xgboost,crem_lime,42,trained,90,test,1128,1138,0.131320252244726,0.1864406779661017,-0.06775218994919097,1.0,-1.3367455479305157,-0.24075829982757568,1.09598724810294,-1.09598724810294
CHEMBL244_Ki,molformer,xgboost,crem_lime,42,trained,92,test,1164,1188,0.08959510085761477,0.056338028169014086,0.03524256956553207,1.0,-1.8692317197309762,-0.5333722233772278,1.3358594963537485,-1.3358594963537485
CHEMBL244_Ki,molformer,xgboost,crem_lime,42,trained,93,test,1207,1211,0.38032308016597643,0.26153846153846155,0.16085417105809305,1.0,1.1333392786347307,0.16368484497070312,0.9696544336640276,-0.9696544336640276
CHEMBL244_Ki,molformer,xgboost,crem_lime,42,trained,95,test,1238,1243,0.14964252773400075,0.14285714285714285,0.007916282356334212,0.974025974025974,1.1760912590556813,0.28185367584228516,0.8942375832133962,-0.8942375832133962
CHEMBL244_Ki,molformer,xgboost,crem_lime,42,trained,100,test,1289,2103,0.4696390317391306,0.4,0.11606505289855093,1.0,-1.2678616324113265,-0.26549893990159035,1.0023626925097362,-1.0023626925097362
CHEMBL244_Ki,molformer,xgboost,crem_lime,42,trained,107,test,1363,1364,0.4771011994541406,0.22666666666666666,0.32383775791483704,0.88,1.3222192947339193,-0.1574699580669403,1.4796892528008596,-1.4796892528008596
CHEMBL244_Ki,molformer,xgboost,crem_lime,42,trained,108,test,1384,1395,0.44735562964483755,0.3037974683544304,0.20620172258076666,0.8860759493670886,1.0720026614205014,0.7437247633934021,0.3282778980270993,-0.3282778980270993
CHEMBL244_Ki,molformer,xgboost,crem_lime,42,trained,114,test,1531,1535,0.46124765732235246,0.16666666666666666,0.3534971887868229,1.0,1.6690067809585758,0.036253929138183594,1.6327528518203922,-1.6327528518203922
CHEMBL244_Ki,molformer,xgboost,crem_lime,42,trained,116,test,1557,1558,0.42659001597373564,0.3870967741935484,0.06443634185188447,1.0,1.0389180660303703,0.05848073959350586,0.9804373264368644,-0.9804373264368644
CHEMBL244_Ki,molformer,xgboost,crem_lime,42,trained,118,test,1999,2003,0.17947068992213275,0.08860759493670886,0.09969700699789566,1.0,-1.3622996524029038,-0.9640875458717346,0.39821210653116923,-0.39821210653116923
CHEMBL244_Ki,molformer,xgboost,crem_lime,42,trained,121,test,1608,1613,0.26046528500728117,0.32926829268292684,-0.1025790296255081,0.9634146341463414,1.1697510810246623,0.08492445945739746,1.0848266215672648,-1.0848266215672648
CHEMBL244_Ki,molformer,xgboost,crem_lime,42,trained,126,test,1776,2055,0.3024241705791628,0.14285714285714285,0.18616153234235663,1.0,1.5854607295085006,0.46740520000457764,1.118055529503923,-1.118055529503923
CHEMBL244_Ki,molformer,xgboost,crem_lime,42,trained,130,test,1816,1841,0.15014178114464705,0.20588235294117646,-0.07019183115118519,1.0,1.373580662812593,-0.5974720120429993,1.9710526748555923,-1.9710526748555923
CHEMBL244_Ki,molformer,xgboost,crem_lime,42,trained,141,test,2360,2396,0.2828351087730586,0.3150684931506849,-0.04706074119133439,1.0,1.6283889300503116,0.03927820920944214,1.5891107208408695,-1.5891107208408695
CHEMBL244_Ki,molformer,xgboost,crem_lime,42,trained,148,test,2116,2120,0.11916038278170632,0.18181818181818182,-0.07658175437791451,1.0,-2.0,-0.0731276273727417,1.9268723726272583,-1.9268723726272583
CHEMBL244_Ki,molformer,xgboost,crem_lime,42,trained,149,test,2193,2201,0.6986244019138755,0.15492957746478872,0.6433722089314193,1.0,-1.501595024102863,0.7760345935821533,2.277629617685016,-2.277629617685016
CHEMBL244_Ki,molformer,xgboost,crem_lime,42,trained,153,test,2149,2153,0.4616840408098708,0.5068493150684932,-0.09158513946887316,1.0,-2.5900951992983194,0.04022479057312012,2.6303199898714396,-2.6303199898714396
CHEMBL244_Ki,molformer,xgboost,crem_lime,42,trained,155,test,2204,2205,0.2879410532329954,0.2112676056338028,0.09721097820611917,1.0,1.0239121574054106,-0.28532397747039795,1.3092361348758086,-1.3092361348758086
CHEMBL244_Ki,molformer,xgboost,crem_lime,42,trained,157,test,2209,2218,0.1436851049494972,0.22857142857142856,-0.11003782691731842,1.0,-1.2662678894047694,-0.4087303578853607,0.8575375315194087,-0.8575375315194087
CHEMBL244_Ki,molformer,xgboost,crem_lime,42,trained,159,test,2217,2223,0.1825643566290821,0.2702702702702703,-0.12018958536014678,1.0,-1.2218487496163564,-0.1055559366941452,1.1162928129222112,-1.1162928129222112
CHEMBL244_Ki,molformer,xgboost,crem_lime,42,trained,162,test,2257,2258,0.10432482171612606,0.05084745762711865,0.05634222287948995,1.0,-2.6989700043360187,-0.2825007438659668,2.416469260470052,-2.416469260470052
CHEMBL244_Ki,molformer,xgboost,crem_lime,42,trained,163,test,2262,2265,0.5433472923556593,0.4117647058823529,0.22369039700462076,1.0,-1.4771212547196626,0.21377801895141602,1.6908992736710786,-1.6908992736710786
CHEMBL244_Ki,molformer,xgboost,crem_lime,42,trained,164,test,2288,2854,0.3561880710549701,0.2345679012345679,0.15889086702342867,1.0,-1.1890562362200492,-0.18947052955627441,0.9995857066637748,-0.9995857066637748
CHEMBL244_Ki,molformer,xgboost,crem_lime,42,trained,168,test,2363,2398,0.5294587749872677,0.22857142857142856,0.39003915276127293,1.0,1.786120180054919,1.0085475742816925,0.7775726057732264,-0.7775726057732264
CHEMBL244_Ki,molformer,xgboost,crem_lime,42,trained,169,test,2372,2385,0.6420205925545405,0.2537313432835821,0.5203075940230842,1.0,-1.4637572931616807,-0.43312013149261475,1.030637161669066,-1.030637161669066
CHEMBL244_Ki,molformer,xgboost,crem_lime,42,trained,171,test,2438,2446,0.24479896803813547,0.14705882352941177,0.11459189356195193,1.0,1.5006023505691857,0.2441573143005371,1.2564450362686486,-1.2564450362686486
CHEMBL244_Ki,molformer,xgboost,crem_lime,42,trained,172,test,2461,2462,0.17261904761904762,0.06779661016949153,0.11244588744588745,1.0,1.3679767852945945,0.42333346605300903,0.9446433192415855,-0.9446433192415855
CHEMBL244_Ki,molformer,xgboost,crem_lime,42,trained,173,test,2475,2476,0.059192440250096984,0.047619047619047616,0.012152062262601836,1.0,-1.510545010206612,-0.5906563997268677,0.9198886104797444,-0.9198886104797444
CHEMBL244_Ki,molformer,xgboost,crem_lime,42,trained,175,test,2479,2499,0.46233046694374746,0.29508196721311475,0.23725949961787432,1.0,1.0543576623225928,0.7019362449645996,0.35242141735799315,-0.35242141735799315
CHEMBL244_Ki,molformer,xgboost,crem_lime,42,trained,182,test,2632,2633,0.8670760229544237,0.3225806451612903,0.8037788910279587,1.0,-1.2218487496163566,-0.46623343229293823,0.7556153173234184,-0.7556153173234184
CHEMBL244_Ki,molformer,xgboost,crem_lime,42,trained,183,test,2639,2642,0.16503416554559946,0.21428571428571427,-0.06268378930560067,0.7857142857142857,1.1249387366083,0.47818969190120697,0.6467490447070929,-0.6467490447070929
CHEMBL244_Ki,molformer,xgboost,crem_lime,42,trained,189,test,2710,2712,0.5353535353535354,0.1717171717171717,0.43902439024390244,0.8585858585858586,1.1807047638610455,-1.168141484260559,2.3488462481216046,-2.3488462481216046
CHEMBL244_Ki,molformer,xgboost,crem_lime,42,trained,194,test,2836,2838,0.06755009617912844,0.05970149253731343,0.008346927682565165,1.0,-1.5454822249613125,-0.283017635345459,1.2624645896158535,-1.2624645896158535
CHEMBL244_Ki,molformer,xgboost,crem_lime,42,trained,200,test,3010,3013,0.21485311530307594,0.2127659574468085,0.002651254574177539,1.0,-1.5740312677277188,-0.305448055267334,1.2685832124603849,-1.2685832124603849
CHEMBL244_Ki,molformer,xgboost,crem_lime,42,trained,202,test,3034,3036,0.8733645983645983,0.1935483870967742,0.8429721019721019,0.967741935483871,1.7861201800549193,0.3396131992340088,1.4465069808209106,-1.4465069808209106
CHEMBL244_Ki,molformer,xgboost,crem_mean,42,label_permuted,2,test,556,560,0.2718960124248108,0.13559322033898305,0.157683622216938,1.0,-1.6922366216770504,0.007781624794006348,1.7000182464710567,-1.7000182464710567
CHEMBL244_Ki,molformer,xgboost,crem_mean,42,label_permuted,3,test,13,78,0.2951127819548872,0.08333333333333333,0.2310321257689679,0.5476190476190477,1.0910804693473326,0.05707550048828125,1.0340049688590514,-1.0340049688590514
CHEMBL244_Ki,molformer,xgboost,crem_mean,42,label_permuted,6,test,2271,2300,0.23912487903898957,0.2602739726027397,-0.0285904412991437,1.0,-1.463110540276848,0.04612421989440918,1.5092347601712572,-1.5092347601712572
CHEMBL244_Ki,molformer,xgboost,crem_mean,42,label_permuted,25,test,261,264,0.2461309523809524,0.26666666666666666,-0.028003246753246728,0.25,-1.6989700043360187,0.0,1.6989700043360187,-1.6989700043360187
CHEMBL244_Ki,molformer,xgboost,crem_mean,42,label_permuted,32,test,287,288,0.4472222222222222,0.4444444444444444,0.004999999999999982,0.24444444444444444,1.9999999999999996,0.20790553092956543,1.7920944690704341,-1.7920944690704341
CHEMBL244_Ki,molformer,xgboost,crem_mean,42,label_permuted,35,test,312,335,0.04410331384015594,0.05263157894736842,-0.009002057613168723,0.9342105263157895,1.4409090820652177,0.0,1.4409090820652177,-1.4409090820652177
CHEMBL244_Ki,molformer,xgboost,crem_mean,42,label_permuted,36,test,314,333,0.18302428498281037,0.1791044776119403,0.0047750380699690086,0.9253731343283582,1.1549019599857433,-0.11425316333770752,1.2691551233234508,-1.2691551233234508
CHEMBL244_Ki,molformer,xgboost,crem_mean,42,label_permuted,37,test,322,326,0.22025096525096524,0.25,-0.039665379665379676,0.775,-1.3767507096020994,0.0,1.3767507096020994,-1.3767507096020994
CHEMBL244_Ki,molformer,xgboost,crem_mean,42,label_permuted,38,test,356,374,0.10832721112302775,0.13513513513513514,-0.030996662138999174,0.9459459459459459,1.1160933293803952,-0.061258673667907715,1.177352003048303,-1.177352003048303
CHEMBL244_Ki,molformer,xgboost,crem_mean,42,label_permuted,50,test,495,508,0.2797735766620447,0.20634920634920634,0.09251470659417635,0.7142857142857143,2.0,-0.07918524742126465,2.0791852474212646,-2.0791852474212646
CHEMBL244_Ki,molformer,xgboost,crem_mean,42,label_permuted,55,test,553,1094,0.0678125,0.06349206349206349,0.00461334745762712,1.0,1.8758877041394824,-0.05744028091430664,1.933327985053789,-1.933327985053789
CHEMBL244_Ki,molformer,xgboost,crem_mean,42,label_permuted,67,test,642,950,0.8101850548831974,0.2631578947368421,0.7423940030557677,0.43859649122807015,1.6398485522173623,0.0,1.6398485522173623,-1.6398485522173623
CHEMBL244_Ki,molformer,xgboost,crem_mean,42,label_permuted,68,test,645,729,0.30517496086256696,0.3142857142857143,-0.013286515408756512,0.45714285714285713,-1.2013971243204518,0.0,1.2013971243204518,-1.2013971243204518
CHEMBL244_Ki,molformer,xgboost,crem_mean,42,label_permuted,73,test,781,794,0.2553904428904429,0.20833333333333334,0.05944055944055942,0.625,1.1171133990963442,-0.04279756546020508,1.1599109645565493,-1.1599109645565493
CHEMBL244_Ki,molformer,xgboost,crem_mean,42,label_permuted,74,test,844,865,0.19968556810814353,0.24242424242424243,-0.05641505009725055,1.0,-1.284278269569862,0.0,1.284278269569862,-1.284278269569862
CHEMBL244_Ki,molformer,xgboost,crem_mean,42,label_permuted,77,test,895,1437,0.05707671957671957,0.05405405405405406,0.003195389266817831,1.0,1.153814864344529,0.0,1.153814864344529,-1.153814864344529
CHEMBL244_Ki,molformer,xgboost,crem_mean,42,label_permuted,87,test,1033,1246,0.38659664088337664,0.3793103448275862,0.011739032534329064,1.0,1.0310342337399678,0.050428152084350586,0.9806060816556172,-0.9806060816556172
CHEMBL244_Ki,molformer,xgboost,crem_mean,42,label_permuted,90,test,1128,1138,0.38292374441039484,0.1864406779661017,0.24151043583777698,0.4915254237288136,-1.3367455479305157,0.0,1.3367455479305157,-1.3367455479305157
CHEMBL244_Ki,molformer,xgboost,crem_mean,42,label_permuted,92,test,1164,1188,0.05415828303152247,0.056338028169014086,-0.0023098791755508203,0.9154929577464789,-1.8692317197309762,0.07156240940093994,1.9407941291319162,-1.9407941291319162
CHEMBL244_Ki,molformer,xgboost,crem_mean,42,label_permuted,93,test,1207,1211,0.2580149068615489,0.26153846153846155,-0.004771480291652583,0.9692307692307692,1.1333392786347307,0.0,1.1333392786347307,-1.1333392786347307
CHEMBL244_Ki,molformer,xgboost,crem_mean,42,label_permuted,95,test,1238,1243,0.23847566574839302,0.14285714285714285,0.11155494337312519,0.7402597402597403,1.1760912590556813,-0.041161417961120605,1.217252677016802,-1.217252677016802
CHEMBL244_Ki,molformer,xgboost,crem_mean,42,label_permuted,100,test,1289,2103,0.6668127498571202,0.4,0.4446879164285337,0.6714285714285714,-1.2678616324113265,-0.061804890632629395,1.2060567417786972,-1.2060567417786972
CHEMBL244_Ki,molformer,xgboost,crem_mean,42,label_permuted,107,test,1363,1364,0.21543417366946777,0.22666666666666666,-0.014524775427412357,0.76,1.3222192947339193,0.062256455421447754,1.2599628393124715,-1.2599628393124715
CHEMBL244_Ki,molformer,xgboost,crem_mean,42,label_permuted,108,test,1384,1395,0.5247009232270368,0.3037974683544304,0.3172976897261074,0.5443037974683544,1.0720026614205014,0.0,1.0720026614205014,-1.0720026614205014
CHEMBL244_Ki,molformer,xgboost,crem_mean,42,label_permuted,114,test,1531,1535,0.16666666666666666,0.16666666666666666,0.0,0.22916666666666666,1.6690067809585758,0.0,1.6690067809585758,-1.6690067809585758
CHEMBL244_Ki,molformer,xgboost,crem_mean,42,label_permuted,116,test,1557,1558,0.34958681800079644,0.3870967741935484,-0.06120045484080579,0.45161290322580644,1.0389180660303703,-0.04067850112915039,1.0795965671595207,-1.0795965671595207
CHEMBL244_Ki,molformer,xgboost,crem_mean,42,label_permuted,118,test,1999,2003,0.07149376439207797,0.08860759493670886,-0.01877767518091445,0.7468354430379747,-1.3622996524029038,0.0839318037033081,1.446231456106212,-1.446231456106212
CHEMBL244_Ki,molformer,xgboost,crem_mean,42,label_permuted,121,test,1608,1613,0.3244688513418398,0.32926829268292684,-0.007155530726711622,0.8780487804878049,1.1697510810246623,0.03896832466125488,1.1307827563634074,-1.1307827563634074
CHEMBL244_Ki,molformer,xgboost,crem_mean,42,label_permuted,126,test,1776,2055,0.11489535330261136,0.14285714285714285,-0.03262208781362007,1.0,1.5854607295085006,0.019347071647644043,1.5661136578608565,-1.5661136578608565
CHEMBL244_Ki,molformer,xgboost,crem_mean,42,label_permuted,130,test,1816,1841,0.23121966535141827,0.20588235294117646,0.031906245257341544,1.0,1.373580662812593,0.09718072414398193,1.2763999386686111,-1.2763999386686111
CHEMBL244_Ki,molformer,xgboost,crem_mean,42,label_permuted,141,test,2360,2396,0.4390719249073172,0.3150684931506849,0.18104501036468315,0.726027397260274,1.6283889300503116,0.0359494686126709,1.5924394614376407,-1.5924394614376407
CHEMBL244_Ki,molformer,xgboost,crem_mean,42,label_permuted,148,test,2116,2120,0.16838687628161314,0.18181818181818182,-0.016416040100250613,1.0,-2.0,0.0,2.0,-2.0
CHEMBL244_Ki,molformer,xgboost,crem_mean,42,label_permuted,149,test,2193,2201,0.4772407170294495,0.15492957746478872,0.3814015151515152,0.8028169014084507,-1.501595024102863,0.0,1.501595024102863,-1.501595024102863
CHEMBL244_Ki,molformer,xgboost,crem_mean,42,label_permuted,153,test,2149,2153,0.6726251349539021,0.5068493150684932,0.33615652365652365,0.8767123287671232,-2.5900951992983194,0.0,2.5900951992983194,-2.5900951992983194
CHEMBL244_Ki,molformer,xgboost,crem_mean,42,label_permuted,155,test,2204,2205,0.2111183729021843,0.2112676056338028,-0.00018920578473061712,0.9014084507042254,1.0239121574054106,0.13162386417388916,0.8922882932315215,-0.8922882932315215
CHEMBL244_Ki,molformer,xgboost,crem_mean,42,label_permuted,157,test,2209,2218,0.22846353215199125,0.22857142857142856,-0.0001398657289002224,1.0,-1.2662678894047694,0.027367353439331055,1.2936352428441005,-1.2936352428441005
CHEMBL244_Ki,molformer,xgboost,crem_mean,42,label_permuted,159,test,2217,2223,0.4681731011299184,0.2702702702702703,0.2712001756224807,0.918918918918919,-1.2218487496163564,-0.09383118152618408,1.1280175680901723,-1.1280175680901723
CHEMBL244_Ki,molformer,xgboost,crem_mean,42,label_permuted,162,test,2257,2258,0.11365369946605644,0.05084745762711865,0.06617086193745232,0.7966101694915254,-2.6989700043360187,-0.06050848960876465,2.638461514727254,-2.638461514727254
CHEMBL244_Ki,molformer,xgboost,crem_mean,42,label_permuted,163,test,2262,2265,0.4065475095456539,0.4117647058823529,-0.008869233772388362,0.8823529411764706,-1.4771212547196626,0.0854182243347168,1.5625394790543794,-1.5625394790543794
CHEMBL244_Ki,molformer,xgboost,crem_mean,42,label_permuted,164,test,2288,2854,0.3209810300134902,0.2345679012345679,0.11289457146923722,1.0,-1.1890562362200492,-0.11607921123504639,1.0729770249850028,-1.0729770249850028
CHEMBL244_Ki,molformer,xgboost,crem_mean,42,label_permuted,168,test,2363,2398,0.5258289761313955,0.22857142857142856,0.38533385794810526,0.7142857142857143,1.786120180054919,-0.044896483421325684,1.8310166634762446,-1.8310166634762446
CHEMBL244_Ki,molformer,xgboost,crem_mean,42,label_permuted,169,test,2372,2385,0.5572904791299339,0.2537313432835821,0.40676924203411147,0.7014925373134329,-1.4637572931616807,-0.044896483421325684,1.418860809740355,-1.418860809740355
CHEMBL244_Ki,molformer,xgboost,crem_mean,42,label_permuted,171,test,2438,2446,0.16391097758985898,0.14705882352941177,0.019757697863972593,0.9264705882352942,1.5006023505691857,0.15008032321929932,1.3505220273498864,-1.3505220273498864
CHEMBL244_Ki,molformer,xgboost,crem_mean,42,label_permuted,172,test,2461,2462,0.2070378151260504,0.06779661016949153,0.14936783804430864,0.8983050847457628,1.3679767852945945,0.011139631271362305,1.3568371540232322,-1.3568371540232322
CHEMBL244_Ki,molformer,xgboost,crem_mean,42,label_permuted,173,test,2475,2476,0.04237965603664333,0.047619047619047616,-0.005501361161524502,0.7619047619047619,-1.510545010206612,0.015612006187438965,1.526157016394051,-1.526157016394051
CHEMBL244_Ki,molformer,xgboost,crem_mean,42,label_permuted,175,test,2479,2499,0.6229775300189648,0.29508196721311475,0.4651541704920199,0.7049180327868853,1.0543576623225928,0.0,1.0543576623225928,-1.0543576623225928
CHEMBL244_Ki,molformer,xgboost,crem_mean,42,label_permuted,182,test,2632,2633,0.3196658233185748,0.3225806451612903,-0.004302832244008625,0.3064516129032258,-1.2218487496163566,0.0,1.2218487496163566,-1.2218487496163566
CHEMBL244_Ki,molformer,xgboost,crem_mean,42,label_permuted,183,test,2639,2642,0.2184065934065934,0.21428571428571427,0.0052447552447552614,0.5357142857142857,1.1249387366083,0.0,1.1249387366083,-1.1249387366083
CHEMBL244_Ki,molformer,xgboost,crem_mean,42,label_permuted,189,test,2710,2712,0.22043969102792632,0.1717171717171717,0.05882352941176471,0.494949494949495,1.1807047638610455,0.15107309818267822,1.0296316656783673,-1.0296316656783673
CHEMBL244_Ki,molformer,xgboost,crem_mean,42,label_permuted,194,test,2836,2838,0.5,0.05970149253731343,0.4682539682539682,1.0,-1.5454822249613125,-0.045490145683288574,1.499992079278024,-1.499992079278024
CHEMBL244_Ki,molformer,xgboost,crem_mean,42,label_permuted,200,test,3010,3013,0.25306680771769824,0.2127659574468085,0.05119297196572479,1.0,-1.5740312677277188,0.0359494686126709,1.6099807363403897,-1.6099807363403897
CHEMBL244_Ki,molformer,xgboost,crem_mean,42,label_permuted,202,test,3034,3036,0.38030502680324946,0.1935483870967742,0.23157823323602936,0.5806451612903226,1.7861201800549193,0.0,1.7861201800549193,-1.7861201800549193
CHEMBL244_Ki,molformer,xgboost,crem_lime,42,label_permuted,2,test,556,560,0.1362760697779834,0.13559322033898305,0.0007899630764906001,0.6949152542372882,-1.6922366216770504,0.007781624794006348,1.7000182464710567,-1.7000182464710567
CHEMBL244_Ki,molformer,xgboost,crem_lime,42,label_permuted,3,test,13,78,0.14668848901567794,0.08333333333333333,0.06911471528983049,1.0,1.0910804693473326,0.05707550048828125,1.0340049688590514,-1.0340049688590514
CHEMBL244_Ki,molformer,xgboost,crem_lime,42,label_permuted,6,test,2271,2300,0.2235487343420497,0.2602739726027397,-0.04964708135241428,1.0,-1.463110540276848,0.04612421989440918,1.5092347601712572,-1.5092347601712572
CHEMBL244_Ki,molformer,xgboost,crem_lime,42,label_permuted,25,test,261,264,0.1859146639159908,0.26666666666666666,-0.11011636738728527,1.0,-1.6989700043360187,0.0,1.6989700043360187,-1.6989700043360187
CHEMBL244_Ki,molformer,xgboost,crem_lime,42,label_permuted,32,test,287,288,0.32671051070619433,0.4444444444444444,-0.21192108072885013,1.0,1.9999999999999996,0.20790553092956543,1.7920944690704341,-1.7920944690704341
CHEMBL244_Ki,molformer,xgboost,crem_lime,42,label_permuted,35,test,312,335,0.034578084406851534,0.05263157894736842,-0.019056466459434488,1.0,1.4409090820652177,0.0,1.4409090820652177,-1.4409090820652177
CHEMBL244_Ki,molformer,xgboost,crem_lime,42,label_permuted,36,test,314,333,0.6983789129686964,0.1791044776119403,0.6325706757982301,1.0,1.1549019599857433,-0.11425316333770752,1.2691551233234508,-1.2691551233234508
CHEMBL244_Ki,molformer,xgboost,crem_lime,42,label_permuted,37,test,322,326,0.20661368472093347,0.25,-0.057848420372088705,1.0,-1.3767507096020994,0.0,1.3767507096020994,-1.3767507096020994
CHEMBL244_Ki,molformer,xgboost,crem_lime,42,label_permuted,38,test,356,374,0.469473311503672,0.13513513513513514,0.38657851642612073,1.0,1.1160933293803952,-0.061258673667907715,1.177352003048303,-1.177352003048303
CHEMBL244_Ki,molformer,xgboost,crem_lime,42,label_permuted,50,test,495,508,0.15427596783297404,0.20634920634920634,-0.06561228053045269,1.0,2.0,-0.07918524742126465,2.0791852474212646,-2.0791852474212646
CHEMBL244_Ki,molformer,xgboost,crem_lime,42,label_permuted,55,test,553,1094,0.11731565535913362,0.06349206349206349,0.0574726489428037,1.0,1.8758877041394824,-0.05744028091430664,1.933327985053789,-1.933327985053789
CHEMBL244_Ki,molformer,xgboost,crem_lime,42,label_permuted,67,test,642,950,0.9408333333333332,0.2631578947368421,0.9197023809523808,0.9298245614035088,1.6398485522173623,0.0,1.6398485522173623,-1.6398485522173623
CHEMBL244_Ki,molformer,xgboost,crem_lime,42,label_permuted,68,test,645,729,0.3696311672595192,0.3142857142857143,0.0807121189201322,0.9714285714285714,-1.2013971243204518,0.0,1.2013971243204518,-1.2013971243204518
CHEMBL244_Ki,molformer,xgboost,crem_lime,42,label_permuted,73,test,781,794,0.18140612737713258,0.20833333333333334,-0.034013312786779916,0.9583333333333334,1.1171133990963442,-0.04279756546020508,1.1599109645565493,-1.1599109645565493
CHEMBL244_Ki,molformer,xgboost,crem_lime,42,label_permuted,74,test,844,865,0.1443870185813049,0.24242424242424243,-0.12940913547267754,1.0,-1.284278269569862,0.0,1.284278269569862,-1.284278269569862
CHEMBL244_Ki,molformer,xgboost,crem_lime,42,label_permuted,77,test,895,1437,0.037785985814725684,0.05405405405405406,-0.017197672138718565,1.0,1.153814864344529,0.0,1.153814864344529,-1.153814864344529
CHEMBL244_Ki,molformer,xgboost,crem_lime,42,label_permuted,87,test,1033,1246,0.28353392885069206,0.3793103448275862,-0.15430644796277387,1.0,1.0310342337399678,0.050428152084350586,0.9806060816556172,-0.9806060816556172
CHEMBL244_Ki,molformer,xgboost,crem_lime,42,label_permuted,90,test,1128,1138,0.15360251650696544,0.1864406779661017,-0.04036357346018832,1.0,-1.3367455479305157,0.0,1.3367455479305157,-1.3367455479305157
CHEMBL244_Ki,molformer,xgboost,crem_lime,42,label_permuted,92,test,1164,1188,0.1034261715296198,0.056338028169014086,0.049899375800044866,1.0,-1.8692317197309762,0.07156240940093994,1.9407941291319162,-1.9407941291319162
CHEMBL244_Ki,molformer,xgboost,crem_lime,42,label_permuted,93,test,1207,1211,0.24703611500111855,0.26153846153846155,-0.01963859426931865,1.0,1.1333392786347307,0.0,1.1333392786347307,-1.1333392786347307
CHEMBL244_Ki,molformer,xgboost,crem_lime,42,label_permuted,95,test,1238,1243,0.1307690267818736,0.14285714285714285,-0.014102802087814118,0.974025974025974,1.1760912590556813,-0.041161417961120605,1.217252677016802,-1.217252677016802
CHEMBL244_Ki,molformer,xgboost,crem_lime,42,label_permuted,100,test,1289,2103,0.43367897805263955,0.4,0.05613163008773255,1.0,-1.2678616324113265,-0.061804890632629395,1.2060567417786972,-1.2060567417786972
CHEMBL244_Ki,molformer,xgboost,crem_lime,42,label_permuted,107,test,1363,1364,0.17416279397719203,0.22666666666666666,-0.06789293882259649,0.88,1.3222192947339193,0.062256455421447754,1.2599628393124715,-1.2599628393124715
CHEMBL244_Ki,molformer,xgboost,crem_lime,42,label_permuted,108,test,1384,1395,0.4281923243413175,0.3037974683544304,0.17867624769025603,0.8860759493670886,1.0720026614205014,0.0,1.0720026614205014,-1.0720026614205014
CHEMBL244_Ki,molformer,xgboost,crem_lime,42,label_permuted,114,test,1531,1535,0.5837777418659772,0.16666666666666666,0.5005332902391727,1.0,1.6690067809585758,0.0,1.6690067809585758,-1.6690067809585758
CHEMBL244_Ki,molformer,xgboost,crem_lime,42,label_permuted,116,test,1557,1558,0.6339858331162519,0.3870967741935484,0.4028189908738847,1.0,1.0389180660303703,-0.04067850112915039,1.0795965671595207,-1.0795965671595207
CHEMBL244_Ki,molformer,xgboost,crem_lime,42,label_permuted,118,test,1999,2003,0.09144541447099847,0.08860759493670886,0.003113718655678871,1.0,-1.3622996524029038,0.0839318037033081,1.446231456106212,-1.446231456106212
CHEMBL244_Ki,molformer,xgboost,crem_lime,42,label_permuted,121,test,1608,1613,0.38498037282694775,0.32926829268292684,0.08306164676017663,0.9634146341463414,1.1697510810246623,0.03896832466125488,1.1307827563634074,-1.1307827563634074
CHEMBL244_Ki,molformer,xgboost,crem_lime,42,label_permuted,126,test,1776,2055,0.11787671874440189,0.14285714285714285,-0.029143828131531112,1.0,1.5854607295085006,0.019347071647644043,1.5661136578608565,-1.5661136578608565
CHEMBL244_Ki,molformer,xgboost,crem_lime,42,label_permuted,130,test,1816,1841,0.13066946698756596,0.20588235294117646,-0.0947125230526947,1.0,1.373580662812593,0.09718072414398193,1.2763999386686111,-1.2763999386686111
CHEMBL244_Ki,molformer,xgboost,crem_lime,42,label_permuted,141,test,2360,2396,0.3616770241108706,0.3150684931506849,0.0680484552018711,1.0,1.6283889300503116,0.0359494686126709,1.5924394614376407,-1.5924394614376407
CHEMBL244_Ki,molformer,xgboost,crem_lime,42,label_permuted,148,test,2116,2120,0.1567400312352965,0.18181818181818182,-0.030651072934637612,1.0,-2.0,0.0,2.0,-2.0
CHEMBL244_Ki,molformer,xgboost,crem_lime,42,label_permuted,149,test,2193,2201,1.0,0.15492957746478872,1.0,1.0,-1.501595024102863,0.0,1.501595024102863,-1.501595024102863
CHEMBL244_Ki,molformer,xgboost,crem_lime,42,label_permuted,153,test,2149,2153,0.5889881605224294,0.5068493150684932,0.16655932550381516,1.0,-2.5900951992983194,0.0,2.5900951992983194,-2.5900951992983194
CHEMBL244_Ki,molformer,xgboost,crem_lime,42,label_permuted,155,test,2204,2205,0.2124543309940829,0.2112676056338028,0.0015045982246408196,1.0,1.0239121574054106,0.13162386417388916,0.8922882932315215,-0.8922882932315215
CHEMBL244_Ki,molformer,xgboost,crem_lime,42,label_permuted,157,test,2209,2218,0.21442736263572595,0.22857142857142856,-0.0183349002870219,1.0,-1.2662678894047694,0.027367353439331055,1.2936352428441005,-1.2936352428441005
CHEMBL244_Ki,molformer,xgboost,crem_lime,42,label_permuted,159,test,2217,2223,0.17878330144607002,0.2702702702702703,-0.12537103135168184,1.0,-1.2218487496163564,-0.09383118152618408,1.1280175680901723,-1.1280175680901723
CHEMBL244_Ki,molformer,xgboost,crem_lime,42,label_permuted,162,test,2257,2258,0.035226593919194,0.05084745762711865,-0.016457695692277754,1.0,-2.6989700043360187,-0.06050848960876465,2.638461514727254,-2.638461514727254
CHEMBL244_Ki,molformer,xgboost,crem_lime,42,label_permuted,163,test,2262,2265,0.6728395200223711,0.4117647058823529,0.44382718403803095,1.0,-1.4771212547196626,0.0854182243347168,1.5625394790543794,-1.5625394790543794
CHEMBL244_Ki,molformer,xgboost,crem_lime,42,label_permuted,164,test,2288,2854,0.2753900289442776,0.2345679012345679,0.05333213458849173,1.0,-1.1890562362200492,-0.11607921123504639,1.0729770249850028,-1.0729770249850028
CHEMBL244_Ki,molformer,xgboost,crem_lime,42,label_permuted,168,test,2363,2398,0.44995995385505333,0.22857142857142856,0.28698512536766174,1.0,1.786120180054919,-0.044896483421325684,1.8310166634762446,-1.8310166634762446
CHEMBL244_Ki,molformer,xgboost,crem_lime,42,label_permuted,169,test,2372,2385,0.6780838340505143,0.2537313432835821,0.5686323376276892,1.0,-1.4637572931616807,-0.044896483421325684,1.418860809740355,-1.418860809740355
CHEMBL244_Ki,molformer,xgboost,crem_lime,42,label_permuted,171,test,2438,2446,0.2040477212845634,0.14705882352941177,0.0668145697819019,1.0,1.5006023505691857,0.15008032321929932,1.3505220273498864,-1.3505220273498864
CHEMBL244_Ki,molformer,xgboost,crem_lime,42,label_permuted,172,test,2461,2462,0.7351190476190477,0.06779661016949153,0.7158549783549784,1.0,1.3679767852945945,0.011139631271362305,1.3568371540232322,-1.3568371540232322
CHEMBL244_Ki,molformer,xgboost,crem_lime,42,label_permuted,173,test,2475,2476,0.03629609946745496,0.047619047619047616,-0.011889095559172287,1.0,-1.510545010206612,0.015612006187438965,1.526157016394051,-1.526157016394051
CHEMBL244_Ki,molformer,xgboost,crem_lime,42,label_permuted,175,test,2479,2499,0.7136690963182959,0.29508196721311475,0.5938096482654895,1.0,1.0543576623225928,0.0,1.0543576623225928,-1.0543576623225928
CHEMBL244_Ki,molformer,xgboost,crem_lime,42,label_permuted,182,test,2632,2633,0.385600699255885,0.3225806451612903,0.09302960366344933,1.0,-1.2218487496163566,0.0,1.2218487496163566,-1.2218487496163566
CHEMBL244_Ki,molformer,xgboost,crem_lime,42,label_permuted,183,test,2639,2642,0.16731837981837983,0.21428571428571427,-0.05977660750388021,0.7857142857142857,1.1249387366083,0.0,1.1249387366083,-1.1249387366083
CHEMBL244_Ki,molformer,xgboost,crem_lime,42,label_permuted,189,test,2710,2712,0.47786690433749257,0.1717171717171717,0.36961979913916787,0.8585858585858586,1.1807047638610455,0.15107309818267822,1.0296316656783673,-1.0296316656783673
CHEMBL244_Ki,molformer,xgboost,crem_lime,42,label_permuted,194,test,2836,2838,0.1370115629984051,0.05970149253731343,0.0822186463633832,1.0,-1.5454822249613125,-0.045490145683288574,1.499992079278024,-1.499992079278024
CHEMBL244_Ki,molformer,xgboost,crem_lime,42,label_permuted,200,test,3010,3013,0.14719853443407607,0.2127659574468085,-0.08328834815130877,1.0,-1.5740312677277188,0.0359494686126709,1.6099807363403897,-1.6099807363403897
CHEMBL244_Ki,molformer,xgboost,crem_lime,42,label_permuted,202,test,3034,3036,0.35442286471698237,0.1935483870967742,0.19948435224905817,0.967741935483871,1.7861201800549193,0.0,1.7861201800549193,-1.7861201800549193
CHEMBL244_Ki,molformer,mlp,crem_mean,42,trained,2,test,556,560,0.3714432360773824,0.13559322033898305,0.2728460966385404,1.0,-1.6922366216770504,-0.4548337459564209,1.2374028757206295,-1.2374028757206295
CHEMBL244_Ki,molformer,mlp,crem_mean,42,trained,3,test,13,78,0.12754849583494085,0.08333333333333333,0.04823472272902639,0.5476190476190477,1.0910804693473326,-0.05576002597808838,1.146840495325421,-1.146840495325421
CHEMBL244_Ki,molformer,mlp,crem_mean,42,trained,6,test,2271,2300,0.4058441343350629,0.2602739726027397,0.19678929271221465,1.0,-1.463110540276848,-0.07273006439208984,1.3903804758847582,-1.3903804758847582
CHEMBL244_Ki,molformer,mlp,crem_mean,42,trained,25,test,261,264,0.28541666666666665,0.26666666666666666,0.025568181818181802,0.25,-1.6989700043360187,-0.020977139472961426,1.6779928648630573,-1.6779928648630573
CHEMBL244_Ki,molformer,mlp,crem_mean,42,trained,32,test,287,288,0.47222222222222215,0.4444444444444444,0.04999999999999992,0.24444444444444444,1.9999999999999996,0.3718380928039551,1.6281619071960445,-1.6281619071960445
CHEMBL244_Ki,molformer,mlp,crem_mean,42,trained,35,test,312,335,0.046313979116451354,0.05263157894736842,-0.006668577599301346,0.9342105263157895,1.4409090820652177,0.4605071544647217,0.980401927600496,-0.980401927600496
CHEMBL244_Ki,molformer,mlp,crem_mean,42,trained,36,test,314,333,0.32811387308242657,0.1791044776119403,0.18152053630041054,0.9253731343283582,1.1549019599857433,0.7212492227554321,0.43365273723031117,-0.43365273723031117
CHEMBL244_Ki,molformer,mlp,crem_mean,42,trained,37,test,322,326,0.37615936830968033,0.25,0.16821249107957378,0.775,-1.3767507096020994,0.42855560779571533,1.8053063173978148,-1.8053063173978148
CHEMBL244_Ki,molformer,mlp,crem_mean,42,trained,38,test,356,374,0.11306229746222171,0.13513513513513514,-0.025521718559306152,0.9459459459459459,1.1160933293803952,-0.17709112167358398,1.2931844510539792,-1.2931844510539792
CHEMBL244_Ki,molformer,mlp,crem_mean,42,trained,50,test,495,508,0.3427112163355048,0.20634920634920634,0.171816132582736,0.7142857142857143,2.0,0.08258533477783203,1.917414665222168,-1.917414665222168
CHEMBL244_Ki,molformer,mlp,crem_mean,42,trained,55,test,553,1094,0.06541620007465472,0.06349206349206349,0.0020545865203940275,1.0,1.8758877041394824,0.456981897354126,1.4189058067853564,-1.4189058067853564
CHEMBL244_Ki,molformer,mlp,crem_mean,42,trained,67,test,642,950,0.8708668730650154,0.2631578947368421,0.8247478991596636,0.43859649122807015,1.6398485522173623,0.2125920057296753,1.427256546487687,-1.427256546487687
CHEMBL244_Ki,molformer,mlp,crem_mean,42,trained,68,test,645,729,0.3030779253230527,0.3142857142857143,-0.016344692237214773,0.45714285714285713,-1.2013971243204518,0.1766514778137207,1.3780486021341725,-1.3780486021341725
CHEMBL244_Ki,molformer,mlp,crem_mean,42,trained,73,test,781,794,0.28270467836257307,0.20833333333333334,0.09394275161588177,0.625,1.1171133990963442,0.5096650123596191,0.6074483867367251,-0.6074483867367251
CHEMBL244_Ki,molformer,mlp,crem_mean,42,trained,74,test,844,865,0.23189950079517227,0.24242424242424243,-0.013892658950372613,1.0,-1.284278269569862,-0.2896912097930908,0.9945870597767712,-0.9945870597767712
CHEMBL244_Ki,molformer,mlp,crem_mean,42,trained,77,test,895,1437,0.0649492684361444,0.05405405405405406,0.011517798061066937,1.0,1.153814864344529,0.19897770881652832,0.9548371555280006,-0.9548371555280006
CHEMBL244_Ki,molformer,mlp,crem_mean,42,trained,87,test,1033,1246,0.42456702761038345,0.3793103448275862,0.07291354448339558,1.0,1.0310342337399678,0.5945262908935547,0.43650794284641314,-0.43650794284641314
CHEMBL244_Ki,molformer,mlp,crem_mean,42,trained,90,test,1128,1138,0.3266716909698051,0.1864406779661017,0.17236728681705207,0.4915254237288136,-1.3367455479305157,-0.13785457611083984,1.1988909718196759,-1.1988909718196759
CHEMBL244_Ki,molformer,mlp,crem_mean,42,trained,92,test,1164,1188,0.058920187793427226,0.056338028169014086,0.002736318407960193,0.9154929577464789,-1.8692317197309762,-0.8645858764648438,1.0046458432661325,-1.0046458432661325
CHEMBL244_Ki,molformer,mlp,crem_mean,42,trained,93,test,1207,1211,0.3376207433040693,0.26153846153846155,0.10302808989092718,0.9692307692307692,1.1333392786347307,0.08389520645141602,1.0494440721833147,-1.0494440721833147
CHEMBL244_Ki,molformer,mlp,crem_mean,42,trained,95,test,1238,1243,0.1995911948373748,0.14285714285714285,0.06618972731027062,0.7402597402597403,1.1760912590556813,-0.46111178398132324,1.6372030430370046,-1.6372030430370046
CHEMBL244_Ki,molformer,mlp,crem_mean,42,trained,100,test,1289,2103,0.7955774915049109,0.4,0.6592958191748515,0.6714285714285714,-1.2678616324113265,-0.6766693592071533,0.5911922732041732,-0.5911922732041732
CHEMBL244_Ki,molformer,mlp,crem_mean,42,trained,107,test,1363,1364,0.2151158645276292,0.22666666666666666,-0.014936382076341527,0.76,1.3222192947339193,0.14130783081054688,1.1809114639233724,-1.1809114639233724
CHEMBL244_Ki,molformer,mlp,crem_mean,42,trained,108,test,1384,1395,0.5159954194703248,0.3037974683544304,0.30479342069373927,0.5443037974683544,1.0720026614205014,0.5791041851043701,0.49289847631613126,-0.49289847631613126
CHEMBL244_Ki,molformer,mlp,crem_mean,42,trained,114,test,1531,1535,0.15719696969696967,0.16666666666666666,-0.011363636363636387,0.22916666666666666,1.6690067809585758,-0.08009254932403564,1.7490993302826114,-1.7490993302826114
CHEMBL244_Ki,molformer,mlp,crem_mean,42,trained,116,test,1557,1558,0.4649417562724014,0.3870967741935484,0.12701023391812866,0.45161290322580644,1.0389180660303703,0.9798870086669922,0.0590310573633781,-0.0590310573633781
CHEMBL244_Ki,molformer,mlp,crem_mean,42,trained,118,test,1999,2003,0.1268725572523041,0.08860759493670886,0.04198516698516699,0.7468354430379747,-1.3622996524029038,-0.9510345458984375,0.41126510650446635,-0.41126510650446635
CHEMBL244_Ki,molformer,mlp,crem_mean,42,trained,121,test,1608,1613,0.43769008611776006,0.32926829268292684,0.16164703748466044,0.8780487804878049,1.1697510810246623,1.3356962203979492,0.16594513937328692,-0.16594513937328692
CHEMBL244_Ki,molformer,mlp,crem_mean,42,trained,126,test,1776,2055,0.1688244514106583,0.14285714285714285,0.03029519331243469,1.0,1.5854607295085006,0.4569239616394043,1.1285367678690963,-1.1285367678690963
CHEMBL244_Ki,molformer,mlp,crem_mean,42,trained,130,test,1816,1841,0.19125657755118752,0.20588235294117646,-0.01841764308368977,1.0,1.373580662812593,-0.51633620262146,1.889916865434053,-1.889916865434053
CHEMBL244_Ki,molformer,mlp,crem_mean,42,trained,141,test,2360,2396,0.6118981497546196,0.3150684931506849,0.4333712986417447,0.726027397260274,1.6283889300503116,-0.26308608055114746,1.891475010601459,-1.891475010601459
CHEMBL244_Ki,molformer,mlp,crem_mean,42,trained,148,test,2116,2120,0.12245527500328274,0.18181818181818182,-0.07255466388487666,1.0,-2.0,-0.0035284757614135742,1.9964715242385864,-1.9964715242385864
CHEMBL244_Ki,molformer,mlp,crem_mean,42,trained,149,test,2193,2201,0.2266805990943922,0.15492957746478872,0.08490537559503078,0.8028169014084507,-1.501595024102863,0.14880120754241943,1.6503962316452825,-1.6503962316452825
CHEMBL244_Ki,molformer,mlp,crem_mean,42,trained,153,test,2149,2153,0.5825894883998055,0.5068493150684932,0.15358424036627225,0.8767123287671232,-2.5900951992983194,-0.04029583930969238,2.549799359988627,-2.549799359988627
CHEMBL244_Ki,molformer,mlp,crem_mean,42,trained,155,test,2204,2205,0.2940396031157707,0.2112676056338028,0.10494306823606643,0.9014084507042254,1.0239121574054106,0.18877959251403809,0.8351325648913726,-0.8351325648913726
CHEMBL244_Ki,molformer,mlp,crem_mean,42,trained,157,test,2209,2218,0.1714983898857906,0.22857142857142856,-0.07398356866656772,1.0,-1.2662678894047694,-0.282498836517334,0.9837690528874354,-0.9837690528874354
CHEMBL244_Ki,molformer,mlp,crem_mean,42,trained,159,test,2217,2223,0.5355023547880691,0.2702702702702703,0.3634661898947613,0.918918918918919,-1.2218487496163564,-0.2085740566253662,1.0132746929909902,-1.0132746929909902
CHEMBL244_Ki,molformer,mlp,crem_mean,42,trained,162,test,2257,2258,0.08592132505175984,0.05084745762711865,0.03695282460810411,0.7966101694915254,-2.6989700043360187,-0.8414242267608643,1.8575457775751545,-1.8575457775751545
CHEMBL244_Ki,molformer,mlp,crem_mean,42,trained,163,test,2262,2265,0.3740509922128478,0.4117647058823529,-0.06411331323815866,0.8823529411764706,-1.4771212547196626,0.6237409114837646,2.1008621662034273,-2.1008621662034273
CHEMBL244_Ki,molformer,mlp,crem_mean,42,trained,164,test,2288,2854,0.20838811565567913,0.2345679012345679,-0.03420262309499982,1.0,-1.1890562362200492,-0.6614048480987549,0.5276513881212943,-0.5276513881212943
CHEMBL244_Ki,molformer,mlp,crem_mean,42,trained,168,test,2363,2398,0.43580413764389325,0.22857142857142856,0.26863499324208384,0.7142857142857143,1.786120180054919,0.37770164012908936,1.4084185399258295,-1.4084185399258295
CHEMBL244_Ki,molformer,mlp,crem_mean,42,trained,169,test,2372,2385,0.28484993490941557,0.2537313432835821,0.04169891277861685,0.7014925373134329,-1.4637572931616807,-0.23914778232574463,1.224609510835936,-1.224609510835936
CHEMBL244_Ki,molformer,mlp,crem_mean,42,trained,171,test,2438,2446,0.11324710476586745,0.14705882352941177,-0.039641325446914025,0.9264705882352942,1.5006023505691857,0.9890023469924927,0.511600003576693,-0.511600003576693
CHEMBL244_Ki,molformer,mlp,crem_mean,42,trained,172,test,2461,2462,0.3706355701036552,0.06779661016949153,0.3248636115657393,0.8983050847457628,1.3679767852945945,0.5596812963485718,0.8082954889460228,-0.8082954889460228
CHEMBL244_Ki,molformer,mlp,crem_mean,42,trained,173,test,2475,2476,0.05381652661064426,0.047619047619047616,0.006507352941176477,0.7619047619047619,-1.510545010206612,-0.8011772632598877,0.7093677469467243,-0.7093677469467243
CHEMBL244_Ki,molformer,mlp,crem_mean,42,trained,175,test,2479,2499,0.2909469185925148,0.29508196721311475,-0.005865999205967349,0.7049180327868853,1.0543576623225928,0.24437904357910156,0.8099786187434912,-0.8099786187434912
CHEMBL244_Ki,molformer,mlp,crem_mean,42,trained,182,test,2632,2633,0.2901066690225783,0.3225806451612903,-0.04793777430000343,0.3064516129032258,-1.2218487496163566,-0.5180919170379639,0.7037568325783927,-0.7037568325783927
CHEMBL244_Ki,molformer,mlp,crem_mean,42,trained,183,test,2639,2642,0.18657635467980294,0.21428571428571427,-0.035266457680250794,0.5357142857142857,1.1249387366083,0.5379899740219116,0.5869487625863883,-0.5869487625863883
CHEMBL244_Ki,molformer,mlp,crem_mean,42,trained,189,test,2710,2712,0.22043969102792632,0.1717171717171717,0.05882352941176471,0.494949494949495,1.1807047638610455,-0.9057252407073975,2.086430004568443,-2.086430004568443
CHEMBL244_Ki,molformer,mlp,crem_mean,42,trained,194,test,2836,2838,0.14285714285714285,0.05970149253731343,0.08843537414965985,1.0,-1.5454822249613125,0.40904808044433594,1.9545303054056484,-1.9545303054056484
CHEMBL244_Ki,molformer,mlp,crem_mean,42,trained,200,test,3010,3013,0.31345053405977774,0.2127659574468085,0.12789662434620416,1.0,-1.5740312677277188,-0.5149097442626953,1.0591215234650235,-1.0591215234650235
CHEMBL244_Ki,molformer,mlp,crem_mean,42,trained,202,test,3034,3036,0.5291690765374977,0.1935483870967742,0.41616965490649716,0.5806451612903226,1.7861201800549193,-0.14885282516479492,1.9349730052197143,-1.9349730052197143
CHEMBL244_Ki,molformer,mlp,crem_lime,42,trained,2,test,556,560,0.10785117366155501,0.13559322033898305,-0.03209374027388733,0.6949152542372882,-1.6922366216770504,-0.4548337459564209,1.2374028757206295,-1.2374028757206295
CHEMBL244_Ki,molformer,mlp,crem_lime,42,trained,3,test,13,78,0.09238461277033735,0.08333333333333333,0.00987412302218621,1.0,1.0910804693473326,-0.05576002597808838,1.146840495325421,-1.146840495325421
CHEMBL244_Ki,molformer,mlp,crem_lime,42,trained,6,test,2271,2300,0.2333105464057159,0.2602739726027397,-0.036450557636717354,1.0,-1.463110540276848,-0.07273006439208984,1.3903804758847582,-1.3903804758847582
CHEMBL244_Ki,molformer,mlp,crem_lime,42,trained,25,test,261,264,0.4214682737051669,0.26666666666666666,0.21109310050704572,1.0,-1.6989700043360187,-0.020977139472961426,1.6779928648630573,-1.6779928648630573
CHEMBL244_Ki,molformer,mlp,crem_lime,42,trained,32,test,287,288,0.5393202003803831,0.4444444444444444,0.1707763606846896,1.0,1.9999999999999996,0.3718380928039551,1.6281619071960445,-1.6281619071960445
CHEMBL244_Ki,molformer,mlp,crem_lime,42,trained,35,test,312,335,0.07913162321278386,0.05263157894736842,0.027972268946827406,1.0,1.4409090820652177,0.4605071544647217,0.980401927600496,-0.980401927600496
CHEMBL244_Ki,molformer,mlp,crem_lime,42,trained,36,test,314,333,0.4939438436568209,0.1791044776119403,0.38353159136376364,1.0,1.1549019599857433,0.7212492227554321,0.43365273723031117,-0.43365273723031117
CHEMBL244_Ki,molformer,mlp,crem_lime,42,trained,37,test,322,326,0.19800108315049986,0.25,-0.06933188913266686,1.0,-1.3767507096020994,0.42855560779571533,1.8053063173978148,-1.8053063173978148
CHEMBL244_Ki,molformer,mlp,crem_lime,42,trained,38,test,356,374,0.13815282000485507,0.13513513513513514,0.0034891981306136664,1.0,1.1160933293803952,-0.17709112167358398,1.2931844510539792,-1.2931844510539792
CHEMBL244_Ki,molformer,mlp,crem_lime,42,trained,50,test,495,508,0.22251510059074306,0.20634920634920634,0.020369026744336268,1.0,2.0,0.08258533477783203,1.917414665222168,-1.917414665222168
CHEMBL244_Ki,molformer,mlp,crem_lime,42,trained,55,test,553,1094,0.05140492889662325,0.06349206349206349,-0.012906601347673475,1.0,1.8758877041394824,0.456981897354126,1.4189058067853564,-1.4189058067853564
CHEMBL244_Ki,molformer,mlp,crem_lime,42,trained,67,test,642,950,0.7601692949289275,0.2631578947368421,0.6745154716892587,0.9298245614035088,1.6398485522173623,0.2125920057296753,1.427256546487687,-1.427256546487687
CHEMBL244_Ki,molformer,mlp,crem_lime,42,trained,68,test,645,729,0.23295603979146196,0.3142857142857143,-0.11860577530411798,0.9714285714285714,-1.2013971243204518,0.1766514778137207,1.3780486021341725,-1.3780486021341725
CHEMBL244_Ki,molformer,mlp,crem_lime,42,trained,73,test,781,794,0.15067437908055756,0.20833333333333334,-0.07283236326666415,0.9583333333333334,1.1171133990963442,0.5096650123596191,0.6074483867367251,-0.6074483867367251
CHEMBL244_Ki,molformer,mlp,crem_lime,42,trained,74,test,844,865,0.2941361819160668,0.24242424242424243,0.06825976012920813,1.0,-1.284278269569862,-0.2896912097930908,0.9945870597767712,-0.9945870597767712
CHEMBL244_Ki,molformer,mlp,crem_lime,42,trained,77,test,895,1437,0.10423546361046361,0.05405405405405406,0.05304891867391867,1.0,1.153814864344529,0.19897770881652832,0.9548371555280006,-0.9548371555280006
CHEMBL244_Ki,molformer,mlp,crem_lime,42,trained,87,test,1033,1246,0.29364983728006566,0.3793103448275862,-0.1380085954932275,1.0,1.0310342337399678,0.5945262908935547,0.43650794284641314,-0.43650794284641314
CHEMBL244_Ki,molformer,mlp,crem_lime,42,trained,90,test,1128,1138,0.13220858281700776,0.1864406779661017,-0.06666028362076129,1.0,-1.3367455479305157,-0.13785457611083984,1.1988909718196759,-1.1988909718196759
CHEMBL244_Ki,molformer,mlp,crem_lime,42,trained,92,test,1164,1188,0.08931959880726484,0.056338028169014086,0.03495061963157916,1.0,-1.8692317197309762,-0.8645858764648438,1.0046458432661325,-1.0046458432661325
CHEMBL244_Ki,molformer,mlp,crem_lime,42,trained,93,test,1207,1211,0.2500486574267412,0.26153846153846155,-0.015559109734621303,1.0,1.1333392786347307,0.08389520645141602,1.0494440721833147,-1.0494440721833147
CHEMBL244_Ki,molformer,mlp,crem_lime,42,trained,95,test,1238,1243,0.10937301452021174,0.14285714285714285,-0.039064816393086295,0.974025974025974,1.1760912590556813,-0.46111178398132324,1.6372030430370046,-1.6372030430370046
CHEMBL244_Ki,molformer,mlp,crem_lime,42,trained,100,test,1289,2103,0.578608798800662,0.4,0.2976813313344366,1.0,-1.2678616324113265,-0.6766693592071533,0.5911922732041732,-0.5911922732041732
CHEMBL244_Ki,molformer,mlp,crem_lime,42,trained,107,test,1363,1364,0.15033722816578035,0.22666666666666666,-0.09870186013045643,0.88,1.3222192947339193,0.14130783081054688,1.1809114639233724,-1.1809114639233724
CHEMBL244_Ki,molformer,mlp,crem_lime,42,trained,108,test,1384,1395,0.40307289963721243,0.3037974683544304,0.14259561947890514,0.8860759493670886,1.0720026614205014,0.5791041851043701,0.49289847631613126,-0.49289847631613126
CHEMBL244_Ki,molformer,mlp,crem_lime,42,trained,114,test,1531,1535,0.29853133434547907,0.16666666666666666,0.1582376012145749,1.0,1.6690067809585758,-0.08009254932403564,1.7490993302826114,-1.7490993302826114
CHEMBL244_Ki,molformer,mlp,crem_lime,42,trained,116,test,1557,1558,0.9409900284900284,0.3870967741935484,0.9037205727995201,1.0,1.0389180660303703,0.9798870086669922,0.0590310573633781,-0.0590310573633781
CHEMBL244_Ki,molformer,mlp,crem_lime,42,trained,118,test,1999,2003,0.20500079457620368,0.08860759493670886,0.12770920516000125,1.0,-1.3622996524029038,-0.9510345458984375,0.41126510650446635,-0.41126510650446635
CHEMBL244_Ki,molformer,mlp,crem_lime,42,trained,121,test,1608,1613,0.49762050748073633,0.32926829268292684,0.25099784751673415,0.9634146341463414,1.1697510810246623,1.3356962203979492,0.16594513937328692,-0.16594513937328692
CHEMBL244_Ki,molformer,mlp,crem_lime,42,trained,126,test,1776,2055,0.2432880436556907,0.14285714285714285,0.11716938426497249,1.0,1.5854607295085006,0.4569239616394043,1.1285367678690963,-1.1285367678690963
CHEMBL244_Ki,molformer,mlp,crem_lime,42,trained,130,test,1816,1841,0.13043652803585315,0.20588235294117646,-0.0950058535844812,1.0,1.373580662812593,-0.51633620262146,1.889916865434053,-1.889916865434053
CHEMBL244_Ki,molformer,mlp,crem_lime,42,trained,141,test,2360,2396,0.32458092155321844,0.3150684931506849,0.013888145467698943,1.0,1.6283889300503116,-0.26308608055114746,1.891475010601459,-1.891475010601459
CHEMBL244_Ki,molformer,mlp,crem_lime,42,trained,148,test,2116,2120,0.3689484403263992,0.18181818181818182,0.22871476039893232,1.0,-2.0,-0.0035284757614135742,1.9964715242385864,-1.9964715242385864
CHEMBL244_Ki,molformer,mlp,crem_lime,42,trained,149,test,2193,2201,0.25490696183583816,0.15492957746478872,0.11830657150574185,1.0,-1.501595024102863,0.14880120754241943,1.6503962316452825,-1.6503962316452825
CHEMBL244_Ki,molformer,mlp,crem_lime,42,trained,153,test,2149,2153,0.5164495115542337,0.5068493150684932,0.01946706509608492,1.0,-2.5900951992983194,-0.04029583930969238,2.549799359988627,-2.549799359988627
CHEMBL244_Ki,molformer,mlp,crem_lime,42,trained,155,test,2204,2205,0.3904688314913074,0.2112676056338028,0.2272015542121933,1.0,1.0239121574054106,0.18877959251403809,0.8351325648913726,-0.8351325648913726
CHEMBL244_Ki,molformer,mlp,crem_lime,42,trained,157,test,2209,2218,0.1543293326418145,0.22857142857142856,-0.09623975398283303,1.0,-1.2662678894047694,-0.282498836517334,0.9837690528874354,-0.9837690528874354
CHEMBL244_Ki,molformer,mlp,crem_lime,42,trained,159,test,2217,2223,0.1956447020763462,0.2702702702702703,-0.10226466752500707,1.0,-1.2218487496163564,-0.2085740566253662,1.0132746929909902,-1.0132746929909902
CHEMBL244_Ki,molformer,mlp,crem_lime,42,trained,162,test,2257,2258,0.04636122999707798,0.05084745762711865,-0.0047265612530785605,1.0,-2.6989700043360187,-0.8414242267608643,1.8575457775751545,-1.8575457775751545
CHEMBL244_Ki,molformer,mlp,crem_lime,42,trained,163,test,2262,2265,0.43637143487694674,0.4117647058823529,0.04183143929080949,1.0,-1.4771212547196626,0.6237409114837646,2.1008621662034273,-2.1008621662034273
CHEMBL244_Ki,molformer,mlp,crem_lime,42,trained,164,test,2288,2854,0.3901810151916364,0.2345679012345679,0.2033010037181056,1.0,-1.1890562362200492,-0.6614048480987549,0.5276513881212943,-0.5276513881212943
CHEMBL244_Ki,molformer,mlp,crem_lime,42,trained,168,test,2363,2398,0.38731303917920157,0.22857142857142856,0.205776161898965,1.0,1.786120180054919,0.37770164012908936,1.4084185399258295,-1.4084185399258295
CHEMBL244_Ki,molformer,mlp,crem_lime,42,trained,169,test,2372,2385,0.41715756708150387,0.2537313432835821,0.21899113988921518,1.0,-1.4637572931616807,-0.23914778232574463,1.224609510835936,-1.224609510835936
CHEMBL244_Ki,molformer,mlp,crem_lime,42,trained,171,test,2438,2446,0.24148457088369985,0.14705882352941177,0.11070604862226878,1.0,1.5006023505691857,0.9890023469924927,0.511600003576693,-0.511600003576693
CHEMBL244_Ki,molformer,mlp,crem_lime,42,trained,172,test,2461,2462,0.5178571428571428,0.06779661016949153,0.4827922077922078,1.0,1.3679767852945945,0.5596812963485718,0.8082954889460228,-0.8082954889460228
CHEMBL244_Ki,molformer,mlp,crem_lime,42,trained,173,test,2475,2476,0.09062956014175526,0.047619047619047616,0.04516103814884303,1.0,-1.510545010206612,-0.8011772632598877,0.7093677469467243,-0.7093677469467243
CHEMBL244_Ki,molformer,mlp,crem_lime,42,trained,175,test,2479,2499,0.2013559897168962,0.29508196721311475,-0.1329601076109147,1.0,1.0543576623225928,0.24437904357910156,0.8099786187434912,-0.8099786187434912
CHEMBL244_Ki,molformer,mlp,crem_lime,42,trained,182,test,2632,2633,0.46601718405997106,0.3225806451612903,0.21173965265995726,1.0,-1.2218487496163566,-0.5180919170379639,0.7037568325783927,-0.7037568325783927
CHEMBL244_Ki,molformer,mlp,crem_lime,42,trained,183,test,2639,2642,0.160840684387196,0.21428571428571427,-0.0680209471435687,0.7857142857142857,1.1249387366083,0.5379899740219116,0.5869487625863883,-0.5869487625863883
CHEMBL244_Ki,molformer,mlp,crem_lime,42,trained,189,test,2710,2712,0.5139631610219846,0.1717171717171717,0.41319942611190824,0.8585858585858586,1.1807047638610455,-0.9057252407073975,2.086430004568443,-2.086430004568443
CHEMBL244_Ki,molformer,mlp,crem_lime,42,trained,194,test,2836,2838,0.04398625941068286,0.05970149253731343,-0.016713025706099175,1.0,-1.5454822249613125,0.40904808044433594,1.9545303054056484,-1.9545303054056484
CHEMBL244_Ki,molformer,mlp,crem_lime,42,trained,200,test,3010,3013,0.20931027321067674,0.2127659574468085,-0.004389652948599812,1.0,-1.5740312677277188,-0.5149097442626953,1.0591215234650235,-1.0591215234650235
CHEMBL244_Ki,molformer,mlp,crem_lime,42,trained,202,test,3034,3036,0.8966179653679653,0.1935483870967742,0.871806277056277,0.967741935483871,1.7861201800549193,-0.14885282516479492,1.9349730052197143,-1.9349730052197143
CHEMBL244_Ki,molformer,mlp,crem_mean,42,label_permuted,2,test,556,560,0.14492803089405526,0.13559322033898305,0.010799094563710986,1.0,-1.6922366216770504,0.11992084980010986,1.8121574714771602,-1.8121574714771602
CHEMBL244_Ki,molformer,mlp,crem_mean,42,label_permuted,3,test,13,78,0.28092730949873806,0.08333333333333333,0.21555706490771429,0.5476190476190477,1.0910804693473326,-0.055168867111206055,1.1462493364585387,-1.1462493364585387
CHEMBL244_Ki,molformer,mlp,crem_mean,42,label_permuted,6,test,2271,2300,0.31298269900012354,0.2602739726027397,0.07125438938905591,1.0,-1.463110540276848,-0.09725844860076904,1.365852091676079,-1.365852091676079
CHEMBL244_Ki,molformer,mlp,crem_mean,42,label_permuted,25,test,261,264,0.2637820512820513,0.26666666666666666,-0.003933566433566419,0.25,-1.6989700043360187,0.03133654594421387,1.7303065502802326,-1.7303065502802326
CHEMBL244_Ki,molformer,mlp,crem_mean,42,label_permuted,32,test,287,288,0.4305555555555555,0.4444444444444444,-0.02500000000000001,0.24444444444444444,1.9999999999999996,0.14673960208892822,1.8532603979110713,-1.8532603979110713
CHEMBL244_Ki,molformer,mlp,crem_mean,42,label_permuted,35,test,312,335,0.057064704772684396,0.05263157894736842,0.004679410593389088,0.9342105263157895,1.4409090820652177,-0.05021941661834717,1.491128498683565,-1.491128498683565
CHEMBL244_Ki,molformer,mlp,crem_mean,42,label_permuted,36,test,314,333,0.4925647451963241,0.1791044776119403,0.38185159869370394,0.9253731343283582,1.1549019599857433,0.09651923179626465,1.0583827281894786,-1.0583827281894786
CHEMBL244_Ki,molformer,mlp,crem_mean,42,label_permuted,37,test,322,326,0.3727205389485463,0.25,0.1636273852647284,0.775,-1.3767507096020994,-0.010354399681091309,1.3663963099210081,-1.3663963099210081
CHEMBL244_Ki,molformer,mlp,crem_mean,42,label_permuted,38,test,356,374,0.10968381327784262,0.13513513513513514,-0.029428090897494482,0.9459459459459459,1.1160933293803952,0.0011234283447265625,1.1149699010356686,-1.1149699010356686
CHEMBL244_Ki,molformer,mlp,crem_mean,42,label_permuted,50,test,495,508,0.29058292836945254,0.20634920634920634,0.10613448974551021,0.7142857142857143,2.0,-0.05243706703186035,2.0524370670318604,-2.0524370670318604
CHEMBL244_Ki,molformer,mlp,crem_mean,42,label_permuted,55,test,553,1094,0.06444099378881987,0.06349206349206349,0.0010132645541635964,1.0,1.8758877041394824,0.07688677310943604,1.7990009310300463,-1.7990009310300463
CHEMBL244_Ki,molformer,mlp,crem_mean,42,label_permuted,67,test,642,950,0.4914700149065474,0.2631578947368421,0.30985216308745717,0.43859649122807015,1.6398485522173623,0.026026248931884766,1.6138223032854775,-1.6138223032854775
CHEMBL244_Ki,molformer,mlp,crem_mean,42,label_permuted,68,test,645,729,0.4046044864226683,0.3142857142857143,0.1317148760330579,0.45714285714285713,-1.2013971243204518,0.056539177894592285,1.257936302215044,-1.257936302215044
CHEMBL244_Ki,molformer,mlp,crem_mean,42,label_permuted,73,test,781,794,0.3138278388278388,0.20833333333333334,0.13325621746674376,0.625,1.1171133990963442,-0.05900561809539795,1.1761190171917422,-1.1761190171917422
CHEMBL244_Ki,molformer,mlp,crem_mean,42,label_permuted,74,test,844,865,0.4424894102313457,0.24242424242424243,0.2640860215053763,1.0,-1.284278269569862,-0.22220337390899658,1.0620748956608654,-1.0620748956608654
CHEMBL244_Ki,molformer,mlp,crem_mean,42,label_permuted,77,test,895,1437,0.05013611615245009,0.05405405405405406,-0.004141820067409909,1.0,1.153814864344529,-0.14711546897888184,1.3009303333234108,-1.3009303333234108
CHEMBL244_Ki,molformer,mlp,crem_mean,42,label_permuted,87,test,1033,1246,0.41885639620632875,0.3793103448275862,0.06371308277686302,1.0,1.0310342337399678,0.004207730293273926,1.026826503446694,-1.026826503446694
CHEMBL244_Ki,molformer,mlp,crem_mean,42,label_permuted,90,test,1128,1138,0.2868941368249669,0.1864406779661017,0.12347404318068847,0.4915254237288136,-1.3367455479305157,-0.047930002212524414,1.2888155457179913,-1.2888155457179913
CHEMBL244_Ki,molformer,mlp,crem_mean,42,label_permuted,92,test,1164,1188,0.06308685446009389,0.056338028169014086,0.007151741293532332,0.9154929577464789,-1.8692317197309762,0.09626710414886475,1.965498823879841,-1.965498823879841
CHEMBL244_Ki,molformer,mlp,crem_mean,42,label_permuted,93,test,1207,1211,0.2398916822484934,0.26153846153846155,-0.029313346955165222,0.9692307692307692,1.1333392786347307,-0.1407536268234253,1.274092905458156,-1.274092905458156
CHEMBL244_Ki,molformer,mlp,crem_mean,42,label_permuted,95,test,1238,1243,0.2577117327117327,0.14285714285714285,0.13399702149702147,0.7402597402597403,1.1760912590556813,-0.09637284278869629,1.2724641018443776,-1.2724641018443776
CHEMBL244_Ki,molformer,mlp,crem_mean,42,label_permuted,100,test,1289,2103,0.7878778039510204,0.4,0.646463006585034,0.6714285714285714,-1.2678616324113265,0.18813836574554443,1.455999998156871,-1.455999998156871
CHEMBL244_Ki,molformer,mlp,crem_mean,42,label_permuted,107,test,1363,1364,0.21455882352941175,0.22666666666666666,-0.015656693711967554,0.76,1.3222192947339193,0.027257323265075684,1.2949619714688436,-1.2949619714688436
CHEMBL244_Ki,molformer,mlp,crem_mean,42,label_permuted,108,test,1384,1395,0.600621711709623,0.3037974683544304,0.4263475495465494,0.5443037974683544,1.0720026614205014,0.1516716480255127,0.9203310133949887,-0.9203310133949887
CHEMBL244_Ki,molformer,mlp,crem_mean,42,label_permuted,114,test,1531,1535,0.17708333333333331,0.16666666666666666,0.012499999999999989,0.22916666666666666,1.6690067809585758,0.016330242156982422,1.6526765388015934,-1.6526765388015934
CHEMBL244_Ki,molformer,mlp,crem_mean,42,label_permuted,116,test,1557,1558,0.36532956291020807,0.3870967741935484,-0.03551492367281839,0.45161290322580644,1.0389180660303703,-0.0756608247756958,1.114578890806066,-1.114578890806066
CHEMBL244_Ki,molformer,mlp,crem_mean,42,label_permuted,118,test,1999,2003,0.07388389492803303,0.08860759493670886,-0.01615517084285265,0.7468354430379747,-1.3622996524029038,-0.04409980773925781,1.318199844663646,-1.318199844663646
CHEMBL244_Ki,molformer,mlp,crem_mean,42,label_permuted,121,test,1608,1613,0.5211387546602299,0.32926829268292684,0.2860614160388881,0.8780487804878049,1.1697510810246623,-0.26558005809783936,1.4353311391225017,-1.4353311391225017
CHEMBL244_Ki,molformer,mlp,crem_mean,42,label_permuted,126,test,1776,2055,0.15172414863950015,0.14285714285714285,0.01034484007941685,1.0,1.5854607295085006,-0.013616561889648438,1.599077291398149,-1.599077291398149
CHEMBL244_Ki,molformer,mlp,crem_mean,42,label_permuted,130,test,1816,1841,0.5762747127836643,0.20588235294117646,0.4664200086905402,1.0,1.373580662812593,-0.10423862934112549,1.4778192921537185,-1.4778192921537185
CHEMBL244_Ki,molformer,mlp,crem_mean,42,label_permuted,141,test,2360,2396,0.6482385484338448,0.3150684931506849,0.4864282807134133,0.726027397260274,1.6283889300503116,-0.06689941883087158,1.6952883488811832,-1.6952883488811832
CHEMBL244_Ki,molformer,mlp,crem_mean,42,label_permuted,148,test,2116,2120,0.2608823502452733,0.18181818181818182,0.09663398363311179,1.0,-2.0,0.03611636161804199,2.036116361618042,-2.036116361618042
CHEMBL244_Ki,molformer,mlp,crem_mean,42,label_permuted,149,test,2193,2201,0.3253150358413516,0.15492957746478872,0.20162279241226605,0.8028169014084507,-1.501595024102863,-0.02383136749267578,1.4777636566101873,-1.4777636566101873
CHEMBL244_Ki,molformer,mlp,crem_mean,42,label_permuted,153,test,2149,2153,0.6697267518437839,0.5068493150684932,0.3302792467943396,0.8767123287671232,-2.5900951992983194,0.10786175727844238,2.697956956576762,-2.697956956576762
CHEMBL244_Ki,molformer,mlp,crem_mean,42,label_permuted,155,test,2204,2205,0.22874748202416798,0.2112676056338028,0.0221619861377844,0.9014084507042254,1.0239121574054106,-0.11106646060943604,1.1349786180148467,-1.1349786180148467
CHEMBL244_Ki,molformer,mlp,crem_mean,42,label_permuted,157,test,2209,2218,0.5230571489544877,0.22857142857142856,0.38174074864470636,1.0,-1.2662678894047694,0.21045339107513428,1.4767212804799037,-1.4767212804799037
CHEMBL244_Ki,molformer,mlp,crem_mean,42,label_permuted,159,test,2217,2223,0.5308823529411765,0.2702702702702703,0.3571350762527233,0.918918918918919,-1.2218487496163564,0.05948281288146973,1.281331562497826,-1.281331562497826
CHEMBL244_Ki,molformer,mlp,crem_mean,42,label_permuted,162,test,2257,2258,0.0873015873015873,0.05084745762711865,0.03840702947845804,0.7966101694915254,-2.6989700043360187,-0.10557055473327637,2.5933994496027424,-2.5933994496027424
CHEMBL244_Ki,molformer,mlp,crem_mean,42,label_permuted,163,test,2262,2265,0.41915893619751987,0.4117647058823529,0.012570191535783815,0.8823529411764706,-1.4771212547196626,-0.1211855411529541,1.3559357135667085,-1.3559357135667085
CHEMBL244_Ki,molformer,mlp,crem_mean,42,label_permuted,164,test,2288,2854,0.6298076936783317,0.2345679012345679,0.5163616643216914,1.0,-1.1890562362200492,0.08421218395233154,1.2732684201723807,-1.2732684201723807
CHEMBL244_Ki,molformer,mlp,crem_mean,42,label_permuted,168,test,2363,2398,0.307348446349871,0.22857142857142856,0.10211835637946244,0.7142857142857143,1.786120180054919,-0.0509486198425293,1.8370687998974482,-1.8370687998974482
CHEMBL244_Ki,molformer,mlp,crem_mean,42,label_permuted,169,test,2372,2385,0.4531168095602955,0.2537313432835821,0.26717652481079596,0.7014925373134329,-1.4637572931616807,-0.06357133388519287,1.4001859592764878,-1.4001859592764878
CHEMBL244_Ki,molformer,mlp,crem_mean,42,label_permuted,171,test,2438,2446,0.1058540386141111,0.14705882352941177,-0.0483090581765594,0.9264705882352942,1.5006023505691857,-0.04258430004119873,1.5431866506103844,-1.5431866506103844
CHEMBL244_Ki,molformer,mlp,crem_mean,42,label_permuted,172,test,2461,2462,0.05046859130338727,0.06779661016949153,-0.01858823842000275,0.8983050847457628,1.3679767852945945,0.0867013931274414,1.2812753921671531,-1.2812753921671531
CHEMBL244_Ki,molformer,mlp,crem_mean,42,label_permuted,173,test,2475,2476,0.04993721626581667,0.047619047619047616,0.0024340770791075033,0.7619047619047619,-1.510545010206612,0.02705705165863037,1.5376020618652424,-1.5376020618652424
CHEMBL244_Ki,molformer,mlp,crem_mean,42,label_permuted,175,test,2479,2499,0.4010355880114794,0.29508196721311475,0.15030629927209874,0.7049180327868853,1.0543576623225928,-0.0783681869506836,1.1327258492732764,-1.1327258492732764
CHEMBL244_Ki,molformer,mlp,crem_mean,42,label_permuted,182,test,2632,2633,0.2947250777895939,0.3225806451612903,-0.04112012326298043,0.3064516129032258,-1.2218487496163566,-0.07334518432617188,1.1485035652901847,-1.1485035652901847
CHEMBL244_Ki,molformer,mlp,crem_mean,42,label_permuted,183,test,2639,2642,0.18749999999999997,0.21428571428571427,-0.03409090909090911,0.5357142857142857,1.1249387366083,-0.06917786598205566,1.1941166025903556,-1.1941166025903556
CHEMBL244_Ki,molformer,mlp,crem_mean,42,label_permuted,189,test,2710,2712,0.22043969102792632,0.1717171717171717,0.05882352941176471,0.494949494949495,1.1807047638610455,-0.15096330642700195,1.3316680702880475,-1.3316680702880475
CHEMBL244_Ki,molformer,mlp,crem_mean,42,label_permuted,194,test,2836,2838,0.16,0.05970149253731343,0.10666666666666666,1.0,-1.5454822249613125,0.0354466438293457,1.5809288687906582,-1.5809288687906582
CHEMBL244_Ki,molformer,mlp,crem_mean,42,label_permuted,200,test,3010,3013,0.3736943249639936,0.2127659574468085,0.20442252090020804,1.0,-1.5740312677277188,0.21342682838439941,1.7874580961121183,-1.7874580961121183
CHEMBL244_Ki,molformer,mlp,crem_mean,42,label_permuted,202,test,3034,3036,0.3479886399004046,0.1935483870967742,0.1915059134765017,0.5806451612903226,1.7861201800549193,0.049321651458740234,1.7367985285961791,-1.7367985285961791
CHEMBL244_Ki,molformer,mlp,crem_lime,42,label_permuted,2,test,556,560,0.10624115519298391,0.13559322033898305,-0.033956310659097044,0.6949152542372882,-1.6922366216770504,0.11992084980010986,1.8121574714771602,-1.8121574714771602
CHEMBL244_Ki,molformer,mlp,crem_lime,42,label_permuted,3,test,13,78,0.46630946285324165,0.08333333333333333,0.4177921412944455,1.0,1.0910804693473326,-0.055168867111206055,1.1462493364585387,-1.1462493364585387
CHEMBL244_Ki,molformer,mlp,crem_lime,42,label_permuted,6,test,2271,2300,0.44665436090001015,0.2602739726027397,0.25195867306853226,1.0,-1.463110540276848,-0.09725844860076904,1.365852091676079,-1.365852091676079
CHEMBL244_Ki,molformer,mlp,crem_lime,42,label_permuted,25,test,261,264,0.25330719393318674,0.26666666666666666,-0.018217462818381717,1.0,-1.6989700043360187,0.03133654594421387,1.7303065502802326,-1.7303065502802326
CHEMBL244_Ki,molformer,mlp,crem_lime,42,label_permuted,32,test,287,288,0.31218555264423553,0.4444444444444444,-0.238066005240376,1.0,1.9999999999999996,0.14673960208892822,1.8532603979110713,-1.8532603979110713
CHEMBL244_Ki,molformer,mlp,crem_lime,42,label_permuted,35,test,312,335,0.0723472801961174,0.05263157894736842,0.02081101798479059,1.0,1.4409090820652177,-0.05021941661834717,1.491128498683565,-1.491128498683565
CHEMBL244_Ki,molformer,mlp,crem_lime,42,label_permuted,36,test,314,333,0.5480145362767314,0.1791044776119403,0.4493995260098364,1.0,1.1549019599857433,0.09651923179626465,1.0583827281894786,-1.0583827281894786
CHEMBL244_Ki,molformer,mlp,crem_lime,42,label_permuted,37,test,322,326,0.29780276081912005,0.25,0.0637370144254934,1.0,-1.3767507096020994,-0.010354399681091309,1.3663963099210081,-1.3663963099210081
CHEMBL244_Ki,molformer,mlp,crem_lime,42,label_permuted,38,test,356,374,0.1076731273468024,0.13513513513513514,-0.031752946505259734,1.0,1.1160933293803952,0.0011234283447265625,1.1149699010356686,-1.1149699010356686
CHEMBL244_Ki,molformer,mlp,crem_lime,42,label_permuted,50,test,495,508,0.21634131225444592,0.20634920634920634,0.012590053440601868,1.0,2.0,-0.05243706703186035,2.0524370670318604,-2.0524370670318604
CHEMBL244_Ki,molformer,mlp,crem_lime,42,label_permuted,55,test,553,1094,0.10743746993746993,0.06349206349206349,0.04692475603492552,1.0,1.8758877041394824,0.07688677310943604,1.7990009310300463,-1.7990009310300463
CHEMBL244_Ki,molformer,mlp,crem_lime,42,label_permuted,67,test,642,950,0.2648070886697245,0.2631578947368421,0.002238191766054728,0.9298245614035088,1.6398485522173623,0.026026248931884766,1.6138223032854775,-1.6138223032854775
CHEMBL244_Ki,molformer,mlp,crem_lime,42,label_permuted,68,test,645,729,0.43003561696264475,0.3142857142857143,0.16880194140385693,0.9714285714285714,-1.2013971243204518,0.056539177894592285,1.257936302215044,-1.257936302215044
CHEMBL244_Ki,molformer,mlp,crem_lime,42,label_permuted,73,test,781,794,0.164793807769708,0.20833333333333334,-0.0549972954487899,0.9583333333333334,1.1171133990963442,-0.05900561809539795,1.1761190171917422,-1.1761190171917422
CHEMBL244_Ki,molformer,mlp,crem_lime,42,label_permuted,74,test,844,865,0.7558612359721639,0.24242424242424243,0.6777368314832564,1.0,-1.284278269569862,-0.22220337390899658,1.0620748956608654,-1.0620748956608654
CHEMBL244_Ki,molformer,mlp,crem_lime,42,label_permuted,77,test,895,1437,0.035722011537228926,0.05405405405405406,-0.019379587803500853,1.0,1.153814864344529,-0.14711546897888184,1.3009303333234108,-1.3009303333234108
CHEMBL244_Ki,molformer,mlp,crem_lime,42,label_permuted,87,test,1033,1246,0.43218360611441414,0.3793103448275862,0.08518469873988949,1.0,1.0310342337399678,0.004207730293273926,1.026826503446694,-1.026826503446694
CHEMBL244_Ki,molformer,mlp,crem_lime,42,label_permuted,90,test,1128,1138,0.15465473786640244,0.1864406779661017,-0.03907021803921367,1.0,-1.3367455479305157,-0.047930002212524414,1.2888155457179913,-1.2888155457179913
CHEMBL244_Ki,molformer,mlp,crem_lime,42,label_permuted,92,test,1164,1188,0.176010101010101,0.056338028169014086,0.1268166742047339,1.0,-1.8692317197309762,0.09626710414886475,1.965498823879841,-1.965498823879841
CHEMBL244_Ki,molformer,mlp,crem_lime,42,label_permuted,93,test,1207,1211,0.30651617160615785,0.26153846153846155,0.060907315716672066,1.0,1.1333392786347307,-0.1407536268234253,1.274092905458156,-1.274092905458156
CHEMBL244_Ki,molformer,mlp,crem_lime,42,label_permuted,95,test,1238,1243,0.19655934382184015,0.14285714285714285,0.06265256779214684,0.974025974025974,1.1760912590556813,-0.09637284278869629,1.2724641018443776,-1.2724641018443776
CHEMBL244_Ki,molformer,mlp,crem_lime,42,label_permuted,100,test,1289,2103,0.46630681082405306,0.4,0.11051135137342175,1.0,-1.2678616324113265,0.18813836574554443,1.455999998156871,-1.455999998156871
CHEMBL244_Ki,molformer,mlp,crem_lime,42,label_permuted,107,test,1363,1364,0.2909803921568627,0.22666666666666666,0.08316430020283974,0.88,1.3222192947339193,0.027257323265075684,1.2949619714688436,-1.2949619714688436
CHEMBL244_Ki,molformer,mlp,crem_lime,42,label_permuted,108,test,1384,1395,0.5118126478259347,0.3037974683544304,0.2987854396045244,0.8860759493670886,1.0720026614205014,0.1516716480255127,0.9203310133949887,-0.9203310133949887
CHEMBL244_Ki,molformer,mlp,crem_lime,42,label_permuted,114,test,1531,1535,0.5036486530942176,0.16666666666666666,0.4043783837130611,1.0,1.6690067809585758,0.016330242156982422,1.6526765388015934,-1.6526765388015934
CHEMBL244_Ki,molformer,mlp,crem_lime,42,label_permuted,116,test,1557,1558,0.4049046874122494,0.3870967741935484,0.029055016304196386,1.0,1.0389180660303703,-0.0756608247756958,1.114578890806066,-1.114578890806066
CHEMBL244_Ki,molformer,mlp,crem_lime,42,label_permuted,118,test,1999,2003,0.06171571823023755,0.08860759493670886,-0.02950636471960047,1.0,-1.3622996524029038,-0.04409980773925781,1.318199844663646,-1.318199844663646
CHEMBL244_Ki,molformer,mlp,crem_lime,42,label_permuted,121,test,1608,1613,0.6798615361124717,0.32926829268292684,0.5227026538404124,0.9634146341463414,1.1697510810246623,-0.26558005809783936,1.4353311391225017,-1.4353311391225017
CHEMBL244_Ki,molformer,mlp,crem_lime,42,label_permuted,126,test,1776,2055,0.16302918329916927,0.14285714285714285,0.02353404718236415,1.0,1.5854607295085006,-0.013616561889648438,1.599077291398149,-1.599077291398149
CHEMBL244_Ki,molformer,mlp,crem_lime,42,label_permuted,130,test,1816,1841,0.2773369445850548,0.20588235294117646,0.0899798561441431,1.0,1.373580662812593,-0.10423862934112549,1.4778192921537185,-1.4778192921537185
CHEMBL244_Ki,molformer,mlp,crem_lime,42,label_permuted,141,test,2360,2396,0.3340290158444241,0.3150684931506849,0.027682363132859246,1.0,1.6283889300503116,-0.06689941883087158,1.6952883488811832,-1.6952883488811832
CHEMBL244_Ki,molformer,mlp,crem_lime,42,label_permuted,148,test,2116,2120,0.6302448830409356,0.18181818181818182,0.5480770792722547,1.0,-2.0,0.03611636161804199,2.036116361618042,-2.036116361618042
CHEMBL244_Ki,molformer,mlp,crem_lime,42,label_permuted,149,test,2193,2201,0.4821031241485787,0.15492957746478872,0.3871553635758181,1.0,-1.501595024102863,-0.02383136749267578,1.4777636566101873,-1.4777636566101873
CHEMBL244_Ki,molformer,mlp,crem_lime,42,label_permuted,153,test,2149,2153,0.7434605237862852,0.5068493150684932,0.4797949510110784,1.0,-2.5900951992983194,0.10786175727844238,2.697956956576762,-2.697956956576762
CHEMBL244_Ki,molformer,mlp,crem_lime,42,label_permuted,155,test,2204,2205,0.4194169404453939,0.2112676056338028,0.26390362092183867,1.0,1.0239121574054106,-0.11106646060943604,1.1349786180148467,-1.1349786180148467
CHEMBL244_Ki,molformer,mlp,crem_lime,42,label_permuted,157,test,2209,2218,0.2885912245185552,0.22857142857142856,0.07780343919071968,1.0,-1.2662678894047694,0.21045339107513428,1.4767212804799037,-1.4767212804799037
CHEMBL244_Ki,molformer,mlp,crem_lime,42,label_permuted,159,test,2217,2223,0.3468405485986239,0.2702702702702703,0.10492964067218828,1.0,-1.2218487496163564,0.05948281288146973,1.281331562497826,-1.281331562497826
CHEMBL244_Ki,molformer,mlp,crem_lime,42,label_permuted,162,test,2257,2258,0.040213835990122695,0.05084745762711865,-0.011203279938977878,1.0,-2.6989700043360187,-0.10557055473327637,2.5933994496027424,-2.5933994496027424
CHEMBL244_Ki,molformer,mlp,crem_lime,42,label_permuted,163,test,2262,2265,0.4818128576410343,0.4117647058823529,0.11908185798975837,1.0,-1.4771212547196626,-0.1211855411529541,1.3559357135667085,-1.3559357135667085
CHEMBL244_Ki,molformer,mlp,crem_lime,42,label_permuted,164,test,2288,2854,0.7029555807998744,0.2345679012345679,0.611925839432094,1.0,-1.1890562362200492,0.08421218395233154,1.2732684201723807,-1.2732684201723807
CHEMBL244_Ki,molformer,mlp,crem_lime,42,label_permuted,168,test,2363,2398,0.28346658564605887,0.22857142857142856,0.07116038880044669,1.0,1.786120180054919,-0.0509486198425293,1.8370687998974482,-1.8370687998974482
CHEMBL244_Ki,molformer,mlp,crem_lime,42,label_permuted,169,test,2372,2385,0.6365752498964443,0.2537313432835821,0.5130108348612354,1.0,-1.4637572931616807,-0.06357133388519287,1.4001859592764878,-1.4001859592764878
CHEMBL244_Ki,molformer,mlp,crem_lime,42,label_permuted,171,test,2438,2446,0.15146119451929047,0.14705882352941177,0.0051614004708922636,1.0,1.5006023505691857,-0.04258430004119873,1.5431866506103844,-1.5431866506103844
CHEMBL244_Ki,molformer,mlp,crem_lime,42,label_permuted,172,test,2461,2462,0.1471590909090909,0.06779661016949153,0.08513429752066116,1.0,1.3679767852945945,0.0867013931274414,1.2812753921671531,-1.2812753921671531
CHEMBL244_Ki,molformer,mlp,crem_lime,42,label_permuted,173,test,2475,2476,0.1597777322311038,0.047619047619047616,0.117766618842659,1.0,-1.510545010206612,0.02705705165863037,1.5376020618652424,-1.5376020618652424
CHEMBL244_Ki,molformer,mlp,crem_lime,42,label_permuted,175,test,2479,2499,0.30052519142663525,0.29508196721311475,0.0077217831866221096,1.0,1.0543576623225928,-0.0783681869506836,1.1327258492732764,-1.1327258492732764
CHEMBL244_Ki,molformer,mlp,crem_lime,42,label_permuted,182,test,2632,2633,0.46894774435145326,0.3225806451612903,0.21606571785214526,1.0,-1.2218487496163566,-0.07334518432617188,1.1485035652901847,-1.1485035652901847
CHEMBL244_Ki,molformer,mlp,crem_lime,42,label_permuted,183,test,2639,2642,0.15856668152493925,0.21428571428571427,-0.07091513260462276,0.7857142857142857,1.1249387366083,-0.06917786598205566,1.1941166025903556,-1.1941166025903556
CHEMBL244_Ki,molformer,mlp,crem_lime,42,label_permuted,189,test,2710,2712,0.47786690433749257,0.1717171717171717,0.36961979913916787,0.8585858585858586,1.1807047638610455,-0.15096330642700195,1.3316680702880475,-1.3316680702880475
CHEMBL244_Ki,molformer,mlp,crem_lime,42,label_permuted,194,test,2836,2838,0.05960679092506302,0.05970149253731343,-0.00010071441302821666,1.0,-1.5454822249613125,0.0354466438293457,1.5809288687906582,-1.5809288687906582
CHEMBL244_Ki,molformer,mlp,crem_lime,42,label_permuted,200,test,3010,3013,0.2693391439991856,0.2127659574468085,0.0718632369719385,1.0,-1.5740312677277188,0.21342682838439941,1.7874580961121183,-1.7874580961121183
CHEMBL244_Ki,molformer,mlp,crem_lime,42,label_permuted,202,test,3034,3036,0.24533740673446558,0.1935483870967742,0.06421838435073733,0.967741935483871,1.7861201800549193,0.049321651458740234,1.7367985285961791,-1.7367985285961791
CHEMBL4616_EC50,unimol,xgboost,crem_mean,42,trained,2,test,16,37,0.16069930342802224,0.15942028985507245,0.0015215851126471691,0.7101449275362319,-1.8784542062890395,0.17554306983947754,2.0539972761285172,-2.0539972761285172
CHEMBL4616_EC50,unimol,xgboost,crem_mean,42,trained,7,test,135,141,0.398633135832737,0.32941176470588235,0.1032248516803973,0.788235294117647,-1.4449365713482611,0.1831892728805542,1.6281258442288153,-1.6281258442288153
CHEMBL4616_EC50,unimol,xgboost,crem_mean,42,trained,13,test,120,124,0.2948692518187376,0.3333333333333333,-0.0576961222718936,0.875,-1.224014811372864,0.04997360706329346,1.2739884184361574,-1.2739884184361574
CHEMBL4616_EC50,unimol,xgboost,crem_mean,42,trained,14,test,189,193,0.2326672295712543,0.25757575757575757,-0.033550262210147265,0.5757575757575758,-1.5999318377006544,0.3480271100997925,1.9479589478004469,-1.9479589478004469
CHEMBL4616_EC50,unimol,xgboost,crem_mean,42,trained,23,test,283,296,0.4600123374360979,0.4528301886792453,0.013125996003902992,1.0,-1.6478174818886377,-0.1727379560470581,1.4750795258415796,-1.4750795258415796
CHEMBL4616_EC50,unimol,xgboost,crem_mean,42,trained,31,test,544,546,0.07936507936507936,0.07936507936507936,0.0,0.0,1.9661417327390323,0.18631184101104736,1.779829891727985,-1.779829891727985
CHEMBL4616_EC50,unimol,xgboost,crem_mean,42,trained,34,test,604,608,0.15151515151515152,0.15151515151515152,0.0,0.45454545454545453,1.3025140804612594,0.014646053314208984,1.2878680271470504,-1.2878680271470504
CHEMBL4616_EC50,unimol,xgboost,crem_mean,42,trained,35,test,610,614,0.46591818913800337,0.21875,0.31637528209664434,0.4375,1.995055729081308,0.012147188186645508,1.9829085408946625,-1.9829085408946625
CHEMBL4616_EC50,unimol,xgboost,crem_mean,42,trained,37,test,648,651,0.5976450804994351,0.323943661971831,0.4048500149054144,0.7464788732394366,-2.195031560679157,0.017193317413330078,2.212224878092487,-2.212224878092487
CHEMBL4616_EC50,unimol,xgboost,crem_lime,42,trained,2,test,16,37,0.2604922725036577,0.15942028985507245,0.12024080694400659,1.0,-1.8784542062890395,0.17554306983947754,2.0539972761285172,-2.0539972761285172
CHEMBL4616_EC50,unimol,xgboost,crem_lime,42,trained,7,test,135,141,0.3531001890923714,0.32941176470588235,0.03532484338336086,0.9764705882352941,-1.4449365713482611,0.1831892728805542,1.6281258442288153,-1.6281258442288153
CHEMBL4616_EC50,unimol,xgboost,crem_lime,42,trained,13,test,120,124,0.2696711279678193,0.3333333333333333,-0.09549330804827104,0.9861111111111112,-1.224014811372864,0.04997360706329346,1.2739884184361574,-1.2739884184361574
CHEMBL4616_EC50,unimol,xgboost,crem_lime,42,trained,14,test,189,193,0.17040977973970967,0.25757575757575757,-0.11740723545263596,0.9545454545454546,-1.5999318377006544,0.3480271100997925,1.9479589478004469,-1.9479589478004469
CHEMBL4616_EC50,unimol,xgboost,crem_lime,42,trained,23,test,283,296,0.5381206427243616,0.4528301886792453,0.15587565739279868,1.0,-1.6478174818886377,-0.1727379560470581,1.4750795258415796,-1.4750795258415796
CHEMBL4616_EC50,unimol,xgboost,crem_lime,42,trained,31,test,544,546,0.07936507936507936,0.07936507936507936,0.0,0.0,1.9661417327390323,0.18631184101104736,1.779829891727985,-1.779829891727985
CHEMBL4616_EC50,unimol,xgboost,crem_lime,42,trained,34,test,604,608,0.12345346177293333,0.15151515151515152,-0.03307270576761429,0.9696969696969697,1.3025140804612594,0.014646053314208984,1.2878680271470504,-1.2878680271470504
CHEMBL4616_EC50,unimol,xgboost,crem_lime,42,trained,35,test,610,614,0.18789445462489113,0.21875,-0.03949509808013936,0.96875,1.995055729081308,0.012147188186645508,1.9829085408946625,-1.9829085408946625
CHEMBL4616_EC50,unimol,xgboost,crem_lime,42,trained,37,test,648,651,0.41757544343632014,0.323943661971831,0.1384970100828902,1.0,-2.195031560679157,0.017193317413330078,2.212224878092487,-2.212224878092487
CHEMBL4616_EC50,unimol,xgboost,crem_mean,42,label_permuted,2,test,16,37,0.18578546017697253,0.15942028985507245,0.031365461245019065,0.7101449275362319,-1.8784542062890395,0.0,1.8784542062890395,-1.8784542062890395
CHEMBL4616_EC50,unimol,xgboost,crem_mean,42,label_permuted,7,test,135,141,0.4945984973842763,0.32941176470588235,0.24633109259058744,0.788235294117647,-1.4449365713482611,0.03417181968688965,1.4791083910351508,-1.4791083910351508
CHEMBL4616_EC50,unimol,xgboost,crem_mean,42,label_permuted,13,test,120,124,0.39089637537846916,0.3333333333333333,0.08634456306770376,0.875,-1.224014811372864,0.012036919593811035,1.236051730966675,-1.236051730966675
CHEMBL4616_EC50,unimol,xgboost,crem_mean,42,label_permuted,14,test,189,193,0.5196078431372548,0.25757575757575757,0.35294117647058815,0.5757575757575758,-1.5999318377006544,0.0,1.5999318377006544,-1.5999318377006544
CHEMBL4616_EC50,unimol,xgboost,crem_mean,42,label_permuted,23,test,283,296,0.39672933010197164,0.4528301886792453,-0.10252915533087943,1.0,-1.6478174818886377,0.0,1.6478174818886377,-1.6478174818886377
CHEMBL4616_EC50,unimol,xgboost,crem_mean,42,label_permuted,31,test,544,546,0.07936507936507936,0.07936507936507936,0.0,0.0,1.9661417327390323,-0.054210782051086426,2.020352514790119,-2.020352514790119
CHEMBL4616_EC50,unimol,xgboost,crem_mean,42,label_permuted,34,test,604,608,0.15151515151515152,0.15151515151515152,0.0,0.45454545454545453,1.3025140804612594,0.0,1.3025140804612594,-1.3025140804612594
CHEMBL4616_EC50,unimol,xgboost,crem_mean,42,label_permuted,35,test,610,614,0.5387566137566138,0.21875,0.40960846560846564,0.4375,1.995055729081308,0.022134900093078613,1.9729208289882294,-1.9729208289882294
CHEMBL4616_EC50,unimol,xgboost,crem_mean,42,label_permuted,37,test,648,651,0.39839602984914835,0.323943661971831,0.11012746081853192,0.7464788732394366,-2.195031560679157,0.0,2.195031560679157,-2.195031560679157
CHEMBL4616_EC50,unimol,xgboost,crem_lime,42,label_permuted,2,test,16,37,0.13128758699561813,0.15942028985507245,-0.033468215470730145,1.0,-1.8784542062890395,0.0,1.8784542062890395,-1.8784542062890395
CHEMBL4616_EC50,unimol,xgboost,crem_lime,42,label_permuted,7,test,135,141,0.4573498718842617,0.32941176470588235,0.19078489666951304,0.9764705882352941,-1.4449365713482611,0.03417181968688965,1.4791083910351508,-1.4791083910351508
CHEMBL4616_EC50,unimol,xgboost,crem_lime,42,label_permuted,13,test,120,124,0.314423668777221,0.3333333333333333,-0.02836449683416847,0.9861111111111112,-1.224014811372864,0.012036919593811035,1.236051730966675,-1.236051730966675
CHEMBL4616_EC50,unimol,xgboost,crem_lime,42,label_permuted,14,test,189,193,0.6647431911453799,0.25757575757575757,0.5484296043998995,0.9545454545454546,-1.5999318377006544,0.0,1.5999318377006544,-1.5999318377006544
CHEMBL4616_EC50,unimol,xgboost,crem_lime,42,label_permuted,23,test,283,296,0.44378888694813556,0.4528301886792453,-0.01652375833616606,1.0,-1.6478174818886377,0.0,1.6478174818886377,-1.6478174818886377
CHEMBL4616_EC50,unimol,xgboost,crem_lime,42,label_permuted,31,test,544,546,0.07936507936507936,0.07936507936507936,0.0,0.0,1.9661417327390323,-0.054210782051086426,2.020352514790119,-2.020352514790119
CHEMBL4616_EC50,unimol,xgboost,crem_lime,42,label_permuted,34,test,604,608,0.12224647401162013,0.15151515151515152,-0.034495227057733426,0.9696969696969697,1.3025140804612594,0.0,1.3025140804612594,-1.3025140804612594
CHEMBL4616_EC50,unimol,xgboost,crem_lime,42,label_permuted,35,test,610,614,0.31498744029282155,0.21875,0.12318392357481159,0.96875,1.995055729081308,0.022134900093078613,1.9729208289882294,-1.9729208289882294
CHEMBL4616_EC50,unimol,xgboost,crem_lime,42,label_permuted,37,test,648,651,0.21860259737347748,0.323943661971831,-0.15581699138506458,1.0,-2.195031560679157,0.0,2.195031560679157,-2.195031560679157
CHEMBL4616_EC50,unimol,mlp,crem_mean,42,trained,2,test,16,37,0.26568750256906176,0.15942028985507245,0.12642133926319418,0.7101449275362319,-1.8784542062890395,-0.03485947847366333,1.8435947278153761,-1.8435947278153761
CHEMBL4616_EC50,unimol,mlp,crem_mean,42,trained,7,test,135,141,0.40388315970363653,0.32941176470588235,0.11105383464577377,0.788235294117647,-1.4449365713482611,0.4393044710159302,1.8842410423641913,-1.8842410423641913
CHEMBL4616_EC50,unimol,mlp,crem_mean,42,trained,13,test,120,124,0.3194405208210399,0.3333333333333333,-0.020839218768440106,0.875,-1.224014811372864,0.14453530311584473,1.3685501144887087,-1.3685501144887087
CHEMBL4616_EC50,unimol,mlp,crem_mean,42,trained,14,test,189,193,0.256209010684714,0.25757575757575757,-0.0018409243838545728,0.5757575757575758,-1.5999318377006544,-0.38927364349365234,1.210658194207002,-1.210658194207002
CHEMBL4616_EC50,unimol,mlp,crem_mean,42,trained,23,test,283,296,0.43075119681410956,0.4528301886792453,-0.040351260994903236,1.0,-1.6478174818886377,-0.1420431137084961,1.5057743681801417,-1.5057743681801417
CHEMBL4616_EC50,unimol,mlp,crem_mean,42,trained,31,test,544,546,0.07936507936507936,0.07936507936507936,0.0,0.0,1.9661417327390323,0.6720542907714844,1.2940874419675479,-1.2940874419675479
CHEMBL4616_EC50,unimol,mlp,crem_mean,42,trained,34,test,604,608,0.15151515151515152,0.15151515151515152,0.0,0.45454545454545453,1.3025140804612594,0.24496126174926758,1.0575528187119918,-1.0575528187119918
CHEMBL4616_EC50,unimol,mlp,crem_mean,42,trained,35,test,610,614,0.49674369747899166,0.21875,0.3558319327731093,0.4375,1.995055729081308,0.12951838970184326,1.8655373393794648,-1.8655373393794648
CHEMBL4616_EC50,unimol,mlp,crem_mean,42,trained,37,test,648,651,0.5356604770688354,0.323943661971831,0.31316445566431894,0.7464788732394366,-2.195031560679157,-0.21817564964294434,1.9768559110362127,-1.9768559110362127
CHEMBL4616_EC50,unimol,mlp,crem_lime,42,trained,2,test,16,37,0.3506875502978156,0.15942028985507245,0.2275420856991255,1.0,-1.8784542062890395,-0.03485947847366333,1.8435947278153761,-1.8435947278153761
CHEMBL4616_EC50,unimol,mlp,crem_lime,42,trained,7,test,135,141,0.37065387444944775,0.32941176470588235,0.061501391722860684,0.9764705882352941,-1.4449365713482611,0.4393044710159302,1.8842410423641913,-1.8842410423641913
CHEMBL4616_EC50,unimol,mlp,crem_lime,42,trained,13,test,120,124,0.23943155120605666,0.3333333333333333,-0.14085267319091496,0.9861111111111112,-1.224014811372864,0.14453530311584473,1.3685501144887087,-1.3685501144887087
CHEMBL4616_EC50,unimol,mlp,crem_lime,42,trained,14,test,189,193,0.3510490136210168,0.25757575757575757,0.12590275304055326,0.9545454545454546,-1.5999318377006544,-0.38927364349365234,1.210658194207002,-1.210658194207002
CHEMBL4616_EC50,unimol,mlp,crem_lime,42,trained,23,test,283,296,0.4871983668789907,0.4528301886792453,0.06281080843401748,1.0,-1.6478174818886377,-0.1420431137084961,1.5057743681801417,-1.5057743681801417
CHEMBL4616_EC50,unimol,mlp,crem_lime,42,trained,31,test,544,546,0.07936507936507936,0.07936507936507936,0.0,0.0,1.9661417327390323,0.6720542907714844,1.2940874419675479,-1.2940874419675479
CHEMBL4616_EC50,unimol,mlp,crem_lime,42,trained,34,test,604,608,0.11140442125241744,0.15151515151515152,-0.04727336066679374,0.9696969696969697,1.3025140804612594,0.24496126174926758,1.0575528187119918,-1.0575528187119918
CHEMBL4616_EC50,unimol,mlp,crem_lime,42,trained,35,test,610,614,0.17551860279601786,0.21875,-0.05533618842109714,0.96875,1.995055729081308,0.12951838970184326,1.8655373393794648,-1.8655373393794648
CHEMBL4616_EC50,unimol,mlp,crem_lime,42,trained,37,test,648,651,0.29586292852203555,0.323943661971831,-0.0415360848944891,1.0,-2.195031560679157,-0.21817564964294434,1.9768559110362127,-1.9768559110362127
CHEMBL4616_EC50,unimol,mlp,crem_mean,42,label_permuted,2,test,16,37,0.31378340050753845,0.15942028985507245,0.18363887301758886,0.7101449275362319,-1.8784542062890395,0.0677560567855835,1.946210263074623,-1.946210263074623
CHEMBL4616_EC50,unimol,mlp,crem_mean,42,label_permuted,7,test,135,141,0.6332500851867751,0.32941176470588235,0.45309223229606804,0.788235294117647,-1.4449365713482611,0.3527907133102417,1.7977272846585028,-1.7977272846585028
CHEMBL4616_EC50,unimol,mlp,crem_mean,42,label_permuted,13,test,120,124,0.46127758188139545,0.3333333333333333,0.19191637282209317,0.875,-1.224014811372864,-0.12035202980041504,1.103662781572449,-1.103662781572449
CHEMBL4616_EC50,unimol,mlp,crem_mean,42,label_permuted,14,test,189,193,0.3812740407167652,0.25757575757575757,0.16661401402666332,0.5757575757575758,-1.5999318377006544,0.05989408493041992,1.6598259226310743,-1.6598259226310743
CHEMBL4616_EC50,unimol,mlp,crem_mean,42,label_permuted,23,test,283,296,0.696423866815872,0.4528301886792453,0.44518844624969706,1.0,-1.6478174818886377,0.025651633739471436,1.6734691156281092,-1.6734691156281092
CHEMBL4616_EC50,unimol,mlp,crem_mean,42,label_permuted,31,test,544,546,0.07936507936507936,0.07936507936507936,0.0,0.0,1.9661417327390323,0.004563093185424805,1.9615786395536075,-1.9615786395536075
CHEMBL4616_EC50,unimol,mlp,crem_mean,42,label_permuted,34,test,604,608,0.15151515151515152,0.15151515151515152,0.0,0.45454545454545453,1.3025140804612594,0.11478304862976074,1.1877310318314986,-1.1877310318314986
CHEMBL4616_EC50,unimol,mlp,crem_mean,42,label_permuted,35,test,610,614,0.7195771527234376,0.21875,0.6410587554860001,0.4375,1.995055729081308,0.12119472026824951,1.8738610088130585,-1.8738610088130585
CHEMBL4616_EC50,unimol,mlp,crem_mean,42,label_permuted,37,test,648,651,0.6356098486992554,0.323943661971831,0.4610062345343153,0.7464788732394366,-2.195031560679157,0.36394166946411133,2.5589732301432684,-2.5589732301432684
CHEMBL4616_EC50,unimol,mlp,crem_lime,42,label_permuted,2,test,16,37,0.4465497012084393,0.15942028985507245,0.34158498936866055,1.0,-1.8784542062890395,0.0677560567855835,1.946210263074623,-1.946210263074623
CHEMBL4616_EC50,unimol,mlp,crem_lime,42,label_permuted,7,test,135,141,0.5857543774333854,0.32941176470588235,0.3822652996813642,0.9764705882352941,-1.4449365713482611,0.3527907133102417,1.7977272846585028,-1.7977272846585028
CHEMBL4616_EC50,unimol,mlp,crem_lime,42,label_permuted,13,test,120,124,0.2907781100566543,0.3333333333333333,-0.06383283491501847,0.9861111111111112,-1.224014811372864,-0.12035202980041504,1.103662781572449,-1.103662781572449
CHEMBL4616_EC50,unimol,mlp,crem_lime,42,label_permuted,14,test,189,193,0.6029971009382774,0.25757575757575757,0.4652614012638022,0.9545454545454546,-1.5999318377006544,0.05989408493041992,1.6598259226310743,-1.6598259226310743
CHEMBL4616_EC50,unimol,mlp,crem_lime,42,label_permuted,23,test,283,296,0.5065240592434543,0.4528301886792453,0.09813017723803723,1.0,-1.6478174818886377,0.025651633739471436,1.6734691156281092,-1.6734691156281092
CHEMBL4616_EC50,unimol,mlp,crem_lime,42,label_permuted,31,test,544,546,0.07936507936507936,0.07936507936507936,0.0,0.0,1.9661417327390323,0.004563093185424805,1.9615786395536075,-1.9615786395536075
CHEMBL4616_EC50,unimol,mlp,crem_lime,42,label_permuted,34,test,604,608,0.34623905723905724,0.15151515151515152,0.22949603174603173,0.9696969696969697,1.3025140804612594,0.11478304862976074,1.1877310318314986,-1.1877310318314986
CHEMBL4616_EC50,unimol,mlp,crem_lime,42,label_permuted,35,test,610,614,0.14567302647309985,0.21875,-0.0935385261144322,0.96875,1.995055729081308,0.12119472026824951,1.8738610088130585,-1.8738610088130585
CHEMBL4616_EC50,unimol,mlp,crem_lime,42,label_permuted,37,test,648,651,0.3789770732912906,0.323943661971831,0.08140358757670066,1.0,-2.195031560679157,0.36394166946411133,2.5589732301432684,-2.5589732301432684
CHEMBL239_EC50,unimol,xgboost,crem_mean,42,trained,1,test,1,33,0.446913551310598,0.2542372881355932,0.25836135289375645,1.0,2.513097461879629,0.6847350597381592,1.8283624021414697,-1.8283624021414697
CHEMBL239_EC50,unimol,xgboost,crem_mean,42,trained,2,test,21,34,0.2209186848085085,0.2631578947368421,-0.0573246420455956,1.0,-1.576252727721677,0.24914956092834473,1.8254022886500216,-1.8254022886500216
CHEMBL239_EC50,unimol,xgboost,crem_mean,42,trained,7,test,62,64,0.0685158891142664,0.05555555555555555,0.013722706120987955,0.9305555555555556,-1.5328392767509351,0.1440293788909912,1.6768686556419263,-1.6768686556419263
CHEMBL239_EC50,unimol,xgboost,crem_mean,42,trained,14,test,141,143,0.11778499278499277,0.05970149253731343,0.061771341533246274,0.9104477611940298,-1.486881092008819,-0.12937092781066895,1.35751016419815,-1.35751016419815
CHEMBL239_EC50,unimol,xgboost,crem_mean,42,trained,16,test,150,156,0.3376544640534812,0.373134328358209,-0.05659883115278001,0.5223880597014925,-1.01424043911461,-0.10595893859863281,0.9082815005159772,-0.9082815005159772
CHEMBL239_EC50,unimol,xgboost,crem_mean,42,trained,18,test,168,171,0.12238063568094196,0.1095890410958904,0.014365944687827127,0.726027397260274,-1.6627578316815739,-0.29314494132995605,1.3696128903516178,-1.3696128903516178
CHEMBL239_EC50,unimol,xgboost,crem_mean,42,trained,22,test,190,193,0.542032967032967,0.16666666666666666,0.4504395604395604,1.0,1.334888262924949,-0.029209136962890625,1.3640973998878396,-1.3640973998878396
CHEMBL239_EC50,unimol,xgboost,crem_mean,42,trained,24,test,198,199,0.2031486535102388,0.27586206896551724,-0.1004137642001464,0.9137931034482759,-1.0299632233774436,0.456683874130249,1.4866470975076926,-1.4866470975076926
CHEMBL239_EC50,unimol,xgboost,crem_mean,42,trained,25,test,203,215,0.39910985870288196,0.3230769230769231,0.11232138217471195,0.6923076923076923,1.4471580313422194,-0.06334400177001953,1.510502033112239,-1.510502033112239
CHEMBL239_EC50,unimol,xgboost,crem_mean,42,trained,26,test,210,270,0.46064501142619646,0.5384615384615384,-0.16860247524324093,0.7076923076923077,1.5118833609788744,0.3695518970489502,1.1423314639299242,-1.1423314639299242
CHEMBL239_EC50,unimol,xgboost,crem_mean,42,trained,29,test,265,1411,0.2694240684710886,0.3,-0.04367990218415917,0.85,-1.2674291939120836,-0.5166981220245361,0.7507310718875475,-0.7507310718875475
CHEMBL239_EC50,unimol,xgboost,crem_mean,42,trained,30,test,266,1315,0.5343463057554321,0.3181818181818182,0.3170412484413003,1.0,1.2922560713564755,0.38626599311828613,0.9059900782381893,-0.9059900782381893
CHEMBL239_EC50,unimol,xgboost,crem_mean,42,trained,35,test,309,311,0.5428157344977836,0.2777777777777778,0.36697563238154657,0.75,-1.3047578681832246,0.3290978670120239,1.6338557351952485,-1.6338557351952485
CHEMBL239_EC50,unimol,xgboost,crem_mean,42,trained,37,test,358,359,0.2187332887700535,0.1388888888888889,0.09272252889425565,0.75,-1.1892094895823062,-0.10103869438171387,1.0881707952005923,-1.0881707952005923
CHEMBL239_EC50,unimol,xgboost,crem_mean,42,trained,38,test,363,430,0.3593690800730808,0.3076923076923077,0.07464422677222783,0.5128205128205128,-1.888425224949682,0.5167994499206543,2.405224674870336,-2.405224674870336
CHEMBL239_EC50,unimol,xgboost,crem_mean,42,trained,40,test,371,372,0.15022598870056497,0.07575757575757576,0.08057238121700473,1.0,-1.4393326938302626,-0.783886194229126,0.6554464996011367,-0.6554464996011367
CHEMBL239_EC50,unimol,xgboost,crem_mean,42,trained,48,test,457,460,0.4484274265903064,0.22666666666666666,0.28675960334953415,1.0,-1.1677391846909155,0.5396156311035156,1.7073548157944312,-1.7073548157944312
CHEMBL239_EC50,unimol,xgboost,crem_mean,42,trained,52,test,500,526,0.26806867596341283,0.2923076923076923,-0.03425078396474277,0.46153846153846156,-1.7703259128716877,-0.12519288063049316,1.6451330322411946,-1.6451330322411946
CHEMBL239_EC50,unimol,xgboost,crem_mean,42,trained,57,test,580,833,0.675248551128011,0.5625,0.2577109740068822,1.0,-1.2487021153086655,-0.14265656471252441,1.106045550596141,-1.106045550596141
CHEMBL239_EC50,unimol,xgboost,crem_mean,42,trained,66,test,793,798,0.7128716703423068,0.36363636363636365,0.5487983391093393,0.7818181818181819,1.4771212547196626,0.17776823043823242,1.2993530242814302,-1.2993530242814302
CHEMBL239_EC50,unimol,xgboost,crem_mean,42,trained,68,test,802,803,0.07014809165078706,0.07894736842105263,-0.00955350049343119,0.7368421052631579,-1.698970004336019,-0.15169668197631836,1.5472733223597006,-1.5472733223597006
CHEMBL239_EC50,unimol,xgboost,crem_mean,42,trained,74,test,845,861,0.25465566242232535,0.17073170731707318,0.10120241645045114,1.0,1.662757831681574,0.3223302364349365,1.3404275952466376,-1.3404275952466376
CHEMBL239_EC50,unimol,xgboost,crem_mean,42,trained,75,test,846,849,0.1639422118780654,0.1891891891891892,-0.031137938683719352,0.918918918918919,1.3521825181113623,1.0986534357070923,0.25352908240426997,-0.25352908240426997
CHEMBL239_EC50,unimol,xgboost,crem_mean,42,trained,85,test,1037,1046,0.18450701091575777,0.14285714285714285,0.04859151273505074,0.6507936507936508,-1.3644169745283738,-0.25775718688964844,1.1066597876387254,-1.1066597876387254
CHEMBL239_EC50,unimol,xgboost,crem_mean,42,trained,91,test,1077,1083,0.33669413825663824,0.3076923076923077,0.04189153303736633,1.0,1.1167442579930285,-0.009779691696166992,1.1265239496891954,-1.1265239496891954
CHEMBL239_EC50,unimol,xgboost,crem_mean,42,trained,102,test,1198,1201,0.13541666666666666,0.05333333333333334,0.08670774647887322,1.0,1.33059822630669,-0.2884867191314697,1.6190849454381597,-1.6190849454381597
CHEMBL239_EC50,unimol,xgboost,crem_mean,42,trained,107,test,1272,1278,0.39931451712445487,0.3333333333333333,0.09897177568668232,1.0,1.640481436970422,-0.31161952018737793,1.9521009571577999,-1.9521009571577999
CHEMBL239_EC50,unimol,xgboost,crem_mean,42,trained,114,test,1379,1715,0.41730090018789306,0.43333333333333335,-0.028292529080188738,1.0,-1.666517980554881,-0.04831576347351074,1.6182022170813704,-1.6182022170813704
CHEMBL239_EC50,unimol,xgboost,crem_mean,42,trained,115,test,1393,1394,0.3194768194768195,0.19230769230769232,0.15744749078082412,0.8846153846153846,1.034762106259212,0.25870609283447266,0.7760560134247394,-0.7760560134247394
CHEMBL239_EC50,unimol,xgboost,crem_mean,42,trained,118,test,1464,1467,0.13961062064669832,0.16883116883116883,-0.035155972034441076,0.935064935064935,-2.740362689494244,0.3191736936569214,3.0595363831511655,-3.0595363831511655
CHEMBL239_EC50,unimol,xgboost,crem_mean,42,trained,124,test,1559,1563,0.14322099465448956,0.13793103448275862,0.006136353799207897,0.9137931034482759,1.607639868708799,0.014283418655395508,1.5933564500534034,-1.5933564500534034
CHEMBL239_EC50,unimol,xgboost,crem_mean,42,trained,126,test,1623,1624,0.3392857142857143,0.07272727272727272,0.28746498599439774,0.8181818181818182,1.6823707425165568,-0.28296780586242676,1.9653385483789836,-1.9653385483789836
CHEMBL239_EC50,unimol,xgboost,crem_mean,42,trained,127,test,1641,1656,0.1482919254658385,0.07272727272727272,0.08149129216904152,1.0,-1.047424649928138,-0.57193922996521,0.47548541996292815,-0.47548541996292815
CHEMBL239_EC50,unimol,xgboost,crem_lime,42,trained,1,test,1,33,0.7128739778739779,0.2542372881355932,0.6149901066946521,1.0,2.513097461879629,0.6847350597381592,1.8283624021414697,-1.8283624021414697
CHEMBL239_EC50,unimol,xgboost,crem_lime,42,trained,2,test,21,34,0.16678212940695156,0.2631578947368421,-0.13079568151913715,1.0,-1.576252727721677,0.24914956092834473,1.8254022886500216,-1.8254022886500216
CHEMBL239_EC50,unimol,xgboost,crem_lime,42,trained,7,test,62,64,0.6875,0.05555555555555555,0.6691176470588235,1.0,-1.5328392767509351,0.1440293788909912,1.6768686556419263,-1.6768686556419263
CHEMBL239_EC50,unimol,xgboost,crem_lime,42,trained,14,test,141,143,0.09232456140350877,0.05970149253731343,0.03469437482595377,1.0,-1.486881092008819,-0.12937092781066895,1.35751016419815,-1.35751016419815
CHEMBL239_EC50,unimol,xgboost,crem_lime,42,trained,16,test,150,156,0.2779645553116429,0.373134328358209,-0.1518184474790459,0.835820895522388,-1.01424043911461,-0.10595893859863281,0.9082815005159772,-0.9082815005159772
CHEMBL239_EC50,unimol,xgboost,crem_lime,42,trained,18,test,168,171,0.1837773072022064,0.1095890410958904,0.08331912962709334,1.0,-1.6627578316815739,-0.29314494132995605,1.3696128903516178,-1.3696128903516178
CHEMBL239_EC50,unimol,xgboost,crem_lime,42,trained,22,test,190,193,0.31215669897735115,0.16666666666666666,0.1745880387728214,1.0,1.334888262924949,-0.029209136962890625,1.3640973998878396,-1.3640973998878396
CHEMBL239_EC50,unimol,xgboost,crem_lime,42,trained,24,test,198,199,0.23203180728974054,0.27586206896551724,-0.06052750421892972,1.0,-1.0299632233774436,0.456683874130249,1.4866470975076926,-1.4866470975076926
CHEMBL239_EC50,unimol,xgboost,crem_lime,42,trained,25,test,203,215,0.3050487201255611,0.3230769230769231,-0.026632572541784746,0.9846153846153847,1.4471580313422194,-0.06334400177001953,1.510502033112239,-1.510502033112239
CHEMBL239_EC50,unimol,xgboost,crem_lime,42,trained,26,test,210,270,0.4695772961456896,0.5384615384615384,-0.14924919168433912,0.9846153846153847,1.5118833609788744,0.3695518970489502,1.1423314639299242,-1.1423314639299242
CHEMBL239_EC50,unimol,xgboost,crem_lime,42,trained,29,test,265,1411,0.2899241849858742,0.3,-0.014394021448751144,1.0,-1.2674291939120836,-0.5166981220245361,0.7507310718875475,-0.7507310718875475
CHEMBL239_EC50,unimol,xgboost,crem_lime,42,trained,30,test,266,1315,0.7530813376401612,0.3181818181818182,0.637852628538903,1.0,1.2922560713564755,0.38626599311828613,0.9059900782381893,-0.9059900782381893
CHEMBL239_EC50,unimol,xgboost,crem_lime,42,trained,35,test,309,311,0.8803001165501166,0.2777777777777778,0.8342616998386231,1.0,-1.3047578681832246,0.3290978670120239,1.6338557351952485,-1.6338557351952485
CHEMBL239_EC50,unimol,xgboost,crem_lime,42,trained,37,test,358,359,0.7247252747252747,0.1388888888888889,0.6803261254874157,1.0,-1.1892094895823062,-0.10103869438171387,1.0881707952005923,-1.0881707952005923
CHEMBL239_EC50,unimol,xgboost,crem_lime,42,trained,38,test,363,430,0.4311664993926265,0.3076923076923077,0.17835161023379384,1.0,-1.888425224949682,0.5167994499206543,2.405224674870336,-2.405224674870336
CHEMBL239_EC50,unimol,xgboost,crem_lime,42,trained,40,test,371,372,0.08162277814351547,0.07575757575757576,0.0063459566798691955,1.0,-1.4393326938302626,-0.783886194229126,0.6554464996011367,-0.6554464996011367
CHEMBL239_EC50,unimol,xgboost,crem_lime,42,trained,48,test,457,460,0.22899739317731285,0.22666666666666666,0.0030138704879045654,1.0,-1.1677391846909155,0.5396156311035156,1.7073548157944312,-1.7073548157944312
CHEMBL239_EC50,unimol,xgboost,crem_lime,42,trained,52,test,500,526,0.19042993802806046,0.2923076923076923,-0.1439576962646972,0.9538461538461539,-1.7703259128716877,-0.12519288063049316,1.6451330322411946,-1.6451330322411946
CHEMBL239_EC50,unimol,xgboost,crem_lime,42,trained,57,test,580,833,0.6279459996209923,0.5625,0.1495908562765538,1.0,-1.2487021153086655,-0.14265656471252441,1.106045550596141,-1.106045550596141
CHEMBL239_EC50,unimol,xgboost,crem_lime,42,trained,66,test,793,798,0.36382360938617553,0.36363636363636365,0.0002942433211329571,1.0,1.4771212547196626,0.17776823043823242,1.2993530242814302,-1.2993530242814302
CHEMBL239_EC50,unimol,xgboost,crem_lime,42,trained,68,test,802,803,0.06774621515155244,0.07894736842105263,-0.012161252121171636,1.0,-1.698970004336019,-0.15169668197631836,1.5472733223597006,-1.5472733223597006
CHEMBL239_EC50,unimol,xgboost,crem_lime,42,trained,74,test,845,861,0.14363845424835758,0.17073170731707318,-0.03267127575933352,1.0,1.662757831681574,0.3223302364349365,1.3404275952466376,-1.3404275952466376
CHEMBL239_EC50,unimol,xgboost,crem_lime,42,trained,75,test,846,849,0.1832142341639547,0.1891891891891892,-0.007369111197789233,1.0,1.3521825181113623,1.0986534357070923,0.25352908240426997,-0.25352908240426997
CHEMBL239_EC50,unimol,xgboost,crem_lime,42,trained,85,test,1037,1046,0.16622245578102962,0.14285714285714285,0.027259531744534566,1.0,-1.3644169745283738,-0.25775718688964844,1.1066597876387254,-1.1066597876387254
CHEMBL239_EC50,unimol,xgboost,crem_lime,42,trained,91,test,1077,1083,0.3433168152820786,0.3076923076923077,0.05145762207411348,0.9615384615384616,1.1167442579930285,-0.009779691696166992,1.1265239496891954,-1.1265239496891954
CHEMBL239_EC50,unimol,xgboost,crem_lime,42,trained,102,test,1198,1201,0.09214654560026228,0.05333333333333334,0.04099987211295311,1.0,1.33059822630669,-0.2884867191314697,1.6190849454381597,-1.6190849454381597
CHEMBL239_EC50,unimol,xgboost,crem_lime,42,trained,107,test,1272,1278,0.21949810229039646,0.3333333333333333,-0.17075284656440526,1.0,1.640481436970422,-0.31161952018737793,1.9521009571577999,-1.9521009571577999
CHEMBL239_EC50,unimol,xgboost,crem_lime,42,trained,114,test,1379,1715,0.36324805349746353,0.43333333333333335,-0.12367990559271144,1.0,-1.666517980554881,-0.04831576347351074,1.6182022170813704,-1.6182022170813704
CHEMBL239_EC50,unimol,xgboost,crem_lime,42,trained,115,test,1393,1394,0.4520004391743522,0.19230769230769232,0.32152435326348366,1.0,1.034762106259212,0.25870609283447266,0.7760560134247394,-0.7760560134247394
CHEMBL239_EC50,unimol,xgboost,crem_lime,42,trained,118,test,1464,1467,0.18790897710649843,0.16883116883116883,0.022952988081255916,0.987012987012987,-2.740362689494244,0.3191736936569214,3.0595363831511655,-3.0595363831511655
CHEMBL239_EC50,unimol,xgboost,crem_lime,42,trained,124,test,1559,1563,0.10000945651119514,0.13793103448275862,-0.04398903044701364,1.0,1.607639868708799,0.014283418655395508,1.5933564500534034,-1.5933564500534034
CHEMBL239_EC50,unimol,xgboost,crem_lime,42,trained,126,test,1623,1624,0.13589743589743591,0.07272727272727272,0.06812468577174462,1.0,1.6823707425165568,-0.28296780586242676,1.9653385483789836,-1.9653385483789836
CHEMBL239_EC50,unimol,xgboost,crem_lime,42,trained,127,test,1641,1656,0.09380570409982175,0.07272727272727272,0.022731641676278364,1.0,-1.047424649928138,-0.57193922996521,0.47548541996292815,-0.47548541996292815
CHEMBL239_EC50,unimol,xgboost,crem_mean,42,label_permuted,1,test,1,33,0.191498077911871,0.2542372881355932,-0.08412757734544567,1.0,2.513097461879629,0.08950114250183105,2.423596319377798,-2.423596319377798
CHEMBL239_EC50,unimol,xgboost,crem_mean,42,label_permuted,2,test,21,34,0.2078342789557326,0.2631578947368421,-0.0750820499886486,1.0,-1.576252727721677,-0.1157691478729248,1.460483579848752,-1.460483579848752
CHEMBL239_EC50,unimol,xgboost,crem_mean,42,label_permuted,7,test,62,64,0.06530032467532468,0.05555555555555555,0.010317990832696721,0.9305555555555556,-1.5328392767509351,-0.07519102096557617,1.457648255785359,-1.457648255785359
CHEMBL239_EC50,unimol,xgboost,crem_mean,42,label_permuted,14,test,141,143,0.07962713387241688,0.05970149253731343,0.021190761419871917,0.9104477611940298,-1.486881092008819,0.024557828903198242,1.5114389209120171,-1.5114389209120171
CHEMBL239_EC50,unimol,xgboost,crem_mean,42,label_permuted,16,test,150,156,0.3498876207199298,0.373134328358209,-0.037084033613445366,0.5223880597014925,-1.01424043911461,-0.16197562217712402,0.852264816937486,-0.852264816937486
CHEMBL239_EC50,unimol,xgboost,crem_mean,42,label_permuted,18,test,168,171,0.13009339889024563,0.1095890410958904,0.023027971061352785,0.726027397260274,-1.6627578316815739,0.045516014099121094,1.708273845780695,-1.708273845780695
CHEMBL239_EC50,unimol,xgboost,crem_mean,42,label_permuted,22,test,190,193,0.1804518722018722,0.16666666666666666,0.016542246642246648,1.0,1.334888262924949,0.038636207580566406,1.2962520553443826,-1.2962520553443826
CHEMBL239_EC50,unimol,xgboost,crem_mean,42,label_permuted,24,test,198,199,0.18750924370428151,0.27586206896551724,-0.12201104440837314,0.9137931034482759,-1.0299632233774436,0.07136988639831543,1.101333109775759,-1.101333109775759
CHEMBL239_EC50,unimol,xgboost,crem_mean,42,label_permuted,25,test,203,215,0.5446179863591021,0.3230769230769231,0.3272765707577644,0.6923076923076923,1.4471580313422194,0.0831451416015625,1.364012889740657,-1.364012889740657
CHEMBL239_EC50,unimol,xgboost,crem_mean,42,label_permuted,26,test,210,270,0.4766295455911149,0.5384615384615384,-0.1339693178859176,0.7076923076923077,1.5118833609788744,0.11641740798950195,1.3954659529893725,-1.3954659529893725
CHEMBL239_EC50,unimol,xgboost,crem_mean,42,label_permuted,29,test,265,1411,0.477495133074551,0.3,0.25356447582078717,0.85,-1.2674291939120836,0.009614706039428711,1.2770438999515124,-1.2770438999515124
CHEMBL239_EC50,unimol,xgboost,crem_mean,42,label_permuted,30,test,266,1315,0.34448503439243683,0.3181818181818182,0.038578050442240684,1.0,1.2922560713564755,-0.10958433151245117,1.4018404028689266,-1.4018404028689266
CHEMBL239_EC50,unimol,xgboost,crem_mean,42,label_permuted,35,test,309,311,0.524874576898628,0.2777777777777778,0.3421340295519465,0.75,-1.3047578681832246,-0.16195082664489746,1.1428070415383271,-1.1428070415383271
CHEMBL239_EC50,unimol,xgboost,crem_mean,42,label_permuted,37,test,358,359,0.10951216975244435,0.1388888888888889,-0.0341148996423227,0.75,-1.1892094895823062,-0.02522873878479004,1.1639807507975162,-1.1639807507975162
CHEMBL239_EC50,unimol,xgboost,crem_mean,42,label_permuted,38,test,363,430,0.34037693894469667,0.3076923076923077,0.0472111340312285,0.5128205128205128,-1.888425224949682,-0.029262304306030273,1.8591629206436517,-1.8591629206436517
CHEMBL239_EC50,unimol,xgboost,crem_mean,42,label_permuted,40,test,371,372,0.08426368952684742,0.07575757575757576,0.009203336209375891,1.0,-1.4393326938302626,-0.07256603240966797,1.3667666614205947,-1.3667666614205947
CHEMBL239_EC50,unimol,xgboost,crem_mean,42,label_permuted,48,test,457,460,0.31168771155795383,0.22666666666666666,0.10994100632494032,1.0,-1.1677391846909155,-0.35733842849731445,0.8104007561936011,-0.8104007561936011
CHEMBL239_EC50,unimol,xgboost,crem_mean,42,label_permuted,52,test,500,526,0.27440395861448497,0.2923076923076923,-0.025298754131706052,0.46153846153846156,-1.7703259128716877,-0.017455101013183594,1.7528708118585041,-1.7528708118585041
CHEMBL239_EC50,unimol,xgboost,crem_mean,42,label_permuted,57,test,580,833,0.5728421115903295,0.5625,0.023639112206467416,1.0,-1.2487021153086655,-0.020859956741333008,1.2278421585673325,-1.2278421585673325
CHEMBL239_EC50,unimol,xgboost,crem_mean,42,label_permuted,66,test,793,798,0.5532384125688898,0.36363636363636365,0.29794607689396974,0.7818181818181819,1.4771212547196626,-0.028944730758666992,1.5060659854783296,-1.5060659854783296
CHEMBL239_EC50,unimol,xgboost,crem_mean,42,label_permuted,68,test,802,803,0.2233176781239909,0.07894736842105263,0.15674490767747584,0.7368421052631579,-1.698970004336019,-0.015773773193359375,1.6831962311426596,-1.6831962311426596
CHEMBL239_EC50,unimol,xgboost,crem_mean,42,label_permuted,74,test,845,861,0.5550404456654457,0.17073170731707318,0.4634311256553904,1.0,1.662757831681574,0.06436681747436523,1.5983910142072089,-1.5983910142072089
CHEMBL239_EC50,unimol,xgboost,crem_mean,42,label_permuted,75,test,846,849,0.372025087659416,0.1891891891891892,0.22549760811327973,0.918918918918919,1.3521825181113623,-0.025487899780273438,1.3776704178916357,-1.3776704178916357
CHEMBL239_EC50,unimol,xgboost,crem_mean,42,label_permuted,85,test,1037,1046,0.19789640436192163,0.14285714285714285,0.06421247175557523,0.6507936507936508,-1.3644169745283738,-0.006290435791015625,1.3581265387373582,-1.3581265387373582
CHEMBL239_EC50,unimol,xgboost,crem_mean,42,label_permuted,91,test,1077,1083,0.40557303505673076,0.3076923076923077,0.1413832728597222,1.0,1.1167442579930285,-0.05462956428527832,1.1713738222783068,-1.1713738222783068
CHEMBL239_EC50,unimol,xgboost,crem_mean,42,label_permuted,102,test,1198,1201,0.1527611044417767,0.05333333333333334,0.10502933567793313,1.0,1.33059822630669,0.07250237464904785,1.2580958516576422,-1.2580958516576422
CHEMBL239_EC50,unimol,xgboost,crem_mean,42,label_permuted,107,test,1272,1278,0.3758224454808756,0.3333333333333333,0.06373366822131345,1.0,1.640481436970422,-0.006808042526245117,1.647289479496667,-1.647289479496667
CHEMBL239_EC50,unimol,xgboost,crem_mean,42,label_permuted,114,test,1379,1715,0.4414419804339955,0.43333333333333335,0.014309377236462653,1.0,-1.666517980554881,0.04860973358154297,1.715127714136424,-1.715127714136424
CHEMBL239_EC50,unimol,xgboost,crem_mean,42,label_permuted,115,test,1393,1394,0.31698628169216403,0.19230769230769232,0.15436396780934591,0.8846153846153846,1.034762106259212,0.06732535362243652,0.9674367526367755,-0.9674367526367755
CHEMBL239_EC50,unimol,xgboost,crem_mean,42,label_permuted,118,test,1464,1467,0.17817009402019135,0.16883116883116883,0.011235894368042716,0.935064935064935,-2.740362689494244,0.18747544288635254,2.9278381323805966,-2.9278381323805966
CHEMBL239_EC50,unimol,xgboost,crem_mean,42,label_permuted,124,test,1559,1563,0.1841804245283019,0.13793103448275862,0.053649292452830226,0.9137931034482759,1.607639868708799,0.09936761856079102,1.508272250148008,-1.508272250148008
CHEMBL239_EC50,unimol,xgboost,crem_mean,42,label_permuted,126,test,1623,1624,0.42045454545454547,0.07272727272727272,0.37500000000000006,0.8181818181818182,1.6823707425165568,0.020310163497924805,1.662060579018632,-1.662060579018632
CHEMBL239_EC50,unimol,xgboost,crem_mean,42,label_permuted,127,test,1641,1656,0.1356060606060606,0.07272727272727272,0.06781045751633986,1.0,-1.047424649928138,0.04721379280090332,1.0946384427290414,-1.0946384427290414
CHEMBL239_EC50,unimol,xgboost,crem_lime,42,label_permuted,1,test,1,33,0.2033302659305353,0.2542372881355932,-0.06826168886587311,1.0,2.513097461879629,0.08950114250183105,2.423596319377798,-2.423596319377798
CHEMBL239_EC50,unimol,xgboost,crem_lime,42,label_permuted,2,test,21,34,0.16380342092614733,0.2631578947368421,-0.13483821445737146,1.0,-1.576252727721677,-0.1157691478729248,1.460483579848752,-1.460483579848752
CHEMBL239_EC50,unimol,xgboost,crem_lime,42,label_permuted,7,test,62,64,0.04908776301218161,0.05555555555555555,-0.006848250928278293,1.0,-1.5328392767509351,-0.07519102096557617,1.457648255785359,-1.457648255785359
CHEMBL239_EC50,unimol,xgboost,crem_lime,42,label_permuted,14,test,141,143,0.0633032508032508,0.05970149253731343,0.0038304413304413327,1.0,-1.486881092008819,0.024557828903198242,1.5114389209120171,-1.5114389209120171
CHEMBL239_EC50,unimol,xgboost,crem_lime,42,label_permuted,16,test,150,156,0.30575512018733575,0.373134328358209,-0.1074858797011549,0.835820895522388,-1.01424043911461,-0.16197562217712402,0.852264816937486,-0.852264816937486
CHEMBL239_EC50,unimol,xgboost,crem_lime,42,label_permuted,18,test,168,171,0.07653368390205556,0.1095890410958904,-0.03712370884846067,1.0,-1.6627578316815739,0.045516014099121094,1.708273845780695,-1.708273845780695
CHEMBL239_EC50,unimol,xgboost,crem_lime,42,label_permuted,22,test,190,193,0.1397169637931563,0.16666666666666666,-0.03233964344821244,1.0,1.334888262924949,0.038636207580566406,1.2962520553443826,-1.2962520553443826
CHEMBL239_EC50,unimol,xgboost,crem_lime,42,label_permuted,24,test,198,199,0.18026549609605097,0.27586206896551724,-0.13201431491497723,1.0,-1.0299632233774436,0.07136988639831543,1.101333109775759,-1.101333109775759
CHEMBL239_EC50,unimol,xgboost,crem_lime,42,label_permuted,25,test,203,215,0.26866671804765585,0.3230769230769231,-0.08037871197505388,0.9846153846153847,1.4471580313422194,0.0831451416015625,1.364012889740657,-1.364012889740657
CHEMBL239_EC50,unimol,xgboost,crem_lime,42,label_permuted,26,test,210,270,0.5068003186446042,0.5384615384615384,-0.06859930960335756,0.9846153846153847,1.5118833609788744,0.11641740798950195,1.3954659529893725,-1.3954659529893725
CHEMBL239_EC50,unimol,xgboost,crem_lime,42,label_permuted,29,test,265,1411,0.4053354218021401,0.3,0.15047917400305733,1.0,-1.2674291939120836,0.009614706039428711,1.2770438999515124,-1.2770438999515124
CHEMBL239_EC50,unimol,xgboost,crem_lime,42,label_permuted,30,test,266,1315,0.6552155430611653,0.3181818181818182,0.49431612982304235,1.0,1.2922560713564755,-0.10958433151245117,1.4018404028689266,-1.4018404028689266
CHEMBL239_EC50,unimol,xgboost,crem_lime,42,label_permuted,35,test,309,311,0.41823279958669696,0.2777777777777778,0.19447618404311884,1.0,-1.3047578681832246,-0.16195082664489746,1.1428070415383271,-1.1428070415383271
CHEMBL239_EC50,unimol,xgboost,crem_lime,42,label_permuted,37,test,358,359,0.1263016229409097,0.1388888888888889,-0.014617470133137113,1.0,-1.1892094895823062,-0.02522873878479004,1.1639807507975162,-1.1639807507975162
CHEMBL239_EC50,unimol,xgboost,crem_lime,42,label_permuted,38,test,363,430,0.37956555772327855,0.3076923076923077,0.10381691671140232,1.0,-1.888425224949682,-0.029262304306030273,1.8591629206436517,-1.8591629206436517
CHEMBL239_EC50,unimol,xgboost,crem_lime,42,label_permuted,40,test,371,372,0.053938629676334594,0.07575757575757576,-0.02360738428462159,1.0,-1.4393326938302626,-0.07256603240966797,1.3667666614205947,-1.3667666614205947
CHEMBL239_EC50,unimol,xgboost,crem_lime,42,label_permuted,48,test,457,460,0.15887555703666043,0.22666666666666666,-0.08766091762500806,1.0,-1.1677391846909155,-0.35733842849731445,0.8104007561936011,-0.8104007561936011
CHEMBL239_EC50,unimol,xgboost,crem_lime,42,label_permuted,52,test,500,526,0.2595397918102886,0.2923076923076923,-0.04630246809415747,0.9538461538461539,-1.7703259128716877,-0.017455101013183594,1.7528708118585041,-1.7528708118585041
CHEMBL239_EC50,unimol,xgboost,crem_lime,42,label_permuted,57,test,580,833,0.53197383581494,0.5625,-0.06977408956585153,1.0,-1.2487021153086655,-0.020859956741333008,1.2278421585673325,-1.2278421585673325
CHEMBL239_EC50,unimol,xgboost,crem_lime,42,label_permuted,66,test,793,798,0.41279506026821267,0.36363636363636365,0.07724938042147703,1.0,1.4771212547196626,-0.028944730758666992,1.5060659854783296,-1.5060659854783296
CHEMBL239_EC50,unimol,xgboost,crem_lime,42,label_permuted,68,test,802,803,0.13931054089920933,0.07894736842105263,0.06553715869057014,1.0,-1.698970004336019,-0.015773773193359375,1.6831962311426596,-1.6831962311426596
CHEMBL239_EC50,unimol,xgboost,crem_lime,42,label_permuted,74,test,845,861,0.20808082990741905,0.17073170731707318,0.04503864782953473,1.0,1.662757831681574,0.06436681747436523,1.5983910142072089,-1.5983910142072089
CHEMBL239_EC50,unimol,xgboost,crem_lime,42,label_permuted,75,test,846,849,0.17005135795016568,0.1891891891891892,-0.023603325194795674,1.0,1.3521825181113623,-0.025487899780273438,1.3776704178916357,-1.3776704178916357
CHEMBL239_EC50,unimol,xgboost,crem_lime,42,label_permuted,85,test,1037,1046,0.14363407842004536,0.14285714285714285,0.0009064248233862602,1.0,-1.3644169745283738,-0.006290435791015625,1.3581265387373582,-1.3581265387373582
CHEMBL239_EC50,unimol,xgboost,crem_lime,42,label_permuted,91,test,1077,1083,0.4344132068835267,0.3076923076923077,0.18304129883176076,0.9615384615384616,1.1167442579930285,-0.05462956428527832,1.1713738222783068,-1.1713738222783068
CHEMBL239_EC50,unimol,xgboost,crem_lime,42,label_permuted,102,test,1198,1201,0.09494121469927921,0.05333333333333334,0.043951987358393535,1.0,1.33059822630669,0.07250237464904785,1.2580958516576422,-1.2580958516576422
CHEMBL239_EC50,unimol,xgboost,crem_lime,42,label_permuted,107,test,1272,1278,0.48599028330581395,0.3333333333333333,0.22898542495872093,1.0,1.640481436970422,-0.006808042526245117,1.647289479496667,-1.647289479496667
CHEMBL239_EC50,unimol,xgboost,crem_lime,42,label_permuted,114,test,1379,1715,0.4039465537292093,0.43333333333333335,-0.051859022830807164,1.0,-1.666517980554881,0.04860973358154297,1.715127714136424,-1.715127714136424
CHEMBL239_EC50,unimol,xgboost,crem_lime,42,label_permuted,115,test,1393,1394,0.1993311254375523,0.19230769230769232,0.008695679113159974,1.0,1.034762106259212,0.06732535362243652,0.9674367526367755,-0.9674367526367755
CHEMBL239_EC50,unimol,xgboost,crem_lime,42,label_permuted,118,test,1464,1467,0.13715872121294198,0.16883116883116883,-0.03810591354067918,0.987012987012987,-2.740362689494244,0.18747544288635254,2.9278381323805966,-2.9278381323805966
CHEMBL239_EC50,unimol,xgboost,crem_lime,42,label_permuted,124,test,1559,1563,0.5054334554334554,0.13793103448275862,0.4263028083028083,1.0,1.607639868708799,0.09936761856079102,1.508272250148008,-1.508272250148008
CHEMBL239_EC50,unimol,xgboost,crem_lime,42,label_permuted,126,test,1623,1624,0.08047093916659134,0.07272727272727272,0.008351012826716159,1.0,1.6823707425165568,0.020310163497924805,1.662060579018632,-1.662060579018632
CHEMBL239_EC50,unimol,xgboost,crem_lime,42,label_permuted,127,test,1641,1656,0.19672880116959063,0.07272727272727272,0.1337271385162252,1.0,-1.047424649928138,0.04721379280090332,1.0946384427290414,-1.0946384427290414
CHEMBL239_EC50,unimol,mlp,crem_mean,42,trained,1,test,1,33,0.37997234247234246,0.2542372881355932,0.1685992774060956,1.0,2.513097461879629,0.03994345664978027,2.4731540052298486,-2.4731540052298486
CHEMBL239_EC50,unimol,mlp,crem_mean,42,trained,2,test,21,34,0.23037590155955845,0.2631578947368421,-0.04448984788345637,1.0,-1.576252727721677,0.38029956817626953,1.9565522958979464,-1.9565522958979464
CHEMBL239_EC50,unimol,mlp,crem_mean,42,trained,7,test,62,64,0.30878458498023714,0.05555555555555555,0.268124854684957,0.9305555555555556,-1.5328392767509351,-0.18711352348327637,1.3457257532676588,-1.3457257532676588
CHEMBL239_EC50,unimol,mlp,crem_mean,42,trained,14,test,141,143,0.17167919799498743,0.05970149253731343,0.11908740104228821,0.9104477611940298,-1.486881092008819,0.3160741329193115,1.8029552249281304,-1.8029552249281304
CHEMBL239_EC50,unimol,mlp,crem_mean,42,trained,16,test,150,156,0.3452088583058733,0.373134328358209,-0.04454777365491647,0.5223880597014925,-1.01424043911461,-0.3655674457550049,0.6486729933596052,-0.6486729933596052
CHEMBL239_EC50,unimol,mlp,crem_mean,42,trained,18,test,168,171,0.2122849396607958,0.1095890410958904,0.11533539377289377,0.726027397260274,-1.6627578316815739,-0.7556874752044678,0.9070703564771061,-0.9070703564771061
CHEMBL239_EC50,unimol,mlp,crem_mean,42,trained,22,test,190,193,0.3983972904407241,0.16666666666666666,0.2780767485288689,1.0,1.334888262924949,0.7756285667419434,0.5592596961830056,-0.5592596961830056
CHEMBL239_EC50,unimol,mlp,crem_mean,42,trained,24,test,198,199,0.21888132305915828,0.27586206896551724,-0.07868769672782903,0.9137931034482759,-1.0299632233774436,0.6152980327606201,1.6452612561380637,-1.6452612561380637
CHEMBL239_EC50,unimol,mlp,crem_mean,42,trained,25,test,203,215,0.4363641070253017,0.3230769230769231,0.1673560671964684,0.6923076923076923,1.4471580313422194,0.22997450828552246,1.217183523056697,-1.217183523056697
CHEMBL239_EC50,unimol,mlp,crem_mean,42,trained,26,test,210,270,0.4838174494622719,0.5384615384615384,-0.1183955261650775,0.7076923076923077,1.5118833609788744,0.45981764793395996,1.0520657130449145,-1.0520657130449145
CHEMBL239_EC50,unimol,mlp,crem_mean,42,trained,29,test,265,1411,0.3279647351716831,0.3,0.03994962167383305,0.85,-1.2674291939120836,-0.18896484375,1.0784643501620836,-1.0784643501620836
CHEMBL239_EC50,unimol,mlp,crem_mean,42,trained,30,test,266,1315,0.37438523998941275,0.3181818181818182,0.08243168531780537,1.0,1.2922560713564755,-0.3419630527496338,1.6342191241061093,-1.6342191241061093
CHEMBL239_EC50,unimol,mlp,crem_mean,42,trained,35,test,309,311,0.485321332607918,0.2777777777777778,0.28736799899557874,0.75,-1.3047578681832246,0.39219820499420166,1.6969560731774262,-1.6969560731774262
CHEMBL239_EC50,unimol,mlp,crem_mean,42,trained,37,test,358,359,0.1582815734989648,0.1388888888888889,0.02252053696653975,0.75,-1.1892094895823062,-0.4320828914642334,0.7571265981180728,-0.7571265981180728
CHEMBL239_EC50,unimol,mlp,crem_mean,42,trained,38,test,363,430,0.5501198471028838,0.3076923076923077,0.35017311248194316,0.5128205128205128,-1.888425224949682,0.9743146896362305,2.8627399145859123,-2.8627399145859123
CHEMBL239_EC50,unimol,mlp,crem_mean,42,trained,40,test,371,372,0.10276923076923077,0.07575757575757576,0.029225725094577548,1.0,-1.4393326938302626,-0.7859879732131958,0.6533447206170668,-0.6533447206170668
CHEMBL239_EC50,unimol,mlp,crem_mean,42,trained,48,test,457,460,0.31952420644371105,0.22666666666666666,0.12007440488410913,1.0,-1.1677391846909155,0.9400122165679932,2.1077514012589087,-2.1077514012589087
CHEMBL239_EC50,unimol,mlp,crem_mean,42,trained,52,test,500,526,0.26814320870048425,0.2923076923076923,-0.03414546596670707,0.46153846153846156,-1.7703259128716877,-0.2624633312225342,1.5078625816491535,-1.5078625816491535
CHEMBL239_EC50,unimol,mlp,crem_mean,42,trained,57,test,580,833,0.7592310941065674,0.5625,0.44967107224358266,1.0,-1.2487021153086655,-0.18595266342163086,1.0627494518870346,-1.0627494518870346
CHEMBL239_EC50,unimol,mlp,crem_mean,42,trained,66,test,793,798,0.5055503498017901,0.36363636363636365,0.2230076925456702,0.7818181818181819,1.4771212547196626,-0.10035371780395508,1.5774749725236177,-1.5774749725236177
CHEMBL239_EC50,unimol,mlp,crem_mean,42,trained,68,test,802,803,0.06558452060769174,0.07894736842105263,-0.014508234768791824,0.7368421052631579,-1.698970004336019,0.6526542901992798,2.3516242945352985,-2.3516242945352985
CHEMBL239_EC50,unimol,mlp,crem_mean,42,trained,74,test,845,861,0.46847143040752065,0.17073170731707318,0.3590390778443632,1.0,1.662757831681574,0.9663529396057129,0.6964048920758612,-0.6964048920758612
CHEMBL239_EC50,unimol,mlp,crem_mean,42,trained,75,test,846,849,0.19069364695457178,0.1891891891891892,0.0018554979106385123,0.918918918918919,1.3521825181113623,0.9884384870529175,0.36374403105844477,-0.36374403105844477
CHEMBL239_EC50,unimol,mlp,crem_mean,42,trained,85,test,1037,1046,0.2856265356265356,0.14285714285714285,0.16656429156429156,0.6507936507936508,-1.3644169745283738,0.11760115623474121,1.482018130763115,-1.482018130763115
CHEMBL239_EC50,unimol,mlp,crem_mean,42,trained,91,test,1077,1083,0.2947350727561725,0.3076923076923077,-0.018716006018861968,1.0,1.1167442579930285,-0.07444167137145996,1.1911859293644884,-1.1911859293644884
CHEMBL239_EC50,unimol,mlp,crem_mean,42,trained,102,test,1198,1201,0.046097560975609755,0.05333333333333334,-0.007643421504637586,1.0,1.33059822630669,0.1499321460723877,1.1806660802343023,-1.1806660802343023
CHEMBL239_EC50,unimol,mlp,crem_mean,42,trained,107,test,1272,1278,0.40689599304634133,0.3333333333333333,0.11034398956951201,1.0,1.640481436970422,-0.4396517276763916,2.0801331646468135,-2.0801331646468135
CHEMBL239_EC50,unimol,mlp,crem_mean,42,trained,114,test,1379,1715,0.5096547482776008,0.43333333333333335,0.13468484990164847,1.0,-1.666517980554881,-0.839287281036377,0.8272306995185041,-0.8272306995185041
CHEMBL239_EC50,unimol,mlp,crem_mean,42,trained,115,test,1393,1394,0.2598748473748474,0.19230769230769232,0.08365457294028723,0.8846153846153846,1.034762106259212,0.41046953201293945,0.6242925742462726,-0.6242925742462726
CHEMBL239_EC50,unimol,mlp,crem_mean,42,trained,118,test,1464,1467,0.12770796712988602,0.16883116883116883,-0.049476352046855875,0.935064935064935,-2.740362689494244,0.2521474361419678,2.992510125636212,-2.992510125636212
CHEMBL239_EC50,unimol,mlp,crem_mean,42,trained,124,test,1559,1563,0.2864323804528368,0.13793103448275862,0.17226156132529072,0.9137931034482759,1.607639868708799,0.8460123538970947,0.7616275148117042,-0.7616275148117042
CHEMBL239_EC50,unimol,mlp,crem_mean,42,trained,126,test,1623,1624,0.35,0.07272727272727272,0.2990196078431372,0.8181818181818182,1.6823707425165568,-0.4145932197570801,2.096963962273637,-2.096963962273637
CHEMBL239_EC50,unimol,mlp,crem_mean,42,trained,127,test,1641,1656,0.09000965250965251,0.07272727272727272,0.01863786054962526,1.0,-1.047424649928138,-0.3584129810333252,0.6890116688948129,-0.6890116688948129
CHEMBL239_EC50,unimol,mlp,crem_lime,42,trained,1,test,1,33,0.5511086967019171,0.2542372881355932,0.39807757057757065,1.0,2.513097461879629,0.03994345664978027,2.4731540052298486,-2.4731540052298486
CHEMBL239_EC50,unimol,mlp,crem_lime,42,trained,2,test,21,34,0.21447155563339043,0.2631578947368421,-0.06607431735468439,1.0,-1.576252727721677,0.38029956817626953,1.9565522958979464,-1.9565522958979464
CHEMBL239_EC50,unimol,mlp,crem_lime,42,trained,7,test,62,64,0.2570662768031189,0.05555555555555555,0.2133642930856553,1.0,-1.5328392767509351,-0.18711352348327637,1.3457257532676588,-1.3457257532676588
CHEMBL239_EC50,unimol,mlp,crem_lime,42,trained,14,test,141,143,0.07051767676767677,0.05970149253731343,0.011502926086259423,1.0,-1.486881092008819,0.3160741329193115,1.8029552249281304,-1.8029552249281304
CHEMBL239_EC50,unimol,mlp,crem_lime,42,trained,16,test,150,156,0.4023626595212695,0.373134328358209,0.0466261473315489,0.835820895522388,-1.01424043911461,-0.3655674457550049,0.6486729933596052,-0.6486729933596052
CHEMBL239_EC50,unimol,mlp,crem_lime,42,trained,18,test,168,171,0.4786371782339524,0.1095890410958904,0.414469446324285,1.0,-1.6627578316815739,-0.7556874752044678,0.9070703564771061,-0.9070703564771061
CHEMBL239_EC50,unimol,mlp,crem_lime,42,trained,22,test,190,193,0.26420262449588716,0.16666666666666666,0.1170431493950646,1.0,1.334888262924949,0.7756285667419434,0.5592596961830056,-0.5592596961830056
CHEMBL239_EC50,unimol,mlp,crem_lime,42,trained,24,test,198,199,0.1960455232172095,0.27586206896551724,-0.11022284889052021,1.0,-1.0299632233774436,0.6152980327606201,1.6452612561380637,-1.6452612561380637
CHEMBL239_EC50,unimol,mlp,crem_lime,42,trained,25,test,203,215,0.23208529053346427,0.3230769230769231,-0.13441945716647324,0.9846153846153847,1.4471580313422194,0.22997450828552246,1.217183523056697,-1.217183523056697
CHEMBL239_EC50,unimol,mlp,crem_lime,42,trained,26,test,210,270,0.43898530640431793,0.5384615384615384,-0.21553183612397775,0.9846153846153847,1.5118833609788744,0.45981764793395996,1.0520657130449145,-1.0520657130449145
CHEMBL239_EC50,unimol,mlp,crem_lime,42,trained,29,test,265,1411,0.2628931371252291,0.3,-0.05300980410681555,1.0,-1.2674291939120836,-0.18896484375,1.0784643501620836,-1.0784643501620836
CHEMBL239_EC50,unimol,mlp,crem_lime,42,trained,30,test,266,1315,0.6787711322773623,0.3181818181818182,0.5288643273401313,1.0,1.2922560713564755,-0.3419630527496338,1.6342191241061093,-1.6342191241061093
CHEMBL239_EC50,unimol,mlp,crem_lime,42,trained,35,test,309,311,0.4472530571972173,0.2777777777777778,0.23465807919614703,1.0,-1.3047578681832246,0.39219820499420166,1.6969560731774262,-1.6969560731774262
CHEMBL239_EC50,unimol,mlp,crem_lime,42,trained,37,test,358,359,0.3111494645705172,0.1388888888888889,0.20004453950124573,1.0,-1.1892094895823062,-0.4320828914642334,0.7571265981180728,-0.7571265981180728
CHEMBL239_EC50,unimol,mlp,crem_lime,42,trained,38,test,363,430,0.617678603882386,0.3076923076923077,0.44775798338566875,1.0,-1.888425224949682,0.9743146896362305,2.8627399145859123,-2.8627399145859123
CHEMBL239_EC50,unimol,mlp,crem_lime,42,trained,40,test,371,372,0.05279278440139096,0.07575757575757576,-0.024847151303413067,1.0,-1.4393326938302626,-0.7859879732131958,0.6533447206170668,-0.6533447206170668
CHEMBL239_EC50,unimol,mlp,crem_lime,42,trained,48,test,457,460,0.3294132493124916,0.22666666666666666,0.1328619603178771,1.0,-1.1677391846909155,0.9400122165679932,2.1077514012589087,-2.1077514012589087
CHEMBL239_EC50,unimol,mlp,crem_lime,42,trained,52,test,500,526,0.19399874832141162,0.2923076923076923,-0.1389148121545271,0.9538461538461539,-1.7703259128716877,-0.2624633312225342,1.5078625816491535,-1.5078625816491535
CHEMBL239_EC50,unimol,mlp,crem_lime,42,trained,57,test,580,833,0.798312449881885,0.5625,0.5389998854443085,1.0,-1.2487021153086655,-0.18595266342163086,1.0627494518870346,-1.0627494518870346
CHEMBL239_EC50,unimol,mlp,crem_lime,42,trained,66,test,793,798,0.2625601348236388,0.36363636363636365,-0.15883407384856757,1.0,1.4771212547196626,-0.10035371780395508,1.5774749725236177,-1.5774749725236177
CHEMBL239_EC50,unimol,mlp,crem_lime,42,trained,68,test,802,803,0.06579652593015864,0.07894736842105263,-0.014278057561542044,1.0,-1.698970004336019,0.6526542901992798,2.3516242945352985,-2.3516242945352985
CHEMBL239_EC50,unimol,mlp,crem_lime,42,trained,74,test,845,861,0.19373620099196845,0.17073170731707318,0.027740712960903115,1.0,1.662757831681574,0.9663529396057129,0.6964048920758612,-0.6964048920758612
CHEMBL239_EC50,unimol,mlp,crem_lime,42,trained,75,test,846,849,0.2788429343615344,0.1891891891891892,0.11057295237922575,1.0,1.3521825181113623,0.9884384870529175,0.36374403105844477,-0.36374403105844477
CHEMBL239_EC50,unimol,mlp,crem_lime,42,trained,85,test,1037,1046,0.47924047235641437,0.14285714285714285,0.3924472177491501,1.0,-1.3644169745283738,0.11760115623474121,1.482018130763115,-1.482018130763115
CHEMBL239_EC50,unimol,mlp,crem_lime,42,trained,91,test,1077,1083,0.5040379146303944,0.3076923076923077,0.2836103211327919,0.9615384615384616,1.1167442579930285,-0.07444167137145996,1.1911859293644884,-1.1911859293644884
CHEMBL239_EC50,unimol,mlp,crem_lime,42,trained,102,test,1198,1201,0.05668581500234726,0.05333333333333334,0.003541353875718935,1.0,1.33059822630669,0.1499321460723877,1.1806660802343023,-1.1806660802343023
CHEMBL239_EC50,unimol,mlp,crem_lime,42,trained,107,test,1272,1278,0.25406570676467677,0.3333333333333333,-0.1189014398529848,1.0,1.640481436970422,-0.4396517276763916,2.0801331646468135,-2.0801331646468135
CHEMBL239_EC50,unimol,mlp,crem_lime,42,trained,114,test,1379,1715,0.5335654038559186,0.43333333333333335,0.17688012445162096,1.0,-1.666517980554881,-0.839287281036377,0.8272306995185041,-0.8272306995185041
CHEMBL239_EC50,unimol,mlp,crem_lime,42,trained,115,test,1393,1394,0.2981105644661336,0.19230769230769232,0.1309940321961654,1.0,1.034762106259212,0.41046953201293945,0.6242925742462726,-0.6242925742462726
CHEMBL239_EC50,unimol,mlp,crem_lime,42,trained,118,test,1464,1467,0.19025872919070094,0.16883116883116883,0.02578003355756207,0.987012987012987,-2.740362689494244,0.2521474361419678,2.992510125636212,-2.992510125636212
CHEMBL239_EC50,unimol,mlp,crem_lime,42,trained,124,test,1559,1563,0.5235863095238096,0.13793103448275862,0.44736011904761913,1.0,1.607639868708799,0.8460123538970947,0.7616275148117042,-0.7616275148117042
CHEMBL239_EC50,unimol,mlp,crem_lime,42,trained,126,test,1623,1624,0.5333333333333333,0.07272727272727272,0.4967320261437908,1.0,1.6823707425165568,-0.4145932197570801,2.096963962273637,-2.096963962273637
CHEMBL239_EC50,unimol,mlp,crem_lime,42,trained,127,test,1641,1656,0.09808016058016059,0.07272727272727272,0.027341349645271223,1.0,-1.047424649928138,-0.3584129810333252,0.6890116688948129,-0.6890116688948129
CHEMBL239_EC50,unimol,mlp,crem_mean,42,label_permuted,1,test,1,33,0.37876811594202897,0.2542372881355932,0.16698451910408432,1.0,2.513097461879629,-0.22679615020751953,2.7398936120871484,-2.7398936120871484
CHEMBL239_EC50,unimol,mlp,crem_mean,42,label_permuted,2,test,21,34,0.2256280572181401,0.2631578947368421,-0.0509333509182384,1.0,-1.576252727721677,0.027500391006469727,1.6037531187281466,-1.6037531187281466
CHEMBL239_EC50,unimol,mlp,crem_mean,42,label_permuted,7,test,62,64,0.058699916908872135,0.05555555555555555,0.003329323785864617,0.9305555555555556,-1.5328392767509351,-0.08106422424316406,1.451775052507771,-1.451775052507771
CHEMBL239_EC50,unimol,mlp,crem_mean,42,label_permuted,14,test,141,143,0.09087832457397674,0.05970149253731343,0.03315631343581653,0.9104477611940298,-1.486881092008819,-0.27577662467956543,1.2111044673292535,-1.2111044673292535
CHEMBL239_EC50,unimol,mlp,crem_mean,42,label_permuted,16,test,150,156,0.36022634082335575,0.373134328358209,-0.020591313448456338,0.5223880597014925,-1.01424043911461,-0.2166917324066162,0.7975487067079938,-0.7975487067079938
CHEMBL239_EC50,unimol,mlp,crem_mean,42,label_permuted,18,test,168,171,0.14579851708789068,0.1095890410958904,0.04066602688332339,0.726027397260274,-1.6627578316815739,0.03066229820251465,1.6934201298840885,-1.6934201298840885
CHEMBL239_EC50,unimol,mlp,crem_mean,42,label_permuted,22,test,190,193,0.2262490387171519,0.16666666666666666,0.0714988464605823,1.0,1.334888262924949,-0.19788098335266113,1.5327692462776101,-1.5327692462776101
CHEMBL239_EC50,unimol,mlp,crem_mean,42,label_permuted,24,test,198,199,0.2999449848036309,0.27586206896551724,0.03325735996691888,0.9137931034482759,-1.0299632233774436,0.09584259986877441,1.125805823246218,-1.125805823246218
CHEMBL239_EC50,unimol,mlp,crem_mean,42,label_permuted,25,test,203,215,0.48080582544868256,0.3230769230769231,0.23300860577646282,0.6923076923076923,1.4471580313422194,0.026604175567626953,1.4205538557745925,-1.4205538557745925
CHEMBL239_EC50,unimol,mlp,crem_mean,42,label_permuted,26,test,210,270,0.5371974805029908,0.5384615384615384,-0.002738792243519953,0.7076923076923077,1.5118833609788744,0.4184262752532959,1.0934570857255785,-1.0934570857255785
CHEMBL239_EC50,unimol,mlp,crem_mean,42,label_permuted,29,test,265,1411,0.32029154856475567,0.3,0.028987926521079545,0.85,-1.2674291939120836,0.5465972423553467,1.8140264362674303,-1.8140264362674303
CHEMBL239_EC50,unimol,mlp,crem_mean,42,label_permuted,30,test,266,1315,0.3950902861984915,0.3181818181818182,0.11279908642445421,1.0,1.2922560713564755,-0.4483771324157715,1.740633203772247,-1.740633203772247
CHEMBL239_EC50,unimol,mlp,crem_mean,42,label_permuted,35,test,309,311,0.5455494762447629,0.2777777777777778,0.3707608132619794,0.75,-1.3047578681832246,0.055956363677978516,1.360714231861203,-1.360714231861203
CHEMBL239_EC50,unimol,mlp,crem_mean,42,label_permuted,37,test,358,359,0.14085561497326204,0.1388888888888889,0.0022839399689494637,0.75,-1.1892094895823062,0.028967857360839844,1.218177346943146,-1.218177346943146
CHEMBL239_EC50,unimol,mlp,crem_mean,42,label_permuted,38,test,363,430,0.32462417847641195,0.3076923076923077,0.02445714668815057,0.5128205128205128,-1.888425224949682,0.09077930450439453,1.9792045294540765,-1.9792045294540765
CHEMBL239_EC50,unimol,mlp,crem_mean,42,label_permuted,40,test,371,372,0.20501336898395722,0.07575757575757576,0.1398505303760849,1.0,-1.4393326938302626,0.031493186950683594,1.4708258807809462,-1.4708258807809462
CHEMBL239_EC50,unimol,mlp,crem_mean,42,label_permuted,48,test,457,460,0.26769549717120045,0.22666666666666666,0.053054522204138525,1.0,-1.1677391846909155,-0.018558740615844727,1.1491804440750708,-1.1491804440750708
CHEMBL239_EC50,unimol,mlp,crem_mean,42,label_permuted,52,test,500,526,0.27469635627530364,0.2923076923076923,-0.024885583524027484,0.46153846153846156,-1.7703259128716877,0.1604001522064209,1.9307260650781086,-1.9307260650781086
CHEMBL239_EC50,unimol,mlp,crem_mean,42,label_permuted,57,test,580,833,0.5684616355896508,0.5625,0.013626595633487528,1.0,-1.2487021153086655,-0.267258882522583,0.9814432327860825,-0.9814432327860825
CHEMBL239_EC50,unimol,mlp,crem_mean,42,label_permuted,66,test,793,798,0.5120538875870055,0.36363636363636365,0.233227537636723,0.7818181818181819,1.4771212547196626,-0.0491180419921875,1.52623929671185,-1.52623929671185
CHEMBL239_EC50,unimol,mlp,crem_mean,42,label_permuted,68,test,802,803,0.21680021169512606,0.07894736842105263,0.149668801268994,0.7368421052631579,-1.698970004336019,0.022736787796020508,1.7217067921320395,-1.7217067921320395
CHEMBL239_EC50,unimol,mlp,crem_mean,42,label_permuted,74,test,845,861,0.1743129370332094,0.17073170731707318,0.004318541716517212,1.0,1.662757831681574,0.26682567596435547,1.3959321557172186,-1.3959321557172186
CHEMBL239_EC50,unimol,mlp,crem_mean,42,label_permuted,75,test,846,849,0.18826878501441766,0.1891891891891892,-0.0011351651488849045,0.918918918918919,1.3521825181113623,0.0584111213684082,1.293771396742954,-1.293771396742954
CHEMBL239_EC50,unimol,mlp,crem_mean,42,label_permuted,85,test,1037,1046,0.4597222222222222,0.14285714285714285,0.3696759259259259,0.6507936507936508,-1.3644169745283738,0.18684864044189453,1.5512656149702684,-1.5512656149702684
CHEMBL239_EC50,unimol,mlp,crem_mean,42,label_permuted,91,test,1077,1083,0.32791570153702504,0.3076923076923077,0.02921156888681392,1.0,1.1167442579930285,-0.08211565017700195,1.1988599081700304,-1.1988599081700304
CHEMBL239_EC50,unimol,mlp,crem_mean,42,label_permuted,102,test,1198,1201,0.07344517184942717,0.05333333333333334,0.02124489984094419,1.0,1.33059822630669,0.12470555305480957,1.2058926732518804,-1.2058926732518804
CHEMBL239_EC50,unimol,mlp,crem_mean,42,label_permuted,107,test,1272,1278,0.4655551589504582,0.3333333333333333,0.19833273842568727,1.0,1.640481436970422,0.1514439582824707,1.4890374786879512,-1.4890374786879512
CHEMBL239_EC50,unimol,mlp,crem_mean,42,label_permuted,114,test,1379,1715,0.4554583293095506,0.43333333333333335,0.03904411054626574,1.0,-1.666517980554881,-0.013364076614379883,1.6531539039405012,-1.6531539039405012
CHEMBL239_EC50,unimol,mlp,crem_mean,42,label_permuted,115,test,1393,1394,0.31877073906485676,0.19230769230769232,0.15657329598506073,0.8846153846153846,1.034762106259212,0.5235803127288818,0.5111817935303302,-0.5111817935303302
CHEMBL239_EC50,unimol,mlp,crem_mean,42,label_permuted,118,test,1464,1467,0.15844215996345815,0.16883116883116883,-0.012499276293964419,0.935064935064935,-2.740362689494244,-0.17934799194335938,2.5610146975508847,-2.5610146975508847
CHEMBL239_EC50,unimol,mlp,crem_mean,42,label_permuted,124,test,1559,1563,0.16437161246612467,0.13793103448275862,0.03067107046070462,0.9137931034482759,1.607639868708799,-0.1770915985107422,1.7847314672195411,-1.7847314672195411
CHEMBL239_EC50,unimol,mlp,crem_mean,42,label_permuted,126,test,1623,1624,0.19347826086956524,0.07272727272727272,0.1302216538789429,0.8181818181818182,1.6823707425165568,0.4625098705291748,1.219860871987382,-1.219860871987382
CHEMBL239_EC50,unimol,mlp,crem_mean,42,label_permuted,127,test,1641,1656,0.09887566137566137,0.07272727272727272,0.02819924266002697,1.0,-1.047424649928138,-0.10862159729003906,0.938803052638099,-0.938803052638099
CHEMBL239_EC50,unimol,mlp,crem_lime,42,label_permuted,1,test,1,33,0.4573563198732978,0.2542372881355932,0.2723641561937402,1.0,2.513097461879629,-0.22679615020751953,2.7398936120871484,-2.7398936120871484
CHEMBL239_EC50,unimol,mlp,crem_lime,42,label_permuted,2,test,21,34,0.23484004229757824,0.2631578947368421,-0.038431371167572365,1.0,-1.576252727721677,0.027500391006469727,1.6037531187281466,-1.6037531187281466
CHEMBL239_EC50,unimol,mlp,crem_lime,42,label_permuted,7,test,62,64,0.13760822510822512,0.05555555555555555,0.08687929717341485,1.0,-1.5328392767509351,-0.08106422424316406,1.451775052507771,-1.451775052507771
CHEMBL239_EC50,unimol,mlp,crem_lime,42,label_permuted,14,test,141,143,0.047157472372781783,0.05970149253731343,-0.013340465889263816,1.0,-1.486881092008819,-0.27577662467956543,1.2111044673292535,-1.2111044673292535
CHEMBL239_EC50,unimol,mlp,crem_lime,42,label_permuted,16,test,150,156,0.3969020691353593,0.373134328358209,0.03791520552545409,0.835820895522388,-1.01424043911461,-0.2166917324066162,0.7975487067079938,-0.7975487067079938
CHEMBL239_EC50,unimol,mlp,crem_lime,42,label_permuted,18,test,168,171,0.3864253393665158,0.1095890410958904,0.3109084580577793,1.0,-1.6627578316815739,0.03066229820251465,1.6934201298840885,-1.6934201298840885
CHEMBL239_EC50,unimol,mlp,crem_lime,42,label_permuted,22,test,190,193,0.558213344626388,0.16666666666666666,0.4698560135516657,1.0,1.334888262924949,-0.19788098335266113,1.5327692462776101,-1.5327692462776101
CHEMBL239_EC50,unimol,mlp,crem_lime,42,label_permuted,24,test,198,199,0.20673380767769228,0.27586206896551724,-0.09546283701652017,1.0,-1.0299632233774436,0.09584259986877441,1.125805823246218,-1.125805823246218
CHEMBL239_EC50,unimol,mlp,crem_lime,42,label_permuted,25,test,203,215,0.23961335557179553,0.3230769230769231,-0.12329845199621117,0.9846153846153847,1.4471580313422194,0.026604175567626953,1.4205538557745925,-1.4205538557745925
CHEMBL239_EC50,unimol,mlp,crem_lime,42,label_permuted,26,test,210,270,0.5719192479480295,0.5384615384615384,0.07249170388739731,0.9846153846153847,1.5118833609788744,0.4184262752532959,1.0934570857255785,-1.0934570857255785
CHEMBL239_EC50,unimol,mlp,crem_lime,42,label_permuted,29,test,265,1411,0.2536375843994568,0.3,-0.06623202228649032,1.0,-1.2674291939120836,0.5465972423553467,1.8140264362674303,-1.8140264362674303
CHEMBL239_EC50,unimol,mlp,crem_lime,42,label_permuted,30,test,266,1315,0.4929599429066268,0.3181818181818182,0.256341249596386,1.0,1.2922560713564755,-0.4483771324157715,1.740633203772247,-1.740633203772247
CHEMBL239_EC50,unimol,mlp,crem_lime,42,label_permuted,35,test,309,311,0.44503441003441,0.2777777777777778,0.23158610620149078,1.0,-1.3047578681832246,0.055956363677978516,1.360714231861203,-1.360714231861203
CHEMBL239_EC50,unimol,mlp,crem_lime,42,label_permuted,37,test,358,359,0.2787872978612415,0.1388888888888889,0.16246266848402238,1.0,-1.1892094895823062,0.028967857360839844,1.218177346943146,-1.218177346943146
CHEMBL239_EC50,unimol,mlp,crem_lime,42,label_permuted,38,test,363,430,0.37890458621800993,0.3076923076923077,0.10286218009268099,1.0,-1.888425224949682,0.09077930450439453,1.9792045294540765,-1.9792045294540765
CHEMBL239_EC50,unimol,mlp,crem_lime,42,label_permuted,40,test,371,372,0.07154582763337894,0.07575757575757576,-0.004556973380278527,1.0,-1.4393326938302626,0.031493186950683594,1.4708258807809462,-1.4708258807809462
CHEMBL239_EC50,unimol,mlp,crem_lime,42,label_permuted,48,test,457,460,0.15004821207193153,0.22666666666666666,-0.09907558783801956,1.0,-1.1677391846909155,-0.018558740615844727,1.1491804440750708,-1.1491804440750708
CHEMBL239_EC50,unimol,mlp,crem_lime,42,label_permuted,52,test,500,526,0.33530375441732785,0.2923076923076923,0.06075530515491977,0.9538461538461539,-1.7703259128716877,0.1604001522064209,1.9307260650781086,-1.9307260650781086
CHEMBL239_EC50,unimol,mlp,crem_lime,42,label_permuted,57,test,580,833,0.598961573379439,0.5625,0.08334073915300344,1.0,-1.2487021153086655,-0.267258882522583,0.9814432327860825,-0.9814432327860825
CHEMBL239_EC50,unimol,mlp,crem_lime,42,label_permuted,66,test,793,798,0.2990078592418669,0.36363636363636365,-0.10155907833420917,1.0,1.4771212547196626,-0.0491180419921875,1.52623929671185,-1.52623929671185
CHEMBL239_EC50,unimol,mlp,crem_lime,42,label_permuted,68,test,802,803,0.1015652557319224,0.07894736842105263,0.02455656336608719,1.0,-1.698970004336019,0.022736787796020508,1.7217067921320395,-1.7217067921320395
CHEMBL239_EC50,unimol,mlp,crem_lime,42,label_permuted,74,test,845,861,0.10345750362050088,0.17073170731707318,-0.08112477504586661,1.0,1.662757831681574,0.26682567596435547,1.3959321557172186,-1.3959321557172186
CHEMBL239_EC50,unimol,mlp,crem_lime,42,label_permuted,75,test,846,849,0.14357467424294482,0.1891891891891892,-0.05625790176703475,1.0,1.3521825181113623,0.0584111213684082,1.293771396742954,-1.293771396742954
CHEMBL239_EC50,unimol,mlp,crem_lime,42,label_permuted,85,test,1037,1046,0.38267092114262924,0.14285714285714285,0.2797827413330674,1.0,-1.3644169745283738,0.18684864044189453,1.5512656149702684,-1.5512656149702684
CHEMBL239_EC50,unimol,mlp,crem_lime,42,label_permuted,91,test,1077,1083,0.3115561077027811,0.3076923076923077,0.005581044459572649,0.9615384615384616,1.1167442579930285,-0.08211565017700195,1.1988599081700304,-1.1988599081700304
CHEMBL239_EC50,unimol,mlp,crem_lime,42,label_permuted,102,test,1198,1201,0.04651173994187839,0.05333333333333334,-0.007205908512100295,1.0,1.33059822630669,0.12470555305480957,1.2058926732518804,-1.2058926732518804
CHEMBL239_EC50,unimol,mlp,crem_lime,42,label_permuted,107,test,1272,1278,0.3209429215499902,0.3333333333333333,-0.01858561767501465,1.0,1.640481436970422,0.1514439582824707,1.4890374786879512,-1.4890374786879512
CHEMBL239_EC50,unimol,mlp,crem_lime,42,label_permuted,114,test,1379,1715,0.5124472991127939,0.43333333333333335,0.13961288078728323,1.0,-1.666517980554881,-0.013364076614379883,1.6531539039405012,-1.6531539039405012
CHEMBL239_EC50,unimol,mlp,crem_lime,42,label_permuted,115,test,1393,1394,0.4602392468959975,0.19230769230769232,0.331724781871235,1.0,1.034762106259212,0.5235803127288818,0.5111817935303302,-0.5111817935303302
CHEMBL239_EC50,unimol,mlp,crem_lime,42,label_permuted,118,test,1464,1467,0.12349634524638864,0.16883116883116883,-0.05454345962543867,0.987012987012987,-2.740362689494244,-0.17934799194335938,2.5610146975508847,-2.5610146975508847
CHEMBL239_EC50,unimol,mlp,crem_lime,42,label_permuted,124,test,1559,1563,0.09370174108993264,0.13793103448275862,-0.051305980335678146,1.0,1.607639868708799,-0.1770915985107422,1.7847314672195411,-1.7847314672195411
CHEMBL239_EC50,unimol,mlp,crem_lime,42,label_permuted,126,test,1623,1624,0.1349206349206349,0.07272727272727272,0.06707127295362589,1.0,1.6823707425165568,0.4625098705291748,1.219860871987382,-1.219860871987382
CHEMBL239_EC50,unimol,mlp,crem_lime,42,label_permuted,127,test,1641,1656,0.07495016367298976,0.07272727272727272,0.0023972353336164133,1.0,-1.047424649928138,-0.10862159729003906,0.938803052638099,-0.938803052638099
CHEMBL2835_Ki,unimol,xgboost,crem_mean,42,trained,2,test,10,17,0.27222222222222225,0.08888888888888889,0.20121951219512196,0.3333333333333333,-1.5006023505691852,0.724295049905777,2.224897400474962,-2.224897400474962
CHEMBL2835_Ki,unimol,xgboost,crem_mean,42,trained,7,test,52,56,0.7939898423944477,0.32,0.6970438858741879,0.52,1.1249387366083,-0.4569208323955536,1.5818595690038535,-1.5818595690038535
CHEMBL2835_Ki,unimol,xgboost,crem_mean,42,trained,8,test,70,76,0.7885251322751323,0.2222222222222222,0.7281037414965987,0.5555555555555556,-1.1710704576806306,0.31845247745513916,1.4895229351357697,-1.4895229351357697
CHEMBL2835_Ki,unimol,xgboost,crem_mean,42,trained,13,test,145,156,0.42044510111737,0.3469387755102041,0.1125565610859728,0.4489795918367347,-2.278753600952829,-0.09030389785766602,2.188449703095163,-2.188449703095163
CHEMBL2835_Ki,unimol,xgboost,crem_mean,42,trained,18,test,404,445,0.49416666666666664,0.13157894736842105,0.4175252525252525,0.7631578947368421,-1.0142404391146103,-0.04605335369706154,0.9681870854175487,-0.9681870854175487
CHEMBL2835_Ki,unimol,xgboost,crem_lime,42,trained,2,test,10,17,0.3,0.08888888888888889,0.23170731707317072,0.6666666666666666,-1.5006023505691852,0.724295049905777,2.224897400474962,-2.224897400474962
CHEMBL2835_Ki,unimol,xgboost,crem_lime,42,trained,7,test,52,56,0.5135540600160327,0.32,0.28463832355298924,0.84,1.1249387366083,-0.4569208323955536,1.5818595690038535,-1.5818595690038535
CHEMBL2835_Ki,unimol,xgboost,crem_lime,42,trained,8,test,70,76,0.8598214285714285,0.2222222222222222,0.8197704081632652,0.8888888888888888,-1.1710704576806306,0.31845247745513916,1.4895229351357697,-1.4895229351357697
CHEMBL2835_Ki,unimol,xgboost,crem_lime,42,trained,13,test,145,156,0.35545929076552313,0.3469387755102041,0.013047038984707294,0.9183673469387755,-2.278753600952829,-0.09030389785766602,2.188449703095163,-2.188449703095163
CHEMBL2835_Ki,unimol,xgboost,crem_lime,42,trained,18,test,404,445,0.6522756917878869,0.13157894736842105,0.5995901905436274,0.9736842105263158,-1.0142404391146103,-0.04605335369706154,0.9681870854175487,-0.9681870854175487
CHEMBL2835_Ki,unimol,xgboost,crem_mean,42,label_permuted,2,test,10,17,0.39722222222222225,0.08888888888888889,0.3384146341463415,0.3333333333333333,-1.5006023505691852,0.014404892921447754,1.515007243490633,-1.515007243490633
CHEMBL2835_Ki,unimol,xgboost,crem_mean,42,label_permuted,7,test,52,56,0.49713203463203465,0.32,0.2604882862235804,0.52,1.1249387366083,-0.1311115026473999,1.2560502392556998,-1.2560502392556998
CHEMBL2835_Ki,unimol,xgboost,crem_mean,42,label_permuted,8,test,70,76,0.29298941798941797,0.2222222222222222,0.09098639455782312,0.5555555555555556,-1.1710704576806306,-0.014404892921447754,1.1566655647591828,-1.1566655647591828
CHEMBL2835_Ki,unimol,xgboost,crem_mean,42,label_permuted,13,test,145,156,0.7695078031212486,0.3469387755102041,0.6470588235294118,0.4489795918367347,-2.278753600952829,0.0,2.278753600952829,-2.278753600952829
CHEMBL2835_Ki,unimol,xgboost,crem_mean,42,label_permuted,18,test,404,445,0.15700280112044818,0.13157894736842105,0.029275952805364575,0.7631578947368421,-1.0142404391146103,0.0074547529220581055,1.0216951920366684,-1.0216951920366684
CHEMBL2835_Ki,unimol,xgboost,crem_lime,42,label_permuted,2,test,10,17,0.5416666666666666,0.08888888888888889,0.49695121951219506,0.6666666666666666,-1.5006023505691852,0.014404892921447754,1.515007243490633,-1.515007243490633
CHEMBL2835_Ki,unimol,xgboost,crem_lime,42,label_permuted,7,test,52,56,0.4695543754047699,0.32,0.21993290500701457,0.84,1.1249387366083,-0.1311115026473999,1.2560502392556998,-1.2560502392556998
CHEMBL2835_Ki,unimol,xgboost,crem_lime,42,label_permuted,8,test,70,76,0.5546627839796721,0.2222222222222222,0.4274235794024355,0.8888888888888888,-1.1710704576806306,-0.014404892921447754,1.1566655647591828,-1.1566655647591828
CHEMBL2835_Ki,unimol,xgboost,crem_lime,42,label_permuted,13,test,145,156,0.9005401203543619,0.3469387755102041,0.8477020592926167,0.9183673469387755,-2.278753600952829,0.0,2.278753600952829,-2.278753600952829
CHEMBL2835_Ki,unimol,xgboost,crem_lime,42,label_permuted,18,test,404,445,0.09617603194664363,0.13157894736842105,-0.04076699351598611,0.9736842105263158,-1.0142404391146103,0.0074547529220581055,1.0216951920366684,-1.0216951920366684
CHEMBL2835_Ki,unimol,mlp,crem_mean,42,trained,2,test,10,17,0.17563131313131314,0.08888888888888889,0.09520509977827052,0.3333333333333333,-1.5006023505691852,0.4608985185623169,1.9615008691315021,-1.9615008691315021
CHEMBL2835_Ki,unimol,mlp,crem_mean,42,trained,7,test,52,56,0.7895203754578755,0.32,0.6904711403792286,0.52,1.1249387366083,-1.2146439850330353,2.339582721641335,-2.339582721641335
CHEMBL2835_Ki,unimol,mlp,crem_mean,42,trained,8,test,70,76,0.2833333333333333,0.2222222222222222,0.07857142857142857,0.5555555555555556,-1.1710704576806306,-0.09403085708618164,1.077039600594449,-1.077039600594449
CHEMBL2835_Ki,unimol,mlp,crem_mean,42,trained,13,test,145,156,0.6311755471419337,0.3469387755102041,0.4352375565610859,0.4489795918367347,-2.278753600952829,0.24140393733978271,2.5201575382926116,-2.5201575382926116
CHEMBL2835_Ki,unimol,mlp,crem_mean,42,trained,18,test,404,445,0.4384057971014492,0.13157894736842105,0.3533157663592446,0.7631578947368421,-1.0142404391146103,-0.02662038803100586,0.9876200510836044,-0.9876200510836044
CHEMBL2835_Ki,unimol,mlp,crem_lime,42,trained,2,test,10,17,0.8166666666666667,0.08888888888888889,0.798780487804878,0.6666666666666666,-1.5006023505691852,0.4608985185623169,1.9615008691315021,-1.9615008691315021
CHEMBL2835_Ki,unimol,mlp,crem_lime,42,trained,7,test,52,56,0.5120230476192145,0.32,0.28238683473413895,0.84,1.1249387366083,-1.2146439850330353,2.339582721641335,-2.339582721641335
CHEMBL2835_Ki,unimol,mlp,crem_lime,42,trained,8,test,70,76,0.23068659168720368,0.2222222222222222,0.01088276074069046,0.8888888888888888,-1.1710704576806306,-0.09403085708618164,1.077039600594449,-1.077039600594449
CHEMBL2835_Ki,unimol,mlp,crem_lime,42,trained,13,test,145,156,0.35643762497953724,0.3469387755102041,0.014545113249916398,0.9183673469387755,-2.278753600952829,0.24140393733978271,2.5201575382926116,-2.5201575382926116
CHEMBL2835_Ki,unimol,mlp,crem_lime,42,trained,18,test,404,445,0.23244566861145782,0.13157894736842105,0.11614955779501204,0.9736842105263158,-1.0142404391146103,-0.02662038803100586,0.9876200510836044,-0.9876200510836044
CHEMBL2835_Ki,unimol,mlp,crem_mean,42,label_permuted,2,test,10,17,0.2150793650793651,0.08888888888888889,0.13850174216027875,0.3333333333333333,-1.5006023505691852,-0.07067897915840149,1.4299233714107837,-1.4299233714107837
CHEMBL2835_Ki,unimol,mlp,crem_mean,42,label_permuted,7,test,52,56,0.4522461913086913,0.32,0.19447969310101665,0.52,1.1249387366083,-0.24427983164787292,1.3692185682561728,-1.3692185682561728
CHEMBL2835_Ki,unimol,mlp,crem_mean,42,label_permuted,8,test,70,76,0.34259259259259256,0.2222222222222222,0.15476190476190474,0.5555555555555556,-1.1710704576806306,-0.08541157841682434,1.0856588792638062,-1.0856588792638062
CHEMBL2835_Ki,unimol,mlp,crem_mean,42,label_permuted,13,test,145,156,0.7242589343429681,0.3469387755102041,0.5777714932126699,0.4489795918367347,-2.278753600952829,0.07216489315032959,2.3509184941031585,-2.3509184941031585
CHEMBL2835_Ki,unimol,mlp,crem_mean,42,label_permuted,18,test,404,445,0.3296474358974359,0.13157894736842105,0.22807886557886556,0.7631578947368421,-1.0142404391146103,-0.012947022914886475,1.0012934161997238,-1.0012934161997238
CHEMBL2835_Ki,unimol,mlp,crem_lime,42,label_permuted,2,test,10,17,0.13623903508771928,0.08888888888888889,0.05196967265725287,0.6666666666666666,-1.5006023505691852,-0.07067897915840149,1.4299233714107837,-1.4299233714107837
CHEMBL2835_Ki,unimol,mlp,crem_lime,42,label_permuted,7,test,52,56,0.514550727050727,0.32,0.28610401036871624,0.84,1.1249387366083,-0.24427983164787292,1.3692185682561728,-1.3692185682561728
CHEMBL2835_Ki,unimol,mlp,crem_lime,42,label_permuted,8,test,70,76,0.2360683078027531,0.2222222222222222,0.017802110032111133,0.8888888888888888,-1.1710704576806306,-0.08541157841682434,1.0856588792638062,-1.0856588792638062
CHEMBL2835_Ki,unimol,mlp,crem_lime,42,label_permuted,13,test,145,156,0.7406520552031388,0.3469387755102041,0.6028734595298063,0.9183673469387755,-2.278753600952829,0.07216489315032959,2.3509184941031585,-2.3509184941031585
CHEMBL2835_Ki,unimol,mlp,crem_lime,42,label_permuted,18,test,404,445,0.14270987498636895,0.13157894736842105,0.01281743180248546,0.9736842105263158,-1.0142404391146103,-0.012947022914886475,1.0012934161997238,-1.0012934161997238
CHEMBL2147_Ki,unimol,xgboost,crem_mean,42,trained,5,test,380,534,0.902377461248429,0.8857142857142857,0.14580278592375395,0.34285714285714286,1.799999969383821,-0.3693420886993408,2.1693420580831617,-2.1693420580831617
CHEMBL2147_Ki,unimol,xgboost,crem_mean,42,trained,6,test,131,270,0.3660105061167301,0.20689655172413793,0.2006219424950075,0.6896551724137931,-1.5000381344038098,0.12797188758850098,1.6280100219923108,-1.6280100219923108
CHEMBL2147_Ki,unimol,xgboost,crem_mean,42,trained,7,test,137,605,0.14605978260869565,0.07272727272727272,0.07908407928388747,0.6727272727272727,-1.2999889376778877,-0.3982808589935303,0.9017080786843574,-0.9017080786843574
CHEMBL2147_Ki,unimol,xgboost,crem_mean,42,trained,8,test,152,581,0.423995264826447,0.5918367346938775,-0.41121160117520483,0.8775510204081632,-1.0999976307103823,-0.6444365978240967,0.4555610328862856,-0.4555610328862856
CHEMBL2147_Ki,unimol,xgboost,crem_mean,42,trained,13,test,191,348,0.84,0.84,0.0,0.0,-1.1000002181240478,-0.29784417152404785,0.8021560466,-0.8021560466
CHEMBL2147_Ki,unimol,xgboost,crem_mean,42,trained,15,test,378,630,0.5469945028233798,0.4230769230769231,0.21479047156052503,0.6538461538461539,-1.1999706407558657,0.8299291133880615,2.029899754143927,-2.029899754143927
CHEMBL2147_Ki,unimol,xgboost,crem_mean,42,trained,18,test,445,541,0.4204545454545454,0.06382978723404255,0.3809400826446281,0.6595744680851063,-1.1000078916521123,-0.39322352409362793,0.7067843675584844,-0.7067843675584844
CHEMBL2147_Ki,unimol,xgboost,crem_mean,42,trained,36,test,826,834,0.4626123365847183,0.36363636363636365,0.15553367177598587,0.8939393939393939,-1.272035099291717,-0.2100103497505188,1.0620247495411983,-1.0620247495411983
CHEMBL2147_Ki,unimol,xgboost,crem_mean,42,trained,39,test,888,922,0.3804273843683815,0.2,0.22553423046047688,0.7,1.567857486051955,-1.8262808322906494,3.3941383183426046,-3.3941383183426046
CHEMBL2147_Ki,unimol,xgboost,crem_mean,42,trained,42,test,1070,1079,0.22488370842408112,0.23333333333333334,-0.01102124988163333,0.5,1.0240324809554777,0.16207259893417358,0.8619598820213041,-0.8619598820213041
CHEMBL2147_Ki,unimol,xgboost,crem_mean,42,trained,44,test,1146,1149,0.16703844844281934,0.189873417721519,-0.02818691520339489,1.0,1.0053950318867062,0.047950856387615204,0.957444175499091,-0.957444175499091
CHEMBL2147_Ki,unimol,xgboost,crem_mean,42,trained,48,test,1227,1249,0.47483724024675955,0.3125,0.23612689490437752,1.0,1.045881556975432,0.737095545977354,0.308786010998078,-0.308786010998078
CHEMBL2147_Ki,unimol,xgboost,crem_mean,42,trained,51,test,1353,1354,0.49594214519587654,0.19402985074626866,0.37459488385414313,0.44776119402985076,-1.1050089793111104,-1.2260780036449432,0.12106902433383282,-0.12106902433383282
CHEMBL2147_Ki,unimol,xgboost,crem_mean,42,trained,52,test,1447,1449,0.44698916603678507,0.1836734693877551,0.3225617283950617,0.3877551020408163,-1.4771212547196624,-0.3696169853210449,1.1075042693986175,-1.1075042693986175
CHEMBL2147_Ki,unimol,xgboost,crem_lime,42,trained,5,test,380,534,0.9186815156169995,0.8857142857142857,0.28846326164874597,0.8,1.799999969383821,-0.3693420886993408,2.1693420580831617,-2.1693420580831617
CHEMBL2147_Ki,unimol,xgboost,crem_lime,42,trained,6,test,131,270,0.7238319650353368,0.20689655172413793,0.6517881298271637,0.9310344827586207,-1.5000381344038098,0.12797188758850098,1.6280100219923108,-1.6280100219923108
CHEMBL2147_Ki,unimol,xgboost,crem_lime,42,trained,7,test,137,605,0.061112870868968425,0.07272727272727272,-0.01252533533738699,1.0,-1.2999889376778877,-0.3982808589935303,0.9017080786843574,-0.9017080786843574
CHEMBL2147_Ki,unimol,xgboost,crem_lime,42,trained,8,test,152,581,0.45837806509942713,0.5918367346938775,-0.3269737405064035,0.9795918367346939,-1.0999976307103823,-0.6444365978240967,0.4555610328862856,-0.4555610328862856
CHEMBL2147_Ki,unimol,xgboost,crem_lime,42,trained,13,test,191,348,0.84,0.84,0.0,0.0,-1.1000002181240478,-0.29784417152404785,0.8021560466,-0.8021560466
CHEMBL2147_Ki,unimol,xgboost,crem_lime,42,trained,15,test,378,630,0.45418326856704366,0.4230769230769231,0.05391766551620903,0.9230769230769231,-1.1999706407558657,0.8299291133880615,2.029899754143927,-2.029899754143927
CHEMBL2147_Ki,unimol,xgboost,crem_lime,42,trained,18,test,445,541,0.6666666666666667,0.06382978723404255,0.643939393939394,0.9787234042553191,-1.1000078916521123,-0.39322352409362793,0.7067843675584844,-0.7067843675584844
CHEMBL2147_Ki,unimol,xgboost,crem_lime,42,trained,36,test,826,834,0.6693979397879234,0.36363636363636365,0.4804824768095939,1.0,-1.272035099291717,-0.2100103497505188,1.0620247495411983,-1.0620247495411983
CHEMBL2147_Ki,unimol,xgboost,crem_lime,42,trained,39,test,888,922,0.31120086662366075,0.2,0.13900108327957592,1.0,1.567857486051955,-1.8262808322906494,3.3941383183426046,-3.3941383183426046
CHEMBL2147_Ki,unimol,xgboost,crem_lime,42,trained,42,test,1070,1079,0.2667977838760348,0.23333333333333334,0.043649283316567145,0.8833333333333333,1.0240324809554777,0.16207259893417358,0.8619598820213041,-0.8619598820213041
CHEMBL2147_Ki,unimol,xgboost,crem_lime,42,trained,44,test,1146,1149,0.23469992276507173,0.189873417721519,0.055332717163135405,1.0,1.0053950318867062,0.047950856387615204,0.957444175499091,-0.957444175499091
CHEMBL2147_Ki,unimol,xgboost,crem_lime,42,trained,48,test,1227,1249,0.32529005195199834,0.3125,0.0186037119301794,1.0,1.045881556975432,0.737095545977354,0.308786010998078,-0.308786010998078
CHEMBL2147_Ki,unimol,xgboost,crem_lime,42,trained,51,test,1353,1354,0.3958039329091961,0.19402985074626866,0.25034932416511363,0.9402985074626866,-1.1050089793111104,-1.2260780036449432,0.12106902433383282,-0.12106902433383282
CHEMBL2147_Ki,unimol,xgboost,crem_lime,42,trained,52,test,1447,1449,0.4928711811064752,0.1836734693877551,0.37876719685543214,0.8775510204081632,-1.4771212547196624,-0.3696169853210449,1.1075042693986175,-1.1075042693986175
CHEMBL2147_Ki,unimol,xgboost,crem_mean,42,label_permuted,5,test,380,534,0.8453149001536098,0.8857142857142857,-0.35349462365591405,0.34285714285714286,1.799999969383821,0.6135922074317932,1.1864077619520277,-1.1864077619520277
CHEMBL2147_Ki,unimol,xgboost,crem_mean,42,label_permuted,6,test,131,270,0.5887906447417318,0.20689655172413793,0.4815186390221836,0.6896551724137931,-1.5000381344038098,-0.46092236042022705,1.0391157739835828,-1.0391157739835828
CHEMBL2147_Ki,unimol,xgboost,crem_mean,42,label_permuted,7,test,137,605,0.4464285714285714,0.07272727272727272,0.4030112044817927,0.6727272727272727,-1.2999889376778877,-0.388254314661026,0.9117346230168617,-0.9117346230168617
CHEMBL2147_Ki,unimol,xgboost,crem_mean,42,label_permuted,8,test,152,581,0.6842105504911277,0.5918367346938775,0.2263158487032628,0.8775510204081632,-1.0999976307103823,-0.8398529291152954,0.26014470159508685,-0.26014470159508685
CHEMBL2147_Ki,unimol,xgboost,crem_mean,42,label_permuted,13,test,191,348,0.84,0.84,0.0,0.0,-1.1000002181240478,-0.04700857400894165,1.0529916441151062,-1.0529916441151062
CHEMBL2147_Ki,unimol,xgboost,crem_mean,42,label_permuted,15,test,378,630,0.47667753299332244,0.4230769230769231,0.09290772385509224,0.6538461538461539,-1.1999706407558657,0.005775928497314453,1.2057465692531801,-1.2057465692531801
CHEMBL2147_Ki,unimol,xgboost,crem_mean,42,label_permuted,18,test,445,541,0.15921900161030594,0.06382978723404255,0.10189302444737226,0.6595744680851063,-1.1000078916521123,0.4545096755027771,1.5545175671548894,-1.5545175671548894
CHEMBL2147_Ki,unimol,xgboost,crem_mean,42,label_permuted,36,test,826,834,0.37538497969398593,0.36363636363636365,0.018462110947692165,0.8939393939393939,-1.272035099291717,0.1752709150314331,1.4473060143231502,-1.4473060143231502
CHEMBL2147_Ki,unimol,xgboost,crem_mean,42,label_permuted,39,test,888,922,0.3848905551380444,0.2,0.23111319392255544,0.7,1.567857486051955,0.002006828784942627,1.5658506572670123,-1.5658506572670123
CHEMBL2147_Ki,unimol,xgboost,crem_mean,42,label_permuted,42,test,1070,1079,0.2571132800946465,0.23333333333333334,0.031017321862582405,0.5,1.0240324809554777,-0.22094380855560303,1.2449762895110807,-1.2449762895110807
CHEMBL2147_Ki,unimol,xgboost,crem_mean,42,label_permuted,44,test,1146,1149,0.2447690764083833,0.189873417721519,0.06776182869159812,1.0,1.0053950318867062,-0.6791800558567047,1.684575087743411,-1.684575087743411
CHEMBL2147_Ki,unimol,xgboost,crem_mean,42,label_permuted,48,test,1227,1249,0.5483773379553197,0.3125,0.34309430975319233,1.0,1.045881556975432,0.6904714107513428,0.3554101462240893,-0.3554101462240893
CHEMBL2147_Ki,unimol,xgboost,crem_mean,42,label_permuted,51,test,1353,1354,0.3708265200802514,0.19402985074626866,0.21935883046994156,0.44776119402985076,-1.1050089793111104,-0.08942592144012451,1.015583057870986,-1.015583057870986
CHEMBL2147_Ki,unimol,xgboost,crem_mean,42,label_permuted,52,test,1447,1449,0.3681198795307597,0.1836734693877551,0.22594685242518062,0.3877551020408163,-1.4771212547196624,0.35353028774261475,1.8306515424622771,-1.8306515424622771
CHEMBL2147_Ki,unimol,xgboost,crem_lime,42,label_permuted,5,test,380,534,0.7954598985244147,0.8857142857142857,-0.789725887911371,0.8,1.799999969383821,0.6135922074317932,1.1864077619520277,-1.1864077619520277
CHEMBL2147_Ki,unimol,xgboost,crem_lime,42,label_permuted,6,test,131,270,0.7671160130718955,0.20689655172413793,0.7063636686558682,0.9310344827586207,-1.5000381344038098,-0.46092236042022705,1.0391157739835828,-1.0391157739835828
CHEMBL2147_Ki,unimol,xgboost,crem_lime,42,label_permuted,7,test,137,605,0.875,0.07272727272727272,0.8651960784313726,1.0,-1.2999889376778877,-0.388254314661026,0.9117346230168617,-0.9117346230168617
CHEMBL2147_Ki,unimol,xgboost,crem_lime,42,label_permuted,8,test,152,581,0.5787350031321612,0.5918367346938775,-0.03209924232620504,0.9795918367346939,-1.0999976307103823,-0.8398529291152954,0.26014470159508685,-0.26014470159508685
CHEMBL2147_Ki,unimol,xgboost,crem_lime,42,label_permuted,13,test,191,348,0.84,0.84,0.0,0.0,-1.1000002181240478,-0.04700857400894165,1.0529916441151062,-1.0529916441151062
CHEMBL2147_Ki,unimol,xgboost,crem_lime,42,label_permuted,15,test,378,630,0.4533434864039695,0.4230769230769231,0.05246204310021379,0.9230769230769231,-1.1999706407558657,0.005775928497314453,1.2057465692531801,-1.2057465692531801
CHEMBL2147_Ki,unimol,xgboost,crem_lime,42,label_permuted,18,test,445,541,0.17777777777777778,0.06382978723404255,0.12171717171717172,0.9787234042553191,-1.1000078916521123,0.4545096755027771,1.5545175671548894,-1.5545175671548894
CHEMBL2147_Ki,unimol,xgboost,crem_lime,42,label_permuted,36,test,826,834,0.41502536955617236,0.36363636363636365,0.08075415215969942,1.0,-1.272035099291717,0.1752709150314331,1.4473060143231502,-1.4473060143231502
CHEMBL2147_Ki,unimol,xgboost,crem_lime,42,label_permuted,39,test,888,922,0.20651899417622196,0.2,0.008148742720277442,1.0,1.567857486051955,0.002006828784942627,1.5658506572670123,-1.5658506572670123
CHEMBL2147_Ki,unimol,xgboost,crem_lime,42,label_permuted,42,test,1070,1079,0.2537374288927084,0.23333333333333334,0.02661403768614138,0.8833333333333333,1.0240324809554777,-0.22094380855560303,1.2449762895110807,-1.2449762895110807
CHEMBL2147_Ki,unimol,xgboost,crem_lime,42,label_permuted,44,test,1146,1149,0.1923369428048467,0.189873417721519,0.0030409137747326297,1.0,1.0053950318867062,-0.6791800558567047,1.684575087743411,-1.684575087743411
CHEMBL2147_Ki,unimol,xgboost,crem_lime,42,label_permuted,48,test,1227,1249,0.5368188654286843,0.3125,0.32628198607808623,1.0,1.045881556975432,0.6904714107513428,0.3554101462240893,-0.3554101462240893
CHEMBL2147_Ki,unimol,xgboost,crem_lime,42,label_permuted,51,test,1353,1354,0.4072439762469747,0.19402985074626866,0.2645434520101353,0.9402985074626866,-1.1050089793111104,-0.08942592144012451,1.015583057870986,-1.015583057870986
CHEMBL2147_Ki,unimol,xgboost,crem_lime,42,label_permuted,52,test,1447,1449,0.24257987382987384,0.1836734693877551,0.07216034544159544,0.8775510204081632,-1.4771212547196624,0.35353028774261475,1.8306515424622771,-1.8306515424622771
CHEMBL2147_Ki,unimol,mlp,crem_mean,42,trained,5,test,380,534,0.8248847926267281,0.8857142857142857,-0.5322580645161287,0.34285714285714286,1.799999969383821,0.30185985565185547,1.4981401137319654,-1.4981401137319654
CHEMBL2147_Ki,unimol,mlp,crem_mean,42,trained,6,test,131,270,0.21170201057971957,0.20689655172413793,0.006059056817907292,0.6896551724137931,-1.5000381344038098,-0.17898988723754883,1.321048247166261,-1.321048247166261
CHEMBL2147_Ki,unimol,mlp,crem_mean,42,trained,7,test,137,605,0.12703703703703703,0.07272727272727272,0.05856935366739288,0.6727272727272727,-1.2999889376778877,-1.524547815322876,0.22455887764498828,-0.22455887764498828
CHEMBL2147_Ki,unimol,mlp,crem_mean,42,trained,8,test,152,581,0.5371601935035973,0.5918367346938775,-0.13395752591618648,0.8775510204081632,-1.0999976307103823,-0.2968478202819824,0.8031498104283998,-0.8031498104283998
CHEMBL2147_Ki,unimol,mlp,crem_mean,42,trained,13,test,191,348,0.84,0.84,0.0,0.0,-1.1000002181240478,0.2511916160583496,1.3511918341823974,-1.3511918341823974
CHEMBL2147_Ki,unimol,mlp,crem_mean,42,trained,15,test,378,630,0.5984892884892885,0.4230769230769231,0.3040481000481001,0.6538461538461539,-1.1999706407558657,-0.06981134414672852,1.1301592966091372,-1.1301592966091372
CHEMBL2147_Ki,unimol,mlp,crem_mean,42,trained,18,test,445,541,0.4489247311827957,0.06382978723404255,0.4113514173998045,0.6595744680851063,-1.1000078916521123,-0.05735301971435547,1.0426548719377569,-1.0426548719377569
CHEMBL2147_Ki,unimol,mlp,crem_mean,42,trained,36,test,826,834,0.4999733690841762,0.36363636363636365,0.2142438657037055,0.8939393939393939,-1.272035099291717,-0.06423163414001465,1.2078034651517024,-1.2078034651517024
CHEMBL2147_Ki,unimol,mlp,crem_mean,42,trained,39,test,888,922,0.34704688213539586,0.2,0.1838086026692448,0.7,1.567857486051955,-1.0863721370697021,2.6542296231216573,-2.6542296231216573
CHEMBL2147_Ki,unimol,mlp,crem_mean,42,trained,42,test,1070,1079,0.23416945725658686,0.23333333333333334,0.0010905964216350306,0.5,1.0240324809554777,-0.03857731819152832,1.062609799147006,-1.062609799147006
CHEMBL2147_Ki,unimol,mlp,crem_mean,42,trained,44,test,1146,1149,0.16753106344263205,0.189873417721519,-0.02757884356300108,1.0,1.0053950318867062,0.4032104015350342,0.602184630351672,-0.602184630351672
CHEMBL2147_Ki,unimol,mlp,crem_mean,42,trained,48,test,1227,1249,0.421056706832749,0.3125,0.15790066448399853,1.0,1.045881556975432,-0.051670193672180176,1.0975517506476122,-1.0975517506476122
CHEMBL2147_Ki,unimol,mlp,crem_mean,42,trained,51,test,1353,1354,0.2653282172135275,0.19402985074626866,0.08846278802419152,0.44776119402985076,-1.1050089793111104,-1.0545490980148315,0.050459881296278875,-0.050459881296278875
CHEMBL2147_Ki,unimol,mlp,crem_mean,42,trained,52,test,1447,1449,0.44923383494812064,0.1836734693877551,0.3253114478114478,0.3877551020408163,-1.4771212547196624,0.42530739307403564,1.902428647793698,-1.902428647793698
CHEMBL2147_Ki,unimol,mlp,crem_lime,42,trained,5,test,380,534,0.7831731045677914,0.8857142857142857,-0.8972353350318243,0.8,1.799999969383821,0.30185985565185547,1.4981401137319654,-1.4981401137319654
CHEMBL2147_Ki,unimol,mlp,crem_lime,42,trained,6,test,131,270,0.47135906624397667,0.20689655172413793,0.3334527356989271,0.9310344827586207,-1.5000381344038098,-0.17898988723754883,1.321048247166261,-1.321048247166261
CHEMBL2147_Ki,unimol,mlp,crem_lime,42,trained,7,test,137,605,0.06509364892036017,0.07272727272727272,-0.008232339399611582,1.0,-1.2999889376778877,-1.524547815322876,0.22455887764498828,-0.22455887764498828
CHEMBL2147_Ki,unimol,mlp,crem_lime,42,trained,8,test,152,581,0.8329801506085606,0.5918367346938775,0.5908013689909734,0.9795918367346939,-1.0999976307103823,-0.2968478202819824,0.8031498104283998,-0.8031498104283998
CHEMBL2147_Ki,unimol,mlp,crem_lime,42,trained,13,test,191,348,0.84,0.84,0.0,0.0,-1.1000002181240478,0.2511916160583496,1.3511918341823974,-1.3511918341823974
CHEMBL2147_Ki,unimol,mlp,crem_lime,42,trained,15,test,378,630,0.40882665855765943,0.4230769230769231,-0.024700458500056987,0.9230769230769231,-1.1999706407558657,-0.06981134414672852,1.1301592966091372,-1.1301592966091372
CHEMBL2147_Ki,unimol,mlp,crem_lime,42,trained,18,test,445,541,0.6984126984126984,0.06382978723404255,0.6778499278499278,0.9787234042553191,-1.1000078916521123,-0.05735301971435547,1.0426548719377569,-1.0426548719377569
CHEMBL2147_Ki,unimol,mlp,crem_lime,42,trained,36,test,826,834,0.7667112216279588,0.36363636363636365,0.6334033482725067,1.0,-1.272035099291717,-0.06423163414001465,1.2078034651517024,-1.2078034651517024
CHEMBL2147_Ki,unimol,mlp,crem_lime,42,trained,39,test,888,922,0.20082374530466618,0.2,0.00102968163083271,1.0,1.567857486051955,-1.0863721370697021,2.6542296231216573,-2.6542296231216573
CHEMBL2147_Ki,unimol,mlp,crem_lime,42,trained,42,test,1070,1079,0.30096751132963684,0.23333333333333334,0.08821849303865675,0.8833333333333333,1.0240324809554777,-0.03857731819152832,1.062609799147006,-1.062609799147006
CHEMBL2147_Ki,unimol,mlp,crem_lime,42,trained,44,test,1146,1149,0.24371134089224408,0.189873417721519,0.06645618641386378,1.0,1.0053950318867062,0.4032104015350342,0.602184630351672,-0.602184630351672
CHEMBL2147_Ki,unimol,mlp,crem_lime,42,trained,48,test,1227,1249,0.30682688219883464,0.3125,-0.00825180771078598,1.0,1.045881556975432,-0.051670193672180176,1.0975517506476122,-1.0975517506476122
CHEMBL2147_Ki,unimol,mlp,crem_lime,42,trained,51,test,1353,1354,0.20527043310140408,0.19402985074626866,0.01394664847766802,0.9402985074626866,-1.1050089793111104,-1.0545490980148315,0.050459881296278875,-0.050459881296278875
CHEMBL2147_Ki,unimol,mlp,crem_lime,42,trained,52,test,1447,1449,0.4392213369024963,0.1836734693877551,0.313046137705558,0.8775510204081632,-1.4771212547196624,0.42530739307403564,1.902428647793698,-1.902428647793698
CHEMBL2147_Ki,unimol,mlp,crem_mean,42,label_permuted,5,test,380,534,0.8992412605315832,0.8857142857142857,0.11836102965135288,0.34285714285714286,1.799999969383821,0.410785436630249,1.3892145327535719,-1.3892145327535719
CHEMBL2147_Ki,unimol,mlp,crem_mean,42,label_permuted,6,test,131,270,0.7210885111620406,0.20689655172413793,0.648328992334747,0.6896551724137931,-1.5000381344038098,-0.007238864898681641,1.4927992695051282,-1.4927992695051282
CHEMBL2147_Ki,unimol,mlp,crem_mean,42,label_permuted,7,test,137,605,0.55,0.07272727272727272,0.5147058823529412,0.6727272727272727,-1.2999889376778877,0.28566884994506836,1.585657787622956,-1.585657787622956
CHEMBL2147_Ki,unimol,mlp,crem_mean,42,label_permuted,8,test,152,581,0.5401869328039313,0.5918367346938775,-0.12654201463036838,0.8775510204081632,-1.0999976307103823,-0.19304871559143066,0.9069489151189516,-0.9069489151189516
CHEMBL2147_Ki,unimol,mlp,crem_mean,42,label_permuted,13,test,191,348,0.84,0.84,0.0,0.0,-1.1000002181240478,-0.2629891633987427,0.8370110547253051,-0.8370110547253051
CHEMBL2147_Ki,unimol,mlp,crem_mean,42,label_permuted,15,test,378,630,0.697770979020979,0.4230769230769231,0.4761363636363636,0.6538461538461539,-1.1999706407558657,0.007778763771057129,1.2077494045269228,-1.2077494045269228
CHEMBL2147_Ki,unimol,mlp,crem_mean,42,label_permuted,18,test,445,541,0.13474025974025974,0.06382978723404255,0.07574527744982291,0.6595744680851063,-1.1000078916521123,0.10167479515075684,1.2016826868028692,-1.2016826868028692
CHEMBL2147_Ki,unimol,mlp,crem_mean,42,label_permuted,36,test,826,834,0.3451060080280467,0.36363636363636365,-0.029119130241640923,0.8939393939393939,-1.272035099291717,0.02685832977294922,1.2988934290646663,-1.2988934290646663
CHEMBL2147_Ki,unimol,mlp,crem_mean,42,label_permuted,39,test,888,922,0.3176861739467851,0.2,0.14710771743348136,0.7,1.567857486051955,-0.14415407180786133,1.7120115578598163,-1.7120115578598163
CHEMBL2147_Ki,unimol,mlp,crem_mean,42,label_permuted,42,test,1070,1079,0.34177489177489173,0.23333333333333334,0.14144551101072836,0.5,1.0240324809554777,-0.004014730453491211,1.028047211408969,-1.028047211408969
CHEMBL2147_Ki,unimol,mlp,crem_mean,42,label_permuted,44,test,1146,1149,0.3251060780339716,0.189873417721519,0.16692781507318372,1.0,1.0053950318867062,-0.01570439338684082,1.021099425273547,-1.021099425273547
CHEMBL2147_Ki,unimol,mlp,crem_mean,42,label_permuted,48,test,1227,1249,0.49702949540880575,0.3125,0.2684065387764447,1.0,1.045881556975432,0.29453325271606445,0.7513483042593676,-0.7513483042593676
CHEMBL2147_Ki,unimol,mlp,crem_mean,42,label_permuted,51,test,1353,1354,0.47737275162648296,0.19402985074626866,0.35155508072174735,0.44776119402985076,-1.1050089793111104,0.12279188632965088,1.2278008656407613,-1.2278008656407613
CHEMBL2147_Ki,unimol,mlp,crem_mean,42,label_permuted,52,test,1447,1449,0.38667170571932474,0.1836734693877551,0.2486728395061728,0.3877551020408163,-1.4771212547196624,-0.010353565216064453,1.466767689503598,-1.466767689503598
CHEMBL2147_Ki,unimol,mlp,crem_lime,42,label_permuted,5,test,380,534,0.8258376571727368,0.8857142857142857,-0.5239204997385523,0.8,1.799999969383821,0.410785436630249,1.3892145327535719,-1.3892145327535719
CHEMBL2147_Ki,unimol,mlp,crem_lime,42,label_permuted,6,test,131,270,0.854478923853924,0.20689655172413793,0.8165169039897302,0.9310344827586207,-1.5000381344038098,-0.007238864898681641,1.4927992695051282,-1.4927992695051282
CHEMBL2147_Ki,unimol,mlp,crem_lime,42,label_permuted,7,test,137,605,0.85,0.07272727272727272,0.8382352941176471,1.0,-1.2999889376778877,0.28566884994506836,1.585657787622956,-1.585657787622956
CHEMBL2147_Ki,unimol,mlp,crem_lime,42,label_permuted,8,test,152,581,0.42928947910401033,0.5918367346938775,-0.3982407761951747,0.9795918367346939,-1.0999976307103823,-0.19304871559143066,0.9069489151189516,-0.9069489151189516
CHEMBL2147_Ki,unimol,mlp,crem_lime,42,label_permuted,13,test,191,348,0.84,0.84,0.0,0.0,-1.1000002181240478,-0.2629891633987427,0.8370110547253051,-0.8370110547253051
CHEMBL2147_Ki,unimol,mlp,crem_lime,42,label_permuted,15,test,378,630,0.4176651111906898,0.4230769230769231,-0.009380473936137716,0.9230769230769231,-1.1999706407558657,0.007778763771057129,1.2077494045269228,-1.2077494045269228
CHEMBL2147_Ki,unimol,mlp,crem_lime,42,label_permuted,18,test,445,541,0.24206349206349204,0.06382978723404255,0.19038600288600288,0.9787234042553191,-1.1000078916521123,0.10167479515075684,1.2016826868028692,-1.2016826868028692
CHEMBL2147_Ki,unimol,mlp,crem_lime,42,label_permuted,36,test,826,834,0.25314568449719405,0.36363636363636365,-0.17362821007583795,1.0,-1.272035099291717,0.02685832977294922,1.2988934290646663,-1.2988934290646663
CHEMBL2147_Ki,unimol,mlp,crem_lime,42,label_permuted,39,test,888,922,0.16160265144579555,0.2,-0.04799668569275557,1.0,1.567857486051955,-0.14415407180786133,1.7120115578598163,-1.7120115578598163
CHEMBL2147_Ki,unimol,mlp,crem_lime,42,label_permuted,42,test,1070,1079,0.8801931028821784,0.23333333333333334,0.8437301341941459,0.8833333333333333,1.0240324809554777,-0.004014730453491211,1.028047211408969,-1.028047211408969
CHEMBL2147_Ki,unimol,mlp,crem_lime,42,label_permuted,44,test,1146,1149,0.16183917461307162,0.189873417721519,-0.03460476883698973,1.0,1.0053950318867062,-0.01570439338684082,1.021099425273547,-1.021099425273547
CHEMBL2147_Ki,unimol,mlp,crem_lime,42,label_permuted,48,test,1227,1249,0.48267120991043944,0.3125,0.2475217598697301,1.0,1.045881556975432,0.29453325271606445,0.7513483042593676,-0.7513483042593676
CHEMBL2147_Ki,unimol,mlp,crem_lime,42,label_permuted,51,test,1353,1354,0.4205642266533409,0.19402985074626866,0.28107042936618226,0.9402985074626866,-1.1050089793111104,0.12279188632965088,1.2278008656407613,-1.2278008656407613
CHEMBL2147_Ki,unimol,mlp,crem_lime,42,label_permuted,52,test,1447,1449,0.2664089046839997,0.1836734693877551,0.1013509082378996,0.8775510204081632,-1.4771212547196624,-0.010353565216064453,1.466767689503598,-1.466767689503598
CHEMBL287_Ki,unimol,xgboost,crem_mean,42,trained,2,test,4,735,0.4055900621118012,0.43478260869565216,-0.05164835164835168,0.34782608695652173,-1.4328779912079628,0.18683713674545288,1.6197151279534157,-1.6197151279534157
CHEMBL287_Ki,unimol,xgboost,crem_mean,42,trained,9,test,66,68,0.18518518518518517,0.18518518518518517,0.0,0.6296296296296297,-1.1242596207828128,-0.5315874814987183,0.5926721392840946,-0.5926721392840946
CHEMBL287_Ki,unimol,xgboost,crem_mean,42,trained,12,test,109,767,0.518256776927151,0.5348837209302325,-0.03574792960662525,0.7441860465116279,-1.0042062748360236,0.26646721363067627,1.2706734884667,-1.2706734884667
CHEMBL287_Ki,unimol,xgboost,crem_mean,42,trained,18,test,591,596,0.32380952380952377,0.3142857142857143,0.01388888888888884,0.2857142857142857,-1.3512475457762891,0.8325359225273132,2.183783468303602,-2.183783468303602
CHEMBL287_Ki,unimol,xgboost,crem_mean,42,trained,19,test,139,156,0.10206043956043956,0.10256410256410256,-0.0005612244897959163,0.7435897435897436,1.0352133213459336,-0.32667356729507446,1.361886888641008,-1.361886888641008
CHEMBL287_Ki,unimol,xgboost,crem_mean,42,trained,22,test,312,661,0.8624338624338626,0.7777777777777778,0.38095238095238143,0.2962962962962963,-1.5304028032228736,-0.34723222255706787,1.1831705806658057,-1.1831705806658057
CHEMBL287_Ki,unimol,xgboost,crem_mean,42,trained,26,test,230,447,0.7655047139624543,0.5111111111111111,0.5203505512868385,0.8666666666666667,-2.410174465089049,-0.21147799491882324,2.198696470170226,-2.198696470170226
CHEMBL287_Ki,unimol,xgboost,crem_mean,42,trained,27,test,212,232,0.5141591251885369,0.5652173913043478,-0.11743401206636501,0.41304347826086957,-1.0628647334556356,-0.10000073909759521,0.9628639943580404,-0.9628639943580404
CHEMBL287_Ki,unimol,xgboost,crem_mean,42,trained,28,test,264,272,0.29747001499250375,0.15384615384615385,0.16973729044568625,0.5769230769230769,-1.2415034376128264,-0.25502192974090576,0.9864815078719207,-0.9864815078719207
CHEMBL287_Ki,unimol,xgboost,crem_mean,42,trained,32,test,309,649,0.5681657848324515,0.21428571428571427,0.4503928170594837,0.5357142857142857,-1.479932232053491,-0.571354329586029,0.9085779024674618,-0.9085779024674618
CHEMBL287_Ki,unimol,xgboost,crem_mean,42,trained,35,test,346,350,0.3611111111111111,0.3157894736842105,0.06623931623931625,0.8421052631578947,-1.0234810958495228,0.5647869110107422,1.588268006860265,-1.588268006860265
CHEMBL287_Ki,unimol,xgboost,crem_mean,42,trained,40,test,389,505,0.5,0.11428571428571428,0.435483870967742,0.8285714285714286,-1.5946612692549316,-0.8414307832717896,0.753230485983142,-0.753230485983142
CHEMBL287_Ki,unimol,xgboost,crem_mean,42,trained,43,test,402,702,0.7719444444444445,0.23809523809523808,0.7006770833333335,0.38095238095238093,-1.0662162688832573,-0.06502878665924072,1.0011874822240165,-1.0011874822240165
CHEMBL287_Ki,unimol,xgboost,crem_mean,42,trained,51,test,622,630,0.31406555994987584,0.3333333333333333,-0.02890166007518621,0.8461538461538461,-1.5351132016973492,0.2881578207015991,1.8232710223989483,-1.8232710223989483
CHEMBL287_Ki,unimol,xgboost,crem_mean,42,trained,66,test,612,628,0.47516917293233085,0.5714285714285714,-0.22460526315789459,0.8928571428571429,-1.6532125137753437,0.7108937501907349,2.364106263966079,-2.364106263966079
CHEMBL287_Ki,unimol,xgboost,crem_mean,42,trained,68,test,685,739,0.25787545787545785,0.2653061224489796,-0.010113960113960176,0.42857142857142855,-1.6534826632562507,-0.012681841850280762,1.64080082140597,-1.64080082140597
CHEMBL287_Ki,unimol,xgboost,crem_mean,42,trained,74,test,837,849,0.3861074571360139,0.3333333333333333,0.07916118570402088,0.8958333333333334,-1.6549960665157608,0.10867071151733398,1.7636667780330948,-1.7636667780330948
CHEMBL287_Ki,unimol,xgboost,crem_mean,42,trained,82,test,1025,1072,0.3005404894237217,0.22580645161290322,0.09653146550564053,0.7096774193548387,1.027824589879962,0.17938709259033203,0.84843749728963,-0.84843749728963
CHEMBL287_Ki,unimol,xgboost,crem_mean,42,trained,83,test,1047,1061,0.48170574571291935,0.43478260869565216,0.08301785779978041,1.0,1.149762320333332,0.10972154140472412,1.040040778928608,-1.040040778928608
CHEMBL287_Ki,unimol,xgboost,crem_mean,42,trained,84,test,1054,1055,0.26299166593174,0.17391304347826086,0.10783201665421159,1.0,1.320335150859368,-0.627814769744873,1.948149920604241,-1.948149920604241
CHEMBL287_Ki,unimol,xgboost,crem_mean,42,trained,85,test,1069,1070,0.8386424116424117,0.3389830508474576,0.7558949304333921,0.6949152542372882,-1.3624611602076298,-0.5226700305938721,0.8397911296137577,-0.8397911296137577
CHEMBL287_Ki,unimol,xgboost,crem_mean,42,trained,89,test,1089,1096,0.5992617046818727,0.2916666666666667,0.4342518183744085,0.625,1.1891626679034402,0.10138571262359619,1.087776955279844,-1.087776955279844
CHEMBL287_Ki,unimol,xgboost,crem_mean,42,trained,93,test,1106,1118,0.5571428571428572,0.2,0.4464285714285714,0.64,-1.3105753135702116,-0.11368727684020996,1.1968880367300017,-1.1968880367300017
CHEMBL287_Ki,unimol,xgboost,crem_mean,42,trained,96,test,1233,1244,0.7983940116348343,0.45161290322580644,0.6323655506282272,0.6129032258064516,1.1125491473152316,-0.27892160415649414,1.3914707514717257,-1.3914707514717257
CHEMBL287_Ki,unimol,xgboost,crem_mean,42,trained,97,test,1258,1281,0.590787037037037,0.2962962962962963,0.4184868421052632,0.7037037037037037,-1.3442752605388384,-0.09247267246246338,1.251802588076375,-1.251802588076375
CHEMBL287_Ki,unimol,xgboost,crem_mean,42,trained,101,test,1309,1311,0.4097365574582323,0.3181818181818182,0.13428028427207403,0.7272727272727273,1.2844976898198748,-0.17372429370880127,1.458221983528676,-1.458221983528676
CHEMBL287_Ki,unimol,xgboost,crem_lime,42,trained,2,test,4,735,0.3343213612190594,0.43478260869565216,-0.17773913015089482,0.7608695652173914,-1.4328779912079628,0.18683713674545288,1.6197151279534157,-1.6197151279534157
CHEMBL287_Ki,unimol,xgboost,crem_lime,42,trained,9,test,66,68,0.13639015621703235,0.18518518518518517,-0.059884808279096646,0.9259259259259259,-1.1242596207828128,-0.5315874814987183,0.5926721392840946,-0.5926721392840946
CHEMBL287_Ki,unimol,xgboost,crem_lime,42,trained,12,test,109,767,0.37645433996189304,0.5348837209302325,-0.34062316908192986,1.0,-1.0042062748360236,0.26646721363067627,1.2706734884667,-1.2706734884667
CHEMBL287_Ki,unimol,xgboost,crem_lime,42,trained,18,test,591,596,0.21620891734528094,0.3142857142857143,-0.14302866220479862,1.0,-1.3512475457762891,0.8325359225273132,2.183783468303602,-2.183783468303602
CHEMBL287_Ki,unimol,xgboost,crem_lime,42,trained,19,test,139,156,0.08867521367521367,0.10256410256410256,-0.015476190476190482,1.0,1.0352133213459336,-0.32667356729507446,1.361886888641008,-1.361886888641008
CHEMBL287_Ki,unimol,xgboost,crem_lime,42,trained,22,test,312,661,0.907132569627041,0.7777777777777778,0.5820965633216846,0.7407407407407407,-1.5304028032228736,-0.34723222255706787,1.1831705806658057,-1.1831705806658057
CHEMBL287_Ki,unimol,xgboost,crem_lime,42,trained,26,test,230,447,0.5642521946749797,0.5111111111111111,0.10869767092609485,1.0,-2.410174465089049,-0.21147799491882324,2.198696470170226,-2.198696470170226
CHEMBL287_Ki,unimol,xgboost,crem_lime,42,trained,27,test,212,232,0.6349432138348197,0.5652173913043478,0.1603693918200853,0.9565217391304348,-1.0628647334556356,-0.10000073909759521,0.9628639943580404,-0.9628639943580404
CHEMBL287_Ki,unimol,xgboost,crem_lime,42,trained,28,test,264,272,0.19165504881430273,0.15384615384615385,0.044683239507812306,0.9615384615384616,-1.2415034376128264,-0.25502192974090576,0.9864815078719207,-0.9864815078719207
CHEMBL287_Ki,unimol,xgboost,crem_lime,42,trained,32,test,309,649,0.3827090952090952,0.21428571428571427,0.21435703026612116,1.0,-1.479932232053491,-0.571354329586029,0.9085779024674618,-0.9085779024674618
CHEMBL287_Ki,unimol,xgboost,crem_lime,42,trained,35,test,346,350,0.268410919041022,0.3157894736842105,-0.06924557986312169,1.0,-1.0234810958495228,0.5647869110107422,1.588268006860265,-1.588268006860265
CHEMBL287_Ki,unimol,xgboost,crem_lime,42,trained,40,test,389,505,0.30414673046251994,0.11428571428571428,0.21435921181252254,1.0,-1.5946612692549316,-0.8414307832717896,0.753230485983142,-0.753230485983142
CHEMBL287_Ki,unimol,xgboost,crem_lime,42,trained,43,test,402,702,0.43697957597957593,0.23809523809523808,0.26103569347319344,1.0,-1.0662162688832573,-0.06502878665924072,1.0011874822240165,-1.0011874822240165
CHEMBL287_Ki,unimol,xgboost,crem_lime,42,trained,51,test,622,630,0.6424409876065031,0.3333333333333333,0.4636614814097547,0.6923076923076923,-1.5351132016973492,0.2881578207015991,1.8232710223989483,-1.8232710223989483
CHEMBL287_Ki,unimol,xgboost,crem_lime,42,trained,66,test,612,628,0.7463789682539682,0.5714285714285714,0.40821759259259255,1.0,-1.6532125137753437,0.7108937501907349,2.364106263966079,-2.364106263966079
CHEMBL287_Ki,unimol,xgboost,crem_lime,42,trained,68,test,685,739,0.3572950445000135,0.2653061224489796,0.1252071439027961,0.7142857142857143,-1.6534826632562507,-0.012681841850280762,1.64080082140597,-1.64080082140597
CHEMBL287_Ki,unimol,xgboost,crem_lime,42,trained,74,test,837,849,0.2433697481240881,0.3333333333333333,-0.1349453778138678,1.0,-1.6549960665157608,0.10867071151733398,1.7636667780330948,-1.7636667780330948
CHEMBL287_Ki,unimol,xgboost,crem_lime,42,trained,82,test,1025,1072,0.3446216013221203,0.22580645161290322,0.15346956837440537,0.967741935483871,1.027824589879962,0.17938709259033203,0.84843749728963,-0.84843749728963
CHEMBL287_Ki,unimol,xgboost,crem_lime,42,trained,83,test,1047,1061,0.6351009313445712,0.43478260869565216,0.3544093400711645,1.0,1.149762320333332,0.10972154140472412,1.040040778928608,-1.040040778928608
CHEMBL287_Ki,unimol,xgboost,crem_lime,42,trained,84,test,1054,1055,0.4915570175438596,0.17391304347826086,0.3845163896583564,1.0,1.320335150859368,-0.627814769744873,1.948149920604241,-1.948149920604241
CHEMBL287_Ki,unimol,xgboost,crem_lime,42,trained,85,test,1069,1070,0.6395767853312295,0.3389830508474576,0.4547443675523729,1.0,-1.3624611602076298,-0.5226700305938721,0.8397911296137577,-0.8397911296137577
CHEMBL287_Ki,unimol,xgboost,crem_lime,42,trained,89,test,1089,1096,0.5419462163095704,0.2916666666666667,0.35333583478998176,1.0,1.1891626679034402,0.10138571262359619,1.087776955279844,-1.087776955279844
CHEMBL287_Ki,unimol,xgboost,crem_lime,42,trained,93,test,1106,1118,0.32322106700780023,0.2,0.15402633375975028,1.0,-1.3105753135702116,-0.11368727684020996,1.1968880367300017,-1.1968880367300017
CHEMBL287_Ki,unimol,xgboost,crem_lime,42,trained,96,test,1233,1244,0.5899200481268038,0.45161290322580644,0.2522071465841716,1.0,1.1125491473152316,-0.27892160415649414,1.3914707514717257,-1.3914707514717257
CHEMBL287_Ki,unimol,xgboost,crem_lime,42,trained,97,test,1258,1281,0.6705594027866825,0.2962962962962963,0.531847572381075,1.0,-1.3442752605388384,-0.09247267246246338,1.251802588076375,-1.251802588076375
CHEMBL287_Ki,unimol,xgboost,crem_lime,42,trained,101,test,1309,1311,0.3736019130024688,0.3181818181818182,0.08128280573695426,0.9696969696969697,1.2844976898198748,-0.17372429370880127,1.458221983528676,-1.458221983528676
CHEMBL287_Ki,unimol,xgboost,crem_mean,42,label_permuted,2,test,4,735,0.4008876811594203,0.43478260869565216,-0.05996794871794866,0.34782608695652173,-1.4328779912079628,0.14981985092163086,1.5826978421295936,-1.5826978421295936
CHEMBL287_Ki,unimol,xgboost,crem_mean,42,label_permuted,9,test,66,68,0.18518518518518517,0.18518518518518517,0.0,0.6296296296296297,-1.1242596207828128,0.04078483581542969,1.1650444565982425,-1.1650444565982425
CHEMBL287_Ki,unimol,xgboost,crem_mean,42,label_permuted,12,test,109,767,0.6589400067408155,0.5348837209302325,0.2667210144927535,0.7441860465116279,-1.0042062748360236,-0.19487249851226807,0.8093337763237556,-0.8093337763237556
CHEMBL287_Ki,unimol,xgboost,crem_mean,42,label_permuted,18,test,591,596,0.298051948051948,0.3142857142857143,-0.023674242424242473,0.2857142857142857,-1.3512475457762891,0.14585745334625244,1.4971049991225416,-1.4971049991225416
CHEMBL287_Ki,unimol,xgboost,crem_mean,42,label_permuted,19,test,139,156,0.14828703703703705,0.10256410256410256,0.050948412698412715,0.7435897435897436,1.0352133213459336,-0.02884507179260254,1.0640583931385361,-1.0640583931385361
CHEMBL287_Ki,unimol,xgboost,crem_mean,42,label_permuted,22,test,312,661,0.8624338624338623,0.7777777777777778,0.38095238095238043,0.2962962962962963,-1.5304028032228736,-0.04157114028930664,1.488831662933567,-1.488831662933567
CHEMBL287_Ki,unimol,xgboost,crem_mean,42,label_permuted,26,test,230,447,0.7140831325512977,0.5111111111111111,0.41517004385492723,0.8666666666666667,-2.410174465089049,0.22772741317749023,2.6379018782665393,-2.6379018782665393
CHEMBL287_Ki,unimol,xgboost,crem_mean,42,label_permuted,27,test,212,232,0.5557692307692307,0.5652173913043478,-0.021730769230769328,0.41304347826086957,-1.0628647334556356,-0.08849811553955078,0.9743666179160848,-0.9743666179160848
CHEMBL287_Ki,unimol,xgboost,crem_mean,42,label_permuted,28,test,264,272,0.32122762148337597,0.15384615384615385,0.19781446175308068,0.5769230769230769,-1.2415034376128264,-0.11311018466949463,1.1283932529433318,-1.1283932529433318
CHEMBL287_Ki,unimol,xgboost,crem_mean,42,label_permuted,32,test,309,649,0.30685550082101803,0.21428571428571427,0.11781609195402297,0.5357142857142857,-1.479932232053491,-0.014934659004211426,1.4649975730492795,-1.4649975730492795
CHEMBL287_Ki,unimol,xgboost,crem_mean,42,label_permuted,35,test,346,350,0.3741039426523297,0.3157894736842105,0.0852288392610973,0.8421052631578947,-1.0234810958495228,-0.005285978317260742,1.018195117532262,-1.018195117532262
CHEMBL287_Ki,unimol,xgboost,crem_mean,42,label_permuted,40,test,389,505,0.4264705882352941,0.11428571428571428,0.35246679316888047,0.8285714285714286,-1.5946612692549316,0.03272867202758789,1.6273899412825195,-1.6273899412825195
CHEMBL287_Ki,unimol,xgboost,crem_mean,42,label_permuted,43,test,402,702,0.7067307692307692,0.23809523809523808,0.6150841346153846,0.38095238095238093,-1.0662162688832573,0.06681299209594727,1.1330292609792045,-1.1330292609792045
CHEMBL287_Ki,unimol,xgboost,crem_mean,42,label_permuted,51,test,622,630,0.24420544665037802,0.3333333333333333,-0.1336918300244329,0.8461538461538461,-1.5351132016973492,-0.022284865379333496,1.5128283363180157,-1.5128283363180157
CHEMBL287_Ki,unimol,xgboost,crem_mean,42,label_permuted,66,test,612,628,0.5028007518796993,0.5714285714285714,-0.1601315789473682,0.8928571428571429,-1.6532125137753437,-0.019736409187316895,1.6334761045880268,-1.6334761045880268
CHEMBL287_Ki,unimol,xgboost,crem_mean,42,label_permuted,68,test,685,739,0.30219780219780223,0.2653061224489796,0.05021367521367524,0.42857142857142855,-1.6534826632562507,-0.1093069314956665,1.5441757317605842,-1.5441757317605842
CHEMBL287_Ki,unimol,xgboost,crem_mean,42,label_permuted,74,test,837,849,0.39905727367263094,0.3333333333333333,0.09858591050894643,0.8958333333333334,-1.6549960665157608,0.06821799278259277,1.7232140592983536,-1.7232140592983536
CHEMBL287_Ki,unimol,xgboost,crem_mean,42,label_permuted,82,test,1025,1072,0.23371289253930644,0.22580645161290322,0.010212486196604158,0.7096774193548387,1.027824589879962,-0.13863122463226318,1.1664558145122252,-1.1664558145122252
CHEMBL287_Ki,unimol,xgboost,crem_mean,42,label_permuted,83,test,1047,1061,0.4509028625194265,0.43478260869565216,0.02852044907283155,1.0,1.149762320333332,0.04917347431182861,1.1005888460215034,-1.1005888460215034
CHEMBL287_Ki,unimol,xgboost,crem_mean,42,label_permuted,84,test,1054,1055,0.14799448991167652,0.17391304347826086,-0.03137509115954947,1.0,1.320335150859368,0.03365802764892578,1.2866771232104421,-1.2866771232104421
CHEMBL287_Ki,unimol,xgboost,crem_mean,42,label_permuted,85,test,1069,1070,0.7359110256788275,0.3389830508474576,0.6004807824372006,0.6949152542372882,-1.3624611602076298,-0.07456505298614502,1.2878961072214847,-1.2878961072214847
CHEMBL287_Ki,unimol,xgboost,crem_mean,42,label_permuted,89,test,1089,1096,0.6072632129774986,0.2916666666666667,0.4455480653799981,0.625,1.1891626679034402,0.11003220081329346,1.0791304670901467,-1.0791304670901467
CHEMBL287_Ki,unimol,xgboost,crem_mean,42,label_permuted,93,test,1106,1118,0.4976851851851852,0.2,0.37210648148148145,0.64,-1.3105753135702116,0.2976754903793335,1.6082508039495451,-1.6082508039495451
CHEMBL287_Ki,unimol,xgboost,crem_mean,42,label_permuted,96,test,1233,1244,0.8440342031167154,0.45161290322580644,0.7155917821540105,0.6129032258064516,1.1125491473152316,-0.06040692329406738,1.172956070609299,-1.172956070609299
CHEMBL287_Ki,unimol,xgboost,crem_mean,42,label_permuted,97,test,1258,1281,0.4839616402116402,0.2962962962962963,0.26668233082706766,0.7037037037037037,-1.3442752605388384,0.4002901315689087,1.744565392107747,-1.744565392107747
CHEMBL287_Ki,unimol,xgboost,crem_mean,42,label_permuted,101,test,1309,1311,0.5168901712322764,0.3181818181818182,0.29143891780733877,0.7272727272727273,1.2844976898198748,0.19265925884246826,1.0918384309774065,-1.0918384309774065
CHEMBL287_Ki,unimol,xgboost,crem_lime,42,label_permuted,2,test,4,735,0.4226432598731192,0.43478260869565216,-0.021477309455250657,0.7608695652173914,-1.4328779912079628,0.14981985092163086,1.5826978421295936,-1.5826978421295936
CHEMBL287_Ki,unimol,xgboost,crem_lime,42,label_permuted,9,test,66,68,0.2785078162578163,0.18518518518518517,0.11453231995277453,0.9259259259259259,-1.1242596207828128,0.04078483581542969,1.1650444565982425,-1.1650444565982425
CHEMBL287_Ki,unimol,xgboost,crem_lime,42,label_permuted,12,test,109,767,0.41054795665928245,0.5348837209302325,-0.26732189318254257,1.0,-1.0042062748360236,-0.19487249851226807,0.8093337763237556,-0.8093337763237556
CHEMBL287_Ki,unimol,xgboost,crem_lime,42,label_permuted,18,test,591,596,0.2926423620942338,0.3142857142857143,-0.03156322194590907,1.0,-1.3512475457762891,0.14585745334625244,1.4971049991225416,-1.4971049991225416
CHEMBL287_Ki,unimol,xgboost,crem_lime,42,label_permuted,19,test,139,156,0.07746865203761756,0.10256410256410256,-0.02796350201522614,1.0,1.0352133213459336,-0.02884507179260254,1.0640583931385361,-1.0640583931385361
CHEMBL287_Ki,unimol,xgboost,crem_lime,42,label_permuted,22,test,312,661,0.79712086854944,0.7777777777777778,0.08704390847247984,0.7407407407407407,-1.5304028032228736,-0.04157114028930664,1.488831662933567,-1.488831662933567
CHEMBL287_Ki,unimol,xgboost,crem_lime,42,label_permuted,26,test,230,447,0.9186801340833424,0.5111111111111111,0.8336639106250185,1.0,-2.410174465089049,0.22772741317749023,2.6379018782665393,-2.6379018782665393
CHEMBL287_Ki,unimol,xgboost,crem_lime,42,label_permuted,27,test,212,232,0.6051082163537708,0.5652173913043478,0.09174889761367286,0.9565217391304348,-1.0628647334556356,-0.08849811553955078,0.9743666179160848,-0.9743666179160848
CHEMBL287_Ki,unimol,xgboost,crem_lime,42,label_permuted,28,test,264,272,0.6231625653310104,0.15384615384615385,0.5546466681184669,0.9615384615384616,-1.2415034376128264,-0.11311018466949463,1.1283932529433318,-1.1283932529433318
CHEMBL287_Ki,unimol,xgboost,crem_lime,42,label_permuted,32,test,309,649,0.16161540795163284,0.21428571428571427,-0.06703493533428545,1.0,-1.479932232053491,-0.014934659004211426,1.4649975730492795,-1.4649975730492795
CHEMBL287_Ki,unimol,xgboost,crem_lime,42,label_permuted,35,test,346,350,0.25366007429962223,0.3157894736842105,-0.09080450679285978,1.0,-1.0234810958495228,-0.005285978317260742,1.018195117532262,-1.018195117532262
CHEMBL287_Ki,unimol,xgboost,crem_lime,42,label_permuted,40,test,389,505,0.29583333333333334,0.11428571428571428,0.20497311827956993,1.0,-1.5946612692549316,0.03272867202758789,1.6273899412825195,-1.6273899412825195
CHEMBL287_Ki,unimol,xgboost,crem_lime,42,label_permuted,43,test,402,702,0.39083092833092836,0.23809523809523808,0.2004655934343435,1.0,-1.0662162688832573,0.06681299209594727,1.1330292609792045,-1.1330292609792045
CHEMBL287_Ki,unimol,xgboost,crem_lime,42,label_permuted,51,test,622,630,0.8775498796009632,0.3333333333333333,0.8163248194014446,0.6923076923076923,-1.5351132016973492,-0.022284865379333496,1.5128283363180157,-1.5128283363180157
CHEMBL287_Ki,unimol,xgboost,crem_lime,42,label_permuted,66,test,612,628,0.4346707956898174,0.5714285714285714,-0.31910147672375927,1.0,-1.6532125137753437,-0.019736409187316895,1.6334761045880268,-1.6334761045880268
CHEMBL287_Ki,unimol,xgboost,crem_lime,42,label_permuted,68,test,685,739,0.3552483657978164,0.2653061224489796,0.12242138678036117,0.7142857142857143,-1.6534826632562507,-0.1093069314956665,1.5441757317605842,-1.5441757317605842
CHEMBL287_Ki,unimol,xgboost,crem_lime,42,label_permuted,74,test,837,849,0.21817545476830363,0.3333333333333333,-0.1727368178475445,1.0,-1.6549960665157608,0.06821799278259277,1.7232140592983536,-1.7232140592983536
CHEMBL287_Ki,unimol,xgboost,crem_lime,42,label_permuted,82,test,1025,1072,0.14448633264672298,0.22580645161290322,-0.10503848699798282,0.967741935483871,1.027824589879962,-0.13863122463226318,1.1664558145122252,-1.1664558145122252
CHEMBL287_Ki,unimol,xgboost,crem_lime,42,label_permuted,83,test,1047,1061,0.69319898393411,0.43478260869565216,0.4571982023449637,1.0,1.149762320333332,0.04917347431182861,1.1005888460215034,-1.1005888460215034
CHEMBL287_Ki,unimol,xgboost,crem_lime,42,label_permuted,84,test,1054,1055,0.16110831032706033,0.17391304347826086,-0.015500466446190124,1.0,1.320335150859368,0.03365802764892578,1.2866771232104421,-1.2866771232104421
CHEMBL287_Ki,unimol,xgboost,crem_lime,42,label_permuted,85,test,1069,1070,0.8504068300120933,0.3389830508474576,0.7736923838644488,1.0,-1.3624611602076298,-0.07456505298614502,1.2878961072214847,-1.2878961072214847
CHEMBL287_Ki,unimol,xgboost,crem_lime,42,label_permuted,89,test,1089,1096,0.36738778683450146,0.2916666666666667,0.10690040494282557,1.0,1.1891626679034402,0.11003220081329346,1.0791304670901467,-1.0791304670901467
CHEMBL287_Ki,unimol,xgboost,crem_lime,42,label_permuted,93,test,1106,1118,0.21958925994640283,0.2,0.02448657493300352,1.0,-1.3105753135702116,0.2976754903793335,1.6082508039495451,-1.6082508039495451
CHEMBL287_Ki,unimol,xgboost,crem_lime,42,label_permuted,96,test,1233,1244,0.8767859521430948,0.45161290322580644,0.7753155597903495,1.0,1.1125491473152316,-0.06040692329406738,1.172956070609299,-1.172956070609299
CHEMBL287_Ki,unimol,xgboost,crem_lime,42,label_permuted,97,test,1258,1281,0.4313035922410922,0.2962962962962963,0.19185247318471002,1.0,-1.3442752605388384,0.4002901315689087,1.744565392107747,-1.744565392107747
CHEMBL287_Ki,unimol,xgboost,crem_lime,42,label_permuted,101,test,1309,1311,0.6390508529790271,0.3181818181818182,0.47060791770257304,0.9696969696969697,1.2844976898198748,0.19265925884246826,1.0918384309774065,-1.0918384309774065
CHEMBL287_Ki,unimol,mlp,crem_mean,42,trained,2,test,4,735,0.4042210144927536,0.43478260869565216,-0.054070512820512825,0.34782608695652173,-1.4328779912079628,0.12773650884628296,1.5606145000542457,-1.5606145000542457
CHEMBL287_Ki,unimol,mlp,crem_mean,42,trained,9,test,66,68,0.18518518518518517,0.18518518518518517,0.0,0.6296296296296297,-1.1242596207828128,-0.48970937728881836,0.6345502434939945,-0.6345502434939945
CHEMBL287_Ki,unimol,mlp,crem_mean,42,trained,12,test,109,767,0.6136985586389556,0.5348837209302325,0.16945190107375466,0.7441860465116279,-1.0042062748360236,0.19432318210601807,1.1985294569420417,-1.1985294569420417
CHEMBL287_Ki,unimol,mlp,crem_mean,42,trained,18,test,591,596,0.3162337662337662,0.3142857142857143,0.0028409090909090515,0.2857142857142857,-1.3512475457762891,0.9377731084823608,2.2890206542586498,-2.2890206542586498
CHEMBL287_Ki,unimol,mlp,crem_mean,42,trained,19,test,139,156,0.09285494199287303,0.10256410256410256,-0.01081877892222719,0.7435897435897436,1.0352133213459336,-0.12921416759490967,1.1644274889408432,-1.1644274889408432
CHEMBL287_Ki,unimol,mlp,crem_mean,42,trained,22,test,312,661,0.8624338624338626,0.7777777777777778,0.38095238095238143,0.2962962962962963,-1.5304028032228736,-0.4624941349029541,1.0679086683199195,-1.0679086683199195
CHEMBL287_Ki,unimol,mlp,crem_mean,42,trained,26,test,230,447,0.4720123023802785,0.5111111111111111,-0.0799748360403393,0.8666666666666667,-2.410174465089049,-0.728967547416687,1.681206917672362,-1.681206917672362
CHEMBL287_Ki,unimol,mlp,crem_mean,42,trained,27,test,212,232,0.5158408842619367,0.5652173913043478,-0.11356596619754536,0.41304347826086957,-1.0628647334556356,0.2098790407180786,1.2727437741737142,-1.2727437741737142
CHEMBL287_Ki,unimol,mlp,crem_mean,42,trained,28,test,264,272,0.27132936507936506,0.15384615384615385,0.13884379509379507,0.5769230769230769,-1.2415034376128264,0.07573580741882324,1.3172392450316497,-1.3172392450316497
CHEMBL287_Ki,unimol,mlp,crem_mean,42,trained,32,test,309,649,0.5472689075630253,0.21428571428571427,0.42379679144385035,0.5357142857142857,-1.479932232053491,-1.1949923038482666,0.2849399282052243,-0.2849399282052243
CHEMBL287_Ki,unimol,mlp,crem_mean,42,trained,35,test,346,350,0.5192460317460317,0.3157894736842105,0.2973595848595848,0.8421052631578947,-1.0234810958495228,0.31371909379959106,1.337200189649114,-1.337200189649114
CHEMBL287_Ki,unimol,mlp,crem_mean,42,trained,40,test,389,505,0.40789473684210525,0.11428571428571428,0.3314940577249576,0.8285714285714286,-1.5946612692549316,-1.9432462453842163,0.34858497612928474,-0.34858497612928474
CHEMBL287_Ki,unimol,mlp,crem_mean,42,trained,43,test,402,702,0.7063353313353313,0.23809523809523808,0.6145651223776224,0.38095238095238093,-1.0662162688832573,-0.1033254861831665,0.9628907827000908,-0.9628907827000908
CHEMBL287_Ki,unimol,mlp,crem_mean,42,trained,51,test,622,630,0.3509407259407259,0.3333333333333333,0.026411088911088867,0.8461538461538461,-1.5351132016973492,0.1738784909248352,1.7089916926221844,-1.7089916926221844
CHEMBL287_Ki,unimol,mlp,crem_mean,42,trained,66,test,612,628,0.46850315126050424,0.5714285714285714,-0.24015931372549001,0.8928571428571429,-1.6532125137753437,1.655701994895935,3.308914508671279,-3.308914508671279
CHEMBL287_Ki,unimol,mlp,crem_mean,42,trained,68,test,685,739,0.2586644125105663,0.2653061224489796,-0.009040105193951419,0.42857142857142855,-1.6534826632562507,-0.17949128150939941,1.4739913817468513,-1.4739913817468513
CHEMBL287_Ki,unimol,mlp,crem_mean,42,trained,74,test,837,849,0.42239955082697017,0.3333333333333333,0.13359932624045526,0.8958333333333334,-1.6549960665157608,0.16521024703979492,1.8202063135555557,-1.8202063135555557
CHEMBL287_Ki,unimol,mlp,crem_mean,42,trained,82,test,1025,1072,0.197972897667716,0.22580645161290322,-0.035951673845866824,0.7096774193548387,1.027824589879962,0.4603692293167114,0.5674553605632506,-0.5674553605632506
CHEMBL287_Ki,unimol,mlp,crem_mean,42,trained,83,test,1047,1061,0.41668894408904184,0.43478260869565216,-0.032011868150156726,1.0,1.149762320333332,0.8745888471603394,0.2751734731729927,-0.2751734731729927
CHEMBL287_Ki,unimol,mlp,crem_mean,42,trained,84,test,1054,1055,0.14117892242892244,0.17391304347826086,-0.03962551495446231,1.0,1.320335150859368,0.2831171751022339,1.037217975757134,-1.037217975757134
CHEMBL287_Ki,unimol,mlp,crem_mean,42,trained,85,test,1069,1070,0.8165324924148454,0.3389830508474576,0.722446591089125,0.6949152542372882,-1.3624611602076298,-1.342220664024353,0.020240496183276724,-0.020240496183276724
CHEMBL287_Ki,unimol,mlp,crem_mean,42,trained,89,test,1089,1096,0.7484753550543023,0.2916666666666667,0.6449063836060739,0.625,1.1891626679034402,0.2571907043457031,0.931971963557737,-0.931971963557737
CHEMBL287_Ki,unimol,mlp,crem_mean,42,trained,93,test,1106,1118,0.6904761904761905,0.2,0.613095238095238,0.64,-1.3105753135702116,0.0382382869720459,1.3488136005422575,-1.3488136005422575
CHEMBL287_Ki,unimol,mlp,crem_mean,42,trained,96,test,1233,1244,0.8100306592424963,0.45161290322580644,0.6535853197951403,0.6129032258064516,1.1125491473152316,0.48670434951782227,0.6258447977974093,-0.6258447977974093
CHEMBL287_Ki,unimol,mlp,crem_mean,42,trained,97,test,1258,1281,0.31272385022385024,0.2962962962962963,0.023344418739155628,0.7037037037037037,-1.3442752605388384,0.168329119682312,1.5126043802211504,-1.5126043802211504
CHEMBL287_Ki,unimol,mlp,crem_mean,42,trained,101,test,1309,1311,0.33741366827580166,0.3181818181818182,0.028206713471175773,0.7272727272727273,1.2844976898198748,-0.6567269563674927,1.9412246461873675,-1.9412246461873675
CHEMBL287_Ki,unimol,mlp,crem_lime,42,trained,2,test,4,735,0.3436302146863925,0.43478260869565216,-0.16126962017022864,0.7608695652173914,-1.4328779912079628,0.12773650884628296,1.5606145000542457,-1.5606145000542457
CHEMBL287_Ki,unimol,mlp,crem_lime,42,trained,9,test,66,68,0.1246817738791423,0.18518518518518517,-0.0742541866028708,0.9259259259259259,-1.1242596207828128,-0.48970937728881836,0.6345502434939945,-0.6345502434939945
CHEMBL287_Ki,unimol,mlp,crem_lime,42,trained,12,test,109,767,0.42975130935486655,0.5348837209302325,-0.2260346848870368,1.0,-1.0042062748360236,0.19432318210601807,1.1985294569420417,-1.1985294569420417
CHEMBL287_Ki,unimol,mlp,crem_lime,42,trained,18,test,591,596,0.24845480753188665,0.3142857142857143,-0.0960034056826653,1.0,-1.3512475457762891,0.9377731084823608,2.2890206542586498,-2.2890206542586498
CHEMBL287_Ki,unimol,mlp,crem_lime,42,trained,19,test,139,156,0.07118693236847395,0.10256410256410256,-0.03496313250370044,1.0,1.0352133213459336,-0.12921416759490967,1.1644274889408432,-1.1644274889408432
CHEMBL287_Ki,unimol,mlp,crem_lime,42,trained,22,test,312,661,0.907132569627041,0.7777777777777778,0.5820965633216846,0.7407407407407407,-1.5304028032228736,-0.4624941349029541,1.0679086683199195,-1.0679086683199195
CHEMBL287_Ki,unimol,mlp,crem_lime,42,trained,26,test,230,447,0.4288447218698176,0.5111111111111111,-0.16827215981173665,1.0,-2.410174465089049,-0.728967547416687,1.681206917672362,-1.681206917672362
CHEMBL287_Ki,unimol,mlp,crem_lime,42,trained,27,test,212,232,0.5804679428643474,0.5652173913043478,0.03507626858799921,0.9565217391304348,-1.0628647334556356,0.2098790407180786,1.2727437741737142,-1.2727437741737142
CHEMBL287_Ki,unimol,mlp,crem_lime,42,trained,28,test,264,272,0.10975486988530636,0.15384615384615385,-0.05210788104463795,0.9615384615384616,-1.2415034376128264,0.07573580741882324,1.3172392450316497,-1.3172392450316497
CHEMBL287_Ki,unimol,mlp,crem_lime,42,trained,32,test,309,649,0.48488584536378654,0.21428571428571427,0.3444001668266374,1.0,-1.479932232053491,-1.1949923038482666,0.2849399282052243,-0.2849399282052243
CHEMBL287_Ki,unimol,mlp,crem_lime,42,trained,35,test,346,350,0.31627851394727824,0.3157894736842105,0.0007147511537143752,1.0,-1.0234810958495228,0.31371909379959106,1.337200189649114,-1.337200189649114
CHEMBL287_Ki,unimol,mlp,crem_lime,42,trained,40,test,389,505,0.27132352941176474,0.11428571428571428,0.1773007590132828,1.0,-1.5946612692549316,-1.9432462453842163,0.34858497612928474,-0.34858497612928474
CHEMBL287_Ki,unimol,mlp,crem_lime,42,trained,43,test,402,702,0.35212602627257794,0.23809523809523808,0.14966540948275858,1.0,-1.0662162688832573,-0.1033254861831665,0.9628907827000908,-0.9628907827000908
CHEMBL287_Ki,unimol,mlp,crem_lime,42,trained,51,test,622,630,0.6148164357142685,0.3333333333333333,0.4222246535714027,0.6923076923076923,-1.5351132016973492,0.1738784909248352,1.7089916926221844,-1.7089916926221844
CHEMBL287_Ki,unimol,mlp,crem_lime,42,trained,66,test,612,628,0.4252684643358018,0.5714285714285714,-0.3410402498831291,1.0,-1.6532125137753437,1.655701994895935,3.308914508671279,-3.308914508671279
CHEMBL287_Ki,unimol,mlp,crem_lime,42,trained,68,test,685,739,0.3637622450809264,0.2653061224489796,0.13400972247126094,0.7142857142857143,-1.6534826632562507,-0.17949128150939941,1.4739913817468513,-1.4739913817468513
CHEMBL287_Ki,unimol,mlp,crem_lime,42,trained,74,test,837,849,0.24938624625270064,0.3333333333333333,-0.125920630620949,1.0,-1.6549960665157608,0.16521024703979492,1.8202063135555557,-1.8202063135555557
CHEMBL287_Ki,unimol,mlp,crem_lime,42,trained,82,test,1025,1072,0.22857506279915044,0.22580645161290322,0.003576122782235988,0.967741935483871,1.027824589879962,0.4603692293167114,0.5674553605632506,-0.5674553605632506
CHEMBL287_Ki,unimol,mlp,crem_lime,42,trained,83,test,1047,1061,0.6110456885719859,0.43478260869565216,0.31185006439659047,1.0,1.149762320333332,0.8745888471603394,0.2751734731729927,-0.2751734731729927
CHEMBL287_Ki,unimol,mlp,crem_lime,42,trained,84,test,1054,1055,0.4450081168831169,0.17391304347826086,0.32816772043745734,1.0,1.320335150859368,0.2831171751022339,1.037217975757134,-1.037217975757134
CHEMBL287_Ki,unimol,mlp,crem_lime,42,trained,85,test,1069,1070,0.6724035558667911,0.3389830508474576,0.5044053793882225,1.0,-1.3624611602076298,-1.342220664024353,0.020240496183276724,-0.020240496183276724
CHEMBL287_Ki,unimol,mlp,crem_lime,42,trained,89,test,1089,1096,0.49884012321641436,0.2916666666666667,0.29248017395258497,1.0,1.1891626679034402,0.2571907043457031,0.931971963557737,-0.931971963557737
CHEMBL287_Ki,unimol,mlp,crem_lime,42,trained,93,test,1106,1118,0.20082205976601883,0.2,0.0010275747075235223,1.0,-1.3105753135702116,0.0382382869720459,1.3488136005422575,-1.3488136005422575
CHEMBL287_Ki,unimol,mlp,crem_lime,42,trained,96,test,1233,1244,0.8107433257363578,0.45161290322580644,0.654884888107476,1.0,1.1125491473152316,0.48670434951782227,0.6258447977974093,-0.6258447977974093
CHEMBL287_Ki,unimol,mlp,crem_lime,42,trained,97,test,1258,1281,0.2816903589921492,0.2962962962962963,-0.020755805642735287,1.0,-1.3442752605388384,0.168329119682312,1.5126043802211504,-1.5126043802211504
CHEMBL287_Ki,unimol,mlp,crem_lime,42,trained,101,test,1309,1311,0.3931870537858851,0.3181818181818182,0.1100076788859648,0.9696969696969697,1.2844976898198748,-0.6567269563674927,1.9412246461873675,-1.9412246461873675
CHEMBL287_Ki,unimol,mlp,crem_mean,42,label_permuted,2,test,4,735,0.40380434782608693,0.43478260869565216,-0.05480769230769233,0.34782608695652173,-1.4328779912079628,0.16697025299072266,1.5998482441986854,-1.5998482441986854
CHEMBL287_Ki,unimol,mlp,crem_mean,42,label_permuted,9,test,66,68,0.18518518518518517,0.18518518518518517,0.0,0.6296296296296297,-1.1242596207828128,-0.02138066291809082,1.102878957864722,-1.102878957864722
CHEMBL287_Ki,unimol,mlp,crem_mean,42,label_permuted,12,test,109,767,0.44388457362787903,0.5348837209302325,-0.19564816670005997,0.7441860465116279,-1.0042062748360236,0.14462876319885254,1.1488350380348762,-1.1488350380348762
CHEMBL287_Ki,unimol,mlp,crem_mean,42,label_permuted,18,test,591,596,0.3076479076479076,0.3142857142857143,-0.00968013468013472,0.2857142857142857,-1.3512475457762891,0.37460553646087646,1.7258530822371656,-1.7258530822371656
CHEMBL287_Ki,unimol,mlp,crem_mean,42,label_permuted,19,test,139,156,0.1418841575091575,0.10256410256410256,0.04381377551020408,0.7435897435897436,1.0352133213459336,0.14206254482269287,0.8931507765232407,-0.8931507765232407
CHEMBL287_Ki,unimol,mlp,crem_mean,42,label_permuted,22,test,312,661,0.8624338624338624,0.7777777777777778,0.38095238095238093,0.2962962962962963,-1.5304028032228736,0.17060935497283936,1.701012158195713,-1.701012158195713
CHEMBL287_Ki,unimol,mlp,crem_mean,42,label_permuted,26,test,230,447,0.53983001686687,0.5111111111111111,0.05874321631859789,0.8666666666666667,-2.410174465089049,0.11404299736022949,2.5242174624492786,-2.5242174624492786
CHEMBL287_Ki,unimol,mlp,crem_mean,42,label_permuted,27,test,212,232,0.5158408842619367,0.5652173913043478,-0.11356596619754536,0.41304347826086957,-1.0628647334556356,-0.013175368309020996,1.0496893651466146,-1.0496893651466146
CHEMBL287_Ki,unimol,mlp,crem_mean,42,label_permuted,28,test,264,272,0.22437888198757763,0.15384615384615385,0.08335686053077355,0.5769230769230769,-1.2415034376128264,0.046229004859924316,1.2877324424727508,-1.2877324424727508
CHEMBL287_Ki,unimol,mlp,crem_mean,42,label_permuted,32,test,309,649,0.6217261904761905,0.21428571428571427,0.518560606060606,0.5357142857142857,-1.479932232053491,0.030945777893066406,1.5108780099465573,-1.5108780099465573
CHEMBL287_Ki,unimol,mlp,crem_mean,42,label_permuted,35,test,346,350,0.32763532763532766,0.3157894736842105,0.01731317115932506,0.8421052631578947,-1.0234810958495228,0.47847557067871094,1.5019566665282338,-1.5019566665282338
CHEMBL287_Ki,unimol,mlp,crem_mean,42,label_permuted,40,test,389,505,0.22738095238095235,0.11428571428571428,0.12768817204301072,0.8285714285714286,-1.5946612692549316,-0.15548157691955566,1.439179692335376,-1.439179692335376
CHEMBL287_Ki,unimol,mlp,crem_mean,42,label_permuted,43,test,402,702,0.7037004662004662,0.23809523809523808,0.6111068618881119,0.38095238095238093,-1.0662162688832573,0.08671975135803223,1.1529360202412895,-1.1529360202412895
CHEMBL287_Ki,unimol,mlp,crem_mean,42,label_permuted,51,test,622,630,0.29522304861488924,0.3333333333333333,-0.05716542707766611,0.8461538461538461,-1.5351132016973492,-0.020367860794067383,1.5147453409032818,-1.5147453409032818
CHEMBL287_Ki,unimol,mlp,crem_mean,42,label_permuted,66,test,612,628,0.45318452380952384,0.5714285714285714,-0.2759027777777776,0.8928571428571429,-1.6532125137753437,0.26893162727355957,1.9221441410489033,-1.9221441410489033
CHEMBL287_Ki,unimol,mlp,crem_mean,42,label_permuted,68,test,685,739,0.3052503052503053,0.2653061224489796,0.05436847103513772,0.42857142857142855,-1.6534826632562507,-0.22263169288635254,1.4308509703698982,-1.4308509703698982
CHEMBL287_Ki,unimol,mlp,crem_mean,42,label_permuted,74,test,837,849,0.6528820816864295,0.3333333333333333,0.4793231225296442,0.8958333333333334,-1.6549960665157608,0.010203242301940918,1.6651993088177017,-1.6651993088177017
CHEMBL287_Ki,unimol,mlp,crem_mean,42,label_permuted,82,test,1025,1072,0.256194915318983,0.22580645161290322,0.03925176562035302,0.7096774193548387,1.027824589879962,-0.14639544486999512,1.1742200347499572,-1.1742200347499572
CHEMBL287_Ki,unimol,mlp,crem_mean,42,label_permuted,83,test,1047,1061,0.6742179647539638,0.43478260869565216,0.42361639918008975,1.0,1.149762320333332,0.3362553119659424,0.8135070083673897,-0.8135070083673897
CHEMBL287_Ki,unimol,mlp,crem_mean,42,label_permuted,84,test,1054,1055,0.24685077519379844,0.17391304347826086,0.08829304365565076,1.0,1.320335150859368,0.06569373607635498,1.254641414783013,-1.254641414783013
CHEMBL287_Ki,unimol,mlp,crem_mean,42,label_permuted,85,test,1069,1070,0.7426278291600873,0.3389830508474576,0.6106421005242346,0.6949152542372882,-1.3624611602076298,-0.13244175910949707,1.2300194010981327,-1.2300194010981327
CHEMBL287_Ki,unimol,mlp,crem_mean,42,label_permuted,89,test,1089,1096,0.7515567765567764,0.2916666666666667,0.6492566257272139,0.625,1.1891626679034402,-0.11635947227478027,1.3055221401782204,-1.3055221401782204
CHEMBL287_Ki,unimol,mlp,crem_mean,42,label_permuted,93,test,1106,1118,0.6349206349206349,0.2,0.5436507936507936,0.64,-1.3105753135702116,0.1832447052001953,1.493820018770407,-1.493820018770407
CHEMBL287_Ki,unimol,mlp,crem_mean,42,label_permuted,96,test,1233,1244,0.7106603304935303,0.45161290322580644,0.4723806026646729,0.6129032258064516,1.1125491473152316,-0.09162485599517822,1.2041740033104098,-1.2041740033104098
CHEMBL287_Ki,unimol,mlp,crem_mean,42,label_permuted,97,test,1258,1281,0.693287037037037,0.2962962962962963,0.5641447368421052,0.7037037037037037,-1.3442752605388384,0.28374171257019043,1.6280169731090288,-1.6280169731090288
CHEMBL287_Ki,unimol,mlp,crem_mean,42,label_permuted,101,test,1309,1311,0.5142238087726809,0.3181818181818182,0.28752825286659867,0.7272727272727273,1.2844976898198748,-0.03978908061981201,1.3242867704396868,-1.3242867704396868
CHEMBL287_Ki,unimol,mlp,crem_lime,42,label_permuted,2,test,4,735,0.3626726149200405,0.43478260869565216,-0.1275792197568514,0.7608695652173914,-1.4328779912079628,0.16697025299072266,1.5998482441986854,-1.5998482441986854
CHEMBL287_Ki,unimol,mlp,crem_lime,42,label_permuted,9,test,66,68,0.15320320296946643,0.18518518518518517,-0.039250614537473,0.9259259259259259,-1.1242596207828128,-0.02138066291809082,1.102878957864722,-1.102878957864722
CHEMBL287_Ki,unimol,mlp,crem_lime,42,label_permuted,12,test,109,767,0.36731673252927866,0.5348837209302325,-0.3602690250620508,1.0,-1.0042062748360236,0.14462876319885254,1.1488350380348762,-1.1488350380348762
CHEMBL287_Ki,unimol,mlp,crem_lime,42,label_permuted,18,test,591,596,0.3078110136426566,0.3142857142857143,-0.009442271771125757,1.0,-1.3512475457762891,0.37460553646087646,1.7258530822371656,-1.7258530822371656
CHEMBL287_Ki,unimol,mlp,crem_lime,42,label_permuted,19,test,139,156,0.12214912280701753,0.10256410256410256,0.021823308270676686,1.0,1.0352133213459336,0.14206254482269287,0.8931507765232407,-0.8931507765232407
CHEMBL287_Ki,unimol,mlp,crem_lime,42,label_permuted,22,test,312,661,0.9682539682539681,0.7777777777777778,0.8571428571428567,0.7407407407407407,-1.5304028032228736,0.17060935497283936,1.701012158195713,-1.701012158195713
CHEMBL287_Ki,unimol,mlp,crem_lime,42,label_permuted,26,test,230,447,0.7408360189325258,0.5111111111111111,0.46989185690743923,1.0,-2.410174465089049,0.11404299736022949,2.5242174624492786,-2.5242174624492786
CHEMBL287_Ki,unimol,mlp,crem_lime,42,label_permuted,27,test,212,232,0.5747003944302885,0.5652173913043478,0.021810907189663716,0.9565217391304348,-1.0628647334556356,-0.013175368309020996,1.0496893651466146,-1.0496893651466146
CHEMBL287_Ki,unimol,mlp,crem_lime,42,label_permuted,28,test,264,272,0.5070048134196207,0.15384615384615385,0.4173693249504608,0.9615384615384616,-1.2415034376128264,0.046229004859924316,1.2877324424727508,-1.2877324424727508
CHEMBL287_Ki,unimol,mlp,crem_lime,42,label_permuted,32,test,309,649,0.19332749521056553,0.21428571428571427,-0.026674097004734772,1.0,-1.479932232053491,0.030945777893066406,1.5108780099465573,-1.5108780099465573
CHEMBL287_Ki,unimol,mlp,crem_lime,42,label_permuted,35,test,346,350,0.2509095835346709,0.3157894736842105,-0.09482445483394249,1.0,-1.0234810958495228,0.47847557067871094,1.5019566665282338,-1.5019566665282338
CHEMBL287_Ki,unimol,mlp,crem_lime,42,label_permuted,40,test,389,505,0.08635033444816054,0.11428571428571428,-0.03153994497788326,1.0,-1.5946612692549316,-0.15548157691955566,1.439179692335376,-1.439179692335376
CHEMBL287_Ki,unimol,mlp,crem_lime,42,label_permuted,43,test,402,702,0.38801203277009727,0.23809523809523808,0.1967657930107527,1.0,-1.0662162688832573,0.08671975135803223,1.1529360202412895,-1.1529360202412895
CHEMBL287_Ki,unimol,mlp,crem_lime,42,label_permuted,51,test,622,630,0.5059915493113873,0.3333333333333333,0.258987323967081,0.6923076923076923,-1.5351132016973492,-0.020367860794067383,1.5147453409032818,-1.5147453409032818
CHEMBL287_Ki,unimol,mlp,crem_lime,42,label_permuted,66,test,612,628,0.4530250264441441,0.5714285714285714,-0.276274938296997,1.0,-1.6532125137753437,0.26893162727355957,1.9221441410489033,-1.9221441410489033
CHEMBL287_Ki,unimol,mlp,crem_lime,42,label_permuted,68,test,685,739,0.32511939406349344,0.2653061224489796,0.08141250858642161,0.7142857142857143,-1.6534826632562507,-0.22263169288635254,1.4308509703698982,-1.4308509703698982
CHEMBL287_Ki,unimol,mlp,crem_lime,42,label_permuted,74,test,837,849,0.3627226608799885,0.3333333333333333,0.04408399131998277,1.0,-1.6549960665157608,0.010203242301940918,1.6651993088177017,-1.6651993088177017
CHEMBL287_Ki,unimol,mlp,crem_lime,42,label_permuted,82,test,1025,1072,0.7398601053324555,0.22580645161290322,0.663985969387755,0.967741935483871,1.027824589879962,-0.14639544486999512,1.1742200347499572,-1.1742200347499572
CHEMBL287_Ki,unimol,mlp,crem_lime,42,label_permuted,83,test,1047,1061,0.9118718245833906,0.43478260869565216,0.8440809204167679,1.0,1.149762320333332,0.3362553119659424,0.8135070083673897,-0.8135070083673897
CHEMBL287_Ki,unimol,mlp,crem_lime,42,label_permuted,84,test,1054,1055,0.27206296992481205,0.17391304347826086,0.11881306885635143,1.0,1.320335150859368,0.06569373607635498,1.254641414783013,-1.254641414783013
CHEMBL287_Ki,unimol,mlp,crem_lime,42,label_permuted,85,test,1069,1070,0.4666898449737763,0.3389830508474576,0.1931974577808411,1.0,-1.3624611602076298,-0.13244175910949707,1.2300194010981327,-1.2300194010981327
CHEMBL287_Ki,unimol,mlp,crem_lime,42,label_permuted,89,test,1089,1096,0.7377885245007093,0.2916666666666667,0.6298190934127661,1.0,1.1891626679034402,-0.11635947227478027,1.3055221401782204,-1.3055221401782204
CHEMBL287_Ki,unimol,mlp,crem_lime,42,label_permuted,93,test,1106,1118,0.18193043673593956,0.2,-0.022586954080075564,1.0,-1.3105753135702116,0.1832447052001953,1.493820018770407,-1.493820018770407
CHEMBL287_Ki,unimol,mlp,crem_lime,42,label_permuted,96,test,1233,1244,0.729433987373744,0.45161290322580644,0.5066149181521215,1.0,1.1125491473152316,-0.09162485599517822,1.2041740033104098,-1.2041740033104098
CHEMBL287_Ki,unimol,mlp,crem_lime,42,label_permuted,97,test,1258,1281,0.7560613822881626,0.2962962962962963,0.6533503853568626,1.0,-1.3442752605388384,0.28374171257019043,1.6280169731090288,-1.6280169731090288
CHEMBL287_Ki,unimol,mlp,crem_lime,42,label_permuted,101,test,1309,1311,0.3699886935644267,0.3181818181818182,0.07598341722782584,0.9696969696969697,1.2844976898198748,-0.03978908061981201,1.3242867704396868,-1.3242867704396868
CHEMBL244_Ki,unimol,xgboost,crem_mean,42,trained,2,test,556,560,0.29713404495106266,0.13559322033898305,0.1868805618061313,1.0,-1.6922366216770504,0.7513120174407959,2.4435486391178465,-2.4435486391178465
CHEMBL244_Ki,unimol,xgboost,crem_mean,42,trained,3,test,13,78,0.25632653061224486,0.08333333333333333,0.18871985157699442,0.5476190476190477,1.0910804693473326,1.3685424327850342,0.2774619634377016,-0.2774619634377016
CHEMBL244_Ki,unimol,xgboost,crem_mean,42,trained,6,test,2271,2300,0.2398650338796408,0.2602739726027397,-0.027589861607152218,1.0,-1.463110540276848,1.1546928882598877,2.6178034285367358,-2.6178034285367358
CHEMBL244_Ki,unimol,xgboost,crem_mean,42,trained,25,test,261,264,0.25416666666666665,0.26666666666666666,-0.017045454545454558,0.25,-1.6989700043360187,0.22217774391174316,1.921147748247762,-1.921147748247762
CHEMBL244_Ki,unimol,xgboost,crem_mean,42,trained,32,test,287,288,0.4305555555555555,0.4444444444444444,-0.02500000000000001,0.24444444444444444,1.9999999999999996,0.7547187805175781,1.2452812194824214,-1.2452812194824214
CHEMBL244_Ki,unimol,xgboost,crem_mean,42,trained,35,test,312,335,0.0718125960061444,0.05263157894736842,0.020246629117596865,0.9342105263157895,1.4409090820652177,-0.0830952525138855,1.5240043345791032,-1.5240043345791032
CHEMBL244_Ki,unimol,xgboost,crem_mean,42,trained,36,test,314,333,0.5657352515905147,0.1791044776119403,0.47098657921026343,0.9253731343283582,1.1549019599857433,-0.5701195001602173,1.7250214601459606,-1.7250214601459606
CHEMBL244_Ki,unimol,xgboost,crem_mean,42,trained,37,test,322,326,0.4271566723506379,0.25,0.23620889646751722,0.775,-1.3767507096020994,-0.2609388828277588,1.1158118267743407,-1.1158118267743407
CHEMBL244_Ki,unimol,xgboost,crem_mean,42,trained,38,test,356,374,0.14496049237834452,0.13513513513513514,0.011360569312460841,0.9459459459459459,1.1160933293803952,-0.07479715347290039,1.1908904828532956,-1.1908904828532956
CHEMBL244_Ki,unimol,xgboost,crem_mean,42,trained,50,test,495,508,0.4283382981205123,0.20634920634920634,0.2797062556318455,0.7142857142857143,2.0,0.9335540533065796,1.0664459466934204,-1.0664459466934204
CHEMBL244_Ki,unimol,xgboost,crem_mean,42,trained,55,test,553,1094,0.1601190476190476,0.06349206349206349,0.1031779661016949,1.0,1.8758877041394824,0.15127897262573242,1.72460873151375,-1.72460873151375
CHEMBL244_Ki,unimol,xgboost,crem_mean,42,trained,67,test,642,950,0.6475668449197861,0.2631578947368421,0.5216978609625669,0.43859649122807015,1.6398485522173623,-0.3245805501937866,1.9644291024111489,-1.9644291024111489
CHEMBL244_Ki,unimol,xgboost,crem_mean,42,trained,68,test,645,729,0.35359854049693623,0.3142857142857143,0.057331204891365346,0.45714285714285713,-1.2013971243204518,-0.043367862701416016,1.1580292616190357,-1.1580292616190357
CHEMBL244_Ki,unimol,xgboost,crem_mean,42,trained,73,test,781,794,0.273015873015873,0.20833333333333334,0.08170426065162903,0.625,1.1171133990963442,0.4166560173034668,0.7004573817928774,-0.7004573817928774
CHEMBL244_Ki,unimol,xgboost,crem_mean,42,trained,74,test,844,865,0.5378173728656617,0.24242424242424243,0.3899189321826734,1.0,-1.284278269569862,-0.3871932029724121,0.8970850665974499,-0.8970850665974499
CHEMBL244_Ki,unimol,xgboost,crem_mean,42,trained,77,test,895,1437,0.06961580086580087,0.05405405405405406,0.01645098948670377,1.0,1.153814864344529,-0.6097896099090576,1.7636044742535866,-1.7636044742535866
CHEMBL244_Ki,unimol,xgboost,crem_mean,42,trained,87,test,1033,1246,0.5373309207585508,0.3793103448275862,0.2545887056665541,1.0,1.0310342337399678,0.37153053283691406,0.6595037009030538,-0.6595037009030538
CHEMBL244_Ki,unimol,xgboost,crem_mean,42,trained,90,test,1128,1138,0.524650742810413,0.1864406779661017,0.4157165380377993,0.4915254237288136,-1.3367455479305157,-0.8425464630126953,0.4941990849178204,-0.4941990849178204
CHEMBL244_Ki,unimol,xgboost,crem_mean,42,trained,92,test,1164,1188,0.04806747461513265,0.056338028169014086,-0.008764317945157937,0.9154929577464789,-1.8692317197309762,0.11285853385925293,1.9820902535902292,-1.9820902535902292
CHEMBL244_Ki,unimol,xgboost,crem_mean,42,trained,93,test,1207,1211,0.35582258952501167,0.26153846153846155,0.12767642331511994,0.9692307692307692,1.1333392786347307,-0.08690953254699707,1.2202488111817278,-1.2202488111817278
CHEMBL244_Ki,unimol,xgboost,crem_mean,42,trained,95,test,1238,1243,0.2562026689933667,0.14285714285714285,0.1322364471589278,0.7402597402597403,1.1760912590556813,0.08168268203735352,1.0944085770183278,-1.0944085770183278
CHEMBL244_Ki,unimol,xgboost,crem_mean,42,trained,100,test,1289,2103,0.6433994363542928,0.4,0.40566572725715455,0.6714285714285714,-1.2678616324113265,0.050771236419677734,1.3186328688310043,-1.3186328688310043
CHEMBL244_Ki,unimol,xgboost,crem_mean,42,trained,107,test,1363,1364,0.21436532507739936,0.22666666666666666,-0.01590690722750081,0.76,1.3222192947339193,0.24437183141708374,1.0778474633168356,-1.0778474633168356
CHEMBL244_Ki,unimol,xgboost,crem_mean,42,trained,108,test,1384,1395,0.5562248468420927,0.3037974683544304,0.36257750728227867,0.5443037974683544,1.0720026614205014,-0.25483036041259766,1.326833021833099,-1.326833021833099
CHEMBL244_Ki,unimol,xgboost,crem_mean,42,trained,114,test,1531,1535,0.15719696969696967,0.16666666666666666,-0.011363636363636387,0.22916666666666666,1.6690067809585758,0.2886319160461426,1.3803748649124332,-1.3803748649124332
CHEMBL244_Ki,unimol,xgboost,crem_mean,42,trained,116,test,1557,1558,0.44827508960573476,0.3870967741935484,0.0998172514619883,0.45161290322580644,1.0389180660303703,-1.1098768711090088,2.148794937139379,-2.148794937139379
CHEMBL244_Ki,unimol,xgboost,crem_mean,42,trained,118,test,1999,2003,0.11247631964178076,0.08860759493670886,0.026189295162509445,0.7468354430379747,-1.3622996524029038,-0.14320164918899536,1.2190980032139085,-1.2190980032139085
CHEMBL244_Ki,unimol,xgboost,crem_mean,42,trained,121,test,1608,1613,0.30474423139039614,0.32926829268292684,-0.036563145927045786,0.8780487804878049,1.1697510810246623,-0.953088641166687,2.1228397221913493,-2.1228397221913493
CHEMBL244_Ki,unimol,xgboost,crem_mean,42,trained,126,test,1776,2055,0.15747545865192925,0.14285714285714285,0.01705470176058413,1.0,1.5854607295085006,-0.2797023057937622,1.8651630353022628,-1.8651630353022628
CHEMBL244_Ki,unimol,xgboost,crem_mean,42,trained,130,test,1816,1841,0.20925665025410126,0.20588235294117646,0.004249115134794187,1.0,1.373580662812593,-0.045264214277267456,1.4188448770898605,-1.4188448770898605
CHEMBL244_Ki,unimol,xgboost,crem_mean,42,trained,141,test,2360,2396,0.3502955684034371,0.3150684931506849,0.051431529869018215,0.726027397260274,1.6283889300503116,-0.5181065835058689,2.1464955135561805,-2.1464955135561805
CHEMBL244_Ki,unimol,xgboost,crem_mean,42,trained,148,test,2116,2120,0.1712826574588595,0.18181818181818182,-0.012876751994727272,1.0,-2.0,-0.28355729579925537,1.7164427042007446,-1.7164427042007446
CHEMBL244_Ki,unimol,xgboost,crem_mean,42,trained,149,test,2193,2201,0.27542451719755445,0.15492957746478872,0.14258567868377278,0.8028169014084507,-1.501595024102863,0.7835566997528076,2.2851517238556704,-2.2851517238556704
CHEMBL244_Ki,unimol,xgboost,crem_mean,42,trained,153,test,2149,2153,0.6285043038590805,0.5068493150684932,0.24668928282535768,0.8767123287671232,-2.5900951992983194,-0.2197980284690857,2.3702971708292337,-2.3702971708292337
CHEMBL244_Ki,unimol,xgboost,crem_mean,42,trained,155,test,2204,2205,0.18829307729092873,0.2112676056338028,-0.029128419863286785,0.9014084507042254,1.0239121574054106,0.883298397064209,0.14061376034120165,-0.14061376034120165
CHEMBL244_Ki,unimol,xgboost,crem_mean,42,trained,157,test,2209,2218,0.2865066594814084,0.22857142857142856,0.07510122525367757,1.0,-1.2662678894047694,0.09862188622355461,1.364889775628324,-1.364889775628324
CHEMBL244_Ki,unimol,xgboost,crem_mean,42,trained,159,test,2217,2223,0.3033575693916317,0.2702702702702703,0.0453418543514953,0.918918918918919,-1.2218487496163564,-1.2212218046188354,0.0006269449975209174,-0.0006269449975209174
CHEMBL244_Ki,unimol,xgboost,crem_mean,42,trained,162,test,2257,2258,0.05157962604771116,0.05084745762711865,0.0007713917288385379,0.7966101694915254,-2.6989700043360187,0.14797711372375488,2.8469471180597736,-2.8469471180597736
CHEMBL244_Ki,unimol,xgboost,crem_mean,42,trained,163,test,2262,2265,0.4609189295635192,0.4117647058823529,0.08356218025798269,0.8823529411764706,-1.4771212547196626,-1.421647310256958,0.055473944462704594,-0.055473944462704594
CHEMBL244_Ki,unimol,xgboost,crem_mean,42,trained,164,test,2288,2854,0.1907158013737959,0.2345679012345679,-0.057290646592298884,1.0,-1.1890562362200492,-0.48825907707214355,0.7007971591479056,-0.7007971591479056
CHEMBL244_Ki,unimol,xgboost,crem_mean,42,trained,168,test,2363,2398,0.2640337542711867,0.22857142857142856,0.045969681462649424,0.7142857142857143,1.786120180054919,0.6620412915945053,1.1240788884604136,-1.1240788884604136
CHEMBL244_Ki,unimol,xgboost,crem_mean,42,trained,169,test,2372,2385,0.39627503948120546,0.2537313432835821,0.19100855290481533,0.7014925373134329,-1.4637572931616807,0.011398322880268097,1.4751556160419488,-1.4751556160419488
CHEMBL244_Ki,unimol,xgboost,crem_mean,42,trained,171,test,2438,2446,0.12240046689089126,0.14705882352941177,-0.02890979743826542,0.9264705882352942,1.5006023505691857,0.5973714590072632,0.9032308915619225,-0.9032308915619225
CHEMBL244_Ki,unimol,xgboost,crem_mean,42,trained,172,test,2461,2462,0.11563110092521857,0.06779661016949153,0.05131336281068901,0.8983050847457628,1.3679767852945945,-0.11815011501312256,1.486126900307717,-1.486126900307717
CHEMBL244_Ki,unimol,xgboost,crem_mean,42,trained,173,test,2475,2476,0.048073283367401014,0.047619047619047616,0.00047694753577106724,0.7619047619047619,-1.510545010206612,0.3905624747276306,1.9011074849342426,-1.9011074849342426
CHEMBL244_Ki,unimol,xgboost,crem_mean,42,trained,175,test,2479,2499,0.30513278200030924,0.29508196721311475,0.014258132605089865,0.7049180327868853,1.0543576623225928,0.18419933319091797,0.8701583291316748,-0.8701583291316748
CHEMBL244_Ki,unimol,xgboost,crem_mean,42,trained,182,test,2632,2633,0.37692416525183925,0.3225806451612903,0.08022138680033414,0.3064516129032258,-1.2218487496163566,0.2606692314147949,1.4825179810311515,-1.4825179810311515
CHEMBL244_Ki,unimol,xgboost,crem_mean,42,trained,183,test,2639,2642,0.2857142857142857,0.21428571428571427,0.09090909090909091,0.5357142857142857,1.1249387366083,-0.03644859790802002,1.16138733451632,-1.16138733451632
CHEMBL244_Ki,unimol,xgboost,crem_mean,42,trained,189,test,2710,2712,0.16298415067224914,0.1717171717171717,-0.010543525407894326,0.494949494949495,1.1807047638610455,0.802556037902832,0.37814872595821347,-0.37814872595821347
CHEMBL244_Ki,unimol,xgboost,crem_mean,42,trained,194,test,2836,2838,0.5,0.05970149253731343,0.4682539682539682,1.0,-1.5454822249613125,-0.3596111536026001,1.1858710713587124,-1.1858710713587124
CHEMBL244_Ki,unimol,xgboost,crem_mean,42,trained,200,test,3010,3013,0.3292352961055556,0.2127659574468085,0.14794753829624627,1.0,-1.5740312677277188,0.8563063144683838,2.4303375821961026,-2.4303375821961026
CHEMBL244_Ki,unimol,xgboost,crem_mean,42,trained,202,test,3034,3036,0.30951130211882905,0.1935483870967742,0.14379401462734803,0.5806451612903226,1.7861201800549193,-0.27853572368621826,2.0646559037411376,-2.0646559037411376
CHEMBL244_Ki,unimol,xgboost,crem_lime,42,trained,2,test,556,560,0.11137477513112835,0.13559322033898305,-0.028017417005165236,0.6949152542372882,-1.6922366216770504,0.7513120174407959,2.4435486391178465,-2.4435486391178465
CHEMBL244_Ki,unimol,xgboost,crem_lime,42,trained,3,test,13,78,0.37691726068620834,0.08333333333333333,0.3202733752940455,1.0,1.0910804693473326,1.3685424327850342,0.2774619634377016,-0.2774619634377016
CHEMBL244_Ki,unimol,xgboost,crem_lime,42,trained,6,test,2271,2300,0.17637038571445018,0.2602739726027397,-0.11342521931194695,1.0,-1.463110540276848,1.1546928882598877,2.6178034285367358,-2.6178034285367358
CHEMBL244_Ki,unimol,xgboost,crem_lime,42,trained,25,test,261,264,0.3494857597061089,0.26666666666666666,0.11293512687196668,1.0,-1.6989700043360187,0.22217774391174316,1.921147748247762,-1.921147748247762
CHEMBL244_Ki,unimol,xgboost,crem_lime,42,trained,32,test,287,288,0.413916953695985,0.4444444444444444,-0.05494948334722691,1.0,1.9999999999999996,0.7547187805175781,1.2452812194824214,-1.2452812194824214
CHEMBL244_Ki,unimol,xgboost,crem_lime,42,trained,35,test,312,335,0.06718631339940712,0.05263157894736842,0.015363330810485291,1.0,1.4409090820652177,-0.0830952525138855,1.5240043345791032,-1.5240043345791032
CHEMBL244_Ki,unimol,xgboost,crem_lime,42,trained,36,test,314,333,0.688418987510853,0.1791044776119403,0.620437675695039,1.0,1.1549019599857433,-0.5701195001602173,1.7250214601459606,-1.7250214601459606
CHEMBL244_Ki,unimol,xgboost,crem_lime,42,trained,37,test,322,326,0.30559161456232753,0.25,0.07412215274977003,1.0,-1.3767507096020994,-0.2609388828277588,1.1158118267743407,-1.1158118267743407
CHEMBL244_Ki,unimol,xgboost,crem_lime,42,trained,38,test,356,374,0.17936780871462155,0.13513513513513514,0.05114402882628115,1.0,1.1160933293803952,-0.07479715347290039,1.1908904828532956,-1.1908904828532956
CHEMBL244_Ki,unimol,xgboost,crem_lime,42,trained,50,test,495,508,0.1787824594499075,0.20634920634920634,-0.034734101093116525,1.0,2.0,0.9335540533065796,1.0664459466934204,-1.0664459466934204
CHEMBL244_Ki,unimol,xgboost,crem_lime,42,trained,55,test,553,1094,0.13251422490552925,0.06349206349206349,0.07370162998387021,1.0,1.8758877041394824,0.15127897262573242,1.72460873151375,-1.72460873151375
CHEMBL244_Ki,unimol,xgboost,crem_lime,42,trained,67,test,642,950,0.9191353046594981,0.2631578947368421,0.8902550563236046,0.9298245614035088,1.6398485522173623,-0.3245805501937866,1.9644291024111489,-1.9644291024111489
CHEMBL244_Ki,unimol,xgboost,crem_lime,42,trained,68,test,645,729,0.4805759378987458,0.3142857142857143,0.24250657610233764,0.9714285714285714,-1.2013971243204518,-0.043367862701416016,1.1580292616190357,-1.1580292616190357
CHEMBL244_Ki,unimol,xgboost,crem_lime,42,trained,73,test,781,794,0.24739170472429078,0.20833333333333334,0.049336890178051505,0.9583333333333334,1.1171133990963442,0.4166560173034668,0.7004573817928774,-0.7004573817928774
CHEMBL244_Ki,unimol,xgboost,crem_lime,42,trained,74,test,844,865,0.5504765733932875,0.24242424242424243,0.40662907687913946,1.0,-1.284278269569862,-0.3871932029724121,0.8970850665974499,-0.8970850665974499
CHEMBL244_Ki,unimol,xgboost,crem_lime,42,trained,77,test,895,1437,0.10902684272249488,0.05405405405405406,0.058114090878066016,1.0,1.153814864344529,-0.6097896099090576,1.7636044742535866,-1.7636044742535866
CHEMBL244_Ki,unimol,xgboost,crem_lime,42,trained,87,test,1033,1246,0.256129102003833,0.3793103448275862,-0.19845866899382458,1.0,1.0310342337399678,0.37153053283691406,0.6595037009030538,-0.6595037009030538
CHEMBL244_Ki,unimol,xgboost,crem_lime,42,trained,90,test,1128,1138,0.4446179333802486,0.1864406779661017,0.3173428764465555,1.0,-1.3367455479305157,-0.8425464630126953,0.4941990849178204,-0.4941990849178204
CHEMBL244_Ki,unimol,xgboost,crem_lime,42,trained,92,test,1164,1188,0.08098190961337515,0.056338028169014086,0.02611515794850202,1.0,-1.8692317197309762,0.11285853385925293,1.9820902535902292,-1.9820902535902292
CHEMBL244_Ki,unimol,xgboost,crem_lime,42,trained,93,test,1207,1211,0.3408844278954839,0.26153846153846155,0.10744766277513441,1.0,1.1333392786347307,-0.08690953254699707,1.2202488111817278,-1.2202488111817278
CHEMBL244_Ki,unimol,xgboost,crem_lime,42,trained,95,test,1238,1243,0.17811745959737502,0.14285714285714285,0.041137036196937524,0.974025974025974,1.1760912590556813,0.08168268203735352,1.0944085770183278,-1.0944085770183278
CHEMBL244_Ki,unimol,xgboost,crem_lime,42,trained,100,test,1289,2103,0.36846286743019635,0.4,-0.05256188761633945,1.0,-1.2678616324113265,0.050771236419677734,1.3186328688310043,-1.3186328688310043
CHEMBL244_Ki,unimol,xgboost,crem_lime,42,trained,107,test,1363,1364,0.1920279422355547,0.22666666666666666,-0.04479145400574823,0.88,1.3222192947339193,0.24437183141708374,1.0778474633168356,-1.0778474633168356
CHEMBL244_Ki,unimol,xgboost,crem_lime,42,trained,108,test,1384,1395,0.4539179332101194,0.3037974683544304,0.215627576792717,0.8860759493670886,1.0720026614205014,-0.25483036041259766,1.326833021833099,-1.326833021833099
CHEMBL244_Ki,unimol,xgboost,crem_lime,42,trained,114,test,1531,1535,0.4080537518037518,0.16666666666666666,0.2896645021645022,1.0,1.6690067809585758,0.2886319160461426,1.3803748649124332,-1.3803748649124332
CHEMBL244_Ki,unimol,xgboost,crem_lime,42,trained,116,test,1557,1558,0.6647901374179772,0.3870967741935484,0.4530786452609102,1.0,1.0389180660303703,-1.1098768711090088,2.148794937139379,-2.148794937139379
CHEMBL244_Ki,unimol,xgboost,crem_lime,42,trained,118,test,1999,2003,0.4773809523809524,0.08860759493670886,0.42657076719576725,1.0,-1.3622996524029038,-0.14320164918899536,1.2190980032139085,-1.2190980032139085
CHEMBL244_Ki,unimol,xgboost,crem_lime,42,trained,121,test,1608,1613,0.25276880376193256,0.32926829268292684,-0.11405378348220967,0.9634146341463414,1.1697510810246623,-0.953088641166687,2.1228397221913493,-2.1228397221913493
CHEMBL244_Ki,unimol,xgboost,crem_lime,42,trained,126,test,1776,2055,0.16192882984827234,0.14285714285714285,0.02225030148965107,1.0,1.5854607295085006,-0.2797023057937622,1.8651630353022628,-1.8651630353022628
CHEMBL244_Ki,unimol,xgboost,crem_lime,42,trained,130,test,1816,1841,0.12633901807031042,0.20588235294117646,-0.10016568094849797,1.0,1.373580662812593,-0.045264214277267456,1.4188448770898605,-1.4188448770898605
CHEMBL244_Ki,unimol,xgboost,crem_lime,42,trained,141,test,2360,2396,0.2429749766969469,0.3150684931506849,-0.10525653402245749,1.0,1.6283889300503116,-0.5181065835058689,2.1464955135561805,-2.1464955135561805
CHEMBL244_Ki,unimol,xgboost,crem_lime,42,trained,148,test,2116,2120,0.15902962339177762,0.18181818181818182,-0.027852682521160695,1.0,-2.0,-0.28355729579925537,1.7164427042007446,-1.7164427042007446
CHEMBL244_Ki,unimol,xgboost,crem_lime,42,trained,149,test,2193,2201,0.34698798587780955,0.15492957746478872,0.22726911662207464,1.0,-1.501595024102863,0.7835566997528076,2.2851517238556704,-2.2851517238556704
CHEMBL244_Ki,unimol,xgboost,crem_lime,42,trained,153,test,2149,2153,0.6701951350488318,0.5068493150684932,0.3312290238490199,1.0,-2.5900951992983194,-0.2197980284690857,2.3702971708292337,-2.3702971708292337
CHEMBL244_Ki,unimol,xgboost,crem_lime,42,trained,155,test,2204,2205,0.18655246963014918,0.2112676056338028,-0.031335261718918,1.0,1.0239121574054106,0.883298397064209,0.14061376034120165,-0.14061376034120165
CHEMBL244_Ki,unimol,xgboost,crem_lime,42,trained,157,test,2209,2218,0.17007279403276493,0.22857142857142856,-0.07583156329086027,1.0,-1.2662678894047694,0.09862188622355461,1.364889775628324,-1.364889775628324
CHEMBL244_Ki,unimol,xgboost,crem_lime,42,trained,159,test,2217,2223,0.18303887818901232,0.2702702702702703,-0.11953931507431648,1.0,-1.2218487496163564,-1.2212218046188354,0.0006269449975209174,-0.0006269449975209174
CHEMBL244_Ki,unimol,xgboost,crem_lime,42,trained,162,test,2257,2258,0.03558413973081919,0.05084745762711865,-0.01608099564074407,1.0,-2.6989700043360187,0.14797711372375488,2.8469471180597736,-2.8469471180597736
CHEMBL244_Ki,unimol,xgboost,crem_lime,42,trained,163,test,2262,2265,0.6516201321150737,0.4117647058823529,0.4077542245956254,1.0,-1.4771212547196626,-1.421647310256958,0.055473944462704594,-0.055473944462704594
CHEMBL244_Ki,unimol,xgboost,crem_lime,42,trained,164,test,2288,2854,0.23480279752806696,0.2345679012345679,0.0003068806415068503,1.0,-1.1890562362200492,-0.48825907707214355,0.7007971591479056,-0.7007971591479056
CHEMBL244_Ki,unimol,xgboost,crem_lime,42,trained,168,test,2363,2398,0.2226813176155741,0.22857142857142856,-0.007635329016848367,1.0,1.786120180054919,0.6620412915945053,1.1240788884604136,-1.1240788884604136
CHEMBL244_Ki,unimol,xgboost,crem_lime,42,trained,169,test,2372,2385,0.48513268597831094,0.2537313432835821,0.3100777992109367,1.0,-1.4637572931616807,0.011398322880268097,1.4751556160419488,-1.4751556160419488
CHEMBL244_Ki,unimol,xgboost,crem_lime,42,trained,171,test,2438,2446,0.18128999711608407,0.14705882352941177,0.04013310006713304,1.0,1.5006023505691857,0.5973714590072632,0.9032308915619225,-0.9032308915619225
CHEMBL244_Ki,unimol,xgboost,crem_lime,42,trained,172,test,2461,2462,0.26986249045072574,0.06779661016949153,0.216761580665324,1.0,1.3679767852945945,-0.11815011501312256,1.486126900307717,-1.486126900307717
CHEMBL244_Ki,unimol,xgboost,crem_lime,42,trained,173,test,2475,2476,0.03547998485959285,0.047619047619047616,-0.012746015897427508,1.0,-1.510545010206612,0.3905624747276306,1.9011074849342426,-1.9011074849342426
CHEMBL244_Ki,unimol,xgboost,crem_lime,42,trained,175,test,2479,2499,0.4556647731485156,0.29508196721311475,0.22780351539673147,1.0,1.0543576623225928,0.18419933319091797,0.8701583291316748,-0.8701583291316748
CHEMBL244_Ki,unimol,xgboost,crem_lime,42,trained,182,test,2632,2633,0.8770923894023833,0.3225806451612903,0.8185649557844704,1.0,-1.2218487496163566,0.2606692314147949,1.4825179810311515,-1.4825179810311515
CHEMBL244_Ki,unimol,xgboost,crem_lime,42,trained,183,test,2639,2642,0.19811730322459534,0.21428571428571427,-0.020577977714151374,0.7857142857142857,1.1249387366083,-0.03644859790802002,1.16138733451632,-1.16138733451632
CHEMBL244_Ki,unimol,xgboost,crem_lime,42,trained,189,test,2710,2712,0.13753076988371105,0.1717171717171717,-0.04127382660381227,0.8585858585858586,1.1807047638610455,0.802556037902832,0.37814872595821347,-0.37814872595821347
CHEMBL244_Ki,unimol,xgboost,crem_lime,42,trained,194,test,2836,2838,0.24914529914529915,0.05970149253731343,0.20147198480531814,1.0,-1.5454822249613125,-0.3596111536026001,1.1858710713587124,-1.1858710713587124
CHEMBL244_Ki,unimol,xgboost,crem_lime,42,trained,200,test,3010,3013,0.17105027550081658,0.2127659574468085,-0.0529901905800438,1.0,-1.5740312677277188,0.8563063144683838,2.4303375821961026,-2.4303375821961026
CHEMBL244_Ki,unimol,xgboost,crem_lime,42,trained,202,test,3034,3036,0.2605163514646273,0.1935483870967742,0.08304027581613789,0.967741935483871,1.7861201800549193,-0.27853572368621826,2.0646559037411376,-2.0646559037411376
CHEMBL244_Ki,unimol,xgboost,crem_mean,42,label_permuted,2,test,556,560,0.4941421441534872,0.13559322033898305,0.41479189225599494,1.0,-1.6922366216770504,-0.04670369625091553,1.6455329254261348,-1.6455329254261348
CHEMBL244_Ki,unimol,xgboost,crem_mean,42,label_permuted,3,test,13,78,0.12181790228896329,0.08333333333333333,0.041983166133414504,0.5476190476190477,1.0910804693473326,0.005822181701660156,1.0852582876456724,-1.0852582876456724
CHEMBL244_Ki,unimol,xgboost,crem_mean,42,label_permuted,6,test,2271,2300,0.26317971711928956,0.2602739726027397,0.003928136105706273,1.0,-1.463110540276848,0.08858180046081543,1.5516923407376635,-1.5516923407376635
CHEMBL244_Ki,unimol,xgboost,crem_mean,42,label_permuted,25,test,261,264,0.28020833333333334,0.26666666666666666,0.0184659090909091,0.25,-1.6989700043360187,-0.031065702438354492,1.6679043018976643,-1.6679043018976643
CHEMBL244_Ki,unimol,xgboost,crem_mean,42,label_permuted,32,test,287,288,0.4347222222222222,0.4444444444444444,-0.017500000000000036,0.24444444444444444,1.9999999999999996,0.039942383766174316,1.9600576162338252,-1.9600576162338252
CHEMBL244_Ki,unimol,xgboost,crem_mean,42,label_permuted,35,test,312,335,0.0842379580004719,0.05263157894736842,0.03336228900049812,0.9342105263157895,1.4409090820652177,0.00204312801361084,1.4388659540516069,-1.4388659540516069
CHEMBL244_Ki,unimol,xgboost,crem_mean,42,label_permuted,36,test,314,333,0.17902775611930757,0.1791044776119403,-9.346072738894277e-05,0.9253731343283582,1.1549019599857433,-0.06300783157348633,1.2179097915592296,-1.2179097915592296
CHEMBL244_Ki,unimol,xgboost,crem_mean,42,label_permuted,37,test,322,326,0.3015479079743786,0.25,0.06873054396583811,0.775,-1.3767507096020994,0.022034049034118652,1.398784758636218,-1.398784758636218
CHEMBL244_Ki,unimol,xgboost,crem_mean,42,label_permuted,38,test,356,374,0.1948918489473212,0.13513513513513514,0.06909370034534013,0.9459459459459459,1.1160933293803952,0.176399827003479,0.9396935023769162,-0.9396935023769162
CHEMBL244_Ki,unimol,xgboost,crem_mean,42,label_permuted,50,test,495,508,0.31471617706911825,0.20634920634920634,0.136542383107089,0.7142857142857143,2.0,0.0547032356262207,1.9452967643737793,-1.9452967643737793
CHEMBL244_Ki,unimol,xgboost,crem_mean,42,label_permuted,55,test,553,1094,0.06743156199677938,0.06349206349206349,0.004206583149103412,1.0,1.8758877041394824,0.05057716369628906,1.8253105404431933,-1.8253105404431933
CHEMBL244_Ki,unimol,xgboost,crem_mean,42,label_permuted,67,test,642,950,0.6111785557437732,0.2631578947368421,0.4723137542236922,0.43859649122807015,1.6398485522173623,-0.10386943817138672,1.743717990388749,-1.743717990388749
CHEMBL244_Ki,unimol,xgboost,crem_mean,42,label_permuted,68,test,645,729,0.32169447935576967,0.3142857142857143,0.010804449060497443,0.45714285714285713,-1.2013971243204518,-0.08945333957672119,1.1119437847437306,-1.1119437847437306
CHEMBL244_Ki,unimol,xgboost,crem_mean,42,label_permuted,73,test,781,794,0.2959207459207459,0.20833333333333334,0.11063673168936325,0.625,1.1171133990963442,-0.03858911991119385,1.155702519007538,-1.155702519007538
CHEMBL244_Ki,unimol,xgboost,crem_mean,42,label_permuted,74,test,844,865,0.3383448033721157,0.24242424242424243,0.1266151404511927,1.0,-1.284278269569862,-0.03621673583984375,1.2480615337300183,-1.2480615337300183
CHEMBL244_Ki,unimol,xgboost,crem_mean,42,label_permuted,77,test,895,1437,0.07382781717888101,0.05405405405405406,0.020903692446245636,1.0,1.153814864344529,-0.02950608730316162,1.1833209516476906,-1.1833209516476906
CHEMBL244_Ki,unimol,xgboost,crem_mean,42,label_permuted,87,test,1033,1246,0.5646031339484672,0.3793103448275862,0.2985272713614194,1.0,1.0310342337399678,-0.011876225471496582,1.0429104592114644,-1.0429104592114644
CHEMBL244_Ki,unimol,xgboost,crem_mean,42,label_permuted,90,test,1128,1138,0.40528154668990946,0.1864406779661017,0.26899190113968036,0.4915254237288136,-1.3367455479305157,-0.022094011306762695,1.314651536623753,-1.314651536623753
CHEMBL244_Ki,unimol,xgboost,crem_mean,42,label_permuted,92,test,1164,1188,0.0649807938540333,0.056338028169014086,0.009158751696065136,0.9154929577464789,-1.8692317197309762,-0.09009099006652832,1.779140729664448,-1.779140729664448
CHEMBL244_Ki,unimol,xgboost,crem_mean,42,label_permuted,93,test,1207,1211,0.2592529172727731,0.26153846153846155,-0.003095007859786434,0.9692307692307692,1.1333392786347307,0.12649333477020264,1.006845943864528,-1.006845943864528
CHEMBL244_Ki,unimol,xgboost,crem_mean,42,label_permuted,95,test,1238,1243,0.5017036392634479,0.14285714285714285,0.41865424580735583,0.7402597402597403,1.1760912590556813,-0.03652215003967285,1.2126134090953542,-1.2126134090953542
CHEMBL244_Ki,unimol,xgboost,crem_mean,42,label_permuted,100,test,1289,2103,0.5236642489623048,0.4,0.20610708160384128,0.6714285714285714,-1.2678616324113265,0.1537100076675415,1.421571640078868,-1.421571640078868
CHEMBL244_Ki,unimol,xgboost,crem_mean,42,label_permuted,107,test,1363,1364,0.21458489778890277,0.22666666666666666,-0.015622976997108469,0.76,1.3222192947339193,-0.3264249563217163,1.6486442510556356,-1.6486442510556356
CHEMBL244_Ki,unimol,xgboost,crem_mean,42,label_permuted,108,test,1384,1395,0.595333275042485,0.3037974683544304,0.4187514314246603,0.5443037974683544,1.0720026614205014,-0.09058153629302979,1.1625841977135312,-1.1625841977135312
CHEMBL244_Ki,unimol,xgboost,crem_mean,42,label_permuted,114,test,1531,1535,0.20833333333333331,0.16666666666666666,0.04999999999999999,0.22916666666666666,1.6690067809585758,-0.01643824577331543,1.6854450267318912,-1.6854450267318912
CHEMBL244_Ki,unimol,xgboost,crem_mean,42,label_permuted,116,test,1557,1558,0.45424731182795697,0.3870967741935484,0.10956140350877192,0.45161290322580644,1.0389180660303703,0.03652215003967285,1.0023959159906974,-1.0023959159906974
CHEMBL244_Ki,unimol,xgboost,crem_mean,42,label_permuted,118,test,1999,2003,0.07701203010856306,0.08860759493670886,-0.01272291140865998,0.7468354430379747,-1.3622996524029038,-0.015087604522705078,1.3472120478801988,-1.3472120478801988
CHEMBL244_Ki,unimol,xgboost,crem_mean,42,label_permuted,121,test,1608,1613,0.3862808036499066,0.32926829268292684,0.08500047089622434,0.8780487804878049,1.1697510810246623,5.078315734863281e-05,1.1697002978673137,-1.1697002978673137
CHEMBL244_Ki,unimol,xgboost,crem_mean,42,label_permuted,126,test,1776,2055,0.1653099510690126,0.14285714285714285,0.026194942913848055,1.0,1.5854607295085006,0.039301276206970215,1.5461594533015304,-1.5461594533015304
CHEMBL244_Ki,unimol,xgboost,crem_mean,42,label_permuted,130,test,1816,1841,0.6254727697530624,0.20588235294117646,0.5283731174668194,1.0,1.373580662812593,0.025838375091552734,1.3477422877210403,-1.3477422877210403
CHEMBL244_Ki,unimol,xgboost,crem_mean,42,label_permuted,141,test,2360,2396,0.4693353709010873,0.3150684931506849,0.22522964151558744,0.726027397260274,1.6283889300503116,0.0,1.6283889300503116,-1.6283889300503116
CHEMBL244_Ki,unimol,xgboost,crem_mean,42,label_permuted,148,test,2116,2120,0.15885630030897435,0.18181818181818182,-0.028064521844586913,1.0,-2.0,-0.18461227416992188,1.8153877258300781,-1.8153877258300781
CHEMBL244_Ki,unimol,xgboost,crem_mean,42,label_permuted,149,test,2193,2201,0.16609577749952034,0.15492957746478872,0.013213336707765753,0.8028169014084507,-1.501595024102863,-0.2595498561859131,1.24204516791695,-1.24204516791695
CHEMBL244_Ki,unimol,xgboost,crem_mean,42,label_permuted,153,test,2149,2153,0.5355318341349344,0.5068493150684932,0.058161774773617,0.8767123287671232,-2.5900951992983194,-0.05643928050994873,2.5336559187883707,-2.5336559187883707
CHEMBL244_Ki,unimol,xgboost,crem_mean,42,label_permuted,155,test,2204,2205,0.17904691521739943,0.2112676056338028,-0.04085123249222571,0.9014084507042254,1.0239121574054106,-0.008316278457641602,1.0322284358630522,-1.0322284358630522
CHEMBL244_Ki,unimol,xgboost,crem_mean,42,label_permuted,157,test,2209,2218,0.22807897209286815,0.22857142857142856,-0.0006383695092449834,1.0,-1.2662678894047694,0.11009693145751953,1.376364820862289,-1.376364820862289
CHEMBL244_Ki,unimol,xgboost,crem_mean,42,label_permuted,159,test,2217,2223,0.2645702981229297,0.2702702702702703,-0.007811072942651908,0.918918918918919,-1.2218487496163564,-0.028849363327026367,1.19299938628933,-1.19299938628933
CHEMBL244_Ki,unimol,xgboost,crem_mean,42,label_permuted,162,test,2257,2258,0.6879432624113475,0.05084745762711865,0.671225937183384,0.7966101694915254,-2.6989700043360187,-0.0100555419921875,2.6889144623438312,-2.6889144623438312
CHEMBL244_Ki,unimol,xgboost,crem_mean,42,label_permuted,163,test,2262,2265,0.4488200630035716,0.4117647058823529,0.06299410710607171,0.8823529411764706,-1.4771212547196626,0.08075988292694092,1.5578811376466035,-1.5578811376466035
CHEMBL244_Ki,unimol,xgboost,crem_mean,42,label_permuted,164,test,2288,2854,0.6081678151777312,0.2345679012345679,0.4880902101515521,1.0,-1.1890562362200492,0.009858131408691406,1.1989143676287406,-1.1989143676287406
CHEMBL244_Ki,unimol,xgboost,crem_mean,42,label_permuted,168,test,2363,2398,0.2994621257422938,0.22857142857142856,0.09189534818445494,0.7142857142857143,1.786120180054919,0.02628612518310547,1.7598340548718134,-1.7598340548718134
CHEMBL244_Ki,unimol,xgboost,crem_mean,42,label_permuted,169,test,2372,2385,0.26683124152673393,0.2537313432835821,0.017553863645823453,0.7014925373134329,-1.4637572931616807,-0.02628612518310547,1.4374711679785752,-1.4374711679785752
CHEMBL244_Ki,unimol,xgboost,crem_mean,42,label_permuted,171,test,2438,2446,0.1418603125801662,0.14705882352941177,-0.006094805940494796,0.9264705882352942,1.5006023505691857,0.010435342788696289,1.4901670077804894,-1.4901670077804894
CHEMBL244_Ki,unimol,xgboost,crem_mean,42,label_permuted,172,test,2461,2462,0.057467557848655405,0.06779661016949153,-0.011080256125987838,0.8983050847457628,1.3679767852945945,0.07120811939239502,1.2967686659021995,-1.2967686659021995
CHEMBL244_Ki,unimol,xgboost,crem_mean,42,label_permuted,173,test,2475,2476,0.14574314574314573,0.047619047619047616,0.10303030303030303,0.7619047619047619,-1.510545010206612,-0.013015151023864746,1.4975298591827473,-1.4975298591827473
CHEMBL244_Ki,unimol,xgboost,crem_mean,42,label_permuted,175,test,2479,2499,0.35011639463071353,0.29508196721311475,0.07807209470868665,0.7049180327868853,1.0543576623225928,0.01696789264678955,1.0373897696758032,-1.0373897696758032
CHEMBL244_Ki,unimol,xgboost,crem_mean,42,label_permuted,182,test,2632,2633,0.3633224526369688,0.3225806451612903,0.060142668178382486,0.3064516129032258,-1.2218487496163566,0.19870615005493164,1.4205548996712882,-1.4205548996712882
CHEMBL244_Ki,unimol,xgboost,crem_mean,42,label_permuted,183,test,2639,2642,0.19332298136645962,0.21428571428571427,-0.0266798418972332,0.5357142857142857,1.1249387366083,0.0,1.1249387366083,-1.1249387366083
CHEMBL244_Ki,unimol,xgboost,crem_mean,42,label_permuted,189,test,2710,2712,0.16281664180823843,0.1717171717171717,-0.010745761719321886,0.494949494949495,1.1807047638610455,-5.078315734863281e-05,1.1807555470183941,-1.1807555470183941
CHEMBL244_Ki,unimol,xgboost,crem_mean,42,label_permuted,194,test,2836,2838,0.08163265306122448,0.05970149253731343,0.023323615160349847,1.0,-1.5454822249613125,0.05154621601104736,1.5970284409723599,-1.5970284409723599
CHEMBL244_Ki,unimol,xgboost,crem_mean,42,label_permuted,200,test,3010,3013,0.3395372982872983,0.2127659574468085,0.16103386539197348,1.0,-1.5740312677277188,-0.03620767593383789,1.537823591793881,-1.537823591793881
CHEMBL244_Ki,unimol,xgboost,crem_mean,42,label_permuted,202,test,3034,3036,0.44854721352452753,0.1935483870967742,0.31619854477041415,0.5806451612903226,1.7861201800549193,-0.14693021774291992,1.9330503977978393,-1.9330503977978393
CHEMBL244_Ki,unimol,xgboost,crem_lime,42,label_permuted,2,test,556,560,0.22783448895737032,0.13559322033898305,0.10671048722519312,0.6949152542372882,-1.6922366216770504,-0.04670369625091553,1.6455329254261348,-1.6455329254261348
CHEMBL244_Ki,unimol,xgboost,crem_lime,42,label_permuted,3,test,13,78,0.1513356804710188,0.08333333333333333,0.07418437869565689,1.0,1.0910804693473326,0.005822181701660156,1.0852582876456724,-1.0852582876456724
CHEMBL244_Ki,unimol,xgboost,crem_lime,42,label_permuted,6,test,2271,2300,0.38210849557937365,0.2602739726027397,0.16470222550544958,1.0,-1.463110540276848,0.08858180046081543,1.5516923407376635,-1.5516923407376635
CHEMBL244_Ki,unimol,xgboost,crem_lime,42,label_permuted,25,test,261,264,0.399867888065383,0.26666666666666666,0.1816380291800677,1.0,-1.6989700043360187,-0.031065702438354492,1.6679043018976643,-1.6679043018976643
CHEMBL244_Ki,unimol,xgboost,crem_lime,42,label_permuted,32,test,287,288,0.5265545162722582,0.4444444444444444,0.1477981292900649,1.0,1.9999999999999996,0.039942383766174316,1.9600576162338252,-1.9600576162338252
CHEMBL244_Ki,unimol,xgboost,crem_lime,42,label_permuted,35,test,312,335,0.23235930735930738,0.05263157894736842,0.18971260221260222,1.0,1.4409090820652177,0.00204312801361084,1.4388659540516069,-1.4388659540516069
CHEMBL244_Ki,unimol,xgboost,crem_lime,42,label_permuted,36,test,314,333,0.22656869943054153,0.1791044776119403,0.05782005203356878,1.0,1.1549019599857433,-0.06300783157348633,1.2179097915592296,-1.2179097915592296
CHEMBL244_Ki,unimol,xgboost,crem_lime,42,label_permuted,37,test,322,326,0.23596964029353695,0.25,-0.018707146275284064,1.0,-1.3767507096020994,0.022034049034118652,1.398784758636218,-1.398784758636218
CHEMBL244_Ki,unimol,xgboost,crem_lime,42,label_permuted,38,test,356,374,0.6647754965622612,0.13513513513513514,0.6123966679001145,1.0,1.1160933293803952,0.176399827003479,0.9396935023769162,-0.9396935023769162
CHEMBL244_Ki,unimol,xgboost,crem_lime,42,label_permuted,50,test,495,508,0.23684996361418814,0.20634920634920634,0.03843095415387707,1.0,2.0,0.0547032356262207,1.9452967643737793,-1.9452967643737793
CHEMBL244_Ki,unimol,xgboost,crem_lime,42,label_permuted,55,test,553,1094,0.048623413623413624,0.06349206349206349,-0.01587669392754138,1.0,1.8758877041394824,0.05057716369628906,1.8253105404431933,-1.8253105404431933
CHEMBL244_Ki,unimol,xgboost,crem_lime,42,label_permuted,67,test,642,950,0.9407868275515334,0.2631578947368421,0.9196392659627953,0.9298245614035088,1.6398485522173623,-0.10386943817138672,1.743717990388749,-1.743717990388749
CHEMBL244_Ki,unimol,xgboost,crem_lime,42,label_permuted,68,test,645,729,0.4492088899333543,0.3142857142857143,0.19676296448614167,0.9714285714285714,-1.2013971243204518,-0.08945333957672119,1.1119437847437306,-1.1119437847437306
CHEMBL244_Ki,unimol,xgboost,crem_lime,42,label_permuted,73,test,781,794,0.1810843125396878,0.20833333333333334,-0.03441981573934175,0.9583333333333334,1.1171133990963442,-0.03858911991119385,1.155702519007538,-1.155702519007538
CHEMBL244_Ki,unimol,xgboost,crem_lime,42,label_permuted,74,test,844,865,0.5102136498664016,0.24242424242424243,0.35348201782365013,1.0,-1.284278269569862,-0.03621673583984375,1.2480615337300183,-1.2480615337300183
CHEMBL244_Ki,unimol,xgboost,crem_lime,42,label_permuted,77,test,895,1437,0.1019664187514086,0.05405405405405406,0.05065021410863195,1.0,1.153814864344529,-0.02950608730316162,1.1833209516476906,-1.1833209516476906
CHEMBL244_Ki,unimol,xgboost,crem_lime,42,label_permuted,87,test,1033,1246,0.2799125945028259,0.3793103448275862,-0.16014081996766932,1.0,1.0310342337399678,-0.011876225471496582,1.0429104592114644,-1.0429104592114644
CHEMBL244_Ki,unimol,xgboost,crem_lime,42,label_permuted,90,test,1128,1138,0.27758224149172017,0.1864406779661017,0.1120281718335727,1.0,-1.3367455479305157,-0.022094011306762695,1.314651536623753,-1.314651536623753
CHEMBL244_Ki,unimol,xgboost,crem_lime,42,label_permuted,92,test,1164,1188,0.15383986928104576,0.056338028169014086,0.10332284655155595,1.0,-1.8692317197309762,-0.09009099006652832,1.779140729664448,-1.779140729664448
CHEMBL244_Ki,unimol,xgboost,crem_lime,42,label_permuted,93,test,1207,1211,0.19399617210356468,0.26153846153846155,-0.09146351694308952,1.0,1.1333392786347307,0.12649333477020264,1.006845943864528,-1.006845943864528
CHEMBL244_Ki,unimol,xgboost,crem_lime,42,label_permuted,95,test,1238,1243,0.10171062939488887,0.14285714285714285,-0.04800426570596297,0.974025974025974,1.1760912590556813,-0.03652215003967285,1.2126134090953542,-1.2126134090953542
CHEMBL244_Ki,unimol,xgboost,crem_lime,42,label_permuted,100,test,1289,2103,0.30313721643987135,0.4,-0.16143797260021447,1.0,-1.2678616324113265,0.1537100076675415,1.421571640078868,-1.421571640078868
CHEMBL244_Ki,unimol,xgboost,crem_lime,42,label_permuted,107,test,1363,1364,0.2100428302634185,0.22666666666666666,-0.021496340176614,0.88,1.3222192947339193,-0.3264249563217163,1.6486442510556356,-1.6486442510556356
CHEMBL244_Ki,unimol,xgboost,crem_lime,42,label_permuted,108,test,1384,1395,0.4713813919028068,0.3037974683544304,0.2407114538240316,0.8860759493670886,1.0720026614205014,-0.09058153629302979,1.1625841977135312,-1.1625841977135312
CHEMBL244_Ki,unimol,xgboost,crem_lime,42,label_permuted,114,test,1531,1535,0.36145382395382397,0.16666666666666666,0.23374458874458875,1.0,1.6690067809585758,-0.01643824577331543,1.6854450267318912,-1.6854450267318912
CHEMBL244_Ki,unimol,xgboost,crem_lime,42,label_permuted,116,test,1557,1558,0.489381530211803,0.3870967741935484,0.1668856545560996,1.0,1.0389180660303703,0.03652215003967285,1.0023959159906974,-1.0023959159906974
CHEMBL244_Ki,unimol,xgboost,crem_lime,42,label_permuted,118,test,1999,2003,0.07270623004644279,0.08860759493670886,-0.017447330921264163,1.0,-1.3622996524029038,-0.015087604522705078,1.3472120478801988,-1.3472120478801988
CHEMBL244_Ki,unimol,xgboost,crem_lime,42,label_permuted,121,test,1608,1613,0.3949161585036732,0.32926829268292684,0.09787499995093091,0.9634146341463414,1.1697510810246623,5.078315734863281e-05,1.1697002978673137,-1.1697002978673137
CHEMBL244_Ki,unimol,xgboost,crem_lime,42,label_permuted,126,test,1776,2055,0.12801706973581972,0.14285714285714285,-0.01731341864154365,1.0,1.5854607295085006,0.039301276206970215,1.5461594533015304,-1.5461594533015304
CHEMBL244_Ki,unimol,xgboost,crem_lime,42,label_permuted,130,test,1816,1841,0.18733484989244428,0.20588235294117646,-0.023356114950255333,1.0,1.373580662812593,0.025838375091552734,1.3477422877210403,-1.3477422877210403
CHEMBL244_Ki,unimol,xgboost,crem_lime,42,label_permuted,141,test,2360,2396,0.3662615198865642,0.3150684931506849,0.07474181903438373,1.0,1.6283889300503116,0.0,1.6283889300503116,-1.6283889300503116
CHEMBL244_Ki,unimol,xgboost,crem_lime,42,label_permuted,148,test,2116,2120,0.4584411263909517,0.18181818181818182,0.3380947100333854,1.0,-2.0,-0.18461227416992188,1.8153877258300781,-1.8153877258300781
CHEMBL244_Ki,unimol,xgboost,crem_lime,42,label_permuted,149,test,2193,2201,0.14409199957219132,0.15492957746478872,-0.012824467172906924,1.0,-1.501595024102863,-0.2595498561859131,1.24204516791695,-1.24204516791695
CHEMBL244_Ki,unimol,xgboost,crem_lime,42,label_permuted,153,test,2149,2153,0.5480110371673625,0.5068493150684932,0.08346682536715178,1.0,-2.5900951992983194,-0.05643928050994873,2.5336559187883707,-2.5336559187883707
CHEMBL244_Ki,unimol,xgboost,crem_lime,42,label_permuted,155,test,2204,2205,0.1399647237730351,0.2112676056338028,-0.09040186807347335,1.0,1.0239121574054106,-0.008316278457641602,1.0322284358630522,-1.0322284358630522
CHEMBL244_Ki,unimol,xgboost,crem_lime,42,label_permuted,157,test,2209,2218,0.15429589680382524,0.22857142857142856,-0.09628309673578207,1.0,-1.2662678894047694,0.11009693145751953,1.376364820862289,-1.376364820862289
CHEMBL244_Ki,unimol,xgboost,crem_lime,42,label_permuted,159,test,2217,2223,0.1753450239010792,0.2702702702702703,-0.13008274502444706,1.0,-1.2218487496163564,-0.028849363327026367,1.19299938628933,-1.19299938628933
CHEMBL244_Ki,unimol,xgboost,crem_lime,42,label_permuted,162,test,2257,2258,0.05359306675096149,0.05084745762711865,0.002892695326905851,1.0,-2.6989700043360187,-0.0100555419921875,2.6889144623438312,-2.6889144623438312
CHEMBL244_Ki,unimol,xgboost,crem_lime,42,label_permuted,163,test,2262,2265,0.6239485586380442,0.4117647058823529,0.3607125496846752,1.0,-1.4771212547196626,0.08075988292694092,1.5578811376466035,-1.5578811376466035
CHEMBL244_Ki,unimol,xgboost,crem_lime,42,label_permuted,164,test,2288,2854,0.3463153874599817,0.2345679012345679,0.14599268361707285,1.0,-1.1890562362200492,0.009858131408691406,1.1989143676287406,-1.1989143676287406
CHEMBL244_Ki,unimol,xgboost,crem_lime,42,label_permuted,168,test,2363,2398,0.4131865653945106,0.22857142857142856,0.23931591810399522,1.0,1.786120180054919,0.02628612518310547,1.7598340548718134,-1.7598340548718134
CHEMBL244_Ki,unimol,xgboost,crem_lime,42,label_permuted,169,test,2372,2385,0.5259545044025644,0.2537313432835821,0.36477903589943633,1.0,-1.4637572931616807,-0.02628612518310547,1.4374711679785752,-1.4374711679785752
CHEMBL244_Ki,unimol,xgboost,crem_lime,42,label_permuted,171,test,2438,2446,0.15948177312883194,0.14705882352941177,0.014564837461389164,1.0,1.5006023505691857,0.010435342788696289,1.4901670077804894,-1.4901670077804894
CHEMBL244_Ki,unimol,xgboost,crem_lime,42,label_permuted,172,test,2461,2462,0.2201923076923077,0.06779661016949153,0.163479020979021,1.0,1.3679767852945945,0.07120811939239502,1.2967686659021995,-1.2967686659021995
CHEMBL244_Ki,unimol,xgboost,crem_lime,42,label_permuted,173,test,2475,2476,1.0,0.047619047619047616,1.0,1.0,-1.510545010206612,-0.013015151023864746,1.4975298591827473,-1.4975298591827473
CHEMBL244_Ki,unimol,xgboost,crem_lime,42,label_permuted,175,test,2479,2499,0.6058694472145326,0.29508196721311475,0.44088456465317416,1.0,1.0543576623225928,0.01696789264678955,1.0373897696758032,-1.0373897696758032
CHEMBL244_Ki,unimol,xgboost,crem_lime,42,label_permuted,182,test,2632,2633,0.5555887690550824,0.3225806451612903,0.34396437336702634,1.0,-1.2218487496163566,0.19870615005493164,1.4205548996712882,-1.4205548996712882
CHEMBL244_Ki,unimol,xgboost,crem_lime,42,label_permuted,183,test,2639,2642,0.17287791163838578,0.21428571428571427,-0.052700839732963536,0.7857142857142857,1.1249387366083,0.0,1.1249387366083,-1.1249387366083
CHEMBL244_Ki,unimol,xgboost,crem_lime,42,label_permuted,189,test,2710,2712,0.1337421722404984,0.1717171717171717,-0.0458478652218373,0.8585858585858586,1.1807047638610455,-5.078315734863281e-05,1.1807555470183941,-1.1807555470183941
CHEMBL244_Ki,unimol,xgboost,crem_lime,42,label_permuted,194,test,2836,2838,0.04275085959037738,0.05970149253731343,-0.018026863610233576,1.0,-1.5454822249613125,0.05154621601104736,1.5970284409723599,-1.5970284409723599
CHEMBL244_Ki,unimol,xgboost,crem_lime,42,label_permuted,200,test,3010,3013,0.4168289680368052,0.2127659574468085,0.2592151756143201,1.0,-1.5740312677277188,-0.03620767593383789,1.537823591793881,-1.537823591793881
CHEMBL244_Ki,unimol,xgboost,crem_lime,42,label_permuted,202,test,3034,3036,0.5338458892328861,0.1935483870967742,0.42196890264877884,0.967741935483871,1.7861201800549193,-0.14693021774291992,1.9330503977978393,-1.9330503977978393
CHEMBL244_Ki,unimol,mlp,crem_mean,42,trained,2,test,556,560,0.28214067247452335,0.13559322033898305,0.16953528776464466,1.0,-1.6922366216770504,1.1395971775054932,2.8318337991825437,-2.8318337991825437
CHEMBL244_Ki,unimol,mlp,crem_mean,42,trained,3,test,13,78,0.29167087268132563,0.08333333333333333,0.22727731565235526,0.5476190476190477,1.0910804693473326,2.0951223373413086,1.004041867993976,-1.004041867993976
CHEMBL244_Ki,unimol,mlp,crem_mean,42,trained,6,test,2271,2300,0.3366920874449918,0.2602739726027397,0.10330597006452595,1.0,-1.463110540276848,0.5030145645141602,1.9661251047910082,-1.9661251047910082
CHEMBL244_Ki,unimol,mlp,crem_mean,42,trained,25,test,261,264,0.246474358974359,0.26666666666666666,-0.02753496503496501,0.25,-1.6989700043360187,-0.7793880701065063,0.9195819342295124,-0.9195819342295124
CHEMBL244_Ki,unimol,mlp,crem_mean,42,trained,32,test,287,288,0.43888888888888883,0.4444444444444444,-0.010000000000000064,0.24444444444444444,1.9999999999999996,1.5453848838806152,0.4546151161193843,-0.4546151161193843
CHEMBL244_Ki,unimol,mlp,crem_mean,42,trained,35,test,312,335,0.07864702517162472,0.05263157894736842,0.027460748792270544,0.9342105263157895,1.4409090820652177,0.029754221439361572,1.4111548606258562,-1.4111548606258562
CHEMBL244_Ki,unimol,mlp,crem_mean,42,trained,36,test,314,333,0.31701410032612076,0.1791044776119403,0.16799899494272894,0.9253731343283582,1.1549019599857433,-1.4773355722427368,2.63223753222848,-2.63223753222848
CHEMBL244_Ki,unimol,mlp,crem_mean,42,trained,37,test,322,326,0.32576935569597826,0.25,0.10102580759463768,0.775,-1.3767507096020994,0.5661511421203613,1.9429018517224608,-1.9429018517224608
CHEMBL244_Ki,unimol,mlp,crem_mean,42,trained,38,test,356,374,0.15417343342677364,0.13513513513513514,0.022013032399707016,0.9459459459459459,1.1160933293803952,0.34451067447662354,0.7715826549037716,-0.7715826549037716
CHEMBL244_Ki,unimol,mlp,crem_mean,42,trained,50,test,495,508,0.4963949028604201,0.20634920634920634,0.3654575776041293,0.7142857142857143,2.0,1.1558669805526733,0.8441330194473267,-0.8441330194473267
CHEMBL244_Ki,unimol,mlp,crem_mean,42,trained,55,test,553,1094,0.07257033248081841,0.06349206349206349,0.009693744852399327,1.0,1.8758877041394824,0.850430965423584,1.0254567387158984,-1.0254567387158984
CHEMBL244_Ki,unimol,mlp,crem_mean,42,trained,67,test,642,950,0.8294685990338164,0.2631578947368421,0.7685645272601794,0.43859649122807015,1.6398485522173623,0.5366947650909424,1.1031537871264199,-1.1031537871264199
CHEMBL244_Ki,unimol,mlp,crem_mean,42,trained,68,test,645,729,0.26921664355135116,0.3142857142857143,-0.06572572815427954,0.45714285714285713,-1.2013971243204518,0.11308550834655762,1.3144826326670094,-1.3144826326670094
CHEMBL244_Ki,unimol,mlp,crem_mean,42,trained,73,test,781,794,0.20579162099622456,0.20833333333333334,-0.003210584004768994,0.625,1.1171133990963442,0.23892927169799805,0.8781841273983462,-0.8781841273983462
CHEMBL244_Ki,unimol,mlp,crem_mean,42,trained,74,test,844,865,0.64838799233857,0.24242424242424243,0.5358721498869125,1.0,-1.284278269569862,-0.8927128314971924,0.39156543807266964,-0.39156543807266964
CHEMBL244_Ki,unimol,mlp,crem_mean,42,trained,77,test,895,1437,0.08357843137254901,0.05405405405405406,0.031211484593837525,1.0,1.153814864344529,-0.16921663284301758,1.3230314971875465,-1.3230314971875465
CHEMBL244_Ki,unimol,mlp,crem_mean,42,trained,87,test,1033,1246,0.3114244531954045,0.3793103448275862,-0.1093717142962927,1.0,1.0310342337399678,-0.2618424892425537,1.2928767229825215,-1.2928767229825215
CHEMBL244_Ki,unimol,mlp,crem_mean,42,trained,90,test,1128,1138,0.5004179728317659,0.1864406779661017,0.38593042493904556,0.4915254237288136,-1.3367455479305157,-0.4088127613067627,0.927932786623753,-0.927932786623753
CHEMBL244_Ki,unimol,mlp,crem_mean,42,trained,92,test,1164,1188,0.047155481911074285,0.056338028169014086,-0.00973075797483173,0.9154929577464789,-1.8692317197309762,-0.17796051502227783,1.6912712047086984,-1.6912712047086984
CHEMBL244_Ki,unimol,mlp,crem_mean,42,trained,93,test,1207,1211,0.21268572764057617,0.26153846153846155,-0.06615474382005312,0.9692307692307692,1.1333392786347307,-0.2174510955810547,1.3507903742157854,-1.3507903742157854
CHEMBL244_Ki,unimol,mlp,crem_mean,42,trained,95,test,1238,1243,0.502948032359797,0.14285714285714285,0.4201060377530965,0.7402597402597403,1.1760912590556813,0.7974746227264404,0.3786166363292409,-0.3786166363292409
CHEMBL244_Ki,unimol,mlp,crem_mean,42,trained,100,test,1289,2103,0.5493486744864369,0.4,0.24891445747739477,0.6714285714285714,-1.2678616324113265,0.29163289070129395,1.5594945231126205,-1.5594945231126205
CHEMBL244_Ki,unimol,mlp,crem_mean,42,trained,107,test,1363,1364,0.21543417366946777,0.22666666666666666,-0.014524775427412357,0.76,1.3222192947339193,-0.23232519626617432,1.5545444910000936,-1.5545444910000936
CHEMBL244_Ki,unimol,mlp,crem_mean,42,trained,108,test,1384,1395,0.5774992939238359,0.3037974683544304,0.39313534945423706,0.5443037974683544,1.0720026614205014,-0.8176183700561523,1.8896210314766537,-1.8896210314766537
CHEMBL244_Ki,unimol,mlp,crem_mean,42,trained,114,test,1531,1535,0.16369047619047616,0.16666666666666666,-0.0035714285714285917,0.22916666666666666,1.6690067809585758,0.09991371631622314,1.5690930646423527,-1.5690930646423527
CHEMBL244_Ki,unimol,mlp,crem_mean,42,trained,116,test,1557,1558,0.41989931800079644,0.3870967741935484,0.05351993989603631,0.45161290322580644,1.0389180660303703,-0.6703362464904785,1.7092543125208488,-1.7092543125208488
CHEMBL244_Ki,unimol,mlp,crem_mean,42,trained,118,test,1999,2003,0.077307308534513,0.08860759493670886,-0.01239892535796491,0.7468354430379747,-1.3622996524029038,0.4315025806427002,1.793802233045604,-1.793802233045604
CHEMBL244_Ki,unimol,mlp,crem_mean,42,trained,121,test,1608,1613,0.31581759025418277,0.32926829268292684,-0.020053774530127536,0.8780487804878049,1.1697510810246623,-1.0677881240844727,2.237539205109135,-2.237539205109135
CHEMBL244_Ki,unimol,mlp,crem_mean,42,trained,126,test,1776,2055,0.16778721489009701,0.14285714285714285,0.029085084038446524,1.0,1.5854607295085006,-0.718686580657959,2.3041473101664596,-2.3041473101664596
CHEMBL244_Ki,unimol,mlp,crem_mean,42,trained,130,test,1816,1841,0.16681501788111597,0.20588235294117646,-0.04919590340896506,1.0,1.373580662812593,-0.2785673141479492,1.6521479769605423,-1.6521479769605423
CHEMBL244_Ki,unimol,mlp,crem_mean,42,trained,141,test,2360,2396,0.5250504508758004,0.3150684931506849,0.30657365827866856,0.726027397260274,1.6283889300503116,0.8551077842712402,0.7732811457790714,-0.7732811457790714
CHEMBL244_Ki,unimol,mlp,crem_mean,42,trained,148,test,2116,2120,0.15993855606758833,0.18181818181818182,-0.026741764806280936,1.0,-2.0,-0.09423172473907471,1.9057682752609253,-1.9057682752609253
CHEMBL244_Ki,unimol,mlp,crem_mean,42,trained,149,test,2193,2201,0.6004499886078832,0.15492957746478872,0.5271991531859952,0.8028169014084507,-1.501595024102863,-1.1703524589538574,0.33124256514900563,-0.33124256514900563
CHEMBL244_Ki,unimol,mlp,crem_mean,42,trained,153,test,2149,2153,0.6040305203514773,0.5068493150684932,0.1970618884904956,0.8767123287671232,-2.5900951992983194,0.3786354064941406,2.96873060579246,-2.96873060579246
CHEMBL244_Ki,unimol,mlp,crem_mean,42,trained,155,test,2204,2205,0.19896694666903525,0.2112676056338028,-0.015595478330330302,0.9014084507042254,1.0239121574054106,0.7673135995864868,0.2565985578189238,-0.2565985578189238
CHEMBL244_Ki,unimol,mlp,crem_mean,42,trained,157,test,2209,2218,0.2685523767420319,0.22857142857142856,0.051827155035967305,1.0,-1.2662678894047694,-0.14319276809692383,1.1230751213078456,-1.1230751213078456
CHEMBL244_Ki,unimol,mlp,crem_mean,42,trained,159,test,2217,2223,0.3901321398124467,0.2702702702702703,0.16425515455779732,0.918918918918919,-1.2218487496163564,-0.2467740774154663,0.9750746722008901,-0.9750746722008901
CHEMBL244_Ki,unimol,mlp,crem_mean,42,trained,162,test,2257,2258,0.05953317597692106,0.05084745762711865,0.009151024689970397,0.7966101694915254,-2.6989700043360187,1.6102468967437744,4.309216901079793,-4.309216901079793
CHEMBL244_Ki,unimol,mlp,crem_mean,42,trained,163,test,2262,2265,0.45140020054844676,0.4117647058823529,0.06738034093235952,0.8823529411764706,-1.4771212547196626,-1.137855052947998,0.33926620177166456,-0.33926620177166456
CHEMBL244_Ki,unimol,mlp,crem_mean,42,trained,164,test,2288,2854,0.2637733948304679,0.2345679012345679,0.03815556421399841,1.0,-1.1890562362200492,-0.7090587615966797,0.4799974746233695,-0.4799974746233695
CHEMBL244_Ki,unimol,mlp,crem_mean,42,trained,168,test,2363,2398,0.2801225807922237,0.22857142857142856,0.0668255676936233,0.7142857142857143,1.786120180054919,0.2840052843093872,1.5021148957455317,-1.5021148957455317
CHEMBL244_Ki,unimol,mlp,crem_mean,42,trained,169,test,2372,2385,0.39914934581530315,0.2537313432835821,0.19486012339250622,0.7014925373134329,-1.4637572931616807,0.0044040679931640625,1.4681613611548447,-1.4681613611548447
CHEMBL244_Ki,unimol,mlp,crem_mean,42,trained,171,test,2438,2446,0.1159229931288755,0.14705882352941177,-0.036504077021318394,0.9264705882352942,1.5006023505691857,0.2461245059967041,1.2544778445724816,-1.2544778445724816
CHEMBL244_Ki,unimol,mlp,crem_mean,42,trained,172,test,2461,2462,0.0888865663322185,0.06779661016949153,0.02262377115637985,0.8983050847457628,1.3679767852945945,0.4290292263031006,0.938947558991494,-0.938947558991494
CHEMBL244_Ki,unimol,mlp,crem_mean,42,trained,173,test,2475,2476,0.047284878863826235,0.047619047619047616,-0.0003508771929824503,0.7619047619047619,-1.510545010206612,0.42272019386291504,1.933265204069527,-1.933265204069527
CHEMBL244_Ki,unimol,mlp,crem_mean,42,trained,175,test,2479,2499,0.47615062961147636,0.29508196721311475,0.2568648466581409,0.7049180327868853,1.0543576623225928,0.4231259822845459,0.6312316800380469,-0.6312316800380469
CHEMBL244_Ki,unimol,mlp,crem_mean,42,trained,182,test,2632,2633,0.35727086533538144,0.3225806451612903,0.051209372637944034,0.3064516129032258,-1.2218487496163566,0.06778395175933838,1.289632701375695,-1.289632701375695
CHEMBL244_Ki,unimol,mlp,crem_mean,42,trained,183,test,2639,2642,0.2544642857142857,0.21428571428571427,0.05113636363636363,0.5357142857142857,1.1249387366083,0.157037615776062,0.9679011208322379,-0.9679011208322379
CHEMBL244_Ki,unimol,mlp,crem_mean,42,trained,189,test,2710,2712,0.16281664180823843,0.1717171717171717,-0.010745761719321886,0.494949494949495,1.1807047638610455,0.6968894004821777,0.48381536337886777,-0.48381536337886777
CHEMBL244_Ki,unimol,mlp,crem_mean,42,trained,194,test,2836,2838,0.21052631578947367,0.05970149253731343,0.16040100250626563,1.0,-1.5454822249613125,-0.7052178382873535,0.840264386673959,-0.840264386673959
CHEMBL244_Ki,unimol,mlp,crem_mean,42,trained,200,test,3010,3013,0.3636834863321947,0.2127659574468085,0.19170605020576084,1.0,-1.5740312677277188,0.8099157810211182,2.383947048748837,-2.383947048748837
CHEMBL244_Ki,unimol,mlp,crem_mean,42,trained,202,test,3034,3036,0.226466523242839,0.1935483870967742,0.04081848882112037,0.5806451612903226,1.7861201800549193,0.15363407135009766,1.6324861087048217,-1.6324861087048217
CHEMBL244_Ki,unimol,mlp,crem_lime,42,trained,2,test,556,560,0.18988285725573859,0.13559322033898305,0.06280565839389365,0.6949152542372882,-1.6922366216770504,1.1395971775054932,2.8318337991825437,-2.8318337991825437
CHEMBL244_Ki,unimol,mlp,crem_lime,42,trained,3,test,13,78,0.25886534100819814,0.08333333333333333,0.19148946291803437,1.0,1.0910804693473326,2.0951223373413086,1.004041867993976,-1.004041867993976
CHEMBL244_Ki,unimol,mlp,crem_lime,42,trained,6,test,2271,2300,0.24342404387886202,0.2602739726027397,-0.02277860734894577,1.0,-1.463110540276848,0.5030145645141602,1.9661251047910082,-1.9661251047910082
CHEMBL244_Ki,unimol,mlp,crem_lime,42,trained,25,test,261,264,0.18396958153666426,0.26666666666666666,-0.11276875245000327,1.0,-1.6989700043360187,-0.7793880701065063,0.9195819342295124,-0.9195819342295124
CHEMBL244_Ki,unimol,mlp,crem_lime,42,trained,32,test,287,288,0.42827403319586504,0.4444444444444444,-0.029106740247442874,1.0,1.9999999999999996,1.5453848838806152,0.4546151161193843,-0.4546151161193843
CHEMBL244_Ki,unimol,mlp,crem_lime,42,trained,35,test,312,335,0.5248484848484849,0.05263157894736842,0.4984511784511785,1.0,1.4409090820652177,0.029754221439361572,1.4111548606258562,-1.4111548606258562
CHEMBL244_Ki,unimol,mlp,crem_lime,42,trained,36,test,314,333,0.5251697206660442,0.1791044776119403,0.4215703869931811,1.0,1.1549019599857433,-1.4773355722427368,2.63223753222848,-2.63223753222848
CHEMBL244_Ki,unimol,mlp,crem_lime,42,trained,37,test,322,326,0.26043792844782965,0.25,0.01391723793043953,1.0,-1.3767507096020994,0.5661511421203613,1.9429018517224608,-1.9429018517224608
CHEMBL244_Ki,unimol,mlp,crem_lime,42,trained,38,test,356,374,0.40406149198128205,0.13513513513513514,0.3109461001033573,1.0,1.1160933293803952,0.34451067447662354,0.7715826549037716,-0.7715826549037716
CHEMBL244_Ki,unimol,mlp,crem_lime,42,trained,50,test,495,508,0.20101668545421683,0.20634920634920634,-0.006718976327686778,1.0,2.0,1.1558669805526733,0.8441330194473267,-0.8441330194473267
CHEMBL244_Ki,unimol,mlp,crem_lime,42,trained,55,test,553,1094,0.062174080708563464,0.06349206349206349,-0.0014073375484830765,1.0,1.8758877041394824,0.850430965423584,1.0254567387158984,-1.0254567387158984
CHEMBL244_Ki,unimol,mlp,crem_lime,42,trained,67,test,642,950,0.7339400742519182,0.2631578947368421,0.6389186721990318,0.9298245614035088,1.6398485522173623,0.5366947650909424,1.1031537871264199,-1.1031537871264199
CHEMBL244_Ki,unimol,mlp,crem_lime,42,trained,68,test,645,729,0.27744832691326166,0.3142857142857143,-0.05372118991816008,0.9714285714285714,-1.2013971243204518,0.11308550834655762,1.3144826326670094,-1.3144826326670094
CHEMBL244_Ki,unimol,mlp,crem_lime,42,trained,73,test,781,794,0.16566963505200075,0.20833333333333334,-0.053890987302735914,0.9583333333333334,1.1171133990963442,0.23892927169799805,0.8781841273983462,-0.8781841273983462
CHEMBL244_Ki,unimol,mlp,crem_lime,42,trained,74,test,844,865,0.45526073631629005,0.24242424242424243,0.2809441719375029,1.0,-1.284278269569862,-0.8927128314971924,0.39156543807266964,-0.39156543807266964
CHEMBL244_Ki,unimol,mlp,crem_lime,42,trained,77,test,895,1437,0.04877147724276645,0.05405405405405406,-0.005584438343361181,1.0,1.153814864344529,-0.16921663284301758,1.3230314971875465,-1.3230314971875465
CHEMBL244_Ki,unimol,mlp,crem_lime,42,trained,87,test,1033,1246,0.24433134853955568,0.3793103448275862,-0.21746616068627136,1.0,1.0310342337399678,-0.2618424892425537,1.2928767229825215,-1.2928767229825215
CHEMBL244_Ki,unimol,mlp,crem_lime,42,trained,90,test,1128,1138,0.2938990302626666,0.1864406779661017,0.13208422469786105,1.0,-1.3367455479305157,-0.4088127613067627,0.927932786623753,-0.927932786623753
CHEMBL244_Ki,unimol,mlp,crem_lime,42,trained,92,test,1164,1188,0.05068092361829098,0.056338028169014086,-0.0059948421358409065,1.0,-1.8692317197309762,-0.17796051502227783,1.6912712047086984,-1.6912712047086984
CHEMBL244_Ki,unimol,mlp,crem_lime,42,trained,93,test,1207,1211,0.22559502080198057,0.26153846153846155,-0.04867340933065133,1.0,1.1333392786347307,-0.2174510955810547,1.3507903742157854,-1.3507903742157854
CHEMBL244_Ki,unimol,mlp,crem_lime,42,trained,95,test,1238,1243,0.16219970075979942,0.14285714285714285,0.022566317553099333,0.974025974025974,1.1760912590556813,0.7974746227264404,0.3786166363292409,-0.3786166363292409
CHEMBL244_Ki,unimol,mlp,crem_lime,42,trained,100,test,1289,2103,0.37115433943996984,0.4,-0.048076100933383645,1.0,-1.2678616324113265,0.29163289070129395,1.5594945231126205,-1.5594945231126205
CHEMBL244_Ki,unimol,mlp,crem_lime,42,trained,107,test,1363,1364,0.1662551491184709,0.22666666666666666,-0.0781183416571497,0.88,1.3222192947339193,-0.23232519626617432,1.5545444910000936,-1.5545444910000936
CHEMBL244_Ki,unimol,mlp,crem_lime,42,trained,108,test,1384,1395,0.6900352770700124,0.3037974683544304,0.554777943427836,0.8860759493670886,1.0720026614205014,-0.8176183700561523,1.8896210314766537,-1.8896210314766537
CHEMBL244_Ki,unimol,mlp,crem_lime,42,trained,114,test,1531,1535,0.45087073212073214,0.16666666666666666,0.3410448785448786,1.0,1.6690067809585758,0.09991371631622314,1.5690930646423527,-1.5690930646423527
CHEMBL244_Ki,unimol,mlp,crem_lime,42,trained,116,test,1557,1558,0.3948126927300138,0.3870967741935484,0.01258913024370673,1.0,1.0389180660303703,-0.6703362464904785,1.7092543125208488,-1.7092543125208488
CHEMBL244_Ki,unimol,mlp,crem_lime,42,trained,118,test,1999,2003,0.605892458005134,0.08860759493670886,0.5675764469778554,1.0,-1.3622996524029038,0.4315025806427002,1.793802233045604,-1.793802233045604
CHEMBL244_Ki,unimol,mlp,crem_lime,42,trained,121,test,1608,1613,0.43301544874050085,0.32926829268292684,0.15467757812220126,0.9634146341463414,1.1697510810246623,-1.0677881240844727,2.237539205109135,-2.237539205109135
CHEMBL244_Ki,unimol,mlp,crem_lime,42,trained,126,test,1776,2055,0.17142018731775321,0.14285714285714285,0.03332355187071209,1.0,1.5854607295085006,-0.718686580657959,2.3041473101664596,-2.3041473101664596
CHEMBL244_Ki,unimol,mlp,crem_lime,42,trained,130,test,1816,1841,0.12680922851097828,0.20588235294117646,-0.09957356409728658,1.0,1.373580662812593,-0.2785673141479492,1.6521479769605423,-1.6521479769605423
CHEMBL244_Ki,unimol,mlp,crem_lime,42,trained,141,test,2360,2396,0.6149888464083961,0.3150684931506849,0.43788371575625834,1.0,1.6283889300503116,0.8551077842712402,0.7732811457790714,-0.7732811457790714
CHEMBL244_Ki,unimol,mlp,crem_lime,42,trained,148,test,2116,2120,0.1850968342805394,0.18181818181818182,0.004007241898437055,1.0,-2.0,-0.09423172473907471,1.9057682752609253,-1.9057682752609253
CHEMBL244_Ki,unimol,mlp,crem_lime,42,trained,149,test,2193,2201,0.6476400367309458,0.15492957746478872,0.5830407101316192,1.0,-1.501595024102863,-1.1703524589538574,0.33124256514900563,-0.33124256514900563
CHEMBL244_Ki,unimol,mlp,crem_lime,42,trained,153,test,2149,2153,0.5243159374893047,0.5068493150684932,0.03541842879775674,1.0,-2.5900951992983194,0.3786354064941406,2.96873060579246,-2.96873060579246
CHEMBL244_Ki,unimol,mlp,crem_lime,42,trained,155,test,2204,2205,0.26332196527848706,0.2112676056338028,0.06599749169236752,1.0,1.0239121574054106,0.7673135995864868,0.2565985578189238,-0.2565985578189238
CHEMBL244_Ki,unimol,mlp,crem_lime,42,trained,157,test,2209,2218,0.22061030528625966,0.22857142857142856,-0.010319974628922651,1.0,-1.2662678894047694,-0.14319276809692383,1.1230751213078456,-1.1230751213078456
CHEMBL244_Ki,unimol,mlp,crem_lime,42,trained,159,test,2217,2223,0.17379287892002887,0.2702702702702703,-0.1322097585169975,1.0,-1.2218487496163564,-0.2467740774154663,0.9750746722008901,-0.9750746722008901
CHEMBL244_Ki,unimol,mlp,crem_lime,42,trained,162,test,2257,2258,0.045102492429536456,0.05084745762711865,-0.006052731190309808,1.0,-2.6989700043360187,1.6102468967437744,4.309216901079793,-4.309216901079793
CHEMBL244_Ki,unimol,mlp,crem_lime,42,trained,163,test,2262,2265,0.659535608068183,0.4117647058823529,0.42121053371591116,1.0,-1.4771212547196626,-1.137855052947998,0.33926620177166456,-0.33926620177166456
CHEMBL244_Ki,unimol,mlp,crem_lime,42,trained,164,test,2288,2854,0.3119942667358658,0.2345679012345679,0.1011538000904053,1.0,-1.1890562362200492,-0.7090587615966797,0.4799974746233695,-0.4799974746233695
CHEMBL244_Ki,unimol,mlp,crem_lime,42,trained,168,test,2363,2398,0.5338440148463368,0.22857142857142856,0.39572372294895514,1.0,1.786120180054919,0.2840052843093872,1.5021148957455317,-1.5021148957455317
CHEMBL244_Ki,unimol,mlp,crem_lime,42,trained,169,test,2372,2385,0.6952534927271539,0.2537313432835821,0.5916396802543862,1.0,-1.4637572931616807,0.0044040679931640625,1.4681613611548447,-1.4681613611548447
CHEMBL244_Ki,unimol,mlp,crem_lime,42,trained,171,test,2438,2446,0.12165550903168895,0.14705882352941177,-0.02978319630767503,1.0,1.5006023505691857,0.2461245059967041,1.2544778445724816,-1.2544778445724816
CHEMBL244_Ki,unimol,mlp,crem_lime,42,trained,172,test,2461,2462,0.06547949429540548,0.06779661016949153,-0.0024856333922013973,1.0,1.3679767852945945,0.4290292263031006,0.938947558991494,-0.938947558991494
CHEMBL244_Ki,unimol,mlp,crem_lime,42,trained,173,test,2475,2476,0.030355463445100473,0.047619047619047616,-0.0181267633826445,1.0,-1.510545010206612,0.42272019386291504,1.933265204069527,-1.933265204069527
CHEMBL244_Ki,unimol,mlp,crem_lime,42,trained,175,test,2479,2499,0.48405450414787743,0.29508196721311475,0.26807731983768657,1.0,1.0543576623225928,0.4231259822845459,0.6312316800380469,-0.6312316800380469
CHEMBL244_Ki,unimol,mlp,crem_lime,42,trained,182,test,2632,2633,0.6862815946818975,0.3225806451612903,0.5368918778637535,1.0,-1.2218487496163566,0.06778395175933838,1.289632701375695,-1.289632701375695
CHEMBL244_Ki,unimol,mlp,crem_lime,42,trained,183,test,2639,2642,0.2127376100990121,0.21428571428571427,-0.001970314419439133,0.7857142857142857,1.1249387366083,0.157037615776062,0.9679011208322379,-0.9679011208322379
CHEMBL244_Ki,unimol,mlp,crem_lime,42,trained,189,test,2710,2712,0.1479166143623476,0.1717171717171717,-0.02873481924545838,0.8585858585858586,1.1807047638610455,0.6968894004821777,0.48381536337886777,-0.48381536337886777
CHEMBL244_Ki,unimol,mlp,crem_lime,42,trained,194,test,2836,2838,0.04851083993525854,0.05970149253731343,-0.011901170227582188,1.0,-1.5454822249613125,-0.7052178382873535,0.840264386673959,-0.840264386673959
CHEMBL244_Ki,unimol,mlp,crem_lime,42,trained,200,test,3010,3013,0.31859745773354325,0.2127659574468085,0.13443460847233873,1.0,-1.5740312677277188,0.8099157810211182,2.383947048748837,-2.383947048748837
CHEMBL244_Ki,unimol,mlp,crem_lime,42,trained,202,test,3034,3036,0.14856964760690528,0.1935483870967742,-0.05577363696743746,0.967741935483871,1.7861201800549193,0.15363407135009766,1.6324861087048217,-1.6324861087048217
CHEMBL244_Ki,unimol,mlp,crem_mean,42,label_permuted,2,test,556,560,0.11960990786270267,0.13559322033898305,-0.018490498747069452,1.0,-1.6922366216770504,-0.07500874996185303,1.6172278717151973,-1.6172278717151973
CHEMBL244_Ki,unimol,mlp,crem_mean,42,label_permuted,3,test,13,78,0.1088000257655925,0.08333333333333333,0.027781846289737278,0.5476190476190477,1.0910804693473326,-0.3138080835342407,1.4048885528815733,-1.4048885528815733
CHEMBL244_Ki,unimol,mlp,crem_mean,42,label_permuted,6,test,2271,2300,0.500026125122329,0.2602739726027397,0.3241093913690744,1.0,-1.463110540276848,-0.35317468643188477,1.1099358538449633,-1.1099358538449633
CHEMBL244_Ki,unimol,mlp,crem_mean,42,label_permuted,25,test,261,264,0.259375,0.26666666666666666,-0.009943181818181782,0.25,-1.6989700043360187,-0.07668447494506836,1.6222855293909504,-1.6222855293909504
CHEMBL244_Ki,unimol,mlp,crem_mean,42,label_permuted,32,test,287,288,0.43888888888888883,0.4444444444444444,-0.010000000000000064,0.24444444444444444,1.9999999999999996,0.11484789848327637,1.8851521015167232,-1.8851521015167232
CHEMBL244_Ki,unimol,mlp,crem_mean,42,label_permuted,35,test,312,335,0.061807975428258444,0.05263157894736842,0.009686196285383915,0.9342105263157895,1.4409090820652177,0.0285336971282959,1.4123753849369218,-1.4123753849369218
CHEMBL244_Ki,unimol,mlp,crem_mean,42,label_permuted,36,test,314,333,0.13986004437617341,0.1791044776119403,-0.04780685503266146,0.9253731343283582,1.1549019599857433,0.01717233657836914,1.1377296234073742,-1.1377296234073742
CHEMBL244_Ki,unimol,mlp,crem_mean,42,label_permuted,37,test,322,326,0.26147510143240693,0.25,0.015300135243209242,0.775,-1.3767507096020994,-0.20543956756591797,1.1713111420361815,-1.1713111420361815
CHEMBL244_Ki,unimol,mlp,crem_mean,42,label_permuted,38,test,356,374,0.31382911416127557,0.13513513513513514,0.20661491324897485,0.9459459459459459,1.1160933293803952,0.6801871061325073,0.43590622324788786,-0.43590622324788786
CHEMBL244_Ki,unimol,mlp,crem_mean,42,label_permuted,50,test,495,508,0.3286547190276321,0.20634920634920634,0.15410494597481644,0.7142857142857143,2.0,0.1931236982345581,1.806876301765442,-1.806876301765442
CHEMBL244_Ki,unimol,mlp,crem_mean,42,label_permuted,55,test,553,1094,0.07837301587301587,0.06349206349206349,0.01588983050847458,1.0,1.8758877041394824,0.07055294513702393,1.8053347590024584,-1.8053347590024584
CHEMBL244_Ki,unimol,mlp,crem_mean,42,label_permuted,67,test,642,950,0.7090559732664996,0.2631578947368421,0.6051473922902494,0.43859649122807015,1.6398485522173623,0.18429064750671387,1.4555579047106484,-1.4555579047106484
CHEMBL244_Ki,unimol,mlp,crem_mean,42,label_permuted,68,test,645,729,0.3341991951195441,0.3142857142857143,0.02904049288266849,0.45714285714285713,-1.2013971243204518,0.47269392013549805,1.6740910444559498,-1.6740910444559498
CHEMBL244_Ki,unimol,mlp,crem_mean,42,label_permuted,73,test,781,794,0.32529072681704263,0.20833333333333334,0.1477356549267907,0.625,1.1171133990963442,-0.058232784271240234,1.1753461833675845,-1.1753461833675845
CHEMBL244_Ki,unimol,mlp,crem_mean,42,label_permuted,74,test,844,865,0.4612573099415205,0.24242424242424243,0.28885964912280704,1.0,-1.284278269569862,-0.26297008991241455,1.0213081796574475,-1.0213081796574475
CHEMBL244_Ki,unimol,mlp,crem_mean,42,label_permuted,77,test,895,1437,0.42003367003367,0.05405405405405406,0.38689273689273684,1.0,1.153814864344529,-0.02997124195098877,1.1837861062955177,-1.1837861062955177
CHEMBL244_Ki,unimol,mlp,crem_mean,42,label_permuted,87,test,1033,1246,0.5128509034660825,0.3793103448275862,0.21514867780646632,1.0,1.0310342337399678,0.18787932395935059,0.8431549097806172,-0.8431549097806172
CHEMBL244_Ki,unimol,mlp,crem_mean,42,label_permuted,90,test,1128,1138,0.574724517906336,0.1864406779661017,0.47726555325987136,0.4915254237288136,-1.3367455479305157,-0.18281996250152588,1.1539255854289898,-1.1539255854289898
CHEMBL244_Ki,unimol,mlp,crem_mean,42,label_permuted,92,test,1164,1188,0.05312308634415187,0.056338028169014086,-0.0034068786502271277,0.9154929577464789,-1.8692317197309762,0.10981011390686035,1.9790418336378366,-1.9790418336378366
CHEMBL244_Ki,unimol,mlp,crem_mean,42,label_permuted,93,test,1207,1211,0.22265171030566774,0.26153846153846155,-0.05265914229440828,0.9692307692307692,1.1333392786347307,0.07723820209503174,1.056101076539699,-1.056101076539699
CHEMBL244_Ki,unimol,mlp,crem_mean,42,label_permuted,95,test,1238,1243,0.18352487848286167,0.14285714285714285,0.04744569156333862,0.7402597402597403,1.1760912590556813,0.5733206272125244,0.6027706318431569,-0.6027706318431569
CHEMBL244_Ki,unimol,mlp,crem_mean,42,label_permuted,100,test,1289,2103,0.6618831152189473,0.4,0.43647185869824545,0.6714285714285714,-1.2678616324113265,-0.27188587188720703,0.9959757605241195,-0.9959757605241195
CHEMBL244_Ki,unimol,mlp,crem_mean,42,label_permuted,107,test,1363,1364,0.21501400560224088,0.22666666666666666,-0.015068096203998852,0.76,1.3222192947339193,-0.2276097536087036,1.549829048342623,-1.549829048342623
CHEMBL244_Ki,unimol,mlp,crem_mean,42,label_permuted,108,test,1384,1395,0.5350630568182709,0.3037974683544304,0.33218148161169825,0.5443037974683544,1.0720026614205014,-0.11709475517272949,1.1890974165932309,-1.1890974165932309
CHEMBL244_Ki,unimol,mlp,crem_mean,42,label_permuted,114,test,1531,1535,0.20833333333333331,0.16666666666666666,0.04999999999999999,0.22916666666666666,1.6690067809585758,0.05268979072570801,1.6163169902328678,-1.6163169902328678
CHEMBL244_Ki,unimol,mlp,crem_mean,42,label_permuted,116,test,1557,1558,0.3857119582926034,0.3870967741935484,-0.002259436469962844,0.45161290322580644,1.0389180660303703,-0.37881648540496826,1.4177345514353386,-1.4177345514353386
CHEMBL244_Ki,unimol,mlp,crem_mean,42,label_permuted,118,test,1999,2003,0.15644785562459496,0.08860759493670886,0.07443584158809724,0.7468354430379747,-1.3622996524029038,-0.13268494606018066,1.2296147063427232,-1.2296147063427232
CHEMBL244_Ki,unimol,mlp,crem_mean,42,label_permuted,121,test,1608,1613,0.5549209153463821,0.32926829268292684,0.33642754651642426,0.8780487804878049,1.1697510810246623,-0.4079248905181885,1.5776759715428508,-1.5776759715428508
CHEMBL244_Ki,unimol,mlp,crem_mean,42,label_permuted,126,test,1776,2055,0.1770683020683021,0.14285714285714285,0.03991301907968579,1.0,1.5854607295085006,0.0945737361907959,1.4908869933177047,-1.4908869933177047
CHEMBL244_Ki,unimol,mlp,crem_mean,42,label_permuted,130,test,1816,1841,0.30335052499260573,0.20588235294117646,0.12273769813883685,1.0,1.373580662812593,0.0691521167755127,1.3044285460370804,-1.3044285460370804
CHEMBL244_Ki,unimol,mlp,crem_mean,42,label_permuted,141,test,2360,2396,0.39976430636219884,0.3150684931506849,0.12365588728881031,0.726027397260274,1.6283889300503116,0.20093941688537598,1.4274495131649356,-1.4274495131649356
CHEMBL244_Ki,unimol,mlp,crem_mean,42,label_permuted,148,test,2116,2120,0.23060185185185184,0.18181818181818182,0.0596244855967078,1.0,-2.0,-0.28555750846862793,1.714442491531372,-1.714442491531372
CHEMBL244_Ki,unimol,mlp,crem_mean,42,label_permuted,149,test,2193,2201,0.16339706380860197,0.15492957746478872,0.010019858840179014,0.8028169014084507,-1.501595024102863,-0.07633233070373535,1.4252626933991277,-1.4252626933991277
CHEMBL244_Ki,unimol,mlp,crem_mean,42,label_permuted,153,test,2149,2153,0.508124707192871,0.5068493150684932,0.0025862118077660382,0.8767123287671232,-2.5900951992983194,-0.12598156929016113,2.4641136300081583,-2.4641136300081583
CHEMBL244_Ki,unimol,mlp,crem_mean,42,label_permuted,155,test,2204,2205,0.2220687195333519,0.2112676056338028,0.013694269408356862,0.9014084507042254,1.0239121574054106,-0.08476901054382324,1.1086811679492339,-1.1086811679492339
CHEMBL244_Ki,unimol,mlp,crem_mean,42,label_permuted,157,test,2209,2218,0.543153013261709,0.22857142857142856,0.4077909431170301,1.0,-1.2662678894047694,-0.1315937042236328,1.1346741851811366,-1.1346741851811366
CHEMBL244_Ki,unimol,mlp,crem_mean,42,label_permuted,159,test,2217,2223,0.30308548411996683,0.2702702702702703,0.044968996756991564,0.918918918918919,-1.2218487496163564,-0.15695786476135254,1.0648908848550038,-1.0648908848550038
CHEMBL244_Ki,unimol,mlp,crem_mean,42,label_permuted,162,test,2257,2258,0.08040935672514621,0.05084745762711865,0.031145572263993324,0.7966101694915254,-2.6989700043360187,0.16011381149291992,2.8590838158289387,-2.8590838158289387
CHEMBL244_Ki,unimol,mlp,crem_mean,42,label_permuted,163,test,2262,2265,0.4223062470139316,0.4117647058823529,0.017920619923683757,0.8823529411764706,-1.4771212547196626,-0.2432323694229126,1.23388888529675,-1.23388888529675
CHEMBL244_Ki,unimol,mlp,crem_mean,42,label_permuted,164,test,2288,2854,0.24739993281154932,0.2345679012345679,0.01676442835057251,1.0,-1.1890562362200492,0.4875051975250244,1.6765614337450736,-1.6765614337450736
CHEMBL244_Ki,unimol,mlp,crem_mean,42,label_permuted,168,test,2363,2398,0.609311424389659,0.22857142857142856,0.4935518464310395,0.7142857142857143,1.786120180054919,0.07520341873168945,1.7109167613232295,-1.7109167613232295
CHEMBL244_Ki,unimol,mlp,crem_mean,42,label_permuted,169,test,2372,2385,0.3099536667182713,0.2537313432835821,0.07533791340248353,0.7014925373134329,-1.4637572931616807,0.18212437629699707,1.6458816694586778,-1.6458816694586778
CHEMBL244_Ki,unimol,mlp,crem_mean,42,label_permuted,171,test,2438,2446,0.13368937048503612,0.14705882352941177,-0.015674531155474895,0.9264705882352942,1.5006023505691857,-0.27375948429107666,1.7743618348602623,-1.7743618348602623
CHEMBL244_Ki,unimol,mlp,crem_mean,42,label_permuted,172,test,2461,2462,0.08791550446817205,0.06779661016949153,0.021582086611311835,0.8983050847457628,1.3679767852945945,0.08409786224365234,1.2838789230509422,-1.2838789230509422
CHEMBL244_Ki,unimol,mlp,crem_mean,42,label_permuted,173,test,2475,2476,0.18377976190476192,0.047619047619047616,0.14296875000000003,0.7619047619047619,-1.510545010206612,-0.08430206775665283,1.4262429424499592,-1.4262429424499592
CHEMBL244_Ki,unimol,mlp,crem_mean,42,label_permuted,175,test,2479,2499,0.3332930042166102,0.29508196721311475,0.05420635481891212,0.7049180327868853,1.0543576623225928,-0.23603427410125732,1.29039193642385,-1.29039193642385
CHEMBL244_Ki,unimol,mlp,crem_mean,42,label_permuted,182,test,2632,2633,0.3019241652518393,0.3225806451612903,-0.030492898913951502,0.3064516129032258,-1.2218487496163566,-0.22759437561035156,0.994254374006005,-0.994254374006005
CHEMBL244_Ki,unimol,mlp,crem_mean,42,label_permuted,183,test,2639,2642,0.26785714285714285,0.21428571428571427,0.06818181818181819,0.5357142857142857,1.1249387366083,0.0913839340209961,1.0335548025873038,-1.0335548025873038
CHEMBL244_Ki,unimol,mlp,crem_mean,42,label_permuted,189,test,2710,2712,0.16284165181224003,0.1717171717171717,-0.010715566714490692,0.494949494949495,1.1807047638610455,0.2883739471435547,0.8923308167174908,-0.8923308167174908
CHEMBL244_Ki,unimol,mlp,crem_mean,42,label_permuted,194,test,2836,2838,0.5,0.05970149253731343,0.4682539682539682,1.0,-1.5454822249613125,-0.2612341642379761,1.2842480607233364,-1.2842480607233364
CHEMBL244_Ki,unimol,mlp,crem_mean,42,label_permuted,200,test,3010,3013,0.16340048119273645,0.2127659574468085,-0.06270749686328073,1.0,-1.5740312677277188,0.043936967849731445,1.6179682355774503,-1.6179682355774503
CHEMBL244_Ki,unimol,mlp,crem_mean,42,label_permuted,202,test,3034,3036,0.30115633957545723,0.1935483870967742,0.13343386107356697,0.5806451612903226,1.7861201800549193,-0.41303205490112305,2.1991522349560424,-2.1991522349560424
CHEMBL244_Ki,unimol,mlp,crem_lime,42,label_permuted,2,test,556,560,0.10809648665888415,0.13559322033898305,-0.031809946806388927,0.6949152542372882,-1.6922366216770504,-0.07500874996185303,1.6172278717151973,-1.6172278717151973
CHEMBL244_Ki,unimol,mlp,crem_lime,42,label_permuted,3,test,13,78,0.10668776003221558,0.08333333333333333,0.025477556398780642,1.0,1.0910804693473326,-0.3138080835342407,1.4048885528815733,-1.4048885528815733
CHEMBL244_Ki,unimol,mlp,crem_lime,42,label_permuted,6,test,2271,2300,0.49047211980521277,0.2602739726027397,0.3111937915885284,1.0,-1.463110540276848,-0.35317468643188477,1.1099358538449633,-1.1099358538449633
CHEMBL244_Ki,unimol,mlp,crem_lime,42,label_permuted,25,test,261,264,0.43286646862077893,0.26666666666666666,0.22663609357378944,1.0,-1.6989700043360187,-0.07668447494506836,1.6222855293909504,-1.6222855293909504
CHEMBL244_Ki,unimol,mlp,crem_lime,42,label_permuted,32,test,287,288,0.4164325911041789,0.4444444444444444,-0.05042133601247792,1.0,1.9999999999999996,0.11484789848327637,1.8851521015167232,-1.8851521015167232
CHEMBL244_Ki,unimol,mlp,crem_lime,42,label_permuted,35,test,312,335,0.09096398770311814,0.05263157894736842,0.04046198701995804,1.0,1.4409090820652177,0.0285336971282959,1.4123753849369218,-1.4123753849369218
CHEMBL244_Ki,unimol,mlp,crem_lime,42,label_permuted,36,test,314,333,0.1547694134592089,0.1791044776119403,-0.029644532695145522,1.0,1.1549019599857433,0.01717233657836914,1.1377296234073742,-1.1377296234073742
CHEMBL244_Ki,unimol,mlp,crem_lime,42,label_permuted,37,test,322,326,0.2499514783457553,0.25,-6.469553899294637e-05,1.0,-1.3767507096020994,-0.20543956756591797,1.1713111420361815,-1.1713111420361815
CHEMBL244_Ki,unimol,mlp,crem_lime,42,label_permuted,38,test,356,374,0.9288888888888889,0.13513513513513514,0.9177777777777778,1.0,1.1160933293803952,0.6801871061325073,0.43590622324788786,-0.43590622324788786
CHEMBL244_Ki,unimol,mlp,crem_lime,42,label_permuted,50,test,495,508,0.16276511563510346,0.20634920634920634,-0.05491595429976962,1.0,2.0,0.1931236982345581,1.806876301765442,-1.806876301765442
CHEMBL244_Ki,unimol,mlp,crem_lime,42,label_permuted,55,test,553,1094,0.06405677655677655,0.06349206349206349,0.000602998696219033,1.0,1.8758877041394824,0.07055294513702393,1.8053347590024584,-1.8053347590024584
CHEMBL244_Ki,unimol,mlp,crem_lime,42,label_permuted,67,test,642,950,0.7590182473283964,0.2631578947368421,0.6729533356599665,0.9298245614035088,1.6398485522173623,0.18429064750671387,1.4555579047106484,-1.4555579047106484
CHEMBL244_Ki,unimol,mlp,crem_lime,42,label_permuted,68,test,645,729,0.6895044389197769,0.3142857142857143,0.5471939734246746,0.9714285714285714,-1.2013971243204518,0.47269392013549805,1.6740910444559498,-1.6740910444559498
CHEMBL244_Ki,unimol,mlp,crem_lime,42,label_permuted,73,test,781,794,0.15918662727669158,0.20833333333333334,-0.06208004975575802,0.9583333333333334,1.1171133990963442,-0.058232784271240234,1.1753461833675845,-1.1753461833675845
CHEMBL244_Ki,unimol,mlp,crem_lime,42,label_permuted,74,test,844,865,0.6514271432070345,0.24242424242424243,0.5398838290332856,1.0,-1.284278269569862,-0.26297008991241455,1.0213081796574475,-1.0213081796574475
CHEMBL244_Ki,unimol,mlp,crem_lime,42,label_permuted,77,test,895,1437,0.1966540404040404,0.05405405405405406,0.15074855699855697,1.0,1.153814864344529,-0.02997124195098877,1.1837861062955177,-1.1837861062955177
CHEMBL244_Ki,unimol,mlp,crem_lime,42,label_permuted,87,test,1033,1246,0.4651680778653899,0.3793103448275862,0.13832634767201707,1.0,1.0310342337399678,0.18787932395935059,0.8431549097806172,-0.8431549097806172
CHEMBL244_Ki,unimol,mlp,crem_lime,42,label_permuted,90,test,1128,1138,0.64154453531949,0.1864406779661017,0.5593984913302064,1.0,-1.3367455479305157,-0.18281996250152588,1.1539255854289898,-1.1539255854289898
CHEMBL244_Ki,unimol,mlp,crem_lime,42,label_permuted,92,test,1164,1188,0.037354865910438476,0.056338028169014086,-0.020116485378490572,1.0,-1.8692317197309762,0.10981011390686035,1.9790418336378366,-1.9790418336378366
CHEMBL244_Ki,unimol,mlp,crem_lime,42,label_permuted,93,test,1207,1211,0.19830093511776545,0.26153846153846155,-0.08563415036135931,1.0,1.1333392786347307,0.07723820209503174,1.056101076539699,-1.056101076539699
CHEMBL244_Ki,unimol,mlp,crem_lime,42,label_permuted,95,test,1238,1243,0.11882738604211673,0.14285714285714285,-0.028034716284197132,0.974025974025974,1.1760912590556813,0.5733206272125244,0.6027706318431569,-0.6027706318431569
CHEMBL244_Ki,unimol,mlp,crem_lime,42,label_permuted,100,test,1289,2103,0.35569772404812805,0.4,-0.07383712658645329,1.0,-1.2678616324113265,-0.27188587188720703,0.9959757605241195,-0.9959757605241195
CHEMBL244_Ki,unimol,mlp,crem_lime,42,label_permuted,107,test,1363,1364,0.16397355780830664,0.22666666666666666,-0.08106867524787933,0.88,1.3222192947339193,-0.2276097536087036,1.549829048342623,-1.549829048342623
CHEMBL244_Ki,unimol,mlp,crem_lime,42,label_permuted,108,test,1384,1395,0.3803423914439761,0.3037974683544304,0.10994634407407473,0.8860759493670886,1.0720026614205014,-0.11709475517272949,1.1890974165932309,-1.1890974165932309
CHEMBL244_Ki,unimol,mlp,crem_lime,42,label_permuted,114,test,1531,1535,0.5120039682539682,0.16666666666666666,0.4144047619047619,1.0,1.6690067809585758,0.05268979072570801,1.6163169902328678,-1.6163169902328678
CHEMBL244_Ki,unimol,mlp,crem_lime,42,label_permuted,116,test,1557,1558,0.6235219338461675,0.3870967741935484,0.3857463131174312,1.0,1.0389180660303703,-0.37881648540496826,1.4177345514353386,-1.4177345514353386
CHEMBL244_Ki,unimol,mlp,crem_lime,42,label_permuted,118,test,1999,2003,0.6590136054421767,0.08860759493670886,0.6258621504157217,1.0,-1.3622996524029038,-0.13268494606018066,1.2296147063427232,-1.2296147063427232
CHEMBL244_Ki,unimol,mlp,crem_lime,42,label_permuted,121,test,1608,1613,0.5110030972530086,0.32926829268292684,0.27095007226812196,0.9634146341463414,1.1697510810246623,-0.4079248905181885,1.5776759715428508,-1.5776759715428508
CHEMBL244_Ki,unimol,mlp,crem_lime,42,label_permuted,126,test,1776,2055,0.19563662923037922,0.14285714285714285,0.06157606743544243,1.0,1.5854607295085006,0.0945737361907959,1.4908869933177047,-1.4908869933177047
CHEMBL244_Ki,unimol,mlp,crem_lime,42,label_permuted,130,test,1816,1841,0.1255152553093408,0.20588235294117646,-0.10120301183268195,1.0,1.373580662812593,0.0691521167755127,1.3044285460370804,-1.3044285460370804
CHEMBL244_Ki,unimol,mlp,crem_lime,42,label_permuted,141,test,2360,2396,0.2780185092974768,0.3150684931506849,-0.05409297642568386,1.0,1.6283889300503116,0.20093941688537598,1.4274495131649356,-1.4274495131649356
CHEMBL244_Ki,unimol,mlp,crem_lime,42,label_permuted,148,test,2116,2120,0.4297875816993464,0.18181818181818182,0.3030737109658678,1.0,-2.0,-0.28555750846862793,1.714442491531372,-1.714442491531372
CHEMBL244_Ki,unimol,mlp,crem_lime,42,label_permuted,149,test,2193,2201,0.17327802131208353,0.15492957746478872,0.021712325219298858,1.0,-1.501595024102863,-0.07633233070373535,1.4252626933991277,-1.4252626933991277
CHEMBL244_Ki,unimol,mlp,crem_lime,42,label_permuted,153,test,2149,2153,0.4863132639388004,0.5068493150684932,-0.041642548124099205,1.0,-2.5900951992983194,-0.12598156929016113,2.4641136300081583,-2.4641136300081583
CHEMBL244_Ki,unimol,mlp,crem_lime,42,label_permuted,155,test,2204,2205,0.525208718241874,0.2112676056338028,0.39803248205666164,1.0,1.0239121574054106,-0.08476901054382324,1.1086811679492339,-1.1086811679492339
CHEMBL244_Ki,unimol,mlp,crem_lime,42,label_permuted,157,test,2209,2218,0.23244006130365258,0.22857142857142856,0.005014894282512611,1.0,-1.2662678894047694,-0.1315937042236328,1.1346741851811366,-1.1346741851811366
CHEMBL244_Ki,unimol,mlp,crem_lime,42,label_permuted,159,test,2217,2223,0.1701020158905655,0.2702702702702703,-0.1372676078536695,1.0,-1.2218487496163564,-0.15695786476135254,1.0648908848550038,-1.0648908848550038
CHEMBL244_Ki,unimol,mlp,crem_lime,42,label_permuted,162,test,2257,2258,0.041085271317829464,0.05084745762711865,-0.010285160575858246,1.0,-2.6989700043360187,0.16011381149291992,2.8590838158289387,-2.8590838158289387
CHEMBL244_Ki,unimol,mlp,crem_lime,42,label_permuted,163,test,2262,2265,0.3984597179685138,0.4117647058823529,-0.02261847945352648,1.0,-1.4771212547196626,-0.2432323694229126,1.23388888529675,-1.23388888529675
CHEMBL244_Ki,unimol,mlp,crem_lime,42,label_permuted,164,test,2288,2854,0.15110052846858293,0.2345679012345679,-0.10904608377491581,1.0,-1.1890562362200492,0.4875051975250244,1.6765614337450736,-1.6765614337450736
CHEMBL244_Ki,unimol,mlp,crem_lime,42,label_permuted,168,test,2363,2398,0.7863762589403007,0.22857142857142856,0.7230803356633528,1.0,1.786120180054919,0.07520341873168945,1.7109167613232295,-1.7109167613232295
CHEMBL244_Ki,unimol,mlp,crem_lime,42,label_permuted,169,test,2372,2385,0.3549251201597186,0.2537313432835821,0.13559966101402293,1.0,-1.4637572931616807,0.18212437629699707,1.6458816694586778,-1.6458816694586778
CHEMBL244_Ki,unimol,mlp,crem_lime,42,label_permuted,171,test,2438,2446,0.19815370318882172,0.14705882352941177,0.05990434166965305,1.0,1.5006023505691857,-0.27375948429107666,1.7743618348602623,-1.7743618348602623
CHEMBL244_Ki,unimol,mlp,crem_lime,42,label_permuted,172,test,2461,2462,0.08315295815295815,0.06779661016949153,0.016473173291355104,1.0,1.3679767852945945,0.08409786224365234,1.2838789230509422,-1.2838789230509422
CHEMBL244_Ki,unimol,mlp,crem_lime,42,label_permuted,173,test,2475,2476,0.7611111111111111,0.047619047619047616,0.7491666666666666,1.0,-1.510545010206612,-0.08430206775665283,1.4262429424499592,-1.4262429424499592
CHEMBL244_Ki,unimol,mlp,crem_lime,42,label_permuted,175,test,2479,2499,0.31007463682499553,0.29508196721311475,0.021268670844761108,1.0,1.0543576623225928,-0.23603427410125732,1.29039193642385,-1.29039193642385
CHEMBL244_Ki,unimol,mlp,crem_lime,42,label_permuted,182,test,2632,2633,0.6829369744942783,0.3225806451612903,0.5319545813963155,1.0,-1.2218487496163566,-0.22759437561035156,0.994254374006005,-0.994254374006005
CHEMBL244_Ki,unimol,mlp,crem_lime,42,label_permuted,183,test,2639,2642,0.48888781783518626,0.21428571428571427,0.34949358633569166,0.7857142857142857,1.1249387366083,0.0913839340209961,1.0335548025873038,-1.0335548025873038
CHEMBL244_Ki,unimol,mlp,crem_lime,42,label_permuted,189,test,2710,2712,0.13753076988371105,0.1717171717171717,-0.04127382660381227,0.8585858585858586,1.1807047638610455,0.2883739471435547,0.8923308167174908,-0.8923308167174908
CHEMBL244_Ki,unimol,mlp,crem_lime,42,label_permuted,194,test,2836,2838,0.07387566137566137,0.05970149253731343,0.015074116066179555,1.0,-1.5454822249613125,-0.2612341642379761,1.2842480607233364,-1.2842480607233364
CHEMBL244_Ki,unimol,mlp,crem_lime,42,label_permuted,200,test,3010,3013,0.2425279389894373,0.2127659574468085,0.037805760337933876,1.0,-1.5740312677277188,0.043936967849731445,1.6179682355774503,-1.6179682355774503
CHEMBL244_Ki,unimol,mlp,crem_lime,42,label_permuted,202,test,3034,3036,0.8847756410256409,0.1935483870967742,0.8571217948717946,0.967741935483871,1.7861201800549193,-0.41303205490112305,2.1991522349560424,-2.1991522349560424
