dataset,pair_index,left_index,right_index,component_id,component_split,is_sentinel,potency_difference,mcs_atoms,match,rationale_left,rationale_right,rationale_valid,rationale_failure_reason
CHEMBL1862_Ki,12,53,164,2,calibration,True,2.089905111439397,26.0,"[[0, 0], [1, 1], [2, 2], [3, 3], [4, 4], [5, 5], [6, 6], [7, 7], [8, 8], [9, 9], [10, 10], [11, 11], [12, 12], [13, 13], [14, 14], [15, 15], [16, 16], [17, 17], [18, 18], [20, 19], [21, 24], [22, 23], [23, 22], [24, 21], [25, 20], [26, 25]]","[17, 18, 19, 20]",[],True,
CHEMBL1862_Ki,30,60,126,3,test,True,1.960232873128512,28.0,"[[0, 0], [1, 1], [2, 2], [3, 3], [4, 4], [5, 5], [7, 6], [8, 7], [9, 8], [10, 9], [11, 10], [12, 11], [13, 12], [14, 14], [15, 15], [16, 16], [17, 17], [18, 18], [19, 19], [20, 20], [21, 21], [22, 26], [23, 25], [24, 24], [25, 23], [26, 22], [27, 27], [28, 28]]","[4, 5, 6, 7, 8]","[4, 5, 6, 7, 11, 12, 13]",True,
CHEMBL1862_Ki,40,101,102,6,calibration,True,1.192079364439811,20.0,"[[1, 2], [2, 21], [3, 20], [4, 5], [5, 6], [6, 7], [7, 8], [8, 9], [9, 10], [10, 11], [11, 12], [12, 13], [13, 14], [14, 15], [15, 16], [16, 17], [17, 18], [18, 19], [19, 4], [20, 3]]","[0, 1, 2, 20]","[0, 1, 2, 3, 21]",True,
CHEMBL1862_Ki,42,109,114,8,test,True,1.1024864785694142,20.0,"[[0, 0], [1, 1], [2, 2], [3, 3], [4, 4], [5, 5], [6, 6], [7, 8], [8, 14], [9, 13], [10, 11], [11, 12], [12, 10], [13, 9], [14, 15], [15, 16], [16, 17], [17, 18], [18, 19], [19, 20]]","[5, 6, 7, 8, 13, 14]","[5, 6, 7, 8, 9, 14, 15]",True,
CHEMBL1862_Ki,44,115,163,9,test,True,1.4273237863572463,26.0,"[[1, 0], [2, 1], [3, 2], [4, 3], [5, 4], [6, 5], [7, 6], [8, 7], [9, 8], [10, 9], [11, 10], [13, 12], [14, 13], [15, 14], [16, 15], [17, 16], [18, 17], [19, 18], [21, 20], [22, 25], [23, 24], [24, 23], [25, 22], [26, 21], [27, 26], [28, 27]]","[0, 1, 2, 10, 11, 12, 13, 18, 19, 20, 21]","[9, 10, 11, 12, 17, 18, 19, 20]",True,
CHEMBL1862_Ki,52,135,144,10,test,True,3.4771212547196644,27.0,"[[0, 0], [1, 1], [2, 2], [3, 3], [4, 4], [5, 5], [6, 6], [7, 8], [8, 9], [9, 10], [10, 11], [11, 12], [12, 13], [13, 14], [14, 15], [15, 16], [16, 17], [17, 18], [19, 21], [20, 20], [21, 19], [22, 25], [23, 23], [24, 24], [25, 22], [26, 26], [27, 27]]","[16, 17, 18, 19, 20, 25]","[5, 6, 7, 8, 17, 18, 19, 20, 25]",True,
CHEMBL1862_Ki,56,139,143,11,calibration,True,2.544068044350277,29.0,"[[0, 0], [1, 1], [2, 2], [3, 3], [4, 4], [5, 5], [6, 6], [8, 7], [9, 8], [10, 9], [11, 10], [12, 11], [13, 12], [14, 13], [15, 14], [16, 20], [17, 21], [18, 19], [19, 18], [20, 17], [21, 15], [22, 16], [23, 22], [24, 23], [25, 24], [26, 25], [27, 26], [28, 27], [29, 28]]","[5, 6, 7, 8, 9, 29]","[5, 6, 7, 8, 28]",True,
CHEMBL1862_Ki,57,141,145,12,calibration,True,3.0000000000000018,32.0,"[[0, 0], [1, 1], [2, 2], [3, 3], [4, 4], [5, 5], [6, 6], [7, 7], [8, 8], [9, 9], [10, 10], [11, 11], [12, 12], [13, 13], [14, 14], [15, 15], [16, 16], [17, 17], [18, 18], [20, 21], [21, 20], [22, 19], [23, 29], [24, 23], [25, 24], [26, 25], [27, 26], [28, 27], [29, 28], [30, 22], [31, 30], [32, 31]]","[17, 18, 19, 20, 21, 30]","[17, 18, 19, 20, 29]",True,
CHEMBL1862_Ki,150,431,477,19,test,True,3.3979400086720397,23.0,"[[0, 0], [1, 1], [2, 2], [3, 3], [4, 4], [6, 6], [7, 7], [8, 8], [9, 9], [10, 10], [11, 11], [12, 12], [13, 13], [14, 14], [15, 15], [16, 16], [17, 17], [19, 18], [20, 19], [21, 20], [22, 21], [23, 22], [24, 23]]","[3, 4, 5, 6, 15, 17, 18, 19, 20]","[3, 4, 5, 6]",True,
CHEMBL1862_Ki,265,454,455,21,calibration,True,1.0894004112293103,22.0,"[[0, 0], [1, 1], [2, 2], [3, 3], [4, 4], [5, 5], [6, 6], [7, 7], [8, 8], [9, 9], [10, 10], [11, 11], [12, 12], [13, 13], [14, 14], [15, 15], [16, 16], [17, 17], [23, 24], [24, 25], [25, 26], [26, 27]]","[15, 17, 18, 19, 20, 21, 22]","[15, 17, 18, 19, 20, 21, 22, 23]",True,
CHEMBL1862_Ki,266,456,533,22,test,True,1.414973347970819,21.0,"[[6, 6], [7, 7], [8, 8], [9, 9], [10, 10], [11, 11], [12, 12], [13, 13], [14, 14], [15, 15], [16, 16], [17, 17], [18, 18], [19, 19], [20, 20], [21, 21], [22, 22], [23, 23], [24, 24], [25, 25], [26, 26]]","[0, 1, 2, 3, 4, 5, 6, 7, 8, 27, 28]","[0, 1, 2, 3, 4, 5, 6, 7, 8, 27, 28]",True,
CHEMBL1862_Ki,543,576,727,25,test,True,3.330413773349191,21.0,"[[1, 11], [2, 12], [3, 13], [4, 21], [5, 22], [6, 10], [7, 17], [8, 18], [9, 19], [10, 14], [12, 6], [13, 7], [14, 8], [15, 9], [16, 2], [17, 1], [18, 0], [20, 23], [21, 24], [24, 15], [25, 16]]","[0, 1, 2, 5, 6, 7, 8, 9, 10, 11, 12, 13, 14, 15, 16, 17, 19, 20, 21, 22, 23, 24, 25]","[1, 2, 3, 4, 5, 6, 7, 8, 9, 10, 11, 12, 13, 14, 15, 18, 19, 20, 21, 22, 23, 24, 25]",True,
CHEMBL1862_Ki,620,616,664,24,calibration,True,2.64781748188864,30.0,"[[0, 0], [1, 1], [2, 2], [3, 3], [4, 4], [6, 5], [7, 6], [8, 7], [9, 8], [10, 9], [11, 11], [12, 12], [13, 13], [14, 14], [15, 15], [16, 16], [17, 17], [18, 18], [19, 19], [20, 20], [21, 21], [22, 22], [23, 23], [24, 24], [25, 26], [26, 25], [27, 27], [28, 28], [29, 29], [30, 30]]","[3, 4, 5, 6, 7, 8, 9, 10, 11, 12, 13]","[3, 4, 5, 6, 7, 8, 9, 10, 11, 12, 13]",True,
CHEMBL1862_Ki,693,693,729,26,calibration,True,1.6283889300503098,20.0,"[[1, 23], [2, 22], [3, 21], [4, 19], [5, 20], [6, 18], [7, 17], [8, 16], [10, 14], [11, 13], [12, 12], [13, 5], [14, 6], [15, 7], [16, 8], [17, 9], [18, 10], [19, 11], [20, 4], [21, 3]]","[0, 1, 2, 7, 8, 9, 10, 11, 20, 21, 22, 23, 24]","[0, 1, 2, 3, 4, 13, 14, 15, 16, 17, 22, 23, 24]",True,
CHEMBL1862_Ki,715,709,711,27,test,True,1.8195439355418688,25.0,"[[0, 0], [1, 1], [2, 2], [3, 3], [4, 4], [5, 5], [6, 6], [7, 7], [8, 8], [9, 9], [10, 10], [11, 11], [12, 12], [13, 13], [14, 14], [15, 15], [16, 16], [17, 17], [18, 18], [19, 19], [20, 20], [21, 21], [22, 22], [23, 23], [29, 29]]","[22, 23, 24, 25, 26, 27, 28]","[22, 23, 24, 25, 26, 27, 28]",True,
CHEMBL1871_Ki,2,9,11,1,test,True,1.429673476956717,24.0,"[[0, 0], [1, 1], [2, 2], [3, 3], [4, 4], [5, 5], [6, 6], [7, 7], [8, 8], [9, 9], [12, 14], [13, 15], [14, 16], [15, 17], [16, 18], [17, 19], [18, 20], [19, 21], [20, 22], [21, 23], [22, 24], [23, 26], [24, 25], [25, 27]]","[8, 9, 10, 11, 12]","[8, 9, 10, 11, 12, 13, 14]",True,
CHEMBL1871_Ki,12,37,61,5,calibration,True,1.685741738602264,23.0,"[[1, 0], [2, 1], [3, 2], [4, 3], [5, 4], [6, 5], [7, 6], [8, 7], [9, 8], [10, 9], [11, 10], [12, 11], [13, 12], [14, 13], [15, 14], [16, 15], [17, 16], [18, 17], [19, 18], [20, 19], [21, 20], [22, 21], [23, 22]]","[0, 1, 2]",[],True,
CHEMBL1871_Ki,13,91,92,6,test,True,1.0778867756946262,22.0,"[[1, 0], [2, 1], [3, 2], [4, 3], [5, 4], [6, 5], [7, 6], [8, 7], [9, 8], [10, 9], [11, 10], [12, 11], [13, 12], [14, 13], [15, 14], [16, 15], [17, 16], [18, 17], [19, 19], [20, 18], [21, 20], [22, 21]]","[0, 1, 2, 13, 18, 21, 22, 23]","[12, 17, 20, 21]",True,
CHEMBL1871_Ki,16,102,152,8,calibration,True,1.0861099489176205,21.0,"[[0, 0], [1, 1], [2, 2], [3, 3], [4, 5], [5, 4], [6, 6], [8, 7], [9, 8], [10, 9], [11, 10], [12, 11], [14, 13], [15, 14], [16, 15], [17, 16], [18, 17], [19, 18], [20, 19], [21, 20], [22, 21]]","[3, 6, 7, 8, 11, 12, 13, 14]","[10, 11, 12, 13]",True,
CHEMBL1871_Ki,17,103,106,4,calibration,True,1.0805195968198875,23.0,"[[0, 2], [1, 1], [2, 3], [3, 4], [4, 5], [5, 6], [6, 7], [7, 8], [8, 9], [9, 10], [10, 11], [11, 12], [12, 13], [13, 14], [14, 15], [15, 16], [16, 17], [17, 18], [18, 19], [19, 20], [20, 21], [21, 22], [22, 23]]",[],"[0, 1, 2, 3]",True,
CHEMBL1871_Ki,21,145,149,10,calibration,True,1.1600044391622264,20.0,"[[0, 0], [1, 1], [2, 2], [3, 3], [4, 4], [5, 5], [6, 6], [7, 7], [8, 8], [9, 9], [10, 10], [11, 11], [12, 12], [13, 13], [14, 14], [16, 16], [17, 17], [18, 18], [19, 19], [20, 20]]","[13, 14, 15, 16]","[13, 14, 15, 16]",True,
CHEMBL1871_Ki,23,173,175,11,calibration,True,1.113943352306837,25.0,"[[0, 0], [1, 1], [2, 2], [3, 3], [4, 4], [5, 5], [6, 6], [7, 7], [8, 9], [9, 10], [10, 11], [11, 12], [12, 13], [13, 14], [14, 15], [15, 16], [16, 17], [17, 18], [18, 19], [19, 20], [20, 21], [21, 22], [22, 23], [23, 24], [24, 25]]","[2, 3, 4, 6, 7]","[2, 3, 4, 6, 7, 8]",True,
CHEMBL1871_Ki,25,182,185,12,test,True,1.079181246047625,32.0,"[[0, 0], [1, 1], [2, 2], [3, 3], [4, 4], [5, 5], [6, 6], [7, 7], [8, 8], [9, 9], [10, 10], [11, 11], [12, 12], [13, 13], [14, 14], [15, 15], [16, 16], [18, 19], [19, 18], [20, 17], [21, 22], [23, 21], [24, 20], [25, 23], [26, 24], [27, 25], [28, 26], [29, 27], [30, 28], [31, 29], [32, 30], [33, 31]]","[14, 15, 16, 17, 18, 19, 20, 21, 22, 23, 24]","[14, 15, 16, 17, 18, 22]",True,
CHEMBL1871_Ki,35,228,239,9,test,True,1.9738971974357948,19.0,"[[1, 3], [2, 4], [3, 5], [4, 6], [5, 7], [6, 8], [7, 9], [8, 10], [9, 11], [10, 12], [11, 13], [12, 14], [13, 15], [14, 16], [15, 17], [16, 18], [17, 19], [18, 20], [19, 2]]","[0, 1, 2, 19]","[0, 1, 2, 3, 20]",True,
CHEMBL1871_Ki,43,248,252,18,test,True,1.984777267009341,18.0,"[[0, 1], [1, 2], [2, 3], [3, 4], [4, 5], [5, 6], [6, 7], [7, 8], [8, 9], [9, 10], [10, 11], [11, 12], [12, 13], [13, 14], [14, 15], [15, 16], [16, 17], [17, 18]]","[16, 17, 18]","[0, 1, 2]",True,
CHEMBL1871_Ki,48,258,271,19,test,True,1.4189866588716162,17.0,"[[1, 2], [2, 1], [3, 3], [4, 4], [5, 5], [6, 6], [7, 7], [8, 8], [9, 9], [10, 10], [11, 11], [12, 12], [13, 13], [14, 14], [15, 15], [16, 16], [17, 17]]","[0, 1, 2, 3]","[0, 1, 2]",True,
CHEMBL1871_Ki,53,313,315,14,test,True,3.3010299956639795,22.0,"[[0, 0], [1, 1], [2, 2], [3, 3], [5, 5], [6, 6], [7, 7], [8, 8], [9, 9], [10, 10], [11, 11], [12, 12], [13, 13], [14, 14], [15, 15], [16, 18], [17, 17], [18, 16], [19, 19], [20, 20], [21, 21], [22, 22]]","[2, 3, 4, 5]","[2, 3, 4, 5]",True,
CHEMBL1871_Ki,68,336,338,21,calibration,True,1.9232082756993565,23.0,"[[4, 2], [5, 1], [6, 3], [7, 4], [8, 5], [9, 6], [10, 7], [11, 8], [12, 9], [13, 10], [14, 11], [15, 12], [16, 13], [17, 14], [18, 15], [19, 16], [20, 17], [21, 18], [22, 21], [23, 20], [24, 19], [25, 22], [26, 23]]","[0, 1, 2, 3, 4, 5]","[0, 1, 2, 3]",True,
CHEMBL1871_Ki,78,408,409,25,test,True,1.193124598354462,25.0,"[[0, 0], [1, 1], [2, 2], [3, 3], [4, 4], [5, 5], [6, 6], [8, 7], [9, 8], [10, 9], [11, 10], [12, 11], [13, 12], [14, 13], [15, 14], [16, 15], [17, 16], [18, 17], [19, 18], [20, 19], [21, 20], [22, 21], [23, 22], [24, 23], [25, 24]]","[5, 6, 7, 8]",[],True,
CHEMBL1871_Ki,79,448,471,26,calibration,True,1.043664501054831,21.0,"[[0, 0], [1, 1], [2, 2], [3, 3], [4, 4], [5, 5], [6, 6], [7, 7], [8, 8], [9, 9], [10, 10], [11, 18], [12, 17], [13, 13], [14, 14], [15, 15], [16, 16], [17, 12], [18, 11], [24, 25], [25, 26]]","[7, 8, 9, 19, 20, 21, 22, 23]","[7, 8, 9, 19, 20, 21, 22, 23, 24]",True,
CHEMBL1871_Ki,99,526,527,32,calibration,True,1.0457574905606748,29.0,"[[0, 24], [1, 22], [2, 23], [3, 21], [4, 14], [5, 15], [6, 16], [7, 17], [8, 18], [9, 19], [10, 20], [11, 11], [12, 10], [13, 9], [14, 7], [15, 8], [16, 6], [17, 5], [18, 26], [19, 27], [20, 28], [21, 29], [22, 1], [24, 2], [25, 3], [26, 4], [27, 12], [28, 13], [29, 25]]","[21, 22, 23, 24]","[0, 1, 2, 29]",True,
CHEMBL1871_Ki,125,574,576,35,test,True,1.0251681251805502,32.0,"[[2, 2], [3, 3], [4, 4], [5, 5], [6, 6], [7, 7], [8, 8], [9, 9], [10, 10], [11, 11], [12, 12], [13, 13], [14, 14], [15, 15], [16, 16], [17, 17], [18, 18], [19, 19], [20, 20], [21, 21], [22, 22], [23, 23], [24, 24], [25, 25], [26, 26], [27, 30], [29, 29], [30, 28], [31, 27], [32, 31], [33, 32], [34, 33]]","[0, 1, 2, 3, 4, 26, 27, 28, 29, 30]","[0, 1, 2, 3, 4, 26, 28, 29, 30]",True,
CHEMBL1871_Ki,128,597,605,37,test,True,2.1249387366083,26.0,"[[0, 0], [1, 1], [2, 2], [3, 3], [7, 9], [8, 10], [9, 11], [10, 12], [11, 13], [12, 14], [13, 15], [14, 16], [15, 17], [16, 18], [17, 19], [18, 20], [19, 21], [20, 22], [21, 23], [22, 24], [23, 25], [24, 26], [25, 27], [26, 28], [27, 29], [28, 30]]","[2, 3, 4, 5, 6, 7]","[2, 3, 4, 5, 6, 7, 8, 9]",True,
CHEMBL1871_Ki,132,602,609,38,test,True,1.4685210829577446,30.0,"[[2, 2], [3, 3], [4, 4], [5, 5], [6, 6], [7, 7], [8, 8], [9, 9], [10, 10], [11, 11], [12, 12], [13, 13], [14, 14], [15, 15], [16, 16], [17, 17], [18, 18], [19, 19], [20, 20], [21, 21], [22, 22], [23, 23], [24, 24], [25, 25], [26, 26], [27, 27], [28, 28], [29, 29], [30, 30], [31, 31]]","[0, 1, 2, 3, 4, 5]","[0, 1, 2, 3, 4, 5]",True,
CHEMBL2034_Ki,9,14,69,1,test,True,3.1760912590556813,25.0,"[[1, 2], [2, 4], [3, 5], [4, 6], [5, 7], [6, 8], [7, 9], [8, 10], [9, 11], [10, 12], [11, 13], [12, 14], [13, 15], [14, 16], [15, 17], [16, 18], [17, 19], [18, 20], [19, 21], [20, 22], [21, 23], [22, 24], [23, 26], [24, 25], [25, 27]]","[0, 1, 2]","[0, 1, 2, 3, 4]",True,
CHEMBL2034_Ki,97,40,446,2,calibration,True,2.474022769603075,24.0,"[[0, 0], [1, 1], [2, 2], [3, 3], [5, 5], [6, 6], [7, 7], [8, 8], [9, 9], [10, 10], [11, 11], [13, 13], [14, 14], [15, 15], [16, 16], [17, 17], [18, 18], [19, 19], [20, 20], [21, 21], [22, 22], [23, 23], [24, 24], [25, 25]]","[2, 3, 4, 5, 10, 11, 12, 13, 14, 15]","[2, 3, 4, 5, 10, 11, 12, 13, 14, 15]",True,
CHEMBL2034_Ki,104,49,104,3,test,True,1.4194049627698924,29.0,"[[0, 0], [1, 1], [2, 2], [4, 3], [5, 5], [6, 4], [7, 6], [8, 7], [9, 8], [10, 9], [11, 10], [12, 11], [13, 12], [14, 13], [15, 14], [16, 15], [17, 16], [18, 17], [19, 18], [20, 19], [21, 20], [22, 21], [23, 22], [24, 23], [25, 24], [26, 25], [27, 26], [28, 27], [29, 28]]","[0, 1, 2, 3, 4, 13]","[0, 1, 2, 3, 12]",True,
CHEMBL2034_Ki,105,50,52,4,calibration,True,1.4191984684208228,23.0,"[[0, 0], [1, 1], [2, 22], [3, 21], [4, 20], [5, 19], [6, 18], [7, 17], [8, 15], [9, 16], [10, 14], [11, 13], [12, 12], [13, 4], [14, 5], [15, 6], [16, 7], [17, 8], [18, 9], [19, 10], [20, 11], [21, 3], [22, 2]]","[1, 2, 3, 4, 13]","[1, 4, 20, 21, 22]",True,
CHEMBL2034_Ki,134,109,114,8,test,True,1.219037772282527,27.0,"[[0, 0], [1, 1], [2, 2], [3, 3], [4, 5], [5, 4], [6, 6], [7, 7], [8, 8], [9, 9], [10, 10], [11, 11], [12, 12], [13, 13], [14, 14], [15, 15], [16, 16], [17, 17], [18, 18], [19, 19], [20, 20], [21, 21], [22, 22], [23, 23], [24, 24], [26, 25], [27, 26]]","[23, 24, 25, 26]",[],True,
CHEMBL2034_Ki,137,165,172,9,test,True,1.4771212547196608,31.0,"[[0, 0], [1, 1], [2, 2], [3, 3], [4, 4], [5, 5], [6, 6], [7, 7], [8, 8], [9, 9], [10, 10], [11, 11], [12, 12], [13, 13], [14, 14], [15, 15], [16, 16], [17, 17], [18, 18], [19, 19], [20, 20], [22, 21], [23, 22], [26, 24], [27, 25], [28, 26], [29, 27], [30, 28], [31, 30], [32, 29], [33, 31]]","[17, 19, 20, 21, 22, 23, 24, 25]","[17, 21, 22, 23]",True,
CHEMBL2034_Ki,148,211,221,13,calibration,True,1.0438315695246363,28.0,"[[0, 16], [1, 15], [2, 14], [3, 13], [4, 12], [5, 11], [6, 10], [7, 7], [8, 8], [9, 9], [10, 6], [11, 28], [12, 29], [13, 3], [14, 1], [17, 4], [18, 5], [19, 27], [20, 19], [21, 20], [22, 21], [23, 26], [24, 25], [25, 24], [26, 23], [27, 22], [28, 18], [29, 17]]","[13, 14, 15, 16]","[0, 1, 2, 3]",True,
CHEMBL2034_Ki,154,251,256,16,test,True,1.1670900149408912,36.0,"[[1, 3], [2, 2], [4, 5], [5, 6], [6, 7], [7, 8], [8, 9], [9, 10], [10, 11], [11, 12], [12, 13], [13, 14], [14, 15], [15, 16], [16, 17], [17, 18], [18, 19], [19, 20], [20, 21], [21, 22], [22, 23], [23, 24], [24, 25], [25, 26], [26, 27], [27, 28], [28, 37], [29, 36], [30, 31], [31, 32], [32, 35], [33, 34], [34, 33], [35, 30], [36, 29], [37, 38]]","[0, 1, 2, 3, 4, 5]","[0, 1, 2, 3, 4, 5, 6]",True,
CHEMBL2034_Ki,159,259,268,18,calibration,True,1.3010299956639813,30.0,"[[5, 0], [6, 1], [7, 2], [8, 3], [9, 4], [10, 5], [11, 6], [12, 7], [13, 8], [14, 9], [15, 10], [16, 11], [17, 12], [18, 13], [19, 14], [20, 15], [21, 16], [22, 17], [23, 18], [24, 19], [25, 20], [26, 21], [27, 22], [28, 23], [29, 28], [30, 27], [31, 26], [32, 25], [33, 24], [34, 30]]","[0, 1, 2, 3, 4, 5, 6]","[23, 27, 28, 29]",True,
CHEMBL2034_Ki,161,279,282,19,calibration,True,2.8846065812979305,24.0,"[[0, 0], [1, 1], [2, 2], [3, 3], [4, 12], [5, 4], [6, 5], [7, 6], [8, 7], [9, 8], [10, 9], [11, 10], [12, 11], [13, 13], [14, 14], [15, 15], [16, 16], [17, 17], [18, 18], [19, 19], [20, 20], [21, 21], [22, 22], [23, 23]]","[2, 3, 4, 5, 12, 13]","[2, 3, 4, 5, 12, 13]",True,
CHEMBL2034_Ki,176,300,301,20,test,True,1.2342172268589655,21.0,"[[0, 0], [1, 1], [2, 2], [3, 3], [4, 4], [5, 5], [10, 10], [11, 11], [12, 12], [13, 13], [14, 14], [15, 15], [16, 16], [17, 17], [18, 18], [19, 19], [20, 20], [21, 21], [22, 22], [23, 23], [24, 24]]","[4, 5, 6, 7, 8, 9]","[4, 5, 6, 7, 8, 9]",True,
CHEMBL2034_Ki,214,369,371,24,calibration,True,1.014723256820707,36.0,"[[2, 1], [3, 2], [4, 3], [5, 4], [6, 5], [7, 6], [8, 7], [9, 8], [10, 9], [11, 10], [12, 11], [13, 12], [14, 13], [15, 14], [16, 15], [17, 16], [18, 17], [19, 18], [20, 19], [21, 20], [22, 21], [23, 22], [24, 23], [25, 24], [26, 25], [27, 26], [28, 27], [29, 28], [30, 29], [31, 30], [32, 31], [33, 32], [34, 34], [35, 33], [36, 35], [37, 36]]","[0, 1, 2, 3, 4]","[0, 1, 2, 3]",True,
CHEMBL2034_Ki,227,400,401,27,calibration,True,3.528273777167043,31.0,"[[0, 0], [1, 1], [2, 2], [3, 3], [4, 4], [5, 5], [6, 6], [7, 7], [8, 8], [9, 9], [10, 10], [11, 11], [12, 12], [13, 13], [14, 14], [15, 15], [16, 16], [17, 17], [18, 18], [19, 19], [20, 20], [21, 22], [22, 23], [23, 24], [24, 26], [25, 25], [26, 27], [27, 28], [28, 29], [29, 30], [30, 31]]",[],"[17, 20, 21, 22]",True,
CHEMBL2034_Ki,230,423,493,29,calibration,True,1.8367459656494909,21.0,"[[0, 0], [1, 1], [2, 2], [3, 3], [4, 4], [5, 5], [6, 6], [7, 7], [8, 8], [9, 9], [10, 10], [11, 11], [12, 12], [13, 13], [14, 14], [15, 15], [16, 16], [17, 17], [18, 18], [19, 19], [24, 24]]","[11, 18, 19, 20, 21, 22, 23, 24]","[11, 18, 19, 20, 21, 22, 23, 24]",True,
CHEMBL2034_Ki,232,488,490,31,test,True,1.3802112417116064,31.0,"[[2, 2], [3, 1], [4, 31], [5, 5], [6, 6], [7, 7], [8, 8], [9, 9], [10, 10], [11, 11], [12, 12], [13, 13], [14, 14], [15, 15], [16, 16], [17, 17], [18, 18], [19, 19], [20, 20], [21, 22], [22, 21], [23, 23], [24, 24], [25, 25], [26, 26], [27, 27], [28, 28], [29, 29], [30, 30], [31, 4], [32, 3]]","[0, 1, 2, 3, 32]","[0, 1, 2, 31]",True,
CHEMBL2034_Ki,238,512,517,34,test,True,1.0969100130080562,22.0,"[[0, 0], [1, 1], [2, 2], [3, 3], [4, 4], [5, 5], [6, 6], [7, 7], [13, 13], [14, 14], [15, 25], [16, 24], [17, 17], [18, 18], [19, 23], [20, 22], [21, 21], [22, 20], [23, 19], [24, 16], [25, 15], [26, 26]]","[6, 7, 8, 9, 10, 11, 12]","[6, 7, 8, 9, 10, 11, 12]",True,
CHEMBL2034_Ki,250,569,588,36,test,True,1.4210053127407312,33.0,"[[0, 0], [1, 1], [2, 2], [3, 3], [4, 4], [5, 5], [6, 6], [7, 7], [8, 8], [9, 9], [10, 10], [11, 11], [13, 12], [14, 13], [15, 14], [16, 15], [17, 16], [18, 17], [19, 18], [20, 19], [21, 20], [22, 21], [23, 22], [24, 23], [25, 24], [26, 25], [27, 26], [28, 32], [29, 31], [30, 29], [32, 28], [33, 27], [34, 33]]","[1, 11, 12, 13, 14, 18, 19, 29, 30, 31, 32]","[1, 11, 12, 13, 17, 18, 28, 29, 30, 31]",True,
CHEMBL2034_Ki,258,596,601,38,test,True,1.6454222693490923,36.0,"[[1, 3], [2, 4], [3, 5], [4, 6], [5, 7], [6, 8], [7, 10], [8, 9], [9, 11], [10, 12], [11, 13], [12, 14], [13, 15], [14, 16], [15, 17], [16, 18], [17, 19], [18, 20], [19, 21], [20, 22], [21, 23], [22, 24], [23, 26], [24, 27], [25, 28], [26, 29], [27, 30], [28, 31], [29, 32], [30, 33], [31, 34], [32, 35], [33, 36], [34, 37], [35, 38], [36, 39]]","[0, 1, 2, 3, 21, 22, 23, 24]","[0, 1, 2, 3, 4, 5, 23, 24, 25, 26, 27]",True,
CHEMBL2034_Ki,266,617,621,40,calibration,True,1.1375842621349443,24.0,"[[0, 0], [1, 1], [2, 2], [3, 3], [4, 4], [5, 5], [6, 6], [7, 7], [8, 10], [9, 9], [10, 8], [11, 16], [12, 12], [17, 11], [18, 17], [19, 18], [20, 19], [21, 20], [22, 21], [23, 22], [24, 24], [25, 23], [26, 25], [27, 26]]","[6, 7, 8, 9, 11, 12, 13, 14, 15, 16, 17, 18]","[6, 7, 8, 9, 11, 12, 13, 14, 15, 16, 17]",True,
CHEMBL2034_Ki,267,626,628,41,test,True,1.0028856882374884,22.0,"[[0, 0], [1, 1], [2, 2], [3, 3], [4, 4], [5, 5], [6, 6], [7, 7], [8, 8], [9, 9], [10, 10], [11, 11], [12, 12], [16, 14], [17, 15], [18, 16], [19, 17], [20, 18], [21, 19], [22, 20], [23, 22], [24, 21]]","[7, 10, 11, 12, 13, 14, 15]","[7, 11, 12, 13]",True,
CHEMBL2034_Ki,268,641,643,42,calibration,True,1.273460599956267,20.0,"[[0, 0], [1, 1], [2, 2], [3, 3], [4, 4], [5, 5], [6, 6], [7, 7], [8, 8], [9, 9], [10, 10], [11, 11], [12, 17], [13, 16], [14, 14], [15, 13], [17, 12], [18, 18], [19, 19], [20, 20]]","[14, 15, 16, 17]","[13, 14, 15, 16]",True,
CHEMBL2034_Ki,278,683,692,44,calibration,True,1.079181246047625,38.0,"[[1, 0], [2, 1], [6, 5], [7, 6], [8, 7], [9, 8], [10, 9], [11, 10], [12, 11], [13, 12], [14, 13], [15, 14], [16, 15], [17, 16], [18, 17], [19, 18], [20, 19], [21, 20], [22, 21], [23, 22], [24, 23], [25, 24], [26, 25], [27, 26], [28, 27], [29, 28], [30, 29], [31, 30], [32, 31], [33, 32], [34, 33], [35, 34], [36, 35], [37, 36], [38, 37], [39, 38], [40, 39], [41, 40]]","[0, 1, 2, 3, 4, 5, 6, 7, 12, 13, 14, 15, 28]","[0, 1, 2, 3, 4, 5, 6, 11, 12, 13, 14, 27]",True,
CHEMBL2034_Ki,308,726,737,46,test,True,2.600037992346177,24.0,"[[1, 1], [3, 3], [4, 4], [5, 5], [6, 6], [7, 7], [8, 8], [9, 9], [11, 11], [12, 12], [13, 13], [14, 14], [15, 15], [16, 16], [17, 17], [18, 18], [19, 19], [20, 20], [21, 21], [22, 22], [23, 23], [24, 24], [25, 25], [26, 26]]","[0, 1, 2, 3, 8, 9, 10, 11, 19, 20, 21, 24, 26, 27]","[0, 1, 2, 3, 8, 9, 10, 11, 19, 20, 21, 24, 26, 27]",True,
CHEMBL2034_Ki,322,743,744,47,calibration,True,1.4999649274842328,28.0,"[[0, 1], [1, 2], [2, 3], [3, 4], [4, 5], [5, 6], [6, 7], [7, 8], [8, 9], [9, 10], [10, 11], [11, 12], [15, 17], [16, 18], [17, 19], [18, 20], [19, 21], [20, 22], [21, 23], [22, 24], [23, 25], [24, 26], [25, 27], [26, 28], [27, 29], [28, 30], [29, 31], [30, 32]]","[9, 11, 12, 13, 14, 15]","[0, 1, 2, 10, 12, 13, 14, 15, 16, 17]",True,
CHEMBL2047_EC50,6,10,590,2,test,True,2.295347148333618,27.0,"[[4, 17], [5, 16], [6, 15], [7, 6], [8, 7], [9, 13], [10, 14], [11, 12], [12, 11], [13, 10], [14, 8], [15, 9], [16, 5], [17, 4], [18, 3], [19, 1], [20, 0], [21, 2], [28, 20], [29, 19], [30, 18], [31, 26], [32, 22], [33, 23], [34, 24], [35, 25], [36, 21]]","[0, 1, 2, 3, 4, 5, 22, 23, 24, 25, 26, 27, 28, 29, 36]","[16, 17, 18, 19, 26]",True,
CHEMBL2047_EC50,38,57,284,5,test,True,1.2970166847631823,31.0,"[[0, 0], [1, 1], [2, 2], [3, 3], [4, 4], [5, 5], [6, 6], [7, 7], [8, 8], [9, 9], [10, 10], [11, 11], [12, 12], [13, 13], [14, 26], [15, 25], [16, 16], [17, 17], [18, 22], [19, 21], [20, 20], [21, 19], [22, 18], [26, 15], [27, 14], [28, 27], [29, 28], [30, 29], [31, 31], [32, 30], [33, 32]]","[19, 20, 21, 22, 23, 24, 25]","[17, 21, 22, 23, 24]",True,
CHEMBL2047_EC50,39,64,80,6,calibration,True,1.0102999566398116,29.0,"[[0, 0], [1, 1], [2, 2], [3, 3], [4, 4], [5, 5], [6, 6], [7, 7], [8, 8], [9, 9], [10, 10], [11, 11], [12, 12], [13, 13], [14, 26], [15, 25], [16, 16], [17, 17], [26, 15], [27, 14], [28, 27], [29, 28], [30, 29], [31, 30], [32, 31], [33, 32], [34, 33], [35, 34], [36, 35]]","[16, 17, 18, 19, 20, 21, 22, 23, 24, 25]","[16, 17, 18, 19, 20, 21, 22, 23, 24]",True,
CHEMBL2047_EC50,42,84,285,3,test,True,1.4436974992327123,30.0,"[[0, 0], [1, 1], [2, 2], [3, 3], [4, 4], [5, 5], [6, 6], [7, 7], [8, 8], [9, 9], [10, 10], [11, 11], [12, 12], [13, 13], [14, 26], [15, 25], [16, 16], [17, 17], [18, 18], [22, 15], [23, 14], [24, 27], [25, 28], [26, 29], [27, 30], [28, 31], [29, 32], [30, 33], [31, 34], [32, 35]]","[17, 18, 19, 20, 21]","[17, 18, 19, 20, 21, 22, 23, 24]",True,
CHEMBL2047_EC50,51,150,154,8,test,True,1.1249387366083,38.0,"[[0, 0], [1, 1], [2, 2], [3, 3], [4, 4], [5, 5], [6, 6], [7, 7], [8, 8], [9, 9], [10, 10], [11, 11], [12, 12], [13, 14], [14, 16], [15, 17], [16, 18], [17, 19], [18, 20], [19, 21], [20, 22], [21, 23], [22, 24], [23, 25], [24, 26], [25, 27], [26, 28], [27, 29], [28, 30], [29, 31], [30, 32], [31, 33], [32, 34], [33, 35], [34, 36], [35, 37], [36, 38], [37, 39]]",[],"[11, 12, 13, 14, 15, 16]",True,
CHEMBL2047_EC50,64,168,486,0,test,True,2.770852011642144,30.0,"[[0, 0], [1, 1], [2, 2], [3, 3], [4, 4], [5, 5], [6, 6], [7, 7], [8, 8], [9, 9], [10, 10], [11, 11], [12, 12], [13, 13], [14, 14], [15, 15], [16, 16], [17, 17], [18, 18], [19, 19], [20, 20], [21, 22], [22, 21], [23, 25], [25, 27], [26, 28], [27, 29], [28, 30], [29, 31], [30, 32]]","[20, 22, 23, 24, 25]","[20, 22, 23, 24, 25, 26, 27]",True,
CHEMBL2047_EC50,98,175,183,12,calibration,True,2.501944838444694,32.0,"[[0, 0], [1, 1], [2, 2], [3, 3], [4, 4], [5, 5], [6, 6], [7, 7], [8, 8], [9, 9], [10, 10], [11, 11], [12, 12], [13, 13], [14, 14], [15, 15], [16, 16], [17, 17], [18, 18], [19, 19], [20, 20], [21, 21], [22, 22], [23, 23], [24, 24], [25, 25], [26, 26], [27, 27], [28, 28], [29, 29], [30, 30], [31, 31]]","[4, 6, 7, 8, 31]","[4, 6, 7, 8, 31]",True,
CHEMBL2047_EC50,121,191,211,13,test,True,1.843205686336552,36.0,"[[0, 0], [1, 1], [2, 2], [3, 3], [4, 4], [5, 5], [6, 6], [7, 7], [8, 8], [9, 9], [10, 10], [11, 11], [12, 12], [13, 13], [14, 14], [15, 19], [16, 20], [17, 24], [18, 23], [20, 22], [21, 21], [22, 15], [23, 25], [24, 26], [25, 27], [26, 29], [27, 28], [28, 30], [29, 31], [30, 32], [31, 33], [32, 34], [33, 35], [34, 36], [35, 37], [36, 38]]","[13, 14, 15, 16, 17, 18, 19, 20, 21, 22]","[14, 15, 16, 17, 18, 19, 20, 21, 22, 23, 24, 25]",True,
CHEMBL2047_EC50,145,221,236,14,calibration,True,1.8416375079047496,37.0,"[[0, 0], [1, 1], [2, 2], [5, 3], [6, 36], [7, 35], [8, 6], [9, 7], [10, 8], [11, 9], [12, 10], [13, 11], [14, 12], [15, 13], [16, 14], [17, 15], [18, 16], [19, 17], [20, 18], [21, 19], [22, 25], [23, 24], [24, 22], [25, 23], [26, 21], [27, 20], [28, 26], [29, 27], [30, 28], [31, 29], [32, 30], [33, 31], [34, 32], [35, 33], [36, 34], [37, 5], [39, 4]]","[0, 1, 2, 3, 4, 5, 6, 8, 37, 38, 39]","[0, 1, 2, 3, 4, 36]",True,
CHEMBL2047_EC50,153,229,243,16,calibration,True,1.318063334962762,37.0,"[[1, 9], [2, 8], [3, 4], [4, 5], [5, 6], [6, 7], [7, 3], [8, 2], [9, 10], [10, 11], [11, 12], [12, 13], [13, 14], [14, 15], [15, 16], [16, 17], [17, 18], [18, 19], [19, 20], [20, 21], [21, 22], [22, 23], [23, 29], [24, 28], [25, 26], [26, 27], [27, 25], [28, 24], [29, 30], [30, 31], [31, 32], [32, 33], [33, 34], [34, 35], [35, 36], [36, 37], [37, 38]]","[0, 1, 2, 9]","[0, 1, 2, 3, 10]",True,
CHEMBL2047_EC50,163,310,321,17,test,True,1.981516594305988,27.0,"[[0, 27], [1, 25], [3, 24], [4, 23], [5, 22], [6, 21], [7, 20], [8, 19], [9, 17], [10, 18], [11, 16], [12, 15], [13, 14], [14, 13], [15, 12], [16, 11], [17, 10], [18, 8], [19, 9], [20, 7], [21, 29], [22, 30], [23, 4], [24, 1], [28, 5], [29, 6], [30, 28]]","[0, 1, 2, 3, 23, 24, 25, 26, 27]","[0, 1, 2, 3, 4, 24, 25, 26, 27]",True,
CHEMBL2047_EC50,164,324,342,18,calibration,True,1.5693361465193387,30.0,"[[1, 26], [4, 25], [5, 24], [6, 23], [7, 22], [8, 20], [9, 21], [10, 19], [11, 18], [12, 17], [13, 16], [14, 15], [15, 14], [16, 13], [17, 11], [18, 12], [19, 10], [20, 9], [21, 8], [22, 7], [23, 6], [24, 5], [25, 4], [26, 3], [27, 1], [28, 0], [29, 2], [30, 32], [31, 31], [32, 30]]","[0, 1, 2, 3, 4]","[25, 26, 27, 28, 29]",True,
CHEMBL2047_EC50,166,334,340,19,test,True,1.640978057358332,28.0,"[[1, 25], [4, 24], [5, 23], [6, 22], [7, 21], [8, 19], [9, 20], [10, 18], [11, 17], [12, 16], [13, 14], [15, 13], [16, 12], [17, 11], [18, 9], [19, 10], [20, 8], [21, 7], [22, 6], [23, 5], [24, 4], [25, 3], [26, 1], [27, 0], [28, 2], [29, 31], [30, 30], [31, 29]]","[0, 1, 2, 3, 4, 12, 13, 14, 15]","[13, 14, 15, 16, 24, 25, 26, 27, 28]",True,
CHEMBL2047_EC50,167,335,337,20,calibration,True,1.0364292656266745,33.0,"[[0, 0], [1, 1], [2, 2], [3, 3], [4, 4], [5, 5], [6, 6], [7, 7], [8, 8], [9, 9], [10, 10], [11, 11], [12, 12], [13, 14], [14, 15], [15, 16], [16, 17], [17, 18], [18, 19], [19, 20], [20, 21], [21, 22], [22, 23], [23, 32], [24, 31], [25, 26], [26, 27], [27, 28], [28, 29], [29, 30], [30, 25], [31, 24], [32, 33]]",[],"[11, 12, 13, 14]",True,
CHEMBL2047_EC50,169,369,370,22,calibration,True,1.142667503568732,39.0,"[[0, 0], [1, 1], [2, 2], [3, 3], [4, 4], [5, 5], [6, 6], [7, 7], [8, 8], [9, 9], [10, 10], [11, 11], [12, 15], [13, 16], [14, 17], [15, 18], [16, 19], [17, 20], [18, 21], [19, 22], [20, 23], [21, 29], [22, 30], [23, 28], [24, 27], [25, 26], [26, 24], [27, 25], [28, 31], [29, 32], [30, 33], [31, 34], [32, 36], [33, 35], [34, 37], [35, 38], [36, 39], [37, 40], [38, 41]]",[],"[10, 11, 12, 13, 14]",True,
CHEMBL2047_EC50,193,387,388,23,calibration,True,2.9829666607012197,23.0,"[[0, 0], [1, 1], [2, 2], [3, 3], [4, 4], [5, 5], [6, 6], [7, 7], [8, 8], [9, 9], [10, 10], [11, 11], [12, 12], [13, 20], [14, 19], [15, 15], [16, 16], [17, 17], [18, 18], [19, 14], [20, 13], [22, 22], [23, 23]]","[12, 19, 20, 21]","[12, 19, 20, 21]",True,
CHEMBL2047_EC50,342,553,573,30,test,True,2.732996528111129,33.0,"[[0, 0], [1, 1], [2, 2], [3, 3], [4, 4], [5, 5], [6, 6], [7, 7], [9, 8], [11, 11], [12, 12], [13, 13], [14, 14], [15, 15], [16, 16], [17, 17], [18, 18], [19, 19], [20, 20], [21, 21], [22, 22], [23, 23], [24, 24], [25, 25], [26, 26], [27, 27], [28, 28], [29, 29], [30, 30], [31, 31], [32, 32], [33, 33], [34, 34]]","[5, 7, 8, 9, 10, 11, 31, 33, 34]","[5, 7, 8, 9, 10, 11, 31, 33, 34]",True,
CHEMBL2047_EC50,344,579,594,31,test,True,1.1812461502219174,24.0,"[[0, 0], [1, 1], [2, 2], [3, 3], [4, 4], [5, 5], [6, 6], [7, 7], [8, 8], [9, 9], [10, 10], [11, 11], [12, 12], [13, 13], [14, 14], [15, 15], [16, 16], [17, 17], [18, 18], [19, 33], [20, 32], [21, 21], [22, 20], [25, 19]]","[21, 22, 23, 24, 25]","[20, 21, 22, 23, 24, 25, 26, 27, 28, 29, 30, 31, 32]",True,
CHEMBL204_Ki,0,0,29,0,test,True,1.921361283044669,35.0,"[[0, 0], [1, 1], [2, 2], [3, 3], [4, 4], [5, 5], [6, 6], [7, 7], [8, 8], [9, 9], [10, 10], [11, 11], [12, 12], [13, 13], [14, 14], [15, 16], [19, 17], [20, 18], [21, 19], [22, 20], [23, 21], [24, 22], [25, 23], [26, 24], [27, 25], [28, 26], [29, 27], [30, 28], [31, 29], [32, 30], [33, 31], [34, 32], [35, 33], [36, 34], [37, 35]]","[14, 15, 16, 17, 18]","[13, 14, 15, 16]",True,
CHEMBL204_Ki,72,118,1395,11,calibration,True,1.4771212547196626,44.0,"[[0, 0], [1, 1], [2, 2], [3, 3], [4, 4], [5, 5], [6, 6], [7, 7], [8, 8], [9, 9], [10, 10], [11, 11], [12, 12], [13, 13], [14, 14], [15, 15], [16, 16], [17, 17], [18, 18], [19, 32], [20, 33], [21, 34], [22, 35], [23, 36], [24, 37], [25, 38], [26, 28], [27, 29], [28, 30], [29, 31], [33, 24], [34, 23], [35, 22], [36, 27], [37, 26], [38, 25], [40, 39], [41, 40], [42, 41], [43, 42], [44, 43], [45, 44], [46, 45], [47, 46]]","[17, 18, 19, 20, 26, 28, 29, 30, 31, 32, 33, 34, 37, 38, 39]","[17, 18, 19, 20, 21, 22, 23, 27, 28, 30, 31, 32, 33]",True,
CHEMBL204_Ki,77,133,263,17,test,True,1.3222192947339195,32.0,"[[0, 0], [1, 1], [2, 2], [3, 3], [4, 4], [5, 5], [6, 6], [7, 7], [8, 8], [9, 9], [10, 10], [11, 11], [12, 12], [13, 13], [14, 14], [15, 15], [16, 16], [17, 19], [18, 20], [19, 21], [23, 22], [24, 23], [25, 24], [26, 32], [27, 31], [28, 27], [29, 28], [30, 29], [31, 30], [32, 26], [33, 25], [34, 33]]","[15, 16, 17, 18, 19, 20, 21, 22]","[15, 16, 17, 18, 19, 20]",True,
CHEMBL204_Ki,117,164,2218,21,calibration,True,2.3979400086720397,35.0,"[[0, 0], [1, 1], [2, 2], [3, 3], [4, 4], [5, 5], [6, 6], [7, 7], [8, 8], [9, 9], [10, 10], [11, 11], [12, 12], [13, 13], [14, 14], [15, 15], [16, 16], [20, 20], [21, 21], [22, 22], [23, 23], [24, 24], [25, 25], [26, 26], [27, 27], [28, 28], [29, 29], [30, 30], [31, 31], [32, 32], [33, 33], [34, 34], [35, 35], [36, 36], [37, 37]]","[15, 16, 17, 18, 19, 20, 21, 27]","[15, 16, 17, 18, 19, 20, 21, 27]",True,
CHEMBL204_Ki,127,169,193,23,test,True,1.8239087409443189,32.0,"[[0, 0], [1, 1], [2, 2], [3, 3], [4, 4], [5, 5], [6, 6], [7, 8], [8, 9], [9, 10], [10, 11], [11, 12], [12, 13], [13, 14], [14, 15], [15, 16], [16, 17], [17, 7], [18, 18], [19, 19], [20, 20], [21, 21], [22, 22], [23, 23], [24, 24], [25, 25], [26, 26], [27, 27], [28, 28], [29, 29], [30, 30], [31, 31]]","[5, 6, 7, 8, 17, 30, 31, 32]","[6, 7, 8, 9, 18]",True,
CHEMBL204_Ki,128,171,212,20,test,True,1.463757293161681,31.0,"[[0, 0], [1, 1], [2, 2], [3, 3], [4, 4], [5, 5], [6, 6], [7, 7], [8, 8], [9, 9], [10, 10], [11, 11], [12, 12], [13, 13], [14, 14], [15, 15], [16, 16], [17, 17], [18, 18], [19, 19], [20, 20], [21, 21], [22, 22], [23, 23], [24, 24], [27, 25], [28, 26], [29, 27], [30, 28], [31, 29], [32, 30]]","[23, 24, 25, 26, 27, 28, 30]","[23, 24, 25, 26, 28]",True,
CHEMBL204_Ki,203,257,267,9,calibration,True,2.6029791334316865,34.0,"[[0, 0], [1, 1], [2, 2], [3, 3], [4, 4], [5, 5], [6, 6], [7, 7], [8, 8], [9, 9], [10, 10], [11, 11], [12, 12], [13, 13], [14, 14], [15, 15], [17, 18], [18, 23], [19, 22], [20, 21], [21, 20], [22, 19], [23, 25], [24, 26], [25, 27], [26, 35], [27, 34], [28, 30], [29, 31], [30, 32], [31, 33], [32, 29], [33, 28], [34, 36]]","[14, 15, 16, 17, 18, 22]","[14, 15, 16, 17, 18, 19, 22, 23, 24]",True,
CHEMBL204_Ki,223,283,805,32,test,True,3.4559319556497243,26.0,"[[0, 0], [1, 1], [2, 2], [3, 3], [4, 4], [5, 5], [6, 6], [7, 7], [8, 8], [9, 9], [10, 10], [11, 11], [12, 12], [13, 13], [14, 14], [15, 15], [16, 16], [17, 17], [18, 18], [19, 19], [20, 21], [21, 22], [22, 23], [23, 24], [24, 25], [25, 26]]",[],"[18, 19, 20, 21]",True,
CHEMBL204_Ki,224,285,302,31,test,True,3.140178703165036,32.0,"[[0, 0], [1, 1], [3, 3], [4, 4], [5, 9], [6, 8], [7, 7], [8, 6], [9, 5], [12, 12], [13, 13], [14, 14], [15, 15], [16, 16], [17, 17], [18, 18], [19, 19], [20, 21], [21, 23], [22, 24], [23, 25], [24, 26], [25, 27], [26, 28], [27, 29], [28, 30], [29, 31], [30, 32], [31, 33], [32, 34], [33, 35], [34, 36]]","[0, 1, 2, 3, 4, 10, 11, 12, 13, 18, 19, 20, 21]","[0, 1, 2, 3, 4, 10, 11, 12, 13, 18, 19, 20, 21, 22, 23]",True,
CHEMBL204_Ki,233,295,331,34,test,True,1.954242509439328,41.0,"[[1, 6], [2, 5], [3, 4], [4, 3], [5, 2], [7, 9], [8, 10], [9, 11], [10, 12], [11, 13], [12, 14], [13, 15], [14, 16], [15, 17], [16, 18], [17, 19], [18, 20], [19, 21], [20, 22], [21, 23], [22, 24], [23, 25], [24, 26], [25, 27], [26, 28], [27, 29], [28, 30], [29, 31], [30, 32], [31, 33], [32, 34], [33, 35], [34, 36], [35, 37], [36, 38], [37, 39], [38, 40], [39, 41], [40, 42], [41, 43], [42, 44]]","[0, 1, 2, 4, 5, 6]","[0, 1, 2, 3, 5, 6, 7, 8]",True,
CHEMBL204_Ki,237,297,346,35,test,True,2.6020599913279625,17.0,"[[0, 12], [1, 11], [2, 13], [3, 10], [4, 9], [5, 8], [6, 16], [8, 6], [9, 5], [10, 4], [11, 3], [12, 2], [13, 1], [15, 18], [16, 19], [18, 15], [19, 14]]","[5, 6, 7, 8, 9, 12, 13, 14, 15, 17, 18, 19]","[0, 1, 2, 5, 6, 7, 8, 9, 15, 16, 17, 18]",True,
CHEMBL204_Ki,245,310,313,33,test,True,2.151267675330649,20.0,"[[0, 0], [1, 1], [2, 2], [3, 3], [4, 4], [5, 5], [6, 6], [8, 8], [9, 9], [10, 10], [11, 11], [12, 12], [13, 13], [14, 14], [15, 15], [16, 16], [18, 17], [19, 18], [21, 20], [22, 21]]","[5, 6, 7, 8, 9, 15, 16, 17, 18, 20, 21, 22]","[5, 6, 7, 8, 9, 19, 20, 21]",True,
CHEMBL204_Ki,248,314,1661,38,test,True,2.325389341523426,15.0,"[[0, 0], [1, 1], [2, 2], [3, 3], [4, 4], [5, 5], [6, 6], [9, 12], [10, 11], [11, 10], [12, 15], [13, 14], [14, 13], [17, 17], [18, 18]]","[5, 6, 7, 8, 9, 10, 13, 14, 15, 16, 17, 18]","[5, 6, 7, 8, 9, 10, 11, 15, 16, 17, 18]",True,
CHEMBL204_Ki,258,363,371,43,test,True,2.693140460675293,32.0,"[[0, 2], [1, 1], [2, 4], [3, 5], [4, 6], [5, 7], [6, 8], [7, 9], [8, 10], [9, 11], [10, 12], [11, 13], [12, 14], [13, 15], [14, 16], [15, 17], [16, 18], [17, 19], [18, 20], [19, 21], [20, 22], [21, 23], [22, 24], [23, 25], [24, 26], [25, 27], [26, 28], [27, 29], [28, 30], [29, 31], [30, 32], [31, 33]]","[0, 1, 2, 3]","[0, 1, 2, 3, 4, 5]",True,
CHEMBL204_Ki,301,419,465,48,calibration,True,2.1497623203333323,34.0,"[[0, 0], [1, 1], [2, 2], [3, 3], [4, 4], [5, 5], [6, 6], [7, 7], [8, 8], [9, 9], [10, 10], [11, 12], [12, 11], [13, 19], [14, 18], [15, 14], [16, 15], [17, 16], [18, 17], [20, 13], [21, 20], [22, 21], [23, 22], [24, 23], [25, 24], [26, 25], [27, 26], [28, 27], [29, 28], [30, 29], [31, 30], [32, 31], [33, 32], [34, 33]]","[9, 10, 11, 12, 16, 18, 19, 20]","[9, 10, 11, 12, 19]",True,
CHEMBL204_Ki,305,423,434,49,calibration,True,2.4529875750029437,31.0,"[[0, 0], [1, 1], [2, 2], [3, 3], [4, 4], [5, 5], [6, 6], [7, 7], [8, 8], [9, 9], [10, 10], [11, 11], [12, 12], [13, 13], [14, 14], [15, 15], [16, 16], [17, 17], [18, 18], [19, 19], [20, 20], [21, 21], [22, 22], [23, 23], [24, 24], [25, 25], [26, 26], [27, 27], [28, 28], [29, 29], [30, 31]]","[29, 30, 31, 32, 33, 34, 35]","[27, 29, 30, 31]",True,
CHEMBL204_Ki,307,424,454,47,calibration,True,2.230448921378274,38.0,"[[1, 8], [2, 9], [3, 4], [4, 5], [5, 3], [6, 2], [7, 1], [8, 0], [9, 10], [10, 11], [11, 12], [12, 13], [13, 14], [14, 15], [15, 16], [16, 17], [17, 18], [18, 19], [19, 20], [20, 21], [21, 22], [22, 23], [23, 24], [24, 25], [25, 26], [26, 27], [27, 28], [28, 29], [29, 30], [30, 31], [31, 32], [32, 37], [33, 36], [34, 35], [35, 34], [36, 33], [37, 6], [38, 7]]","[0, 1, 2, 3, 4, 5, 6, 37, 38]","[2, 3, 4, 5, 9]",True,
CHEMBL204_Ki,373,477,501,53,calibration,True,1.6989700043360187,35.0,"[[1, 1], [2, 0], [3, 2], [4, 3], [5, 4], [6, 5], [7, 6], [8, 7], [9, 8], [10, 9], [11, 10], [12, 11], [13, 12], [14, 13], [15, 14], [16, 15], [17, 16], [18, 17], [19, 18], [20, 19], [21, 22], [22, 23], [23, 24], [24, 25], [25, 26], [26, 27], [27, 28], [28, 33], [29, 32], [30, 31], [31, 30], [32, 29], [33, 34], [34, 35], [35, 36]]","[0, 1, 2, 3, 4, 13, 14, 15, 21, 22]","[0, 1, 2, 3, 12, 13, 14, 20, 21, 22, 23]",True,
CHEMBL204_Ki,376,482,486,54,calibration,True,1.3010299956639813,35.0,"[[0, 0], [1, 1], [2, 2], [3, 3], [4, 4], [5, 5], [6, 6], [7, 7], [8, 8], [9, 9], [10, 10], [11, 11], [12, 12], [13, 13], [14, 14], [15, 15], [16, 17], [17, 18], [18, 19], [19, 20], [20, 21], [21, 22], [22, 23], [23, 24], [24, 25], [25, 26], [26, 27], [27, 28], [28, 29], [29, 30], [30, 35], [31, 34], [32, 33], [33, 32], [34, 31]]",[],"[13, 14, 15, 16]",True,
CHEMBL204_Ki,381,487,493,51,test,True,2.9930686515658893,33.0,"[[0, 29], [1, 28], [2, 6], [3, 7], [4, 8], [5, 9], [6, 10], [7, 11], [8, 12], [9, 13], [10, 14], [11, 15], [12, 16], [13, 17], [14, 18], [15, 19], [16, 20], [17, 21], [18, 22], [19, 27], [20, 26], [21, 25], [22, 24], [23, 23], [30, 30], [31, 31], [32, 32], [33, 33], [34, 34], [35, 35], [36, 36], [37, 37], [38, 38]]","[1, 2, 3, 24, 25, 26, 27, 28, 29]","[0, 1, 2, 3, 4, 5, 6, 7, 28, 39, 40]",True,
CHEMBL204_Ki,393,498,502,52,test,True,2.8725204610144166,35.0,"[[4, 1], [5, 3], [6, 4], [7, 5], [8, 6], [9, 7], [10, 8], [11, 9], [12, 10], [13, 11], [14, 12], [15, 13], [16, 14], [17, 15], [18, 16], [19, 17], [20, 18], [21, 19], [22, 20], [23, 21], [24, 22], [25, 23], [26, 24], [27, 25], [28, 26], [29, 27], [30, 28], [31, 29], [32, 30], [33, 31], [34, 32], [35, 33], [36, 34], [37, 35], [38, 36]]","[0, 1, 2, 3, 4, 5]","[0, 1, 2, 3]",True,
CHEMBL204_Ki,434,523,577,58,calibration,True,2.7873919071185576,52.0,"[[1, 0], [2, 1], [3, 2], [5, 3], [6, 4], [7, 5], [8, 6], [9, 7], [10, 8], [11, 9], [12, 10], [13, 11], [14, 12], [15, 13], [16, 14], [17, 15], [18, 16], [19, 17], [20, 18], [21, 19], [22, 20], [23, 21], [24, 22], [25, 23], [26, 24], [27, 25], [28, 26], [29, 33], [30, 34], [31, 35], [32, 36], [33, 37], [34, 38], [35, 27], [36, 32], [37, 31], [38, 30], [39, 29], [40, 28], [41, 39], [42, 40], [43, 41], [44, 42], [45, 43], [46, 44], [47, 45], [48, 46], [49, 48], [50, 47], [51, 49], [52, 50], [53, 51]]","[0, 1, 2, 3, 4, 5]",[],True,
CHEMBL204_Ki,439,529,567,56,test,True,2.409369470452821,30.0,"[[0, 0], [1, 1], [2, 2], [3, 3], [4, 4], [5, 5], [6, 6], [7, 7], [8, 8], [9, 9], [10, 10], [11, 11], [12, 12], [13, 13], [14, 14], [15, 15], [16, 16], [17, 17], [18, 18], [19, 19], [20, 20], [21, 21], [22, 22], [23, 23], [24, 24], [25, 25], [26, 26], [27, 27], [28, 28], [30, 29]]","[26, 28, 29]",[],True,
CHEMBL204_Ki,471,552,1854,63,calibration,True,1.574031267727717,20.0,"[[7, 7], [8, 8], [9, 9], [10, 10], [11, 11], [12, 12], [14, 14], [15, 15], [18, 18], [19, 19], [20, 20], [21, 21], [22, 22], [23, 23], [24, 24], [25, 25], [26, 26], [27, 27], [28, 28], [29, 29]]","[0, 1, 2, 3, 4, 5, 6, 7, 8, 10, 12, 13, 14, 15, 16, 17, 18, 19, 30, 31]","[0, 1, 2, 3, 4, 5, 6, 7, 8, 10, 12, 13, 14, 15, 16, 17, 18, 19, 30, 31]",True,
CHEMBL204_Ki,495,584,2662,65,calibration,True,1.2126080928814442,19.0,"[[0, 1], [1, 2], [3, 3], [4, 4], [5, 5], [6, 6], [7, 7], [8, 8], [10, 17], [11, 16], [12, 12], [13, 13], [14, 14], [15, 15], [16, 11], [17, 10], [18, 18], [20, 20], [21, 21]]","[0, 1, 2, 3, 4, 7, 8, 9, 10, 11, 17, 18, 19, 20]","[0, 1, 2, 3, 4, 7, 8, 9, 10, 11, 17, 18, 19, 20]",True,
CHEMBL204_Ki,515,606,1511,67,test,True,1.6901960800285156,32.0,"[[0, 0], [1, 1], [2, 2], [3, 3], [4, 4], [5, 5], [6, 6], [7, 7], [8, 8], [9, 9], [10, 10], [11, 11], [12, 12], [13, 13], [14, 22], [15, 21], [16, 16], [17, 17], [18, 19], [19, 15], [20, 14], [21, 23], [22, 24], [23, 25], [24, 26], [25, 27], [26, 28], [27, 29], [28, 30], [29, 31], [30, 32], [31, 33]]",[],"[16, 17, 18, 19, 20]",True,
CHEMBL204_Ki,523,619,691,70,test,True,1.905578787395639,31.0,"[[0, 0], [1, 1], [2, 2], [3, 3], [4, 4], [5, 5], [6, 6], [7, 7], [8, 8], [9, 9], [10, 10], [11, 11], [12, 12], [13, 13], [14, 14], [15, 15], [16, 16], [17, 17], [18, 18], [19, 19], [20, 20], [21, 21], [22, 22], [23, 23], [24, 24], [25, 25], [26, 26], [27, 27], [28, 29], [29, 30], [30, 31]]",[],"[25, 26, 27, 28, 29, 30, 31, 32]",True,
CHEMBL204_Ki,538,639,1179,73,test,True,1.1249387366083,29.0,"[[0, 0], [1, 1], [2, 2], [3, 3], [4, 4], [5, 5], [6, 6], [7, 7], [13, 12], [14, 13], [15, 14], [16, 15], [17, 16], [18, 31], [19, 30], [20, 19], [21, 20], [22, 21], [23, 22], [24, 23], [25, 24], [26, 25], [27, 26], [28, 27], [29, 28], [30, 29], [31, 18], [32, 17], [33, 32]]","[6, 7, 8, 9, 10, 11, 12, 13, 14, 33]","[6, 7, 8, 9, 10, 11, 12, 13, 32]",True,
CHEMBL204_Ki,539,641,644,74,calibration,True,4.04921802267018,34.0,"[[0, 0], [1, 1], [2, 2], [3, 3], [4, 4], [5, 5], [6, 6], [7, 7], [8, 8], [9, 9], [10, 10], [11, 11], [12, 12], [13, 13], [14, 14], [15, 15], [16, 16], [17, 17], [18, 18], [19, 19], [20, 20], [21, 21], [25, 22], [26, 23], [27, 24], [28, 25], [29, 26], [30, 27], [31, 28], [32, 29], [33, 30], [34, 31], [35, 32], [36, 33]]","[20, 21, 22, 23, 24, 25, 26]","[20, 21, 22, 23]",True,
CHEMBL204_Ki,610,717,735,68,calibration,True,2.2498774732166,22.0,"[[1, 0], [2, 1], [3, 2], [4, 3], [5, 4], [10, 10], [11, 11], [12, 12], [13, 13], [14, 14], [16, 16], [17, 17], [18, 18], [19, 19], [20, 20], [21, 21], [22, 22], [23, 23], [24, 24], [25, 26], [26, 25], [27, 27]]","[0, 1, 2, 4, 5, 6, 7, 8, 9, 13, 14, 15, 16]","[3, 4, 5, 6, 7, 8, 9, 13, 14, 15, 16]",True,
CHEMBL204_Ki,656,810,827,79,calibration,True,1.1461280356782382,28.0,"[[0, 0], [1, 1], [2, 2], [3, 3], [4, 4], [5, 5], [6, 6], [10, 10], [11, 11], [12, 12], [14, 13], [15, 28], [16, 27], [17, 16], [18, 17], [19, 18], [20, 19], [21, 20], [22, 21], [23, 22], [24, 23], [25, 24], [26, 25], [27, 26], [28, 15], [29, 14], [31, 29], [32, 30]]","[5, 6, 7, 8, 9, 10, 11, 12, 13, 14, 15, 28, 29, 30, 31, 32]","[5, 6, 7, 8, 9, 10, 11, 12, 13, 14, 28, 29, 30]",True,
CHEMBL204_Ki,666,825,1127,81,test,True,2.3582926486299813,30.0,"[[0, 0], [1, 1], [2, 2], [3, 3], [4, 4], [5, 5], [6, 6], [7, 7], [8, 8], [9, 9], [10, 10], [11, 11], [12, 12], [13, 13], [15, 14], [16, 15], [17, 16], [18, 17], [19, 18], [20, 19], [21, 20], [22, 21], [23, 22], [24, 23], [25, 24], [26, 25], [27, 26], [28, 27], [32, 32], [33, 33]]","[12, 13, 14, 15, 27, 28, 29, 30, 31, 32, 33]","[26, 27, 28, 29, 30, 31, 32, 33]",True,
CHEMBL204_Ki,671,835,843,82,test,True,4.449771646944905,38.0,"[[0, 3], [1, 1], [2, 4], [3, 5], [4, 6], [5, 7], [6, 8], [7, 9], [8, 10], [9, 11], [10, 12], [11, 13], [12, 14], [13, 15], [14, 16], [15, 17], [16, 18], [17, 19], [18, 20], [19, 21], [20, 22], [21, 23], [22, 24], [23, 25], [24, 26], [25, 27], [26, 28], [27, 29], [28, 30], [29, 31], [30, 32], [31, 34], [32, 35], [33, 40], [34, 39], [35, 38], [36, 37], [37, 36]]","[0, 1, 2, 3, 28, 30, 31, 32]","[0, 1, 2, 3, 4, 5, 30, 32, 33, 34, 35]",True,
CHEMBL204_Ki,675,848,856,84,test,True,1.7229080118341074,30.0,"[[0, 0], [1, 1], [2, 2], [3, 3], [5, 4], [6, 5], [7, 6], [8, 7], [9, 8], [10, 9], [11, 10], [12, 11], [13, 12], [14, 13], [15, 14], [16, 15], [17, 16], [18, 17], [19, 18], [20, 19], [21, 20], [22, 21], [23, 22], [24, 23], [25, 24], [26, 25], [27, 26], [28, 27], [29, 28], [30, 29]]","[1, 3, 4, 5]",[],True,
CHEMBL204_Ki,692,912,1411,4,test,True,2.340538536947655,25.0,"[[0, 0], [1, 1], [2, 2], [3, 3], [4, 4], [5, 5], [6, 6], [7, 7], [9, 9], [10, 8], [12, 10], [13, 11], [14, 12], [15, 13], [16, 14], [17, 15], [18, 16], [19, 17], [20, 18], [21, 19], [22, 20], [23, 21], [24, 22], [25, 23], [26, 24]]","[6, 7, 8, 9, 10, 11, 12]","[6, 7, 8, 9, 10]",True,
CHEMBL204_Ki,706,944,951,90,calibration,True,1.4996870826184043,21.0,"[[1, 16], [2, 15], [3, 14], [4, 3], [5, 4], [6, 5], [7, 6], [8, 7], [9, 8], [10, 9], [11, 10], [12, 11], [13, 12], [14, 13], [15, 2], [16, 1], [17, 17], [18, 18], [19, 19], [20, 20], [26, 25]]","[0, 1, 2, 15, 16, 17, 18, 19, 20, 21, 22, 23, 24, 25, 26]","[0, 1, 2, 15, 16, 17, 18, 19, 20, 21, 22, 23, 24, 25]",True,
CHEMBL204_Ki,715,975,1006,88,calibration,True,2.0910804693473324,34.0,"[[0, 0], [1, 1], [2, 2], [3, 3], [4, 4], [5, 5], [6, 6], [7, 7], [8, 8], [9, 9], [10, 10], [11, 11], [12, 12], [13, 13], [14, 14], [15, 15], [16, 16], [24, 23], [25, 24], [26, 25], [27, 26], [28, 27], [29, 28], [30, 29], [31, 30], [32, 31], [33, 32], [34, 33], [35, 34], [36, 35], [37, 36], [38, 37], [39, 38], [40, 39]]","[14, 16, 17, 18, 19, 20, 21, 22, 23]","[14, 16, 17, 18, 19, 20, 21, 22]",True,
CHEMBL204_Ki,725,995,999,55,test,True,3.411442479075685,35.0,"[[1, 0], [2, 1], [3, 2], [4, 3], [5, 4], [6, 5], [7, 6], [8, 7], [9, 8], [10, 9], [11, 10], [12, 11], [13, 12], [14, 13], [15, 14], [16, 15], [17, 16], [18, 17], [19, 18], [20, 19], [21, 20], [22, 21], [23, 22], [24, 23], [25, 24], [26, 25], [27, 26], [28, 27], [29, 28], [30, 29], [31, 30], [32, 31], [33, 32], [34, 33], [35, 34]]","[0, 1, 2]",[],True,
CHEMBL204_Ki,726,1022,1028,91,calibration,True,1.9542425094393248,40.0,"[[0, 0], [1, 1], [2, 2], [3, 3], [4, 4], [5, 5], [6, 6], [7, 7], [8, 8], [9, 9], [10, 10], [11, 11], [12, 12], [13, 13], [14, 14], [15, 15], [16, 16], [17, 17], [18, 18], [19, 20], [20, 21], [21, 22], [22, 23], [23, 24], [24, 25], [25, 26], [26, 27], [27, 28], [28, 29], [29, 31], [30, 32], [31, 33], [32, 34], [33, 35], [34, 36], [35, 37], [36, 38], [37, 39], [38, 40], [39, 41]]","[16, 18, 19, 20, 26, 27, 28, 29, 30]","[16, 18, 19, 20, 21, 27, 28, 29, 30, 31, 32]",True,
CHEMBL204_Ki,729,1027,1058,92,calibration,True,1.6047000874941704,31.0,"[[0, 0], [1, 1], [2, 2], [3, 3], [4, 4], [5, 5], [6, 6], [7, 7], [8, 8], [10, 10], [11, 11], [12, 12], [13, 13], [14, 14], [15, 15], [16, 16], [17, 18], [18, 19], [19, 20], [20, 21], [21, 22], [22, 23], [23, 24], [24, 25], [25, 26], [26, 27], [27, 28], [28, 29], [29, 30], [30, 31], [31, 32]]","[7, 8, 9, 10, 11, 12]","[7, 8, 9, 10, 11, 12, 15, 16, 17, 18]",True,
CHEMBL204_Ki,753,1201,1228,96,calibration,True,1.564271430438561,36.0,"[[2, 2], [3, 3], [4, 4], [5, 5], [6, 6], [7, 7], [8, 8], [9, 20], [10, 19], [11, 11], [13, 12], [14, 13], [15, 14], [16, 15], [17, 16], [18, 17], [19, 18], [20, 10], [21, 9], [22, 21], [23, 22], [24, 23], [25, 24], [26, 25], [27, 26], [28, 27], [29, 28], [30, 29], [31, 30], [32, 31], [33, 32], [34, 33], [35, 37], [36, 36], [37, 35], [38, 34]]","[0, 1, 2, 3, 10, 11, 12, 13, 14, 20, 32]","[0, 1, 2, 3, 10, 11, 12, 13, 19, 31]",True,
CHEMBL204_Ki,775,1224,1713,16,test,True,3.8450980400142583,36.0,"[[2, 1], [3, 2], [4, 3], [5, 4], [6, 5], [7, 6], [8, 7], [9, 8], [10, 9], [11, 10], [12, 11], [13, 12], [14, 13], [15, 14], [16, 15], [17, 16], [18, 17], [19, 18], [20, 19], [21, 20], [22, 21], [23, 22], [24, 24], [25, 25], [26, 26], [27, 27], [28, 28], [29, 29], [30, 30], [31, 31], [32, 32], [33, 37], [34, 36], [35, 35], [36, 34], [37, 33]]","[0, 1, 2, 3, 4]","[0, 1, 2, 3, 20, 22, 23]",True,
CHEMBL204_Ki,785,1238,1279,95,calibration,True,3.3414586527195898,32.0,"[[0, 0], [1, 1], [2, 2], [3, 3], [4, 4], [5, 5], [6, 6], [7, 7], [11, 13], [12, 14], [13, 15], [14, 16], [15, 17], [16, 18], [19, 21], [20, 22], [21, 35], [22, 34], [23, 25], [24, 26], [25, 27], [26, 28], [27, 29], [28, 33], [29, 32], [30, 31], [31, 30], [32, 24], [33, 23], [34, 36], [35, 37], [36, 38]]","[6, 7, 8, 9, 10, 11, 12, 17, 18]","[6, 7, 8, 9, 10, 11, 12, 13, 14, 19, 20]",True,
CHEMBL204_Ki,791,1246,1721,93,test,True,3.491361693834273,38.0,"[[0, 0], [1, 1], [2, 2], [3, 4], [4, 5], [5, 6], [6, 7], [7, 8], [8, 9], [9, 10], [10, 11], [11, 12], [12, 13], [13, 14], [14, 15], [15, 16], [16, 17], [17, 18], [18, 19], [19, 20], [21, 21], [22, 22], [23, 23], [24, 24], [25, 25], [26, 32], [27, 37], [28, 36], [29, 35], [30, 34], [31, 33], [32, 26], [33, 27], [34, 28], [35, 29], [36, 30], [37, 31], [38, 38]]","[18, 19, 20, 21, 22]","[1, 2, 3, 19, 20, 21, 22]",True,
CHEMBL204_Ki,815,1272,1289,98,test,True,1.169142399100353,33.0,"[[0, 0], [1, 1], [2, 2], [3, 3], [4, 4], [5, 5], [12, 12], [13, 13], [14, 14], [15, 15], [16, 16], [17, 17], [18, 18], [19, 19], [20, 20], [21, 21], [22, 22], [23, 23], [24, 24], [25, 25], [26, 26], [27, 27], [28, 28], [29, 29], [30, 30], [31, 31], [32, 32], [33, 33], [34, 34], [35, 35], [36, 36], [37, 37], [38, 38]]","[4, 5, 6, 7, 8, 9, 10, 11]","[4, 5, 6, 7, 8, 9, 10, 11]",True,
CHEMBL204_Ki,819,1296,1737,100,calibration,True,2.6111920608684365,32.0,"[[0, 0], [1, 1], [2, 2], [3, 3], [4, 4], [5, 5], [6, 23], [7, 24], [8, 25], [9, 26], [10, 27], [11, 31], [12, 32], [13, 13], [14, 14], [15, 15], [16, 16], [17, 17], [18, 18], [19, 19], [20, 20], [21, 21], [22, 22], [23, 6], [24, 7], [25, 8], [26, 9], [28, 28], [29, 29], [30, 30], [31, 11], [32, 12]]","[4, 5, 6, 7, 13, 20, 22, 23, 24, 25, 26, 27, 28, 29, 30, 31, 32]","[4, 5, 6, 7, 8, 9, 10, 11, 12, 13, 20, 22, 23, 24, 26, 27, 28, 29, 30, 31]",True,
CHEMBL204_Ki,842,1314,1387,102,calibration,True,2.659461463052345,28.0,"[[0, 0], [1, 1], [2, 2], [3, 3], [4, 4], [5, 5], [6, 6], [7, 7], [8, 8], [10, 10], [11, 11], [12, 12], [13, 13], [14, 14], [15, 15], [16, 16], [17, 17], [18, 18], [19, 19], [20, 20], [21, 21], [22, 22], [23, 23], [24, 24], [25, 25], [26, 26], [27, 27], [28, 28]]","[7, 8, 9, 10, 11, 12, 13, 14]","[7, 8, 9, 10, 11, 12, 13, 14]",True,
CHEMBL204_Ki,846,1316,1379,103,calibration,True,1.6368220975871743,46.0,"[[2, 0], [3, 1], [7, 3], [8, 4], [9, 5], [10, 6], [11, 7], [12, 8], [13, 9], [14, 10], [15, 11], [16, 12], [17, 13], [18, 14], [19, 15], [20, 16], [21, 17], [22, 18], [23, 19], [24, 20], [25, 21], [26, 22], [27, 23], [28, 24], [29, 25], [30, 26], [31, 27], [32, 28], [33, 29], [34, 30], [35, 31], [36, 32], [37, 33], [38, 34], [39, 35], [40, 36], [41, 37], [42, 38], [43, 39], [44, 40], [45, 41], [46, 42], [47, 43], [48, 44], [49, 45], [50, 46]]","[0, 1, 2, 3, 4, 5, 6, 7, 8]","[0, 1, 2, 3, 4]",True,
CHEMBL204_Ki,883,1358,1406,104,test,True,3.070581074285707,39.0,"[[0, 0], [1, 1], [2, 2], [3, 3], [4, 4], [5, 5], [6, 6], [7, 7], [8, 8], [9, 9], [10, 10], [11, 11], [12, 12], [13, 13], [14, 14], [15, 15], [16, 16], [17, 17], [18, 18], [19, 19], [20, 20], [21, 21], [22, 22], [23, 23], [24, 24], [25, 25], [33, 32], [34, 33], [35, 34], [36, 35], [37, 36], [38, 37], [39, 38], [40, 39], [41, 40], [42, 41], [43, 42], [44, 43], [45, 44]]","[24, 25, 26, 27, 28, 29, 30, 31, 32]","[24, 25, 26, 27, 28, 29, 30, 31]",True,
CHEMBL204_Ki,896,1405,1477,83,test,True,1.0770151842911178,28.0,"[[0, 0], [1, 1], [2, 2], [3, 3], [4, 4], [5, 5], [6, 6], [7, 7], [8, 8], [9, 9], [10, 10], [11, 11], [12, 12], [13, 14], [14, 15], [15, 16], [16, 17], [17, 18], [18, 19], [20, 21], [21, 22], [22, 23], [23, 24], [26, 29], [27, 30], [28, 31], [29, 32], [30, 33]]","[17, 18, 19, 20, 21, 24, 25]","[9, 12, 13, 14, 18, 19, 20, 21, 22, 25, 26, 27, 28]",True,
CHEMBL204_Ki,902,1430,1482,41,test,True,1.6989700043360187,20.0,"[[0, 0], [1, 1], [2, 2], [3, 3], [4, 5], [5, 6], [6, 7], [7, 8], [8, 9], [9, 10], [10, 11], [11, 12], [12, 13], [13, 14], [14, 15], [15, 16], [16, 17], [17, 18], [18, 19], [19, 20]]",[],"[2, 3, 4, 5]",True,
CHEMBL204_Ki,904,1441,1452,108,test,True,1.241592807812114,30.0,"[[1, 5], [3, 3], [4, 4], [6, 6], [7, 7], [8, 8], [9, 9], [10, 10], [11, 11], [12, 12], [13, 13], [14, 14], [15, 15], [16, 16], [17, 17], [18, 18], [19, 19], [20, 20], [21, 21], [22, 22], [23, 23], [24, 24], [25, 25], [26, 26], [27, 27], [28, 28], [29, 29], [30, 30], [31, 31], [32, 32]]","[0, 1, 2, 3, 4, 5, 6]","[0, 1, 2, 3, 4, 5]",True,
CHEMBL204_Ki,906,1442,1489,106,test,True,3.2900346113625174,31.0,"[[1, 1], [2, 0], [3, 3], [4, 4], [5, 5], [6, 6], [7, 7], [8, 8], [9, 9], [10, 10], [11, 11], [13, 12], [14, 13], [15, 14], [16, 15], [17, 16], [18, 17], [19, 18], [20, 19], [21, 20], [22, 21], [23, 22], [24, 23], [25, 24], [26, 25], [27, 26], [28, 27], [29, 28], [30, 29], [31, 30], [32, 31]]","[0, 1, 2, 3, 10, 11, 12, 13, 14, 18]","[0, 1, 2, 3, 10, 11, 12, 13, 17]",True,
CHEMBL204_Ki,907,1451,1459,109,calibration,True,1.6283889300503116,29.0,"[[1, 2], [2, 1], [3, 5], [4, 4], [5, 3], [6, 29], [7, 7], [8, 8], [9, 9], [10, 10], [11, 11], [12, 12], [13, 13], [14, 14], [15, 15], [16, 16], [17, 17], [18, 18], [19, 19], [20, 20], [21, 21], [22, 22], [23, 23], [24, 24], [25, 25], [26, 26], [27, 27], [28, 28], [29, 6]]","[0, 1, 2, 3, 4, 29]","[0, 1, 2, 3, 4, 29]",True,
CHEMBL204_Ki,908,1457,1500,39,test,True,1.120086233813887,26.0,"[[0, 0], [1, 1], [2, 2], [3, 3], [4, 4], [5, 5], [6, 6], [7, 7], [8, 8], [9, 9], [10, 10], [11, 11], [12, 12], [13, 13], [14, 14], [15, 15], [16, 16], [25, 24], [26, 25], [27, 26], [28, 31], [29, 30], [30, 29], [31, 28], [32, 27], [33, 32]]","[15, 16, 17, 18, 19, 20, 21, 22, 23, 24, 25, 26]","[15, 16, 17, 18, 19, 20, 21, 22, 23, 24, 25]",True,
CHEMBL204_Ki,914,1492,1493,110,test,True,1.0532455119532251,29.0,"[[0, 20], [1, 19], [2, 21], [3, 18], [4, 17], [5, 16], [6, 15], [7, 14], [8, 12], [9, 13], [10, 11], [11, 10], [12, 8], [13, 9], [14, 7], [15, 6], [16, 5], [17, 29], [18, 30], [19, 2], [22, 3], [23, 4], [24, 23], [25, 28], [26, 27], [27, 26], [28, 25], [29, 24], [30, 22]]","[18, 19, 20, 21, 22]","[0, 1, 2, 3, 30]",True,
CHEMBL204_Ki,933,1512,1520,114,calibration,True,1.26769309038868,29.0,"[[0, 0], [1, 1], [2, 2], [3, 3], [4, 4], [5, 5], [6, 6], [7, 7], [8, 8], [9, 9], [10, 10], [11, 11], [12, 12], [13, 13], [14, 14], [15, 15], [16, 16], [17, 17], [18, 18], [19, 19], [20, 20], [21, 21], [22, 22], [27, 27], [28, 28], [29, 29], [32, 32], [33, 33], [34, 34]]","[20, 22, 23, 24, 25, 26, 27, 28, 29, 30, 31]","[20, 22, 23, 24, 25, 26, 27, 28, 29, 30, 31]",True,
CHEMBL204_Ki,935,1517,1534,115,calibration,True,1.6276140958003502,32.0,"[[0, 0], [1, 1], [2, 2], [3, 3], [4, 4], [5, 5], [6, 6], [7, 7], [8, 8], [9, 9], [10, 10], [11, 11], [12, 12], [13, 13], [14, 14], [15, 15], [16, 16], [17, 17], [18, 18], [19, 19], [20, 20], [21, 21], [22, 22], [23, 23], [25, 24], [26, 25], [27, 26], [28, 27], [29, 28], [30, 29], [31, 30], [32, 31]]","[22, 23, 24, 25]",[],True,
CHEMBL204_Ki,941,1537,1556,116,test,True,2.60151678365001,30.0,"[[0, 2], [1, 1], [2, 0], [4, 3], [7, 6], [8, 7], [9, 8], [10, 9], [11, 10], [12, 11], [13, 12], [14, 13], [15, 14], [16, 15], [17, 16], [18, 17], [19, 18], [20, 19], [21, 20], [22, 21], [23, 22], [24, 23], [25, 24], [26, 25], [27, 26], [28, 27], [29, 28], [30, 29], [31, 30], [32, 31]]","[1, 2, 3, 4, 5, 6, 7, 8, 33, 34]","[1, 3, 4, 5, 6, 7, 32]",True,
CHEMBL204_Ki,960,1560,1571,117,test,True,1.174239254194088,23.0,"[[0, 0], [1, 1], [2, 2], [3, 3], [4, 4], [5, 5], [6, 6], [7, 7], [8, 8], [9, 9], [10, 10], [11, 11], [12, 12], [13, 19], [14, 18], [15, 15], [16, 16], [19, 14], [20, 13], [21, 20], [22, 21], [23, 22], [24, 23]]","[15, 16, 17, 18]","[15, 16, 17]",True,
CHEMBL204_Ki,1020,1635,1652,123,calibration,True,1.7549214096651706,26.0,"[[0, 0], [1, 1], [2, 2], [3, 3], [4, 4], [5, 5], [6, 6], [7, 7], [8, 8], [9, 9], [10, 10], [11, 11], [12, 12], [14, 13], [15, 14], [16, 15], [17, 16], [18, 17], [19, 18], [20, 19], [21, 20], [22, 21], [23, 22], [24, 23], [25, 24], [26, 25]]","[10, 11, 12, 13]",[],True,
CHEMBL204_Ki,1028,1647,1663,121,calibration,True,2.487714328217086,37.0,"[[0, 1], [1, 2], [2, 3], [3, 4], [4, 5], [5, 6], [6, 7], [7, 8], [8, 9], [9, 10], [10, 11], [11, 12], [12, 13], [13, 14], [14, 15], [15, 16], [16, 17], [17, 18], [18, 19], [19, 20], [20, 21], [21, 22], [22, 23], [23, 24], [24, 25], [25, 26], [26, 27], [27, 28], [28, 29], [29, 30], [30, 31], [31, 32], [32, 33], [33, 34], [34, 35], [35, 36], [36, 37]]",[],"[0, 1, 2]",True,
CHEMBL204_Ki,1037,1668,1699,124,test,True,2.0791812460476238,30.0,"[[1, 22], [2, 23], [3, 21], [4, 20], [5, 19], [6, 18], [7, 17], [8, 15], [9, 16], [10, 14], [11, 13], [12, 12], [13, 11], [14, 9], [15, 10], [16, 8], [17, 7], [18, 6], [19, 5], [20, 4], [21, 2], [22, 3], [23, 1], [24, 0], [25, 25], [26, 26], [27, 27], [28, 28], [29, 29], [30, 30]]","[0, 1, 2, 3]","[21, 22, 23, 24]",True,
CHEMBL204_Ki,1065,1744,1755,24,test,True,4.009340026254143,30.0,"[[0, 0], [1, 1], [2, 2], [3, 3], [4, 4], [5, 5], [6, 6], [7, 7], [8, 8], [9, 9], [10, 10], [11, 11], [12, 12], [13, 13], [14, 14], [15, 15], [16, 16], [17, 17], [18, 18], [19, 19], [20, 20], [21, 21], [22, 22], [23, 23], [24, 24], [25, 30], [26, 29], [27, 28], [28, 26], [29, 25]]","[24, 28, 29, 30]","[24, 25, 26, 27, 28, 29, 30, 31, 32]",True,
CHEMBL204_Ki,1107,1816,1818,133,test,True,1.0746336182969038,32.0,"[[1, 31], [2, 30], [3, 29], [4, 28], [5, 27], [6, 5], [7, 6], [8, 7], [9, 8], [10, 16], [11, 15], [12, 11], [13, 12], [14, 13], [15, 14], [16, 10], [17, 9], [18, 17], [19, 18], [20, 19], [21, 20], [22, 21], [23, 26], [24, 25], [25, 24], [26, 23], [27, 22], [28, 4], [29, 3], [30, 2], [31, 1], [32, 0]]","[0, 1, 2]","[30, 31, 32, 33, 34, 35, 36, 37]",True,
CHEMBL204_Ki,1111,1830,2706,134,test,True,3.221848749616356,25.0,"[[0, 0], [1, 1], [2, 2], [3, 3], [4, 4], [5, 5], [6, 6], [7, 7], [8, 8], [9, 9], [10, 10], [11, 11], [12, 12], [13, 13], [14, 14], [15, 15], [16, 16], [17, 17], [18, 18], [19, 19], [20, 20], [21, 21], [22, 22], [23, 23], [24, 24]]","[23, 24, 25]","[23, 24, 25]",True,
CHEMBL204_Ki,1112,1832,1834,135,calibration,True,3.0501666094657303,34.0,"[[0, 3], [1, 4], [2, 5], [3, 6], [4, 7], [5, 8], [6, 9], [7, 10], [8, 11], [9, 12], [10, 13], [11, 14], [12, 15], [13, 16], [14, 17], [15, 18], [16, 19], [17, 20], [18, 21], [19, 22], [20, 23], [21, 24], [22, 25], [23, 26], [24, 27], [25, 28], [26, 29], [27, 30], [28, 31], [29, 32], [30, 33], [31, 34], [32, 35], [33, 36]]",[],"[0, 1, 2, 3, 4]",True,
CHEMBL204_Ki,1114,1850,1856,66,test,True,3.2730012720637376,30.0,"[[0, 0], [1, 1], [2, 2], [3, 3], [4, 4], [5, 5], [6, 6], [7, 7], [8, 8], [9, 9], [10, 10], [11, 11], [12, 12], [13, 13], [14, 14], [15, 15], [16, 16], [17, 17], [18, 18], [19, 19], [20, 20], [21, 21], [23, 23], [24, 24], [25, 25], [26, 26], [27, 27], [28, 28], [29, 29], [30, 31]]","[20, 21, 22, 23]","[20, 21, 22, 23, 28, 29, 30, 31]",True,
CHEMBL204_Ki,1149,1942,1943,141,calibration,True,1.1810546785872322,25.0,"[[4, 6], [5, 7], [6, 8], [7, 9], [8, 10], [9, 11], [10, 12], [11, 13], [12, 14], [13, 15], [14, 16], [15, 17], [16, 18], [17, 19], [18, 20], [19, 21], [20, 22], [21, 23], [22, 24], [23, 25], [24, 26], [25, 27], [26, 28], [27, 29], [28, 30]]","[0, 1, 2, 3, 4, 5, 27, 28, 29]","[0, 1, 2, 3, 4, 5, 6, 7, 29, 30, 31]",True,
CHEMBL204_Ki,1180,1970,1986,144,test,True,1.1191864077192086,39.0,"[[0, 0], [1, 1], [2, 2], [3, 3], [4, 4], [5, 5], [6, 6], [7, 9], [8, 10], [9, 11], [10, 12], [11, 13], [12, 14], [13, 15], [14, 16], [15, 17], [16, 18], [17, 19], [18, 20], [19, 21], [20, 22], [21, 23], [22, 24], [23, 25], [24, 26], [25, 27], [26, 28], [27, 29], [28, 30], [29, 31], [30, 32], [31, 33], [32, 34], [33, 35], [34, 36], [35, 37], [36, 38], [37, 39], [38, 40]]","[5, 6, 7, 8, 37, 38]","[5, 6, 7, 8, 9, 10, 39, 40]",True,
CHEMBL204_Ki,1194,1991,1996,145,calibration,True,1.5228787452803385,43.0,"[[0, 4], [1, 5], [2, 6], [3, 7], [4, 8], [5, 9], [6, 10], [7, 11], [8, 12], [9, 13], [10, 14], [11, 15], [12, 16], [13, 17], [14, 18], [15, 19], [16, 20], [17, 21], [18, 22], [19, 23], [20, 24], [21, 25], [22, 26], [23, 27], [24, 28], [25, 29], [26, 30], [27, 31], [28, 32], [29, 33], [30, 34], [31, 35], [32, 36], [33, 37], [34, 38], [35, 39], [36, 40], [37, 41], [38, 42], [39, 43], [40, 44], [41, 45], [42, 46]]",[],"[0, 1, 2, 3, 4, 5]",True,
CHEMBL204_Ki,1202,2042,2045,146,calibration,True,1.204119982655925,29.0,"[[0, 0], [1, 1], [2, 2], [3, 3], [4, 4], [5, 5], [6, 6], [7, 7], [8, 8], [9, 9], [10, 10], [11, 11], [12, 12], [13, 13], [14, 14], [15, 15], [16, 16], [17, 17], [18, 18], [19, 19], [20, 20], [21, 21], [22, 22], [23, 23], [24, 24], [25, 25], [26, 26], [28, 28], [29, 29]]","[25, 26, 27, 28, 29]","[25, 26, 27, 28, 29]",True,
CHEMBL204_Ki,1204,2060,2063,147,test,True,3.1863104242373668,38.0,"[[0, 0], [1, 1], [2, 2], [3, 3], [4, 4], [5, 5], [6, 6], [7, 7], [8, 8], [9, 9], [10, 10], [11, 11], [12, 12], [13, 13], [17, 16], [18, 17], [19, 18], [20, 19], [21, 20], [22, 21], [23, 22], [24, 23], [25, 24], [26, 25], [27, 26], [28, 27], [29, 28], [30, 29], [31, 30], [32, 31], [33, 32], [34, 33], [35, 34], [36, 39], [37, 38], [38, 37], [39, 36], [40, 35]]","[11, 13, 14, 15, 16, 17, 18]","[11, 13, 14, 15, 16, 17]",True,
CHEMBL204_Ki,1232,2113,2124,150,calibration,True,1.2552725051033056,33.0,"[[0, 0], [1, 1], [2, 2], [3, 3], [4, 4], [5, 5], [6, 6], [7, 7], [8, 8], [9, 9], [10, 10], [11, 11], [12, 12], [13, 13], [14, 14], [15, 15], [16, 16], [17, 17], [18, 18], [19, 19], [20, 20], [21, 21], [22, 22], [23, 23], [24, 24], [25, 25], [26, 26], [27, 27], [29, 29], [30, 28], [31, 30], [35, 31], [36, 32]]","[26, 27, 28, 29, 30, 31, 32, 33, 34]","[26, 27, 28, 29, 30]",True,
CHEMBL204_Ki,1234,2143,2149,151,calibration,True,1.282546589969968,33.0,"[[3, 1], [4, 0], [5, 3], [6, 5], [7, 6], [8, 7], [9, 8], [10, 9], [11, 10], [12, 11], [13, 12], [14, 13], [15, 14], [16, 15], [17, 16], [18, 17], [19, 18], [20, 19], [21, 20], [22, 21], [23, 22], [24, 23], [25, 24], [26, 25], [27, 26], [28, 32], [29, 31], [30, 29], [31, 30], [32, 28], [33, 27], [34, 33], [35, 34]]","[0, 1, 2, 3, 4, 5, 6]","[0, 1, 2, 3, 4, 5]",True,
CHEMBL204_Ki,1245,2174,2181,152,calibration,True,2.079181246047625,38.0,"[[0, 0], [1, 1], [2, 2], [3, 3], [4, 4], [5, 5], [6, 6], [7, 7], [8, 8], [9, 9], [11, 15], [12, 16], [13, 17], [14, 18], [15, 19], [16, 20], [17, 38], [18, 37], [19, 23], [20, 24], [21, 25], [22, 26], [23, 27], [24, 28], [25, 29], [26, 30], [27, 31], [28, 32], [29, 33], [30, 34], [31, 35], [32, 36], [33, 22], [34, 21], [35, 39], [36, 40], [37, 41], [38, 42]]","[8, 9, 10]","[8, 9, 10, 11, 12, 13, 14]",True,
CHEMBL204_Ki,1254,2187,2352,153,calibration,True,1.3100312397787723,31.0,"[[0, 0], [1, 1], [2, 2], [3, 3], [4, 4], [5, 5], [6, 6], [7, 7], [8, 8], [9, 9], [10, 10], [11, 11], [12, 12], [13, 13], [14, 14], [15, 15], [16, 16], [17, 17], [18, 18], [19, 30], [20, 29], [21, 21], [25, 27], [26, 28], [27, 22], [28, 20], [29, 19], [30, 31], [31, 32], [32, 33], [33, 34]]","[20, 21, 22, 23, 24, 25, 26, 27, 28]","[20, 21, 22, 23, 24, 25, 26, 27, 28, 29]",True,
CHEMBL204_Ki,1255,2191,2193,154,calibration,True,1.3342171428738157,28.0,"[[0, 0], [1, 1], [2, 2], [3, 3], [4, 4], [5, 5], [6, 6], [7, 7], [8, 8], [9, 9], [10, 10], [11, 11], [12, 12], [13, 13], [14, 14], [15, 15], [16, 16], [17, 17], [18, 18], [19, 19], [20, 20], [21, 21], [22, 22], [23, 23], [24, 24], [25, 25], [26, 26], [27, 27]]","[15, 18, 19, 20]","[15, 18, 19, 20]",True,
CHEMBL204_Ki,1262,2203,2210,156,test,True,1.796522940454686,34.0,"[[0, 0], [1, 1], [2, 2], [3, 3], [4, 4], [5, 5], [6, 6], [7, 7], [8, 8], [9, 9], [10, 10], [11, 11], [12, 12], [13, 13], [14, 14], [15, 15], [16, 16], [17, 17], [18, 18], [19, 19], [20, 20], [21, 21], [22, 28], [23, 29], [24, 30], [25, 31], [26, 22], [27, 23], [28, 24], [29, 25], [30, 26], [31, 27], [32, 32], [33, 33]]","[18, 19, 20, 21, 22, 23, 31]","[18, 19, 20, 21, 22, 23, 31]",True,
CHEMBL204_Ki,1264,2206,2370,155,test,True,1.993266617341032,21.0,"[[1, 7], [3, 6], [4, 5], [5, 4], [6, 15], [7, 14], [8, 13], [10, 12], [11, 19], [12, 20], [13, 21], [14, 22], [15, 23], [16, 24], [17, 25], [18, 26], [19, 27], [20, 28], [21, 29], [22, 11], [24, 10]]","[0, 1, 2, 3, 4, 5, 6, 7, 8, 9, 10, 11, 12, 22, 23, 24, 25, 26, 27, 28, 29]","[0, 1, 2, 3, 4, 5, 6, 7, 8, 9, 10, 11, 12, 14, 15, 16, 17, 18, 19, 20]",True,
CHEMBL204_Ki,1273,2276,2282,159,calibration,True,1.563481085394411,38.0,"[[0, 0], [1, 1], [2, 2], [3, 3], [4, 4], [5, 5], [6, 6], [7, 7], [8, 8], [9, 9], [10, 10], [11, 11], [12, 12], [13, 13], [14, 14], [15, 15], [16, 19], [17, 20], [18, 21], [19, 22], [20, 23], [21, 24], [22, 25], [23, 26], [24, 27], [25, 28], [26, 29], [27, 30], [28, 31], [29, 32], [30, 33], [31, 34], [32, 35], [33, 36], [34, 37], [35, 38], [36, 39], [37, 40]]",[],"[10, 14, 15, 16, 17, 18]",True,
CHEMBL204_Ki,1303,2316,2317,142,test,True,2.814126470509575,34.0,"[[0, 15], [1, 14], [2, 16], [3, 13], [4, 12], [5, 11], [6, 10], [7, 9], [8, 8], [9, 7], [10, 18], [11, 19], [12, 20], [13, 21], [14, 22], [15, 23], [16, 24], [17, 25], [18, 26], [19, 27], [20, 28], [21, 29], [22, 30], [23, 31], [24, 32], [25, 33], [26, 5], [27, 6], [28, 4], [29, 3], [30, 2], [32, 35], [33, 34], [34, 17]]","[29, 30, 31, 32, 33]","[0, 1, 2, 3, 34, 35]",True,
CHEMBL204_Ki,1309,2375,2376,164,calibration,True,1.0377885608893995,30.0,"[[0, 0], [1, 1], [2, 2], [3, 29], [4, 28], [5, 5], [6, 6], [7, 7], [8, 8], [9, 9], [10, 10], [11, 11], [12, 12], [13, 13], [14, 14], [15, 15], [16, 16], [17, 17], [18, 18], [19, 19], [20, 20], [21, 21], [22, 22], [23, 23], [24, 24], [25, 25], [26, 26], [27, 27], [28, 4], [29, 3]]",[],"[2, 28, 29, 30, 31]",True,
CHEMBL204_Ki,1311,2415,2416,166,calibration,True,2.498055161555305,31.0,"[[0, 12], [1, 11], [2, 13], [3, 14], [4, 15], [5, 16], [6, 17], [7, 18], [8, 19], [9, 20], [10, 21], [11, 22], [12, 23], [13, 24], [14, 25], [15, 26], [16, 27], [17, 28], [18, 29], [19, 30], [20, 31], [21, 9], [22, 8], [23, 7], [24, 6], [25, 5], [26, 4], [27, 3], [28, 1], [30, 0], [31, 10]]","[27, 28, 29, 30]","[0, 1, 2, 3]",True,
CHEMBL204_Ki,1327,2437,2483,168,calibration,True,1.4259687322722805,39.0,"[[0, 0], [1, 1], [2, 2], [3, 3], [4, 4], [5, 5], [6, 7], [7, 8], [8, 9], [9, 10], [10, 11], [11, 12], [12, 13], [13, 14], [14, 15], [15, 16], [16, 17], [17, 18], [18, 19], [19, 20], [20, 21], [21, 22], [22, 23], [23, 24], [24, 25], [25, 26], [26, 27], [27, 28], [28, 29], [29, 30], [30, 31], [31, 32], [32, 33], [33, 34], [34, 35], [35, 36], [36, 37], [37, 38], [38, 39]]",[],"[3, 5, 6, 7]",True,
CHEMBL204_Ki,1333,2451,2462,172,test,True,1.562883906951921,30.0,"[[0, 0], [1, 1], [2, 2], [3, 3], [4, 4], [5, 5], [6, 6], [7, 7], [8, 8], [9, 9], [10, 10], [11, 11], [12, 12], [13, 13], [14, 14], [15, 15], [16, 16], [17, 17], [18, 18], [19, 19], [20, 20], [21, 21], [22, 22], [23, 23], [24, 24], [25, 25], [34, 31], [35, 32], [36, 33], [37, 34]]","[24, 25, 26, 27, 28, 29, 30, 31, 32, 33]","[24, 25, 26, 27, 28, 29, 30]",True,
CHEMBL204_Ki,1342,2482,2484,173,calibration,True,1.5228787452803374,38.0,"[[0, 0], [1, 1], [2, 2], [3, 3], [4, 4], [5, 5], [6, 6], [7, 7], [8, 8], [9, 9], [10, 10], [11, 11], [12, 12], [13, 13], [14, 14], [15, 15], [16, 16], [17, 17], [18, 18], [19, 19], [20, 35], [21, 20], [22, 21], [23, 22], [24, 23], [25, 24], [26, 25], [27, 26], [28, 27], [29, 28], [30, 29], [31, 30], [32, 31], [33, 32], [34, 33], [35, 34], [36, 36], [37, 37]]","[19, 20, 21, 22, 31, 36]","[18, 19, 20, 21, 30, 35]",True,
CHEMBL204_Ki,1357,2577,2580,178,test,True,1.079181246047625,37.0,"[[0, 0], [1, 1], [2, 2], [3, 3], [4, 4], [5, 5], [6, 6], [7, 7], [8, 8], [9, 9], [10, 10], [11, 11], [12, 12], [13, 13], [14, 14], [15, 15], [16, 16], [18, 17], [19, 22], [20, 23], [21, 24], [22, 25], [23, 26], [24, 27], [25, 28], [26, 29], [27, 30], [28, 31], [29, 32], [30, 33], [31, 34], [32, 35], [33, 36], [34, 37], [35, 38], [36, 39], [37, 40]]","[15, 16, 17, 18]","[13, 16, 17, 18, 19, 20, 21, 22]",True,
CHEMBL204_Ki,1360,2641,2642,180,calibration,True,1.3715539221791078,39.0,"[[0, 0], [1, 1], [2, 2], [3, 3], [4, 4], [5, 5], [6, 6], [7, 7], [8, 9], [9, 8], [10, 10], [11, 11], [12, 12], [13, 13], [14, 14], [15, 15], [16, 23], [17, 22], [18, 18], [19, 19], [20, 20], [21, 21], [22, 17], [23, 16], [24, 24], [25, 25], [26, 26], [27, 27], [28, 28], [29, 29], [30, 30], [31, 31], [32, 32], [33, 33], [34, 34], [35, 35], [37, 36], [38, 37], [39, 38]]","[33, 35, 36]",[],True,
CHEMBL204_Ki,1361,2646,2648,181,calibration,True,1.5081554884596304,35.0,"[[0, 0], [1, 1], [2, 2], [3, 3], [4, 4], [5, 5], [6, 6], [7, 7], [8, 8], [9, 9], [10, 10], [11, 11], [12, 12], [13, 13], [14, 14], [15, 15], [16, 16], [17, 17], [18, 27], [19, 26], [20, 20], [24, 19], [25, 18], [26, 28], [27, 29], [28, 30], [29, 31], [30, 32], [31, 33], [32, 34], [33, 35], [34, 36], [35, 37], [36, 38], [37, 39]]","[19, 20, 21, 22, 23, 24]","[19, 20, 21, 22, 23, 24, 25, 26, 27]",True,
CHEMBL204_Ki,1362,2658,2659,182,calibration,True,1.113943352306837,31.0,"[[0, 0], [1, 1], [2, 2], [3, 3], [4, 4], [5, 5], [6, 6], [7, 7], [8, 8], [9, 9], [10, 10], [11, 11], [12, 12], [13, 13], [14, 14], [15, 15], [16, 16], [17, 17], [18, 18], [19, 19], [20, 20], [21, 21], [22, 22], [23, 23], [24, 24], [25, 25], [26, 31], [27, 30], [28, 28], [29, 27], [30, 26]]",[],"[27, 28, 29, 30]",True,
CHEMBL204_Ki,1384,2734,2735,128,calibration,True,2.1186897873313004,28.0,"[[0, 21], [1, 20], [2, 22], [3, 23], [4, 28], [5, 27], [6, 26], [7, 25], [8, 24], [9, 18], [10, 19], [11, 17], [12, 16], [13, 15], [14, 14], [15, 13], [16, 11], [17, 12], [18, 10], [19, 9], [20, 8], [21, 7], [22, 5], [23, 6], [24, 4], [25, 3], [26, 2], [27, 1]]","[26, 27, 28]","[0, 1, 2]",True,
CHEMBL204_Ki,1388,2747,2752,189,test,True,1.0334237554869494,22.0,"[[0, 0], [1, 1], [2, 2], [3, 3], [4, 5], [5, 6], [6, 7], [7, 8], [8, 9], [9, 10], [10, 11], [11, 12], [12, 13], [13, 14], [14, 15], [15, 16], [16, 17], [17, 18], [18, 19], [19, 20], [20, 21], [21, 22]]",[],"[2, 3, 4, 5]",True,
CHEMBL2147_Ki,3,22,1445,1,calibration,True,1.2741578492636796,23.0,"[[0, 22], [1, 21], [2, 23], [3, 24], [4, 20], [5, 19], [6, 18], [7, 17], [8, 16], [9, 15], [12, 12], [13, 11], [14, 10], [15, 9], [16, 8], [17, 7], [18, 28], [19, 29], [20, 4], [22, 6], [23, 27], [24, 26], [25, 25]]","[8, 9, 10, 11, 12, 13, 17, 19, 20, 21, 22, 23, 24]","[0, 1, 2, 3, 4, 5, 6, 7, 11, 12, 13, 14, 15, 16, 26, 27, 29]",True,
CHEMBL2147_Ki,6,36,37,2,calibration,True,1.4797453985458109,20.0,"[[0, 0], [1, 1], [2, 2], [3, 3], [4, 4], [5, 5], [6, 6], [7, 7], [10, 10], [11, 11], [12, 12], [13, 13], [14, 14], [15, 15], [16, 16], [17, 17], [18, 18], [19, 19], [20, 20], [21, 21]]","[5, 6, 7, 8, 9, 10]","[5, 6, 7, 8, 9, 10]",True,
CHEMBL2147_Ki,24,130,534,5,test,True,1.8999990042303516,9.0,"[[0, 2], [1, 1], [3, 3], [4, 7], [5, 8], [6, 5], [7, 6], [16, 9], [17, 10]]","[0, 1, 2, 3, 4, 5, 6, 7, 8, 9, 10, 11, 12, 13, 14, 15, 16, 17]","[0, 1, 2, 3, 4, 5, 6, 7, 8, 9, 10, 11, 12, 13, 14, 15, 16]",True,
CHEMBL2147_Ki,25,131,270,6,test,True,1.5000381344038098,28.0,"[[1, 2], [2, 1], [3, 3], [4, 4], [5, 5], [6, 6], [7, 7], [8, 8], [9, 9], [10, 10], [11, 11], [12, 12], [13, 13], [14, 14], [15, 15], [16, 16], [17, 17], [18, 18], [19, 19], [20, 20], [21, 21], [22, 22], [23, 23], [24, 24], [25, 25], [26, 26], [27, 27], [28, 28]]","[0, 1, 2, 3, 4, 5]","[0, 1, 2, 3, 4, 5]",True,
CHEMBL2147_Ki,26,137,605,7,test,True,1.299988937677888,27.0,"[[0, 0], [1, 1], [2, 2], [3, 3], [4, 4], [5, 5], [6, 6], [7, 7], [8, 8], [9, 9], [10, 10], [11, 11], [12, 12], [13, 13], [14, 14], [15, 15], [16, 16], [17, 17], [18, 18], [19, 24], [20, 22], [21, 21], [22, 20], [23, 19], [24, 25], [25, 26], [26, 27]]",[],"[21, 22, 23, 24]",True,
CHEMBL2147_Ki,27,152,581,8,test,True,1.0999976307103818,19.0,"[[0, 0], [1, 1], [2, 2], [3, 3], [4, 4], [5, 5], [6, 6], [7, 7], [8, 8], [9, 9], [10, 10], [14, 14], [15, 15], [17, 16], [18, 22], [19, 20], [20, 19], [21, 18], [23, 17]]","[9, 10, 11, 12, 13, 14, 15, 16, 17, 18, 20, 21, 22, 23, 24]","[9, 10, 11, 12, 13, 14, 15, 16, 17, 19, 20, 21, 22, 23]",True,
CHEMBL2147_Ki,31,176,438,11,calibration,True,1.1999706407558657,23.0,"[[1, 1], [2, 23], [3, 22], [4, 4], [5, 5], [6, 6], [7, 10], [8, 8], [9, 9], [10, 7], [11, 11], [12, 12], [13, 13], [14, 14], [15, 15], [16, 16], [17, 17], [18, 18], [19, 19], [20, 20], [21, 21], [22, 3], [23, 2]]","[0, 1, 2, 5, 6, 7, 8, 10, 11, 12, 21, 23]","[0, 1, 2, 5, 6, 7, 8, 10, 11, 12, 21, 23]",True,
CHEMBL2147_Ki,33,191,348,13,test,True,1.1000002181240482,6.0,"[[0, 0], [1, 1], [2, 2], [3, 3], [4, 4], [5, 5]]","[2, 3, 4, 5, 6, 7, 8, 9, 10, 11]","[2, 3, 4, 5, 6, 7, 8, 9, 10, 11, 12]",True,
CHEMBL2147_Ki,50,378,630,15,test,True,1.1999706407558657,22.0,"[[0, 0], [1, 1], [2, 2], [3, 3], [4, 4], [5, 5], [6, 6], [7, 7], [8, 8], [9, 9], [10, 10], [14, 14], [15, 15], [16, 17], [17, 16], [18, 24], [19, 23], [20, 22], [21, 21], [22, 20], [23, 19], [24, 18]]","[9, 10, 11, 12, 13, 14, 15, 16, 17, 24, 25]","[9, 10, 11, 12, 13, 14, 15, 16, 17, 24, 25]",True,
CHEMBL2147_Ki,52,396,611,16,calibration,True,1.7999990057074422,7.0,"[[5, 14], [6, 15], [7, 20], [8, 19], [9, 18], [10, 17], [11, 16]]","[0, 1, 2, 3, 4, 5, 6, 12, 13, 14, 15]","[0, 1, 2, 3, 4, 5, 6, 7, 8, 9, 10, 11, 12, 13, 14, 15, 21]",True,
CHEMBL2147_Ki,57,445,541,18,test,True,1.1000078916521128,23.0,"[[0, 0], [1, 1], [2, 2], [3, 3], [4, 4], [5, 5], [6, 6], [7, 7], [8, 8], [9, 9], [10, 10], [11, 11], [12, 16], [13, 15], [14, 14], [15, 13], [16, 12], [17, 17], [18, 18], [19, 19], [20, 20], [21, 21], [22, 22]]","[21, 22, 23]",[],True,
CHEMBL2147_Ki,58,467,494,14,calibration,True,1.39999741696269,27.0,"[[1, 1], [2, 2], [3, 3], [4, 4], [5, 5], [6, 6], [7, 7], [8, 8], [9, 9], [10, 10], [11, 11], [12, 12], [13, 13], [14, 18], [15, 17], [16, 16], [17, 15], [18, 14], [19, 19], [20, 20], [21, 26], [22, 25], [23, 23], [24, 22], [25, 21], [26, 27], [27, 28]]","[0, 1, 2, 27]","[0, 1, 2, 22, 23, 24, 25, 28]",True,
CHEMBL2147_Ki,76,663,665,21,calibration,True,1.229147988357855,24.0,"[[0, 0], [1, 1], [2, 2], [3, 3], [4, 4], [5, 5], [6, 6], [7, 7], [8, 8], [9, 9], [10, 10], [11, 11], [12, 13], [13, 12], [15, 14], [16, 15], [17, 16], [18, 17], [19, 18], [20, 19], [21, 20], [22, 21], [23, 22], [24, 23]]","[10, 11, 12, 13, 14, 15, 16]","[10, 11, 12, 13, 14, 15]",True,
CHEMBL2147_Ki,373,708,709,24,calibration,True,1.910094888560602,27.0,"[[1, 0], [2, 1], [3, 2], [4, 3], [5, 4], [6, 5], [7, 6], [8, 7], [9, 8], [11, 10], [12, 11], [13, 12], [14, 13], [15, 14], [16, 15], [17, 16], [18, 17], [20, 20], [21, 21], [22, 22], [23, 23], [24, 24], [25, 25], [26, 26], [27, 27], [28, 28], [30, 29]]","[0, 1, 2, 7, 9, 10, 11, 12, 19, 20, 21, 23, 26, 27, 28, 29, 30]","[6, 8, 9, 10, 11, 18, 19, 20, 21, 23, 26, 27, 28, 29]",True,
CHEMBL2147_Ki,397,722,1440,26,calibration,True,1.5642714304385628,26.0,"[[0, 0], [1, 1], [2, 2], [3, 3], [4, 4], [5, 5], [6, 6], [7, 7], [8, 8], [12, 11], [13, 12], [14, 13], [15, 15], [16, 16], [17, 17], [18, 18], [19, 19], [21, 21], [22, 22], [23, 23], [24, 24], [25, 25], [26, 26], [27, 27], [28, 28], [29, 29]]","[6, 8, 9, 10, 11, 12, 13, 20]","[6, 8, 9, 10, 11, 12, 13, 14, 15, 20]",True,
CHEMBL2147_Ki,475,800,1139,28,calibration,True,1.995113371995819,31.0,"[[1, 27], [2, 26], [3, 25], [4, 24], [5, 7], [6, 8], [7, 9], [8, 10], [9, 11], [10, 12], [11, 13], [12, 14], [13, 15], [14, 16], [15, 17], [16, 18], [17, 19], [18, 20], [19, 21], [20, 22], [21, 23], [22, 6], [24, 3], [25, 2], [26, 30], [27, 31], [28, 29], [29, 1], [30, 0], [31, 28], [32, 5]]","[0, 1, 2, 5, 22, 23, 24, 25, 26, 28, 29, 30, 31, 32]","[0, 1, 2, 3, 4, 5, 6, 7, 26, 28, 30]",True,
CHEMBL2147_Ki,493,825,1177,35,calibration,True,1.2635450310692935,29.0,"[[0, 0], [1, 1], [2, 2], [3, 3], [4, 4], [5, 5], [6, 6], [7, 7], [8, 8], [9, 9], [10, 10], [11, 11], [12, 12], [13, 13], [14, 14], [15, 15], [16, 16], [17, 17], [18, 18], [20, 20], [21, 21], [22, 22], [23, 23], [24, 24], [25, 25], [26, 26], [28, 28], [29, 29], [30, 30]]","[13, 16, 18, 19, 20, 21, 24, 26, 27]","[13, 16, 18, 19, 20, 21, 24, 26, 27]",True,
CHEMBL2147_Ki,495,828,830,34,calibration,True,1.515579506538837,28.0,"[[0, 0], [1, 1], [2, 2], [3, 3], [4, 4], [5, 5], [6, 6], [7, 7], [8, 8], [9, 9], [10, 10], [11, 11], [13, 15], [14, 16], [15, 17], [20, 19], [21, 20], [22, 21], [23, 22], [24, 23], [25, 24], [26, 25], [27, 26], [28, 27], [29, 28], [30, 29], [31, 30], [32, 31]]","[10, 11, 12, 13, 14, 16, 17, 18, 19]","[10, 11, 12, 13, 14, 15, 16, 18]",True,
CHEMBL2147_Ki,497,834,837,36,test,True,1.3307518772836708,31.0,"[[1, 32], [2, 2], [3, 3], [4, 4], [5, 5], [6, 6], [7, 7], [8, 8], [9, 9], [10, 10], [11, 11], [12, 12], [13, 13], [14, 14], [15, 15], [16, 16], [17, 17], [18, 18], [19, 19], [20, 20], [21, 21], [22, 22], [23, 23], [24, 24], [25, 25], [26, 26], [27, 27], [28, 28], [29, 29], [30, 30], [31, 31]]","[0, 1, 2, 3, 4, 5, 6, 31]","[0, 1, 2, 3, 4, 5, 6, 32]",True,
CHEMBL2147_Ki,719,922,931,39,test,True,1.7773866472250512,29.0,"[[0, 0], [1, 1], [2, 2], [3, 3], [4, 4], [5, 5], [6, 6], [7, 7], [8, 8], [9, 9], [10, 10], [11, 11], [12, 12], [13, 13], [14, 14], [15, 15], [16, 16], [17, 17], [18, 18], [19, 19], [21, 22], [22, 23], [23, 24], [24, 25], [25, 26], [26, 27], [27, 28], [28, 29], [29, 30]]","[14, 18, 19, 20, 21, 22]","[14, 18, 19, 20, 21, 22, 23]",True,
CHEMBL2147_Ki,997,1070,1286,42,test,True,1.3010299956639797,30.0,"[[0, 0], [1, 1], [2, 2], [3, 3], [4, 4], [5, 5], [6, 6], [7, 7], [8, 11], [9, 14], [10, 15], [11, 16], [12, 17], [13, 18], [14, 19], [15, 20], [16, 21], [17, 22], [18, 23], [19, 25], [20, 24], [21, 26], [22, 27], [23, 12], [24, 13], [25, 8], [26, 9], [27, 10], [28, 28], [29, 29]]","[6, 7, 8, 9, 10, 22, 23, 24, 25, 26]","[6, 7, 8, 9, 11, 12, 13, 14, 15, 27]",True,
CHEMBL2147_Ki,1017,1083,1084,43,calibration,True,3.038752588992016,26.0,"[[0, 0], [1, 1], [2, 2], [3, 3], [4, 4], [5, 5], [6, 6], [7, 7], [8, 8], [9, 9], [10, 10], [11, 11], [12, 16], [13, 17], [19, 12], [20, 13], [21, 14], [22, 15], [24, 18], [25, 19], [26, 20], [27, 21], [28, 22], [29, 23], [30, 24], [31, 25]]","[12, 13, 14, 15, 16, 17, 18, 19, 20, 21, 22, 23, 24]","[10, 11, 12, 13, 14, 15, 16]",True,
CHEMBL2147_Ki,1103,1146,1149,44,test,True,1.0053950318867084,34.0,"[[0, 0], [1, 1], [2, 2], [3, 3], [4, 4], [5, 5], [6, 6], [7, 7], [8, 8], [9, 9], [10, 10], [11, 11], [12, 12], [13, 13], [14, 14], [15, 15], [16, 16], [17, 17], [18, 18], [19, 19], [26, 25], [27, 26], [28, 27], [29, 28], [30, 29], [31, 30], [32, 31], [33, 32], [34, 33], [35, 34], [36, 35], [37, 36], [38, 37], [39, 38]]","[18, 19, 20, 21, 22, 23, 24, 25]","[18, 19, 20, 21, 22, 23, 24]",True,
CHEMBL2147_Ki,1123,1180,1183,47,calibration,True,1.1613680022349744,33.0,"[[0, 0], [1, 1], [2, 2], [3, 3], [4, 4], [5, 5], [6, 6], [7, 7], [8, 8], [9, 9], [10, 10], [11, 11], [12, 24], [13, 23], [14, 13], [15, 14], [16, 15], [17, 16], [18, 17], [19, 18], [20, 19], [21, 20], [22, 21], [23, 22], [24, 12], [25, 26], [26, 27], [27, 28], [28, 29], [29, 30], [30, 31], [31, 32], [32, 33]]",[],"[11, 23, 24, 25]",True,
CHEMBL2147_Ki,1168,1227,1249,48,test,True,1.0458815569754325,24.0,"[[6, 7], [7, 8], [8, 9], [9, 10], [10, 11], [11, 12], [12, 13], [13, 14], [14, 15], [15, 16], [16, 17], [17, 18], [18, 19], [19, 20], [20, 21], [21, 22], [22, 23], [23, 24], [24, 25], [25, 26], [26, 27], [27, 28], [28, 29], [29, 30]]","[0, 1, 2, 3, 4, 5, 6, 7, 30]","[0, 1, 2, 3, 4, 5, 6, 7, 8, 31, 32]",True,
CHEMBL2147_Ki,1441,1353,1354,51,test,True,1.1050089793111102,32.0,"[[0, 0], [1, 1], [2, 2], [3, 3], [4, 4], [5, 5], [6, 6], [7, 7], [8, 8], [9, 9], [10, 10], [11, 11], [12, 12], [13, 13], [14, 14], [15, 15], [16, 16], [17, 17], [18, 18], [19, 19], [20, 20], [21, 21], [22, 22], [23, 23], [24, 24], [25, 25], [26, 26], [28, 27], [29, 28], [31, 30], [32, 31], [33, 32]]","[25, 26, 27, 28, 29, 30, 31]","[25, 26, 27, 28, 29, 30]",True,
CHEMBL2147_Ki,1500,1447,1449,52,test,True,1.4771212547196626,24.0,"[[0, 0], [1, 1], [2, 2], [3, 3], [4, 4], [5, 5], [6, 6], [7, 7], [8, 8], [9, 9], [10, 10], [11, 11], [12, 13], [13, 14], [14, 15], [15, 16], [16, 17], [17, 18], [18, 19], [19, 20], [20, 21], [21, 22], [22, 23], [23, 24]]","[10, 11, 12, 13]","[10, 11, 12, 13, 14]",True,
CHEMBL214_Ki,1,6,58,1,calibration,True,1.1303337684950048,22.0,"[[0, 0], [1, 1], [2, 2], [3, 3], [4, 4], [5, 5], [6, 6], [7, 7], [8, 8], [9, 9], [10, 10], [11, 11], [12, 12], [13, 13], [14, 14], [15, 15], [19, 16], [20, 20], [21, 21], [22, 22], [23, 23], [24, 24]]","[8, 9, 10, 11, 14, 15, 16, 17, 18, 19, 20, 21]","[8, 9, 10, 11, 14, 15, 16, 17, 18, 19, 20, 21]",True,
CHEMBL214_Ki,5,30,31,4,test,True,2.5896704020348933,16.0,"[[0, 0], [1, 1], [2, 2], [3, 3], [4, 4], [5, 5], [6, 6], [7, 7], [8, 8], [9, 9], [10, 10], [11, 11], [12, 12], [13, 13], [14, 19], [16, 20]]","[7, 9, 12, 13, 14, 15, 16, 17, 18, 19, 20]","[7, 9, 12, 13, 14, 15, 16, 17, 18, 19, 20]",True,
CHEMBL214_Ki,10,36,3234,5,calibration,True,1.0099842209066017,10.0,"[[4, 4], [5, 5], [9, 9], [10, 10], [11, 11], [12, 12], [13, 13], [14, 14], [15, 15], [16, 16]]","[0, 1, 2, 3, 4, 5, 6, 7, 8, 9, 10, 17]","[0, 1, 2, 3, 4, 5, 6, 7, 8, 9, 10, 17]",True,
CHEMBL214_Ki,11,50,61,6,calibration,True,1.1041635341347016,32.0,"[[0, 33], [1, 32], [2, 3], [3, 2], [4, 31], [5, 30], [6, 29], [7, 7], [8, 8], [9, 9], [10, 10], [11, 11], [12, 12], [13, 13], [14, 14], [15, 15], [16, 16], [17, 17], [18, 18], [19, 19], [20, 20], [21, 21], [22, 22], [23, 23], [24, 24], [25, 25], [26, 26], [27, 27], [28, 28], [29, 6], [30, 5], [31, 4]]","[0, 1, 2, 3, 31]","[0, 1, 2, 3, 30, 31, 32, 33]",True,
CHEMBL214_Ki,21,82,106,10,calibration,True,1.0310753737468108,32.0,"[[0, 0], [1, 1], [2, 9], [3, 10], [4, 11], [5, 12], [6, 13], [7, 14], [8, 15], [9, 16], [10, 17], [11, 18], [12, 19], [13, 20], [14, 21], [15, 22], [16, 23], [17, 24], [18, 25], [19, 30], [20, 29], [21, 28], [22, 27], [23, 26], [24, 31], [25, 32], [26, 33], [27, 42], [28, 37], [29, 36], [30, 35], [31, 34]]","[0, 1, 2, 3, 24, 26, 30, 31, 32, 33, 34, 35, 36]","[0, 1, 2, 3, 4, 5, 6, 7, 8, 9, 10, 31, 33, 36, 37, 38, 39, 40, 41, 42]",True,
CHEMBL214_Ki,25,86,105,7,test,True,1.6048892813468258,23.0,"[[0, 1], [1, 2], [2, 3], [3, 4], [4, 5], [5, 6], [6, 7], [7, 8], [8, 9], [9, 10], [10, 11], [11, 12], [12, 13], [13, 14], [14, 15], [15, 16], [16, 17], [17, 18], [18, 19], [19, 20], [25, 26], [26, 27], [27, 28]]","[17, 19, 20, 21, 22, 23, 24]","[0, 1, 2, 18, 20, 21, 22, 23, 24, 25]",True,
CHEMBL214_Ki,28,94,139,9,calibration,True,2.181128699747294,27.0,"[[0, 35], [1, 34], [2, 33], [3, 32], [4, 31], [5, 30], [6, 29], [7, 28], [8, 27], [9, 26], [10, 25], [11, 24], [12, 22], [13, 23], [14, 21], [15, 38], [16, 39], [18, 6], [19, 7], [20, 8], [21, 9], [23, 42], [24, 43], [25, 19], [26, 20], [27, 37], [28, 36]]","[15, 16, 17, 18, 19, 20, 21, 22, 23, 24, 25, 26]","[0, 1, 2, 3, 4, 5, 6, 7, 8, 9, 10, 11, 12, 13, 14, 15, 16, 17, 18, 19, 20, 38, 39, 40, 41, 42, 43]",True,
CHEMBL214_Ki,55,176,177,17,test,True,1.1644472778919734,23.0,"[[1, 1], [2, 0], [3, 2], [4, 3], [5, 4], [6, 5], [7, 6], [8, 7], [9, 8], [10, 9], [11, 10], [12, 11], [13, 12], [14, 13], [15, 14], [16, 15], [17, 16], [18, 17], [19, 18], [20, 19], [21, 20], [22, 21], [23, 22]]","[0, 1, 2, 3, 4, 5, 6]","[0, 1, 2, 3, 4, 5]",True,
CHEMBL214_Ki,64,189,261,2,calibration,True,3.3735447976471225,27.0,"[[0, 0], [1, 1], [2, 2], [3, 3], [4, 7], [5, 6], [6, 5], [7, 4], [8, 8], [9, 9], [10, 10], [11, 11], [12, 12], [13, 13], [14, 14], [16, 27], [17, 26], [18, 17], [19, 18], [20, 19], [21, 20], [22, 22], [23, 23], [24, 24], [25, 25], [26, 16], [27, 15]]","[13, 14, 15, 16, 17, 27]","[13, 14, 15, 19, 20, 21, 22, 26, 27]",True,
CHEMBL214_Ki,120,269,281,23,test,True,2.139661993429007,12.0,"[[0, 0], [1, 1], [2, 2], [3, 3], [4, 4], [5, 5], [6, 10], [7, 17], [8, 6], [9, 7], [10, 8], [17, 9]]","[4, 5, 6, 7, 9, 10, 11, 12, 13, 14, 15, 16, 17]","[4, 5, 6, 7, 9, 10, 11, 12, 13, 14, 15, 16, 17]",True,
CHEMBL214_Ki,131,297,298,25,test,True,1.3135157072120407,30.0,"[[0, 0], [1, 1], [2, 3], [3, 4], [4, 5], [5, 6], [6, 7], [7, 2], [8, 8], [9, 9], [10, 10], [11, 11], [12, 12], [13, 13], [14, 14], [15, 15], [16, 16], [17, 17], [18, 18], [19, 19], [20, 20], [21, 21], [22, 22], [23, 23], [24, 24], [25, 25], [26, 26], [27, 27], [28, 28], [29, 29]]","[0, 1, 2, 3, 7]","[0, 1, 2, 3, 7]",True,
CHEMBL214_Ki,141,344,358,26,calibration,True,1.154901959985743,26.0,"[[0, 0], [1, 1], [2, 2], [3, 3], [4, 4], [5, 5], [6, 6], [7, 7], [8, 8], [9, 9], [10, 10], [11, 11], [12, 12], [13, 13], [17, 17], [18, 18], [19, 24], [20, 23], [21, 21], [22, 22], [23, 20], [24, 19], [26, 26], [27, 27], [28, 28], [29, 29]]","[12, 13, 14, 15, 16, 17, 18, 25]","[12, 13, 14, 15, 16, 17, 18, 25]",True,
CHEMBL214_Ki,143,357,956,28,calibration,True,2.029434363164901,23.0,"[[0, 1], [1, 29], [2, 28], [3, 4], [4, 5], [8, 9], [9, 10], [10, 11], [11, 12], [12, 13], [13, 14], [14, 15], [15, 20], [16, 19], [17, 18], [18, 17], [19, 16], [21, 22], [22, 23], [24, 25], [25, 26], [27, 3], [28, 2]]","[3, 4, 5, 6, 7, 8, 9, 14, 17, 18, 19, 20, 21, 22, 23, 26]","[0, 1, 2, 4, 5, 6, 7, 8, 9, 10, 15, 18, 19, 20, 21, 22, 23, 24, 27, 29]",True,
CHEMBL214_Ki,145,372,388,30,calibration,True,2.009978575836314,18.0,"[[0, 0], [1, 1], [2, 2], [3, 3], [4, 4], [5, 7], [6, 6], [7, 5], [8, 8], [9, 9], [10, 10], [11, 11], [12, 12], [13, 13], [14, 14], [17, 17], [18, 18], [20, 20]]","[3, 4, 5, 6, 11, 13, 14, 15, 16, 17, 18, 19, 20]","[3, 4, 5, 6, 11, 13, 14, 15, 16, 17, 18, 19, 20]",True,
CHEMBL214_Ki,146,376,380,31,calibration,True,1.5600050725007488,23.0,"[[0, 0], [1, 1], [2, 2], [3, 3], [4, 4], [5, 5], [6, 6], [7, 7], [8, 8], [9, 9], [10, 10], [11, 11], [12, 12], [13, 13], [14, 14], [15, 15], [16, 16], [17, 17], [18, 18], [19, 19], [21, 20], [22, 24], [23, 25]]","[18, 19, 20, 21]","[19, 20, 21, 22, 23]",True,
CHEMBL214_Ki,154,410,418,34,calibration,True,2.541579243946579,17.0,"[[0, 0], [1, 1], [2, 2], [3, 3], [4, 4], [5, 5], [7, 6], [8, 7], [9, 8], [10, 9], [11, 10], [12, 11], [13, 12], [14, 13], [15, 14], [16, 15], [17, 16]]","[4, 5, 6, 7]",[],True,
CHEMBL214_Ki,157,438,1836,37,calibration,True,1.3972324964625005,13.0,"[[0, 1], [1, 0], [2, 15], [3, 14], [4, 5], [5, 6], [6, 7], [7, 8], [8, 9], [9, 10], [10, 11], [14, 3], [15, 2]]","[2, 3, 4, 5, 11, 12, 13, 14, 15]","[2, 3, 4, 5, 6, 12, 13, 14, 15]",True,
CHEMBL214_Ki,160,447,465,39,test,True,1.698970004336018,19.0,"[[0, 0], [1, 1], [2, 2], [3, 3], [4, 4], [5, 5], [6, 6], [7, 7], [8, 8], [9, 9], [10, 10], [11, 11], [12, 12], [13, 13], [14, 14], [21, 19], [22, 20], [23, 21], [24, 22]]","[12, 13, 14, 15, 16, 17, 18, 19, 20]","[12, 13, 14, 15, 16, 17, 18]",True,
CHEMBL214_Ki,201,487,499,42,test,True,1.5900309236506072,26.0,"[[0, 0], [1, 1], [2, 2], [3, 3], [4, 4], [5, 5], [6, 6], [7, 7], [8, 8], [9, 9], [10, 10], [11, 11], [12, 12], [13, 13], [14, 14], [15, 15], [16, 16], [17, 17], [18, 18], [19, 19], [20, 20], [22, 22], [23, 23], [24, 24], [25, 25], [26, 26]]","[12, 13, 14, 15, 19, 20, 21, 22, 23, 25]","[12, 13, 14, 15, 19, 20, 21, 22, 23, 25]",True,
CHEMBL214_Ki,208,518,546,44,calibration,True,1.5440680443502757,32.0,"[[1, 0], [2, 1], [3, 2], [4, 3], [5, 4], [6, 5], [7, 6], [8, 7], [9, 8], [10, 9], [11, 10], [12, 11], [13, 12], [14, 13], [15, 14], [16, 15], [17, 16], [18, 17], [19, 18], [20, 19], [21, 20], [22, 21], [23, 22], [24, 23], [25, 24], [26, 29], [27, 28], [28, 27], [29, 26], [30, 25], [33, 31], [34, 32]]","[0, 1, 2, 25, 29, 30, 31, 32]","[24, 28, 29, 30]",True,
CHEMBL214_Ki,218,565,579,48,test,True,1.4301246920434387,25.0,"[[0, 0], [1, 1], [2, 2], [3, 3], [4, 4], [5, 5], [6, 7], [7, 8], [8, 9], [9, 10], [10, 11], [11, 12], [12, 13], [13, 14], [14, 15], [15, 16], [16, 17], [17, 18], [18, 19], [19, 20], [20, 21], [21, 22], [22, 23], [23, 24], [24, 25]]",[],"[4, 5, 6, 7]",True,
CHEMBL214_Ki,235,578,1077,14,calibration,True,2.085430195324628,16.0,"[[0, 0], [1, 1], [2, 2], [3, 3], [4, 4], [5, 5], [6, 6], [7, 7], [8, 8], [9, 9], [10, 10], [11, 11], [12, 13], [13, 12], [14, 14], [15, 15]]","[2, 14, 15, 16]",[],True,
CHEMBL214_Ki,241,589,2203,49,test,True,3.187666923322916,22.0,"[[0, 24], [1, 25], [2, 26], [3, 27], [4, 28], [6, 8], [7, 9], [8, 13], [9, 12], [10, 11], [11, 10], [15, 20], [16, 19], [17, 18], [18, 23], [19, 22], [20, 21], [21, 0], [22, 1], [23, 2], [24, 3], [25, 4]]","[3, 4, 5, 6, 7, 8, 9, 10, 11, 12, 13, 14, 15, 16, 19, 20, 21]","[3, 4, 5, 6, 7, 8, 9, 10, 11, 12, 13, 14, 15, 16, 17, 18, 19, 22, 23, 24]",True,
CHEMBL214_Ki,242,595,605,50,calibration,True,1.0821867561873493,33.0,"[[0, 0], [1, 1], [4, 4], [5, 5], [6, 6], [7, 7], [8, 8], [9, 9], [10, 10], [11, 11], [12, 12], [13, 13], [14, 14], [15, 15], [16, 16], [17, 17], [18, 18], [19, 19], [20, 20], [21, 21], [22, 22], [23, 23], [24, 24], [25, 25], [26, 26], [27, 27], [28, 28], [29, 34], [30, 33], [31, 31], [32, 32], [33, 30], [34, 29]]","[0, 1, 2, 3, 4, 5, 35]","[0, 1, 2, 3, 4, 5, 35]",True,
CHEMBL214_Ki,253,632,2369,52,test,True,2.5298793038824634,18.0,"[[0, 0], [1, 1], [2, 2], [3, 3], [4, 4], [5, 5], [6, 6], [7, 7], [8, 8], [9, 9], [10, 11], [11, 12], [12, 13], [13, 14], [22, 22], [23, 23], [24, 24], [25, 25]]","[8, 9, 10, 11, 12, 13, 14, 15, 16, 17, 18, 19, 20, 21, 22, 23, 24]","[8, 9, 10, 11, 12, 13, 14, 15, 16, 17, 18, 19, 20, 21, 22, 23, 24]",True,
CHEMBL214_Ki,256,651,661,54,calibration,True,1.8999742698921371,31.0,"[[0, 0], [1, 1], [2, 2], [3, 3], [4, 4], [5, 5], [6, 6], [7, 7], [8, 8], [9, 9], [10, 10], [11, 27], [12, 26], [13, 12], [14, 13], [15, 14], [16, 15], [17, 24], [18, 23], [19, 22], [20, 21], [21, 20], [22, 19], [23, 18], [24, 17], [25, 16], [26, 25], [27, 11], [28, 28], [29, 29], [30, 30]]","[8, 9, 10, 11, 12, 15, 16, 17, 18, 26, 27]","[8, 9, 10, 11, 14, 15, 16, 17, 25, 26, 27]",True,
CHEMBL214_Ki,275,669,1606,57,calibration,True,2.9268049651324075,26.0,"[[0, 0], [1, 1], [2, 2], [3, 3], [4, 4], [5, 5], [6, 6], [7, 7], [8, 8], [9, 9], [10, 10], [11, 14], [12, 13], [13, 18], [14, 17], [15, 16], [16, 15], [18, 19], [19, 20], [20, 22], [21, 23], [22, 24], [23, 25], [24, 26], [25, 27], [26, 28]]","[9, 10, 11, 12, 13, 14, 15, 16, 17, 18, 19]","[9, 10, 11, 12, 13, 14, 15, 16, 17, 18, 19, 20, 21]",True,
CHEMBL214_Ki,307,725,752,60,calibration,True,1.6193373086823533,31.0,"[[0, 20], [1, 19], [2, 18], [3, 17], [4, 16], [5, 15], [6, 14], [7, 13], [8, 12], [9, 11], [10, 10], [12, 7], [13, 8], [14, 6], [15, 5], [16, 4], [17, 3], [18, 2], [19, 1], [20, 0], [21, 24], [22, 25], [23, 31], [24, 30], [25, 28], [26, 29], [27, 27], [28, 26], [29, 23], [30, 22], [31, 21]]","[9, 10, 11, 12, 13, 14, 30, 31]","[6, 7, 8, 9, 10, 11, 21, 22]",True,
CHEMBL214_Ki,308,732,866,61,calibration,True,1.7075701760979367,28.0,"[[0, 0], [1, 1], [2, 2], [3, 3], [4, 4], [5, 5], [6, 6], [7, 7], [8, 8], [9, 9], [10, 10], [11, 11], [12, 12], [13, 13], [14, 14], [15, 15], [16, 16], [17, 17], [18, 18], [19, 19], [20, 20], [21, 26], [22, 25], [23, 23], [25, 22], [26, 21], [27, 27], [28, 28]]","[22, 23, 24, 25]","[22, 23, 24, 25]",True,
CHEMBL214_Ki,309,734,973,62,test,True,1.8682524758394257,16.0,"[[0, 1], [1, 3], [2, 4], [3, 5], [4, 7], [6, 8], [7, 9], [8, 10], [9, 11], [10, 12], [11, 13], [12, 14], [13, 15], [14, 16], [15, 17], [16, 18]]","[0, 1, 2, 3, 4, 5, 6]","[0, 1, 2, 3, 4, 5, 6, 7]",True,
CHEMBL214_Ki,310,741,745,63,test,True,1.100030311987906,29.0,"[[0, 0], [1, 1], [2, 2], [3, 3], [4, 4], [5, 5], [6, 6], [7, 7], [8, 8], [9, 9], [10, 10], [11, 11], [12, 12], [13, 13], [14, 14], [15, 15], [16, 16], [17, 17], [18, 18], [22, 26], [23, 21], [24, 22], [25, 23], [26, 24], [27, 25], [28, 27], [29, 28], [30, 29], [31, 30]]","[16, 18, 19, 20, 21, 22, 23, 26, 27]","[16, 18, 19, 20, 21, 22, 25, 26]",True,
CHEMBL214_Ki,320,773,774,64,test,True,2.6693168805661136,29.0,"[[0, 0], [1, 1], [2, 2], [3, 3], [4, 4], [5, 5], [6, 6], [7, 7], [8, 8], [9, 9], [10, 10], [11, 11], [12, 12], [13, 13], [14, 28], [15, 27], [16, 16], [21, 17], [22, 18], [23, 19], [24, 20], [25, 21], [26, 26], [27, 15], [28, 14], [29, 29], [30, 30], [31, 31], [32, 32]]","[15, 16, 17, 18, 19, 20, 21, 22, 25, 26, 27]","[15, 16, 17, 18, 20, 21, 22, 23, 24, 25, 26, 27]",True,
CHEMBL214_Ki,342,786,800,67,test,True,1.4290598092494244,31.0,"[[0, 0], [1, 1], [2, 2], [3, 3], [4, 4], [6, 5], [7, 6], [8, 7], [9, 8], [10, 9], [11, 10], [12, 11], [13, 12], [14, 13], [15, 14], [16, 15], [17, 16], [18, 17], [19, 18], [20, 19], [21, 20], [22, 21], [23, 22], [24, 23], [25, 24], [26, 25], [27, 26], [28, 27], [29, 28], [30, 29], [31, 30]]","[3, 4, 5, 6]",[],True,
CHEMBL214_Ki,353,817,838,72,test,True,1.0438875437238293,26.0,"[[0, 0], [1, 1], [2, 7], [3, 2], [4, 3], [5, 4], [6, 5], [7, 6], [8, 8], [9, 9], [10, 10], [11, 11], [12, 12], [13, 13], [14, 14], [15, 15], [16, 16], [17, 17], [18, 18], [19, 19], [20, 20], [21, 21], [22, 22], [23, 23], [24, 24], [25, 25]]","[0, 1, 2, 3, 7]","[0, 1, 2, 3, 7]",True,
CHEMBL214_Ki,356,832,834,74,test,True,1.507558182793196,26.0,"[[0, 0], [1, 1], [2, 2], [3, 3], [4, 4], [5, 5], [6, 6], [7, 7], [9, 8], [10, 9], [11, 10], [12, 11], [13, 12], [14, 13], [15, 14], [16, 15], [17, 16], [18, 18], [19, 19], [20, 20], [21, 21], [22, 22], [23, 23], [24, 24], [25, 25], [26, 26]]","[6, 7, 8, 9, 10]","[6, 7, 8, 9, 15, 16, 17, 18]",True,
CHEMBL214_Ki,360,856,857,78,test,True,1.7911162275480113,31.0,"[[0, 0], [1, 1], [2, 2], [3, 3], [4, 4], [5, 5], [6, 6], [7, 7], [8, 8], [9, 9], [10, 10], [11, 11], [12, 12], [13, 13], [14, 14], [15, 15], [16, 16], [17, 17], [18, 18], [19, 19], [20, 20], [21, 21], [22, 22], [23, 23], [24, 24], [25, 25], [29, 28], [30, 29], [31, 30], [32, 31], [33, 32]]","[23, 25, 26, 27, 28]","[23, 25, 26, 27]",True,
CHEMBL214_Ki,363,860,861,77,calibration,True,1.7969006863964827,31.0,"[[1, 0], [2, 1], [3, 2], [4, 3], [5, 4], [6, 5], [7, 6], [8, 7], [9, 8], [10, 9], [11, 10], [12, 11], [13, 12], [14, 13], [15, 14], [16, 15], [17, 16], [18, 17], [19, 18], [20, 19], [21, 20], [22, 21], [23, 27], [24, 26], [25, 24], [26, 25], [27, 23], [28, 22], [29, 28], [30, 29], [31, 30]]","[0, 1, 2]",[],True,
CHEMBL214_Ki,370,880,882,80,calibration,True,1.8750612633916992,31.0,"[[1, 0], [2, 1], [3, 2], [4, 3], [5, 4], [6, 5], [7, 6], [8, 7], [9, 8], [10, 9], [11, 10], [12, 11], [13, 12], [14, 13], [15, 14], [16, 15], [17, 16], [18, 17], [19, 18], [20, 19], [21, 20], [22, 21], [23, 22], [24, 23], [25, 24], [26, 25], [27, 26], [28, 27], [29, 28], [30, 29], [31, 30]]","[0, 1, 2]",[],True,
CHEMBL214_Ki,390,944,945,82,calibration,True,1.0172020301076223,33.0,"[[1, 29], [2, 28], [3, 27], [4, 26], [5, 25], [6, 24], [7, 23], [8, 22], [9, 21], [10, 1], [11, 0], [12, 2], [13, 3], [14, 4], [15, 5], [16, 6], [17, 7], [18, 8], [19, 9], [20, 10], [21, 11], [22, 12], [23, 13], [24, 14], [25, 15], [26, 16], [27, 17], [28, 18], [29, 19], [30, 20], [31, 33], [32, 32], [33, 31]]","[0, 1, 2, 33]","[28, 29, 30, 31]",True,
CHEMBL214_Ki,393,965,970,85,calibration,True,1.1397818153312436,21.0,"[[0, 0], [1, 1], [2, 2], [3, 4], [4, 5], [6, 6], [7, 7], [8, 8], [9, 9], [10, 10], [11, 11], [12, 12], [13, 13], [14, 14], [15, 15], [16, 16], [17, 17], [18, 18], [19, 19], [20, 20], [21, 21]]","[1, 2, 3, 4, 5, 6, 7, 10]","[1, 2, 3, 4, 5, 6, 7, 10]",True,
CHEMBL214_Ki,482,1075,1169,55,calibration,True,3.900017265268577,29.0,"[[0, 0], [1, 1], [2, 2], [3, 3], [4, 4], [5, 5], [6, 6], [7, 7], [8, 8], [9, 9], [11, 10], [12, 11], [13, 12], [14, 13], [15, 14], [16, 15], [17, 16], [18, 17], [20, 18], [21, 19], [22, 20], [23, 21], [24, 22], [25, 23], [26, 24], [27, 25], [28, 26], [29, 27], [30, 28]]","[8, 9, 10, 11, 12, 16, 18, 19, 20, 24]","[8, 9, 10, 11, 22]",True,
CHEMBL214_Ki,489,1091,1687,89,calibration,True,1.3999361354883275,31.0,"[[0, 11], [1, 12], [2, 13], [3, 3], [4, 4], [5, 5], [6, 6], [7, 7], [8, 8], [9, 9], [10, 10], [13, 14], [14, 15], [15, 16], [16, 0], [17, 1], [18, 2], [19, 17], [20, 18], [21, 19], [22, 20], [23, 21], [24, 22], [25, 23], [26, 24], [27, 25], [28, 26], [29, 27], [30, 28], [31, 29], [32, 30]]","[1, 2, 3, 4, 5, 9, 10, 11, 12, 13, 14, 15, 16, 17, 18, 19, 20, 29, 30, 31, 32]","[1, 2, 3, 4, 5, 9, 10, 11, 12, 13, 14, 15, 16, 17, 18, 27, 28, 29, 30]",True,
CHEMBL214_Ki,494,1098,1686,90,calibration,True,1.400019635065158,28.0,"[[0, 0], [1, 1], [2, 2], [3, 3], [4, 4], [5, 5], [6, 6], [7, 7], [8, 8], [11, 13], [12, 12], [13, 11], [14, 10], [15, 9], [17, 15], [18, 16], [19, 17], [20, 18], [21, 19], [22, 20], [23, 21], [24, 22], [25, 23], [26, 24], [27, 25], [28, 27], [29, 26], [30, 28]]","[7, 8, 9, 10, 11, 12, 14, 15, 16, 17, 18, 27, 28, 29, 30]","[7, 8, 9, 10, 12, 13, 14, 15, 16, 25, 26, 27, 28]",True,
CHEMBL214_Ki,497,1111,1113,91,test,True,1.5980695085951575,27.0,"[[3, 6], [4, 5], [5, 4], [6, 3], [7, 2], [8, 7], [9, 8], [10, 9], [11, 10], [12, 11], [13, 12], [14, 13], [15, 14], [16, 15], [17, 16], [18, 17], [19, 18], [20, 19], [21, 20], [22, 21], [23, 22], [24, 23], [25, 24], [26, 25], [27, 26], [28, 27], [29, 28]]","[0, 1, 2, 3, 4, 8]","[0, 1, 2, 3, 7]",True,
CHEMBL214_Ki,507,1120,2373,93,test,True,1.57978359661681,29.0,"[[0, 0], [1, 1], [3, 3], [4, 4], [5, 5], [6, 6], [7, 7], [8, 8], [9, 9], [10, 10], [11, 11], [12, 12], [13, 13], [14, 14], [15, 15], [16, 20], [17, 18], [18, 19], [21, 16], [22, 17], [23, 21], [24, 22], [25, 2], [28, 27], [29, 26], [30, 31], [31, 30], [32, 29], [33, 28]]","[0, 1, 2, 3, 4, 11, 15, 16, 17, 18, 19, 20, 21, 22, 25, 26, 27, 28, 29, 32, 33, 34]","[0, 1, 2, 3, 4, 11, 14, 15, 16, 17, 18, 19, 20, 23, 24, 25, 26, 27, 30, 31, 32]",True,
CHEMBL214_Ki,525,1139,1144,95,test,True,1.20002926655377,31.0,"[[0, 0], [1, 1], [2, 2], [3, 3], [4, 4], [5, 5], [6, 6], [7, 7], [8, 8], [9, 9], [10, 11], [11, 12], [12, 13], [13, 14], [14, 15], [15, 16], [16, 17], [17, 18], [18, 19], [19, 20], [20, 21], [21, 22], [22, 23], [23, 24], [26, 25], [27, 26], [28, 27], [29, 28], [30, 29], [31, 30], [32, 31]]","[8, 9, 10, 11, 22, 23, 24, 25, 26]","[8, 9, 10, 11, 12, 25]",True,
CHEMBL214_Ki,532,1156,2185,12,test,True,1.9867717342662448,26.0,"[[0, 16], [1, 15], [2, 14], [3, 13], [4, 12], [5, 11], [6, 10], [7, 9], [8, 26], [9, 27], [10, 6], [11, 5], [12, 28], [13, 1], [14, 2], [15, 3], [17, 4], [19, 7], [20, 8], [21, 17], [23, 20], [24, 19], [25, 24], [26, 23], [27, 22], [28, 21]]","[1, 3, 4, 5, 6, 11, 14, 15, 16, 17, 18, 21, 22, 23, 24, 27, 28, 29]","[0, 1, 2, 5, 10, 11, 12, 13, 15, 17, 18, 19, 20, 23, 24, 25, 28, 29]",True,
CHEMBL214_Ki,547,1181,1182,96,calibration,True,1.0460966506574936,35.0,"[[0, 0], [1, 1], [2, 2], [3, 3], [4, 5], [5, 6], [6, 7], [7, 8], [8, 9], [9, 10], [10, 11], [11, 12], [12, 13], [13, 14], [14, 15], [15, 16], [16, 17], [17, 18], [18, 19], [19, 20], [20, 21], [21, 22], [22, 23], [23, 24], [24, 25], [25, 26], [26, 27], [27, 28], [28, 29], [29, 30], [30, 33], [31, 32], [32, 31], [33, 34], [34, 35]]","[2, 3, 4, 5]","[2, 3, 4, 5, 6]",True,
CHEMBL214_Ki,548,1184,1186,79,test,True,1.9706598678082097,31.0,"[[1, 0], [3, 1], [4, 2], [5, 3], [6, 4], [7, 5], [8, 6], [9, 7], [10, 8], [11, 9], [12, 10], [13, 11], [14, 12], [15, 13], [16, 14], [17, 15], [18, 16], [19, 17], [20, 18], [21, 19], [22, 20], [23, 21], [24, 22], [26, 24], [27, 25], [28, 26], [29, 29], [30, 28], [31, 27], [32, 30], [33, 31]]","[0, 1, 2, 3, 23, 24, 25, 26]","[21, 22, 23, 24]",True,
CHEMBL214_Ki,551,1210,1211,98,test,True,1.042231901809516,26.0,"[[0, 0], [1, 1], [2, 2], [3, 3], [4, 4], [5, 5], [6, 6], [7, 7], [8, 8], [9, 9], [10, 10], [11, 11], [12, 13], [13, 14], [14, 15], [15, 16], [16, 17], [17, 18], [18, 19], [19, 20], [20, 26], [21, 25], [22, 23], [23, 24], [24, 22], [25, 21]]",[],"[10, 11, 12, 13, 19]",True,
CHEMBL214_Ki,552,1218,1231,99,test,True,1.1047353505200128,27.0,"[[0, 1], [1, 2], [2, 3], [3, 4], [4, 5], [5, 6], [6, 7], [7, 8], [8, 9], [9, 10], [10, 11], [11, 12], [12, 13], [13, 14], [14, 15], [15, 16], [16, 17], [17, 18], [18, 19], [19, 20], [20, 21], [21, 22], [22, 23], [23, 24], [24, 25], [25, 26], [26, 27]]",[],"[0, 1, 2]",True,
CHEMBL214_Ki,554,1226,1230,100,test,True,2.0199710809306204,18.0,"[[8, 9], [9, 8], [10, 7], [11, 6], [12, 5], [13, 4], [14, 3], [15, 2], [16, 1], [17, 0], [18, 22], [19, 17], [20, 18], [21, 19], [22, 21], [23, 20], [24, 16], [25, 15]]","[0, 1, 2, 3, 4, 5, 6, 7, 8, 9, 26]","[8, 9, 10, 11, 12, 13, 14]",True,
CHEMBL214_Ki,582,1279,1280,103,test,True,1.5039934011199634,30.0,"[[0, 0], [1, 1], [2, 2], [3, 3], [4, 4], [5, 5], [6, 6], [7, 7], [8, 8], [9, 9], [10, 10], [11, 11], [12, 13], [13, 14], [14, 15], [15, 16], [16, 17], [17, 18], [18, 19], [19, 20], [20, 21], [21, 22], [22, 24], [23, 23], [24, 25], [25, 26], [26, 27], [27, 28], [28, 29], [29, 30]]","[10, 11, 12, 13, 28]","[10, 11, 12, 13, 14, 29]",True,
CHEMBL214_Ki,588,1291,2303,104,test,True,1.9829666607012195,28.0,"[[0, 1], [1, 2], [2, 3], [3, 4], [4, 5], [5, 6], [6, 7], [7, 8], [8, 9], [9, 10], [10, 11], [11, 12], [12, 15], [13, 16], [14, 17], [15, 18], [16, 19], [17, 20], [18, 21], [19, 22], [20, 23], [21, 24], [22, 25], [23, 26], [24, 27], [25, 28], [26, 29], [27, 30]]","[10, 11, 12, 13, 26]","[0, 1, 2, 11, 12, 13, 14, 15, 16, 29]",True,
CHEMBL214_Ki,600,1304,1322,105,calibration,True,1.4814426285023048,20.0,"[[0, 0], [1, 1], [2, 2], [3, 3], [4, 4], [5, 5], [6, 6], [7, 7], [8, 8], [9, 9], [10, 10], [11, 11], [12, 12], [13, 13], [14, 15], [15, 20], [16, 19], [17, 18], [18, 17], [19, 16]]","[12, 13, 14, 15, 19]","[12, 13, 14, 15, 16, 20]",True,
CHEMBL214_Ki,602,1311,1324,107,calibration,True,1.4579015485126288,21.0,"[[0, 0], [1, 1], [2, 2], [3, 3], [4, 4], [5, 5], [6, 6], [7, 7], [8, 8], [9, 9], [10, 10], [11, 12], [12, 13], [13, 14], [14, 15], [15, 16], [16, 17], [17, 18], [18, 19], [19, 20], [20, 21]]",[],"[9, 10, 11, 12]",True,
CHEMBL214_Ki,610,1334,1340,108,test,True,2.666049738480516,30.0,"[[1, 0], [3, 1], [4, 2], [5, 3], [6, 4], [7, 5], [8, 6], [9, 7], [10, 8], [11, 9], [12, 10], [13, 11], [14, 12], [15, 13], [16, 14], [17, 15], [18, 16], [19, 17], [20, 18], [21, 19], [22, 20], [23, 21], [24, 22], [25, 23], [26, 24], [27, 25], [28, 26], [29, 27], [30, 28], [31, 29]]","[0, 1, 2, 3, 23, 24, 25, 30, 31, 32]","[21, 22, 23, 28, 29]",True,
CHEMBL214_Ki,625,1377,1380,113,test,True,1.4400499433440794,29.0,"[[0, 0], [1, 1], [2, 3], [3, 4], [4, 5], [5, 6], [6, 7], [7, 8], [8, 9], [9, 10], [10, 11], [11, 12], [12, 13], [13, 14], [14, 15], [15, 16], [16, 17], [17, 18], [18, 19], [19, 20], [20, 21], [21, 22], [22, 23], [23, 24], [24, 25], [25, 26], [26, 27], [27, 28], [28, 2]]","[0, 1, 2, 3, 28]","[0, 1, 2, 3, 28]",True,
CHEMBL214_Ki,628,1386,1717,106,calibration,True,1.7267898823049697,15.0,"[[0, 0], [1, 1], [2, 2], [3, 3], [4, 4], [5, 5], [6, 6], [7, 7], [8, 8], [14, 15], [15, 16], [16, 17], [17, 18], [18, 19], [19, 20]]","[7, 8, 9, 10, 11, 12, 13, 14, 15, 19]","[7, 8, 9, 10, 11, 12, 13, 14, 15, 16, 20]",True,
CHEMBL214_Ki,629,1388,1401,115,calibration,True,1.3105753135702116,18.0,"[[2, 5], [3, 4], [4, 3], [5, 2], [6, 1], [7, 6], [8, 7], [9, 8], [10, 9], [11, 10], [12, 11], [13, 12], [14, 13], [16, 16], [17, 15], [18, 14], [19, 19], [20, 18]]","[0, 1, 2, 3, 7, 9, 13, 14, 15, 16, 17, 19, 20]","[0, 1, 2, 6, 8, 12, 13, 14, 15, 16, 17, 18, 19]",True,
CHEMBL214_Ki,632,1402,1726,116,calibration,True,1.7392943138462176,20.0,"[[0, 0], [1, 1], [2, 2], [3, 3], [4, 4], [5, 5], [6, 6], [7, 7], [8, 8], [9, 9], [10, 10], [11, 11], [12, 12], [13, 13], [14, 14], [15, 19], [16, 18], [17, 17], [19, 16], [20, 20]]","[9, 13, 14, 15, 16, 17, 18, 19, 20]","[9, 13, 14, 15, 16, 17, 18, 20]",True,
CHEMBL214_Ki,636,1405,1409,118,test,True,1.949945158362218,30.0,"[[0, 8], [1, 7], [2, 6], [3, 5], [4, 4], [5, 3], [6, 2], [7, 9], [8, 10], [9, 11], [10, 12], [11, 13], [12, 14], [13, 15], [14, 16], [15, 17], [16, 18], [17, 19], [18, 20], [19, 21], [20, 22], [21, 23], [22, 24], [23, 25], [24, 26], [25, 27], [26, 28], [27, 29], [28, 30], [29, 31]]",[],"[0, 1, 2, 3, 9]",True,
CHEMBL214_Ki,646,1422,1444,119,test,True,1.050003290088541,34.0,"[[0, 0], [1, 1], [2, 2], [3, 3], [4, 4], [5, 5], [6, 6], [7, 7], [8, 8], [9, 9], [10, 10], [11, 11], [12, 12], [13, 13], [14, 14], [15, 15], [16, 16], [17, 25], [18, 24], [19, 19], [20, 20], [21, 21], [22, 22], [23, 23], [24, 18], [25, 17], [26, 26], [27, 37], [28, 36], [29, 29], [30, 28], [31, 27], [32, 38], [33, 39]]",[],"[28, 29, 30, 31, 32, 33, 34, 35, 36]",True,
CHEMBL214_Ki,653,1458,1459,123,test,True,1.0750251486575255,23.0,"[[0, 0], [1, 1], [2, 2], [3, 3], [4, 4], [6, 6], [7, 7], [8, 8], [9, 9], [10, 10], [11, 11], [12, 12], [13, 13], [14, 14], [15, 15], [16, 16], [17, 17], [18, 18], [19, 19], [20, 20], [21, 21], [22, 22], [23, 23]]","[3, 4, 5, 6]","[3, 4, 5, 6]",True,
CHEMBL214_Ki,670,1473,2114,125,calibration,True,2.214670164989233,25.0,"[[0, 0], [1, 1], [2, 3], [3, 4], [4, 5], [5, 6], [6, 7], [8, 9], [9, 10], [10, 11], [11, 12], [12, 13], [13, 14], [15, 15], [16, 16], [17, 17], [18, 18], [19, 19], [20, 20], [21, 21], [22, 22], [23, 23], [24, 24], [25, 25], [26, 26]]","[0, 1, 2, 3, 5, 6, 7, 8, 9, 12, 13, 14, 15, 16, 17]","[0, 1, 2, 3, 4, 6, 7, 8, 9, 10, 14, 15, 16, 17]",True,
CHEMBL214_Ki,687,1486,1502,126,test,True,2.460104329390329,25.0,"[[0, 0], [1, 1], [2, 2], [3, 3], [4, 4], [5, 5], [6, 6], [7, 7], [8, 8], [9, 9], [10, 10], [11, 11], [12, 12], [13, 17], [19, 18], [20, 19], [21, 20], [22, 21], [23, 22], [24, 23], [25, 24], [26, 25], [27, 26], [28, 27], [29, 28]]","[8, 11, 12, 13, 14, 15, 16, 17, 18]","[8, 11, 12, 13, 14, 15, 16, 17]",True,
CHEMBL214_Ki,693,1505,1522,128,calibration,True,2.838849090737254,34.0,"[[0, 0], [1, 1], [2, 2], [3, 3], [4, 4], [5, 5], [6, 6], [7, 7], [8, 8], [9, 9], [10, 25], [11, 24], [12, 12], [13, 13], [14, 14], [15, 16], [16, 17], [17, 18], [18, 19], [19, 20], [20, 21], [21, 22], [22, 23], [23, 11], [24, 10], [25, 26], [26, 27], [27, 28], [28, 29], [29, 30], [30, 31], [31, 32], [32, 33], [33, 34]]",[],"[13, 14, 15, 16]",True,
CHEMBL214_Ki,702,1537,1541,129,test,True,1.0029531400276257,26.0,"[[1, 1], [2, 2], [3, 3], [4, 4], [5, 5], [6, 6], [7, 7], [8, 9], [9, 10], [10, 11], [11, 12], [12, 13], [13, 14], [14, 15], [15, 16], [16, 17], [17, 18], [18, 19], [19, 20], [20, 21], [21, 22], [22, 23], [23, 24], [24, 25], [25, 8], [26, 26]]","[0, 1, 2, 6, 7, 8, 9, 25]","[0, 1, 2, 7, 8, 9, 10, 26]",True,
CHEMBL214_Ki,708,1585,1587,130,test,True,1.099942230531032,30.0,"[[0, 1], [1, 2], [2, 3], [3, 4], [4, 5], [5, 6], [6, 7], [7, 8], [8, 9], [9, 11], [11, 13], [12, 14], [13, 15], [14, 16], [15, 17], [16, 18], [17, 19], [18, 20], [19, 21], [20, 22], [21, 23], [22, 24], [23, 25], [24, 26], [25, 27], [26, 32], [27, 31], [28, 30], [29, 29], [30, 28]]","[2, 6, 9, 10, 11, 12]","[0, 1, 2, 3, 7, 8, 9, 10, 11, 12, 13, 14]",True,
CHEMBL214_Ki,776,1616,1653,132,test,True,1.4541629329108776,31.0,"[[0, 0], [1, 1], [2, 2], [3, 3], [4, 5], [5, 6], [6, 7], [7, 8], [8, 9], [9, 10], [10, 11], [11, 12], [12, 13], [13, 14], [14, 15], [15, 16], [16, 17], [17, 18], [18, 20], [19, 21], [20, 22], [21, 23], [22, 24], [23, 25], [24, 26], [25, 27], [26, 28], [27, 29], [28, 30], [29, 31], [30, 32]]","[2, 3, 4, 5]","[2, 3, 4, 5, 6, 17, 18, 19, 20]",True,
CHEMBL214_Ki,813,1796,1798,138,calibration,True,1.2999984559363336,28.0,"[[0, 0], [1, 1], [2, 2], [3, 3], [4, 4], [5, 5], [6, 6], [7, 7], [8, 8], [9, 9], [10, 10], [11, 11], [12, 12], [13, 13], [14, 14], [15, 15], [16, 16], [17, 17], [18, 18], [19, 19], [20, 20], [21, 21], [22, 22], [23, 23], [24, 24], [25, 25], [26, 26], [27, 27]]","[8, 9, 10, 11, 24, 25]","[8, 9, 10, 11, 24, 25]",True,
CHEMBL214_Ki,814,1799,1802,139,calibration,True,1.504236635224279,25.0,"[[0, 0], [1, 1], [2, 2], [3, 3], [4, 4], [6, 6], [7, 7], [8, 8], [9, 9], [10, 10], [11, 11], [12, 12], [13, 13], [14, 14], [15, 15], [16, 16], [17, 17], [18, 18], [19, 19], [20, 20], [21, 21], [22, 22], [23, 23], [24, 24], [25, 25]]","[2, 3, 4, 5, 6, 7, 11]","[2, 3, 4, 5, 6, 7, 11]",True,
CHEMBL214_Ki,817,1828,1833,127,test,True,2.1461280356782373,16.0,"[[4, 13], [5, 12], [6, 19], [7, 20], [8, 9], [9, 8], [10, 7], [11, 6], [13, 1], [14, 2], [15, 3], [16, 4], [17, 21], [18, 22], [19, 10], [20, 11]]","[0, 1, 2, 3, 4, 5, 10, 11, 12, 13, 14, 18, 21, 22]","[0, 1, 2, 3, 4, 5, 6, 7, 12, 13, 14, 15, 16, 17, 18, 21, 22]",True,
CHEMBL214_Ki,875,1894,1895,145,calibration,True,1.3377528026887209,22.0,"[[0, 0], [1, 5], [2, 4], [3, 3], [4, 2], [5, 1], [7, 6], [8, 7], [9, 8], [10, 9], [11, 10], [12, 11], [13, 12], [14, 13], [15, 14], [16, 15], [17, 16], [18, 17], [19, 18], [20, 19], [21, 20], [22, 21]]","[3, 4, 5, 6, 7, 8]","[3, 4, 5, 6, 7]",True,
CHEMBL214_Ki,924,1972,1980,154,test,True,1.7779960620732895,34.0,"[[0, 0], [1, 1], [2, 2], [3, 3], [4, 4], [5, 5], [6, 6], [7, 7], [8, 8], [9, 9], [10, 10], [11, 11], [12, 12], [13, 13], [14, 14], [15, 15], [18, 16], [19, 17], [20, 18], [21, 19], [22, 20], [23, 21], [24, 22], [25, 23], [26, 24], [27, 25], [28, 26], [29, 27], [30, 28], [31, 29], [32, 30], [33, 31], [34, 32], [35, 33]]","[14, 15, 16, 17, 18, 19, 22]","[14, 15, 16, 17, 20]",True,
CHEMBL214_Ki,935,2011,2234,156,test,True,3.397940008672037,24.0,"[[0, 0], [1, 1], [2, 2], [3, 3], [4, 4], [5, 5], [6, 6], [8, 7], [9, 8], [10, 9], [11, 10], [12, 11], [13, 12], [14, 13], [15, 14], [16, 15], [17, 16], [18, 17], [19, 18], [20, 19], [25, 21], [26, 22], [27, 23], [28, 24]]","[5, 6, 7, 8, 9, 15, 19, 20, 21, 22, 23, 24, 27]","[5, 6, 7, 8, 14, 18, 19, 20, 23]",True,
CHEMBL214_Ki,955,2027,2503,157,calibration,True,2.0404893161754,32.0,"[[2, 33], [3, 5], [4, 4], [5, 3], [6, 30], [7, 29], [8, 28], [9, 27], [10, 26], [11, 25], [12, 18], [13, 31], [14, 32], [15, 15], [16, 14], [17, 13], [19, 11], [20, 10], [21, 8], [22, 9], [23, 7], [24, 6], [25, 24], [26, 19], [27, 20], [28, 21], [29, 22], [30, 23], [31, 16], [32, 17], [33, 2], [34, 34]]","[0, 1, 2, 3, 4, 5, 6, 7, 10, 11, 12, 13, 16, 17, 18, 19, 20, 23, 24, 25, 26, 30, 32, 33, 34]","[0, 1, 2, 3, 4, 5, 6, 7, 10, 11, 12, 13, 14, 17, 18, 19, 20, 23, 24, 25, 26, 30, 31, 33, 34]",True,
CHEMBL214_Ki,958,2028,2038,158,calibration,True,1.1451262025190934,19.0,"[[0, 0], [1, 1], [2, 2], [3, 3], [4, 4], [5, 6], [6, 7], [7, 8], [8, 9], [9, 10], [10, 11], [11, 12], [12, 13], [13, 14], [14, 15], [15, 16], [16, 17], [17, 18], [18, 19]]",[],"[2, 4, 5, 6]",True,
CHEMBL214_Ki,967,2071,2076,163,test,True,1.763427993562937,28.0,"[[0, 0], [1, 1], [2, 2], [3, 3], [4, 4], [5, 5], [6, 6], [7, 7], [8, 8], [9, 9], [10, 10], [11, 11], [12, 12], [13, 13], [14, 14], [15, 15], [16, 28], [17, 27], [18, 18], [19, 19], [20, 20], [21, 21], [22, 22], [23, 23], [24, 25], [25, 26], [26, 17], [27, 16]]",[],"[22, 23, 24, 25]",True,
CHEMBL214_Ki,976,2088,2092,167,calibration,True,1.4939805629674652,33.0,"[[0, 0], [1, 1], [2, 2], [3, 3], [4, 4], [5, 5], [6, 6], [7, 7], [8, 8], [9, 9], [10, 10], [11, 11], [12, 12], [13, 13], [14, 14], [15, 15], [16, 16], [17, 17], [18, 18], [19, 19], [20, 20], [21, 33], [22, 32], [23, 23], [24, 24], [25, 25], [26, 26], [27, 27], [28, 28], [29, 29], [30, 30], [31, 22], [32, 21]]",[],"[24, 28, 30, 31]",True,
CHEMBL214_Ki,978,2094,2339,168,calibration,True,1.1613680022349744,32.0,"[[0, 0], [1, 1], [2, 2], [3, 3], [4, 4], [5, 5], [6, 6], [7, 7], [8, 8], [9, 9], [10, 10], [11, 11], [12, 12], [13, 13], [14, 14], [15, 16], [16, 17], [17, 18], [18, 19], [19, 20], [20, 37], [21, 36], [22, 23], [23, 24], [26, 35], [27, 34], [28, 33], [29, 32], [30, 31], [31, 30], [32, 22], [33, 21]]","[12, 13, 14, 15, 16, 22, 23, 24, 25, 26, 27, 30, 31]","[12, 13, 14, 15, 16, 17, 23, 24, 25, 26, 27, 28, 29, 30, 31, 35]",True,
CHEMBL214_Ki,981,2108,2119,169,test,True,1.467230664913516,24.0,"[[1, 4], [2, 3], [3, 2], [4, 1], [5, 0], [6, 6], [7, 7], [8, 8], [9, 9], [10, 10], [11, 11], [12, 12], [13, 13], [14, 14], [17, 19], [18, 18], [19, 17], [20, 22], [21, 21], [22, 20], [24, 24], [25, 25], [26, 27], [27, 26]]","[0, 1, 2, 4, 5, 6, 7, 12, 14, 15, 16, 17, 18, 21, 22, 23, 24, 25, 27]","[3, 4, 5, 6, 7, 12, 14, 15, 16, 17, 18, 21, 22, 23, 24, 25, 26]",True,
CHEMBL214_Ki,984,2112,2121,170,calibration,True,1.42025588290523,23.0,"[[1, 23], [2, 24], [3, 25], [5, 26], [6, 27], [8, 7], [9, 6], [10, 5], [11, 4], [12, 3], [13, 2], [14, 1], [15, 0], [16, 19], [19, 9], [20, 10], [21, 11], [22, 13], [23, 14], [24, 16], [26, 18], [27, 17], [28, 22]]","[0, 1, 2, 3, 4, 5, 6, 7, 8, 9, 14, 16, 17, 18, 19, 20, 23, 24, 25, 26, 27, 28]","[1, 6, 7, 8, 9, 10, 11, 12, 13, 14, 15, 16, 17, 18, 19, 20, 21, 22, 23, 26, 27, 28]",True,
CHEMBL214_Ki,994,2155,2605,171,calibration,True,1.7199949224494515,22.0,"[[0, 0], [1, 1], [2, 2], [3, 3], [4, 4], [5, 5], [6, 6], [7, 7], [8, 8], [9, 9], [10, 10], [11, 11], [12, 12], [13, 13], [14, 14], [16, 20], [17, 21], [18, 16], [20, 18], [21, 19], [23, 23], [24, 24]]","[12, 13, 14, 15, 16, 17, 18, 19, 20, 21, 22]","[12, 13, 14, 15, 16, 17, 18, 19, 21, 22]",True,
CHEMBL214_Ki,996,2187,2215,172,calibration,True,1.113943352306837,25.0,"[[1, 18], [2, 19], [3, 20], [4, 21], [5, 26], [6, 7], [7, 8], [8, 9], [9, 10], [10, 11], [11, 12], [12, 13], [13, 14], [14, 15], [15, 16], [16, 17], [19, 2], [20, 3], [21, 4], [22, 5], [23, 6], [24, 30], [26, 28], [27, 29], [28, 27]]","[0, 1, 2, 4, 5, 6, 7, 14, 15, 16, 17, 18, 19, 20, 23, 24, 25, 27, 28]","[0, 1, 2, 3, 5, 6, 7, 8, 15, 16, 17, 18, 19, 20, 21, 22, 23, 24, 25, 26, 27, 29, 30]",True,
CHEMBL214_Ki,1000,2220,3313,174,calibration,True,1.4973246408079517,26.0,"[[0, 0], [1, 1], [2, 2], [3, 5], [4, 6], [5, 7], [6, 8], [7, 9], [8, 10], [9, 11], [10, 12], [11, 13], [15, 16], [16, 17], [17, 18], [18, 19], [19, 20], [20, 21], [21, 22], [22, 23], [23, 24], [24, 29], [25, 28], [26, 27], [27, 26], [28, 25]]","[1, 2, 3, 4, 10, 11, 12, 13, 14, 15, 16, 19, 20]","[1, 2, 3, 4, 5, 6, 12, 13, 14, 15, 16, 17, 20, 21]",True,
CHEMBL214_Ki,1114,2304,2305,178,calibration,True,1.117456579265843,29.0,"[[0, 0], [1, 1], [2, 2], [3, 3], [4, 4], [5, 5], [6, 6], [7, 7], [8, 8], [9, 9], [10, 10], [11, 11], [12, 12], [13, 13], [14, 14], [15, 15], [16, 17], [17, 18], [18, 19], [19, 20], [20, 21], [21, 22], [22, 23], [23, 24], [24, 25], [25, 26], [26, 27], [27, 28], [28, 29]]","[14, 15, 16, 17, 21, 22]","[14, 15, 16, 17, 18, 22, 23]",True,
CHEMBL214_Ki,1131,2431,2740,146,test,True,1.850459768386365,29.0,"[[0, 0], [1, 1], [2, 2], [3, 3], [4, 4], [5, 5], [7, 9], [8, 10], [9, 11], [10, 12], [11, 13], [12, 14], [13, 15], [14, 16], [15, 17], [16, 18], [17, 23], [18, 22], [19, 21], [20, 20], [21, 19], [22, 25], [23, 26], [24, 27], [25, 28], [26, 29], [27, 30], [28, 31], [29, 32]]","[4, 5, 6, 7, 8, 22]","[4, 5, 6, 7, 8, 9, 10, 24, 25]",True,
CHEMBL214_Ki,1132,2432,2438,147,test,True,2.0067036862945065,27.0,"[[0, 2], [1, 1], [2, 3], [3, 4], [4, 5], [5, 6], [6, 7], [7, 8], [8, 9], [9, 10], [10, 11], [11, 12], [12, 13], [13, 14], [14, 16], [15, 17], [16, 18], [17, 19], [18, 20], [19, 21], [20, 27], [21, 26], [22, 24], [23, 25], [24, 23], [25, 22], [26, 29]]","[12, 13, 14, 15, 26]","[0, 1, 2, 3, 4, 13, 14, 15, 16, 17, 28, 29]",True,
CHEMBL214_Ki,1146,2471,2474,180,test,True,1.9532599423190675,31.0,"[[0, 0], [1, 1], [2, 2], [3, 3], [4, 4], [5, 5], [6, 6], [7, 7], [8, 8], [9, 9], [10, 10], [11, 11], [12, 12], [13, 13], [14, 14], [15, 15], [16, 16], [17, 17], [18, 30], [19, 29], [20, 20], [21, 21], [22, 27], [23, 25], [24, 24], [26, 23], [27, 22], [28, 19], [29, 18], [30, 31], [31, 32]]","[23, 24, 25, 26]","[21, 24, 25, 26, 27, 28]",True,
CHEMBL214_Ki,1153,2486,2488,183,test,True,1.0562753408790684,21.0,"[[2, 2], [3, 22], [4, 21], [5, 5], [6, 6], [7, 7], [8, 8], [9, 9], [10, 10], [11, 11], [12, 12], [13, 13], [14, 14], [15, 15], [16, 16], [17, 17], [18, 18], [19, 19], [20, 20], [21, 4], [22, 3]]","[0, 1, 2, 3, 22]","[0, 1, 2, 3, 22]",True,
CHEMBL214_Ki,1154,2500,2504,184,calibration,True,1.2204663281675223,37.0,"[[0, 0], [1, 1], [2, 2], [3, 3], [4, 4], [5, 5], [6, 6], [7, 7], [8, 8], [9, 9], [10, 10], [11, 11], [12, 15], [13, 14], [14, 13], [15, 12], [16, 16], [17, 17], [18, 18], [19, 19], [20, 20], [22, 21], [23, 22], [24, 23], [25, 24], [26, 25], [27, 26], [28, 27], [29, 36], [30, 35], [31, 30], [32, 31], [33, 32], [34, 33], [35, 34], [36, 29], [37, 28]]","[10, 11, 12, 13, 14, 15, 16, 17, 19, 20, 21, 22]","[10, 11, 12, 13, 14, 15, 16, 17]",True,
CHEMBL214_Ki,1169,2565,2572,186,test,True,1.460087915420882,26.0,"[[0, 0], [1, 1], [2, 2], [3, 3], [4, 4], [5, 5], [6, 6], [7, 7], [8, 8], [9, 9], [10, 10], [11, 11], [12, 12], [13, 13], [14, 14], [15, 15], [16, 16], [17, 17], [18, 18], [19, 19], [20, 20], [21, 21], [22, 22], [23, 23], [24, 24], [25, 25]]","[0, 1, 2, 26, 27, 28, 29, 30, 31]","[0, 1, 2, 26, 27, 28, 29, 30]",True,
CHEMBL214_Ki,1172,2595,2596,188,test,True,1.0856568428805584,30.0,"[[0, 0], [1, 1], [2, 2], [3, 3], [4, 4], [5, 5], [6, 6], [7, 7], [8, 8], [9, 9], [10, 10], [11, 11], [12, 12], [13, 13], [14, 14], [15, 15], [16, 16], [17, 17], [18, 18], [19, 19], [20, 20], [21, 22], [22, 21], [23, 27], [24, 26], [25, 24], [26, 25], [27, 23], [28, 28], [29, 29]]","[19, 20, 21, 22, 27, 28]","[19, 20, 21, 22, 27, 28]",True,
CHEMBL214_Ki,1179,2610,2619,191,test,True,1.0898096725901176,32.0,"[[1, 2], [2, 1], [3, 3], [4, 4], [5, 5], [6, 6], [7, 7], [8, 8], [9, 9], [10, 10], [11, 11], [12, 12], [13, 13], [14, 14], [15, 15], [16, 16], [17, 17], [18, 18], [19, 19], [20, 20], [21, 21], [22, 22], [23, 23], [24, 24], [25, 25], [26, 26], [27, 27], [28, 28], [29, 29], [30, 30], [31, 31], [32, 32]]","[0, 1, 2]","[0, 1, 2, 3]",True,
CHEMBL214_Ki,1194,2639,2641,194,test,True,1.4838546373786308,33.0,"[[0, 0], [1, 1], [2, 2], [3, 3], [4, 4], [5, 5], [6, 6], [7, 7], [8, 8], [9, 9], [10, 10], [11, 11], [12, 12], [13, 13], [14, 14], [15, 15], [16, 16], [17, 17], [18, 18], [19, 19], [20, 31], [21, 30], [22, 22], [23, 23], [24, 29], [25, 27], [26, 26], [28, 25], [29, 24], [30, 21], [31, 20], [32, 32], [33, 33]]","[25, 26, 27, 28]","[26, 27, 28, 29]",True,
CHEMBL214_Ki,1239,2667,2672,196,test,True,1.2430380486862944,32.0,"[[0, 0], [1, 1], [2, 2], [3, 3], [5, 4], [6, 5], [7, 6], [8, 7], [9, 8], [10, 9], [11, 10], [12, 11], [13, 12], [14, 13], [15, 14], [16, 15], [17, 16], [18, 17], [19, 18], [20, 19], [21, 20], [22, 21], [23, 22], [24, 31], [25, 30], [26, 29], [27, 28], [28, 27], [29, 26], [30, 25], [31, 24], [32, 23]]","[1, 3, 4, 5, 6, 25, 26, 27, 30, 31, 32]","[1, 3, 4, 5, 22, 25, 26, 27, 30, 31]",True,
CHEMBL214_Ki,1313,2754,2756,197,calibration,True,3.431363764158986,31.0,"[[0, 0], [1, 1], [2, 2], [3, 3], [4, 4], [5, 5], [6, 6], [7, 7], [8, 8], [9, 9], [10, 10], [11, 11], [12, 12], [13, 13], [14, 19], [15, 17], [16, 16], [17, 15], [18, 14], [20, 20], [21, 21], [22, 22], [23, 23], [24, 24], [25, 25], [26, 26], [27, 27], [28, 28], [29, 29], [30, 30], [31, 31]]","[13, 17, 18, 19]","[16, 17, 18, 19]",True,
CHEMBL214_Ki,1324,2770,2776,198,calibration,True,1.2550387621041743,27.0,"[[0, 0], [1, 1], [2, 2], [3, 3], [4, 4], [5, 5], [6, 6], [7, 7], [8, 8], [9, 9], [10, 10], [11, 11], [12, 12], [14, 13], [15, 14], [16, 15], [17, 27], [18, 26], [20, 19], [21, 25], [22, 24], [23, 22], [25, 21], [26, 20], [27, 17], [28, 16], [29, 28]]","[11, 12, 13, 14, 15, 17, 18, 19, 20, 21, 22, 23, 24, 25, 26, 27, 28, 29]","[11, 12, 13, 14, 16, 17, 18, 19, 20, 21, 22, 23, 24, 25, 26, 27, 28]",True,
CHEMBL214_Ki,1332,2794,2809,199,calibration,True,1.1609080855096554,26.0,"[[0, 0], [1, 1], [2, 2], [3, 3], [4, 4], [5, 5], [6, 6], [7, 7], [8, 8], [9, 9], [10, 10], [11, 11], [12, 12], [13, 13], [14, 15], [15, 16], [16, 17], [17, 18], [18, 19], [19, 20], [20, 21], [21, 26], [22, 25], [23, 24], [24, 23], [25, 22]]",[],"[12, 13, 14, 15]",True,
CHEMBL214_Ki,1341,2816,2818,200,calibration,True,1.1955537388251134,31.0,"[[0, 0], [1, 1], [2, 2], [3, 3], [4, 4], [5, 5], [6, 6], [7, 7], [8, 8], [9, 9], [10, 10], [11, 11], [12, 12], [13, 13], [14, 14], [15, 15], [16, 20], [17, 19], [18, 18], [19, 17], [20, 16], [22, 24], [23, 23], [24, 22], [25, 21], [26, 25], [27, 26], [28, 27], [29, 28], [30, 29], [31, 30]]","[15, 19, 20, 21]",[],True,
CHEMBL214_Ki,1348,2828,2829,201,test,True,1.2643866836482012,31.0,"[[0, 0], [1, 1], [2, 2], [3, 3], [4, 4], [5, 5], [6, 6], [7, 7], [9, 8], [10, 9], [11, 10], [12, 11], [13, 12], [14, 13], [15, 14], [16, 15], [17, 16], [18, 17], [19, 18], [20, 19], [21, 20], [22, 21], [23, 22], [24, 23], [25, 24], [26, 25], [27, 26], [28, 27], [29, 28], [30, 29], [31, 30]]","[6, 7, 8, 9]",[],True,
CHEMBL214_Ki,1359,2842,2856,203,test,True,1.3497630439879496,32.0,"[[0, 0], [1, 1], [2, 2], [3, 10], [4, 9], [5, 8], [6, 7], [7, 12], [8, 3], [9, 4], [10, 5], [11, 6], [12, 11], [13, 13], [16, 14], [17, 15], [18, 16], [19, 17], [20, 18], [21, 19], [22, 20], [23, 34], [24, 33], [25, 23], [26, 27], [27, 32], [28, 31], [29, 30], [30, 29], [34, 28], [35, 22], [36, 21]]","[0, 1, 2, 3, 4, 7, 10, 11, 12, 13, 14, 15, 16, 17, 19, 24, 25, 26, 27, 29, 30, 31, 32, 33, 34, 35]","[0, 1, 2, 3, 4, 5, 6, 7, 8, 12, 13, 14, 15, 17, 22, 23, 24, 25, 26, 27, 28, 31, 32, 33]",True,
CHEMBL214_Ki,1379,2900,2908,208,calibration,True,1.574031267727717,34.0,"[[0, 0], [1, 1], [2, 2], [3, 3], [4, 4], [5, 5], [6, 6], [7, 7], [8, 8], [9, 9], [10, 10], [11, 12], [12, 13], [13, 14], [14, 15], [15, 16], [16, 17], [17, 18], [18, 19], [19, 20], [20, 21], [21, 22], [22, 23], [23, 24], [24, 25], [25, 26], [26, 27], [27, 28], [28, 29], [29, 30], [30, 31], [31, 32], [32, 33], [33, 34]]","[9, 10, 11, 12, 31]","[9, 10, 11, 12, 13, 32]",True,
CHEMBL214_Ki,1407,2960,2963,211,test,True,1.696536975665019,34.0,"[[0, 0], [1, 1], [2, 2], [3, 3], [4, 4], [5, 5], [6, 6], [7, 7], [8, 8], [9, 9], [10, 10], [11, 11], [12, 12], [13, 13], [14, 14], [15, 15], [16, 16], [17, 17], [18, 18], [19, 19], [20, 20], [21, 21], [22, 22], [23, 23], [24, 24], [25, 25], [26, 26], [27, 27], [28, 28], [29, 29], [30, 30], [31, 31], [32, 32], [33, 33]]","[31, 32, 33, 34, 35, 36, 37, 38]","[31, 32, 33, 34, 35, 36, 37, 38]",True,
CHEMBL214_Ki,1419,2978,2979,213,calibration,True,2.4756106636944235,30.0,"[[0, 0], [1, 1], [2, 2], [3, 3], [4, 4], [5, 5], [6, 6], [7, 7], [8, 8], [9, 9], [10, 10], [11, 11], [12, 12], [13, 13], [14, 14], [15, 15], [16, 16], [17, 18], [18, 19], [19, 20], [20, 21], [21, 22], [22, 23], [23, 24], [24, 25], [25, 26], [26, 27], [27, 28], [28, 29], [29, 30]]",[],"[15, 16, 17, 18]",True,
CHEMBL214_Ki,1428,2996,3002,216,test,True,2.0,35.0,"[[0, 0], [1, 1], [2, 2], [3, 3], [4, 4], [5, 5], [6, 6], [7, 7], [8, 8], [9, 9], [10, 10], [11, 11], [12, 12], [13, 13], [14, 14], [15, 15], [16, 16], [17, 19], [18, 20], [19, 21], [20, 36], [21, 35], [22, 24], [23, 25], [24, 26], [25, 27], [26, 28], [27, 29], [28, 30], [29, 31], [30, 32], [31, 33], [32, 34], [33, 23], [34, 22]]","[1, 14, 16, 17, 18]","[1, 14, 16, 17, 18, 19, 20]",True,
CHEMBL214_Ki,1453,3025,3028,217,test,True,1.487320419694945,23.0,"[[0, 0], [1, 1], [2, 2], [3, 3], [4, 4], [5, 5], [6, 6], [7, 7], [8, 8], [9, 9], [10, 10], [11, 11], [12, 12], [13, 13], [14, 14], [15, 15], [16, 16], [18, 19], [19, 20], [22, 22], [23, 23], [24, 24], [25, 25]]","[13, 15, 16, 17, 18, 19, 20, 21, 22]","[13, 15, 16, 17, 18, 19, 20, 21, 22]",True,
CHEMBL214_Ki,1458,3036,3041,218,calibration,True,2.81954393554187,36.0,"[[0, 0], [1, 1], [2, 2], [3, 3], [4, 4], [5, 5], [6, 6], [7, 7], [8, 8], [9, 9], [10, 10], [11, 11], [12, 12], [13, 13], [14, 14], [15, 15], [16, 16], [17, 29], [18, 28], [19, 19], [20, 20], [21, 21], [22, 22], [23, 23], [24, 24], [25, 25], [26, 26], [27, 27], [28, 18], [29, 17], [30, 30], [31, 31], [32, 32], [33, 33], [34, 34], [35, 35]]",[],"[34, 35, 36, 37, 38, 39]",True,
CHEMBL214_Ki,1464,3069,3077,220,calibration,True,1.1180993120779943,37.0,"[[0, 0], [1, 1], [2, 2], [3, 3], [4, 4], [5, 5], [6, 6], [7, 7], [8, 8], [10, 9], [11, 10], [12, 11], [13, 12], [14, 13], [15, 14], [16, 15], [17, 16], [18, 17], [19, 18], [20, 19], [21, 20], [22, 21], [23, 22], [24, 23], [25, 24], [26, 25], [27, 26], [28, 27], [29, 28], [30, 29], [31, 31], [32, 32], [33, 33], [34, 34], [35, 35], [36, 36], [37, 37]]","[3, 7, 8, 9]","[28, 29, 30, 31]",True,
CHEMBL214_Ki,1471,3074,3193,219,test,True,1.3544039781053208,33.0,"[[0, 0], [1, 1], [2, 2], [3, 3], [4, 4], [5, 5], [6, 6], [8, 8], [9, 9], [10, 10], [11, 15], [12, 16], [13, 17], [14, 18], [15, 19], [16, 20], [17, 21], [18, 22], [19, 23], [20, 24], [21, 25], [22, 26], [23, 27], [24, 28], [25, 29], [26, 30], [27, 31], [28, 32], [29, 33], [30, 34], [31, 35], [32, 36], [33, 37]]","[2, 5, 6, 7, 8, 10, 11, 12, 34, 35, 36, 37]","[2, 5, 6, 7, 8, 10, 11, 12, 13, 14, 15, 16]",True,
CHEMBL214_Ki,1477,3091,3173,221,calibration,True,1.1607163974887271,35.0,"[[0, 0], [1, 1], [2, 2], [3, 3], [4, 4], [5, 5], [6, 6], [7, 7], [8, 8], [9, 9], [10, 10], [11, 11], [12, 12], [13, 13], [14, 14], [15, 15], [16, 16], [17, 17], [18, 18], [19, 19], [20, 20], [21, 21], [22, 22], [23, 28], [24, 27], [25, 25], [27, 24], [28, 23], [29, 29], [30, 34], [31, 35], [32, 36], [37, 37], [38, 38], [39, 39]]","[21, 24, 25, 26, 27, 29, 30, 31, 33, 34, 35, 36]","[21, 24, 25, 26, 27, 29, 30, 31, 32, 33, 34, 35]",True,
CHEMBL214_Ki,1482,3126,3136,223,calibration,True,1.4047787054965024,34.0,"[[0, 0], [1, 1], [2, 2], [3, 3], [4, 4], [5, 5], [6, 6], [7, 7], [8, 8], [9, 9], [10, 10], [11, 11], [12, 14], [13, 15], [14, 16], [15, 17], [16, 18], [17, 19], [18, 20], [19, 21], [20, 22], [21, 23], [22, 24], [23, 25], [24, 26], [25, 27], [26, 28], [27, 29], [28, 30], [29, 31], [30, 32], [31, 33], [32, 34], [33, 35]]","[1, 9, 10, 11, 12, 13]","[1, 9, 10, 11, 12, 13, 14, 15]",True,
CHEMBL214_Ki,1485,3151,3154,225,test,True,1.139793378842775,16.0,"[[0, 0], [1, 1], [2, 2], [3, 3], [4, 4], [5, 5], [6, 6], [7, 7], [8, 8], [9, 9], [10, 10], [11, 11], [12, 12], [13, 13], [16, 15], [17, 16]]","[12, 13, 14, 15, 16]","[12, 13, 14, 15]",True,
CHEMBL214_Ki,1492,3221,3222,120,test,True,1.7012972801267852,29.0,"[[0, 0], [1, 1], [2, 2], [3, 3], [4, 4], [5, 5], [6, 6], [7, 7], [8, 9], [9, 8], [10, 14], [11, 13], [12, 11], [13, 12], [14, 10], [15, 15], [16, 16], [17, 17], [18, 28], [19, 27], [20, 20], [21, 21], [22, 22], [23, 23], [24, 24], [25, 25], [26, 26], [27, 19], [28, 18]]","[6, 7, 8, 9, 14, 15]","[6, 7, 8, 9, 14, 15]",True,
CHEMBL218_EC50,8,2,195,0,calibration,True,2.424881636631067,20.0,"[[2, 2], [3, 3], [4, 4], [5, 5], [6, 6], [7, 7], [8, 8], [9, 9], [10, 10], [11, 11], [14, 14], [15, 15], [16, 16], [17, 17], [18, 18], [19, 19], [20, 20], [21, 21], [22, 22], [23, 23]]","[0, 1, 2, 3, 12, 13, 14, 15, 20, 22, 23, 24, 25, 26, 27, 28, 29]","[0, 1, 2, 3, 12, 13, 14, 15, 20, 22, 23, 24, 25, 26, 27]",True,
CHEMBL218_EC50,13,12,15,1,calibration,True,1.0328046613238024,24.0,"[[0, 0], [1, 1], [2, 2], [3, 3], [4, 4], [5, 5], [6, 6], [7, 7], [8, 8], [9, 9], [10, 10], [11, 16], [12, 15], [13, 13], [15, 12], [16, 11], [17, 17], [19, 19], [20, 20], [21, 26], [22, 25], [23, 23], [25, 22], [26, 21]]","[9, 12, 13, 14, 15, 17, 18, 19, 22, 23, 24, 25]","[9, 12, 13, 14, 15, 17, 18, 19, 22, 23, 24, 25]",True,
CHEMBL218_EC50,14,19,510,2,test,True,3.1889284837608534,28.0,"[[0, 0], [1, 1], [2, 2], [3, 3], [4, 4], [5, 5], [6, 6], [7, 8], [8, 7], [9, 9], [10, 10], [11, 11], [12, 12], [13, 13], [14, 14], [15, 15], [16, 16], [17, 17], [18, 19], [19, 18], [20, 20], [21, 21], [22, 22], [23, 23], [24, 24], [25, 26], [26, 27], [27, 28]]",[],"[23, 24, 25, 26]",True,
CHEMBL218_EC50,15,26,31,3,test,True,2.7999997628906463,28.0,"[[0, 0], [1, 1], [2, 2], [3, 3], [4, 4], [5, 5], [6, 6], [8, 8], [9, 9], [10, 10], [11, 11], [12, 12], [13, 17], [14, 16], [15, 15], [16, 14], [17, 13], [18, 18], [19, 19], [20, 20], [21, 21], [22, 22], [23, 23], [24, 24], [25, 25], [26, 26], [27, 27], [28, 28]]","[4, 5, 6, 7, 8, 9, 12, 16, 17]","[4, 5, 6, 7, 8, 9, 12, 16, 17]",True,
CHEMBL218_EC50,18,34,36,4,test,True,1.099990765495856,27.0,"[[0, 0], [1, 1], [2, 2], [3, 3], [4, 4], [5, 5], [6, 6], [7, 7], [8, 8], [9, 9], [10, 10], [11, 11], [12, 12], [13, 13], [14, 14], [15, 15], [16, 16], [17, 17], [18, 18], [19, 19], [20, 20], [21, 21], [22, 23], [23, 24], [24, 25], [25, 26], [26, 27]]","[18, 21, 22, 23, 25]","[18, 21, 22, 23, 24, 26]",True,
CHEMBL218_EC50,27,70,513,7,calibration,True,1.0055137811587995,21.0,"[[0, 0], [1, 1], [2, 2], [3, 3], [4, 4], [5, 5], [6, 6], [7, 7], [8, 8], [15, 15], [16, 16], [17, 17], [18, 18], [19, 19], [20, 20], [21, 21], [22, 22], [23, 23], [24, 24], [25, 25], [26, 26]]","[7, 8, 9, 10, 11, 12, 13, 14]","[7, 8, 9, 10, 11, 12, 13, 14]",True,
CHEMBL218_EC50,69,141,154,11,calibration,True,2.4771212547196626,22.0,"[[0, 0], [1, 1], [2, 2], [3, 3], [4, 4], [5, 5], [6, 6], [7, 7], [8, 8], [9, 9], [10, 10], [11, 11], [12, 16], [13, 14], [14, 15], [15, 13], [16, 12], [18, 19], [19, 17], [20, 18], [21, 20], [22, 21]]","[8, 9, 10, 11, 12, 13, 15, 16, 17, 18, 19]","[8, 9, 10, 11, 12, 13, 19]",True,
CHEMBL218_EC50,90,254,255,17,test,True,1.2999618743005508,28.0,"[[0, 26], [1, 25], [2, 24], [3, 3], [4, 4], [5, 5], [6, 6], [7, 7], [8, 8], [9, 9], [10, 10], [11, 11], [12, 12], [13, 13], [14, 14], [15, 15], [16, 16], [17, 17], [18, 18], [19, 19], [20, 20], [21, 21], [22, 22], [23, 23], [24, 2], [25, 1], [26, 0], [27, 27]]","[1, 25, 27, 28]",[],True,
CHEMBL218_EC50,93,262,263,19,calibration,True,1.0999716059093352,28.0,"[[0, 7], [1, 6], [2, 5], [3, 3], [4, 2], [5, 1], [6, 0], [7, 8], [8, 9], [9, 10], [10, 11], [11, 12], [12, 13], [13, 14], [14, 15], [15, 16], [16, 17], [17, 18], [18, 19], [19, 20], [20, 21], [21, 22], [22, 23], [23, 24], [24, 25], [25, 26], [26, 27], [27, 28]]",[],"[2, 3, 4, 5]",True,
CHEMBL218_EC50,100,285,576,22,calibration,True,2.004520142967253,28.0,"[[0, 0], [1, 1], [2, 2], [3, 3], [4, 4], [5, 5], [6, 6], [7, 7], [8, 8], [9, 9], [49, 11], [50, 12], [51, 13], [52, 14], [53, 15], [54, 16], [55, 17], [56, 18], [57, 19], [58, 20], [59, 21], [60, 22], [61, 28], [62, 27], [63, 25], [64, 26], [65, 24], [66, 23]]","[8, 9, 10, 11, 12, 13, 14, 15, 16, 17, 18, 19, 20, 21, 22, 23, 24, 25, 26, 27, 28, 29, 30, 31, 32, 33, 34, 35, 36, 37, 38, 39, 40, 41, 42, 43, 44, 45, 46, 47, 48]","[8, 9, 10]",True,
CHEMBL218_EC50,119,321,338,27,test,True,1.299988937677888,24.0,"[[1, 2], [2, 3], [3, 4], [4, 5], [5, 6], [6, 7], [7, 8], [10, 11], [11, 12], [12, 13], [13, 14], [14, 15], [15, 16], [16, 17], [18, 19], [19, 20], [20, 21], [21, 22], [22, 27], [23, 26], [24, 25], [25, 24], [26, 23], [27, 28]]","[0, 1, 2, 6, 7, 8, 9, 10, 11, 17, 27]","[0, 1, 2, 3, 7, 8, 9, 10, 11, 12, 18, 28]",True,
CHEMBL218_EC50,122,330,339,29,test,True,1.5999725612641988,23.0,"[[1, 1], [2, 2], [3, 3], [4, 4], [5, 5], [6, 6], [7, 7], [10, 9], [11, 10], [12, 11], [13, 12], [14, 13], [15, 14], [16, 15], [18, 18], [19, 19], [20, 20], [21, 21], [22, 26], [23, 25], [25, 23], [26, 22], [27, 27]]","[0, 1, 2, 6, 7, 8, 9, 10, 11, 17, 22, 23, 24, 25, 26, 27]","[0, 1, 2, 6, 7, 8, 9, 10, 16, 17, 22, 23, 24, 25, 26, 27]",True,
CHEMBL218_EC50,124,337,611,30,calibration,True,1.8979094744881648,21.0,"[[1, 5], [4, 6], [7, 3], [8, 2], [9, 1], [10, 0], [11, 12], [12, 13], [13, 14], [14, 15], [15, 16], [16, 17], [17, 18], [18, 19], [21, 22], [22, 23], [23, 24], [24, 25], [25, 26], [28, 29], [29, 30]]","[0, 1, 2, 3, 4, 5, 6, 7, 8, 16, 18, 19, 20, 21, 22, 26, 27, 30, 31]","[2, 3, 4, 5, 6, 7, 8, 9, 10, 11, 17, 19, 20, 21, 22, 23, 27, 28]",True,
CHEMBL218_EC50,127,347,1020,31,test,True,1.3170222769766688,26.0,"[[0, 0], [1, 1], [2, 2], [3, 3], [4, 4], [5, 5], [6, 6], [7, 7], [8, 8], [9, 9], [10, 10], [11, 11], [12, 12], [13, 13], [14, 14], [15, 15], [16, 16], [17, 17], [18, 18], [19, 19], [20, 20], [21, 21], [22, 22], [23, 23], [24, 24], [25, 26]]",[],"[23, 24, 25, 26]",True,
CHEMBL218_EC50,129,355,357,32,calibration,True,1.0148672775422725,31.0,"[[2, 4], [3, 5], [5, 6], [6, 7], [7, 8], [8, 9], [9, 10], [10, 11], [11, 12], [12, 13], [13, 14], [14, 15], [15, 16], [16, 17], [17, 18], [18, 19], [19, 20], [20, 23], [21, 22], [22, 21], [23, 24], [24, 25], [25, 26], [26, 27], [27, 28], [28, 29], [29, 30], [30, 31], [31, 32], [32, 33], [33, 34]]","[0, 1, 2, 3, 4, 5, 6, 33]","[0, 1, 2, 3, 4, 5, 6, 7, 34]",True,
CHEMBL218_EC50,146,379,383,35,calibration,True,1.0691970251410234,32.0,"[[1, 0], [2, 1], [3, 2], [4, 3], [5, 4], [6, 5], [7, 6], [8, 7], [9, 8], [10, 9], [11, 10], [12, 11], [13, 12], [14, 13], [15, 14], [16, 15], [17, 16], [18, 17], [19, 18], [20, 19], [21, 20], [22, 21], [23, 22], [24, 23], [25, 24], [26, 25], [27, 26], [28, 27], [30, 28], [31, 29], [32, 30], [33, 31]]","[0, 1, 2, 27, 28, 29, 30, 31]","[26, 27, 28, 29]",True,
CHEMBL218_EC50,147,396,402,36,test,True,1.3000399622217786,33.0,"[[0, 0], [1, 1], [2, 2], [3, 3], [4, 4], [5, 5], [6, 6], [7, 7], [8, 8], [11, 11], [12, 12], [13, 13], [14, 14], [15, 15], [16, 16], [17, 17], [18, 18], [19, 19], [20, 20], [21, 21], [22, 22], [23, 23], [24, 24], [26, 26], [27, 27], [28, 28], [29, 29], [30, 34], [31, 33], [32, 32], [33, 31], [34, 30], [35, 35]]","[7, 8, 9, 10, 11, 12, 25]","[7, 8, 9, 10, 11, 12, 25]",True,
CHEMBL218_EC50,148,399,405,37,calibration,True,1.7000570999772329,34.0,"[[0, 0], [1, 1], [2, 2], [3, 3], [4, 4], [5, 5], [6, 36], [7, 6], [8, 7], [9, 8], [10, 9], [11, 10], [12, 11], [14, 13], [15, 14], [16, 15], [17, 16], [18, 17], [19, 18], [20, 25], [21, 24], [22, 21], [23, 22], [24, 23], [25, 20], [26, 19], [27, 26], [28, 27], [29, 28], [30, 29], [31, 30], [32, 31], [33, 32], [36, 35]]","[0, 1, 2, 6, 7, 11, 12, 13, 14, 15, 34, 35, 36]","[0, 1, 2, 6, 7, 10, 11, 12, 13, 14, 33, 34, 36]",True,
CHEMBL218_EC50,158,481,488,42,calibration,True,1.4844204934611618,28.0,"[[3, 3], [4, 4], [5, 5], [6, 6], [7, 7], [8, 8], [9, 9], [10, 10], [11, 11], [12, 12], [13, 13], [14, 14], [15, 15], [16, 16], [17, 17], [18, 18], [19, 19], [20, 20], [21, 21], [22, 22], [23, 23], [24, 24], [25, 25], [26, 26], [27, 27], [28, 28], [29, 29], [30, 30]]","[0, 1, 2, 3, 4]","[0, 1, 2, 3, 4]",True,
CHEMBL218_EC50,163,492,494,43,calibration,True,1.3195134013579946,23.0,"[[0, 0], [1, 1], [2, 2], [3, 3], [4, 4], [5, 7], [6, 8], [7, 9], [8, 10], [13, 15], [14, 16], [15, 17], [16, 18], [17, 19], [18, 20], [19, 21], [20, 22], [21, 23], [22, 24], [23, 25], [24, 26], [25, 27], [26, 28]]","[1, 3, 4, 5, 6, 7, 8, 9, 10, 11, 12, 13, 14]","[1, 3, 4, 5, 6, 7, 8, 9, 10, 11, 12, 13, 14, 15, 16]",True,
CHEMBL218_EC50,166,523,549,45,calibration,True,1.078513614122289,24.0,"[[0, 0], [1, 1], [2, 2], [3, 3], [4, 4], [5, 5], [6, 6], [7, 7], [8, 8], [9, 9], [10, 10], [11, 12], [12, 13], [13, 14], [14, 15], [15, 17], [16, 23], [17, 22], [18, 20], [19, 21], [20, 19], [21, 18], [22, 24], [23, 25]]","[8, 10, 11, 12, 13, 14, 15, 16, 21]","[8, 10, 11, 12, 13, 14, 15, 16, 17, 18, 23]",True,
CHEMBL218_EC50,172,525,530,46,calibration,True,3.266972363408203,17.0,"[[0, 0], [1, 1], [2, 2], [3, 3], [4, 4], [5, 5], [6, 6], [7, 7], [8, 8], [9, 9], [10, 10], [11, 11], [12, 12], [13, 13], [14, 14], [25, 19], [26, 20]]","[10, 13, 14, 15, 16, 17, 18, 19, 20, 21, 22, 23, 24]","[10, 13, 14, 15, 16, 17, 18]",True,
CHEMBL218_EC50,194,538,540,47,test,True,1.463757293161681,24.0,"[[0, 2], [1, 3], [2, 4], [3, 5], [4, 6], [5, 7], [6, 8], [7, 9], [8, 10], [9, 11], [10, 12], [11, 13], [12, 14], [13, 15], [14, 16], [15, 17], [16, 18], [19, 21], [20, 22], [21, 23], [22, 24], [23, 25], [26, 28], [27, 29]]","[15, 16, 17, 18, 19, 20, 24, 25]","[0, 1, 2, 3, 17, 18, 19, 20, 21, 22, 26, 27]",True,
CHEMBL218_EC50,202,560,565,49,test,True,3.636822097587173,23.0,"[[0, 0], [1, 1], [2, 2], [3, 3], [4, 4], [5, 5], [6, 6], [7, 7], [8, 8], [10, 11], [11, 10], [12, 9], [13, 15], [14, 16], [15, 14], [16, 12], [17, 17], [18, 18], [19, 19], [20, 20], [21, 21], [22, 22], [23, 23]]","[1, 7, 8, 9, 10, 11, 16, 17, 23, 24, 25, 26, 27, 28]","[1, 7, 8, 9, 10, 11, 12, 13, 14, 15, 17, 23, 24, 25, 26, 27, 28]",True,
CHEMBL218_EC50,218,630,649,51,test,True,1.802773725291976,31.0,"[[0, 0], [1, 1], [2, 2], [3, 3], [4, 4], [5, 5], [6, 6], [7, 7], [8, 8], [9, 9], [10, 10], [11, 11], [12, 12], [13, 13], [14, 14], [15, 16], [16, 17], [17, 19], [18, 20], [19, 21], [20, 22], [21, 23], [22, 24], [25, 27], [26, 28], [29, 30], [30, 31], [31, 32], [32, 33], [33, 34], [34, 35]]","[5, 15, 16, 17, 18, 21, 22, 23, 24, 25, 26, 27, 28]","[5, 8, 13, 14, 15, 16, 17, 18, 19, 20, 23, 24, 25, 26, 27, 28, 29]",True,
CHEMBL218_EC50,225,676,690,52,test,True,1.4223646080034564,28.0,"[[0, 0], [1, 1], [2, 2], [3, 3], [4, 4], [5, 5], [6, 6], [7, 7], [8, 8], [9, 9], [10, 10], [12, 12], [13, 13], [14, 14], [15, 15], [16, 16], [17, 23], [18, 29], [19, 28], [20, 26], [21, 27], [22, 25], [23, 24], [24, 17], [29, 30], [30, 31], [31, 32], [32, 33]]","[3, 4, 5, 6, 9, 10, 11, 12, 16, 24, 25, 26, 27, 28]","[3, 4, 5, 6, 9, 10, 11, 12, 16, 17, 18, 19, 20, 21, 22]",True,
CHEMBL218_EC50,249,696,723,57,test,True,1.9359388986068755,26.0,"[[0, 0], [1, 1], [2, 2], [3, 3], [4, 4], [5, 5], [6, 6], [7, 7], [9, 9], [10, 10], [11, 11], [12, 12], [13, 13], [14, 14], [15, 22], [16, 28], [17, 27], [18, 25], [19, 26], [20, 24], [21, 23], [22, 15], [27, 29], [28, 30], [29, 31], [30, 32]]","[6, 7, 8, 9, 10, 14, 22, 23, 24, 25, 26]","[6, 7, 8, 9, 10, 14, 15, 16, 17, 18, 19, 20, 21]",True,
CHEMBL218_EC50,255,700,782,54,calibration,True,2.132907666279575,39.0,"[[0, 0], [1, 1], [2, 2], [3, 3], [4, 4], [5, 5], [6, 6], [7, 7], [8, 8], [9, 9], [10, 10], [11, 11], [12, 12], [13, 13], [14, 14], [15, 15], [16, 16], [17, 17], [18, 18], [19, 19], [20, 20], [21, 21], [22, 28], [23, 29], [24, 23], [25, 24], [27, 25], [28, 26], [29, 30], [30, 36], [31, 35], [32, 33], [33, 34], [34, 32], [35, 31], [36, 37], [37, 38], [38, 39], [39, 40]]","[20, 21, 22, 23, 24, 25, 26, 27, 28, 29]","[20, 21, 22, 23, 24, 25, 26, 27, 28, 29, 30]",True,
CHEMBL218_EC50,328,749,809,61,test,True,2.91204482964487,43.0,"[[1, 4], [2, 3], [3, 1], [5, 5], [6, 6], [7, 7], [8, 8], [9, 9], [10, 10], [11, 11], [12, 12], [13, 13], [14, 14], [15, 15], [16, 16], [17, 22], [18, 21], [19, 19], [20, 20], [21, 18], [22, 17], [23, 23], [24, 24], [25, 25], [26, 26], [27, 27], [28, 28], [29, 29], [30, 30], [31, 31], [32, 32], [33, 33], [34, 34], [35, 35], [36, 36], [37, 37], [38, 38], [39, 39], [40, 40], [41, 41], [42, 42], [43, 43], [44, 44]]","[0, 1, 2, 3, 4, 5, 6, 44]","[0, 1, 2, 3, 4, 5, 6, 44]",True,
CHEMBL218_EC50,366,798,799,58,test,True,1.7626390842053965,41.0,"[[2, 7], [4, 8], [5, 9], [6, 10], [7, 11], [8, 12], [9, 13], [10, 14], [11, 15], [12, 16], [13, 17], [14, 18], [15, 19], [16, 20], [17, 21], [19, 23], [20, 24], [21, 25], [22, 26], [23, 27], [24, 28], [25, 29], [26, 30], [27, 31], [28, 32], [29, 33], [30, 34], [31, 35], [32, 36], [33, 37], [34, 38], [35, 44], [36, 43], [37, 41], [38, 42], [39, 40], [40, 39], [41, 45], [42, 46], [43, 47], [44, 48]]","[0, 1, 2, 3, 4, 14, 17, 18, 19, 20]","[0, 1, 2, 3, 4, 5, 6, 7, 8, 18, 21, 22, 23, 24]",True,
CHEMBL218_EC50,375,828,875,63,test,True,2.3497463110714243,25.0,"[[2, 3], [3, 4], [4, 5], [5, 8], [6, 6], [7, 10], [8, 11], [9, 12], [10, 13], [11, 14], [12, 15], [13, 16], [14, 17], [16, 18], [17, 19], [18, 20], [19, 21], [20, 22], [21, 23], [22, 24], [23, 25], [24, 26], [25, 28], [26, 27], [27, 29]]","[0, 1, 2, 3, 4, 13, 14, 15, 16, 17, 20]","[0, 1, 2, 3, 4, 5, 6, 7, 8, 9, 16, 17, 18, 19, 22]",True,
CHEMBL218_EC50,377,851,858,65,calibration,True,1.1232354158358415,25.0,"[[0, 0], [1, 1], [2, 2], [3, 3], [4, 4], [5, 5], [6, 6], [7, 7], [8, 8], [9, 9], [10, 10], [11, 11], [12, 12], [13, 13], [14, 14], [15, 15], [16, 16], [17, 18], [18, 19], [19, 20], [20, 21], [21, 22], [22, 25], [23, 24], [24, 23]]",[],"[15, 16, 17, 18]",True,
CHEMBL218_EC50,393,943,1000,68,test,True,2.534159755690027,25.0,"[[0, 9], [1, 8], [2, 10], [3, 11], [4, 12], [5, 13], [6, 18], [7, 17], [8, 16], [9, 15], [10, 14], [11, 20], [12, 19], [13, 7], [15, 5], [16, 4], [17, 3], [18, 2], [19, 1], [21, 21], [22, 22], [23, 23], [24, 24], [25, 25], [26, 26]]","[1, 13, 14, 15, 16, 18, 19, 20, 21, 22, 25, 26]","[0, 1, 2, 4, 5, 6, 7, 8, 21, 22, 25, 26]",True,
CHEMBL218_EC50,398,953,956,69,test,True,1.1563472008599245,26.0,"[[0, 0], [1, 1], [2, 2], [3, 3], [4, 4], [5, 5], [6, 6], [7, 7], [8, 8], [9, 9], [10, 10], [11, 11], [12, 12], [13, 13], [14, 14], [15, 15], [16, 16], [17, 17], [18, 18], [19, 19], [20, 20], [21, 21], [22, 22], [23, 23], [24, 24], [25, 25]]","[24, 25, 26, 27]","[24, 25, 26, 27]",True,
CHEMBL218_EC50,399,957,958,70,calibration,True,1.6927210550590177,26.0,"[[0, 0], [1, 1], [2, 2], [3, 4], [4, 5], [5, 6], [6, 7], [7, 8], [8, 9], [9, 10], [10, 11], [11, 12], [12, 13], [13, 14], [14, 15], [15, 16], [16, 17], [17, 18], [18, 19], [19, 20], [20, 21], [21, 22], [22, 23], [23, 24], [24, 25], [25, 26]]",[],"[1, 2, 3, 4]",True,
CHEMBL218_EC50,400,963,964,50,test,True,2.4968653129154204,28.0,"[[0, 0], [1, 1], [2, 2], [3, 3], [4, 4], [5, 5], [6, 6], [7, 7], [8, 8], [9, 9], [10, 10], [11, 11], [12, 12], [13, 13], [14, 14], [15, 15], [17, 18], [18, 17], [19, 16], [20, 26], [21, 20], [22, 21], [23, 22], [24, 23], [25, 24], [26, 25], [27, 19], [28, 27]]","[14, 15, 16, 17, 18, 27, 28]","[14, 15, 16, 17, 26, 27]",True,
CHEMBL218_EC50,403,968,969,71,calibration,True,1.0024098844025868,27.0,"[[0, 0], [1, 1], [2, 2], [3, 3], [4, 4], [5, 5], [6, 6], [7, 7], [8, 8], [9, 9], [10, 10], [11, 11], [12, 12], [13, 13], [14, 14], [15, 15], [16, 16], [17, 17], [18, 23], [19, 22], [20, 21], [21, 19], [22, 20], [23, 18], [24, 24], [25, 25], [26, 26]]","[9, 10, 11, 18, 19, 24]","[9, 10, 11, 18, 19, 24]",True,
CHEMBL218_EC50,408,982,983,72,test,True,2.1394120552153035,26.0,"[[0, 15], [1, 14], [2, 13], [3, 12], [4, 11], [5, 10], [6, 9], [7, 8], [8, 6], [9, 7], [10, 5], [11, 4], [12, 2], [13, 3], [14, 1], [15, 0], [16, 23], [17, 26], [18, 24], [19, 25], [20, 22], [21, 21], [22, 20], [23, 19], [24, 18], [25, 17]]",[],"[14, 15, 16]",True,
CHEMBL219_Ki,14,4,537,1,calibration,True,3.039116555285152,26.0,"[[0, 0], [1, 1], [2, 2], [3, 3], [4, 4], [5, 5], [6, 6], [7, 7], [8, 8], [9, 9], [10, 10], [11, 11], [12, 12], [13, 13], [14, 14], [15, 15], [16, 16], [17, 17], [18, 18], [19, 19], [22, 21], [23, 22], [24, 23], [25, 24], [26, 25], [27, 26]]","[16, 17, 18, 19, 20, 21, 22]","[18, 19, 20, 21]",True,
CHEMBL219_Ki,22,25,547,3,calibration,True,2.869231719730976,26.0,"[[0, 0], [1, 1], [2, 2], [3, 3], [4, 4], [5, 5], [6, 6], [7, 19], [8, 18], [9, 9], [10, 10], [11, 11], [12, 12], [13, 13], [14, 14], [16, 16], [17, 17], [18, 8], [19, 7], [20, 21], [21, 22], [22, 23], [23, 24], [24, 25], [25, 26], [26, 27]]","[3, 5, 6, 13, 14, 15, 16, 20, 21]","[3, 5, 6, 13, 14, 15, 16, 20, 21, 22]",True,
CHEMBL219_Ki,144,87,996,10,test,True,1.4167684856748195,22.0,"[[1, 8], [2, 7], [3, 2], [4, 3], [5, 4], [6, 5], [7, 6], [9, 24], [10, 23], [11, 11], [12, 12], [13, 13], [14, 14], [15, 15], [16, 16], [17, 22], [18, 20], [19, 19], [20, 18], [22, 17], [23, 10], [24, 9]]","[0, 1, 2, 6, 7, 8, 9, 10, 19, 20, 21, 22, 23, 24]","[0, 1, 2, 3, 7, 8, 9, 10, 19, 20, 21, 22, 23, 24]",True,
CHEMBL219_Ki,145,88,1010,11,test,True,1.7278625047157696,24.0,"[[0, 0], [1, 1], [2, 2], [3, 6], [4, 7], [5, 8], [6, 9], [7, 10], [8, 11], [9, 12], [10, 13], [11, 14], [12, 15], [13, 16], [14, 17], [15, 18], [16, 19], [17, 20], [18, 26], [19, 25], [20, 23], [21, 24], [22, 22], [23, 21]]","[1, 2, 3, 4]","[1, 2, 3, 4, 5, 6, 7]",True,
CHEMBL219_Ki,162,102,594,16,calibration,True,1.5149098156090623,25.0,"[[0, 0], [1, 1], [2, 9], [3, 8], [4, 7], [5, 6], [6, 5], [7, 4], [8, 3], [9, 2], [10, 10], [11, 11], [12, 12], [13, 13], [14, 14], [15, 15], [16, 16], [17, 17], [18, 18], [19, 19], [20, 20], [21, 21], [22, 22], [23, 23], [24, 24]]","[0, 1, 2, 3, 8, 9, 10, 11, 24]","[0, 1, 2, 3, 8, 9, 10, 11, 24]",True,
CHEMBL219_Ki,165,106,435,17,test,True,2.819056238149908,14.0,"[[1, 17], [2, 16], [3, 15], [4, 14], [5, 20], [6, 19], [7, 5], [8, 4], [9, 3], [10, 2], [12, 1], [13, 0], [14, 22], [15, 21]]","[0, 1, 2, 3, 4, 5, 6, 7, 8, 9, 10, 11, 12, 13, 14, 16, 17, 18, 19, 20, 21, 22, 23]","[0, 1, 2, 3, 4, 5, 6, 7, 8, 9, 10, 11, 12, 13, 14, 15, 16, 17, 18, 19, 20, 22]",True,
CHEMBL219_Ki,188,129,145,20,test,True,1.6577435443720434,21.0,"[[0, 17], [1, 16], [2, 18], [3, 19], [4, 13], [5, 12], [6, 11], [7, 10], [8, 9], [9, 8], [10, 7], [11, 6], [12, 5], [13, 4], [14, 20], [15, 21], [16, 1], [18, 2], [19, 3], [20, 14], [21, 15]]","[15, 16, 17, 18]","[0, 1, 2, 21]",True,
CHEMBL219_Ki,193,134,1716,21,test,True,1.5514482607984217,24.0,"[[0, 0], [1, 1], [2, 2], [3, 3], [4, 4], [5, 5], [7, 7], [8, 8], [9, 9], [10, 10], [11, 11], [12, 12], [13, 13], [14, 14], [15, 15], [16, 21], [17, 20], [18, 18], [19, 19], [20, 17], [21, 16], [22, 22], [23, 23], [24, 24]]","[4, 5, 6, 7]","[4, 5, 6, 7]",True,
CHEMBL219_Ki,218,159,229,25,calibration,True,2.415674388448955,17.0,"[[1, 3], [2, 2], [3, 1], [4, 17], [5, 5], [6, 6], [7, 7], [8, 8], [9, 9], [10, 10], [14, 15], [15, 16], [16, 11], [17, 12], [18, 13], [19, 14], [20, 4]]","[0, 1, 2, 9, 10, 11, 12, 13, 14, 15, 19, 20]","[0, 1, 2, 9, 10, 11, 12, 16, 17]",True,
CHEMBL219_Ki,239,192,196,27,calibration,True,2.0413926851582254,25.0,"[[0, 0], [1, 1], [2, 2], [3, 3], [4, 4], [5, 5], [6, 6], [7, 7], [8, 22], [9, 8], [10, 9], [11, 10], [12, 11], [13, 12], [14, 13], [15, 19], [16, 18], [17, 16], [18, 17], [19, 15], [20, 14], [21, 20], [22, 21], [23, 23], [24, 24]]","[7, 8, 9, 10, 23]","[6, 7, 8, 9, 22]",True,
CHEMBL219_Ki,242,194,202,26,test,True,1.9829666607012195,24.0,"[[0, 0], [1, 1], [2, 2], [3, 3], [4, 4], [5, 5], [6, 6], [7, 7], [8, 21], [9, 8], [10, 9], [11, 10], [12, 11], [13, 12], [14, 13], [15, 18], [16, 17], [17, 16], [18, 15], [19, 14], [20, 19], [21, 20], [22, 22], [23, 23]]","[7, 8, 9, 10, 22]","[6, 7, 8, 9, 21]",True,
CHEMBL219_Ki,285,242,248,29,calibration,True,1.9273099646685896,15.0,"[[0, 0], [1, 1], [2, 2], [3, 3], [4, 4], [5, 5], [6, 6], [7, 7], [8, 8], [9, 9], [10, 10], [11, 11], [12, 12], [21, 21], [22, 22]]","[11, 12, 13, 14, 15, 16, 17, 18, 19, 20]","[11, 12, 13, 14, 15, 16, 17, 18, 19, 20]",True,
CHEMBL219_Ki,363,283,291,34,calibration,True,2.5568048657532083,11.0,"[[0, 0], [1, 1], [2, 2], [3, 3], [4, 4], [5, 5], [6, 6], [7, 7], [8, 8], [9, 9], [10, 10]]","[3, 5, 6, 9, 10, 11, 12, 13, 14]","[3, 5, 6, 9, 10, 11, 12, 13, 14]",True,
CHEMBL219_Ki,370,287,302,33,calibration,True,2.810568529216413,14.0,"[[0, 0], [1, 1], [2, 2], [3, 3], [4, 4], [5, 5], [6, 6], [7, 7], [8, 8], [9, 9], [10, 10], [13, 13], [14, 14], [15, 15]]","[5, 9, 10, 11, 12, 13, 14, 15]","[5, 9, 10, 11, 12, 13, 14, 15]",True,
CHEMBL219_Ki,383,300,310,35,calibration,True,1.05407989161795,16.0,"[[1, 12], [2, 11], [3, 9], [5, 8], [6, 14], [7, 15], [8, 16], [9, 17], [10, 6], [11, 5], [12, 4], [13, 3], [14, 1], [15, 0], [16, 2], [17, 7]]","[0, 1, 2, 3, 4, 5, 6]","[8, 9, 10, 11, 12, 13, 14]",True,
CHEMBL219_Ki,391,330,603,37,test,True,1.441648936557443,14.0,"[[6, 3], [7, 4], [8, 5], [9, 6], [10, 7], [11, 8], [12, 9], [13, 14], [14, 13], [15, 12], [16, 11], [17, 10], [18, 15], [19, 16]]","[0, 1, 2, 3, 4, 5, 6, 7, 8, 9, 19, 20, 21, 22]","[0, 1, 2, 3, 4, 5, 6, 16, 17, 18]",True,
CHEMBL219_Ki,393,333,415,38,calibration,True,1.4522976709946305,23.0,"[[0, 0], [1, 1], [2, 2], [3, 3], [4, 4], [5, 5], [6, 6], [7, 7], [8, 8], [11, 12], [12, 13], [13, 14], [14, 15], [15, 16], [16, 17], [17, 18], [18, 23], [19, 22], [20, 21], [21, 20], [22, 19], [23, 24], [24, 25]]","[0, 1, 2, 3, 9, 10, 11, 12]","[0, 1, 2, 3, 9, 10, 11, 12, 13]",True,
CHEMBL219_Ki,395,335,343,6,calibration,True,1.6642078980768078,23.0,"[[0, 0], [1, 1], [3, 4], [4, 5], [5, 6], [6, 7], [7, 8], [8, 9], [9, 10], [10, 11], [11, 12], [12, 13], [13, 14], [14, 15], [15, 16], [16, 17], [18, 18], [19, 19], [20, 24], [21, 23], [22, 22], [23, 21], [24, 20]]","[0, 1, 2, 3, 4, 17, 18, 19]","[0, 1, 2, 3, 4, 5, 18, 19]",True,
CHEMBL219_Ki,407,357,1169,40,calibration,True,2.074016776634366,28.0,"[[0, 0], [1, 1], [2, 2], [3, 3], [4, 4], [5, 5], [6, 6], [7, 7], [8, 8], [9, 9], [10, 10], [11, 11], [12, 12], [13, 13], [14, 15], [15, 16], [16, 17], [17, 18], [18, 19], [19, 20], [21, 22], [22, 27], [23, 26], [24, 25], [25, 24], [26, 23], [28, 29], [29, 30]]","[17, 19, 20, 21, 22, 25, 26, 27]","[12, 13, 14, 15, 18, 20, 21, 22, 23, 26, 27, 28]",True,
CHEMBL219_Ki,411,358,364,41,test,True,1.1796766439888078,30.0,"[[0, 0], [1, 1], [2, 2], [3, 3], [4, 4], [5, 5], [6, 6], [7, 7], [8, 8], [9, 9], [10, 10], [11, 11], [12, 12], [13, 13], [14, 14], [15, 15], [16, 16], [17, 17], [18, 18], [19, 25], [20, 24], [21, 23], [22, 22], [23, 21], [24, 20], [25, 19], [26, 27], [27, 26], [28, 28], [29, 29]]","[16, 17, 18, 19, 20, 27]","[16, 17, 18, 19, 20, 27]",True,
CHEMBL219_Ki,417,375,411,42,test,True,2.5465426634781307,29.0,"[[1, 2], [2, 1], [3, 0], [4, 3], [5, 4], [6, 5], [7, 6], [8, 7], [9, 8], [10, 9], [11, 10], [12, 11], [13, 12], [14, 13], [15, 14], [16, 15], [17, 16], [18, 17], [19, 18], [20, 19], [21, 20], [22, 26], [23, 25], [24, 23], [25, 24], [26, 22], [27, 21], [28, 27], [29, 28]]","[0, 1, 2]",[],True,
CHEMBL219_Ki,428,405,429,45,test,True,1.332438459915605,26.0,"[[0, 22], [1, 21], [2, 20], [3, 19], [4, 18], [5, 17], [6, 16], [7, 15], [8, 14], [9, 13], [10, 11], [11, 12], [12, 10], [13, 9], [14, 23], [15, 24], [16, 6], [17, 5], [18, 4], [19, 25], [20, 26], [21, 1], [23, 2], [25, 3], [26, 7], [27, 8]]","[20, 21, 22, 23, 24, 25]","[0, 1, 2, 25, 26, 27]",True,
CHEMBL219_Ki,435,433,458,48,test,True,1.729332395463901,22.0,"[[0, 0], [1, 1], [2, 2], [3, 3], [4, 4], [5, 5], [6, 6], [7, 18], [8, 7], [9, 8], [10, 9], [11, 10], [12, 11], [13, 12], [14, 17], [15, 16], [16, 15], [17, 14], [18, 13], [19, 19], [20, 20], [21, 21]]","[6, 7, 8, 9, 19]","[5, 6, 7, 8, 18]",True,
CHEMBL219_Ki,455,451,483,49,test,True,2.787911087672799,24.0,"[[0, 0], [1, 1], [2, 2], [3, 3], [4, 4], [5, 5], [6, 6], [7, 7], [8, 8], [9, 9], [10, 10], [11, 11], [12, 13], [13, 14], [14, 19], [15, 18], [16, 17], [17, 16], [18, 15], [19, 20], [20, 21], [21, 22], [22, 23], [23, 24]]","[10, 11, 12, 13, 19, 20]","[10, 11, 12, 13, 14, 20, 21]",True,
CHEMBL219_Ki,456,453,471,52,test,True,1.439332693830262,21.0,"[[1, 1], [2, 2], [3, 3], [4, 4], [5, 5], [6, 6], [7, 7], [8, 8], [9, 9], [11, 11], [12, 12], [13, 13], [14, 14], [15, 15], [16, 16], [17, 17], [18, 18], [19, 19], [20, 20], [21, 21], [22, 22]]","[0, 1, 2, 8, 9, 10, 11, 12, 15, 16, 17, 22]","[0, 1, 2, 8, 9, 10, 11, 12, 15, 16, 17, 22]",True,
CHEMBL219_Ki,460,459,466,47,test,True,3.508155488459632,22.0,"[[0, 0], [1, 1], [2, 2], [3, 3], [4, 4], [5, 5], [6, 6], [7, 7], [8, 8], [9, 9], [10, 10], [11, 11], [12, 12], [13, 13], [15, 15], [16, 16], [17, 17], [18, 18], [19, 19], [20, 20], [21, 21], [22, 22]]","[7, 12, 13, 14, 15, 16, 20]","[7, 12, 13, 14, 15, 16, 20]",True,
CHEMBL219_Ki,461,460,550,53,test,True,1.2290273342434794,23.0,"[[0, 0], [1, 1], [2, 2], [3, 3], [4, 4], [5, 5], [6, 6], [7, 7], [8, 8], [9, 9], [10, 10], [12, 12], [13, 13], [14, 19], [15, 18], [16, 16], [17, 17], [18, 15], [19, 14], [22, 22], [23, 23], [24, 24], [25, 25]]","[9, 10, 11, 12, 13, 20, 21]","[9, 10, 11, 12, 13, 20, 21]",True,
CHEMBL219_Ki,540,533,540,58,test,True,1.5642714304385628,28.0,"[[0, 0], [1, 1], [2, 2], [3, 3], [4, 4], [5, 5], [6, 6], [7, 7], [8, 8], [11, 14], [12, 15], [13, 16], [14, 17], [15, 18], [16, 19], [17, 20], [18, 21], [19, 22], [20, 23], [21, 24], [22, 25], [23, 26], [24, 27], [25, 28], [26, 29], [27, 30], [28, 31], [29, 32]]","[6, 8, 9, 10]","[6, 8, 9, 10, 11, 12, 13]",True,
CHEMBL219_Ki,552,582,619,56,test,True,1.374458912822515,29.0,"[[0, 0], [1, 1], [2, 2], [3, 3], [4, 4], [5, 5], [6, 6], [7, 7], [8, 8], [9, 9], [10, 10], [11, 11], [12, 12], [13, 13], [14, 14], [20, 17], [21, 16], [22, 15], [23, 20], [24, 19], [25, 18], [28, 21], [29, 22], [30, 23], [31, 24], [32, 25], [33, 26], [34, 27], [35, 28]]","[13, 14, 15, 16, 17, 18, 19, 20, 21, 25, 26, 27, 28]","[13, 14, 15, 16, 20, 21]",True,
CHEMBL219_Ki,554,584,698,62,calibration,True,1.511883360978875,14.0,"[[0, 12], [1, 13], [2, 14], [3, 15], [4, 5], [5, 6], [6, 20], [7, 19], [8, 18], [9, 7], [21, 8], [22, 9], [23, 16], [24, 17]]","[2, 3, 4, 5, 6, 7, 8, 9, 10, 11, 12, 13, 14, 15, 16, 17, 18, 19, 20, 21, 22, 23]","[0, 1, 2, 3, 4, 5, 6, 7, 8, 9, 10, 11, 12, 13, 17, 18, 19, 20, 21, 22, 23]",True,
CHEMBL219_Ki,592,640,651,63,calibration,True,2.903089986991944,26.0,"[[0, 0], [1, 1], [2, 2], [3, 3], [4, 4], [5, 5], [6, 6], [7, 7], [8, 8], [9, 9], [12, 10], [13, 11], [14, 12], [15, 13], [16, 14], [17, 15], [18, 16], [22, 21], [23, 20], [24, 25], [25, 24], [26, 23], [27, 22], [28, 26], [29, 27], [30, 28]]","[7, 9, 10, 11, 12, 13, 17, 18, 19, 20, 21, 22, 23, 26, 27]","[7, 9, 10, 11, 15, 16, 17, 18, 19, 20, 21, 24, 25]",True,
CHEMBL219_Ki,653,663,1229,64,test,True,1.8123268683945035,28.0,"[[0, 0], [1, 1], [2, 2], [3, 3], [4, 4], [5, 5], [6, 6], [7, 7], [8, 8], [9, 9], [10, 10], [11, 11], [12, 12], [13, 13], [14, 14], [15, 15], [16, 16], [17, 17], [18, 18], [19, 19], [20, 20], [21, 21], [24, 24], [25, 32], [26, 31], [27, 27], [28, 26], [29, 25]]","[1, 21, 22, 23, 24, 25, 28, 29, 30]","[1, 21, 22, 23, 24, 25, 26, 27, 28, 29, 30, 31, 32, 33, 34]",True,
CHEMBL219_Ki,695,743,1193,68,calibration,True,1.9978038158918163,26.0,"[[0, 0], [1, 1], [4, 2], [5, 3], [6, 4], [7, 5], [8, 6], [9, 7], [10, 8], [11, 9], [12, 10], [13, 11], [14, 12], [15, 13], [16, 14], [17, 15], [18, 16], [19, 17], [20, 18], [21, 19], [22, 25], [23, 24], [24, 22], [25, 23], [26, 21], [27, 20]]","[0, 1, 2, 3, 4, 5, 21]","[0, 1, 2, 3, 19]",True,
CHEMBL219_Ki,699,764,766,70,calibration,True,1.700016024969714,25.0,"[[0, 0], [1, 1], [2, 2], [3, 3], [4, 4], [5, 5], [6, 6], [7, 7], [8, 8], [9, 9], [10, 10], [11, 11], [12, 12], [17, 16], [18, 17], [19, 18], [20, 19], [21, 20], [22, 25], [23, 24], [24, 23], [25, 22], [26, 21], [27, 26], [28, 15]]","[11, 12, 13, 14, 15, 16, 17, 18, 27, 28]","[11, 12, 13, 14, 15, 16, 17, 26]",True,
CHEMBL219_Ki,701,772,789,71,test,True,2.23743504223894,26.0,"[[2, 6], [3, 1], [4, 2], [5, 3], [6, 4], [7, 5], [8, 7], [9, 8], [10, 9], [11, 10], [12, 11], [13, 12], [14, 13], [15, 26], [16, 25], [17, 16], [18, 17], [19, 18], [20, 19], [21, 20], [22, 21], [23, 22], [24, 23], [25, 24], [26, 15], [27, 14]]","[0, 1, 2, 3, 7]","[0, 1, 2, 6]",True,
CHEMBL219_Ki,705,773,820,59,calibration,True,2.2405492482825995,22.0,"[[4, 3], [5, 4], [6, 5], [7, 6], [8, 7], [9, 8], [11, 10], [12, 11], [13, 12], [14, 25], [15, 24], [16, 15], [17, 16], [18, 17], [19, 23], [20, 22], [21, 20], [22, 21], [23, 19], [24, 18], [25, 14], [26, 13]]","[0, 1, 2, 3, 4, 5, 8, 9, 10, 11, 12]","[0, 1, 2, 3, 4, 7, 8, 9, 10, 11]",True,
CHEMBL219_Ki,755,861,1168,74,calibration,True,1.487340419901348,29.0,"[[0, 0], [1, 1], [2, 2], [3, 3], [4, 4], [5, 5], [6, 6], [7, 7], [8, 8], [9, 9], [10, 10], [11, 11], [12, 12], [13, 13], [14, 15], [15, 16], [16, 17], [17, 18], [18, 19], [19, 20], [21, 27], [22, 26], [23, 24], [24, 25], [25, 23], [26, 22], [27, 28], [29, 30], [30, 31]]","[17, 19, 20, 21, 22, 26, 27, 28]","[12, 13, 14, 15, 18, 20, 21, 22, 23, 27, 28, 29]",True,
CHEMBL219_Ki,817,1054,1236,77,test,True,2.575923175803572,19.0,"[[0, 15], [1, 14], [2, 16], [3, 17], [4, 11], [5, 12], [6, 13], [8, 18], [9, 19], [10, 1], [11, 2], [12, 3], [13, 4], [14, 5], [15, 6], [16, 7], [17, 8], [18, 9], [19, 10]]","[4, 5, 6, 7, 8, 9]","[0, 1, 2, 11, 16, 17, 18, 19]",True,
CHEMBL219_Ki,823,1070,1082,84,calibration,True,1.0211892990699385,28.0,"[[0, 0], [1, 1], [2, 2], [3, 3], [4, 4], [5, 5], [6, 6], [7, 7], [8, 8], [9, 9], [10, 10], [11, 11], [12, 12], [13, 13], [14, 14], [15, 15], [16, 24], [17, 23], [18, 22], [19, 21], [20, 20], [21, 19], [22, 18], [23, 17], [24, 16], [25, 25], [26, 26], [27, 27]]","[17, 18, 19, 22, 23, 24]","[15, 18, 19, 20, 23, 24]",True,
CHEMBL219_Ki,845,1117,1134,85,test,True,2.2518629136403776,23.0,"[[1, 0], [2, 1], [3, 2], [4, 3], [5, 4], [6, 5], [8, 7], [9, 8], [10, 9], [11, 10], [12, 11], [13, 12], [14, 13], [15, 14], [16, 15], [17, 16], [18, 17], [19, 18], [20, 19], [21, 20], [22, 21], [23, 22], [24, 23]]","[0, 1, 2, 5, 6, 7, 8]","[4, 5, 6, 7]",True,
CHEMBL219_Ki,850,1119,1124,86,test,True,1.1067807670343512,27.0,"[[0, 0], [1, 1], [2, 2], [3, 3], [5, 4], [6, 5], [7, 6], [8, 7], [9, 8], [10, 9], [11, 10], [12, 11], [13, 12], [14, 13], [15, 14], [16, 15], [17, 16], [18, 17], [19, 18], [20, 19], [21, 20], [22, 21], [23, 22], [24, 23], [25, 24], [26, 25], [27, 26]]","[1, 3, 4, 5, 6, 13, 27]","[1, 3, 4, 5, 12, 26]",True,
CHEMBL219_Ki,856,1144,1145,87,test,True,1.1691423991003536,20.0,"[[0, 0], [1, 1], [2, 2], [3, 3], [4, 4], [5, 5], [6, 6], [7, 7], [8, 8], [9, 9], [10, 10], [11, 11], [12, 12], [13, 13], [14, 14], [16, 16], [17, 17], [20, 19], [21, 20], [22, 21]]","[12, 14, 15, 16, 17, 18, 19, 20]","[12, 14, 15, 16, 17, 18, 19]",True,
CHEMBL219_Ki,866,1210,1212,91,calibration,True,1.903089986991944,26.0,"[[0, 0], [1, 1], [2, 2], [3, 3], [4, 4], [5, 5], [6, 6], [7, 7], [8, 8], [9, 9], [10, 10], [11, 11], [12, 12], [13, 13], [14, 14], [15, 15], [16, 16], [17, 17], [18, 18], [19, 19], [20, 20], [22, 21], [23, 22], [24, 23], [25, 24], [26, 25]]","[19, 20, 21, 22]",[],True,
CHEMBL219_Ki,867,1235,1240,76,test,True,2.1849398942668463,19.0,"[[0, 0], [1, 1], [2, 2], [3, 3], [4, 4], [5, 5], [6, 6], [7, 7], [8, 8], [9, 9], [10, 10], [11, 11], [14, 14], [15, 19], [16, 18], [17, 17], [18, 16], [19, 15], [20, 12]]","[5, 9, 10, 11, 12, 13, 14, 15, 18, 19, 20]","[5, 9, 10, 11, 12, 13, 14, 15, 18, 19, 20]",True,
CHEMBL219_Ki,869,1243,1253,93,calibration,True,1.5999712577322454,18.0,"[[0, 0], [1, 1], [2, 2], [3, 3], [4, 4], [5, 5], [6, 6], [11, 11], [12, 12], [15, 15], [16, 16], [17, 17], [18, 18], [19, 19], [20, 20], [21, 21], [22, 22], [23, 23]]","[5, 6, 7, 8, 9, 10, 11, 12, 13, 14, 15, 16]","[5, 6, 7, 8, 9, 10, 11, 12, 13, 14, 15, 16]",True,
CHEMBL219_Ki,870,1245,1249,94,test,True,1.3000093834316957,23.0,"[[0, 0], [1, 1], [2, 2], [3, 3], [4, 4], [5, 5], [6, 6], [7, 7], [8, 8], [11, 11], [12, 12], [13, 13], [14, 14], [15, 15], [18, 19], [19, 20], [20, 21], [21, 22], [22, 23], [23, 24], [24, 25], [25, 26], [26, 27]]","[7, 8, 9, 10, 11, 12, 16, 17]","[7, 8, 9, 10, 11, 12, 16, 17, 18]",True,
CHEMBL219_Ki,872,1247,1256,95,test,True,2.0000164026040776,25.0,"[[0, 0], [1, 1], [2, 2], [3, 3], [4, 4], [5, 5], [6, 6], [8, 8], [9, 9], [10, 10], [11, 11], [12, 12], [13, 13], [14, 14], [15, 15], [16, 16], [17, 17], [18, 18], [19, 19], [20, 20], [21, 21], [22, 22], [23, 23], [24, 24], [25, 25]]","[5, 6, 7, 8, 9, 16, 17, 18]","[5, 6, 7, 8, 9, 16, 17, 18]",True,
CHEMBL219_Ki,874,1285,1291,96,test,True,2.221848749616358,33.0,"[[0, 0], [1, 1], [2, 2], [3, 3], [4, 4], [5, 5], [6, 6], [7, 7], [10, 19], [11, 18], [12, 17], [13, 22], [14, 21], [15, 20], [16, 23], [17, 24], [18, 11], [19, 12], [20, 13], [21, 14], [22, 9], [23, 10], [24, 15], [25, 16], [26, 25], [27, 26], [28, 27], [29, 33], [30, 32], [31, 30], [32, 31], [33, 29], [34, 28]]","[6, 7, 8, 9, 10, 11, 15, 26, 27]","[6, 7, 8, 9, 10, 14, 25, 26]",True,
CHEMBL219_Ki,878,1315,1838,98,calibration,True,2.5791816637666,23.0,"[[0, 0], [1, 1], [2, 2], [3, 3], [4, 4], [5, 5], [6, 6], [7, 7], [8, 8], [9, 9], [10, 10], [11, 11], [12, 12], [13, 13], [14, 14], [19, 20], [20, 25], [21, 24], [22, 23], [23, 22], [24, 21], [27, 28], [28, 29]]","[13, 14, 15, 16, 17, 18, 19, 20, 23, 24, 25, 26]","[13, 14, 15, 16, 17, 18, 19, 20, 21, 25, 26, 27]",True,
CHEMBL219_Ki,880,1397,1402,99,test,True,1.3628054903717943,29.0,"[[0, 0], [1, 1], [2, 2], [5, 21], [6, 20], [7, 19], [8, 24], [9, 23], [10, 22], [12, 12], [13, 13], [14, 14], [15, 15], [16, 16], [17, 17], [19, 10], [20, 9], [21, 8], [22, 7], [23, 6], [24, 5], [25, 25], [26, 26], [27, 27], [28, 28], [29, 29], [30, 30], [31, 31], [32, 32]]","[1, 2, 3, 4, 5, 6, 9, 10, 11, 16, 17, 18, 19, 20, 24, 25, 26]","[1, 2, 3, 4, 5, 6, 9, 10, 11, 16, 17, 18, 19, 20, 24, 25, 26]",True,
CHEMBL219_Ki,898,1482,1483,106,calibration,True,1.2924298239020633,31.0,"[[0, 0], [1, 1], [2, 2], [3, 3], [4, 4], [5, 5], [6, 6], [7, 7], [8, 8], [9, 9], [10, 10], [11, 11], [12, 12], [13, 13], [14, 14], [15, 15], [16, 16], [17, 26], [18, 25], [19, 19], [20, 20], [21, 21], [27, 22], [28, 23], [29, 24], [30, 18], [31, 17], [32, 27], [33, 28], [34, 29], [35, 30]]","[20, 21, 22, 23, 24, 25, 26, 27, 28]","[20, 21, 22, 23]",True,
CHEMBL219_Ki,900,1487,1490,107,calibration,True,1.5314789170422554,27.0,"[[0, 0], [1, 1], [2, 2], [3, 3], [4, 4], [5, 5], [6, 6], [7, 7], [8, 8], [9, 9], [10, 10], [11, 11], [12, 12], [13, 13], [14, 14], [15, 15], [16, 16], [17, 17], [19, 18], [20, 19], [25, 20], [26, 21], [27, 22], [28, 23], [29, 24], [30, 25], [31, 26]]","[16, 17, 18, 19, 20, 21, 22, 23, 24, 25, 26]","[16, 17, 18, 19, 20, 21]",True,
CHEMBL219_Ki,902,1497,1564,108,calibration,True,2.064117499611749,18.0,"[[0, 0], [1, 1], [2, 2], [3, 3], [4, 4], [5, 5], [6, 6], [7, 7], [8, 8], [9, 9], [10, 10], [11, 11], [12, 12], [13, 13], [24, 28], [25, 29], [26, 30], [27, 31]]","[12, 13, 14, 15, 16, 17, 18, 19, 20, 21, 22, 23]","[12, 13, 14, 15, 16, 17, 18, 19, 20, 21, 22, 23, 24, 25, 26, 27]",True,
CHEMBL219_Ki,904,1502,1508,109,test,True,1.0038264078530543,29.0,"[[1, 2], [2, 3], [3, 4], [4, 5], [5, 6], [6, 7], [7, 8], [8, 9], [9, 10], [10, 11], [11, 12], [12, 13], [13, 14], [14, 15], [15, 16], [16, 17], [17, 18], [18, 19], [19, 20], [20, 21], [21, 22], [22, 23], [23, 24], [24, 25], [25, 26], [26, 27], [27, 28], [28, 29], [29, 30]]","[0, 1, 2]","[0, 1, 2, 3]",True,
CHEMBL219_Ki,929,1552,1556,112,calibration,True,1.5358437224447048,27.0,"[[0, 0], [1, 1], [2, 2], [3, 3], [6, 4], [7, 5], [8, 6], [9, 7], [10, 8], [11, 9], [12, 10], [13, 11], [14, 12], [15, 13], [16, 14], [17, 15], [18, 16], [19, 17], [20, 18], [21, 19], [22, 20], [23, 21], [24, 22], [25, 23], [26, 24], [27, 25], [28, 26]]","[2, 3, 4, 5, 6, 7, 20]","[2, 3, 4, 5, 18]",True,
CHEMBL219_Ki,948,1576,1578,114,calibration,True,1.3631779024128257,32.0,"[[0, 0], [1, 1], [2, 2], [3, 3], [4, 4], [5, 5], [6, 6], [7, 7], [8, 8], [9, 9], [10, 10], [11, 11], [13, 12], [14, 13], [15, 14], [16, 15], [17, 16], [18, 17], [19, 18], [20, 19], [21, 20], [22, 21], [23, 22], [24, 23], [25, 24], [26, 25], [27, 26], [28, 27], [29, 28], [30, 29], [31, 30], [32, 31]]","[10, 11, 12, 13, 14, 29]","[10, 11, 12, 13, 28]",True,
CHEMBL219_Ki,955,1594,1614,115,test,True,1.289964569513821,21.0,"[[0, 0], [1, 23], [2, 22], [3, 3], [4, 4], [5, 5], [6, 6], [7, 7], [8, 8], [9, 9], [13, 11], [14, 12], [15, 13], [16, 17], [17, 18], [18, 10], [20, 19], [21, 20], [22, 21], [23, 2], [24, 1]]","[8, 9, 10, 11, 12, 13, 14, 17, 18, 19]","[8, 9, 10, 11, 12, 13, 14, 15, 16, 17, 18]",True,
CHEMBL219_Ki,967,1623,1639,111,calibration,True,1.890195006520757,15.0,"[[0, 0], [1, 1], [2, 2], [3, 3], [4, 4], [5, 5], [6, 6], [7, 7], [8, 8], [9, 9], [10, 10], [11, 11], [19, 19], [20, 20], [21, 21]]","[10, 11, 12, 13, 14, 15, 16, 17, 18]","[10, 11, 12, 13, 14, 15, 16, 17, 18]",True,
CHEMBL219_Ki,969,1641,1643,116,calibration,True,1.213879819945081,30.0,"[[0, 0], [1, 1], [2, 2], [3, 3], [4, 4], [5, 5], [6, 6], [7, 7], [8, 8], [9, 9], [10, 10], [11, 11], [12, 12], [13, 13], [14, 14], [15, 15], [21, 16], [22, 22], [23, 23], [24, 24], [25, 25], [26, 26], [27, 27], [28, 28], [29, 29], [30, 34], [31, 33], [32, 32], [33, 31], [34, 30]]","[10, 13, 15, 16, 17, 18, 19, 20, 21]","[10, 13, 15, 16, 17, 18, 19, 20, 21]",True,
CHEMBL219_Ki,972,1681,1693,117,calibration,True,1.2082759424270837,28.0,"[[0, 0], [1, 1], [2, 2], [3, 3], [4, 4], [5, 5], [6, 6], [7, 7], [8, 8], [9, 9], [10, 10], [11, 11], [12, 12], [13, 13], [14, 14], [15, 15], [16, 16], [17, 17], [18, 18], [19, 19], [20, 20], [21, 21], [22, 22], [25, 23], [26, 26], [27, 27], [28, 28], [29, 29]]","[21, 22, 23, 24, 25]","[22, 23, 24, 25, 26]",True,
CHEMBL219_Ki,989,1722,1723,119,calibration,True,1.113943352306837,32.0,"[[0, 0], [1, 1], [2, 2], [3, 3], [4, 4], [5, 5], [6, 6], [7, 7], [8, 8], [9, 9], [10, 10], [11, 11], [12, 12], [13, 13], [14, 14], [15, 15], [16, 16], [17, 17], [18, 18], [19, 19], [20, 20], [21, 21], [22, 22], [23, 23], [24, 24], [25, 25], [26, 26], [27, 27], [30, 29], [31, 30], [32, 31], [33, 32]]","[21, 23, 24, 26, 27, 28, 29]","[21, 23, 24, 26, 27, 28]",True,
CHEMBL219_Ki,990,1725,1726,120,test,True,1.1418771585245793,13.0,"[[4, 12], [5, 5], [6, 6], [7, 7], [8, 8], [9, 9], [10, 10], [11, 11], [12, 4], [13, 16], [14, 14], [15, 15], [16, 13]]","[0, 1, 2, 3, 4, 5, 14, 16, 17]","[0, 1, 2, 3, 4, 5, 14, 16, 17]",True,
CHEMBL219_Ki,991,1727,1731,121,test,True,1.132625565274591,19.0,"[[0, 2], [1, 3], [2, 4], [3, 5], [4, 6], [5, 7], [6, 8], [7, 9], [8, 10], [9, 11], [10, 12], [11, 13], [12, 14], [13, 15], [14, 16], [15, 17], [16, 18], [17, 19], [18, 20]]",[],"[0, 1, 2, 3]",True,
CHEMBL219_Ki,992,1728,1729,122,calibration,True,1.9193440683863687,19.0,"[[0, 0], [1, 1], [2, 3], [3, 4], [4, 5], [5, 6], [6, 7], [7, 8], [8, 9], [9, 10], [10, 11], [11, 12], [12, 13], [13, 14], [14, 15], [15, 16], [16, 17], [17, 18], [18, 19]]","[0, 1, 2, 3, 18]","[0, 1, 2, 3, 4, 19]",True,
CHEMBL219_Ki,1013,1755,1758,126,test,True,1.5072736719497613,17.0,"[[0, 3], [1, 4], [2, 5], [3, 6], [4, 7], [5, 8], [6, 9], [7, 10], [8, 11], [9, 12], [10, 13], [11, 14], [12, 15], [13, 16], [14, 17], [15, 18], [16, 19]]",[],"[0, 1, 2, 3, 4]",True,
CHEMBL219_Ki,1020,1763,1764,127,test,True,2.6020599913279616,36.0,"[[0, 0], [1, 1], [2, 2], [3, 3], [4, 4], [5, 5], [6, 6], [7, 7], [8, 8], [9, 9], [10, 10], [11, 11], [12, 12], [13, 13], [14, 14], [15, 15], [16, 17], [17, 18], [18, 19], [19, 20], [20, 21], [21, 27], [22, 26], [23, 24], [24, 25], [25, 23], [26, 22], [27, 28], [28, 34], [29, 33], [30, 31], [31, 32], [32, 30], [33, 29], [34, 35], [35, 36]]","[14, 15, 16, 17, 34]","[14, 15, 16, 17, 18, 35]",True,
CHEMBL219_Ki,1026,1776,1779,128,calibration,True,1.1983676537668335,26.0,"[[0, 0], [1, 1], [2, 2], [3, 3], [4, 4], [5, 5], [6, 6], [7, 7], [8, 8], [9, 9], [10, 10], [11, 11], [12, 12], [13, 13], [14, 14], [15, 15], [16, 16], [17, 17], [18, 18], [19, 19], [20, 20], [21, 21], [23, 23], [24, 24], [25, 25], [26, 26]]","[20, 21, 22, 23]","[20, 21, 22, 23]",True,
CHEMBL228_Ki,16,14,632,2,calibration,True,1.5789946872592688,31.0,"[[1, 10], [2, 9], [3, 1], [4, 2], [5, 3], [6, 4], [7, 5], [8, 6], [9, 7], [10, 8], [12, 11], [13, 12], [14, 13], [15, 14], [16, 15], [17, 16], [18, 17], [19, 24], [20, 25], [21, 26], [22, 27], [23, 28], [24, 29], [25, 18], [26, 23], [27, 22], [28, 21], [29, 20], [30, 19], [31, 30], [32, 31]]","[0, 1, 2, 11, 12, 13, 31, 32]","[0, 1, 2, 9, 10, 11, 12, 30, 31]",True,
CHEMBL228_Ki,17,34,38,3,calibration,True,1.609885328839919,24.0,"[[0, 0], [1, 1], [2, 2], [3, 3], [4, 4], [5, 5], [6, 6], [7, 7], [8, 8], [9, 9], [10, 10], [11, 11], [12, 12], [13, 13], [14, 14], [15, 15], [16, 16], [17, 17], [18, 18], [19, 19], [20, 20], [21, 21], [22, 22], [24, 23]]","[1, 19, 21, 22, 23, 24]","[1, 19, 21, 22, 23]",True,
CHEMBL228_Ki,19,40,44,4,test,True,1.3723859041996498,27.0,"[[0, 0], [1, 1], [2, 2], [3, 3], [4, 4], [5, 5], [6, 6], [7, 7], [8, 8], [9, 9], [10, 10], [11, 11], [12, 12], [13, 13], [14, 14], [15, 15], [16, 24], [17, 19], [18, 18], [23, 17], [24, 16], [25, 25], [26, 26], [27, 27], [28, 28], [29, 29], [30, 30]]","[17, 18, 19, 20, 21, 22, 23, 24]","[15, 18, 19, 20, 21, 22, 23, 24]",True,
CHEMBL228_Ki,20,60,831,5,test,True,1.7501225267834002,19.0,"[[0, 17], [1, 16], [2, 14], [3, 15], [4, 13], [5, 7], [6, 6], [7, 20], [8, 21], [9, 3], [13, 4], [14, 5], [15, 8], [16, 9], [17, 10], [18, 11], [19, 12], [20, 18], [21, 19]]","[8, 9, 10, 11, 12, 13]","[0, 1, 2, 3, 4, 21]",True,
CHEMBL228_Ki,36,81,118,9,test,True,2.0211892990699383,29.0,"[[0, 0], [1, 1], [2, 2], [3, 3], [4, 4], [5, 5], [6, 6], [7, 7], [8, 8], [9, 9], [10, 10], [11, 11], [12, 12], [13, 13], [14, 14], [15, 15], [16, 16], [17, 17], [18, 18], [19, 19], [20, 20], [21, 21], [22, 22], [23, 23], [29, 30], [30, 31], [31, 32], [32, 33], [33, 34]]","[22, 23, 24, 25, 26, 27, 28]","[22, 23, 24, 25, 26, 27, 28, 29]",True,
CHEMBL228_Ki,66,136,139,12,test,True,1.488550716500443,31.0,"[[0, 0], [1, 1], [2, 2], [3, 3], [4, 4], [5, 5], [6, 6], [7, 7], [8, 8], [9, 9], [10, 10], [11, 11], [12, 12], [13, 13], [14, 14], [15, 15], [16, 16], [17, 17], [18, 21], [19, 20], [20, 19], [21, 18], [22, 22], [23, 23], [24, 24], [25, 25], [26, 26], [27, 27], [28, 28], [29, 29], [30, 30]]","[16, 17, 18, 19, 21]","[14, 18, 20, 21, 22]",True,
CHEMBL228_Ki,69,157,158,13,calibration,True,1.2571245099648989,21.0,"[[0, 0], [1, 1], [2, 2], [3, 3], [4, 4], [5, 5], [6, 6], [7, 7], [8, 8], [9, 9], [10, 10], [11, 11], [12, 12], [13, 13], [14, 14], [15, 15], [16, 16], [18, 18], [19, 19], [20, 20], [21, 21]]","[15, 16, 17, 18]","[15, 16, 17, 18]",True,
CHEMBL228_Ki,89,193,194,15,test,True,1.204119982655925,32.0,"[[0, 0], [1, 1], [2, 2], [3, 3], [4, 4], [5, 5], [6, 6], [7, 7], [8, 8], [9, 9], [10, 10], [11, 11], [12, 12], [13, 13], [14, 14], [15, 15], [16, 16], [17, 17], [18, 18], [19, 19], [20, 20], [21, 21], [22, 22], [23, 23], [24, 24], [29, 29], [30, 30], [31, 31], [32, 32], [33, 33], [34, 34], [35, 35]]","[23, 24, 25, 26, 27, 28]","[23, 24, 25, 26, 27, 28]",True,
CHEMBL228_Ki,110,213,214,16,calibration,True,1.633520513653596,20.0,"[[0, 0], [1, 1], [2, 2], [3, 3], [4, 4], [5, 5], [6, 6], [7, 7], [8, 8], [9, 9], [10, 10], [11, 11], [12, 12], [13, 13], [14, 14], [15, 16], [16, 17], [17, 18], [18, 19], [19, 20]]",[],"[13, 14, 15, 16]",True,
CHEMBL228_Ki,111,215,220,17,test,True,1.1674910872937634,17.0,"[[1, 0], [2, 1], [3, 2], [4, 3], [5, 4], [6, 5], [7, 6], [8, 7], [9, 8], [10, 9], [11, 10], [12, 11], [13, 12], [14, 13], [16, 14], [17, 15], [18, 16]]","[0, 1, 2, 13, 14, 15]",[],True,
CHEMBL228_Ki,119,244,834,21,calibration,True,1.3010299956639813,19.0,"[[0, 0], [1, 1], [2, 2], [3, 3], [4, 4], [5, 5], [6, 6], [7, 7], [8, 8], [9, 9], [10, 10], [11, 11], [12, 12], [13, 13], [14, 14], [16, 17], [18, 19], [19, 20], [20, 21]]","[13, 14, 15, 16, 17, 18]","[13, 14, 15, 16, 17, 18, 19]",True,
CHEMBL228_Ki,122,278,281,23,test,True,1.1320936674960365,17.0,"[[0, 0], [1, 1], [2, 2], [3, 3], [4, 4], [5, 5], [6, 6], [7, 7], [8, 8], [9, 9], [12, 11], [13, 12], [14, 13], [15, 14], [16, 15], [17, 16], [18, 17]]","[8, 9, 10, 11, 12]","[8, 9, 10, 11]",True,
CHEMBL228_Ki,128,299,302,24,test,True,2.938730343261078,26.0,"[[0, 0], [1, 1], [2, 2], [3, 3], [4, 4], [5, 5], [6, 6], [7, 7], [8, 8], [9, 9], [10, 10], [11, 11], [12, 12], [14, 17], [15, 18], [16, 19], [17, 20], [18, 21], [19, 22], [20, 23], [21, 24], [22, 25], [23, 26], [24, 27], [25, 28], [26, 29]]","[11, 12, 13, 14, 15]","[11, 12, 13, 14, 15, 16, 17, 18]",True,
CHEMBL228_Ki,164,340,838,6,calibration,True,3.384004230728745,18.0,"[[0, 0], [1, 1], [2, 2], [3, 3], [4, 4], [5, 5], [6, 6], [7, 7], [8, 8], [9, 9], [10, 10], [11, 11], [12, 12], [13, 13], [14, 14], [16, 17], [17, 18], [18, 19]]","[5, 8, 13, 14, 15, 16, 18, 19]","[13, 14, 15, 16, 17]",True,
CHEMBL228_Ki,201,439,505,35,calibration,True,1.0362457724751186,29.0,"[[0, 0], [1, 1], [2, 2], [3, 3], [4, 4], [5, 5], [6, 6], [7, 7], [8, 8], [9, 9], [10, 10], [11, 21], [12, 22], [13, 23], [14, 28], [15, 27], [16, 26], [17, 11], [18, 12], [19, 13], [20, 14], [21, 15], [22, 16], [23, 17], [24, 18], [25, 19], [26, 20], [27, 25], [28, 24]]","[15, 16, 17, 18, 27]","[9, 10, 11, 12, 21]",True,
CHEMBL228_Ki,227,463,469,36,calibration,True,1.1958353172514382,28.0,"[[0, 0], [1, 1], [2, 2], [3, 3], [4, 4], [5, 5], [6, 6], [7, 7], [8, 8], [9, 9], [10, 10], [11, 16], [12, 15], [13, 13], [14, 14], [15, 12], [16, 11], [17, 17], [18, 18], [19, 19], [20, 20], [21, 21], [22, 22], [23, 23], [24, 24], [29, 29], [30, 30], [31, 31]]","[23, 24, 25, 26, 27, 28, 29]","[23, 24, 25, 26, 27, 28, 29]",True,
CHEMBL228_Ki,229,474,498,38,test,True,1.5367688056087756,25.0,"[[0, 0], [1, 1], [2, 2], [3, 3], [5, 5], [6, 6], [7, 7], [8, 8], [9, 9], [10, 10], [11, 15], [12, 14], [13, 13], [15, 12], [16, 11], [19, 18], [20, 19], [21, 20], [22, 21], [23, 22], [24, 23], [25, 24], [26, 25], [27, 26], [28, 27]]","[2, 3, 4, 5, 6, 12, 13, 14, 15, 17, 18, 19, 20]","[2, 3, 4, 5, 6, 16, 17, 18, 19]",True,
CHEMBL228_Ki,231,479,492,29,calibration,True,1.862764760473846,26.0,"[[1, 0], [2, 25], [3, 24], [4, 3], [5, 4], [6, 5], [7, 6], [8, 7], [9, 8], [10, 9], [11, 10], [12, 11], [13, 12], [14, 13], [15, 14], [16, 15], [17, 20], [18, 19], [19, 18], [20, 17], [21, 16], [22, 21], [23, 22], [24, 23], [25, 2], [26, 1]]","[0, 1, 2, 25, 26, 27]",[],True,
CHEMBL228_Ki,236,487,488,30,calibration,True,1.481486060122113,26.0,"[[0, 0], [1, 1], [2, 2], [3, 3], [4, 4], [5, 5], [6, 6], [7, 7], [8, 8], [9, 9], [10, 10], [11, 11], [12, 12], [13, 13], [14, 14], [15, 15], [16, 16], [17, 17], [18, 18], [19, 19], [20, 22], [21, 23], [22, 24], [23, 25], [24, 26], [25, 27]]",[],"[18, 19, 20, 21, 22]",True,
CHEMBL228_Ki,257,528,531,34,test,True,2.34994963667907,23.0,"[[3, 2], [4, 3], [5, 4], [6, 5], [7, 6], [8, 7], [9, 8], [10, 9], [11, 10], [12, 11], [13, 12], [14, 13], [15, 14], [16, 15], [17, 16], [18, 17], [19, 22], [20, 21], [22, 19], [23, 18], [24, 23], [25, 24], [26, 25]]","[0, 1, 2, 3, 4, 19, 20, 21, 22, 23, 27]","[0, 1, 2, 3, 18, 19, 20, 21, 22, 26, 27]",True,
CHEMBL228_Ki,324,610,1417,0,test,True,4.675167089663392,13.0,"[[0, 18], [1, 19], [2, 17], [3, 12], [4, 13], [5, 14], [6, 15], [7, 16], [15, 4], [16, 3], [17, 1], [18, 0], [19, 2]]","[0, 1, 2, 3, 6, 7, 8, 9, 10, 11, 12, 13, 14, 15, 16]","[3, 4, 5, 6, 7, 8, 9, 10, 11, 12, 13, 16, 17, 18, 19]",True,
CHEMBL228_Ki,335,650,651,46,test,True,1.100015437450608,29.0,"[[0, 0], [1, 1], [2, 2], [3, 3], [4, 4], [5, 5], [6, 6], [7, 7], [8, 8], [9, 9], [10, 10], [11, 11], [12, 12], [13, 13], [14, 19], [15, 20], [16, 21], [17, 22], [18, 23], [19, 18], [20, 17], [21, 16], [22, 15], [23, 14], [24, 24], [25, 25], [26, 26], [27, 27], [28, 28]]","[12, 13, 14, 15, 18, 22, 23, 24]","[12, 13, 14, 15, 17, 18, 19, 20, 23, 24]",True,
CHEMBL228_Ki,336,653,654,47,calibration,True,1.300044704004378,30.0,"[[1, 26], [2, 25], [3, 5], [4, 6], [5, 7], [6, 8], [7, 9], [8, 10], [9, 11], [10, 12], [11, 13], [12, 14], [13, 15], [14, 16], [15, 17], [16, 18], [17, 19], [18, 20], [19, 21], [20, 22], [21, 23], [22, 24], [23, 4], [24, 3], [25, 2], [26, 1], [27, 0], [28, 30], [29, 29], [30, 28]]","[0, 1, 2, 30]","[25, 26, 27, 28]",True,
CHEMBL228_Ki,347,667,1454,48,test,True,3.222980216557444,13.0,"[[1, 2], [2, 1], [3, 0], [4, 3], [5, 4], [6, 5], [7, 6], [8, 7], [9, 8], [10, 9], [11, 10], [12, 11], [13, 12]]","[0, 1, 2]",[],True,
CHEMBL228_Ki,348,676,1320,49,test,True,2.275794172247907,33.0,"[[0, 2], [1, 1], [2, 3], [3, 4], [4, 5], [5, 6], [6, 7], [7, 8], [8, 9], [9, 10], [10, 11], [11, 12], [12, 13], [13, 14], [14, 15], [15, 16], [16, 17], [17, 18], [18, 19], [19, 20], [20, 21], [21, 28], [22, 29], [23, 30], [24, 31], [25, 32], [26, 33], [27, 22], [28, 27], [29, 26], [30, 25], [31, 24], [32, 23]]",[],"[0, 1, 2, 3]",True,
CHEMBL228_Ki,353,691,696,52,test,True,1.7242758696007892,13.0,"[[3, 3], [4, 4], [5, 5], [6, 6], [7, 14], [8, 13], [9, 9], [13, 8], [14, 7], [15, 15], [16, 16], [17, 17], [18, 18]]","[0, 1, 2, 3, 4, 8, 9, 10, 11, 12, 13, 14, 19, 20]","[0, 1, 2, 3, 4, 8, 9, 10, 11, 12, 13, 14, 19, 20]",True,
CHEMBL228_Ki,359,699,712,45,calibration,True,3.0000412024555008,30.0,"[[0, 0], [1, 1], [2, 2], [3, 3], [4, 4], [5, 5], [6, 6], [7, 7], [8, 8], [9, 9], [10, 11], [11, 12], [12, 13], [13, 14], [14, 15], [15, 16], [16, 17], [17, 18], [18, 19], [19, 20], [20, 21], [21, 22], [22, 23], [23, 25], [24, 26], [25, 27], [26, 28], [27, 30], [28, 31], [29, 32]]","[8, 9, 10, 11, 23]","[8, 9, 10, 11, 12, 17, 21, 23, 24, 25, 27, 28, 29, 30]",True,
CHEMBL228_Ki,385,728,729,53,test,True,1.5024560739150354,25.0,"[[0, 0], [1, 1], [2, 2], [3, 3], [4, 4], [5, 5], [6, 6], [7, 7], [8, 8], [10, 10], [11, 16], [12, 15], [13, 13], [14, 14], [15, 12], [16, 11], [17, 17], [18, 18], [19, 19], [20, 25], [21, 24], [22, 22], [23, 23], [24, 21], [25, 20]]","[7, 8, 9, 10, 11, 16, 17, 18]","[7, 8, 9, 10, 11, 16, 17, 18]",True,
CHEMBL228_Ki,388,734,748,56,calibration,True,1.3370462017894624,17.0,"[[4, 5], [5, 6], [6, 7], [7, 8], [8, 9], [9, 10], [10, 11], [11, 12], [12, 13], [13, 14], [14, 15], [15, 16], [16, 17], [17, 18], [18, 19], [19, 20], [20, 21]]","[0, 1, 2, 3, 4, 5, 16]","[0, 1, 2, 3, 4, 5, 6, 17]",True,
CHEMBL228_Ki,391,739,749,55,test,True,1.6064160407050112,15.0,"[[3, 3], [4, 4], [5, 5], [6, 6], [7, 7], [8, 8], [9, 9], [10, 10], [11, 11], [12, 12], [19, 16], [20, 17], [21, 18], [22, 19], [23, 20]]","[0, 1, 2, 3, 4, 5, 7, 11, 12, 13, 14, 15, 16, 17, 18]","[0, 1, 2, 3, 4, 5, 7, 11, 12, 13, 14, 15]",True,
CHEMBL228_Ki,395,764,774,57,test,True,1.948822227139408,13.0,"[[0, 0], [1, 1], [2, 3], [3, 4], [4, 5], [5, 6], [6, 8], [7, 9], [8, 10], [9, 11], [10, 12], [11, 13], [12, 14]]","[0, 1, 2, 3, 4, 5, 6, 7, 11, 12]","[0, 1, 2, 3, 4, 5, 6, 7, 8, 9, 13, 14]",True,
CHEMBL228_Ki,399,786,792,58,calibration,True,1.220761653975142,21.0,"[[1, 0], [2, 1], [3, 2], [4, 3], [5, 4], [6, 5], [7, 6], [8, 7], [9, 8], [10, 9], [11, 10], [12, 11], [13, 15], [14, 12], [15, 13], [16, 14], [17, 17], [18, 18], [19, 19], [20, 20], [21, 21]]","[0, 1, 2, 11, 12, 13, 14, 15, 16]","[10, 11, 12, 13, 14, 15, 16]",True,
CHEMBL228_Ki,401,804,806,60,test,True,1.002705893375925,23.0,"[[0, 1], [1, 3], [2, 4], [3, 5], [4, 6], [5, 7], [6, 8], [7, 9], [8, 10], [9, 11], [10, 12], [11, 13], [12, 14], [13, 19], [14, 18], [15, 17], [16, 16], [17, 15], [18, 20], [19, 21], [20, 22], [21, 23], [22, 24]]",[],"[0, 1, 2, 3]",True,
CHEMBL228_Ki,413,826,827,61,test,True,3.100015437450608,22.0,"[[0, 2], [1, 3], [2, 20], [3, 21], [5, 4], [6, 5], [7, 6], [8, 7], [9, 8], [10, 9], [11, 10], [12, 11], [13, 12], [14, 13], [15, 14], [16, 15], [17, 16], [18, 17], [19, 18], [20, 19], [21, 0], [22, 1]]","[2, 3, 4, 5, 6, 15, 21]","[2, 3, 4, 5, 14, 20]",True,
CHEMBL228_Ki,422,849,866,64,test,True,2.329397879361043,21.0,"[[0, 0], [1, 1], [2, 2], [3, 3], [4, 4], [5, 5], [6, 6], [7, 7], [8, 8], [9, 9], [10, 10], [11, 11], [12, 12], [13, 14], [14, 13], [15, 19], [16, 18], [17, 16], [18, 17], [19, 15], [20, 20]]","[11, 12, 13, 14, 19]","[11, 12, 13, 14, 19]",True,
CHEMBL228_Ki,425,850,879,65,test,True,2.260912772455999,20.0,"[[0, 0], [1, 1], [2, 2], [3, 3], [4, 4], [5, 5], [6, 6], [8, 11], [9, 10], [10, 9], [11, 8], [12, 7], [13, 12], [14, 13], [15, 14], [16, 15], [17, 16], [18, 17], [19, 18], [20, 19]]","[5, 6, 7, 8, 9, 13]","[5, 6, 7, 8, 12]",True,
CHEMBL228_Ki,426,852,867,66,test,True,1.4016466697095842,20.0,"[[0, 0], [1, 1], [2, 2], [3, 3], [4, 4], [5, 5], [6, 6], [8, 8], [9, 7], [10, 12], [11, 11], [12, 10], [13, 9], [14, 13], [15, 14], [16, 15], [17, 16], [18, 17], [19, 18], [20, 19]]","[5, 6, 7, 8, 9, 13]","[5, 6, 7, 8, 12]",True,
CHEMBL228_Ki,443,886,888,68,calibration,True,3.113943352306837,31.0,"[[0, 0], [1, 1], [2, 2], [3, 3], [4, 4], [5, 5], [6, 6], [7, 7], [8, 8], [9, 9], [10, 10], [11, 11], [12, 12], [13, 13], [14, 14], [16, 16], [17, 15], [18, 28], [19, 27], [20, 18], [21, 19], [22, 20], [23, 21], [24, 22], [25, 23], [26, 24], [27, 25], [28, 26], [29, 17], [30, 29], [31, 30]]","[13, 14, 15, 16, 17, 29]","[13, 14, 15, 16, 28]",True,
CHEMBL228_Ki,450,894,895,69,calibration,True,3.477121254719661,32.0,"[[0, 0], [1, 1], [2, 2], [3, 3], [4, 4], [5, 5], [6, 6], [7, 7], [8, 8], [9, 10], [10, 11], [11, 12], [12, 13], [13, 14], [15, 15], [16, 16], [17, 17], [18, 18], [19, 19], [20, 20], [21, 21], [22, 22], [23, 23], [24, 24], [25, 25], [26, 26], [27, 27], [28, 28], [29, 29], [30, 30], [31, 31], [32, 32]]","[7, 8, 9, 10, 12, 13, 14, 15, 16, 28, 30]","[7, 8, 9, 10, 11, 13, 14, 15, 16, 28, 30]",True,
CHEMBL228_Ki,471,938,949,73,calibration,True,1.8871951770412985,30.0,"[[1, 3], [2, 1], [3, 4], [4, 5], [5, 6], [6, 7], [7, 8], [8, 9], [9, 10], [10, 11], [11, 12], [12, 13], [13, 14], [14, 15], [15, 16], [16, 17], [17, 18], [18, 19], [19, 20], [20, 21], [21, 22], [22, 23], [23, 24], [24, 25], [25, 26], [26, 27], [27, 28], [28, 29], [29, 30], [30, 31]]","[0, 1, 2, 3, 22, 23, 24, 29, 30, 31]","[0, 1, 2, 3, 23, 24, 25, 30, 31]",True,
CHEMBL228_Ki,492,993,1101,78,calibration,True,2.29993259904242,17.0,"[[1, 0], [2, 1], [3, 2], [4, 3], [5, 4], [6, 6], [7, 7], [8, 8], [9, 9], [10, 10], [11, 11], [12, 12], [13, 13], [14, 14], [15, 15], [16, 16], [17, 17]]","[0, 1, 2, 4, 5, 6, 7, 9]","[3, 4, 5, 6, 7, 9]",True,
CHEMBL228_Ki,500,1015,1016,79,test,True,1.2552725051033056,19.0,"[[0, 0], [1, 1], [2, 2], [3, 3], [4, 4], [5, 5], [6, 6], [7, 7], [8, 8], [9, 9], [10, 11], [12, 12], [13, 13], [14, 14], [15, 15], [16, 16], [17, 17], [18, 18], [19, 19]]","[9, 10, 11, 12]","[8, 9, 10, 11]",True,
CHEMBL228_Ki,519,1102,1644,85,calibration,True,2.300067493647941,17.0,"[[0, 0], [1, 1], [2, 2], [3, 3], [4, 4], [5, 5], [6, 6], [7, 7], [8, 8], [9, 9], [10, 10], [11, 13], [14, 12], [15, 11], [16, 14], [17, 15], [18, 16]]","[10, 11, 12, 13, 14, 15]","[10, 11, 12, 13]",True,
CHEMBL228_Ki,529,1108,1137,86,calibration,True,2.2999722235572184,23.0,"[[0, 0], [1, 1], [2, 2], [3, 3], [4, 4], [5, 5], [6, 6], [7, 7], [8, 8], [9, 9], [10, 10], [11, 11], [12, 12], [13, 13], [14, 18], [15, 17], [16, 16], [17, 15], [18, 14], [19, 20], [20, 21], [21, 22], [22, 19]]","[1, 11, 12, 19, 20, 21, 22]","[1, 11, 12, 19, 20, 21, 22]",True,
CHEMBL228_Ki,557,1165,1195,88,test,True,2.072057430886733,31.0,"[[0, 0], [1, 1], [2, 2], [3, 3], [4, 4], [5, 5], [6, 6], [7, 7], [9, 8], [10, 9], [11, 10], [12, 11], [13, 12], [14, 13], [15, 14], [16, 15], [17, 16], [18, 17], [19, 18], [20, 19], [21, 20], [22, 21], [24, 22], [25, 23], [26, 24], [27, 25], [28, 26], [29, 27], [30, 28], [31, 29], [32, 30]]","[6, 7, 8, 9, 10, 21, 22, 23, 24]","[6, 7, 8, 9]",True,
CHEMBL228_Ki,565,1171,1197,89,test,True,2.104155130685008,31.0,"[[1, 30], [2, 7], [3, 8], [4, 10], [5, 11], [6, 12], [7, 13], [8, 29], [9, 28], [10, 16], [11, 17], [12, 18], [13, 19], [14, 20], [15, 21], [16, 22], [17, 23], [18, 24], [19, 25], [20, 26], [21, 27], [22, 15], [23, 14], [24, 6], [25, 5], [26, 4], [27, 32], [28, 1], [29, 0], [30, 2], [31, 3]]","[0, 1, 2, 3, 4, 5, 27]","[7, 8, 9, 10, 11, 30, 31, 32]",True,
CHEMBL228_Ki,591,1228,1231,90,calibration,True,2.0043471726885382,18.0,"[[0, 0], [1, 1], [5, 5], [6, 6], [7, 7], [8, 8], [9, 9], [10, 10], [11, 11], [12, 12], [13, 13], [14, 14], [15, 15], [16, 16], [17, 17], [18, 18], [19, 19], [20, 20]]","[0, 1, 2, 3, 4, 5, 6, 21]","[0, 1, 2, 3, 4, 5, 6, 21]",True,
CHEMBL228_Ki,597,1281,1303,91,calibration,True,1.9197992124784973,15.0,"[[0, 0], [1, 1], [2, 2], [3, 3], [4, 4], [5, 5], [6, 6], [7, 7], [8, 8], [9, 9], [17, 17], [18, 18], [19, 19], [20, 20], [21, 21]]","[7, 8, 9, 10, 11, 12, 13, 14, 15, 16, 17, 18]","[7, 8, 9, 10, 11, 12, 13, 14, 15, 16, 17, 18]",True,
CHEMBL228_Ki,598,1319,1333,92,calibration,True,1.3340828397027875,31.0,"[[0, 2], [1, 1], [3, 3], [4, 4], [5, 5], [6, 6], [7, 7], [8, 8], [9, 9], [10, 10], [11, 11], [12, 12], [13, 13], [14, 14], [15, 15], [16, 16], [17, 17], [18, 18], [23, 23], [24, 24], [25, 25], [26, 26], [27, 27], [28, 28], [29, 29], [30, 30], [31, 31], [32, 32], [33, 33], [34, 34], [35, 35]]","[0, 1, 2, 3, 17, 18, 19, 20, 21, 22]","[0, 1, 2, 3, 17, 18, 19, 20, 21, 22]",True,
CHEMBL228_Ki,599,1335,1339,93,test,True,3.1500854613502547,25.0,"[[0, 0], [1, 1], [2, 2], [3, 3], [4, 4], [5, 5], [6, 6], [7, 7], [8, 9], [9, 10], [10, 11], [11, 12], [12, 13], [13, 14], [14, 15], [15, 16], [16, 17], [17, 18], [18, 19], [19, 20], [20, 21], [21, 22], [22, 23], [23, 24], [24, 25]]",[],"[6, 7, 8, 9]",True,
CHEMBL228_Ki,600,1336,1340,94,calibration,True,2.97136020233299,25.0,"[[0, 0], [1, 1], [2, 2], [3, 3], [4, 4], [5, 5], [6, 6], [7, 7], [8, 9], [9, 10], [10, 11], [11, 12], [12, 13], [13, 14], [14, 15], [15, 16], [16, 17], [17, 18], [18, 19], [19, 20], [20, 21], [21, 22], [22, 23], [23, 24], [24, 25]]",[],"[6, 7, 8, 9]",True,
CHEMBL228_Ki,608,1361,1367,99,calibration,True,1.042624727067916,26.0,"[[0, 0], [1, 1], [2, 3], [3, 4], [4, 5], [5, 6], [6, 7], [7, 8], [8, 9], [9, 10], [10, 11], [11, 12], [12, 13], [13, 14], [14, 15], [15, 16], [16, 17], [17, 18], [18, 19], [19, 20], [20, 21], [21, 22], [22, 23], [23, 24], [24, 25], [25, 26]]","[0, 1, 2, 3, 17]","[0, 1, 2, 3, 4, 18]",True,
CHEMBL228_Ki,615,1405,1408,100,calibration,True,2.938211714892728,16.0,"[[0, 0], [1, 1], [2, 2], [3, 3], [4, 4], [5, 5], [6, 6], [7, 7], [10, 10], [11, 11], [12, 12], [13, 13], [14, 14], [15, 15], [16, 16], [17, 17]]","[6, 7, 8, 9, 10, 11, 14, 15]","[6, 7, 8, 9, 10, 11, 14, 15]",True,
CHEMBL228_Ki,624,1437,1443,103,test,True,2.372093351489428,15.0,"[[1, 2], [2, 3], [3, 4], [4, 5], [5, 6], [6, 7], [7, 8], [8, 9], [9, 10], [10, 11], [11, 12], [12, 13], [13, 14], [14, 15], [15, 16]]","[0, 1, 2]","[0, 1, 2, 3]",True,
CHEMBL228_Ki,628,1439,1440,104,calibration,True,1.1613680022349744,19.0,"[[0, 0], [1, 1], [2, 2], [4, 3], [5, 4], [6, 5], [7, 6], [8, 7], [9, 8], [10, 9], [11, 10], [12, 11], [13, 12], [14, 13], [15, 14], [16, 15], [17, 16], [18, 17], [19, 18]]","[1, 2, 3, 4, 5, 16]","[1, 2, 3, 4, 15]",True,
CHEMBL228_Ki,637,1467,1468,106,test,True,1.8564379657712395,26.0,"[[0, 0], [1, 1], [2, 2], [3, 3], [4, 4], [5, 5], [6, 6], [7, 7], [8, 8], [9, 9], [10, 10], [11, 11], [12, 12], [13, 13], [14, 14], [15, 15], [18, 19], [19, 25], [20, 24], [21, 22], [22, 23], [23, 21], [24, 20], [25, 26], [26, 27], [27, 28]]","[14, 15, 16, 17, 18, 19, 24]","[14, 15, 16, 17, 18, 19, 20, 25]",True,
CHEMBL228_Ki,702,1593,1595,115,calibration,True,1.0969100130080571,26.0,"[[0, 1], [1, 2], [3, 3], [4, 4], [5, 5], [6, 6], [7, 7], [8, 8], [9, 9], [10, 10], [11, 11], [12, 12], [13, 13], [14, 14], [15, 15], [16, 16], [17, 17], [18, 18], [19, 19], [20, 20], [21, 21], [22, 22], [23, 23], [24, 24], [25, 25], [26, 26]]","[0, 1, 2, 3, 4, 5]","[0, 1, 2, 3, 4, 5]",True,
CHEMBL228_Ki,714,1661,1662,118,test,True,1.5794397371515752,31.0,"[[0, 0], [1, 1], [2, 2], [3, 3], [4, 4], [5, 5], [6, 6], [7, 7], [9, 8], [10, 9], [11, 10], [12, 11], [13, 12], [14, 13], [15, 14], [16, 15], [17, 16], [18, 17], [19, 18], [20, 19], [21, 20], [22, 21], [23, 22], [24, 23], [25, 24], [26, 25], [27, 26], [28, 27], [29, 28], [30, 29], [31, 30]]","[6, 7, 8, 9]",[],True,
CHEMBL228_Ki,720,1665,1668,111,calibration,True,2.778151250383644,31.0,"[[0, 0], [1, 1], [2, 2], [3, 3], [4, 4], [5, 5], [6, 6], [7, 7], [8, 8], [9, 9], [10, 10], [11, 11], [12, 12], [13, 13], [14, 14], [15, 15], [16, 16], [17, 17], [18, 18], [19, 19], [20, 20], [21, 21], [22, 22], [23, 23], [24, 24], [25, 25], [26, 26], [27, 27], [28, 28], [29, 29], [30, 30]]","[5, 29, 30, 31]","[5, 29, 30, 31, 32, 33]",True,
CHEMBL228_Ki,723,1673,1674,119,calibration,True,1.3685562309868278,36.0,"[[0, 0], [1, 1], [2, 2], [3, 3], [4, 4], [5, 5], [6, 6], [7, 7], [8, 8], [9, 9], [10, 10], [11, 11], [12, 12], [13, 13], [14, 14], [15, 15], [16, 16], [17, 17], [18, 18], [19, 19], [21, 21], [22, 27], [23, 26], [24, 24], [25, 25], [26, 23], [27, 22], [28, 28], [29, 34], [30, 33], [31, 31], [32, 32], [33, 30], [34, 29], [35, 35], [36, 36]]","[18, 19, 20, 21, 22, 27, 28, 29, 34]","[18, 19, 20, 21, 22, 27, 28, 29, 34]",True,
CHEMBL228_Ki,727,1681,1697,120,test,True,1.8752266774031847,36.0,"[[0, 0], [1, 1], [2, 2], [3, 3], [4, 4], [5, 5], [6, 6], [7, 7], [8, 8], [9, 21], [10, 32], [11, 33], [12, 18], [13, 15], [14, 14], [15, 13], [16, 11], [17, 12], [18, 10], [19, 9], [20, 22], [21, 23], [22, 24], [23, 25], [24, 26], [25, 27], [26, 28], [27, 29], [28, 30], [29, 31], [30, 34], [31, 35], [32, 19], [33, 20], [34, 36], [35, 37]]","[7, 8, 9, 10, 11, 12, 13, 14, 18, 19, 20, 21, 29, 30, 32, 33, 34]","[7, 8, 9, 10, 14, 15, 16, 17, 18, 19, 20, 21, 22, 23, 31, 32, 33, 34, 36]",True,
CHEMBL231_Ki,6,32,42,2,calibration,True,1.4500044607948048,24.0,"[[0, 19], [1, 18], [2, 17], [3, 16], [4, 15], [5, 14], [6, 13], [7, 12], [8, 11], [9, 10], [10, 9], [11, 8], [12, 7], [13, 6], [14, 5], [15, 4], [16, 3], [17, 2], [18, 1], [20, 24], [21, 23], [22, 22], [23, 21], [24, 20]]","[17, 18, 19, 20]","[0, 1, 2, 24]",True,
CHEMBL231_Ki,8,35,45,1,test,True,1.1400367536681353,29.0,"[[0, 0], [1, 1], [2, 2], [3, 3], [4, 4], [5, 5], [6, 6], [7, 7], [8, 8], [9, 9], [10, 10], [11, 11], [12, 12], [13, 13], [14, 14], [15, 15], [16, 16], [17, 18], [18, 17], [19, 24], [20, 21], [21, 22], [22, 23], [23, 20], [24, 19], [26, 25], [27, 26], [28, 27], [29, 28]]","[15, 16, 17, 18, 23, 24, 25, 26]","[15, 16, 17, 18, 24, 25]",True,
CHEMBL231_Ki,10,67,72,3,calibration,True,1.2002644578116843,30.0,"[[1, 1], [2, 2], [3, 3], [4, 29], [5, 30], [7, 5], [8, 6], [9, 7], [10, 8], [11, 9], [12, 10], [13, 11], [14, 12], [15, 13], [16, 14], [17, 15], [18, 16], [19, 17], [20, 18], [21, 19], [22, 20], [23, 21], [24, 22], [25, 23], [26, 24], [27, 25], [28, 26], [29, 27], [30, 28], [31, 0]]","[0, 1, 2, 4, 5, 6, 7, 8, 29, 30, 31]","[2, 3, 4, 5, 6, 27, 28, 29]",True,
CHEMBL231_Ki,11,81,357,4,calibration,True,1.8129961766822456,13.0,"[[1, 3], [2, 4], [3, 16], [6, 9], [7, 10], [8, 11], [9, 12], [10, 13], [11, 14], [16, 15], [17, 8], [18, 7], [19, 6]]","[0, 1, 2, 3, 4, 5, 6, 7, 10, 11, 12, 13, 14, 15, 16, 17, 18, 19, 20, 21, 22, 23, 24]","[0, 1, 2, 3, 4, 5, 6, 7, 8, 9, 10, 13, 14, 15, 16, 17, 18, 19, 20, 21, 22, 23]",True,
CHEMBL231_Ki,15,86,558,5,test,True,1.9087671198836336,24.0,"[[0, 0], [1, 1], [2, 2], [3, 3], [4, 4], [5, 5], [6, 6], [7, 8], [8, 9], [9, 10], [10, 11], [11, 12], [12, 13], [13, 14], [14, 15], [15, 16], [16, 17], [17, 18], [18, 19], [19, 20], [20, 21], [21, 22], [22, 23], [23, 24]]","[2, 5, 6, 7, 8, 23]","[2, 5, 6, 7, 8, 9, 24]",True,
CHEMBL231_Ki,25,96,99,7,test,True,1.5699706517892065,24.0,"[[0, 0], [1, 1], [2, 2], [3, 3], [4, 4], [5, 5], [6, 6], [7, 7], [8, 8], [9, 9], [10, 10], [11, 11], [12, 12], [13, 13], [14, 14], [15, 15], [16, 16], [17, 17], [18, 18], [19, 19], [25, 23], [26, 24], [27, 25], [28, 26]]","[18, 19, 20, 21, 22, 23, 24]","[18, 19, 20, 21, 22]",True,
CHEMBL231_Ki,27,97,164,8,test,True,2.679999195735272,20.0,"[[3, 3], [4, 4], [5, 5], [6, 6], [7, 7], [8, 8], [9, 9], [10, 10], [11, 11], [12, 12], [13, 13], [14, 14], [15, 15], [16, 16], [17, 17], [18, 18], [26, 22], [27, 23], [28, 24], [29, 25]]","[0, 1, 2, 3, 4, 5, 16, 17, 18, 19, 20, 21, 22, 23, 24, 25]","[0, 1, 2, 3, 4, 5, 16, 17, 18, 19, 20, 21]",True,
CHEMBL231_Ki,39,120,133,6,test,True,2.030032214827168,23.0,"[[0, 0], [1, 1], [2, 2], [3, 3], [4, 4], [5, 5], [6, 6], [7, 7], [8, 31], [9, 30], [10, 10], [11, 11], [12, 12], [13, 13], [14, 14], [15, 15], [16, 16], [17, 17], [18, 18], [19, 28], [20, 29], [21, 9], [22, 8]]",[],"[17, 18, 19, 20, 21, 22, 23, 24, 25, 26, 27, 28]",True,
CHEMBL231_Ki,57,154,182,10,test,True,1.0100000981950936,27.0,"[[0, 0], [1, 1], [2, 2], [3, 3], [8, 8], [9, 9], [10, 10], [11, 11], [12, 12], [13, 13], [14, 14], [15, 15], [16, 16], [17, 17], [18, 18], [19, 19], [20, 20], [21, 21], [22, 22], [23, 23], [24, 24], [25, 26], [26, 25], [27, 27], [28, 28], [29, 29], [30, 30]]","[2, 3, 4, 5, 6, 7]","[2, 3, 4, 5, 6, 7]",True,
CHEMBL231_Ki,64,197,209,14,calibration,True,1.7699842901109175,38.0,"[[2, 1], [3, 2], [4, 3], [5, 4], [6, 5], [7, 6], [8, 7], [9, 8], [10, 9], [11, 10], [12, 11], [13, 12], [14, 13], [15, 14], [16, 15], [19, 16], [20, 17], [21, 18], [22, 19], [23, 20], [24, 21], [25, 27], [26, 26], [27, 24], [28, 25], [29, 23], [30, 22], [31, 28], [32, 34], [33, 33], [34, 31], [35, 32], [36, 30], [37, 29], [38, 35], [39, 36], [40, 37], [41, 38]]","[0, 1, 2, 3, 4, 15, 16, 17, 18, 19, 20, 39]","[0, 1, 2, 3, 14, 15, 16, 17, 36]",True,
CHEMBL231_Ki,72,219,286,16,test,True,1.1404473054149742,27.0,"[[0, 0], [1, 1], [2, 2], [3, 3], [4, 4], [5, 5], [6, 6], [7, 7], [8, 8], [9, 9], [10, 10], [11, 11], [12, 12], [13, 13], [14, 14], [15, 15], [16, 16], [18, 17], [19, 18], [20, 19], [21, 20], [22, 26], [23, 25], [24, 23], [25, 24], [26, 22], [27, 21]]","[15, 16, 17, 18]",[],True,
CHEMBL231_Ki,76,253,254,17,test,True,1.4000006169763797,32.0,"[[0, 0], [1, 1], [2, 2], [3, 3], [4, 4], [5, 5], [6, 6], [7, 7], [8, 8], [9, 9], [10, 10], [11, 11], [12, 12], [13, 13], [14, 14], [15, 15], [16, 16], [17, 17], [18, 18], [19, 19], [24, 23], [25, 24], [26, 25], [27, 26], [28, 27], [29, 28], [30, 29], [31, 30], [32, 31], [33, 32], [34, 33], [35, 34]]","[18, 19, 20, 21, 22, 23, 24, 25]","[18, 19, 20, 21, 22, 23, 24]",True,
CHEMBL231_Ki,89,309,311,21,test,True,1.4960065988800355,25.0,"[[1, 1], [2, 0], [10, 8], [11, 9], [12, 10], [13, 11], [14, 12], [15, 13], [16, 14], [17, 15], [18, 16], [19, 17], [20, 18], [21, 19], [22, 20], [23, 21], [24, 22], [25, 28], [26, 27], [27, 25], [28, 26], [29, 24], [30, 23], [31, 29], [32, 30]]","[0, 1, 2, 3, 4, 5, 6, 7, 8, 9, 10]","[0, 1, 2, 3, 4, 5, 6, 7, 8]",True,
CHEMBL231_Ki,103,331,334,23,calibration,True,1.0064660422492313,33.0,"[[0, 3], [1, 2], [2, 1], [3, 4], [4, 5], [5, 6], [6, 7], [7, 8], [8, 9], [9, 10], [10, 11], [11, 12], [12, 13], [13, 14], [14, 15], [15, 16], [16, 17], [17, 24], [18, 25], [19, 26], [20, 27], [21, 28], [22, 29], [23, 18], [24, 23], [25, 22], [26, 21], [27, 20], [28, 19], [29, 30], [30, 31], [31, 32], [32, 33]]",[],"[0, 1, 2]",True,
CHEMBL231_Ki,104,341,347,24,calibration,True,1.7993405494535812,17.0,"[[0, 0], [1, 1], [2, 2], [3, 5], [4, 6], [5, 7], [6, 8], [7, 9], [8, 10], [9, 11], [10, 12], [11, 13], [12, 14], [13, 15], [14, 16], [15, 17], [16, 18]]","[1, 2, 3, 4, 16]","[1, 2, 3, 4, 5, 6, 18]",True,
CHEMBL231_Ki,116,349,541,26,test,True,2.473234083124749,17.0,"[[0, 0], [1, 1], [2, 2], [3, 3], [4, 6], [5, 7], [6, 8], [7, 9], [8, 10], [9, 11], [10, 12], [11, 13], [12, 18], [13, 17], [14, 16], [15, 15], [16, 14]]","[1, 3, 4, 5, 11]","[1, 3, 4, 5, 6, 7, 13]",True,
CHEMBL231_Ki,119,362,917,27,calibration,True,2.121247016023551,14.0,"[[0, 0], [1, 1], [2, 2], [3, 3], [7, 8], [8, 7], [9, 11], [10, 10], [12, 19], [13, 18], [14, 12], [15, 9], [16, 22], [17, 23]]","[2, 3, 4, 5, 6, 7, 8, 9, 10, 11, 12, 13, 14, 15, 16]","[2, 3, 4, 5, 6, 7, 8, 9, 10, 11, 12, 13, 14, 15, 16, 17, 18, 19, 20, 21, 22]",True,
CHEMBL231_Ki,124,392,397,29,calibration,True,1.1461280356782364,17.0,"[[1, 12], [2, 14], [3, 15], [4, 16], [5, 10], [6, 11], [7, 9], [8, 3], [9, 4], [10, 5], [11, 6], [12, 8], [13, 7], [14, 2], [15, 1], [16, 0], [17, 17]]","[0, 1, 2, 6, 15, 17, 18, 19, 20, 21, 22]","[1, 11, 12, 13, 14, 17, 18, 19, 20, 21]",True,
CHEMBL231_Ki,152,501,532,34,test,True,4.199999125196797,27.0,"[[0, 0], [1, 1], [2, 2], [3, 26], [4, 25], [5, 5], [6, 6], [7, 7], [8, 8], [9, 9], [10, 10], [11, 11], [12, 12], [13, 13], [14, 14], [15, 15], [16, 16], [17, 17], [18, 18], [19, 19], [20, 20], [21, 21], [22, 22], [23, 23], [24, 24], [25, 4], [26, 3]]","[2, 25, 26, 27, 28]",[],True,
CHEMBL231_Ki,157,509,531,35,calibration,True,2.29993259904242,25.0,"[[0, 0], [1, 1], [2, 2], [3, 3], [4, 4], [5, 5], [6, 6], [7, 7], [8, 8], [9, 9], [11, 10], [12, 11], [13, 12], [14, 13], [15, 14], [16, 16], [17, 17], [18, 18], [19, 19], [20, 20], [21, 21], [22, 22], [23, 23], [24, 24], [25, 25]]","[8, 9, 10, 11, 12, 18]","[8, 9, 10, 11, 13, 14, 15, 16, 18]",True,
CHEMBL231_Ki,162,567,570,37,calibration,True,1.8100298077740329,35.0,"[[0, 0], [1, 1], [2, 2], [3, 3], [4, 4], [5, 5], [6, 6], [7, 7], [8, 8], [9, 9], [10, 10], [11, 30], [12, 15], [13, 16], [14, 17], [15, 18], [16, 19], [17, 20], [18, 21], [19, 22], [20, 23], [21, 24], [22, 25], [23, 26], [24, 27], [25, 28], [26, 29], [27, 31], [28, 32], [29, 33], [30, 34], [31, 35], [32, 36], [33, 37], [34, 38]]","[9, 10, 11, 12, 13, 26]","[9, 10, 11, 12, 13, 14, 15, 16, 29, 30]",True,
CHEMBL231_Ki,179,697,727,44,test,True,1.2000066709952923,29.0,"[[4, 5], [5, 4], [6, 3], [7, 31], [8, 7], [9, 8], [10, 9], [11, 10], [12, 11], [13, 12], [14, 13], [15, 14], [16, 28], [17, 27], [18, 17], [19, 18], [20, 19], [21, 20], [22, 21], [23, 22], [24, 23], [25, 24], [26, 25], [27, 26], [28, 16], [29, 15], [30, 29], [31, 30], [32, 6]]","[0, 1, 2, 3, 4, 5, 32]","[0, 1, 2, 3, 4, 31]",True,
CHEMBL231_Ki,182,703,706,43,test,True,1.7000570999772329,32.0,"[[0, 0], [1, 1], [2, 2], [3, 3], [4, 4], [5, 5], [6, 6], [7, 7], [8, 8], [9, 9], [10, 10], [11, 11], [12, 12], [13, 13], [14, 14], [15, 15], [16, 30], [17, 29], [18, 18], [19, 19], [20, 20], [21, 27], [22, 25], [23, 23], [25, 22], [27, 21], [28, 17], [29, 16], [30, 31], [31, 32], [32, 33], [33, 34]]","[22, 23, 24, 25, 26, 27]","[20, 22, 23, 24, 25, 26, 27, 28]",True,
CHEMBL231_Ki,188,754,760,46,test,True,1.2999914272569546,37.0,"[[0, 0], [1, 1], [2, 2], [3, 3], [4, 4], [5, 5], [6, 6], [7, 7], [8, 8], [9, 9], [10, 10], [11, 11], [12, 12], [13, 13], [14, 14], [15, 15], [16, 16], [17, 17], [18, 18], [19, 19], [20, 20], [21, 21], [22, 22], [23, 23], [24, 24], [25, 25], [26, 26], [27, 27], [28, 28], [29, 29], [30, 30], [31, 31], [32, 32], [33, 33], [37, 37], [38, 38], [39, 39]]","[30, 33, 34, 35, 36]","[30, 33, 34, 35, 36]",True,
CHEMBL231_Ki,199,895,899,51,test,True,1.2999766158200936,38.0,"[[0, 0], [1, 1], [2, 2], [3, 5], [4, 6], [5, 7], [6, 8], [7, 9], [8, 10], [9, 11], [10, 12], [11, 13], [12, 14], [13, 15], [14, 16], [15, 17], [16, 18], [17, 19], [18, 35], [19, 34], [20, 22], [21, 23], [22, 24], [23, 25], [24, 26], [25, 27], [26, 33], [27, 32], [28, 31], [29, 30], [30, 29], [31, 28], [32, 21], [33, 20], [34, 36], [35, 37], [36, 38], [37, 39]]","[0, 1, 2, 3, 4, 37]","[0, 1, 2, 3, 4, 5, 6, 39]",True,
CHEMBL231_Ki,202,904,905,53,calibration,True,1.221848749616356,29.0,"[[0, 0], [1, 1], [2, 2], [3, 3], [4, 4], [5, 5], [6, 6], [7, 7], [8, 8], [9, 9], [10, 10], [11, 11], [12, 12], [13, 13], [14, 14], [15, 15], [16, 16], [17, 17], [18, 18], [20, 19], [21, 21], [22, 22], [23, 23], [24, 24], [25, 25], [26, 26], [27, 27], [28, 28], [29, 29]]","[17, 18, 19, 20]","[17, 18, 19, 20]",True,
CHEMBL231_Ki,205,935,936,54,calibration,True,1.2333236944030863,32.0,"[[0, 0], [1, 1], [2, 2], [3, 3], [4, 4], [5, 5], [6, 6], [7, 7], [8, 8], [9, 9], [10, 10], [11, 11], [12, 12], [13, 13], [14, 14], [15, 15], [16, 16], [17, 17], [18, 18], [19, 19], [20, 20], [21, 21], [22, 22], [23, 23], [24, 28], [25, 27], [26, 26], [27, 25], [28, 24], [29, 30], [30, 31], [31, 32]]","[14, 17, 18, 19, 29]","[14, 17, 18, 19, 29, 30]",True,
CHEMBL231_Ki,210,959,960,15,calibration,True,1.499913540778632,26.0,"[[0, 0], [1, 1], [2, 2], [3, 3], [4, 4], [5, 5], [6, 6], [7, 7], [8, 8], [9, 9], [10, 10], [11, 11], [12, 12], [13, 13], [14, 14], [15, 15], [16, 16], [17, 17], [18, 18], [19, 19], [20, 20], [21, 25], [22, 23], [23, 24], [24, 26], [25, 27]]","[19, 20, 21, 22, 23]","[19, 20, 21, 22, 23, 24, 25]",True,
CHEMBL233_Ki,17,32,35,1,test,True,3.6232492903979,32.0,"[[0, 0], [1, 1], [2, 2], [6, 9], [7, 37], [8, 36], [9, 12], [10, 13], [11, 14], [12, 15], [13, 16], [14, 17], [15, 18], [16, 19], [17, 20], [18, 21], [19, 22], [20, 23], [21, 24], [22, 29], [23, 28], [24, 27], [25, 26], [26, 25], [27, 30], [28, 31], [29, 32], [30, 33], [31, 34], [32, 35], [33, 11], [34, 10]]","[1, 2, 3, 4, 5]","[1, 2, 3, 4, 5, 6, 7, 8]",True,
CHEMBL233_Ki,51,53,80,5,calibration,True,2.5205869485007533,61.0,"[[0, 0], [1, 1], [2, 2], [3, 3], [4, 4], [5, 5], [6, 6], [7, 7], [8, 8], [9, 9], [10, 10], [11, 11], [12, 12], [13, 13], [14, 14], [15, 15], [16, 16], [17, 17], [18, 18], [19, 19], [23, 20], [24, 21], [25, 22], [26, 23], [27, 24], [28, 25], [29, 26], [30, 27], [31, 28], [32, 29], [33, 30], [34, 36], [35, 35], [36, 33], [37, 34], [38, 32], [39, 31], [40, 37], [41, 38], [42, 39], [43, 40], [44, 41], [45, 42], [46, 43], [47, 44], [48, 45], [49, 46], [50, 47], [51, 48], [52, 49], [53, 50], [54, 51], [55, 52], [56, 53], [57, 54], [58, 55], [59, 56], [60, 58], [61, 57], [62, 59], [64, 60]]","[17, 19, 20, 21, 22, 23, 24, 54, 62, 63, 64]","[17, 19, 20, 21, 51, 59, 60, 61]",True,
CHEMBL233_Ki,95,116,1946,13,test,True,2.5948983181504586,20.0,"[[0, 1], [1, 2], [3, 3], [4, 4], [5, 5], [6, 6], [7, 7], [8, 8], [9, 9], [10, 10], [11, 18], [12, 17], [13, 13], [14, 14], [15, 15], [16, 16], [17, 12], [18, 11], [19, 19], [20, 20]]","[0, 1, 2, 3, 4, 5, 6, 21, 22, 23, 24, 25, 26]","[0, 1, 2, 3, 4, 5, 6, 21, 22, 23, 24, 25, 26]",True,
CHEMBL233_Ki,97,155,1495,15,calibration,True,1.8538719643217616,19.0,"[[0, 0], [1, 1], [2, 2], [3, 3], [4, 4], [5, 5], [6, 6], [7, 7], [8, 8], [9, 9], [10, 10], [11, 11], [12, 12], [13, 13], [14, 14], [15, 17], [16, 18], [17, 19], [18, 20]]",[],"[13, 14, 15, 16, 17]",True,
CHEMBL233_Ki,101,156,1496,16,calibration,True,3.763910811269034,22.0,"[[0, 8], [1, 7], [2, 2], [3, 3], [4, 4], [5, 5], [6, 6], [7, 9], [8, 10], [9, 11], [10, 12], [11, 13], [12, 14], [13, 15], [14, 16], [15, 17], [16, 18], [17, 19], [18, 21], [19, 20], [20, 23], [21, 24]]","[16, 17, 18, 19]","[0, 1, 2, 3, 7, 18, 19, 20, 21, 22]",True,
CHEMBL233_Ki,110,164,170,18,test,True,1.2415583386282458,36.0,"[[0, 0], [1, 1], [2, 2], [3, 3], [4, 4], [5, 5], [6, 6], [7, 7], [8, 8], [9, 9], [10, 10], [11, 11], [12, 12], [13, 13], [14, 14], [15, 15], [16, 16], [17, 17], [18, 18], [19, 19], [20, 20], [21, 21], [22, 22], [23, 23], [24, 24], [25, 25], [26, 26], [28, 27], [29, 28], [30, 33], [31, 32], [32, 31], [33, 30], [34, 29], [35, 34], [36, 35]]","[25, 26, 27, 28]",[],True,
CHEMBL233_Ki,115,186,199,19,calibration,True,1.1013950216999264,29.0,"[[1, 1], [2, 2], [3, 3], [4, 4], [5, 5], [6, 6], [7, 7], [8, 8], [9, 9], [11, 11], [12, 12], [13, 13], [14, 14], [15, 15], [16, 16], [17, 17], [18, 29], [19, 28], [20, 20], [21, 21], [22, 22], [23, 23], [24, 24], [25, 25], [26, 26], [27, 27], [28, 19], [29, 18], [30, 30]]","[0, 1, 2, 8, 9, 10, 11, 12, 16, 17, 18, 29, 30]","[0, 1, 2, 8, 9, 10, 11, 12, 16, 17, 18, 29, 30]",True,
CHEMBL233_Ki,120,230,254,22,calibration,True,1.014891555401345,33.0,"[[0, 0], [1, 1], [2, 2], [3, 3], [4, 4], [5, 5], [6, 6], [7, 7], [8, 8], [9, 9], [10, 10], [12, 13], [13, 14], [14, 15], [15, 16], [16, 17], [17, 18], [18, 19], [19, 20], [20, 21], [21, 22], [22, 23], [23, 24], [24, 25], [25, 26], [26, 27], [27, 28], [28, 29], [29, 30], [30, 31], [31, 32], [32, 33], [33, 34]]","[9, 10, 11, 12, 13]","[9, 10, 11, 12, 13, 14]",True,
CHEMBL233_Ki,136,240,2898,24,test,True,1.845098040014257,32.0,"[[0, 0], [1, 1], [2, 2], [3, 3], [4, 4], [5, 5], [6, 7], [7, 8], [8, 9], [9, 10], [10, 11], [11, 12], [12, 13], [13, 14], [14, 15], [15, 16], [16, 17], [17, 19], [18, 26], [19, 31], [20, 30], [21, 29], [22, 28], [23, 27], [24, 20], [25, 21], [26, 22], [27, 23], [28, 24], [29, 25], [30, 32], [31, 33]]","[15, 16, 17, 18, 24]","[4, 5, 6, 7, 16, 17, 18, 19, 20, 26]",True,
CHEMBL233_Ki,169,277,3059,26,calibration,True,3.1760912590556813,22.0,"[[0, 0], [1, 1], [2, 2], [3, 3], [4, 4], [5, 5], [6, 7], [7, 8], [8, 9], [9, 10], [10, 11], [11, 12], [12, 13], [13, 14], [14, 15], [15, 16], [16, 17], [17, 23], [18, 21], [19, 20], [20, 19], [22, 18]]","[4, 5, 6, 7, 11, 19, 20, 21, 22]","[4, 5, 6, 7, 8, 12, 20, 21, 22, 23]",True,
CHEMBL233_Ki,172,283,297,28,calibration,True,1.0969100130080562,24.0,"[[2, 1], [3, 2], [4, 6], [5, 5], [6, 4], [7, 25], [8, 8], [9, 9], [10, 10], [11, 11], [12, 12], [13, 13], [14, 14], [15, 15], [16, 16], [17, 21], [18, 20], [19, 19], [20, 18], [21, 17], [22, 22], [23, 23], [24, 24], [25, 7]]","[0, 1, 2, 3, 4, 5, 25]","[0, 1, 2, 3, 4, 5, 25]",True,
CHEMBL233_Ki,177,307,2999,31,test,True,2.682746592372906,25.0,"[[0, 0], [1, 1], [2, 2], [3, 3], [4, 4], [5, 5], [6, 6], [7, 7], [8, 8], [9, 9], [10, 10], [11, 11], [12, 12], [13, 13], [14, 14], [15, 15], [16, 16], [17, 17], [18, 22], [19, 21], [20, 20], [21, 19], [22, 18], [23, 23], [24, 24]]","[11, 23, 24, 25]","[11, 23, 24, 25]",True,
CHEMBL233_Ki,181,310,327,32,calibration,True,2.0000109090436418,30.0,"[[0, 0], [1, 1], [2, 2], [3, 3], [4, 4], [5, 8], [6, 7], [7, 6], [8, 5], [9, 11], [10, 9], [11, 10], [12, 12], [13, 13], [14, 14], [15, 15], [16, 16], [17, 17], [18, 18], [19, 19], [20, 20], [21, 21], [22, 22], [23, 23], [24, 24], [25, 25], [26, 26], [27, 27], [28, 28], [29, 29]]","[3, 4, 5, 6, 10, 12]","[3, 4, 5, 6, 11, 12]",True,
CHEMBL233_Ki,183,314,933,33,test,True,1.1662205050293863,28.0,"[[0, 0], [1, 1], [2, 2], [3, 3], [4, 4], [5, 5], [6, 6], [7, 7], [8, 8], [9, 9], [10, 10], [11, 11], [12, 12], [13, 13], [14, 14], [15, 16], [16, 17], [17, 18], [18, 19], [19, 20], [20, 21], [21, 22], [22, 23], [23, 24], [24, 25], [25, 15], [26, 26], [27, 27]]","[13, 14, 15, 16, 25, 26]","[13, 14, 15, 16, 25, 26]",True,
CHEMBL233_Ki,193,349,1945,35,calibration,True,1.953003437323776,24.0,"[[0, 0], [1, 1], [2, 2], [3, 3], [4, 4], [5, 5], [12, 6], [13, 7], [14, 8], [15, 9], [16, 10], [17, 11], [18, 12], [19, 13], [20, 14], [21, 15], [22, 16], [23, 17], [24, 18], [25, 19], [26, 20], [27, 21], [28, 22], [29, 23]]","[4, 5, 6, 7, 8, 9, 10, 11, 12]",[],True,
CHEMBL233_Ki,203,373,374,37,calibration,True,2.6614850397413337,29.0,"[[0, 0], [1, 1], [2, 2], [3, 3], [4, 4], [5, 11], [6, 12], [7, 13], [8, 14], [9, 15], [10, 16], [11, 17], [12, 18], [13, 19], [14, 20], [15, 21], [16, 22], [17, 23], [18, 24], [19, 25], [20, 26], [21, 27], [22, 28], [23, 29], [24, 30], [25, 31], [26, 32], [27, 33], [28, 34]]","[2, 4, 5, 6, 15]","[2, 4, 5, 6, 7, 8, 9, 10, 11, 12, 21]",True,
CHEMBL233_Ki,211,444,451,41,test,True,1.7815322148151571,27.0,"[[0, 0], [1, 1], [2, 2], [3, 3], [4, 9], [5, 8], [6, 7], [7, 6], [8, 5], [9, 10], [10, 11], [11, 12], [12, 13], [13, 14], [14, 15], [15, 16], [16, 17], [17, 18], [18, 19], [19, 20], [20, 21], [21, 22], [22, 23], [23, 24], [24, 25], [25, 26], [26, 27]]","[1, 3, 4, 5, 9]","[1, 3, 4, 5, 6, 10]",True,
CHEMBL233_Ki,216,462,468,44,test,True,3.647916173965396,35.0,"[[3, 1], [4, 0], [5, 3], [6, 4], [7, 5], [8, 6], [9, 7], [10, 8], [11, 9], [12, 10], [13, 11], [14, 12], [15, 13], [16, 14], [17, 15], [18, 16], [19, 17], [20, 18], [21, 19], [22, 20], [23, 21], [24, 22], [25, 23], [26, 30], [27, 35], [28, 34], [29, 33], [30, 32], [31, 31], [32, 24], [33, 25], [34, 26], [35, 27], [36, 28], [37, 29]]","[0, 1, 2, 3, 4, 5]","[0, 1, 2, 3]",True,
CHEMBL233_Ki,217,463,466,43,calibration,True,3.4784353086174957,35.0,"[[1, 2], [2, 1], [3, 0], [4, 3], [5, 4], [6, 5], [7, 6], [8, 7], [9, 8], [10, 9], [11, 10], [12, 11], [13, 12], [14, 13], [15, 14], [16, 15], [17, 16], [18, 17], [19, 18], [20, 19], [21, 20], [22, 21], [23, 22], [24, 29], [25, 34], [26, 33], [27, 32], [28, 31], [29, 30], [30, 23], [31, 24], [32, 25], [33, 26], [34, 27], [35, 28]]","[0, 1, 2]",[],True,
CHEMBL233_Ki,218,464,467,45,test,True,3.802922379916706,32.0,"[[1, 2], [2, 1], [3, 0], [4, 3], [5, 4], [6, 5], [7, 6], [8, 7], [9, 8], [10, 9], [11, 10], [12, 11], [13, 12], [14, 13], [15, 14], [16, 15], [17, 16], [18, 17], [19, 18], [20, 19], [21, 26], [22, 31], [23, 30], [24, 29], [25, 28], [26, 27], [27, 20], [28, 21], [29, 22], [30, 23], [31, 24], [32, 25]]","[0, 1, 2]",[],True,
CHEMBL233_Ki,224,475,481,47,test,True,1.1040048297726566,17.0,"[[1, 1], [2, 2], [3, 3], [4, 4], [5, 5], [6, 6], [7, 7], [8, 8], [9, 9], [10, 10], [11, 11], [12, 12], [13, 13], [14, 14], [15, 15], [16, 17], [17, 16]]","[0, 1, 2]","[0, 1, 2]",True,
CHEMBL233_Ki,231,487,1097,48,test,True,2.982854570241982,29.0,"[[0, 0], [1, 1], [2, 2], [3, 3], [4, 4], [5, 5], [6, 6], [8, 8], [9, 9], [13, 16], [14, 17], [15, 18], [16, 19], [17, 20], [18, 21], [19, 22], [20, 23], [21, 24], [22, 25], [23, 26], [24, 27], [25, 28], [26, 29], [27, 30], [28, 31], [29, 32], [30, 33], [31, 34], [32, 35]]","[5, 6, 7, 8, 9, 10, 11, 12, 13]","[5, 6, 7, 8, 9, 10, 11, 12, 13, 14, 15, 16]",True,
CHEMBL233_Ki,270,517,2218,50,test,True,1.3903428269215166,24.0,"[[0, 0], [1, 1], [2, 3], [3, 4], [4, 5], [5, 6], [6, 7], [7, 8], [8, 9], [9, 10], [10, 11], [11, 12], [12, 13], [13, 14], [15, 15], [16, 16], [17, 17], [18, 18], [19, 19], [20, 20], [21, 21], [22, 23], [23, 22], [24, 24]]","[0, 1, 2, 3, 11, 13, 14, 15, 24]","[0, 1, 2, 3, 4, 24]",True,
CHEMBL233_Ki,290,555,568,52,test,True,1.6690067809585756,23.0,"[[2, 0], [3, 1], [4, 2], [5, 3], [6, 4], [7, 5], [8, 6], [9, 7], [10, 8], [11, 9], [12, 10], [13, 11], [14, 12], [15, 13], [16, 14], [17, 15], [18, 16], [19, 18], [20, 23], [21, 22], [22, 21], [23, 20], [24, 19]]","[0, 1, 2, 3, 17, 18, 19, 20, 24]","[15, 16, 17, 18, 19, 23]",True,
CHEMBL233_Ki,297,602,635,53,test,True,1.2230878217319052,33.0,"[[0, 0], [1, 1], [2, 2], [3, 3], [4, 4], [5, 5], [6, 6], [7, 7], [8, 8], [9, 9], [10, 10], [11, 11], [12, 12], [13, 13], [14, 14], [15, 15], [16, 16], [17, 17], [18, 18], [20, 24], [21, 26], [22, 27], [23, 21], [24, 20], [25, 22], [26, 23], [27, 28], [28, 29], [29, 30], [30, 31], [31, 35], [32, 36], [33, 37]]","[16, 18, 19, 20, 21, 26]","[16, 18, 19, 20, 21, 23, 24, 25, 26, 30, 31, 32, 33, 34]",True,
CHEMBL233_Ki,321,617,620,54,test,True,2.5263392773898445,28.0,"[[0, 0], [1, 1], [2, 2], [3, 3], [4, 4], [5, 5], [6, 6], [7, 7], [8, 8], [9, 9], [10, 10], [14, 13], [15, 12], [16, 11], [17, 16], [18, 15], [19, 14], [20, 17], [21, 18], [22, 19], [23, 20], [24, 21], [25, 22], [26, 23], [27, 24], [28, 25], [29, 27], [30, 26]]","[8, 10, 11, 12, 13, 14, 15, 19]","[8, 10, 11, 12, 16]",True,
CHEMBL233_Ki,396,659,664,55,calibration,True,2.6989700043360187,26.0,"[[0, 0], [1, 1], [2, 2], [3, 3], [4, 4], [5, 5], [6, 6], [7, 7], [8, 8], [9, 9], [10, 10], [11, 11], [15, 12], [16, 14], [17, 15], [18, 16], [19, 17], [20, 18], [21, 19], [22, 20], [23, 21], [24, 22], [25, 23], [26, 24], [27, 25], [28, 26]]","[10, 11, 12, 13, 14, 15]","[11, 12, 13, 14]",True,
CHEMBL233_Ki,418,698,703,57,test,True,2.49008623188403,26.0,"[[1, 0], [2, 1], [3, 2], [4, 3], [5, 4], [6, 5], [7, 6], [8, 7], [9, 8], [10, 9], [11, 10], [12, 11], [13, 15], [14, 16], [15, 17], [16, 18], [17, 19], [18, 20], [19, 21], [20, 22], [21, 23], [22, 24], [23, 25], [24, 26], [25, 27], [26, 28]]","[0, 1, 2]","[10, 11, 12, 13, 14]",True,
CHEMBL233_Ki,429,712,1491,59,calibration,True,1.549671921868276,30.0,"[[0, 0], [1, 1], [2, 2], [3, 3], [4, 4], [5, 5], [6, 6], [7, 7], [8, 8], [10, 10], [11, 11], [12, 12], [13, 13], [14, 14], [15, 15], [16, 16], [17, 17], [18, 18], [19, 19], [20, 20], [21, 21], [22, 22], [23, 23], [24, 24], [25, 25], [26, 26], [27, 28], [28, 27], [29, 29], [30, 30]]","[0, 1, 2, 9, 10, 11, 15]","[0, 1, 2, 9, 10, 11, 15]",True,
CHEMBL233_Ki,541,775,778,63,calibration,True,1.1676907170292503,37.0,"[[2, 27], [3, 31], [4, 32], [5, 24], [6, 23], [7, 22], [8, 20], [9, 21], [10, 19], [11, 18], [12, 17], [13, 16], [14, 15], [15, 14], [16, 13], [17, 10], [18, 11], [19, 12], [20, 9], [21, 8], [22, 7], [23, 2], [24, 1], [25, 0], [26, 3], [27, 4], [28, 5], [29, 6], [30, 39], [31, 38], [32, 37], [33, 35], [34, 36], [35, 33], [36, 34], [37, 25], [38, 26]]","[0, 1, 2, 3, 38]","[26, 27, 28, 29, 30, 31]",True,
CHEMBL233_Ki,578,826,827,65,test,True,1.6869909401533016,22.0,"[[2, 2], [3, 1], [4, 3], [5, 4], [6, 5], [7, 6], [8, 7], [9, 8], [10, 9], [11, 10], [12, 11], [13, 12], [14, 13], [15, 14], [16, 15], [17, 20], [18, 19], [19, 18], [20, 17], [21, 16], [22, 21], [23, 22]]","[0, 1, 2, 3]","[0, 1, 2, 3]",True,
CHEMBL233_Ki,585,834,837,66,test,True,1.621883583354526,26.0,"[[3, 2], [4, 1], [5, 26], [6, 5], [7, 6], [8, 7], [9, 8], [10, 9], [11, 10], [12, 11], [13, 18], [14, 23], [15, 22], [16, 21], [17, 20], [18, 19], [19, 12], [20, 13], [21, 14], [22, 15], [23, 16], [24, 17], [25, 24], [26, 25], [27, 4], [28, 3]]","[0, 1, 2, 3, 4, 28]","[0, 1, 2, 26]",True,
CHEMBL233_Ki,601,852,854,67,test,True,3.139749482180833,25.0,"[[1, 0], [2, 1], [4, 3], [5, 4], [6, 5], [7, 6], [8, 7], [9, 8], [10, 9], [11, 10], [12, 11], [13, 12], [14, 13], [15, 14], [16, 15], [17, 16], [18, 21], [19, 20], [20, 19], [21, 18], [22, 17], [23, 22], [24, 23], [25, 24], [26, 25]]","[0, 1, 2, 3, 4]","[0, 1, 2, 3]",True,
CHEMBL233_Ki,630,864,867,69,calibration,True,1.9627205768968168,27.0,"[[0, 26], [1, 25], [2, 19], [3, 20], [4, 21], [5, 22], [6, 23], [7, 18], [8, 17], [9, 16], [10, 15], [11, 14], [12, 12], [13, 13], [14, 10], [15, 11], [16, 9], [17, 8], [18, 6], [19, 7], [20, 5], [21, 3], [22, 4], [23, 2], [24, 1], [25, 0], [26, 24]]","[4, 6, 7, 8, 26]","[17, 18, 19, 20, 25]",True,
CHEMBL233_Ki,666,930,932,75,calibration,True,1.2988130715958048,30.0,"[[0, 0], [1, 1], [2, 2], [3, 3], [4, 4], [5, 5], [6, 6], [7, 7], [8, 8], [9, 9], [10, 10], [11, 11], [12, 12], [13, 13], [14, 14], [15, 15], [16, 16], [17, 17], [18, 18], [19, 19], [20, 20], [21, 21], [22, 22], [23, 23], [24, 24], [25, 25], [27, 26], [28, 27], [29, 28], [30, 29]]","[24, 25, 26, 27]",[],True,
CHEMBL233_Ki,671,938,940,34,calibration,True,2.1204448881260403,27.0,"[[0, 0], [1, 1], [2, 2], [3, 3], [4, 4], [5, 5], [6, 6], [7, 7], [8, 8], [9, 9], [10, 10], [11, 11], [12, 12], [13, 13], [14, 14], [15, 15], [16, 17], [17, 18], [18, 19], [19, 20], [20, 21], [21, 22], [22, 23], [23, 24], [25, 25], [26, 26], [27, 27]]","[14, 15, 16, 17, 22, 23, 24, 25]","[14, 15, 16, 17, 18, 25]",True,
CHEMBL233_Ki,674,955,957,77,calibration,True,1.2078056722328876,26.0,"[[2, 0], [3, 1], [4, 2], [5, 3], [6, 4], [7, 5], [8, 6], [9, 7], [10, 8], [11, 9], [12, 10], [13, 11], [14, 12], [15, 13], [16, 14], [17, 15], [18, 16], [19, 17], [20, 18], [21, 19], [22, 20], [23, 25], [24, 24], [25, 23], [26, 22], [27, 21]]","[0, 1, 2, 3]",[],True,
CHEMBL233_Ki,675,960,963,74,test,True,1.6728877537667968,19.0,"[[0, 0], [1, 1], [2, 2], [3, 3], [4, 4], [5, 5], [6, 6], [7, 7], [8, 8], [9, 9], [10, 10], [11, 11], [12, 12], [13, 13], [14, 14], [15, 15], [16, 16], [23, 22], [24, 23]]","[15, 16, 17, 18, 19, 20, 21, 22]","[15, 16, 17, 18, 19, 20, 21]",True,
CHEMBL233_Ki,679,975,1130,78,test,True,2.089223184341765,38.0,"[[0, 0], [1, 1], [2, 2], [3, 3], [4, 4], [5, 5], [6, 6], [7, 7], [8, 8], [9, 9], [10, 10], [11, 11], [12, 12], [13, 13], [14, 14], [15, 15], [16, 16], [17, 17], [18, 18], [19, 19], [20, 20], [21, 21], [22, 22], [23, 23], [25, 24], [26, 25], [27, 26], [28, 27], [29, 28], [30, 29], [31, 30], [32, 36], [33, 35], [34, 33], [36, 32], [37, 31], [38, 37], [39, 39]]","[4, 21, 23, 24, 25, 33, 34, 35, 36, 38, 39, 40]","[4, 32, 33, 34, 35, 37, 38, 39]",True,
CHEMBL233_Ki,686,1000,1012,80,calibration,True,1.0552690886422127,25.0,"[[0, 0], [1, 1], [2, 2], [3, 3], [4, 4], [5, 5], [6, 6], [7, 7], [8, 8], [9, 9], [10, 10], [11, 11], [12, 12], [13, 13], [14, 14], [15, 15], [16, 17], [17, 18], [18, 19], [19, 20], [20, 21], [21, 22], [22, 23], [23, 24], [24, 25]]",[],"[13, 15, 16, 17]",True,
CHEMBL233_Ki,687,1002,1005,81,calibration,True,1.42021640338319,33.0,"[[1, 1], [2, 0], [3, 2], [4, 3], [5, 32], [6, 31], [7, 6], [8, 7], [9, 8], [10, 9], [11, 10], [12, 11], [13, 12], [14, 13], [15, 14], [16, 15], [17, 16], [18, 17], [19, 18], [20, 19], [21, 20], [22, 21], [23, 22], [24, 23], [25, 24], [26, 25], [27, 26], [28, 27], [29, 28], [30, 29], [31, 30], [32, 5], [33, 4]]","[0, 1, 2, 3, 4]",[],True,
CHEMBL233_Ki,691,1018,1860,83,calibration,True,1.151267675330649,29.0,"[[0, 0], [1, 1], [4, 2], [5, 3], [11, 9], [12, 10], [13, 11], [14, 12], [15, 13], [16, 14], [17, 15], [18, 16], [19, 17], [20, 18], [21, 19], [22, 20], [23, 21], [24, 22], [25, 23], [26, 24], [27, 25], [28, 26], [29, 27], [30, 28], [31, 29], [32, 31], [33, 30], [34, 32], [35, 33]]","[0, 1, 2, 3, 4, 5, 6, 7, 8, 9, 10, 11]","[0, 1, 2, 3, 4, 5, 6, 7, 8, 9]",True,
CHEMBL233_Ki,711,1032,1033,84,test,True,1.42860882843849,34.0,"[[0, 0], [1, 1], [2, 2], [3, 3], [4, 4], [5, 5], [6, 6], [7, 7], [8, 8], [9, 9], [10, 10], [11, 11], [12, 12], [13, 13], [14, 14], [15, 15], [16, 16], [17, 17], [18, 18], [19, 19], [21, 22], [22, 23], [23, 24], [24, 25], [25, 26], [26, 27], [27, 28], [28, 29], [29, 30], [30, 31], [31, 32], [32, 33], [33, 34], [34, 35]]","[18, 19, 20]","[18, 19, 20, 21]",True,
CHEMBL233_Ki,729,1086,1088,86,test,True,1.4128656866019336,22.0,"[[0, 0], [1, 1], [2, 2], [3, 3], [4, 4], [5, 5], [6, 6], [7, 7], [8, 8], [9, 9], [10, 10], [11, 11], [12, 12], [14, 13], [15, 14], [16, 15], [17, 16], [18, 17], [19, 18], [20, 19], [21, 20], [22, 21]]","[11, 12, 13]",[],True,
CHEMBL233_Ki,805,1146,1720,36,test,True,1.26884531229258,33.0,"[[0, 0], [1, 1], [2, 2], [3, 3], [4, 4], [5, 5], [6, 6], [7, 7], [8, 8], [9, 9], [10, 10], [11, 11], [12, 14], [13, 13], [14, 12], [15, 15], [16, 16], [17, 17], [18, 18], [19, 20], [20, 21], [24, 23], [25, 24], [26, 25], [27, 26], [28, 27], [29, 28], [30, 29], [31, 30], [32, 32], [33, 31], [34, 33], [35, 34]]","[19, 20, 21, 22, 23, 24]","[17, 18, 19, 20, 21, 22, 23]",True,
CHEMBL233_Ki,812,1157,1164,91,calibration,True,2.279035701957814,55.0,"[[0, 4], [1, 5], [2, 6], [3, 7], [4, 8], [5, 9], [6, 10], [7, 11], [8, 12], [9, 13], [10, 14], [11, 15], [12, 16], [13, 17], [14, 18], [16, 19], [17, 20], [18, 21], [19, 22], [20, 23], [22, 24], [23, 25], [24, 26], [25, 27], [26, 28], [27, 29], [28, 30], [29, 31], [30, 32], [31, 33], [32, 34], [33, 35], [34, 36], [35, 37], [36, 38], [37, 39], [38, 40], [39, 41], [40, 42], [41, 43], [42, 44], [43, 45], [44, 46], [45, 47], [46, 48], [47, 49], [48, 50], [49, 51], [50, 52], [51, 53], [52, 54], [53, 55], [54, 56], [55, 57], [56, 58]]","[13, 14, 15, 16, 19, 20, 21]","[0, 1, 2, 3, 4, 5]",True,
CHEMBL233_Ki,816,1167,1171,94,test,True,1.635300924466642,20.0,"[[0, 0], [1, 1], [2, 2], [3, 3], [4, 4], [5, 5], [6, 6], [7, 7], [8, 10], [12, 12], [13, 13], [14, 14], [15, 15], [16, 16], [17, 17], [18, 18], [19, 19], [20, 20], [21, 22], [22, 21]]","[6, 8, 9, 10, 11, 12]","[6, 7, 8, 9, 10, 11, 12]",True,
CHEMBL233_Ki,819,1180,1322,93,calibration,True,2.739087227544003,19.0,"[[0, 0], [1, 1], [2, 2], [3, 3], [4, 4], [5, 5], [6, 6], [12, 10], [13, 11], [14, 12], [15, 13], [16, 14], [17, 15], [18, 16], [19, 17], [20, 18], [21, 19], [22, 21], [23, 20]]","[5, 6, 7, 8, 9, 10, 11, 12, 13]","[5, 6, 7, 8, 9, 10, 11]",True,
CHEMBL233_Ki,871,1210,1641,98,test,True,1.1789769472931697,30.0,"[[0, 1], [1, 2], [2, 3], [3, 4], [4, 5], [5, 6], [6, 7], [7, 8], [8, 9], [9, 10], [10, 11], [11, 12], [12, 14], [15, 16], [16, 17], [17, 18], [18, 19], [19, 20], [20, 21], [21, 22], [22, 23], [23, 24], [24, 25], [25, 26], [26, 27], [27, 28], [28, 29], [29, 30], [30, 31], [31, 32]]","[11, 12, 13, 14, 15]","[0, 1, 2, 11, 12, 13, 14, 15, 16]",True,
CHEMBL233_Ki,873,1214,1307,100,test,True,1.0578671317786954,32.0,"[[0, 1], [1, 3], [3, 4], [4, 5], [5, 6], [6, 7], [7, 8], [8, 9], [9, 10], [10, 11], [11, 12], [12, 13], [13, 14], [14, 15], [15, 16], [16, 17], [17, 18], [18, 19], [19, 20], [20, 21], [21, 22], [22, 23], [23, 24], [24, 25], [25, 26], [26, 27], [27, 28], [28, 29], [29, 30], [30, 31], [31, 32], [32, 33]]","[0, 1, 2, 3]","[0, 1, 2, 3]",True,
CHEMBL233_Ki,933,1275,1312,99,test,True,2.12246793543713,32.0,"[[1, 2], [2, 3], [3, 4], [4, 5], [5, 6], [6, 9], [7, 8], [8, 11], [9, 12], [10, 13], [11, 14], [12, 15], [13, 16], [14, 17], [15, 18], [16, 19], [17, 20], [18, 21], [19, 22], [20, 23], [21, 24], [22, 25], [23, 26], [24, 27], [25, 28], [26, 29], [27, 30], [28, 31], [29, 32], [30, 33], [31, 34], [32, 35]]","[0, 1, 2, 4, 5, 6, 7, 8, 9, 14, 32]","[0, 1, 2, 3, 5, 6, 7, 8, 9, 10, 11, 12, 17, 35]",True,
CHEMBL233_Ki,954,1324,1331,103,calibration,True,1.9593723043812237,31.0,"[[0, 2], [1, 3], [2, 4], [3, 5], [4, 6], [5, 7], [6, 8], [7, 9], [8, 10], [9, 11], [10, 12], [11, 13], [12, 14], [13, 15], [14, 16], [15, 17], [16, 18], [17, 19], [18, 20], [19, 21], [20, 22], [21, 23], [22, 28], [23, 27], [24, 26], [25, 25], [26, 24], [27, 29], [28, 30], [29, 31], [30, 32]]",[],"[0, 1, 2, 3]",True,
CHEMBL233_Ki,988,1406,1412,107,test,True,1.364783429128244,29.0,"[[1, 2], [2, 3], [3, 4], [4, 5], [5, 6], [6, 7], [7, 8], [8, 9], [9, 10], [10, 11], [11, 12], [12, 13], [13, 14], [14, 15], [15, 16], [16, 17], [17, 18], [18, 19], [19, 20], [20, 21], [21, 22], [22, 23], [23, 24], [24, 25], [25, 26], [26, 27], [27, 28], [28, 29], [29, 1]]","[0, 1, 2, 29]","[0, 1, 2, 29]",True,
CHEMBL233_Ki,995,1426,1427,109,calibration,True,1.1890562362200487,24.0,"[[0, 0], [1, 1], [2, 2], [3, 3], [4, 4], [5, 5], [6, 6], [7, 7], [10, 9], [11, 10], [12, 11], [13, 12], [14, 17], [15, 16], [16, 15], [17, 14], [18, 13], [19, 18], [20, 19], [21, 20], [22, 21], [23, 22], [24, 23], [25, 24]]","[5, 7, 8, 9, 10, 11, 26]","[5, 7, 8, 9, 10, 25, 26]",True,
CHEMBL233_Ki,996,1434,2024,110,calibration,True,1.5313119128172,25.0,"[[0, 0], [1, 1], [2, 2], [3, 3], [4, 4], [5, 5], [6, 6], [8, 8], [9, 9], [10, 10], [11, 11], [12, 12], [13, 13], [14, 15], [15, 16], [16, 17], [17, 18], [18, 19], [19, 20], [20, 21], [21, 22], [22, 23], [23, 24], [24, 25], [25, 26]]","[5, 6, 7, 8, 9, 12, 13, 14, 15]","[5, 6, 7, 8, 9, 12, 13, 14, 15, 16]",True,
CHEMBL233_Ki,1008,1464,1468,112,test,True,1.976441689378844,37.0,"[[0, 0], [1, 1], [2, 2], [3, 3], [4, 4], [5, 5], [6, 6], [7, 7], [8, 8], [9, 9], [10, 10], [11, 11], [12, 12], [13, 21], [14, 16], [15, 15], [16, 14], [18, 17], [19, 18], [20, 19], [21, 20], [22, 13], [23, 22], [24, 23], [25, 24], [26, 25], [27, 26], [28, 27], [29, 32], [30, 31], [31, 30], [32, 29], [33, 28], [34, 33], [35, 34], [36, 35], [37, 36]]","[15, 16, 17, 18, 19, 20, 22]","[15, 16, 17, 18, 19, 21]",True,
CHEMBL233_Ki,1073,1482,1782,113,test,True,2.5627502573180294,30.0,"[[0, 0], [1, 1], [2, 2], [3, 3], [4, 4], [5, 5], [6, 7], [7, 9], [8, 10], [9, 11], [10, 12], [11, 13], [12, 14], [13, 15], [14, 16], [15, 17], [16, 18], [17, 19], [18, 20], [19, 21], [20, 22], [21, 23], [22, 24], [23, 25], [24, 27], [25, 26], [26, 29], [27, 30], [28, 31], [29, 32]]","[4, 5, 6, 7, 22, 23, 24, 25, 28]","[4, 5, 6, 7, 8, 9, 24, 25, 26, 27, 28, 31]",True,
CHEMBL233_Ki,1092,1488,1494,115,calibration,True,1.6167832481486712,31.0,"[[0, 0], [1, 1], [2, 2], [3, 3], [4, 4], [5, 5], [6, 6], [7, 7], [8, 8], [9, 9], [11, 11], [12, 12], [13, 13], [14, 14], [15, 15], [16, 16], [17, 17], [18, 18], [19, 19], [20, 20], [21, 21], [22, 22], [23, 23], [24, 24], [25, 25], [26, 26], [27, 27], [28, 29], [29, 28], [30, 31], [31, 32]]","[0, 1, 2, 10, 11, 12, 16, 26, 27, 28, 29]","[0, 1, 2, 10, 11, 12, 16, 26, 27, 28, 29, 30]",True,
CHEMBL233_Ki,1142,1555,1932,117,test,True,1.049687784189108,22.0,"[[0, 0], [1, 1], [2, 2], [3, 3], [4, 4], [5, 5], [6, 6], [7, 7], [8, 8], [9, 9], [10, 10], [11, 11], [12, 12], [13, 13], [14, 14], [15, 15], [16, 17], [17, 18], [19, 19], [20, 20], [21, 21], [22, 22]]","[16, 17, 18, 19]","[14, 15, 16, 17]",True,
CHEMBL233_Ki,1143,1557,1934,118,calibration,True,3.0672568892381493,20.0,"[[0, 0], [1, 1], [2, 2], [3, 3], [4, 4], [5, 5], [6, 6], [7, 7], [8, 9], [9, 8], [10, 10], [11, 11], [12, 12], [13, 18], [14, 16], [15, 17], [16, 15], [17, 14], [18, 13], [19, 19]]","[11, 12, 13, 14, 19]","[11, 12, 13, 14, 19]",True,
CHEMBL233_Ki,1161,1584,1588,119,calibration,True,1.2904468510535594,28.0,"[[0, 0], [1, 1], [2, 2], [3, 3], [4, 4], [5, 5], [6, 6], [7, 7], [8, 8], [9, 9], [10, 10], [11, 11], [12, 12], [13, 13], [14, 19], [15, 18], [16, 17], [17, 16], [18, 15], [19, 14], [20, 23], [21, 24], [22, 25], [23, 26], [24, 27], [25, 28], [26, 29], [27, 30]]","[12, 13, 14, 15, 19]","[12, 13, 14, 18, 19, 20, 21, 22]",True,
CHEMBL233_Ki,1165,1594,1597,120,calibration,True,1.257873078633832,32.0,"[[0, 0], [1, 1], [2, 2], [3, 3], [4, 4], [5, 5], [6, 6], [7, 7], [8, 8], [9, 9], [10, 10], [11, 11], [12, 12], [13, 13], [14, 14], [15, 15], [16, 16], [17, 17], [18, 18], [19, 23], [20, 22], [21, 21], [22, 20], [23, 19], [26, 24], [27, 25], [28, 26], [29, 27], [30, 28], [31, 29], [32, 30], [33, 31]]","[14, 18, 19, 20, 21, 22, 23, 24, 25]","[14, 17, 18, 19, 20, 21, 22, 23]",True,
CHEMBL233_Ki,1173,1613,1615,122,test,True,1.099990765495856,24.0,"[[1, 3], [2, 2], [3, 4], [4, 5], [5, 6], [6, 7], [7, 8], [8, 9], [9, 10], [10, 11], [11, 12], [12, 13], [13, 14], [14, 15], [15, 16], [16, 17], [17, 18], [18, 19], [19, 20], [20, 21], [21, 22], [22, 23], [23, 24], [24, 25]]","[0, 1, 2, 3]","[0, 1, 2, 3]",True,
CHEMBL233_Ki,1177,1645,1668,124,test,True,1.4494498281218036,25.0,"[[0, 1], [1, 3], [2, 4], [3, 5], [4, 6], [5, 7], [6, 8], [7, 9], [8, 10], [9, 11], [10, 12], [11, 13], [12, 14], [13, 15], [14, 16], [15, 17], [16, 18], [17, 19], [18, 20], [19, 21], [20, 22], [21, 23], [22, 24], [23, 25], [24, 26]]",[],"[0, 1, 2, 3]",True,
CHEMBL233_Ki,1188,1654,1657,126,calibration,True,1.8262884426896733,25.0,"[[8, 4], [9, 5], [10, 6], [11, 7], [12, 8], [13, 9], [14, 10], [15, 11], [16, 12], [17, 13], [18, 14], [19, 15], [20, 16], [21, 17], [22, 18], [23, 19], [24, 20], [25, 21], [26, 22], [27, 23], [28, 24], [29, 25], [30, 26], [31, 28], [32, 27]]","[0, 1, 2, 3, 4, 5, 6, 7, 8, 9, 33]","[0, 1, 2, 3, 4, 5, 29, 30]",True,
CHEMBL233_Ki,1198,1709,1712,129,calibration,True,1.5318063158379358,28.0,"[[0, 0], [1, 1], [2, 2], [3, 3], [4, 4], [5, 5], [6, 6], [7, 7], [8, 8], [9, 9], [10, 10], [11, 11], [12, 12], [13, 17], [14, 16], [15, 15], [16, 14], [17, 13], [18, 18], [19, 19], [20, 20], [21, 21], [22, 22], [23, 23], [24, 24], [25, 25], [26, 26], [27, 27]]","[12, 16, 17, 18, 19, 20, 21]","[12, 16, 17, 18, 19, 20, 21]",True,
CHEMBL233_Ki,1215,1810,1812,132,test,True,1.0601872059833155,36.0,"[[0, 7], [1, 6], [2, 5], [3, 3], [4, 4], [5, 2], [6, 1], [7, 0], [8, 8], [9, 9], [10, 10], [11, 11], [12, 12], [13, 13], [14, 14], [16, 15], [17, 16], [18, 17], [19, 18], [20, 19], [21, 20], [22, 21], [23, 22], [24, 23], [25, 24], [26, 25], [27, 26], [28, 27], [29, 28], [30, 29], [31, 30], [32, 31], [33, 32], [34, 33], [35, 34], [36, 35]]","[12, 14, 15, 16]",[],True,
CHEMBL233_Ki,1249,1830,1902,134,test,True,2.6288646954605754,45.0,"[[0, 0], [1, 1], [2, 2], [4, 3], [5, 5], [6, 6], [7, 7], [8, 8], [9, 9], [10, 10], [11, 11], [12, 12], [13, 13], [14, 14], [15, 15], [16, 16], [17, 17], [18, 18], [19, 19], [20, 20], [21, 21], [22, 22], [23, 23], [24, 24], [25, 25], [26, 26], [27, 27], [28, 28], [29, 29], [30, 30], [31, 31], [32, 32], [33, 33], [34, 40], [35, 39], [36, 37], [37, 38], [38, 36], [39, 34], [40, 42], [41, 47], [42, 46], [43, 45], [45, 44], [46, 43]]","[1, 2, 3, 4, 42, 43, 44, 45]","[1, 2, 3, 4, 33, 34, 35, 36, 39, 40, 41]",True,
CHEMBL233_Ki,1313,1897,1899,140,test,True,1.1641920357559732,33.0,"[[0, 0], [1, 1], [2, 2], [3, 3], [4, 4], [5, 5], [6, 6], [7, 7], [8, 8], [9, 9], [10, 10], [11, 11], [12, 12], [13, 13], [14, 14], [15, 15], [17, 17], [18, 16], [19, 18], [20, 19], [21, 20], [22, 21], [24, 22], [25, 23], [26, 24], [27, 25], [28, 26], [29, 27], [30, 28], [31, 29], [32, 30], [33, 31], [34, 32]]","[13, 14, 15, 16, 17, 18, 21, 22, 23, 24]","[13, 14, 15, 16, 17]",True,
CHEMBL233_Ki,1325,1914,2096,141,test,True,1.3411871338098988,34.0,"[[0, 0], [1, 1], [2, 2], [3, 3], [4, 4], [5, 5], [6, 6], [7, 7], [8, 8], [9, 9], [10, 12], [11, 13], [12, 14], [13, 15], [14, 16], [15, 11], [16, 17], [17, 18], [18, 19], [19, 20], [20, 21], [21, 22], [22, 23], [23, 24], [24, 25], [25, 26], [26, 28], [27, 29], [28, 30], [29, 31], [30, 27], [31, 32], [32, 33], [33, 34]]","[8, 9, 10, 11, 15, 24, 25, 26, 27, 28, 29, 30]","[8, 9, 10, 11, 12, 16, 22, 26, 27, 28, 29, 30, 31]",True,
CHEMBL233_Ki,1334,1940,2412,12,calibration,True,3.1159450789628487,24.0,"[[1, 2], [2, 3], [3, 4], [4, 5], [5, 6], [6, 19], [7, 18], [8, 9], [9, 10], [10, 17], [11, 16], [12, 15], [13, 14], [14, 13], [15, 12], [16, 11], [17, 8], [18, 7], [19, 20], [20, 21], [21, 22], [22, 23], [23, 24], [24, 25]]","[0, 1, 2, 19, 23, 24]","[0, 1, 2, 3, 20, 24, 25, 26]",True,
CHEMBL233_Ki,1337,1980,1982,58,calibration,True,2.052852307325276,27.0,"[[0, 1], [1, 3], [2, 4], [3, 5], [4, 6], [5, 7], [6, 8], [7, 9], [8, 10], [9, 11], [10, 12], [11, 13], [12, 14], [13, 15], [14, 16], [15, 17], [17, 18], [18, 19], [19, 20], [20, 21], [21, 22], [22, 23], [23, 24], [24, 25], [25, 27], [26, 26], [27, 28]]","[14, 15, 16]","[0, 1, 2, 3]",True,
CHEMBL233_Ki,1350,2052,2059,145,calibration,True,1.8916246019321048,34.0,"[[0, 0], [1, 1], [2, 2], [3, 3], [4, 4], [5, 5], [6, 6], [7, 7], [8, 8], [9, 9], [10, 10], [11, 11], [12, 13], [13, 14], [14, 15], [15, 16], [16, 17], [17, 18], [18, 19], [19, 20], [20, 21], [21, 22], [22, 27], [23, 26], [24, 25], [25, 24], [26, 23], [27, 28], [28, 29], [29, 30], [30, 31], [31, 32], [32, 33], [33, 34]]",[],"[10, 11, 12, 13]",True,
CHEMBL233_Ki,1362,2083,2095,142,test,True,1.4771212547196615,35.0,"[[0, 0], [1, 1], [2, 2], [3, 3], [4, 4], [5, 5], [6, 6], [7, 7], [8, 8], [9, 9], [10, 10], [13, 16], [14, 11], [15, 12], [16, 13], [17, 14], [18, 15], [19, 17], [20, 18], [21, 19], [22, 20], [23, 21], [24, 22], [25, 23], [26, 24], [27, 25], [28, 27], [29, 28], [30, 29], [31, 30], [32, 26], [33, 31], [34, 32], [35, 33], [36, 34]]","[9, 10, 11, 12, 13, 14, 18, 26, 27, 28, 29, 30, 31, 32]","[9, 10, 11, 12, 16, 25, 26, 27, 28, 29, 30, 31]",True,
CHEMBL233_Ki,1401,2130,2634,62,calibration,True,3.961507033665933,26.0,"[[0, 0], [1, 1], [2, 2], [3, 3], [4, 4], [5, 5], [6, 6], [7, 7], [8, 8], [9, 9], [10, 10], [11, 11], [12, 12], [13, 13], [14, 14], [15, 15], [16, 16], [17, 17], [18, 18], [19, 19], [20, 20], [21, 21], [22, 22], [23, 23], [24, 24], [33, 31]]","[23, 24, 25, 26, 27, 28, 29, 30, 31, 32]","[23, 24, 25, 26, 27, 28, 29, 30]",True,
CHEMBL233_Ki,1626,2344,2390,153,calibration,True,1.4573686372262786,33.0,"[[0, 3], [1, 4], [2, 5], [3, 6], [4, 7], [5, 8], [6, 9], [7, 10], [8, 11], [9, 12], [10, 13], [11, 14], [12, 15], [13, 16], [14, 17], [15, 23], [16, 22], [17, 21], [18, 20], [19, 19], [20, 18], [21, 24], [22, 25], [23, 26], [24, 27], [25, 28], [26, 29], [27, 30], [28, 31], [29, 32], [30, 33], [31, 34], [32, 35]]",[],"[0, 1, 2, 3, 4]",True,
CHEMBL233_Ki,1648,2356,2384,152,test,True,2.3886943840011163,29.0,"[[0, 0], [1, 1], [4, 3], [5, 4], [6, 5], [7, 6], [8, 7], [9, 8], [10, 9], [11, 10], [12, 11], [13, 12], [14, 13], [15, 14], [16, 15], [17, 17], [18, 18], [19, 19], [20, 20], [21, 21], [22, 28], [23, 27], [24, 26], [25, 25], [26, 24], [27, 23], [28, 22], [29, 29], [30, 30]]","[0, 1, 2, 3, 4, 15, 16, 17, 18]","[0, 1, 2, 3, 14, 15, 16, 17, 18]",True,
CHEMBL233_Ki,1666,2392,2508,157,calibration,True,1.1124863128662348,37.0,"[[0, 2], [1, 1], [2, 3], [3, 4], [4, 5], [5, 6], [6, 7], [7, 8], [8, 9], [9, 10], [10, 11], [11, 12], [12, 13], [13, 14], [14, 15], [15, 16], [16, 17], [17, 18], [18, 19], [19, 26], [20, 25], [21, 23], [22, 22], [23, 21], [24, 20], [25, 27], [26, 28], [27, 29], [28, 30], [29, 31], [30, 32], [31, 33], [32, 34], [33, 35], [34, 36], [35, 37], [36, 38]]","[0, 1, 2, 3, 4, 5, 19, 20, 21, 22, 25]","[0, 1, 2, 3, 4, 5, 6, 22, 23, 24, 25, 26, 27]",True,
CHEMBL233_Ki,1670,2417,2422,159,test,True,1.0867826207173223,28.0,"[[0, 28], [1, 27], [2, 4], [3, 3], [4, 2], [5, 1], [7, 5], [8, 6], [9, 7], [10, 8], [11, 9], [12, 10], [13, 11], [14, 12], [15, 13], [16, 14], [17, 15], [18, 16], [19, 17], [20, 24], [21, 23], [22, 22], [23, 21], [24, 20], [25, 19], [26, 18], [27, 25], [28, 26]]","[4, 5, 6]","[0, 1, 2]",True,
CHEMBL233_Ki,1683,2518,2697,163,test,True,1.410555258170792,33.0,"[[0, 0], [1, 1], [2, 2], [3, 3], [4, 4], [5, 5], [6, 6], [7, 7], [8, 8], [12, 14], [14, 12], [15, 10], [16, 11], [17, 9], [18, 21], [19, 22], [20, 23], [21, 24], [22, 25], [23, 26], [24, 27], [25, 28], [26, 29], [27, 30], [28, 31], [29, 32], [30, 33], [31, 34], [32, 35], [33, 37], [34, 36], [35, 38], [36, 39]]","[7, 8, 9, 10, 11, 12, 13, 14]","[7, 8, 9, 10, 12, 13, 14, 15, 16, 17, 18, 19, 20]",True,
CHEMBL233_Ki,1685,2520,2522,164,calibration,True,1.209366053991726,37.0,"[[0, 0], [1, 1], [2, 2], [3, 3], [4, 4], [5, 5], [6, 6], [7, 7], [8, 8], [9, 9], [10, 10], [11, 11], [12, 12], [13, 13], [20, 15], [21, 16], [22, 17], [23, 18], [24, 19], [25, 20], [26, 21], [27, 22], [28, 23], [29, 24], [30, 25], [31, 26], [32, 27], [33, 28], [34, 29], [35, 30], [36, 31], [37, 32], [38, 33], [39, 35], [40, 34], [41, 36], [42, 37]]","[12, 13, 14, 15, 16, 17, 18, 19]","[12, 13, 14]",True,
CHEMBL233_Ki,1754,2630,2632,167,test,True,1.5933337157650227,37.0,"[[0, 0], [1, 1], [2, 2], [3, 3], [4, 4], [5, 5], [6, 6], [7, 7], [8, 8], [9, 9], [10, 10], [11, 11], [12, 12], [13, 13], [14, 14], [15, 15], [16, 16], [17, 17], [18, 18], [19, 19], [20, 20], [21, 21], [22, 22], [23, 23], [24, 24], [25, 25], [26, 26], [27, 27], [28, 28], [29, 29], [30, 30], [31, 31], [32, 32], [33, 33], [34, 34], [35, 38], [36, 39]]",[],"[33, 34, 35, 36, 37]",True,
CHEMBL233_Ki,1875,2749,2750,172,calibration,True,1.3742619091984043,31.0,"[[0, 0], [1, 1], [2, 2], [3, 3], [4, 4], [5, 5], [6, 6], [7, 7], [8, 8], [9, 9], [10, 10], [11, 11], [12, 12], [13, 13], [15, 15], [16, 16], [17, 17], [18, 18], [19, 19], [20, 20], [21, 21], [22, 22], [23, 23], [24, 24], [25, 25], [26, 26], [27, 27], [28, 28], [29, 29], [30, 30], [31, 31]]","[12, 13, 14, 15]","[12, 13, 14, 15]",True,
CHEMBL233_Ki,1877,2759,2781,173,calibration,True,1.1299595379833507,25.0,"[[1, 19], [2, 20], [3, 21], [4, 22], [5, 12], [6, 13], [7, 18], [8, 17], [9, 16], [10, 15], [11, 14], [12, 24], [13, 25], [14, 3], [15, 4], [16, 5], [17, 6], [18, 7], [19, 8], [20, 9], [21, 1], [22, 0], [23, 2], [24, 10], [25, 11]]","[0, 1, 2, 3, 4, 5, 6, 12, 13, 24, 25]","[10, 11, 12, 13, 19, 20, 21, 22, 23, 24, 25]",True,
CHEMBL233_Ki,1881,2835,2844,176,calibration,True,1.5808706922580231,32.0,"[[0, 0], [1, 1], [2, 2], [3, 3], [4, 4], [5, 5], [6, 6], [7, 7], [9, 12], [10, 13], [11, 14], [12, 15], [13, 16], [14, 17], [15, 18], [16, 19], [17, 20], [18, 21], [19, 22], [20, 23], [21, 24], [22, 25], [23, 26], [24, 27], [25, 28], [26, 29], [27, 30], [28, 31], [29, 33], [30, 32], [31, 34], [32, 35]]","[6, 7, 8, 9]","[6, 7, 8, 9, 10, 11, 12]",True,
CHEMBL233_Ki,1884,2878,2879,177,test,True,1.0173860896757514,38.0,"[[0, 0], [1, 1], [2, 2], [3, 3], [4, 4], [5, 5], [6, 6], [7, 7], [8, 8], [9, 9], [10, 10], [11, 11], [12, 12], [13, 13], [14, 14], [15, 15], [16, 16], [17, 17], [18, 18], [19, 19], [20, 20], [21, 21], [22, 22], [23, 31], [24, 30], [25, 25], [26, 24], [27, 23], [28, 32], [29, 33], [30, 34], [31, 35], [32, 36], [33, 38], [34, 37], [35, 39], [36, 40], [37, 41]]",[],"[24, 25, 26, 27, 28, 29, 30]",True,
CHEMBL233_Ki,1909,2944,2960,179,calibration,True,2.491361693834272,22.0,"[[1, 0], [2, 1], [3, 2], [4, 3], [5, 4], [6, 5], [7, 6], [8, 7], [9, 8], [10, 9], [11, 10], [12, 11], [13, 12], [14, 13], [15, 14], [16, 15], [17, 16], [18, 17], [19, 18], [20, 19], [26, 25], [27, 26]]","[0, 1, 2, 19, 20, 21, 22, 23, 24, 25]","[18, 19, 20, 21, 22, 23, 24]",True,
CHEMBL233_Ki,1970,2984,2990,180,test,True,2.607901598556745,26.0,"[[0, 0], [1, 1], [2, 2], [3, 3], [4, 4], [5, 5], [6, 6], [7, 7], [8, 8], [9, 9], [10, 10], [11, 11], [12, 12], [13, 13], [14, 14], [15, 15], [16, 19], [17, 20], [18, 21], [19, 22], [20, 23], [21, 24], [22, 25], [23, 26], [24, 27], [25, 28]]",[],"[14, 15, 16, 17, 18]",True,
CHEMBL233_Ki,1985,3072,3073,182,test,True,2.5051499783199045,35.0,"[[0, 0], [1, 1], [2, 2], [3, 3], [4, 4], [5, 5], [6, 6], [7, 7], [8, 8], [9, 9], [10, 10], [11, 11], [12, 12], [13, 13], [14, 14], [15, 15], [16, 16], [17, 17], [18, 18], [19, 19], [20, 20], [21, 21], [22, 22], [23, 23], [24, 24], [25, 25], [26, 26], [27, 27], [28, 28], [29, 29], [30, 30], [31, 31], [32, 32], [33, 33], [34, 34]]","[20, 21, 22, 23, 29]","[18, 20, 21, 22, 23, 29]",True,
CHEMBL233_Ki,1990,3078,3086,184,calibration,True,1.783290890036055,22.0,"[[0, 0], [1, 1], [2, 2], [3, 3], [4, 4], [5, 5], [6, 6], [7, 7], [8, 20], [9, 19], [10, 10], [11, 11], [12, 12], [13, 13], [14, 14], [15, 15], [16, 16], [17, 17], [18, 18], [19, 9], [20, 8], [21, 21]]",[],"[4, 7, 21, 22]",True,
CHEMBL233_Ki,2046,3107,3112,185,calibration,True,1.5529665689977268,43.0,"[[1, 7], [2, 6], [3, 5], [4, 4], [5, 3], [7, 8], [8, 9], [9, 10], [10, 11], [11, 12], [12, 13], [13, 14], [14, 15], [15, 16], [16, 17], [17, 18], [18, 19], [19, 20], [20, 21], [21, 26], [22, 25], [23, 24], [24, 23], [25, 22], [26, 27], [27, 28], [28, 29], [29, 30], [30, 31], [31, 32], [32, 33], [33, 34], [34, 35], [35, 36], [36, 37], [37, 38], [38, 39], [39, 40], [40, 41], [41, 43], [42, 42], [43, 44], [44, 45]]","[0, 1, 2, 4, 5, 6, 7]","[0, 1, 2, 3, 4, 8]",True,
CHEMBL234_Ki,2,5,6,0,calibration,True,2.2762064119389507,32.0,"[[0, 0], [1, 1], [2, 2], [4, 3], [5, 4], [6, 5], [7, 6], [8, 7], [9, 8], [10, 9], [11, 10], [12, 11], [13, 12], [14, 13], [15, 14], [16, 15], [17, 16], [18, 17], [19, 18], [20, 19], [21, 20], [22, 21], [23, 22], [24, 23], [25, 24], [26, 25], [27, 32], [28, 27], [29, 28], [30, 29], [31, 30], [32, 31]]","[1, 2, 3, 4, 5, 23, 24, 25, 27, 31, 32]","[1, 2, 3, 4, 20, 24, 25, 26, 27, 28, 32]",True,
CHEMBL234_Ki,34,62,76,8,test,True,1.222869418668763,23.0,"[[0, 0], [1, 1], [2, 2], [3, 3], [4, 4], [5, 5], [6, 6], [7, 7], [8, 9], [9, 8], [10, 21], [11, 12], [12, 13], [13, 14], [14, 15], [15, 16], [16, 17], [17, 18], [18, 19], [19, 20], [20, 11], [21, 10], [22, 22]]","[6, 7, 8, 9, 21, 22]","[6, 7, 8, 9, 21, 22]",True,
CHEMBL234_Ki,44,81,1103,9,test,True,1.5896062496339338,24.0,"[[0, 0], [1, 1], [2, 2], [3, 6], [4, 7], [5, 8], [6, 9], [7, 10], [8, 11], [9, 12], [10, 13], [11, 14], [12, 15], [13, 16], [14, 17], [15, 18], [16, 19], [17, 20], [18, 26], [19, 25], [20, 23], [21, 24], [22, 22], [23, 21]]","[1, 2, 3, 4]","[1, 2, 3, 4, 5, 6, 7]",True,
CHEMBL234_Ki,50,98,100,10,calibration,True,1.797487107532448,15.0,"[[1, 3], [2, 2], [3, 4], [4, 5], [5, 6], [6, 7], [7, 8], [8, 9], [9, 10], [10, 11], [11, 12], [12, 13], [13, 14], [14, 15], [15, 16]]","[0, 1, 2, 3]","[0, 1, 2, 3]",True,
CHEMBL234_Ki,51,105,114,11,test,True,1.6384315804479588,21.0,"[[0, 0], [1, 1], [2, 2], [3, 3], [4, 4], [5, 5], [6, 6], [7, 7], [8, 8], [9, 9], [10, 10], [11, 11], [12, 12], [13, 13], [14, 18], [15, 17], [16, 16], [17, 15], [18, 14], [19, 19], [20, 20]]","[1, 19, 20, 21]",[],True,
CHEMBL234_Ki,60,112,136,13,test,True,1.3098805534126,20.0,"[[0, 1], [1, 20], [2, 19], [3, 4], [4, 5], [5, 6], [6, 7], [7, 8], [8, 9], [9, 10], [10, 11], [11, 12], [12, 13], [13, 18], [14, 17], [15, 16], [16, 15], [17, 14], [18, 3], [19, 2]]",[],"[0, 1, 2, 20]",True,
CHEMBL234_Ki,64,116,117,14,calibration,True,1.2396188404866022,20.0,"[[1, 16], [2, 15], [3, 14], [4, 13], [5, 12], [6, 11], [7, 10], [8, 9], [9, 8], [10, 7], [11, 6], [12, 5], [13, 4], [14, 20], [15, 21], [16, 1], [18, 2], [19, 3], [20, 19], [21, 18]]","[0, 1, 2, 15, 16, 17, 18, 21]","[0, 1, 2, 15, 16, 17, 18, 21]",True,
CHEMBL234_Ki,70,130,133,15,calibration,True,1.4340363540203145,33.0,"[[0, 0], [1, 1], [2, 2], [3, 3], [4, 4], [5, 5], [6, 6], [7, 7], [8, 8], [9, 9], [10, 10], [11, 11], [12, 12], [13, 16], [14, 15], [15, 14], [16, 13], [17, 18], [18, 19], [19, 20], [20, 21], [21, 17], [22, 22], [23, 23], [24, 24], [25, 25], [26, 26], [27, 27], [28, 28], [29, 29], [30, 30], [31, 31], [32, 32]]","[11, 12, 13, 14, 21, 22]","[11, 12, 13, 14, 18, 22]",True,
CHEMBL234_Ki,79,155,175,19,calibration,True,1.599997140231701,37.0,"[[0, 0], [1, 1], [2, 2], [3, 3], [4, 4], [5, 5], [6, 6], [7, 7], [8, 8], [9, 9], [10, 10], [11, 15], [12, 16], [13, 17], [14, 11], [15, 12], [16, 13], [17, 18], [18, 19], [19, 20], [20, 21], [21, 22], [22, 23], [23, 24], [24, 25], [25, 26], [26, 37], [27, 36], [28, 29], [29, 30], [30, 35], [31, 34], [32, 33], [33, 32], [34, 31], [35, 28], [36, 27]]","[5, 9, 10, 11, 12, 13, 14, 15, 17]","[7, 8, 9, 12, 13, 14, 15, 16, 18]",True,
CHEMBL234_Ki,99,181,194,21,calibration,True,1.5604784414214246,24.0,"[[0, 0], [1, 1], [2, 2], [3, 3], [4, 4], [5, 5], [6, 6], [7, 7], [8, 8], [9, 9], [10, 10], [11, 11], [12, 12], [13, 13], [14, 18], [15, 17], [16, 16], [17, 15], [18, 14], [19, 19], [20, 20], [22, 21], [23, 22], [24, 23]]","[19, 20, 21, 22]",[],True,
CHEMBL234_Ki,101,183,205,22,test,True,1.778151250383644,30.0,"[[1, 7], [2, 6], [3, 5], [4, 4], [5, 3], [6, 2], [7, 8], [8, 9], [9, 10], [10, 11], [11, 12], [12, 13], [13, 14], [14, 15], [15, 16], [16, 17], [17, 18], [18, 19], [19, 20], [20, 21], [21, 22], [22, 23], [23, 24], [24, 25], [25, 26], [26, 27], [27, 28], [28, 29], [29, 30], [30, 31]]","[0, 1, 2, 5, 6, 7, 8]","[0, 1, 2, 3, 6, 7, 8, 9]",True,
CHEMBL234_Ki,114,226,333,26,test,True,1.084320885700036,13.0,"[[0, 18], [1, 19], [2, 20], [3, 15], [4, 14], [5, 13], [6, 12], [7, 11], [8, 1], [19, 0], [20, 21], [21, 16], [22, 17]]","[7, 8, 9, 10, 11, 12, 13, 14, 15, 16, 17, 18, 19, 20]","[0, 1, 2, 3, 4, 5, 6, 7, 8, 9, 10, 11, 21]",True,
CHEMBL234_Ki,115,227,242,27,calibration,True,2.0142404391146105,31.0,"[[1, 1], [2, 0], [3, 30], [4, 29], [5, 3], [6, 4], [7, 5], [8, 6], [9, 7], [10, 8], [11, 9], [12, 10], [13, 11], [14, 12], [15, 26], [16, 25], [17, 15], [18, 16], [19, 17], [20, 18], [21, 19], [22, 20], [23, 21], [24, 22], [25, 23], [26, 24], [27, 14], [28, 13], [29, 27], [30, 28], [31, 2]]","[0, 1, 2, 31]",[],True,
CHEMBL234_Ki,159,256,260,31,calibration,True,1.5690597312250372,23.0,"[[0, 1], [1, 2], [2, 3], [3, 4], [4, 5], [5, 6], [6, 7], [7, 8], [8, 9], [10, 11], [11, 12], [12, 13], [13, 15], [14, 16], [15, 17], [16, 19], [17, 24], [18, 23], [19, 22], [20, 21], [21, 20], [22, 25], [23, 26]]","[7, 8, 9, 10, 11, 12, 13, 14, 15, 16, 17, 21, 22, 23, 24, 25]","[0, 1, 2, 8, 9, 10, 11, 12, 13, 14, 15, 16, 17, 18, 19, 20, 24, 25, 26, 27, 28]",True,
CHEMBL234_Ki,161,259,269,33,test,True,1.653430807060614,17.0,"[[0, 1], [1, 2], [2, 3], [3, 4], [4, 5], [6, 6], [7, 8], [8, 9], [9, 10], [10, 11], [11, 12], [12, 13], [13, 14], [14, 15], [15, 16], [16, 17], [17, 18]]","[3, 4, 5, 6]","[0, 1, 2, 5, 6, 7]",True,
CHEMBL234_Ki,162,270,304,29,calibration,True,2.183269843682804,14.0,"[[4, 10], [5, 11], [6, 12], [7, 13], [8, 5], [9, 4], [15, 19], [16, 18], [17, 17], [18, 16], [19, 15], [20, 14], [22, 22], [23, 20]]","[0, 1, 2, 3, 4, 5, 6, 7, 8, 9, 10, 11, 12, 13, 14, 15, 16, 20, 21, 22, 23, 24, 25]","[0, 1, 2, 3, 4, 5, 6, 7, 8, 9, 10, 11, 12, 13, 14, 15, 18, 19, 20, 21, 22, 23, 24]",True,
CHEMBL234_Ki,163,272,640,34,calibration,True,2.323595823562723,14.0,"[[1, 0], [2, 1], [3, 2], [4, 3], [5, 4], [6, 5], [7, 6], [8, 7], [9, 8], [11, 10], [12, 11], [13, 12], [14, 13], [15, 14]]","[0, 1, 2, 8, 9, 10, 11]","[7, 8, 9, 10]",True,
CHEMBL234_Ki,175,296,2080,37,test,True,1.026328938722349,13.0,"[[4, 4], [5, 5], [6, 6], [7, 7], [8, 8], [12, 10], [13, 11], [14, 12], [15, 13], [16, 14], [17, 15], [19, 20], [20, 21]]","[0, 1, 2, 3, 4, 5, 7, 8, 9, 10, 11, 12, 13, 16, 17, 18, 19, 20, 21, 22]","[0, 1, 2, 3, 4, 5, 7, 8, 9, 10, 11, 12, 13, 14, 15, 16, 17, 18, 19, 20, 21, 22, 23]",True,
CHEMBL234_Ki,182,318,322,36,calibration,True,2.793526111950598,20.0,"[[0, 21], [1, 20], [2, 19], [3, 18], [4, 17], [5, 16], [6, 24], [7, 25], [8, 13], [9, 12], [10, 11], [11, 10], [12, 9], [13, 8], [21, 0], [22, 26], [23, 14], [24, 15], [25, 23], [26, 22]]","[12, 13, 14, 15, 16, 17, 18, 19, 20, 21, 22]","[0, 1, 2, 3, 4, 5, 6, 7, 8, 9, 26]",True,
CHEMBL234_Ki,186,338,3483,40,test,True,2.709788839193405,18.0,"[[8, 16], [11, 23], [12, 13], [13, 12], [14, 11], [15, 24], [16, 25], [17, 8], [18, 2], [19, 3], [20, 4], [21, 5], [22, 6], [23, 7], [24, 9], [25, 10], [26, 22], [27, 15]]","[0, 1, 2, 3, 4, 5, 6, 7, 8, 9, 10, 11, 12, 13, 16, 17, 18, 19, 23, 24, 26, 27]","[0, 1, 2, 3, 7, 8, 9, 12, 13, 14, 15, 16, 17, 18, 19, 20, 21, 22, 23, 25]",True,
CHEMBL234_Ki,188,346,356,4,calibration,True,1.8952646494799872,23.0,"[[0, 0], [1, 1], [3, 4], [4, 5], [5, 6], [6, 7], [7, 8], [8, 9], [9, 10], [10, 11], [11, 12], [12, 13], [13, 14], [14, 15], [15, 16], [16, 17], [18, 18], [19, 19], [20, 24], [21, 23], [22, 22], [23, 21], [24, 20]]","[0, 1, 2, 3, 4, 17, 18, 19]","[0, 1, 2, 3, 4, 5, 18, 19]",True,
CHEMBL234_Ki,313,431,434,47,calibration,True,1.8000828300850955,29.0,"[[0, 0], [1, 1], [2, 2], [3, 3], [4, 4], [5, 5], [6, 6], [7, 7], [10, 9], [13, 10], [14, 11], [15, 12], [16, 13], [17, 14], [18, 15], [19, 16], [20, 17], [21, 18], [22, 19], [23, 20], [24, 21], [25, 22], [26, 23], [27, 24], [28, 25], [29, 26], [30, 27], [31, 28], [32, 29]]","[6, 7, 8, 9, 10, 11, 12, 13]","[6, 7, 8, 9]",True,
CHEMBL234_Ki,315,448,474,48,calibration,True,1.275713665345851,18.0,"[[0, 0], [1, 1], [2, 2], [3, 3], [4, 4], [5, 5], [6, 6], [7, 7], [8, 8], [9, 9], [10, 10], [11, 11], [12, 12], [13, 13], [14, 14], [20, 19], [21, 20], [22, 21]]","[13, 14, 15, 16, 17, 18, 19]","[13, 14, 15, 16, 17, 18]",True,
CHEMBL234_Ki,320,464,473,49,calibration,True,1.6989700043360187,21.0,"[[0, 0], [1, 1], [2, 2], [3, 3], [8, 9], [9, 10], [10, 11], [11, 12], [12, 13], [13, 14], [14, 15], [15, 16], [16, 19], [17, 20], [18, 25], [19, 24], [20, 23], [21, 22], [22, 21], [23, 26], [24, 27]]","[2, 3, 4, 5, 6, 7, 14, 15, 16, 17, 23]","[2, 3, 4, 5, 6, 7, 8, 15, 16, 17, 18, 19, 20, 26]",True,
CHEMBL234_Ki,324,484,555,52,calibration,True,2.585973171434508,16.0,"[[4, 15], [5, 16], [6, 17], [7, 12], [8, 11], [9, 10], [10, 9], [11, 8], [13, 3], [14, 2], [15, 1], [16, 6], [17, 5], [18, 4], [19, 13], [20, 14]]","[0, 1, 2, 3, 4, 5, 10, 11, 12, 13, 14, 18, 19, 20, 21]","[0, 1, 2, 3, 4, 5, 6, 7, 8, 9, 18, 19]",True,
CHEMBL234_Ki,326,489,1922,53,calibration,True,1.3273589343863303,20.0,"[[0, 2], [1, 3], [2, 4], [3, 5], [4, 6], [5, 7], [6, 8], [7, 9], [8, 10], [9, 11], [10, 12], [11, 13], [12, 14], [13, 15], [14, 16], [15, 17], [16, 18], [17, 19], [18, 20], [19, 21]]",[],"[0, 1, 2, 3]",True,
CHEMBL234_Ki,328,527,570,55,test,True,1.49008623188403,12.0,"[[1, 5], [2, 6], [3, 7], [4, 8], [5, 9], [6, 10], [7, 11], [8, 12], [9, 13], [14, 14], [15, 19], [16, 20]]","[0, 1, 2, 6, 8, 9, 10, 11, 12, 13, 14, 16]","[0, 1, 2, 3, 4, 5, 6, 10, 12, 13, 14, 15, 16, 17, 18, 20, 21, 22]",True,
CHEMBL234_Ki,336,536,563,56,test,True,1.2000066709952923,37.0,"[[0, 0], [1, 1], [2, 2], [3, 3], [4, 4], [5, 5], [6, 6], [7, 7], [8, 8], [9, 9], [10, 10], [11, 11], [12, 12], [13, 13], [14, 14], [15, 15], [16, 16], [17, 17], [18, 18], [19, 19], [20, 20], [21, 21], [22, 22], [23, 23], [24, 24], [25, 31], [26, 32], [27, 33], [28, 34], [29, 29], [30, 28], [31, 35], [32, 36], [33, 25], [34, 26], [35, 27], [36, 30]]","[0, 1, 2, 25, 26, 36]","[0, 1, 2, 25, 26, 36]",True,
CHEMBL234_Ki,338,538,554,58,calibration,True,1.2999914272569546,37.0,"[[1, 30], [2, 31], [3, 32], [4, 39], [5, 40], [6, 29], [7, 28], [8, 41], [9, 42], [10, 25], [11, 1], [12, 0], [13, 2], [14, 3], [15, 4], [16, 5], [17, 6], [18, 7], [19, 8], [20, 9], [21, 10], [22, 11], [23, 12], [24, 13], [25, 14], [26, 15], [27, 16], [28, 17], [29, 18], [30, 19], [31, 20], [32, 21], [33, 22], [34, 23], [35, 24], [36, 26], [37, 27]]","[0, 1, 2, 6]","[31, 32, 33, 34, 35, 36, 37, 38, 39]",True,
CHEMBL234_Ki,361,588,608,61,test,True,1.008017972015848,23.0,"[[0, 0], [1, 1], [2, 2], [3, 3], [4, 4], [5, 5], [6, 6], [7, 7], [8, 8], [9, 9], [10, 10], [12, 12], [13, 13], [14, 19], [15, 18], [16, 16], [17, 17], [18, 15], [19, 14], [22, 22], [23, 23], [24, 24], [25, 25]]","[9, 10, 11, 12, 13, 20, 21]","[9, 10, 11, 12, 13, 20, 21]",True,
CHEMBL234_Ki,368,598,603,60,calibration,True,1.9000009651534693,24.0,"[[0, 0], [1, 1], [2, 2], [3, 3], [4, 4], [5, 5], [6, 6], [7, 7], [8, 8], [9, 9], [10, 10], [11, 11], [12, 12], [13, 13], [14, 14], [15, 15], [16, 16], [17, 18], [18, 19], [19, 20], [21, 22], [22, 23], [23, 24], [24, 25]]","[18, 19, 20, 21, 22]","[15, 16, 17, 18, 19, 20, 21, 22, 23]",True,
CHEMBL234_Ki,383,680,695,66,test,True,1.2297579196702015,18.0,"[[0, 0], [1, 1], [2, 2], [3, 3], [4, 4], [5, 5], [6, 6], [7, 7], [8, 8], [9, 9], [11, 11], [12, 12], [13, 13], [14, 14], [15, 15], [16, 16], [17, 17], [18, 18]]","[8, 9, 10, 11, 12, 17]","[8, 9, 10, 11, 12, 17]",True,
CHEMBL234_Ki,389,706,715,68,calibration,True,1.0599979296752862,30.0,"[[0, 0], [1, 1], [2, 2], [3, 3], [4, 4], [10, 5], [11, 6], [12, 7], [13, 8], [14, 9], [15, 10], [18, 11], [19, 12], [20, 13], [21, 14], [22, 15], [23, 16], [24, 17], [25, 29], [26, 28], [27, 20], [28, 21], [29, 27], [30, 26], [31, 24], [32, 25], [33, 23], [34, 22], [35, 19], [36, 18]]","[3, 4, 5, 6, 7, 8, 9, 10, 11, 15, 16, 17, 18]","[3, 4, 5, 6, 10, 11]",True,
CHEMBL234_Ki,398,726,909,50,calibration,True,2.063643658559397,12.0,"[[0, 0], [1, 1], [2, 2], [3, 3], [4, 4], [5, 5], [6, 6], [7, 7], [8, 8], [9, 9], [15, 14], [16, 15]]","[8, 9, 10, 11, 12, 13, 14, 15, 16]","[8, 9, 10, 11, 12, 13, 14, 15]",True,
CHEMBL234_Ki,405,731,733,69,test,True,2.259137834335805,17.0,"[[0, 0], [1, 1], [2, 2], [3, 3], [4, 4], [5, 5], [6, 6], [7, 7], [8, 8], [9, 9], [10, 10], [11, 11], [12, 12], [15, 14], [16, 15], [17, 16], [18, 17]]","[11, 12, 13, 14, 15]","[11, 12, 13, 14]",True,
CHEMBL234_Ki,449,834,838,77,test,True,1.699955295995621,31.0,"[[0, 0], [1, 1], [2, 2], [3, 3], [4, 4], [5, 5], [6, 6], [7, 7], [8, 8], [9, 9], [15, 16], [16, 17], [17, 18], [18, 19], [19, 20], [20, 21], [21, 22], [22, 23], [23, 24], [24, 25], [25, 26], [26, 27], [27, 28], [28, 29], [29, 30], [30, 35], [31, 34], [32, 33], [33, 32], [34, 31], [35, 36]]","[6, 9, 10, 11, 12, 13, 14]","[6, 9, 10, 11, 12, 13, 14, 15]",True,
CHEMBL234_Ki,482,888,922,82,calibration,True,1.4311699259580897,20.0,"[[1, 4], [2, 19], [3, 20], [4, 1], [5, 0], [6, 5], [7, 18], [8, 13], [9, 14], [10, 15], [11, 16], [12, 17], [13, 6], [14, 7], [15, 8], [16, 9], [17, 10], [18, 11], [19, 2], [20, 3]]","[0, 1, 2, 4, 5, 6, 7, 11, 12, 13, 14, 17, 18, 20]","[3, 4, 5, 6, 7, 10, 11, 12, 13, 14, 18, 19]",True,
CHEMBL234_Ki,515,940,1296,86,calibration,True,1.1657328076374247,31.0,"[[0, 0], [1, 1], [2, 2], [5, 3], [6, 4], [7, 5], [8, 6], [9, 7], [10, 8], [11, 9], [12, 10], [13, 11], [14, 12], [15, 13], [16, 14], [17, 15], [18, 16], [19, 17], [20, 18], [21, 19], [22, 32], [23, 31], [24, 22], [25, 26], [26, 25], [27, 30], [28, 29], [29, 28], [30, 27], [31, 21], [32, 20]]","[1, 2, 3, 4, 5, 6, 23, 24, 25, 26, 30, 31]","[1, 2, 3, 4, 21, 22, 23, 24, 25, 26, 30, 31]",True,
CHEMBL234_Ki,584,1016,1189,84,test,True,2.1619036431917893,19.0,"[[1, 10], [2, 11], [3, 12], [4, 13], [5, 14], [6, 15], [7, 16], [8, 17], [9, 18], [10, 19], [11, 4], [12, 5], [13, 6], [14, 1], [15, 0], [16, 2], [17, 3], [18, 8], [19, 9]]","[0, 1, 2, 11, 16, 17, 18, 19]","[4, 5, 6, 7, 8, 9]",True,
CHEMBL234_Ki,586,1030,1038,88,test,True,1.466463186537606,31.0,"[[0, 0], [1, 1], [2, 2], [3, 3], [4, 4], [5, 5], [6, 6], [7, 7], [8, 8], [9, 9], [10, 10], [11, 11], [12, 12], [13, 13], [14, 14], [15, 15], [16, 16], [17, 17], [19, 18], [20, 20], [21, 21], [22, 22], [23, 23], [24, 24], [25, 25], [26, 26], [27, 27], [28, 28], [29, 29], [30, 30], [31, 31]]","[16, 17, 18, 19]","[17, 18, 19, 20]",True,
CHEMBL234_Ki,614,1091,1095,92,calibration,True,1.230001216048251,30.0,"[[0, 0], [1, 1], [2, 2], [3, 3], [4, 4], [5, 5], [6, 6], [7, 7], [8, 8], [9, 9], [10, 10], [11, 11], [12, 12], [13, 13], [14, 14], [15, 15], [16, 16], [17, 17], [18, 18], [19, 19], [21, 28], [22, 27], [23, 26], [24, 23], [25, 24], [26, 25], [27, 22], [28, 21], [30, 30], [31, 31]]","[17, 19, 20, 21, 22, 27, 28, 29]","[17, 19, 20, 21, 22, 27, 28, 29]",True,
CHEMBL234_Ki,628,1140,1142,93,test,True,1.100076735042391,25.0,"[[0, 0], [1, 1], [2, 2], [3, 3], [4, 4], [5, 5], [6, 6], [7, 7], [8, 8], [9, 9], [10, 10], [11, 11], [12, 12], [13, 17], [14, 16], [15, 15], [16, 14], [17, 13], [19, 18], [20, 19], [21, 20], [22, 21], [23, 22], [24, 23], [25, 24]]","[15, 16, 17, 18, 19, 20]","[15, 16, 17, 18, 19]",True,
CHEMBL234_Ki,643,1171,1177,28,test,True,2.728128233077234,34.0,"[[0, 0], [1, 1], [2, 2], [3, 3], [4, 4], [5, 5], [6, 6], [7, 7], [8, 8], [9, 9], [10, 10], [11, 11], [12, 12], [13, 13], [14, 14], [15, 15], [16, 16], [17, 17], [18, 31], [19, 30], [20, 20], [21, 21], [22, 22], [23, 23], [24, 24], [25, 25], [26, 26], [27, 27], [29, 28], [30, 29], [31, 19], [32, 18], [33, 32], [34, 33]]","[26, 27, 28, 29]",[],True,
CHEMBL234_Ki,676,1225,1398,98,calibration,True,2.100059445905189,32.0,"[[0, 0], [1, 1], [2, 2], [3, 3], [4, 4], [5, 5], [6, 6], [7, 7], [8, 8], [9, 9], [10, 10], [11, 11], [12, 12], [13, 13], [14, 14], [15, 15], [16, 16], [17, 17], [18, 18], [19, 19], [20, 20], [27, 21], [28, 22], [29, 23], [30, 24], [31, 30], [32, 31], [33, 32], [34, 33], [35, 34], [36, 35], [37, 36]]","[19, 20, 21, 22, 23, 24, 25, 26, 27]","[18, 19, 20, 21, 25, 26, 27, 28, 29]",True,
CHEMBL234_Ki,720,1265,1275,103,test,True,1.0781605769952174,31.0,"[[0, 0], [1, 1], [2, 2], [3, 3], [4, 4], [5, 5], [6, 6], [7, 7], [9, 8], [10, 9], [11, 10], [12, 11], [13, 12], [14, 13], [15, 14], [16, 15], [17, 16], [18, 17], [19, 18], [20, 23], [21, 22], [22, 21], [23, 20], [24, 19], [25, 24], [26, 25], [27, 26], [28, 27], [29, 28], [30, 29], [31, 30]]","[6, 7, 8, 9, 10, 26]","[6, 7, 8, 9, 25]",True,
CHEMBL234_Ki,740,1303,1325,57,calibration,True,2.501033412125074,21.0,"[[0, 6], [1, 5], [2, 4], [3, 22], [4, 23], [5, 1], [7, 2], [8, 3], [9, 7], [10, 8], [11, 9], [12, 10], [13, 11], [16, 16], [17, 15], [18, 14], [19, 19], [20, 18], [21, 17], [22, 20], [23, 21]]","[4, 5, 6, 7, 12, 13, 14, 15, 16, 17, 20, 21]","[0, 1, 2, 10, 11, 12, 13, 14, 15, 18, 19, 23]",True,
CHEMBL234_Ki,755,1311,1316,108,calibration,True,1.8113527040002824,27.0,"[[0, 0], [1, 1], [2, 2], [3, 3], [5, 4], [6, 5], [7, 6], [8, 7], [9, 8], [10, 9], [11, 10], [12, 11], [13, 12], [14, 13], [15, 14], [16, 15], [17, 16], [18, 17], [19, 18], [20, 19], [21, 20], [22, 21], [23, 22], [24, 23], [25, 24], [26, 25], [27, 26]]","[1, 3, 4, 5, 6, 13, 27]","[1, 3, 4, 5, 12, 26]",True,
CHEMBL234_Ki,772,1343,1350,109,calibration,True,1.314393957221963,24.0,"[[0, 0], [1, 1], [2, 2], [3, 3], [4, 4], [5, 5], [6, 6], [7, 7], [8, 8], [9, 9], [10, 10], [11, 11], [12, 12], [13, 13], [14, 14], [15, 15], [16, 16], [17, 17], [18, 18], [19, 19], [20, 20], [23, 21], [24, 22], [25, 23]]","[19, 20, 21, 22, 23]",[],True,
CHEMBL234_Ki,868,1474,1475,114,test,True,1.3999821927528109,37.0,"[[0, 0], [1, 1], [2, 2], [3, 3], [4, 4], [5, 5], [6, 6], [7, 7], [8, 8], [9, 9], [10, 10], [11, 11], [12, 12], [13, 13], [14, 14], [15, 15], [16, 16], [17, 17], [18, 18], [19, 19], [20, 20], [21, 21], [22, 22], [23, 23], [24, 24], [25, 25], [26, 26], [27, 27], [28, 28], [31, 29], [32, 30], [33, 31], [34, 32], [35, 33], [36, 34], [37, 35], [38, 36]]","[27, 28, 29, 30]",[],True,
CHEMBL234_Ki,974,1537,1557,99,test,True,3.2326852069097125,28.0,"[[0, 0], [1, 1], [2, 2], [3, 3], [4, 4], [5, 5], [6, 6], [7, 7], [8, 8], [9, 9], [10, 10], [11, 11], [12, 13], [13, 14], [14, 15], [15, 16], [16, 18], [17, 19], [18, 20], [19, 21], [20, 22], [21, 23], [22, 24], [23, 25], [24, 26], [25, 27], [26, 28], [27, 29]]","[10, 11, 12, 13, 14, 15, 16, 17, 24, 26]","[10, 11, 12, 13, 14, 15, 16, 17, 18, 19, 26, 28]",True,
CHEMBL234_Ki,979,1538,1558,118,test,True,2.3939412505896858,28.0,"[[0, 0], [1, 1], [2, 2], [3, 3], [4, 4], [5, 5], [6, 6], [7, 7], [8, 8], [9, 9], [10, 11], [11, 12], [12, 13], [13, 14], [14, 16], [15, 17], [16, 18], [17, 19], [18, 20], [19, 21], [20, 22], [21, 23], [22, 24], [23, 25], [24, 26], [25, 27], [26, 28], [27, 29]]","[8, 9, 10, 11, 12, 13, 14, 15, 22, 24]","[8, 9, 10, 11, 12, 13, 14, 15, 16, 17, 24, 26]",True,
CHEMBL234_Ki,1048,1615,2034,121,test,True,1.013133015271282,20.0,"[[0, 0], [1, 1], [2, 2], [3, 3], [4, 4], [5, 5], [6, 13], [7, 12], [8, 7], [9, 8], [10, 9], [11, 10], [12, 11], [14, 15], [15, 21], [16, 20], [17, 18], [18, 19], [19, 17], [20, 16]]","[4, 5, 6, 7, 11, 12, 13, 14, 15, 19, 20]","[4, 5, 6, 7, 8, 12, 13, 14, 15, 16, 20, 21]",True,
CHEMBL234_Ki,1057,1641,1653,123,calibration,True,1.8999619669909145,24.0,"[[0, 0], [1, 1], [2, 2], [3, 3], [4, 4], [5, 5], [6, 13], [7, 12], [8, 11], [9, 10], [10, 9], [11, 8], [12, 7], [13, 6], [14, 14], [15, 15], [16, 16], [17, 20], [18, 19], [19, 18], [21, 24], [22, 22], [23, 23], [24, 21]]","[1, 15, 16, 17, 18, 19, 20, 21, 24]","[1, 15, 16, 17, 18, 19, 24]",True,
CHEMBL234_Ki,1071,1679,1681,128,test,True,3.184524426592544,26.0,"[[0, 0], [1, 1], [2, 2], [3, 3], [4, 4], [5, 5], [6, 6], [7, 7], [8, 8], [9, 9], [10, 10], [11, 11], [12, 12], [13, 13], [14, 14], [15, 15], [16, 16], [17, 17], [18, 18], [19, 19], [20, 20], [22, 21], [23, 22], [24, 23], [25, 24], [26, 25]]","[19, 20, 21, 22]",[],True,
CHEMBL234_Ki,1082,1771,1772,133,test,True,1.1999730793741863,22.0,"[[0, 0], [1, 1], [2, 2], [3, 3], [4, 4], [5, 5], [6, 11], [7, 10], [8, 9], [9, 8], [10, 7], [11, 6], [12, 12], [13, 13], [14, 14], [15, 16], [16, 15], [17, 21], [18, 20], [19, 18], [20, 19], [21, 17]]","[1, 13, 14, 15, 16, 21]","[1, 13, 14, 15, 16, 21]",True,
CHEMBL234_Ki,1083,1779,1780,134,test,True,1.0776600729270926,22.0,"[[0, 0], [1, 1], [2, 2], [3, 3], [4, 4], [5, 5], [6, 6], [7, 7], [8, 8], [9, 9], [10, 10], [11, 11], [12, 12], [13, 13], [14, 14], [15, 15], [16, 16], [17, 17], [18, 18], [19, 19], [20, 20], [21, 21]]","[11, 12, 13, 20, 21]","[17, 18, 19, 20, 21]",True,
CHEMBL234_Ki,1094,1797,1799,137,calibration,True,1.7999508032740783,32.0,"[[0, 0], [1, 1], [2, 2], [3, 3], [4, 4], [5, 5], [6, 6], [7, 7], [8, 8], [9, 9], [10, 10], [11, 11], [12, 12], [13, 13], [14, 14], [15, 15], [16, 16], [17, 17], [18, 18], [19, 22], [20, 21], [21, 20], [22, 19], [23, 28], [24, 23], [25, 24], [26, 25], [27, 26], [28, 27], [29, 29], [30, 30], [31, 31]]","[16, 17, 18, 19, 20, 24, 29]","[16, 17, 18, 19, 20, 28, 29]",True,
CHEMBL234_Ki,1099,1811,1817,138,test,True,1.4000078224159012,28.0,"[[3, 0], [4, 1], [5, 2], [6, 3], [7, 4], [8, 5], [9, 6], [10, 7], [11, 8], [12, 9], [13, 10], [14, 11], [15, 12], [16, 13], [17, 14], [18, 15], [19, 16], [20, 17], [21, 18], [22, 19], [23, 20], [24, 21], [25, 22], [26, 23], [27, 24], [28, 25], [29, 26], [30, 27]]","[0, 1, 2, 3, 4]","[1, 26, 27, 28]",True,
CHEMBL234_Ki,1104,1843,1852,140,calibration,True,1.6615090892425464,28.0,"[[0, 0], [1, 1], [2, 2], [3, 3], [4, 4], [5, 5], [6, 6], [7, 7], [8, 8], [9, 9], [10, 10], [11, 11], [12, 12], [13, 13], [14, 14], [15, 15], [16, 16], [17, 17], [18, 18], [21, 22], [22, 21], [23, 26], [24, 25], [25, 24], [26, 23], [28, 29], [29, 30], [30, 31]]","[17, 18, 19, 20, 21, 22, 25, 26, 27]","[17, 18, 19, 20, 21, 22, 26, 27, 28]",True,
CHEMBL234_Ki,1112,1857,2981,141,test,True,1.5048486607449227,29.0,"[[0, 0], [1, 1], [2, 2], [3, 3], [4, 4], [5, 5], [6, 6], [7, 7], [8, 8], [9, 9], [10, 10], [11, 11], [12, 12], [13, 13], [14, 14], [15, 18], [16, 17], [17, 16], [18, 20], [19, 21], [20, 22], [21, 23], [22, 24], [23, 25], [24, 15], [25, 26], [26, 27], [27, 28], [28, 29]]","[13, 14, 15, 16, 17, 18, 19, 23, 24, 25, 26]","[13, 14, 15, 16, 17, 18, 19, 20, 21, 25, 26, 27]",True,
CHEMBL234_Ki,1114,1859,3040,142,test,True,1.2483246841188071,33.0,"[[0, 0], [1, 1], [2, 2], [3, 3], [4, 4], [5, 5], [6, 6], [7, 7], [8, 8], [9, 9], [10, 10], [11, 11], [12, 12], [13, 13], [14, 14], [15, 18], [16, 17], [17, 16], [18, 20], [19, 29], [20, 28], [21, 23], [22, 24], [23, 25], [24, 26], [25, 27], [26, 22], [27, 21], [28, 15], [29, 30], [30, 31], [31, 32], [32, 33]]","[13, 14, 15, 16, 17, 18, 19, 27, 28, 29, 30]","[13, 14, 15, 16, 17, 18, 19, 20, 21, 29, 30, 31]",True,
CHEMBL234_Ki,1115,1864,1957,143,test,True,1.2020521689120631,33.0,"[[0, 0], [1, 1], [2, 2], [3, 3], [4, 4], [5, 5], [6, 6], [7, 7], [8, 8], [9, 9], [10, 10], [11, 11], [12, 12], [13, 13], [14, 14], [17, 28], [18, 29], [19, 17], [20, 18], [21, 19], [22, 20], [23, 21], [24, 22], [25, 23], [26, 24], [27, 25], [28, 26], [29, 27], [30, 16], [31, 15], [32, 30], [33, 31], [34, 32]]","[13, 14, 15, 16, 17, 18, 19, 31]","[13, 14, 15, 17, 28, 29]",True,
CHEMBL234_Ki,1122,1881,1883,146,test,True,1.899981703077977,31.0,"[[0, 0], [1, 1], [2, 2], [3, 3], [4, 4], [5, 5], [6, 6], [7, 7], [8, 8], [9, 9], [10, 10], [11, 11], [12, 12], [13, 13], [14, 14], [15, 15], [16, 16], [17, 17], [18, 18], [19, 19], [20, 20], [21, 22], [22, 21], [23, 30], [24, 25], [25, 26], [29, 24], [30, 23], [31, 31], [32, 32], [33, 33]]","[19, 20, 21, 22, 24, 25, 26, 27, 28, 30, 31]","[19, 20, 21, 22, 25, 26, 27, 28, 29, 30, 31]",True,
CHEMBL234_Ki,1124,1897,1902,148,calibration,True,1.1760912590556811,26.0,"[[0, 0], [1, 1], [2, 2], [3, 3], [4, 4], [5, 5], [6, 6], [7, 7], [8, 8], [9, 11], [10, 12], [11, 13], [12, 14], [13, 15], [14, 16], [16, 18], [17, 19], [18, 20], [19, 21], [20, 22], [21, 23], [22, 24], [23, 25], [24, 26], [25, 27], [26, 28]]","[6, 7, 8, 9, 10, 13, 14, 15, 16, 17, 22, 24, 25]","[6, 7, 8, 9, 10, 11, 12, 15, 16, 17, 18, 19, 24, 26, 27]",True,
CHEMBL234_Ki,1126,1907,3441,44,test,True,2.5026753591920503,26.0,"[[0, 0], [1, 1], [2, 2], [3, 3], [4, 4], [5, 5], [6, 6], [7, 7], [8, 8], [9, 9], [10, 10], [11, 11], [12, 12], [13, 13], [14, 14], [16, 18], [17, 16], [18, 17], [21, 20], [22, 26], [23, 25], [24, 23], [26, 22], [27, 21], [28, 27], [29, 28]]","[13, 14, 15, 16, 17, 18, 19, 20, 21, 22, 23, 24, 25, 26, 27]","[13, 14, 15, 16, 17, 18, 19, 20, 21, 22, 23, 24, 25, 26]",True,
CHEMBL234_Ki,1132,1928,1935,150,test,True,1.5380819150158782,44.0,"[[0, 0], [1, 1], [2, 2], [3, 3], [4, 4], [5, 5], [6, 6], [7, 7], [8, 8], [9, 9], [10, 10], [11, 11], [12, 12], [13, 13], [14, 14], [15, 15], [16, 16], [17, 17], [18, 18], [19, 19], [20, 20], [21, 21], [22, 22], [23, 23], [24, 24], [25, 25], [26, 26], [30, 27], [31, 40], [32, 39], [33, 30], [34, 31], [35, 32], [36, 33], [37, 34], [38, 35], [39, 36], [40, 37], [41, 38], [42, 29], [43, 28], [44, 41], [45, 42], [46, 43]]","[25, 26, 27, 28, 29, 30, 31, 43]","[25, 26, 27, 28, 40]",True,
CHEMBL234_Ki,1156,2011,2069,152,test,True,1.092470848478312,34.0,"[[0, 0], [1, 1], [2, 2], [3, 3], [4, 4], [5, 5], [6, 6], [7, 7], [8, 8], [10, 10], [11, 11], [12, 12], [13, 13], [14, 14], [15, 15], [16, 16], [17, 18], [18, 17], [19, 19], [20, 24], [21, 23], [22, 22], [23, 21], [24, 20], [25, 25], [26, 26], [27, 27], [28, 28], [29, 29], [30, 30], [31, 31], [32, 32], [33, 33], [34, 34]]","[7, 8, 9, 10, 15, 16, 17, 18, 31]","[7, 8, 9, 10, 15, 16, 17, 18, 19, 25, 31]",True,
CHEMBL234_Ki,1179,2098,2117,154,test,True,1.3693586000513305,23.0,"[[0, 0], [1, 1], [2, 2], [3, 3], [4, 4], [6, 6], [7, 7], [8, 8], [9, 9], [10, 10], [11, 11], [12, 12], [13, 14], [14, 20], [15, 19], [16, 17], [17, 18], [18, 16], [19, 15], [20, 21], [21, 22], [22, 23], [23, 24]]","[3, 4, 5, 6, 7, 11, 12, 13, 14, 19, 20, 21, 22]","[3, 4, 5, 6, 7, 11, 12, 13, 14, 15, 20, 21, 22, 23]",True,
CHEMBL234_Ki,1240,2222,2223,159,test,True,1.1613680022349744,34.0,"[[0, 0], [1, 1], [2, 2], [3, 3], [4, 4], [5, 5], [6, 6], [7, 7], [8, 8], [9, 9], [10, 10], [11, 11], [12, 12], [13, 13], [14, 14], [15, 15], [16, 16], [17, 31], [18, 30], [19, 19], [20, 20], [21, 21], [22, 24], [23, 25], [24, 26], [25, 27], [26, 28], [27, 29], [28, 18], [29, 17], [30, 32], [31, 33], [32, 34], [33, 35]]","[20, 21, 22, 23]","[20, 21, 22, 23, 24, 25]",True,
CHEMBL234_Ki,1242,2241,2243,160,calibration,True,1.164810248645992,29.0,"[[0, 0], [1, 1], [2, 2], [3, 3], [4, 4], [5, 5], [6, 6], [7, 7], [8, 8], [9, 9], [10, 10], [11, 11], [12, 12], [13, 13], [14, 14], [15, 15], [16, 16], [17, 17], [18, 18], [19, 19], [20, 20], [21, 21], [22, 28], [23, 27], [24, 24], [27, 23], [28, 22], [29, 29], [30, 30]]","[23, 24, 25, 26, 27]","[23, 24, 25, 26, 27]",True,
CHEMBL234_Ki,1243,2242,2247,161,test,True,1.9604914587163265,23.0,"[[1, 0], [2, 1], [3, 2], [4, 3], [5, 4], [6, 5], [7, 6], [8, 7], [9, 8], [10, 9], [11, 10], [12, 11], [13, 12], [14, 13], [15, 14], [16, 15], [17, 16], [18, 17], [19, 18], [20, 19], [21, 20], [28, 26], [29, 27]]","[0, 1, 2, 20, 21, 22, 23, 24, 25, 26, 27]","[19, 20, 21, 22, 23, 24, 25]",True,
CHEMBL234_Ki,1246,2258,2264,76,test,True,1.8684737885056155,23.0,"[[0, 0], [1, 1], [2, 2], [3, 3], [4, 4], [5, 5], [6, 6], [7, 7], [8, 8], [10, 9], [11, 10], [12, 11], [13, 12], [15, 16], [16, 15], [17, 14], [18, 19], [19, 18], [20, 17], [22, 21], [23, 22], [24, 23], [25, 24]]","[7, 8, 9, 10, 11, 12, 13, 14, 15, 16, 19, 20, 21, 22]","[7, 8, 9, 10, 11, 12, 13, 14, 15, 18, 19, 20, 21]",True,
CHEMBL234_Ki,1255,2277,2282,162,test,True,1.1263888030035325,29.0,"[[1, 2], [2, 3], [3, 4], [4, 5], [5, 6], [6, 7], [7, 8], [8, 9], [9, 29], [10, 10], [11, 11], [12, 12], [13, 13], [14, 14], [15, 15], [16, 16], [17, 17], [18, 18], [19, 19], [20, 20], [21, 21], [22, 22], [23, 23], [24, 24], [25, 25], [26, 26], [27, 27], [28, 28], [29, 30]]","[0, 1, 2, 8, 9, 10, 11, 29]","[0, 1, 2, 3, 8, 9, 10, 11, 29]",True,
CHEMBL234_Ki,1260,2289,2291,163,calibration,True,1.304634119932806,32.0,"[[0, 0], [1, 1], [2, 2], [3, 3], [4, 4], [5, 5], [6, 6], [7, 7], [8, 8], [9, 9], [10, 10], [11, 11], [14, 12], [15, 13], [16, 14], [17, 15], [18, 16], [19, 17], [20, 18], [21, 19], [22, 20], [23, 21], [24, 22], [25, 23], [26, 24], [27, 25], [28, 26], [29, 27], [30, 28], [31, 29], [32, 30], [33, 31]]","[10, 11, 12, 13, 14, 15, 32]","[10, 11, 12, 13, 30]",True,
CHEMBL234_Ki,1294,2331,2465,165,calibration,True,3.3312385138696907,21.0,"[[0, 0], [1, 1], [2, 2], [3, 3], [4, 4], [5, 5], [6, 6], [7, 7], [8, 8], [9, 9], [10, 10], [11, 11], [15, 30], [16, 29], [17, 28], [18, 27], [19, 26], [20, 25], [21, 21], [22, 22], [23, 23]]","[1, 10, 11, 12, 13, 14, 15, 16, 19, 20, 23, 24, 25, 26, 27, 28, 29, 30, 31]","[1, 10, 11, 12, 13, 14, 15, 16, 17, 18, 19, 20, 23, 24, 25, 26, 29, 30, 31]",True,
CHEMBL234_Ki,1311,2349,2353,167,calibration,True,1.046996562676224,37.0,"[[0, 10], [1, 9], [2, 8], [3, 7], [4, 6], [5, 5], [6, 4], [7, 3], [8, 2], [9, 1], [10, 0], [38, 11], [39, 12], [40, 13], [41, 19], [42, 18], [43, 16], [44, 17], [45, 15], [46, 14], [47, 36], [48, 35], [49, 22], [50, 23], [51, 24], [52, 25], [53, 26], [54, 27], [55, 28], [56, 34], [57, 33], [58, 31], [59, 32], [60, 30], [61, 29], [62, 21], [63, 20]]","[9, 10, 11, 12, 13, 14, 15, 16, 17, 18, 19, 20, 21, 22, 23, 24, 25, 26, 27, 28, 29, 30, 31, 32, 33, 34, 35, 36, 37]",[],True,
CHEMBL234_Ki,1391,2425,2429,168,test,True,1.6547663418439669,27.0,"[[0, 0], [1, 1], [2, 2], [3, 3], [6, 4], [7, 5], [8, 6], [9, 7], [10, 8], [11, 9], [12, 10], [13, 11], [14, 12], [15, 13], [16, 14], [17, 15], [18, 16], [19, 17], [20, 18], [21, 19], [22, 20], [23, 21], [24, 22], [25, 23], [26, 24], [27, 25], [28, 26]]","[2, 3, 4, 5, 6, 7, 20]","[2, 3, 4, 5, 18]",True,
CHEMBL234_Ki,1394,2431,2432,169,calibration,True,1.4923612212763988,28.0,"[[0, 0], [1, 1], [2, 2], [3, 3], [4, 4], [5, 5], [6, 6], [7, 7], [8, 8], [9, 9], [10, 10], [11, 11], [12, 12], [13, 13], [14, 15], [15, 16], [16, 17], [17, 18], [18, 19], [19, 20], [20, 21], [21, 22], [22, 23], [23, 24], [24, 25], [25, 26], [26, 27], [27, 28]]",[],"[12, 13, 14, 15]",True,
CHEMBL234_Ki,1411,2464,2482,171,test,True,1.5420797955583074,29.0,"[[0, 0], [1, 1], [2, 2], [3, 3], [4, 4], [5, 5], [6, 6], [7, 7], [8, 8], [9, 9], [10, 10], [11, 11], [12, 12], [13, 13], [14, 14], [15, 16], [16, 17], [17, 18], [18, 19], [19, 20], [20, 21], [22, 24], [23, 29], [24, 28], [25, 27], [26, 26], [27, 25], [29, 31], [30, 32]]","[18, 20, 21, 22, 23, 26, 27, 28]","[13, 14, 15, 16, 19, 21, 22, 23, 24, 25, 28, 29, 30]",True,
CHEMBL234_Ki,1421,2477,3191,119,calibration,True,1.8444771757456808,31.0,"[[0, 0], [1, 1], [2, 2], [3, 3], [4, 4], [5, 5], [8, 7], [9, 8], [10, 9], [11, 10], [12, 11], [13, 12], [14, 13], [15, 14], [16, 15], [17, 16], [18, 17], [19, 18], [20, 19], [21, 20], [22, 21], [23, 22], [24, 23], [25, 24], [26, 25], [27, 26], [28, 27], [29, 28], [30, 29], [32, 31], [33, 32]]","[4, 5, 6, 7, 8, 9, 31, 32, 33]","[4, 5, 6, 7, 8, 30, 31, 32]",True,
CHEMBL234_Ki,1427,2512,2540,174,calibration,True,1.06229192747041,24.0,"[[0, 0], [1, 1], [2, 2], [3, 3], [4, 4], [5, 5], [6, 6], [7, 7], [8, 8], [9, 9], [10, 10], [11, 11], [12, 12], [13, 13], [22, 22], [23, 23], [24, 24], [25, 25], [29, 30], [30, 31], [31, 32], [32, 33], [33, 34], [34, 35]]","[0, 1, 2, 12, 13, 14, 15, 16, 17, 18, 19, 20, 21, 26, 27, 28, 29, 30, 33, 34]","[0, 1, 2, 12, 13, 14, 15, 16, 17, 18, 19, 20, 21, 26, 27, 28, 29, 30, 31, 34, 35]",True,
CHEMBL234_Ki,1468,2520,2830,176,test,True,1.8220378401581716,23.0,"[[0, 9], [1, 8], [2, 10], [3, 11], [4, 12], [5, 13], [6, 14], [7, 15], [8, 16], [9, 17], [10, 18], [11, 19], [22, 30], [23, 31], [24, 32], [25, 33], [26, 7], [27, 34], [28, 35], [29, 4], [30, 1], [34, 5], [35, 6]]","[10, 11, 12, 13, 14, 15, 16, 17, 18, 19, 20, 21, 22, 23, 29, 30, 31, 32, 33]","[0, 1, 2, 3, 4, 18, 19, 20, 21, 22, 23, 24, 25, 26, 27, 28, 29, 30, 31]",True,
CHEMBL234_Ki,1494,2526,2874,177,calibration,True,1.038506996920738,25.0,"[[0, 0], [1, 1], [2, 2], [3, 3], [4, 4], [5, 5], [6, 6], [7, 7], [8, 8], [9, 9], [10, 10], [11, 11], [12, 12], [13, 13], [14, 14], [15, 15], [17, 25], [18, 21], [19, 22], [20, 23], [25, 24], [26, 26], [27, 27], [28, 28], [29, 29]]","[14, 15, 16, 17, 18, 19, 20, 21, 22, 23, 24, 25, 26, 27]","[14, 15, 16, 17, 18, 19, 20, 21, 22, 24, 25, 26, 27]",True,
CHEMBL234_Ki,1621,2566,2608,178,test,True,1.049404856177861,26.0,"[[0, 0], [1, 1], [2, 2], [3, 3], [4, 4], [5, 5], [6, 6], [7, 7], [8, 8], [9, 9], [10, 10], [11, 11], [12, 12], [13, 13], [14, 14], [15, 15], [16, 16], [17, 17], [18, 18], [19, 19], [20, 20], [21, 21], [32, 32], [33, 33], [34, 34], [35, 35]]","[20, 21, 22, 23, 24, 25, 26, 27, 28, 29, 30, 31, 32, 33]","[20, 21, 22, 23, 24, 25, 26, 27, 28, 29, 30, 31, 32, 33]",True,
CHEMBL234_Ki,1663,2574,2657,179,calibration,True,1.3233063903751336,23.0,"[[1, 1], [2, 2], [3, 3], [4, 4], [5, 5], [6, 6], [7, 7], [8, 8], [9, 9], [10, 10], [11, 11], [12, 12], [13, 13], [14, 14], [15, 15], [16, 16], [17, 17], [28, 28], [29, 29], [30, 30], [31, 31], [32, 32], [33, 33]]","[0, 1, 2, 16, 17, 18, 19, 20, 21, 22, 23, 24, 25, 26, 27, 28, 29]","[0, 1, 2, 16, 17, 18, 19, 20, 21, 22, 23, 24, 25, 26, 27, 28, 29]",True,
CHEMBL234_Ki,1780,2603,2621,180,calibration,True,1.655491493017574,33.0,"[[0, 0], [1, 1], [2, 2], [3, 3], [4, 4], [5, 5], [6, 6], [7, 7], [8, 8], [9, 9], [10, 10], [11, 11], [12, 12], [13, 13], [14, 14], [15, 15], [16, 16], [17, 17], [18, 18], [19, 19], [20, 20], [21, 21], [22, 22], [26, 23], [27, 28], [28, 27], [29, 26], [30, 25], [31, 24], [32, 32], [33, 33], [34, 34], [35, 35]]","[21, 22, 23, 24, 25, 26, 27, 30, 31, 32]","[21, 22, 23, 24, 26, 27, 28, 29, 30, 31, 32]",True,
CHEMBL234_Ki,1921,2673,2905,182,test,True,1.061452479087193,26.0,"[[0, 0], [1, 1], [2, 2], [3, 3], [4, 4], [5, 5], [6, 6], [7, 7], [8, 8], [9, 9], [10, 10], [11, 32], [12, 31], [13, 13], [14, 14], [15, 15], [16, 16], [17, 17], [18, 18], [19, 19], [20, 20], [29, 29], [30, 30], [31, 12], [32, 11], [33, 33]]","[19, 20, 21, 22, 23, 24, 25, 26, 27, 28]","[19, 20, 21, 22, 23, 24, 25, 26, 27, 28]",True,
CHEMBL234_Ki,2221,2818,3163,39,calibration,True,3.171613956700937,19.0,"[[2, 1], [3, 2], [4, 3], [5, 4], [6, 5], [7, 6], [8, 7], [9, 8], [10, 9], [11, 10], [12, 11], [13, 12], [14, 13], [15, 14], [16, 15], [25, 24], [26, 25], [27, 26], [28, 27]]","[0, 1, 2, 3, 15, 16, 17, 18, 19, 20, 21, 22, 23, 24]","[0, 1, 2, 14, 15, 16, 17, 18, 19, 20, 21, 22, 23]",True,
CHEMBL234_Ki,2272,2860,2898,187,calibration,True,1.1530810160941185,27.0,"[[0, 0], [1, 1], [2, 2], [4, 3], [5, 4], [6, 5], [7, 6], [8, 7], [9, 8], [10, 9], [11, 10], [12, 11], [13, 12], [14, 13], [15, 14], [16, 15], [22, 21], [23, 22], [24, 23], [25, 24], [26, 25], [27, 26], [28, 27], [29, 28], [30, 29], [31, 30], [32, 31]]","[1, 2, 3, 4, 5, 15, 16, 17, 18, 19, 20, 21, 22, 23, 24, 26, 27, 28, 31]","[1, 2, 3, 4, 14, 15, 16, 17, 18, 19, 20, 21, 22, 23, 25, 26, 27, 30]",True,
CHEMBL234_Ki,2280,2865,3155,183,test,True,2.0349775835555715,25.0,"[[0, 6], [1, 5], [2, 7], [3, 8], [4, 9], [5, 10], [6, 11], [7, 12], [8, 13], [9, 14], [10, 15], [11, 16], [12, 17], [13, 18], [14, 19], [23, 28], [24, 29], [25, 30], [26, 31], [27, 4], [28, 32], [29, 33], [30, 1], [32, 2], [33, 3]]","[13, 14, 15, 16, 17, 18, 19, 20, 21, 22, 29, 30, 31, 32]","[0, 1, 2, 18, 19, 20, 21, 22, 23, 24, 25, 26, 27, 33]",True,
CHEMBL234_Ki,2360,2987,2988,188,calibration,True,1.5665366059135657,30.0,"[[0, 0], [1, 1], [2, 2], [3, 3], [4, 4], [5, 5], [6, 6], [7, 7], [8, 8], [9, 9], [10, 10], [11, 11], [12, 12], [13, 13], [14, 14], [15, 15], [16, 16], [18, 17], [19, 18], [20, 19], [21, 20], [22, 21], [23, 22], [24, 23], [25, 24], [26, 29], [27, 28], [28, 27], [29, 26], [30, 25]]","[15, 16, 17, 18]",[],True,
CHEMBL234_Ki,2375,3004,3030,189,test,True,2.4000681622993456,29.0,"[[0, 0], [1, 1], [2, 2], [3, 3], [4, 4], [5, 5], [6, 6], [7, 7], [8, 8], [9, 9], [10, 10], [11, 11], [12, 12], [13, 14], [14, 13], [15, 22], [16, 17], [17, 18], [18, 19], [19, 20], [20, 21], [21, 16], [22, 15], [23, 23], [24, 24], [25, 25], [26, 26], [27, 27], [28, 28]]","[11, 12, 13, 14, 22, 23, 27, 28, 29, 30, 31, 32, 33]","[11, 12, 13, 14, 22, 23, 27, 28, 29, 30, 31, 32, 33]",True,
CHEMBL234_Ki,2382,3011,3017,190,calibration,True,1.5000350725157665,34.0,"[[0, 0], [1, 1], [2, 2], [3, 3], [4, 4], [5, 5], [6, 6], [7, 7], [8, 8], [9, 9], [10, 10], [11, 11], [12, 12], [13, 13], [14, 14], [15, 15], [16, 16], [18, 17], [19, 18], [20, 20], [21, 21], [22, 22], [23, 23], [24, 24], [25, 25], [26, 26], [27, 27], [28, 28], [29, 29], [30, 30], [31, 31], [32, 32], [33, 33], [34, 34]]","[13, 15, 16, 17, 18, 19, 20, 21, 22, 23]","[13, 17, 18, 19, 20, 21, 22, 23]",True,
CHEMBL234_Ki,2393,3083,3112,194,calibration,True,1.5743528316426048,36.0,"[[0, 0], [1, 1], [2, 2], [3, 3], [4, 4], [6, 5], [7, 7], [8, 8], [9, 9], [10, 10], [11, 11], [12, 12], [13, 13], [14, 14], [15, 15], [16, 16], [17, 17], [18, 18], [19, 19], [20, 20], [21, 21], [22, 22], [23, 23], [24, 24], [25, 25], [26, 26], [27, 27], [28, 28], [29, 29], [30, 30], [31, 31], [32, 32], [33, 33], [34, 34], [35, 35], [36, 36]]","[3, 4, 5, 6]","[3, 4, 5, 6]",True,
CHEMBL234_Ki,2394,3084,3091,195,calibration,True,1.1100043214663815,27.0,"[[5, 5], [6, 6], [7, 7], [8, 8], [9, 9], [10, 10], [11, 12], [12, 13], [13, 14], [14, 15], [15, 16], [16, 17], [17, 18], [18, 19], [19, 20], [20, 21], [21, 22], [22, 23], [23, 24], [24, 25], [25, 26], [26, 27], [27, 28], [28, 29], [29, 30], [30, 31], [31, 32]]","[0, 1, 2, 3, 4, 5, 6, 9, 10, 11, 12]","[0, 1, 2, 3, 4, 5, 6, 9, 10, 11, 12, 13]",True,
CHEMBL234_Ki,2396,3089,3100,196,test,True,1.3824880888523907,28.0,"[[0, 0], [1, 1], [2, 2], [3, 3], [4, 4], [5, 5], [6, 6], [7, 7], [8, 8], [9, 9], [10, 10], [11, 11], [12, 12], [13, 13], [14, 14], [15, 15], [16, 16], [17, 17], [18, 18], [19, 19], [20, 20], [21, 21], [22, 22], [23, 23], [24, 24], [25, 25], [26, 26], [27, 27]]","[26, 27, 28, 29, 30, 31]","[26, 27, 28, 29, 30, 31, 32, 33, 34, 35, 36, 37]",True,
CHEMBL234_Ki,2397,3093,3095,197,test,True,1.7427717473158788,36.0,"[[0, 0], [1, 1], [2, 2], [3, 3], [4, 4], [5, 5], [6, 6], [7, 7], [8, 8], [9, 9], [10, 10], [11, 11], [12, 12], [13, 13], [14, 14], [15, 15], [16, 16], [17, 17], [18, 18], [19, 19], [20, 20], [21, 21], [22, 22], [23, 23], [24, 24], [25, 25], [26, 26], [27, 29], [28, 28], [29, 27], [30, 32], [31, 33], [32, 34], [33, 35], [34, 31], [35, 30]]","[1, 25, 26, 27, 28, 35]","[1, 25, 26, 27, 28, 32]",True,
CHEMBL234_Ki,2404,3096,3118,198,calibration,True,1.0703475198396877,27.0,"[[0, 0], [1, 1], [2, 2], [3, 3], [4, 4], [5, 5], [6, 6], [7, 7], [8, 8], [9, 9], [10, 10], [11, 11], [12, 12], [13, 13], [14, 14], [15, 15], [16, 16], [17, 17], [18, 18], [19, 19], [20, 20], [21, 21], [22, 22], [23, 23], [24, 24], [25, 25], [26, 26]]","[1, 25, 26, 27, 28, 29, 30, 31, 32, 33, 34, 35, 36]","[1, 25, 26, 27, 28, 29, 30, 31, 32, 33]",True,
CHEMBL234_Ki,2407,3103,3104,199,calibration,True,1.32899004602299,29.0,"[[0, 0], [1, 1], [2, 2], [3, 3], [4, 4], [5, 5], [6, 6], [7, 7], [8, 8], [9, 9], [10, 10], [11, 11], [12, 12], [13, 13], [14, 14], [15, 15], [16, 16], [17, 18], [18, 19], [19, 21], [20, 22], [21, 23], [22, 24], [23, 25], [24, 26], [25, 27], [26, 28], [27, 29], [28, 30]]",[],"[13, 15, 16, 17, 18, 19, 20]",True,
CHEMBL234_Ki,2443,3196,3213,202,test,True,1.0334916193017456,33.0,"[[0, 0], [1, 1], [2, 2], [3, 3], [4, 4], [5, 5], [6, 6], [7, 7], [8, 8], [9, 9], [10, 10], [11, 11], [12, 12], [13, 13], [14, 14], [15, 15], [16, 16], [17, 17], [18, 18], [19, 19], [20, 20], [21, 21], [22, 22], [23, 23], [24, 24], [25, 25], [26, 26], [27, 27], [28, 28], [29, 29], [30, 30], [37, 36], [38, 37]]","[29, 30, 31, 32, 33, 34, 35, 36, 37]","[29, 30, 31, 32, 33, 34, 35, 36]",True,
CHEMBL234_Ki,2460,3329,3330,205,test,True,1.531778189695813,28.0,"[[0, 0], [1, 1], [2, 2], [3, 3], [4, 4], [5, 5], [6, 6], [7, 7], [8, 8], [9, 9], [10, 10], [11, 11], [12, 12], [13, 13], [14, 14], [15, 15], [16, 16], [22, 23], [23, 24], [24, 25], [25, 26], [26, 27], [27, 28], [28, 33], [29, 32], [30, 31], [31, 30], [32, 29]]","[15, 16, 17, 18, 19, 20, 21]","[15, 16, 17, 18, 19, 20, 21, 22]",True,
CHEMBL234_Ki,2474,3334,3338,207,test,True,1.452448808800889,31.0,"[[0, 0], [1, 1], [2, 2], [3, 3], [4, 4], [5, 5], [6, 6], [7, 7], [8, 8], [9, 9], [10, 10], [11, 11], [13, 30], [14, 13], [15, 14], [16, 15], [17, 16], [18, 17], [19, 18], [20, 19], [21, 20], [22, 21], [23, 22], [24, 27], [25, 26], [26, 25], [27, 24], [28, 23], [29, 28], [30, 29], [31, 12]]","[8, 10, 11, 12, 13, 14, 31, 32]","[8, 10, 11, 12, 13, 30]",True,
CHEMBL234_Ki,2486,3352,3353,208,test,True,1.3010299956639813,32.0,"[[0, 0], [1, 1], [2, 2], [3, 3], [4, 4], [5, 5], [6, 6], [7, 7], [8, 8], [9, 9], [10, 10], [11, 11], [12, 12], [13, 13], [14, 14], [15, 15], [16, 16], [17, 17], [18, 18], [19, 19], [20, 20], [21, 21], [22, 22], [23, 23], [24, 24], [25, 25], [26, 26], [27, 27], [30, 29], [31, 30], [32, 31], [33, 32]]","[21, 23, 24, 26, 27, 28, 29]","[21, 23, 24, 26, 27, 28]",True,
CHEMBL234_Ki,2488,3362,3367,210,test,True,1.1130395133085926,19.0,"[[0, 2], [1, 3], [2, 5], [3, 6], [4, 7], [5, 8], [6, 9], [7, 10], [8, 11], [9, 12], [10, 13], [11, 14], [12, 15], [13, 16], [14, 17], [15, 18], [16, 19], [17, 20], [18, 21]]","[0, 1, 2, 3, 18]","[0, 1, 2, 3, 4, 5, 6, 21]",True,
CHEMBL234_Ki,2490,3365,3366,211,calibration,True,1.852397278755756,16.0,"[[0, 0], [1, 1], [2, 2], [3, 3], [4, 4], [5, 5], [6, 6], [7, 7], [8, 13], [9, 12], [10, 10], [11, 11], [12, 9], [18, 8], [19, 19], [20, 20]]","[7, 10, 12, 13, 14, 15, 16, 17, 18]","[7, 10, 12, 13, 14, 15, 16, 17, 18]",True,
CHEMBL234_Ki,2491,3372,3379,212,test,True,1.1399972079684062,23.0,"[[2, 0], [3, 1], [4, 2], [5, 3], [6, 5], [7, 6], [8, 7], [9, 8], [10, 9], [11, 10], [12, 11], [13, 12], [14, 13], [15, 14], [16, 15], [17, 16], [18, 17], [19, 18], [20, 19], [21, 20], [22, 21], [23, 22], [24, 23]]","[0, 1, 2, 3, 4, 5, 6, 7, 23, 24]","[2, 3, 4, 5, 6, 22, 23]",True,
CHEMBL234_Ki,2502,3429,3438,216,calibration,True,2.290564561985816,26.0,"[[0, 0], [1, 1], [2, 2], [3, 3], [4, 4], [5, 5], [6, 6], [7, 7], [8, 8], [9, 10], [10, 11], [11, 12], [12, 13], [13, 14], [14, 15], [15, 16], [16, 17], [17, 18], [18, 19], [19, 20], [20, 21], [21, 22], [23, 25], [24, 26], [25, 27], [26, 28]]","[20, 21, 22, 23]","[7, 8, 9, 21, 22, 23, 24, 25]",True,
CHEMBL234_Ki,2505,3442,3443,217,calibration,True,1.4471580313422183,35.0,"[[0, 0], [1, 1], [2, 2], [3, 3], [4, 4], [5, 5], [6, 6], [7, 7], [8, 8], [9, 9], [10, 10], [11, 11], [12, 13], [13, 14], [14, 15], [15, 16], [16, 17], [17, 18], [18, 19], [19, 20], [20, 21], [21, 26], [22, 25], [23, 24], [24, 23], [25, 22], [26, 27], [27, 33], [28, 32], [29, 30], [30, 31], [31, 29], [32, 28], [33, 34], [34, 35]]","[10, 11, 12, 13, 33]","[10, 11, 12, 13, 14, 34]",True,
CHEMBL234_Ki,2533,3514,3515,218,calibration,True,2.280977905338208,34.0,"[[0, 0], [1, 1], [2, 2], [3, 3], [4, 4], [5, 5], [6, 6], [7, 7], [8, 8], [9, 9], [10, 10], [11, 11], [12, 12], [13, 13], [14, 14], [15, 19], [16, 15], [17, 16], [18, 17], [19, 18], [20, 20], [21, 21], [22, 22], [23, 23], [24, 33], [25, 32], [26, 26], [27, 27], [28, 28], [29, 29], [30, 30], [31, 31], [32, 25], [33, 24]]","[14, 15, 16, 17, 18, 19, 20]","[13, 14, 15, 16, 17, 18, 19]",True,
CHEMBL234_Ki,2534,3518,3522,219,calibration,True,1.1500574174989318,30.0,"[[0, 0], [1, 1], [2, 2], [3, 3], [4, 4], [5, 5], [6, 6], [7, 7], [8, 8], [9, 9], [10, 10], [11, 11], [12, 12], [13, 13], [14, 14], [15, 15], [16, 16], [17, 17], [18, 18], [19, 19], [20, 20], [21, 21], [26, 26], [27, 27], [28, 28], [29, 29], [30, 30], [31, 31], [32, 32], [33, 33]]","[20, 21, 22, 23, 24, 25, 26, 27]","[20, 21, 22, 23, 24, 25, 26, 27]",True,
CHEMBL234_Ki,2535,3544,3545,220,test,True,1.116093329380396,22.0,"[[1, 0], [2, 1], [3, 2], [4, 3], [5, 4], [6, 5], [7, 6], [8, 7], [9, 8], [10, 9], [11, 10], [12, 11], [13, 12], [15, 14], [16, 15], [17, 16], [18, 17], [19, 18], [20, 19], [21, 20], [22, 21], [23, 22]]","[0, 1, 2, 12, 13, 14, 15, 16, 20, 21, 22]","[11, 12, 13, 14, 15, 19, 20, 21]",True,
CHEMBL234_Ki,2562,3612,3613,223,test,True,1.256126422493601,28.0,"[[0, 0], [1, 1], [2, 2], [3, 3], [4, 4], [5, 5], [6, 6], [7, 7], [8, 8], [9, 9], [10, 10], [11, 11], [12, 12], [13, 14], [14, 15], [15, 16], [16, 17], [17, 18], [18, 19], [19, 20], [20, 21], [21, 22], [22, 23], [23, 24], [24, 25], [25, 26], [26, 27], [27, 28]]",[],"[11, 12, 13, 14]",True,
CHEMBL234_Ki,2585,3640,3641,226,test,True,1.0993846321359122,23.0,"[[0, 0], [1, 1], [2, 2], [3, 3], [4, 4], [5, 5], [6, 6], [7, 7], [8, 8], [9, 9], [10, 10], [11, 11], [12, 12], [13, 13], [14, 14], [16, 19], [17, 20], [18, 15], [23, 16], [24, 17], [25, 21], [26, 22], [27, 23]]","[13, 14, 15, 16, 17, 18, 19, 20, 21, 22, 23, 24, 25]","[13, 14, 15, 16, 17, 18, 19, 20, 21]",True,
CHEMBL235_EC50,13,24,1379,1,test,True,1.069635928141394,31.0,"[[0, 0], [1, 1], [2, 2], [3, 3], [4, 4], [5, 5], [6, 6], [7, 7], [8, 8], [9, 9], [10, 10], [11, 11], [13, 12], [14, 13], [15, 15], [16, 16], [17, 17], [18, 18], [20, 20], [21, 21], [22, 26], [23, 25], [24, 24], [25, 23], [26, 22], [27, 27], [28, 28], [29, 29], [30, 30], [31, 31], [32, 32]]","[10, 11, 12, 13, 17, 18, 19, 20, 21, 27]","[12, 13, 14, 15, 17, 18, 19, 20, 21, 27]",True,
CHEMBL235_EC50,24,29,42,3,test,True,2.0,29.0,"[[0, 0], [1, 1], [2, 2], [3, 3], [4, 4], [5, 5], [6, 6], [7, 7], [8, 8], [9, 9], [10, 10], [11, 12], [12, 13], [13, 14], [14, 15], [15, 16], [16, 18], [17, 17], [18, 23], [19, 21], [20, 22], [21, 20], [22, 19], [23, 24], [24, 25], [25, 26], [26, 27], [27, 28], [28, 29]]","[9, 10, 11, 12, 14, 15, 16, 17, 22, 23]","[9, 10, 11, 12, 13, 15, 16, 17, 18, 23, 24]",True,
CHEMBL235_EC50,34,49,1642,6,test,True,2.649450783858484,29.0,"[[0, 0], [1, 1], [2, 2], [3, 3], [4, 4], [10, 10], [11, 11], [12, 12], [13, 13], [14, 14], [15, 26], [16, 25], [17, 24], [18, 23], [19, 22], [20, 20], [21, 21], [22, 19], [23, 18], [24, 32], [25, 33], [26, 15], [27, 16], [28, 17], [29, 29], [30, 30], [31, 31], [32, 28], [33, 27]]","[3, 4, 5, 6, 7, 8, 9, 13, 14, 15, 16, 33]","[3, 4, 5, 6, 7, 8, 9, 13, 14, 15, 16, 33]",True,
CHEMBL235_EC50,42,69,222,11,calibration,True,1.852489756399403,29.0,"[[0, 0], [1, 1], [2, 2], [3, 3], [4, 4], [5, 5], [6, 6], [7, 7], [8, 8], [9, 9], [10, 10], [11, 11], [13, 15], [14, 14], [15, 13], [16, 18], [17, 17], [18, 16], [19, 22], [20, 21], [21, 20], [22, 19], [23, 24], [24, 23], [25, 25], [26, 26], [27, 27], [28, 28], [29, 29]]","[10, 11, 12, 13, 14, 17, 18, 19, 20, 23, 24]","[10, 11, 12, 13, 14, 17, 18, 19, 20, 23, 24]",True,
CHEMBL235_EC50,54,84,229,8,test,True,4.880000243300666,39.0,"[[0, 0], [1, 1], [3, 3], [4, 4], [5, 5], [6, 6], [7, 7], [8, 8], [9, 9], [11, 11], [12, 12], [13, 13], [14, 14], [15, 15], [16, 40], [17, 39], [18, 18], [19, 19], [20, 20], [21, 21], [22, 22], [23, 23], [24, 24], [25, 25], [26, 26], [27, 27], [28, 28], [29, 29], [30, 30], [31, 31], [32, 32], [33, 33], [37, 34], [38, 35], [39, 36], [40, 37], [41, 38], [42, 17], [43, 16]]","[0, 1, 2, 3, 4, 10, 11, 12, 32, 33, 34, 35, 36, 37]","[0, 1, 2, 3, 4, 10, 11, 12]",True,
CHEMBL235_EC50,58,87,89,13,calibration,True,1.1424841919930016,39.0,"[[0, 0], [1, 1], [2, 2], [3, 3], [4, 4], [5, 5], [6, 6], [7, 7], [8, 8], [9, 9], [10, 10], [11, 11], [12, 21], [13, 22], [14, 23], [15, 24], [16, 20], [17, 18], [18, 19], [19, 17], [20, 12], [21, 13], [22, 14], [23, 15], [24, 16], [25, 25], [26, 26], [27, 27], [28, 28], [29, 29], [30, 30], [31, 31], [32, 32], [33, 33], [34, 34], [35, 35], [36, 36], [37, 37], [38, 38]]","[10, 11, 12, 13, 16]","[10, 11, 12, 13, 17]",True,
CHEMBL235_EC50,92,119,1643,5,calibration,True,2.7708520116421447,26.0,"[[0, 0], [1, 1], [2, 2], [3, 3], [4, 24], [5, 23], [6, 22], [7, 27], [8, 26], [9, 25], [10, 10], [11, 11], [12, 12], [13, 13], [14, 14], [15, 15], [16, 16], [17, 17], [18, 18], [19, 19], [20, 20], [28, 28], [29, 29], [30, 30], [31, 31], [32, 32]]","[2, 3, 4, 5, 9, 10, 19, 20, 21, 22, 23, 24, 25, 26, 27, 28]","[2, 3, 4, 5, 6, 7, 8, 9, 10, 19, 20, 21, 22, 23, 27, 28]",True,
CHEMBL235_EC50,121,191,199,17,test,True,1.1023729087095582,30.0,"[[4, 2], [5, 1], [6, 3], [7, 4], [8, 5], [9, 6], [10, 7], [11, 8], [12, 9], [13, 10], [14, 11], [15, 12], [16, 13], [17, 14], [18, 15], [19, 16], [20, 17], [21, 18], [22, 19], [23, 20], [24, 21], [25, 22], [26, 23], [27, 24], [28, 25], [29, 26], [30, 27], [31, 28], [32, 29], [33, 30]]","[0, 1, 2, 3, 4, 5]","[0, 1, 2, 3]",True,
CHEMBL235_EC50,125,196,204,18,test,True,1.258177495746713,28.0,"[[0, 0], [1, 1], [2, 2], [3, 3], [4, 4], [5, 5], [6, 6], [7, 7], [8, 8], [9, 9], [10, 10], [11, 11], [12, 12], [13, 13], [14, 14], [15, 15], [16, 16], [17, 17], [18, 18], [19, 19], [20, 20], [21, 21], [22, 22], [23, 23], [24, 24], [25, 25], [30, 30], [31, 31]]","[24, 25, 26, 27, 28, 29]","[24, 25, 26, 27, 28, 29]",True,
CHEMBL235_EC50,164,256,257,20,calibration,True,1.795880017344075,33.0,"[[0, 0], [1, 1], [2, 2], [3, 3], [4, 4], [5, 5], [6, 6], [7, 7], [8, 8], [9, 9], [10, 10], [11, 11], [12, 12], [13, 13], [14, 14], [15, 15], [16, 16], [17, 17], [18, 29], [19, 28], [20, 20], [21, 21], [22, 22], [23, 23], [24, 24], [25, 25], [26, 26], [27, 27], [28, 19], [29, 18], [31, 30], [32, 31], [33, 32]]","[17, 28, 29, 30]",[],True,
CHEMBL235_EC50,166,262,263,22,test,True,1.3735806628125928,26.0,"[[0, 0], [1, 1], [2, 2], [3, 3], [4, 4], [5, 5], [6, 6], [7, 7], [8, 8], [9, 9], [10, 10], [11, 11], [12, 12], [13, 13], [14, 14], [15, 15], [16, 16], [17, 17], [18, 18], [19, 39], [20, 40], [21, 41], [22, 42], [23, 43], [24, 44], [25, 45]]",[],"[17, 18, 19, 20, 21, 22, 23, 24, 25, 26, 27, 28, 29, 30, 31, 32, 33, 34, 35, 36, 37, 38, 39]",True,
CHEMBL235_EC50,168,268,271,23,test,True,1.1856365769619115,28.0,"[[0, 0], [1, 1], [2, 2], [3, 3], [4, 4], [5, 5], [6, 6], [7, 7], [8, 8], [9, 9], [10, 10], [11, 11], [12, 12], [13, 13], [14, 14], [15, 15], [16, 16], [17, 17], [18, 18], [19, 19], [20, 20], [21, 21], [22, 22], [23, 23], [24, 24], [25, 25], [29, 27], [30, 28]]","[23, 24, 25, 26, 27, 28]","[23, 24, 25, 26]",True,
CHEMBL235_EC50,176,352,1747,27,test,True,1.4499669810028424,19.0,"[[0, 0], [1, 1], [2, 2], [3, 3], [4, 4], [5, 14], [6, 20], [7, 19], [8, 17], [9, 16], [10, 15], [11, 13], [12, 10], [13, 9], [14, 8], [15, 7], [16, 6], [18, 12], [19, 11]]","[3, 4, 5, 6, 10, 11, 12, 13, 15, 16, 17, 19]","[3, 4, 5, 6, 7, 13, 14, 15, 16, 17, 18, 19, 20]",True,
CHEMBL235_EC50,182,365,1506,30,test,True,1.5314789170422554,36.0,"[[0, 0], [1, 1], [2, 2], [3, 3], [4, 4], [5, 5], [6, 6], [7, 7], [11, 11], [12, 12], [13, 13], [14, 14], [15, 15], [16, 16], [17, 17], [18, 18], [19, 19], [20, 20], [21, 21], [22, 22], [23, 23], [24, 24], [25, 26], [26, 27], [27, 32], [29, 28], [30, 29], [31, 30], [32, 31], [33, 33], [34, 34], [35, 25], [36, 35], [37, 36], [38, 37], [39, 38]]","[6, 7, 8, 9, 10, 11, 12, 25, 26, 27, 28, 29, 30, 31, 32, 33, 34, 35]","[6, 7, 8, 9, 10, 11, 12, 25, 26, 27, 28, 29, 30, 31, 32, 33, 34]",True,
CHEMBL235_EC50,191,397,405,34,test,True,1.4091241756245507,34.0,"[[0, 0], [1, 1], [2, 2], [3, 3], [4, 4], [5, 5], [6, 6], [7, 7], [8, 8], [9, 9], [10, 10], [11, 11], [12, 12], [13, 13], [14, 14], [15, 15], [16, 16], [17, 17], [18, 18], [19, 21], [20, 22], [21, 23], [22, 24], [23, 25], [24, 26], [25, 27], [26, 28], [27, 29], [28, 30], [29, 31], [30, 32], [31, 33], [32, 34], [33, 35]]",[],"[17, 18, 19, 20, 21]",True,
CHEMBL235_EC50,198,415,436,36,calibration,True,2.8819549713396,25.0,"[[0, 0], [1, 1], [2, 2], [3, 3], [4, 4], [5, 5], [6, 6], [7, 7], [8, 8], [9, 9], [10, 10], [11, 11], [12, 12], [13, 13], [14, 14], [15, 15], [16, 16], [17, 17], [18, 18], [24, 26], [25, 27], [26, 28], [27, 29], [28, 30], [29, 31]]","[17, 18, 19, 20, 21, 22, 23]","[17, 18, 19, 20, 21, 22, 23, 24, 25]",True,
CHEMBL235_EC50,218,428,437,37,test,True,1.113943352306837,30.0,"[[0, 0], [1, 1], [2, 2], [3, 3], [4, 4], [5, 5], [6, 6], [7, 7], [8, 8], [9, 9], [10, 10], [11, 11], [12, 12], [13, 13], [14, 14], [15, 15], [16, 16], [17, 17], [18, 18], [19, 27], [20, 26], [25, 21], [26, 20], [31, 19], [32, 28], [33, 29], [34, 30], [35, 31], [36, 32], [37, 33]]","[19, 20, 21, 22, 23, 24, 25, 26, 27, 28, 29, 30, 31]","[20, 21, 22, 23, 24, 25, 26]",True,
CHEMBL235_EC50,257,475,476,38,calibration,True,1.3979400086720375,36.0,"[[0, 0], [1, 1], [2, 2], [3, 3], [4, 4], [5, 5], [6, 6], [7, 7], [8, 8], [9, 9], [10, 10], [11, 11], [12, 12], [13, 13], [14, 14], [15, 15], [16, 16], [17, 17], [18, 18], [19, 19], [20, 20], [21, 21], [22, 22], [23, 24], [24, 23], [25, 35], [26, 34], [27, 26], [28, 27], [29, 28], [30, 29], [31, 30], [32, 31], [33, 32], [34, 33], [35, 25]]","[21, 22, 23, 24, 35]","[21, 22, 23, 24, 35]",True,
CHEMBL235_EC50,259,479,480,39,test,True,1.7426129250046545,39.0,"[[0, 0], [1, 1], [2, 2], [3, 3], [4, 4], [5, 5], [6, 6], [7, 7], [8, 8], [9, 9], [10, 11], [11, 10], [12, 22], [13, 21], [14, 13], [15, 14], [16, 15], [17, 16], [18, 17], [19, 18], [20, 19], [21, 20], [22, 12], [23, 23], [24, 24], [25, 25], [26, 26], [27, 27], [28, 28], [29, 29], [30, 30], [31, 35], [32, 34], [33, 33], [34, 32], [35, 31], [36, 36], [37, 37], [38, 38]]","[8, 9, 10, 11, 22]","[8, 9, 10, 11, 22]",True,
CHEMBL235_EC50,265,509,519,41,calibration,True,1.2632414347745815,29.0,"[[1, 0], [2, 1], [3, 2], [4, 3], [5, 4], [6, 5], [7, 6], [8, 7], [9, 8], [10, 9], [11, 10], [12, 11], [13, 12], [14, 13], [15, 14], [16, 15], [17, 16], [18, 21], [19, 20], [20, 19], [21, 18], [23, 17], [24, 22], [25, 23], [26, 24], [27, 25], [28, 26], [29, 27], [30, 28]]","[0, 1, 2, 20, 21, 22, 23]",[],True,
CHEMBL235_EC50,266,512,517,42,test,True,1.2787536009528289,30.0,"[[0, 0], [1, 1], [2, 2], [3, 3], [4, 4], [5, 5], [6, 6], [7, 7], [8, 8], [9, 9], [10, 10], [11, 11], [12, 12], [13, 13], [14, 14], [15, 15], [16, 16], [17, 17], [18, 26], [19, 23], [20, 22], [23, 19], [24, 18], [25, 27], [26, 28], [27, 29], [28, 30], [29, 31], [30, 32], [31, 33]]","[19, 20, 21, 22, 23]","[18, 19, 20, 21, 22, 23, 24, 25, 26]",True,
CHEMBL235_EC50,267,514,520,43,calibration,True,1.0457574905606748,31.0,"[[0, 1], [1, 2], [2, 3], [3, 4], [4, 5], [5, 6], [6, 7], [7, 8], [8, 9], [9, 10], [10, 11], [11, 12], [12, 13], [13, 14], [14, 15], [15, 16], [16, 17], [17, 18], [18, 27], [19, 26], [20, 21], [21, 22], [25, 20], [26, 19], [27, 28], [28, 29], [29, 30], [30, 31], [31, 32], [32, 33], [33, 34]]","[20, 21, 22, 23, 24]","[0, 1, 2, 21, 22, 23, 24, 25]",True,
CHEMBL235_EC50,288,542,545,48,calibration,True,1.3030931562277548,39.0,"[[0, 0], [1, 1], [2, 2], [3, 3], [4, 4], [5, 5], [6, 6], [7, 7], [8, 8], [9, 9], [10, 10], [11, 11], [12, 12], [13, 13], [14, 14], [15, 15], [16, 18], [17, 19], [18, 20], [19, 21], [20, 22], [21, 23], [22, 24], [23, 25], [24, 26], [25, 27], [26, 28], [27, 29], [28, 30], [29, 31], [30, 32], [31, 33], [32, 34], [33, 35], [34, 36], [35, 37], [36, 38], [37, 39], [38, 40]]",[],"[14, 15, 16, 17, 18]",True,
CHEMBL235_EC50,293,552,577,50,calibration,True,1.720159303405957,32.0,"[[0, 0], [1, 1], [2, 3], [3, 2], [4, 31], [5, 30], [6, 5], [7, 6], [8, 7], [9, 8], [10, 9], [11, 10], [12, 11], [13, 12], [14, 13], [15, 14], [16, 15], [17, 16], [18, 17], [19, 18], [20, 19], [21, 20], [22, 21], [23, 22], [24, 23], [25, 24], [26, 26], [27, 25], [28, 27], [29, 28], [30, 29], [31, 4]]","[0, 1, 2, 3, 12, 13, 14, 15, 16, 17, 26, 27, 31]","[0, 1, 2, 3, 11, 12, 13, 14, 15, 16, 25, 26, 31]",True,
CHEMBL235_EC50,335,590,596,52,test,True,2.583684471482697,30.0,"[[0, 0], [1, 1], [2, 2], [3, 3], [4, 4], [5, 5], [6, 6], [7, 7], [8, 8], [9, 9], [10, 10], [11, 11], [12, 12], [13, 13], [14, 14], [15, 15], [16, 16], [17, 17], [18, 18], [19, 19], [20, 20], [21, 21], [22, 22], [23, 23], [24, 24], [25, 25], [26, 26], [27, 27], [28, 28], [36, 37]]","[26, 27, 28, 29, 30, 31, 32, 33, 34, 35]","[26, 27, 28, 29, 30, 31, 32, 33, 34, 35, 36]",True,
CHEMBL235_EC50,336,597,1780,53,test,True,1.126098402135539,31.0,"[[0, 0], [1, 1], [2, 2], [3, 3], [4, 4], [5, 5], [6, 6], [7, 7], [8, 9], [9, 10], [10, 11], [11, 12], [12, 8], [13, 13], [14, 14], [15, 15], [16, 16], [17, 18], [18, 19], [19, 20], [20, 21], [21, 22], [22, 23], [23, 24], [24, 25], [25, 26], [26, 27], [27, 28], [28, 29], [29, 30], [30, 31]]","[6, 7, 8, 9, 10, 11, 12, 15, 16, 17, 18]","[7, 8, 9, 10, 11, 12, 13, 15, 16, 17, 18, 19]",True,
CHEMBL235_EC50,337,598,2027,24,test,True,3.3010299956639813,27.0,"[[1, 3], [2, 2], [3, 26], [4, 27], [5, 22], [6, 23], [8, 10], [9, 11], [10, 12], [11, 13], [12, 14], [13, 15], [14, 16], [15, 17], [16, 18], [17, 19], [18, 20], [20, 8], [21, 7], [22, 25], [23, 24], [24, 4], [25, 5], [26, 28], [27, 29], [28, 30], [29, 31]]","[0, 1, 2, 3, 4, 5, 6, 7, 8, 9, 19, 20, 21, 24, 25, 26, 27]","[0, 1, 2, 3, 4, 5, 6, 7, 8, 9, 10, 11, 21, 22, 23, 26, 27, 28, 29]",True,
CHEMBL235_EC50,359,657,658,55,calibration,True,1.6386888866901224,32.0,"[[0, 0], [1, 1], [2, 2], [3, 3], [4, 4], [5, 5], [6, 6], [7, 7], [8, 8], [9, 9], [10, 10], [11, 11], [12, 12], [13, 13], [14, 14], [15, 15], [16, 16], [17, 17], [18, 19], [20, 20], [21, 21], [22, 22], [23, 23], [24, 24], [25, 25], [26, 26], [27, 27], [28, 28], [29, 29], [30, 30], [31, 31], [32, 32]]","[17, 18, 19, 20]","[16, 17, 18, 19]",True,
CHEMBL235_EC50,381,700,900,58,calibration,True,1.5217665949109698,37.0,"[[0, 0], [1, 1], [2, 2], [3, 3], [4, 4], [5, 5], [6, 6], [7, 7], [8, 8], [9, 9], [10, 10], [11, 11], [12, 12], [13, 13], [15, 15], [16, 16], [17, 17], [18, 18], [19, 19], [21, 20], [22, 21], [23, 22], [24, 23], [26, 32], [27, 31], [28, 30], [29, 29], [30, 34], [32, 28], [33, 35], [34, 24], [35, 25], [36, 26], [37, 27], [38, 33], [39, 36], [40, 37]]","[12, 13, 14, 15, 16, 18, 19, 20, 21, 22, 25, 26, 27, 29, 30, 31, 32, 33, 37, 38, 40]","[12, 13, 14, 15, 16, 18, 19, 20, 21, 24, 25, 27, 28, 29, 30, 34, 35, 37]",True,
CHEMBL235_EC50,382,702,712,59,calibration,True,1.0384582518191756,35.0,"[[0, 0], [1, 1], [2, 2], [3, 3], [4, 4], [5, 5], [6, 6], [7, 7], [8, 8], [9, 9], [10, 10], [11, 11], [12, 12], [13, 13], [14, 14], [15, 15], [16, 34], [17, 19], [18, 18], [19, 20], [20, 21], [21, 22], [22, 23], [25, 24], [26, 25], [27, 26], [28, 27], [29, 28], [30, 29], [31, 30], [32, 31], [33, 32], [34, 33], [35, 17], [36, 16]]","[17, 18, 19, 20, 21, 22, 23, 24, 25, 26, 30, 35]","[18, 19, 20, 21, 22, 23, 24, 25, 29, 34]",True,
CHEMBL235_EC50,386,714,718,61,calibration,True,1.4065401804339557,36.0,"[[0, 0], [1, 1], [2, 2], [3, 3], [4, 4], [5, 5], [6, 6], [7, 7], [8, 8], [9, 9], [10, 10], [11, 11], [12, 12], [13, 13], [14, 30], [15, 23], [18, 21], [19, 16], [20, 17], [21, 18], [22, 19], [23, 20], [24, 22], [25, 15], [28, 26], [29, 27], [30, 28], [31, 29], [32, 24], [33, 25], [34, 14], [35, 31], [36, 32], [37, 33], [38, 34], [39, 35]]","[14, 15, 16, 17, 18, 19, 23, 24, 25, 26, 27, 28, 29, 33, 34]","[14, 15, 16, 17, 21, 22, 23, 24, 25, 29, 30]",True,
CHEMBL235_EC50,396,747,748,62,test,True,1.6989700043360187,34.0,"[[0, 0], [1, 1], [2, 2], [3, 3], [4, 4], [5, 5], [6, 6], [7, 7], [8, 8], [9, 9], [10, 12], [11, 11], [12, 13], [13, 14], [14, 15], [15, 16], [16, 21], [17, 20], [18, 19], [19, 18], [20, 17], [21, 22], [22, 23], [23, 24], [24, 25], [25, 26], [26, 27], [27, 28], [28, 29], [29, 30], [30, 31], [31, 32], [32, 33], [33, 34]]","[8, 9, 10, 11, 12, 13, 21]","[8, 9, 10, 11, 12, 13, 14, 22]",True,
CHEMBL235_EC50,409,756,761,63,test,True,1.5100415205751654,29.0,"[[0, 0], [1, 1], [2, 2], [3, 3], [4, 4], [5, 5], [6, 6], [7, 7], [8, 8], [9, 9], [10, 10], [11, 11], [12, 12], [13, 13], [14, 14], [15, 15], [16, 16], [17, 17], [18, 18], [19, 19], [20, 20], [21, 21], [22, 22], [23, 23], [24, 24], [25, 31], [26, 32], [27, 33], [28, 34]]",[],"[23, 24, 25, 26, 27, 28, 29, 30, 31]",True,
CHEMBL235_EC50,510,876,883,69,calibration,True,2.967703944790085,37.0,"[[0, 0], [1, 1], [2, 2], [3, 3], [4, 4], [5, 5], [6, 6], [7, 7], [8, 8], [9, 9], [10, 10], [11, 11], [12, 12], [13, 13], [14, 14], [15, 16], [16, 15], [17, 36], [18, 35], [19, 18], [20, 19], [21, 20], [23, 21], [24, 22], [25, 23], [26, 24], [27, 25], [28, 26], [29, 27], [30, 28], [31, 29], [32, 30], [33, 31], [34, 32], [35, 33], [36, 34], [37, 17]]","[13, 14, 15, 16, 20, 21, 22, 23, 24, 25, 26, 37]","[13, 14, 15, 16, 19, 20, 21, 22, 23, 24, 36]",True,
CHEMBL235_EC50,526,897,899,72,calibration,True,1.2622774066719646,27.0,"[[0, 0], [1, 1], [2, 2], [3, 3], [4, 4], [5, 5], [6, 6], [7, 7], [8, 8], [9, 9], [10, 10], [11, 11], [12, 12], [13, 13], [14, 14], [15, 15], [16, 16], [17, 17], [18, 18], [19, 19], [20, 20], [21, 21], [22, 22], [23, 23], [24, 24], [25, 25], [26, 26]]","[2, 3, 4, 5]","[2, 3, 4, 5]",True,
CHEMBL235_EC50,532,915,916,73,test,True,1.1760912590556811,21.0,"[[0, 0], [1, 1], [2, 2], [3, 3], [4, 4], [5, 5], [6, 6], [7, 7], [8, 8], [9, 9], [10, 10], [11, 11], [12, 13], [17, 18], [18, 19], [19, 20], [20, 21], [21, 22], [22, 23], [23, 24], [24, 25]]","[8, 11, 12, 13, 14, 15, 16, 17]","[8, 10, 11, 12, 13, 14, 15, 16, 17, 18]",True,
CHEMBL235_EC50,557,935,943,76,test,True,1.493057471399796,34.0,"[[0, 0], [1, 1], [2, 2], [3, 3], [4, 4], [5, 5], [6, 6], [7, 7], [8, 8], [9, 9], [10, 10], [11, 11], [12, 12], [13, 13], [14, 14], [15, 15], [16, 35], [17, 34], [18, 18], [19, 17], [20, 19], [21, 20], [22, 21], [23, 22], [24, 23], [25, 24], [28, 27], [29, 28], [30, 33], [31, 32], [32, 31], [33, 30], [34, 29], [35, 16]]","[18, 19, 20, 21, 22, 23, 26, 27, 28, 29, 35]","[17, 18, 19, 20, 21, 22, 25, 26, 27, 28, 34]",True,
CHEMBL235_EC50,593,958,966,77,test,True,1.748188027006201,38.0,"[[0, 0], [1, 1], [2, 2], [3, 3], [4, 4], [5, 5], [6, 6], [7, 7], [8, 8], [9, 19], [10, 18], [11, 11], [12, 16], [13, 17], [14, 12], [15, 13], [16, 10], [17, 9], [18, 20], [19, 21], [20, 22], [21, 23], [22, 24], [23, 25], [24, 26], [28, 40], [29, 32], [30, 33], [31, 34], [32, 36], [33, 35], [34, 37], [35, 38], [36, 39], [37, 31], [38, 43], [39, 42], [40, 41]]","[10, 11, 12, 13, 14, 15, 16, 17, 23, 24, 25, 26, 27, 28, 29, 39, 40]","[10, 11, 12, 13, 14, 15, 16, 17, 18, 25, 26, 27, 28, 29, 30, 31, 32, 42, 43]",True,
CHEMBL235_EC50,598,973,974,79,calibration,True,1.804114680505469,25.0,"[[0, 0], [1, 1], [2, 2], [3, 3], [4, 4], [5, 5], [6, 6], [7, 7], [8, 8], [9, 9], [10, 10], [11, 11], [12, 12], [13, 13], [14, 14], [15, 20], [16, 19], [17, 17], [19, 16], [20, 15], [21, 21], [22, 22], [23, 23], [24, 24], [25, 25]]","[16, 17, 18, 19]","[16, 17, 18, 19]",True,
CHEMBL235_EC50,609,988,998,81,calibration,True,1.5440680443502757,31.0,"[[0, 0], [1, 1], [2, 2], [3, 3], [4, 4], [5, 5], [6, 6], [7, 7], [8, 8], [9, 9], [10, 10], [11, 11], [12, 12], [13, 13], [14, 14], [16, 15], [17, 16], [18, 17], [19, 18], [20, 19], [21, 20], [22, 21], [23, 22], [25, 24], [26, 25], [27, 26], [28, 27], [29, 28], [30, 29], [31, 30], [32, 31]]","[13, 14, 15, 16, 22, 23, 24, 25]","[21, 22, 23, 24]",True,
CHEMBL235_EC50,615,1021,1039,83,calibration,True,1.7608107255647232,27.0,"[[2, 3], [3, 1], [4, 2], [5, 4], [6, 25], [7, 24], [8, 7], [9, 8], [10, 9], [11, 10], [12, 11], [13, 12], [14, 13], [15, 14], [16, 15], [17, 21], [18, 20], [19, 18], [22, 17], [23, 16], [24, 22], [25, 23], [26, 6], [27, 5], [28, 26], [29, 27], [30, 28]]","[0, 1, 2, 3, 4, 5, 6, 18, 19, 20, 21, 22, 27]","[0, 1, 2, 3, 4, 5, 17, 18, 19, 20, 25, 26]",True,
CHEMBL235_EC50,621,1051,1052,86,test,True,1.6507930396519308,32.0,"[[2, 0], [3, 1], [4, 2], [5, 3], [6, 4], [7, 5], [8, 6], [9, 7], [10, 8], [11, 9], [12, 10], [13, 11], [14, 12], [15, 13], [16, 14], [17, 19], [18, 18], [19, 17], [20, 16], [21, 15], [22, 21], [23, 22], [24, 23], [25, 24], [26, 25], [27, 26], [28, 27], [29, 28], [30, 29], [31, 30], [32, 31], [33, 32]]","[0, 1, 2, 3]","[14, 18, 19, 20]",True,
CHEMBL235_EC50,624,1070,1075,68,test,True,1.6300887149282053,31.0,"[[0, 0], [1, 1], [2, 2], [3, 3], [4, 4], [5, 5], [6, 6], [7, 7], [8, 8], [9, 9], [10, 10], [11, 11], [12, 13], [13, 14], [14, 15], [15, 31], [16, 30], [17, 18], [18, 19], [19, 20], [20, 21], [21, 22], [22, 23], [23, 24], [24, 25], [25, 26], [26, 27], [27, 28], [28, 29], [29, 17], [30, 16]]","[1, 10, 11, 12, 13]","[1, 10, 11, 12, 13, 14]",True,
CHEMBL235_EC50,627,1076,1084,87,calibration,True,1.5228787452803374,33.0,"[[0, 1], [1, 2], [2, 3], [3, 4], [4, 5], [5, 6], [6, 7], [7, 8], [8, 9], [9, 12], [10, 10], [11, 11], [12, 13], [13, 14], [14, 15], [15, 16], [16, 17], [17, 18], [18, 19], [19, 20], [20, 21], [21, 34], [22, 32], [23, 24], [24, 25], [25, 26], [26, 28], [27, 27], [28, 29], [29, 30], [30, 31], [31, 23], [32, 22]]",[],"[0, 1, 2, 24, 32, 33, 34]",True,
CHEMBL235_EC50,629,1077,1079,88,test,True,1.653212513775343,33.0,"[[0, 0], [1, 1], [2, 2], [3, 3], [4, 4], [5, 5], [6, 6], [7, 7], [8, 8], [9, 9], [10, 10], [11, 11], [12, 20], [13, 19], [14, 14], [15, 15], [16, 16], [17, 17], [18, 18], [19, 13], [20, 12], [21, 21], [22, 23], [23, 24], [24, 25], [25, 26], [26, 27], [27, 28], [28, 30], [29, 29], [30, 31], [31, 32], [32, 33]]",[],"[10, 21, 22, 23]",True,
CHEMBL235_EC50,641,1085,1089,89,test,True,1.503336637556438,35.0,"[[0, 2], [1, 3], [2, 4], [3, 5], [4, 6], [5, 7], [6, 8], [7, 9], [8, 10], [9, 11], [10, 12], [11, 13], [12, 14], [13, 15], [14, 16], [15, 18], [16, 17], [17, 19], [18, 20], [19, 21], [20, 22], [21, 23], [22, 24], [23, 25], [24, 26], [25, 27], [26, 36], [27, 35], [28, 30], [29, 31], [30, 32], [31, 34], [32, 33], [33, 29], [34, 28]]",[],"[0, 1, 2, 3]",True,
CHEMBL235_EC50,646,1099,1101,90,test,True,1.1903316981702918,30.0,"[[0, 0], [1, 1], [2, 2], [3, 3], [4, 4], [5, 5], [6, 6], [7, 7], [8, 8], [9, 9], [10, 10], [11, 11], [12, 21], [13, 20], [14, 14], [21, 13], [22, 12], [23, 22], [24, 23], [25, 24], [26, 25], [27, 26], [28, 27], [29, 28], [30, 29], [31, 30], [32, 31], [33, 32], [34, 33], [35, 34]]","[13, 14, 15, 16, 17, 18, 19, 20, 21]","[13, 14, 15, 16, 17, 18, 19, 20]",True,
CHEMBL235_EC50,678,1132,1134,92,test,True,1.5667320289862188,39.0,"[[1, 32], [2, 31], [3, 30], [4, 29], [5, 28], [6, 27], [7, 26], [8, 13], [9, 14], [10, 15], [11, 16], [12, 25], [13, 24], [14, 19], [15, 20], [16, 21], [17, 22], [18, 23], [19, 18], [20, 17], [21, 12], [22, 11], [23, 10], [24, 9], [25, 8], [26, 7], [27, 6], [28, 5], [29, 4], [30, 3], [31, 1], [32, 0], [33, 2], [34, 35], [35, 34], [36, 39], [37, 38], [38, 37], [39, 36]]","[0, 1, 2]","[31, 32, 33]",True,
CHEMBL235_EC50,702,1226,1229,97,calibration,True,1.8538719643217616,36.0,"[[0, 0], [1, 1], [2, 2], [3, 3], [4, 4], [5, 5], [6, 6], [7, 7], [8, 8], [9, 9], [12, 12], [13, 13], [14, 14], [15, 15], [16, 16], [19, 19], [20, 20], [21, 30], [22, 29], [23, 23], [24, 24], [25, 25], [26, 26], [27, 27], [28, 28], [29, 22], [30, 21], [31, 31], [32, 32], [33, 33], [34, 34], [35, 35], [36, 36], [37, 37], [38, 38], [39, 39]]","[8, 9, 10, 11, 12, 13, 17, 18]","[8, 9, 10, 11, 12, 13, 17, 18]",True,
CHEMBL235_EC50,733,1279,1280,99,test,True,1.943556341585173,42.0,"[[0, 0], [1, 1], [2, 2], [3, 3], [4, 4], [5, 5], [6, 6], [7, 7], [8, 8], [9, 9], [10, 10], [11, 11], [12, 12], [13, 13], [14, 14], [15, 15], [16, 41], [17, 40], [18, 18], [19, 19], [20, 20], [21, 21], [22, 22], [23, 23], [24, 24], [25, 25], [26, 26], [27, 27], [28, 28], [29, 29], [30, 30], [31, 33], [32, 32], [33, 31], [34, 37], [35, 36], [36, 34], [37, 35], [38, 38], [39, 39], [40, 17], [41, 16]]","[27, 28, 29, 30, 31, 32, 36]","[27, 28, 29, 30, 31, 32, 37]",True,
CHEMBL235_EC50,743,1290,1297,100,test,True,1.786120180054919,32.0,"[[0, 0], [1, 1], [2, 2], [3, 3], [4, 4], [5, 5], [6, 6], [7, 7], [8, 8], [9, 9], [10, 10], [11, 11], [12, 12], [13, 13], [14, 14], [15, 15], [16, 16], [17, 17], [18, 18], [24, 28], [25, 29], [26, 30], [27, 31], [28, 32], [29, 33], [30, 34], [31, 35], [32, 36], [33, 37], [34, 38], [35, 39], [36, 40]]","[17, 18, 19, 20, 21, 22, 23]","[17, 18, 19, 20, 21, 22, 23, 24, 25, 26, 27]",True,
CHEMBL235_EC50,750,1331,1335,101,test,True,1.2852357284807487,21.0,"[[0, 0], [1, 1], [2, 2], [3, 3], [4, 4], [6, 6], [7, 7], [13, 13], [14, 14], [15, 15], [16, 16], [17, 17], [18, 18], [19, 19], [20, 20], [21, 25], [22, 24], [23, 23], [24, 22], [25, 21], [26, 26]]","[3, 4, 5, 6, 7, 8, 9, 10, 11, 12, 13]","[3, 4, 5, 6, 7, 8, 9, 10, 11, 12, 13]",True,
CHEMBL235_EC50,760,1376,1377,104,calibration,True,1.664207898076807,32.0,"[[0, 0], [1, 1], [2, 31], [3, 30], [4, 4], [5, 5], [6, 6], [7, 7], [8, 8], [9, 9], [10, 10], [11, 11], [12, 12], [13, 13], [14, 14], [15, 15], [16, 16], [18, 19], [19, 18], [20, 17], [21, 29], [22, 21], [23, 22], [24, 23], [25, 24], [26, 25], [27, 26], [28, 27], [29, 28], [30, 20], [31, 3], [32, 2]]","[15, 16, 17, 18, 19, 30]","[15, 16, 17, 18, 29]",True,
CHEMBL235_EC50,762,1406,1416,105,test,True,1.0425874437711684,33.0,"[[0, 0], [1, 1], [2, 2], [3, 3], [4, 4], [5, 5], [6, 6], [10, 7], [11, 9], [12, 10], [13, 11], [14, 12], [15, 13], [16, 14], [17, 15], [18, 16], [19, 17], [20, 18], [21, 19], [22, 20], [23, 21], [24, 22], [25, 23], [26, 24], [27, 25], [28, 26], [29, 27], [30, 28], [31, 29], [32, 30], [33, 31], [34, 32], [35, 33]]","[5, 6, 7, 8, 9]","[5, 7, 8, 9]",True,
CHEMBL235_EC50,774,1442,1464,106,calibration,True,2.6999716985996995,23.0,"[[0, 0], [1, 1], [2, 2], [3, 3], [4, 4], [5, 5], [6, 6], [7, 7], [8, 8], [9, 9], [10, 10], [11, 11], [12, 12], [13, 13], [14, 14], [15, 15], [16, 16], [22, 24], [23, 25], [24, 26], [25, 27], [26, 28], [27, 29]]","[15, 16, 17, 18, 19, 20, 21]","[15, 16, 17, 18, 19, 20, 21, 22, 23]",True,
CHEMBL235_EC50,803,1468,1484,107,calibration,True,1.329058719264225,28.0,"[[0, 2], [1, 3], [2, 4], [3, 5], [4, 6], [5, 7], [6, 8], [7, 9], [8, 10], [9, 11], [10, 12], [11, 13], [12, 14], [13, 15], [14, 16], [15, 17], [17, 18], [18, 21], [19, 22], [20, 23], [21, 24], [22, 25], [23, 26], [24, 27], [25, 28], [26, 29], [27, 30], [28, 31]]","[14, 15, 16, 17]","[0, 1, 2, 3, 17, 18, 19, 20]",True,
CHEMBL235_EC50,813,1507,1508,109,test,True,1.1442994246318294,40.0,"[[0, 0], [1, 1], [2, 2], [3, 3], [4, 4], [5, 5], [6, 6], [7, 7], [8, 8], [9, 9], [10, 10], [11, 11], [12, 12], [13, 25], [14, 24], [15, 23], [16, 14], [17, 15], [18, 16], [19, 17], [20, 18], [21, 19], [22, 20], [23, 21], [24, 22], [25, 13], [26, 27], [27, 28], [28, 29], [29, 30], [30, 31], [31, 32], [32, 33], [33, 34], [34, 35], [35, 36], [36, 37], [37, 38], [38, 39], [39, 40]]",[],"[12, 24, 25, 26]",True,
CHEMBL235_EC50,818,1515,1587,111,calibration,True,1.3853508813640172,36.0,"[[0, 0], [1, 1], [2, 2], [3, 3], [4, 4], [5, 5], [6, 6], [7, 7], [8, 8], [9, 9], [10, 10], [11, 11], [12, 12], [13, 13], [14, 14], [15, 16], [20, 17], [21, 18], [22, 19], [23, 20], [24, 21], [25, 22], [26, 23], [27, 24], [28, 25], [29, 26], [30, 27], [31, 28], [32, 29], [33, 30], [34, 31], [35, 32], [36, 33], [37, 34], [38, 35], [39, 36]]","[14, 15, 16, 17, 18, 19, 20]","[13, 14, 15, 16]",True,
CHEMBL235_EC50,856,1568,1575,108,test,True,2.463757293161681,34.0,"[[0, 0], [1, 1], [2, 2], [3, 3], [4, 4], [5, 6], [6, 7], [7, 8], [8, 9], [9, 10], [10, 11], [11, 12], [12, 13], [13, 14], [14, 15], [15, 16], [16, 17], [17, 18], [18, 19], [19, 20], [25, 23], [26, 24], [27, 25], [28, 26], [29, 27], [30, 28], [31, 29], [32, 30], [33, 31], [34, 32], [35, 33], [36, 34], [37, 35], [38, 36]]","[3, 4, 5, 6, 7, 8, 9, 11, 12, 13, 18, 19, 20, 21, 22, 23, 24]","[3, 4, 5, 6, 7, 8, 9, 10, 12, 13, 14, 19, 20, 21, 22]",True,
CHEMBL235_EC50,863,1588,1590,114,calibration,True,1.2026502875751497,38.0,"[[0, 2], [1, 3], [2, 4], [3, 5], [4, 6], [5, 7], [6, 8], [7, 9], [8, 10], [9, 11], [10, 12], [11, 13], [12, 14], [13, 15], [14, 16], [15, 17], [16, 18], [17, 19], [18, 20], [19, 21], [20, 22], [21, 23], [22, 24], [23, 25], [24, 26], [25, 27], [26, 28], [27, 29], [28, 30], [29, 31], [30, 32], [31, 33], [32, 34], [33, 35], [34, 36], [35, 37], [36, 38], [37, 39]]",[],"[0, 1, 2, 3]",True,
CHEMBL235_EC50,885,1677,1743,117,test,True,1.1791480185044405,24.0,"[[1, 19], [2, 21], [3, 22], [4, 16], [5, 15], [6, 23], [7, 24], [8, 12], [9, 11], [10, 3], [11, 4], [12, 5], [13, 6], [14, 7], [15, 8], [16, 9], [17, 10], [18, 1], [19, 0], [20, 2], [21, 13], [22, 14], [23, 17], [24, 18]]","[0, 1, 2, 24]","[18, 19, 20, 21]",True,
CHEMBL235_EC50,888,1684,1686,118,calibration,True,1.937852093251156,34.0,"[[0, 0], [1, 1], [2, 2], [3, 3], [4, 4], [5, 5], [7, 6], [8, 7], [9, 8], [10, 9], [17, 15], [18, 16], [19, 17], [20, 18], [21, 19], [22, 20], [23, 21], [24, 22], [25, 23], [26, 24], [27, 25], [28, 26], [29, 27], [30, 28], [31, 29], [32, 30], [33, 31], [34, 32], [35, 33], [36, 34], [37, 35], [38, 36], [39, 37], [40, 38]]","[4, 5, 6, 7, 9, 10, 11, 12, 13, 14, 15, 16]","[8, 9, 10, 11, 12, 13, 14]",True,
CHEMBL235_EC50,906,1688,1691,119,calibration,True,1.351216345339342,43.0,"[[0, 0], [1, 1], [2, 2], [3, 3], [4, 4], [5, 5], [6, 6], [7, 7], [8, 8], [9, 9], [10, 10], [11, 11], [12, 12], [13, 13], [14, 16], [15, 17], [16, 18], [17, 19], [18, 14], [19, 20], [20, 21], [21, 22], [22, 23], [23, 24], [24, 25], [25, 26], [26, 27], [27, 28], [28, 29], [29, 30], [30, 31], [31, 32], [32, 33], [33, 34], [34, 35], [35, 36], [36, 37], [37, 38], [38, 39], [39, 40], [40, 41], [41, 42], [42, 43]]","[12, 13, 14, 15, 16, 17, 18]","[9, 13, 14, 15, 16, 17, 18, 19]",True,
CHEMBL235_EC50,908,1701,1708,120,calibration,True,2.1249387366083,29.0,"[[0, 0], [1, 1], [2, 2], [3, 3], [4, 4], [5, 5], [6, 6], [7, 7], [8, 8], [9, 9], [10, 10], [11, 11], [12, 12], [13, 19], [14, 18], [15, 15], [17, 14], [18, 13], [20, 20], [21, 21], [22, 22], [23, 23], [24, 24], [25, 25], [26, 26], [27, 27], [28, 28], [29, 29], [30, 30]]","[12, 14, 15, 16, 17, 18, 19]","[14, 15, 16, 17, 18]",True,
CHEMBL235_EC50,974,1762,1764,125,calibration,True,1.653212513775344,40.0,"[[0, 0], [1, 1], [2, 2], [3, 3], [4, 4], [5, 5], [6, 6], [7, 7], [8, 8], [9, 9], [10, 10], [11, 11], [12, 12], [13, 13], [14, 14], [15, 15], [16, 16], [17, 17], [18, 18], [19, 19], [20, 20], [21, 21], [22, 22], [23, 23], [24, 25], [25, 26], [26, 27], [27, 28], [28, 29], [29, 30], [30, 31], [31, 32], [32, 33], [33, 34], [34, 35], [35, 36], [36, 24], [37, 37], [38, 38], [39, 39]]","[3, 22, 23, 24, 25, 26, 36, 38, 39, 40, 41]","[3, 23, 24, 25, 26, 27, 37, 38, 39, 40]",True,
CHEMBL235_EC50,990,1858,1860,127,calibration,True,1.2532572138679807,34.0,"[[0, 0], [1, 1], [2, 2], [3, 3], [4, 4], [5, 5], [6, 6], [7, 7], [8, 8], [9, 9], [10, 16], [11, 15], [12, 14], [13, 13], [14, 18], [15, 17], [16, 19], [17, 20], [18, 21], [19, 22], [20, 23], [21, 24], [22, 25], [23, 26], [24, 27], [25, 28], [26, 29], [27, 30], [28, 31], [29, 32], [30, 33], [31, 34], [32, 35], [33, 36]]","[8, 9, 10, 11, 15]","[8, 9, 10, 11, 12, 13, 14, 18]",True,
CHEMBL235_EC50,992,1869,1880,128,calibration,True,1.5479284651635137,38.0,"[[0, 0], [1, 1], [2, 2], [3, 3], [4, 4], [5, 5], [6, 6], [7, 7], [8, 8], [9, 9], [10, 10], [11, 11], [12, 12], [13, 13], [14, 14], [15, 15], [16, 39], [17, 38], [18, 18], [19, 17], [20, 21], [21, 22], [22, 23], [23, 24], [24, 25], [25, 26], [26, 27], [27, 32], [28, 31], [29, 30], [30, 29], [31, 28], [32, 33], [33, 34], [34, 35], [35, 36], [36, 37], [37, 16]]","[18, 19, 20, 21, 33, 37]","[17, 18, 19, 20, 21, 22, 34, 38]",True,
CHEMBL235_EC50,1002,1903,1923,129,calibration,True,1.778151250383644,37.0,"[[0, 0], [1, 1], [2, 2], [3, 3], [4, 4], [5, 5], [6, 6], [7, 7], [8, 8], [9, 9], [10, 10], [11, 11], [12, 12], [13, 13], [14, 14], [15, 15], [16, 16], [17, 17], [18, 18], [19, 19], [20, 20], [21, 21], [22, 22], [23, 23], [24, 24], [25, 25], [26, 26], [27, 27], [28, 28], [35, 29], [36, 37], [37, 33], [38, 32], [39, 31], [40, 30], [41, 41], [42, 42]]","[27, 28, 29, 30, 31, 32, 33, 34, 35]","[27, 28, 29, 32, 33, 34, 35, 36, 37, 38, 39, 40]",True,
CHEMBL235_EC50,1005,1909,1910,130,calibration,True,1.6263580687539978,38.0,"[[0, 0], [1, 1], [2, 2], [3, 3], [4, 4], [5, 5], [6, 6], [7, 7], [8, 8], [9, 9], [10, 10], [11, 11], [12, 12], [13, 13], [14, 14], [15, 15], [16, 16], [17, 17], [18, 18], [19, 19], [20, 20], [21, 21], [22, 22], [23, 23], [24, 24], [25, 25], [26, 26], [27, 27], [28, 28], [29, 29], [30, 30], [31, 31], [32, 32], [33, 33], [34, 34], [35, 36], [40, 37], [41, 38]]","[30, 34, 35, 36, 37, 38, 39]","[33, 34, 35, 36]",True,
CHEMBL235_EC50,1012,1937,1949,132,test,True,1.0579919469776868,25.0,"[[0, 0], [1, 1], [2, 2], [3, 3], [4, 4], [5, 5], [6, 6], [7, 7], [8, 8], [9, 9], [10, 10], [11, 11], [12, 12], [13, 13], [14, 14], [15, 15], [16, 16], [17, 17], [18, 29], [19, 28], [20, 20], [21, 19], [22, 18], [23, 30], [24, 31]]",[],"[19, 20, 21, 22, 23, 24, 25, 26, 27, 28]",True,
CHEMBL235_EC50,1019,1990,1993,136,calibration,True,1.0248235837250323,37.0,"[[0, 0], [1, 1], [2, 2], [3, 3], [4, 4], [5, 5], [6, 6], [7, 7], [8, 8], [9, 9], [10, 10], [11, 11], [12, 12], [13, 15], [14, 16], [15, 17], [16, 18], [17, 19], [18, 20], [19, 21], [20, 22], [21, 23], [22, 24], [23, 25], [24, 31], [25, 30], [26, 28], [27, 29], [28, 27], [29, 26], [30, 32], [31, 33], [32, 34], [33, 35], [34, 36], [35, 37], [36, 38]]","[10, 12, 13, 14]","[10, 12, 13, 14, 15, 16]",True,
CHEMBL235_EC50,1024,2038,2042,137,calibration,True,1.1954626631234264,34.0,"[[0, 0], [1, 1], [2, 2], [3, 3], [4, 4], [5, 5], [6, 6], [7, 7], [8, 12], [9, 14], [10, 15], [11, 9], [13, 10], [14, 11], [15, 8], [16, 16], [17, 17], [18, 18], [19, 19], [20, 20], [21, 34], [22, 33], [23, 23], [24, 24], [25, 25], [26, 26], [27, 27], [28, 28], [29, 29], [30, 30], [31, 31], [32, 32], [33, 22], [34, 21]]","[6, 7, 8, 9, 10, 11, 12, 13, 14, 15]","[7, 8, 9, 10, 11, 12, 13, 14, 15, 16]",True,
CHEMBL235_EC50,1039,2095,2098,139,calibration,True,1.5360991146789995,25.0,"[[3, 3], [4, 27], [5, 26], [6, 6], [7, 7], [8, 8], [9, 9], [10, 10], [11, 11], [12, 12], [13, 13], [14, 14], [15, 15], [16, 16], [17, 17], [18, 18], [19, 19], [20, 20], [21, 21], [22, 22], [23, 23], [24, 24], [25, 25], [26, 5], [27, 4]]","[0, 1, 2, 3, 4, 26, 27, 28]","[0, 1, 2, 3, 4, 26, 27, 28]",True,
CHEMBL235_EC50,1126,2227,2229,146,test,True,1.106164735733218,36.0,"[[0, 0], [1, 1], [2, 2], [3, 3], [4, 4], [5, 5], [6, 6], [11, 12], [12, 13], [13, 14], [14, 15], [15, 16], [16, 17], [17, 18], [18, 19], [19, 20], [20, 21], [21, 22], [22, 23], [23, 24], [24, 25], [25, 26], [26, 27], [27, 28], [28, 29], [29, 30], [30, 31], [31, 32], [32, 33], [33, 34], [34, 35], [35, 36], [36, 37], [37, 38], [38, 39], [39, 40]]","[5, 6, 7, 8, 9, 10, 11]","[5, 6, 7, 8, 9, 10, 11, 12]",True,
CHEMBL235_EC50,1129,2240,2245,147,test,True,1.1072099696478688,37.0,"[[0, 0], [1, 1], [2, 2], [3, 3], [4, 4], [5, 5], [6, 6], [7, 7], [8, 13], [9, 9], [10, 10], [11, 11], [12, 12], [14, 15], [15, 16], [16, 17], [17, 18], [18, 19], [19, 20], [20, 14], [21, 21], [22, 22], [23, 23], [24, 24], [25, 25], [26, 26], [27, 27], [28, 28], [29, 29], [30, 30], [31, 31], [32, 32], [33, 33], [34, 34], [35, 35], [36, 36], [37, 37]]","[6, 7, 8, 9, 10, 13, 14, 15, 20]","[6, 7, 8, 9, 10, 13, 14, 19, 20]",True,
CHEMBL236_Ki,18,40,43,4,calibration,True,1.8799555851227487,32.0,"[[0, 0], [1, 1], [2, 2], [6, 9], [7, 37], [8, 36], [9, 12], [10, 13], [11, 14], [12, 15], [13, 16], [14, 17], [15, 18], [16, 19], [17, 20], [18, 21], [19, 22], [20, 23], [21, 24], [22, 29], [23, 28], [24, 27], [25, 26], [26, 25], [27, 30], [28, 31], [29, 32], [30, 33], [31, 34], [32, 35], [33, 11], [34, 10]]","[1, 2, 3, 4, 5]","[1, 2, 3, 4, 5, 6, 7, 8]",True,
CHEMBL236_Ki,104,109,115,8,calibration,True,1.4938451572530165,40.0,"[[0, 1], [1, 2], [2, 3], [3, 4], [4, 5], [5, 6], [6, 7], [7, 8], [8, 9], [12, 10], [13, 11], [14, 12], [15, 13], [16, 14], [17, 15], [18, 16], [19, 17], [20, 18], [21, 19], [22, 20], [23, 21], [24, 22], [25, 23], [26, 24], [27, 25], [28, 26], [29, 27], [30, 28], [31, 29], [32, 30], [33, 31], [34, 32], [35, 33], [36, 34], [37, 35], [38, 36], [39, 38], [40, 37], [41, 39], [42, 40]]","[6, 7, 8, 9, 10, 11, 12, 13, 20]","[0, 1, 2, 7, 8, 9, 10, 11, 18]",True,
CHEMBL236_Ki,107,112,116,12,calibration,True,1.2263771535668877,42.0,"[[0, 0], [1, 1], [2, 2], [5, 3], [6, 4], [7, 5], [8, 6], [9, 7], [10, 8], [11, 9], [12, 10], [13, 11], [14, 12], [15, 13], [16, 14], [17, 15], [18, 16], [19, 17], [20, 18], [21, 19], [22, 20], [23, 21], [24, 22], [25, 23], [26, 24], [27, 25], [28, 26], [29, 27], [30, 28], [31, 29], [32, 30], [33, 31], [34, 32], [35, 33], [36, 34], [37, 35], [38, 36], [39, 37], [40, 39], [41, 38], [42, 40], [43, 41]]","[1, 2, 3, 4, 5, 6]","[1, 2, 3, 4]",True,
CHEMBL236_Ki,118,138,145,14,calibration,True,1.1522511207370272,36.0,"[[0, 0], [1, 1], [2, 2], [3, 3], [5, 4], [6, 5], [7, 6], [8, 7], [9, 8], [10, 9], [11, 10], [12, 11], [13, 12], [14, 13], [15, 14], [16, 15], [17, 16], [18, 17], [19, 18], [20, 19], [21, 20], [22, 21], [23, 22], [24, 23], [25, 24], [26, 25], [27, 26], [28, 27], [29, 28], [30, 29], [31, 30], [32, 31], [33, 33], [34, 32], [35, 34], [36, 35]]","[1, 3, 4, 5, 6]","[1, 3, 4, 5]",True,
CHEMBL236_Ki,119,140,599,15,calibration,True,1.6091603317459011,36.0,"[[0, 0], [1, 1], [2, 2], [3, 3], [4, 4], [5, 5], [6, 6], [7, 7], [8, 8], [9, 9], [10, 10], [11, 11], [12, 12], [13, 13], [14, 14], [15, 15], [16, 16], [17, 17], [18, 18], [19, 19], [20, 20], [21, 21], [33, 22], [34, 23], [35, 24], [36, 25], [37, 26], [38, 27], [39, 32], [40, 31], [41, 30], [42, 29], [43, 28], [44, 33], [45, 34], [46, 35]]","[12, 20, 21, 22, 23, 24, 25, 26, 27, 28, 29, 30, 31, 32, 33, 34, 35]","[12, 20, 21, 22, 23, 24]",True,
CHEMBL236_Ki,123,172,1508,18,test,True,2.173306035241704,22.0,"[[0, 1], [1, 2], [2, 3], [3, 4], [4, 5], [5, 6], [6, 7], [7, 8], [8, 9], [9, 10], [10, 11], [11, 12], [12, 13], [13, 14], [14, 15], [15, 16], [16, 17], [17, 19], [18, 18], [19, 20], [20, 21], [21, 22]]",[],"[0, 1, 2]",True,
CHEMBL236_Ki,153,202,1174,22,test,True,1.8320452548283248,23.0,"[[1, 11], [2, 10], [3, 9], [4, 8], [5, 14], [6, 13], [7, 24], [8, 23], [9, 1], [11, 2], [12, 3], [13, 4], [14, 5], [15, 6], [16, 7], [17, 18], [18, 19], [19, 20], [20, 22], [21, 21], [22, 17], [23, 16], [24, 15]]","[0, 1, 2, 6, 8, 9, 10, 11]","[0, 1, 2, 10, 11, 12, 13, 23]",True,
CHEMBL236_Ki,162,212,460,25,calibration,True,2.0215396778561097,21.0,"[[0, 22], [1, 21], [2, 19], [3, 20], [4, 7], [5, 6], [6, 5], [7, 4], [10, 2], [11, 3], [12, 9], [13, 8], [14, 10], [15, 11], [16, 12], [17, 13], [18, 14], [19, 15], [20, 16], [21, 18], [22, 17]]","[6, 7, 8, 9, 10, 11, 12]","[0, 1, 2, 3, 4, 5, 9]",True,
CHEMBL236_Ki,168,217,1999,26,test,True,2.338818556553381,20.0,"[[0, 0], [1, 1], [2, 2], [3, 3], [4, 4], [5, 5], [6, 6], [7, 7], [8, 8], [9, 9], [11, 11], [12, 12], [13, 13], [14, 14], [15, 15], [16, 16], [17, 17], [18, 18], [19, 19], [20, 20]]","[8, 9, 10, 11]","[8, 9, 10, 11]",True,
CHEMBL236_Ki,204,262,315,33,calibration,True,2.7099708118793853,28.0,"[[0, 0], [1, 1], [2, 2], [3, 3], [4, 4], [5, 5], [6, 6], [7, 7], [8, 8], [9, 9], [10, 10], [11, 11], [12, 12], [13, 13], [14, 14], [15, 15], [16, 17], [17, 18], [18, 19], [19, 20], [20, 21], [21, 22], [22, 23], [23, 24], [24, 25], [25, 26], [26, 27], [27, 28]]",[],"[14, 15, 16]",True,
CHEMBL236_Ki,214,280,313,35,test,True,1.5766036018929768,32.0,"[[0, 0], [1, 1], [2, 2], [3, 3], [4, 4], [5, 5], [6, 6], [7, 7], [8, 8], [9, 9], [10, 10], [11, 11], [12, 12], [13, 13], [14, 14], [15, 15], [16, 16], [17, 17], [18, 18], [19, 19], [20, 20], [21, 21], [25, 22], [26, 23], [27, 24], [28, 25], [29, 26], [30, 27], [31, 28], [32, 29], [33, 30], [34, 31]]","[20, 21, 22, 23, 24]",[],True,
CHEMBL236_Ki,247,333,345,37,calibration,True,1.778151250383643,27.0,"[[0, 0], [1, 1], [2, 2], [3, 3], [4, 4], [5, 5], [6, 6], [7, 7], [8, 8], [9, 9], [10, 10], [11, 11], [12, 12], [13, 13], [15, 14], [16, 15], [17, 16], [18, 17], [19, 18], [20, 19], [21, 20], [22, 21], [23, 22], [24, 23], [25, 24], [26, 25], [27, 26]]","[12, 13, 14]",[],True,
CHEMBL236_Ki,249,337,348,39,calibration,True,1.2092596223083358,32.0,"[[0, 0], [1, 1], [2, 2], [3, 3], [4, 4], [5, 5], [6, 6], [7, 7], [8, 8], [9, 9], [10, 10], [11, 11], [12, 12], [13, 13], [15, 14], [16, 15], [17, 16], [18, 17], [19, 18], [20, 19], [21, 20], [22, 21], [23, 26], [24, 25], [25, 24], [26, 23], [27, 22], [28, 27], [29, 28], [30, 29], [31, 30], [32, 31]]","[12, 13, 14]",[],True,
CHEMBL236_Ki,252,339,343,40,calibration,True,1.2108533653148932,35.0,"[[0, 0], [1, 1], [2, 2], [3, 3], [4, 4], [5, 5], [6, 6], [7, 7], [8, 8], [9, 9], [10, 10], [11, 11], [12, 12], [13, 13], [15, 14], [16, 15], [17, 16], [18, 17], [19, 18], [20, 19], [21, 20], [22, 21], [23, 27], [24, 26], [25, 24], [26, 25], [27, 23], [28, 22], [29, 28], [30, 29], [31, 30], [32, 31], [33, 32], [34, 33], [35, 34]]","[12, 13, 14]",[],True,
CHEMBL236_Ki,272,381,1921,43,calibration,True,1.1752354668890268,33.0,"[[0, 0], [1, 1], [2, 2], [3, 3], [4, 4], [5, 5], [6, 6], [7, 7], [8, 8], [9, 9], [10, 10], [11, 11], [12, 12], [13, 13], [14, 14], [15, 15], [16, 16], [17, 17], [18, 18], [19, 19], [20, 20], [21, 21], [22, 22], [23, 23], [24, 24], [25, 25], [26, 26], [27, 27], [28, 28], [29, 30], [30, 31], [31, 32], [32, 33]]",[],"[23, 27, 28, 29, 30, 32, 33, 34, 35, 36]",True,
CHEMBL236_Ki,277,382,1755,44,calibration,True,2.445955553928221,29.0,"[[0, 0], [1, 1], [3, 2], [4, 3], [10, 9], [11, 10], [12, 11], [13, 12], [14, 13], [15, 14], [16, 15], [17, 16], [18, 17], [19, 18], [20, 19], [21, 20], [22, 21], [23, 22], [24, 23], [25, 24], [26, 25], [27, 26], [28, 27], [29, 28], [30, 29], [31, 31], [32, 30], [33, 32], [34, 33]]","[0, 1, 2, 3, 4, 5, 6, 7, 8, 9, 10]","[0, 1, 2, 3, 4, 5, 6, 7, 8, 9]",True,
CHEMBL236_Ki,278,394,398,45,test,True,1.3838673804103276,26.0,"[[0, 0], [1, 1], [2, 2], [3, 3], [4, 4], [5, 5], [6, 6], [7, 7], [8, 8], [9, 9], [10, 10], [11, 11], [12, 12], [13, 13], [14, 14], [15, 16], [16, 15], [17, 17], [18, 18], [19, 19], [20, 20], [22, 21], [23, 22], [24, 23], [25, 24], [26, 25]]","[19, 20, 21]",[],True,
CHEMBL236_Ki,280,407,409,46,test,True,1.9294189257142929,26.0,"[[0, 0], [1, 1], [2, 2], [3, 3], [4, 4], [5, 5], [6, 6], [7, 7], [8, 8], [9, 9], [10, 10], [11, 11], [12, 12], [13, 13], [14, 14], [15, 15], [16, 16], [17, 17], [18, 18], [19, 19], [20, 21], [21, 22], [22, 23], [23, 24], [24, 25], [25, 26]]",[],"[18, 19, 20, 21, 26]",True,
CHEMBL236_Ki,317,445,2040,48,test,True,3.814363423038088,41.0,"[[0, 0], [1, 1], [2, 2], [3, 3], [4, 4], [5, 5], [6, 6], [7, 7], [8, 8], [9, 9], [10, 10], [11, 11], [12, 20], [14, 19], [15, 18], [16, 17], [17, 12], [18, 13], [19, 14], [20, 15], [21, 23], [22, 24], [23, 25], [24, 26], [25, 27], [26, 28], [27, 29], [28, 30], [29, 31], [30, 32], [31, 33], [32, 34], [33, 35], [34, 36], [35, 37], [36, 38], [37, 39], [39, 40], [40, 43], [41, 44], [42, 45]]","[9, 10, 11, 12, 13, 14, 15, 16, 17, 18, 19, 36, 37, 38, 39]","[9, 10, 11, 12, 13, 14, 15, 16, 17, 18, 19, 20, 21, 22, 23, 39, 40, 41, 42]",True,
CHEMBL236_Ki,338,518,589,53,test,True,1.1583624920952502,24.0,"[[0, 0], [1, 1], [2, 2], [3, 3], [4, 4], [5, 5], [6, 6], [7, 7], [8, 8], [9, 9], [10, 10], [13, 12], [14, 13], [15, 14], [16, 15], [17, 16], [18, 17], [19, 18], [20, 19], [21, 20], [22, 21], [23, 22], [24, 24], [25, 23]]","[9, 10, 11, 12, 13, 14]","[9, 10, 11, 12, 13]",True,
CHEMBL236_Ki,347,562,564,54,test,True,2.131887596563628,25.0,"[[0, 0], [1, 1], [2, 2], [3, 3], [4, 4], [5, 5], [6, 6], [7, 7], [8, 8], [9, 9], [10, 10], [11, 11], [12, 12], [13, 13], [14, 14], [15, 15], [16, 16], [17, 17], [19, 18], [20, 19], [21, 24], [22, 23], [23, 22], [24, 21], [25, 20]]","[8, 16, 17, 18, 19, 20]","[8, 16, 17, 18, 19]",True,
CHEMBL236_Ki,363,644,2051,60,calibration,True,1.695642060987092,24.0,"[[0, 0], [1, 1], [2, 2], [3, 3], [4, 4], [5, 5], [6, 6], [7, 7], [8, 8], [9, 9], [10, 10], [11, 11], [12, 12], [13, 13], [15, 14], [16, 15], [17, 16], [18, 17], [19, 18], [20, 19], [21, 20], [22, 22], [23, 21], [24, 23]]","[11, 13, 14, 15]",[],True,
CHEMBL236_Ki,412,709,714,66,calibration,True,1.7160033436347994,25.0,"[[1, 1], [2, 0], [3, 2], [4, 3], [5, 4], [6, 5], [7, 6], [8, 7], [9, 8], [10, 9], [11, 10], [12, 15], [13, 11], [14, 12], [15, 13], [16, 14], [17, 16], [18, 17], [19, 18], [20, 19], [21, 20], [22, 21], [23, 22], [24, 23], [25, 24]]","[0, 1, 2, 3, 4, 5, 11, 12, 13, 14, 15, 16, 17, 18]","[0, 1, 2, 3, 4, 9, 10, 11, 12, 13, 14, 15, 17]",True,
CHEMBL236_Ki,414,715,717,67,test,True,1.1760912590556811,22.0,"[[0, 0], [1, 1], [2, 2], [3, 3], [4, 4], [5, 5], [6, 6], [7, 7], [8, 8], [9, 9], [10, 10], [11, 11], [12, 22], [13, 15], [14, 14], [15, 17], [16, 18], [17, 19], [18, 20], [19, 13], [20, 12], [21, 23]]","[13, 14, 15, 16, 17, 18, 19, 20]","[14, 15, 16, 17, 18, 19, 20, 21, 22]",True,
CHEMBL236_Ki,451,739,748,71,calibration,True,1.4593924877592297,26.0,"[[2, 0], [4, 1], [5, 2], [6, 3], [7, 4], [8, 5], [9, 6], [10, 7], [11, 8], [12, 9], [13, 10], [14, 11], [15, 12], [16, 13], [17, 14], [18, 15], [19, 16], [20, 17], [21, 18], [22, 19], [23, 20], [24, 21], [25, 22], [26, 23], [27, 24], [28, 25]]","[0, 1, 2, 3, 4, 13, 19, 20, 21]","[10, 16, 17, 18]",True,
CHEMBL236_Ki,475,763,779,73,calibration,True,1.0234810958495224,35.0,"[[0, 0], [1, 1], [2, 2], [3, 3], [4, 4], [5, 5], [6, 6], [7, 7], [9, 8], [10, 9], [11, 10], [12, 11], [13, 12], [14, 13], [15, 14], [16, 15], [17, 16], [18, 17], [19, 18], [20, 19], [21, 20], [22, 21], [23, 22], [24, 23], [25, 24], [26, 25], [27, 26], [28, 27], [29, 28], [30, 29], [31, 30], [32, 32], [33, 31], [34, 33], [35, 34]]","[6, 7, 8, 9, 10]","[6, 7, 8, 9]",True,
CHEMBL236_Ki,529,843,1134,7,test,True,2.9274493328513884,40.0,"[[0, 0], [1, 1], [2, 2], [3, 3], [4, 4], [5, 5], [6, 6], [7, 7], [8, 8], [9, 9], [10, 10], [11, 11], [12, 12], [13, 13], [14, 14], [15, 15], [16, 16], [17, 17], [18, 18], [19, 19], [20, 20], [21, 21], [22, 22], [23, 23], [24, 24], [25, 25], [26, 26], [27, 27], [28, 28], [29, 29], [30, 30], [31, 31], [32, 39], [33, 38], [34, 34], [36, 33], [37, 32], [38, 40], [39, 41], [40, 42]]","[33, 34, 35, 36]","[33, 34, 35, 36, 37, 38]",True,
CHEMBL236_Ki,535,850,851,76,test,True,1.1760912590556811,26.0,"[[1, 0], [2, 1], [3, 2], [4, 3], [5, 4], [6, 5], [7, 6], [8, 7], [9, 8], [10, 9], [11, 10], [12, 11], [13, 12], [14, 13], [15, 14], [16, 15], [17, 16], [18, 17], [19, 18], [20, 19], [21, 20], [22, 21], [23, 23], [24, 22], [25, 24], [26, 25]]","[0, 1, 2]",[],True,
CHEMBL236_Ki,536,862,863,77,test,True,1.0419645015435357,23.0,"[[0, 0], [1, 1], [2, 2], [3, 3], [4, 4], [5, 5], [6, 6], [7, 7], [8, 8], [9, 9], [10, 10], [11, 11], [12, 12], [13, 13], [14, 14], [15, 15], [16, 16], [17, 17], [18, 18], [19, 19], [20, 20], [25, 26], [26, 27]]","[19, 20, 21, 22, 23, 24]","[19, 20, 21, 22, 23, 24, 25]",True,
CHEMBL236_Ki,537,864,865,78,calibration,True,2.5051499783199063,29.0,"[[0, 0], [1, 1], [2, 2], [3, 3], [4, 4], [5, 5], [6, 6], [7, 7], [8, 8], [9, 9], [10, 10], [11, 11], [12, 12], [13, 13], [14, 14], [15, 15], [16, 16], [17, 17], [18, 18], [19, 19], [20, 20], [21, 21], [22, 23], [23, 24], [24, 25], [25, 26], [26, 27], [27, 29], [28, 30]]",[],"[20, 21, 22, 23, 26, 27, 28]",True,
CHEMBL236_Ki,550,874,887,80,calibration,True,1.8843674981749627,26.0,"[[2, 6], [3, 5], [4, 4], [5, 3], [6, 2], [7, 7], [8, 8], [9, 9], [10, 14], [11, 13], [12, 12], [13, 11], [14, 10], [17, 15], [18, 16], [19, 17], [20, 18], [21, 19], [22, 20], [23, 25], [24, 24], [25, 23], [26, 22], [27, 21], [28, 26], [29, 27]]","[0, 1, 2, 3, 7, 9, 13, 14, 15, 16]","[0, 1, 2, 3, 7]",True,
CHEMBL236_Ki,551,875,891,82,calibration,True,1.205094934598856,26.0,"[[0, 16], [1, 15], [2, 17], [3, 18], [4, 19], [5, 20], [6, 21], [7, 22], [8, 14], [9, 13], [10, 12], [11, 5], [12, 6], [13, 7], [14, 8], [15, 9], [17, 10], [18, 11], [19, 4], [20, 25], [21, 26], [22, 1], [24, 2], [25, 3], [26, 24], [27, 23]]","[14, 15, 16, 17, 21, 22, 23, 24]","[0, 1, 2, 26]",True,
CHEMBL236_Ki,575,900,961,81,test,True,2.387027985665464,21.0,"[[0, 0], [1, 1], [2, 2], [8, 8], [9, 9], [10, 10], [11, 11], [13, 13], [14, 14], [15, 15], [16, 16], [17, 17], [18, 12], [19, 18], [20, 23], [21, 22], [22, 21], [23, 20], [24, 19], [25, 24], [26, 25]]","[1, 2, 3, 4, 5, 6, 7, 10, 11, 12, 13, 14, 18, 19]","[1, 2, 3, 4, 5, 6, 7, 10, 11, 12, 13, 17, 18]",True,
CHEMBL236_Ki,588,915,930,84,test,True,1.0525750696778582,36.0,"[[0, 0], [1, 1], [2, 2], [3, 3], [4, 4], [5, 5], [6, 6], [7, 7], [8, 8], [9, 9], [10, 10], [11, 11], [12, 12], [13, 13], [14, 14], [15, 15], [16, 16], [17, 17], [18, 18], [19, 19], [20, 20], [21, 22], [22, 23], [23, 24], [24, 29], [25, 28], [26, 27], [28, 26], [29, 25], [30, 31], [31, 32], [32, 33], [33, 34], [34, 35], [35, 36], [36, 37]]","[25, 26, 27, 28]","[19, 20, 21, 22, 24, 28, 29, 30]",True,
CHEMBL236_Ki,605,994,998,85,test,True,1.2099495263166489,31.0,"[[0, 0], [1, 1], [2, 2], [3, 3], [4, 4], [5, 5], [6, 6], [7, 7], [8, 8], [9, 9], [10, 10], [11, 11], [12, 12], [13, 13], [14, 14], [15, 15], [16, 16], [17, 17], [18, 18], [19, 19], [20, 20], [21, 21], [22, 28], [23, 27], [24, 24], [27, 25], [28, 26], [29, 23], [30, 22], [31, 29], [32, 30]]","[23, 24, 25, 26, 27, 28, 29]","[23, 24, 25, 26, 27]",True,
CHEMBL236_Ki,617,1009,1010,86,test,True,2.2301741384004874,34.0,"[[5, 2], [6, 3], [7, 4], [8, 5], [9, 6], [10, 7], [11, 8], [12, 9], [13, 10], [14, 11], [15, 12], [16, 13], [17, 14], [18, 15], [19, 20], [20, 19], [21, 18], [22, 17], [23, 16], [24, 21], [25, 22], [26, 23], [27, 24], [28, 25], [29, 26], [30, 27], [31, 28], [32, 29], [33, 30], [34, 31], [35, 32], [36, 33], [37, 34], [38, 35]]","[0, 1, 2, 3, 4, 5, 6, 7]","[0, 1, 2, 3, 4]",True,
CHEMBL236_Ki,658,1072,1073,89,test,True,1.203760891993685,28.0,"[[0, 0], [1, 1], [2, 2], [3, 3], [4, 4], [5, 5], [6, 6], [7, 7], [8, 8], [9, 9], [10, 10], [11, 11], [12, 12], [13, 13], [14, 14], [15, 15], [16, 17], [17, 19], [18, 20], [19, 25], [20, 24], [21, 23], [22, 22], [23, 21], [24, 16], [25, 26], [26, 27], [27, 28]]","[11, 14, 15, 16, 17, 18, 24, 25]","[11, 14, 15, 16, 17, 18, 19, 20, 26]",True,
CHEMBL236_Ki,670,1117,1120,91,test,True,1.644228530686811,19.0,"[[0, 0], [1, 1], [2, 2], [3, 3], [4, 4], [5, 5], [6, 6], [7, 7], [8, 8], [9, 9], [10, 10], [11, 11], [12, 12], [13, 13], [14, 14], [15, 15], [16, 16], [23, 22], [24, 23]]","[15, 16, 17, 18, 19, 20, 21, 22]","[15, 16, 17, 18, 19, 20, 21]",True,
CHEMBL236_Ki,675,1124,1127,10,calibration,True,1.9765189041504776,43.0,"[[0, 0], [1, 1], [2, 2], [3, 3], [4, 4], [5, 5], [6, 6], [7, 7], [8, 8], [9, 9], [10, 10], [11, 11], [12, 12], [13, 13], [14, 14], [15, 15], [16, 16], [17, 17], [18, 18], [19, 19], [20, 20], [21, 21], [22, 22], [23, 23], [24, 24], [25, 25], [26, 26], [27, 27], [28, 28], [29, 29], [30, 30], [31, 31], [32, 32], [42, 39], [43, 40], [44, 41], [45, 42], [46, 43], [47, 44], [48, 45], [49, 46], [50, 47], [51, 48]]","[31, 32, 33, 34, 35, 36, 37, 38, 39, 40, 41]","[31, 32, 33, 34, 35, 36, 37, 38]",True,
CHEMBL236_Ki,733,1191,1192,94,calibration,True,1.2451721781989802,33.0,"[[1, 0], [3, 1], [4, 2], [5, 3], [6, 4], [7, 5], [8, 6], [9, 7], [10, 8], [11, 9], [12, 10], [13, 11], [14, 12], [15, 13], [16, 14], [17, 15], [18, 16], [19, 17], [20, 18], [21, 19], [22, 20], [23, 21], [24, 22], [25, 23], [26, 24], [27, 29], [28, 28], [29, 27], [30, 26], [31, 25], [32, 30], [33, 31], [34, 32]]","[0, 1, 2, 3]",[],True,
CHEMBL236_Ki,740,1224,1227,96,calibration,True,1.0390640228396428,33.0,"[[0, 0], [1, 1], [2, 2], [3, 3], [4, 4], [5, 5], [6, 6], [7, 7], [8, 8], [9, 9], [10, 10], [11, 11], [12, 12], [13, 13], [14, 14], [15, 15], [16, 16], [17, 17], [18, 18], [19, 23], [20, 22], [21, 21], [22, 20], [23, 19], [24, 24], [25, 25], [26, 26], [27, 27], [28, 28], [33, 31], [34, 32], [35, 33], [36, 34]]","[25, 28, 29, 30, 31, 32]","[25, 28, 29, 30]",True,
CHEMBL236_Ki,741,1225,1228,97,test,True,1.0157942671832316,32.0,"[[0, 0], [1, 1], [2, 2], [3, 3], [4, 4], [5, 5], [6, 6], [7, 7], [8, 8], [9, 9], [10, 10], [11, 11], [12, 12], [13, 13], [14, 14], [15, 15], [16, 16], [17, 17], [18, 22], [19, 21], [20, 20], [21, 19], [22, 18], [23, 23], [24, 24], [25, 25], [26, 26], [27, 27], [32, 30], [33, 31], [34, 32], [35, 33]]","[24, 27, 28, 29, 30, 31]","[24, 27, 28, 29]",True,
CHEMBL236_Ki,754,1262,1415,99,test,True,3.5126595800986493,27.0,"[[0, 0], [1, 1], [2, 2], [3, 3], [4, 4], [5, 5], [6, 6], [7, 7], [8, 8], [9, 9], [10, 10], [11, 11], [12, 12], [13, 13], [14, 18], [15, 17], [17, 15], [18, 14], [19, 19], [20, 20], [21, 21], [22, 22], [23, 23], [25, 24], [26, 25], [27, 26], [28, 27]]","[14, 15, 16, 17, 18, 22, 23, 24, 25]","[14, 15, 16, 17, 18]",True,
CHEMBL236_Ki,790,1285,2054,100,test,True,1.3271545124094342,29.0,"[[3, 1], [4, 2], [5, 3], [6, 4], [7, 5], [8, 6], [10, 7], [11, 8], [12, 9], [13, 10], [14, 11], [15, 12], [16, 14], [17, 13], [18, 15], [19, 16], [20, 17], [21, 18], [22, 20], [23, 21], [24, 22], [25, 23], [26, 24], [27, 25], [28, 26], [29, 27], [30, 28], [31, 29], [32, 30]]","[0, 1, 2, 3, 4, 7, 8, 9, 10, 18, 20, 21, 22, 23]","[0, 1, 2, 6, 7, 15, 17, 18, 19, 20, 21]",True,
CHEMBL236_Ki,903,1444,1447,107,test,True,1.4149733479708182,40.0,"[[0, 0], [1, 1], [2, 2], [3, 3], [4, 4], [5, 5], [6, 6], [7, 7], [8, 8], [9, 9], [10, 10], [11, 11], [12, 12], [13, 13], [14, 14], [15, 15], [16, 16], [17, 17], [18, 18], [19, 19], [20, 20], [21, 21], [22, 22], [23, 23], [24, 24], [25, 25], [26, 26], [27, 27], [28, 28], [29, 29], [30, 30], [31, 31], [32, 32], [33, 33], [34, 34], [35, 35], [36, 36], [37, 37], [38, 38], [39, 39]]",[],"[37, 39, 40, 41, 42, 43, 44, 45, 46, 47, 48, 49, 50, 51, 52, 53, 54, 55, 56, 57, 58, 59, 60, 61]",True,
CHEMBL236_Ki,950,1465,1467,108,calibration,True,3.6740054502350334,35.0,"[[0, 0], [1, 1], [2, 2], [3, 3], [4, 4], [5, 5], [6, 6], [7, 7], [8, 8], [9, 9], [10, 10], [11, 11], [12, 12], [13, 13], [14, 14], [15, 15], [16, 16], [17, 17], [19, 18], [20, 20], [21, 21], [22, 22], [23, 23], [24, 24], [25, 25], [26, 26], [27, 31], [28, 30], [29, 29], [30, 28], [31, 27], [32, 32], [33, 33], [34, 34], [35, 35]]","[16, 17, 18, 19]","[16, 17, 18, 19]",True,
CHEMBL236_Ki,1057,1488,1494,109,calibration,True,1.2335871528876003,31.0,"[[0, 0], [1, 1], [2, 2], [3, 3], [4, 4], [5, 5], [6, 6], [7, 7], [8, 8], [9, 9], [11, 11], [12, 12], [13, 13], [14, 14], [15, 15], [16, 16], [17, 17], [18, 18], [19, 19], [20, 20], [21, 21], [22, 22], [23, 23], [24, 24], [25, 25], [26, 26], [27, 27], [28, 29], [29, 28], [30, 31], [31, 32]]","[0, 1, 2, 10, 11, 12, 16, 26, 27, 28, 29]","[0, 1, 2, 10, 11, 12, 16, 26, 27, 28, 29, 30]",True,
CHEMBL236_Ki,1059,1502,1504,110,calibration,True,1.346787486224657,29.0,"[[0, 12], [1, 11], [2, 10], [3, 9], [4, 8], [5, 7], [6, 6], [7, 4], [8, 5], [9, 3], [10, 2], [11, 1], [12, 0], [38, 20], [39, 19], [40, 18], [41, 17], [42, 16], [43, 15], [44, 14], [45, 13], [46, 28], [47, 27], [48, 21], [49, 22], [50, 23], [51, 26], [52, 25], [53, 24]]","[11, 12, 13, 14, 15, 16, 17, 18, 19, 20, 21, 22, 23, 24, 25, 26, 27, 28, 29, 30, 31, 32, 33, 34, 35, 36, 37]",[],True,
CHEMBL236_Ki,1115,1541,1547,112,test,True,1.6879746200345558,24.0,"[[5, 1], [7, 4], [8, 5], [9, 6], [10, 7], [11, 8], [12, 9], [13, 10], [14, 11], [15, 12], [16, 13], [17, 14], [18, 15], [19, 16], [20, 17], [21, 18], [22, 19], [23, 20], [24, 21], [25, 23], [26, 22], [27, 24], [28, 25], [29, 26]]","[0, 1, 2, 3, 4, 5, 6, 7]","[0, 1, 2, 3, 4]",True,
CHEMBL236_Ki,1124,1564,1565,111,calibration,True,1.6627578316815743,33.0,"[[0, 0], [1, 1], [2, 2], [3, 3], [4, 4], [5, 5], [6, 6], [7, 7], [8, 8], [9, 9], [11, 10], [12, 11], [13, 12], [14, 13], [15, 14], [16, 15], [17, 16], [18, 17], [19, 18], [20, 19], [21, 20], [22, 21], [23, 22], [24, 23], [25, 24], [26, 25], [27, 26], [28, 27], [29, 30], [30, 29], [31, 28], [32, 31], [33, 32]]","[8, 9, 10, 11]",[],True,
CHEMBL236_Ki,1134,1604,1607,115,calibration,True,2.375663613960885,51.0,"[[0, 0], [1, 1], [2, 2], [3, 3], [4, 4], [5, 5], [6, 6], [7, 7], [8, 8], [9, 9], [10, 10], [11, 11], [12, 18], [13, 19], [14, 17], [15, 15], [16, 16], [17, 14], [18, 12], [19, 13], [24, 20], [25, 21], [26, 22], [27, 23], [28, 24], [29, 25], [30, 26], [31, 27], [32, 28], [33, 29], [34, 30], [35, 31], [36, 32], [37, 33], [38, 34], [39, 35], [40, 36], [41, 37], [42, 38], [43, 39], [44, 40], [45, 41], [46, 42], [47, 43], [48, 48], [49, 47], [50, 46], [51, 45], [52, 44], [53, 49], [54, 50]]","[3, 4, 5, 20, 21, 22, 23, 24, 25, 26]","[3, 4, 5, 20, 21, 22]",True,
CHEMBL236_Ki,1161,1654,1655,118,calibration,True,1.4432476438037298,31.0,"[[2, 0], [3, 1], [4, 2], [5, 3], [6, 4], [7, 5], [8, 6], [9, 7], [10, 8], [11, 9], [12, 10], [13, 11], [14, 12], [15, 13], [16, 14], [17, 15], [18, 16], [19, 17], [20, 18], [21, 19], [22, 20], [23, 21], [24, 22], [25, 23], [26, 24], [27, 25], [28, 26], [29, 27], [30, 28], [31, 29], [32, 30]]","[0, 1, 2, 3]",[],True,
CHEMBL236_Ki,1184,1729,1786,120,test,True,3.401912598218102,40.0,"[[0, 0], [1, 1], [2, 2], [4, 3], [5, 5], [6, 6], [7, 7], [8, 8], [9, 9], [10, 10], [11, 11], [12, 12], [13, 13], [14, 14], [15, 15], [16, 16], [17, 17], [18, 18], [19, 19], [20, 20], [21, 21], [22, 22], [23, 23], [24, 24], [25, 25], [26, 26], [27, 27], [28, 28], [29, 29], [30, 30], [31, 31], [32, 32], [33, 33], [34, 34], [35, 36], [36, 37], [37, 38], [38, 39], [39, 40], [40, 42]]","[1, 2, 3, 4, 5, 40, 41, 42, 43, 44, 45]","[1, 2, 3, 4, 5, 33, 34, 35, 36, 39, 40, 41, 42, 43, 44, 45, 46]",True,
CHEMBL236_Ki,1197,1746,2584,122,test,True,2.1924491791173875,38.0,"[[0, 0], [1, 1], [2, 2], [3, 3], [4, 4], [5, 5], [6, 6], [7, 7], [8, 8], [9, 9], [10, 10], [11, 11], [12, 12], [13, 13], [20, 18], [21, 19], [22, 20], [23, 21], [24, 22], [25, 23], [26, 24], [27, 25], [28, 26], [29, 31], [30, 30], [31, 29], [32, 28], [33, 27], [34, 32], [35, 33], [36, 34], [37, 35], [38, 36], [39, 38], [40, 37], [41, 39], [42, 40], [43, 41]]","[12, 13, 14, 15, 16, 17, 18, 19]","[12, 13, 14, 15, 16, 17]",True,
CHEMBL236_Ki,1232,1828,1830,127,test,True,1.1618215735366748,18.0,"[[2, 0], [3, 1], [4, 2], [5, 3], [6, 4], [7, 5], [8, 6], [9, 7], [10, 8], [11, 9], [12, 10], [13, 11], [14, 12], [15, 13], [16, 14], [17, 15], [18, 16], [19, 17]]","[0, 1, 2, 3]",[],True,
CHEMBL236_Ki,1235,1834,1927,125,calibration,True,1.7821102065306915,23.0,"[[0, 2], [1, 3], [2, 4], [3, 5], [4, 6], [5, 8], [6, 9], [7, 10], [8, 11], [9, 12], [10, 13], [11, 14], [12, 15], [13, 16], [14, 17], [15, 18], [16, 19], [17, 20], [18, 21], [19, 22], [20, 23], [21, 24], [22, 25]]","[3, 4, 5, 6, 13, 21]","[0, 1, 2, 3, 5, 6, 7, 8, 9, 16, 24]",True,
CHEMBL236_Ki,1241,1849,2516,128,test,True,3.3726051894766678,43.0,"[[0, 7], [1, 6], [2, 5], [3, 3], [4, 4], [5, 2], [6, 1], [7, 0], [8, 8], [9, 9], [10, 10], [11, 11], [12, 12], [13, 13], [14, 14], [15, 15], [22, 17], [23, 18], [24, 19], [25, 20], [26, 21], [27, 22], [28, 23], [29, 24], [30, 25], [31, 26], [32, 27], [33, 28], [34, 29], [35, 30], [36, 31], [37, 32], [38, 33], [39, 34], [40, 35], [41, 36], [42, 37], [43, 38], [44, 39], [45, 40], [46, 41], [47, 42], [48, 43]]","[14, 15, 16, 17, 18, 19, 20, 21, 22, 23]","[14, 15, 16, 17, 18]",True,
CHEMBL236_Ki,1242,1853,1859,129,test,True,1.1340299140549694,24.0,"[[1, 1], [2, 2], [3, 3], [4, 4], [5, 5], [6, 6], [7, 7], [8, 8], [9, 9], [10, 10], [11, 11], [12, 12], [13, 13], [14, 14], [15, 15], [16, 16], [17, 17], [18, 18], [19, 23], [20, 22], [21, 21], [22, 20], [23, 19], [24, 24]]","[0, 1, 2, 24]","[0, 1, 2, 24]",True,
CHEMBL236_Ki,1294,2000,2008,135,test,True,1.3853508813640172,33.0,"[[0, 0], [1, 1], [2, 2], [3, 3], [4, 4], [5, 5], [6, 6], [7, 7], [8, 8], [9, 9], [10, 10], [11, 11], [12, 12], [13, 13], [14, 14], [15, 15], [16, 16], [17, 17], [18, 18], [19, 19], [20, 20], [21, 21], [22, 22], [23, 23], [24, 33], [25, 32], [26, 26], [27, 27], [35, 25], [36, 24], [37, 34], [38, 35], [39, 36]]","[26, 27, 28, 29, 30, 31, 32, 33, 34]","[26, 27, 28, 29, 30, 31]",True,
CHEMBL236_Ki,1301,2027,2028,136,test,True,2.6020599913279607,62.0,"[[0, 0], [1, 1], [2, 2], [3, 3], [4, 4], [5, 5], [6, 6], [7, 7], [8, 8], [9, 9], [10, 10], [11, 11], [12, 12], [13, 13], [14, 14], [15, 15], [16, 16], [17, 17], [18, 18], [19, 19], [20, 20], [21, 21], [22, 22], [23, 28], [24, 29], [25, 30], [26, 31], [27, 36], [28, 35], [29, 34], [30, 33], [31, 32], [32, 37], [33, 38], [34, 39], [35, 40], [36, 41], [37, 42], [38, 43], [39, 44], [40, 45], [41, 46], [42, 47], [43, 48], [44, 49], [45, 50], [46, 51], [47, 58], [48, 57], [49, 55], [50, 56], [51, 54], [52, 52], [53, 60], [54, 61], [55, 62], [56, 63], [57, 68], [58, 67], [59, 66], [60, 65], [61, 64]]","[16, 21, 22, 23, 24]","[16, 21, 22, 23, 24, 25, 26, 27, 28, 29, 51, 52, 53, 54, 57, 58, 59]",True,
CHEMBL236_Ki,1302,2050,2418,137,test,True,2.190331698170291,45.0,"[[0, 0], [1, 1], [2, 2], [3, 3], [4, 4], [8, 11], [9, 12], [10, 13], [11, 14], [12, 15], [13, 16], [14, 17], [15, 18], [16, 19], [17, 25], [18, 24], [19, 22], [20, 23], [21, 21], [22, 20], [23, 26], [24, 27], [25, 28], [26, 29], [27, 30], [28, 31], [29, 32], [30, 33], [31, 34], [32, 35], [33, 36], [34, 37], [35, 38], [36, 39], [37, 40], [38, 41], [39, 42], [40, 43], [41, 44], [42, 45], [43, 46], [44, 47], [45, 48], [46, 49], [47, 50]]","[3, 4, 5, 6, 7, 8, 9]","[3, 4, 5, 6, 7, 8, 9, 10, 11, 12]",True,
CHEMBL236_Ki,1366,2175,2192,141,calibration,True,1.265901663057725,36.0,"[[0, 0], [1, 1], [2, 2], [3, 3], [4, 4], [5, 5], [6, 6], [7, 7], [8, 8], [9, 9], [10, 10], [11, 11], [12, 12], [13, 13], [14, 14], [15, 15], [16, 16], [17, 17], [18, 23], [19, 22], [20, 21], [21, 20], [22, 19], [23, 18], [24, 24], [25, 25], [26, 32], [27, 31], [28, 30], [29, 29], [30, 28], [31, 27], [32, 26], [33, 33], [34, 34], [35, 36]]","[4, 6, 7, 8, 35]","[4, 6, 7, 8, 35, 36]",True,
CHEMBL236_Ki,1367,2184,2205,142,test,True,1.1752599140814857,35.0,"[[0, 0], [1, 1], [2, 2], [3, 3], [4, 4], [6, 11], [7, 12], [8, 13], [9, 14], [10, 15], [11, 16], [12, 17], [13, 18], [14, 19], [15, 20], [16, 21], [17, 22], [18, 23], [19, 24], [20, 25], [21, 26], [22, 27], [23, 28], [24, 29], [25, 30], [26, 31], [27, 38], [28, 37], [29, 36], [30, 35], [31, 34], [32, 33], [33, 32], [34, 39], [35, 40]]","[3, 4, 5]","[3, 4, 5, 6, 7, 8, 9, 10]",True,
CHEMBL236_Ki,1375,2197,2295,143,test,True,1.7963204585650026,37.0,"[[0, 2], [1, 1], [2, 3], [3, 4], [4, 5], [5, 6], [6, 7], [7, 8], [8, 9], [9, 10], [10, 11], [11, 12], [12, 13], [13, 14], [14, 15], [15, 16], [16, 17], [17, 18], [18, 19], [19, 26], [20, 25], [21, 23], [22, 22], [23, 21], [24, 20], [25, 27], [26, 28], [27, 29], [28, 30], [29, 31], [30, 32], [31, 33], [32, 34], [33, 35], [34, 36], [35, 37], [36, 38]]","[0, 1, 2, 3, 4, 5, 19, 20, 21, 22, 25]","[0, 1, 2, 3, 4, 5, 6, 22, 23, 24, 25, 26, 27]",True,
CHEMBL236_Ki,1384,2259,2297,140,test,True,1.6709447172759422,30.0,"[[0, 0], [1, 1], [2, 2], [3, 3], [4, 4], [5, 5], [6, 6], [7, 7], [8, 8], [9, 9], [10, 10], [11, 11], [12, 12], [13, 13], [14, 14], [15, 17], [16, 18], [17, 19], [18, 20], [19, 21], [20, 22], [21, 29], [22, 28], [23, 27], [24, 26], [25, 25], [26, 24], [27, 23], [28, 30], [29, 31]]","[13, 14, 15, 16, 19, 20, 25, 26, 27]","[13, 14, 15, 16, 17, 18, 21, 22, 23, 24, 25]",True,
CHEMBL236_Ki,1460,2376,2377,149,test,True,1.052533420047724,35.0,"[[0, 0], [1, 1], [2, 2], [3, 3], [4, 4], [5, 5], [6, 6], [7, 7], [8, 8], [9, 9], [10, 10], [11, 11], [12, 12], [13, 13], [14, 14], [15, 15], [16, 17], [17, 16], [18, 18], [19, 19], [20, 20], [21, 21], [22, 22], [23, 23], [24, 24], [25, 25], [26, 26], [27, 27], [28, 28], [29, 29], [30, 30], [31, 31], [32, 33], [33, 32], [34, 37]]",[],"[31, 33, 34, 35, 36]",True,
CHEMBL236_Ki,1462,2422,2430,151,calibration,True,1.002406069765879,32.0,"[[2, 2], [3, 33], [4, 32], [5, 5], [6, 6], [7, 7], [8, 8], [9, 9], [10, 10], [11, 11], [12, 12], [13, 13], [14, 14], [15, 15], [16, 16], [17, 17], [18, 18], [19, 19], [20, 20], [21, 21], [22, 22], [23, 23], [24, 24], [25, 25], [26, 27], [27, 26], [28, 28], [29, 29], [30, 30], [31, 31], [32, 4], [33, 3]]","[0, 1, 2, 3, 33]","[0, 1, 2, 3, 33]",True,
CHEMBL236_Ki,1472,2479,2483,153,calibration,True,1.1903316981702918,27.0,"[[1, 4], [2, 5], [3, 6], [4, 7], [5, 8], [6, 9], [7, 10], [8, 11], [9, 12], [10, 13], [11, 14], [12, 15], [13, 16], [14, 17], [15, 18], [16, 19], [17, 20], [18, 21], [19, 22], [20, 23], [21, 25], [22, 24], [23, 26], [24, 27], [25, 28], [26, 29], [27, 30]]","[0, 1, 2, 3]","[0, 1, 2, 3, 4, 5, 6]",True,
CHEMBL236_Ki,1476,2525,2533,138,test,True,1.8999885674886547,30.0,"[[0, 20], [1, 19], [2, 21], [3, 18], [4, 17], [5, 16], [6, 15], [7, 14], [8, 13], [9, 12], [10, 11], [11, 10], [12, 9], [13, 8], [14, 23], [15, 7], [16, 6], [17, 5], [18, 4], [19, 24], [20, 25], [21, 26], [22, 27], [24, 29], [25, 30], [26, 2], [27, 3], [28, 0], [29, 1], [30, 22]]","[18, 21, 22, 23, 24, 25, 26, 27, 28, 29]","[0, 1, 2, 3, 4, 26, 27, 28, 29, 30]",True,
CHEMBL237_EC50,2,4,427,0,calibration,True,1.6989700043360187,25.0,"[[0, 2], [1, 3], [2, 4], [3, 5], [4, 6], [5, 7], [6, 8], [7, 9], [8, 10], [9, 11], [10, 12], [11, 13], [12, 14], [13, 15], [14, 16], [15, 17], [16, 18], [17, 19], [18, 20], [19, 21], [20, 22], [21, 23], [22, 24], [23, 26], [24, 25]]",[],"[0, 1, 2, 3]",True,
CHEMBL237_EC50,5,8,311,1,test,True,1.177162269418206,22.0,"[[0, 0], [1, 1], [2, 2], [3, 3], [4, 4], [5, 5], [6, 6], [7, 7], [8, 8], [9, 9], [10, 10], [11, 11], [12, 12], [13, 14], [14, 15], [15, 16], [16, 17], [17, 18], [18, 20], [19, 19], [20, 22], [21, 23]]","[16, 17, 18, 19]","[7, 11, 12, 13, 14, 17, 18, 19, 20, 21]",True,
CHEMBL237_EC50,7,14,17,3,test,True,1.216163582343034,32.0,"[[0, 1], [1, 2], [2, 3], [3, 4], [4, 6], [5, 7], [6, 8], [7, 9], [8, 10], [9, 11], [10, 12], [11, 13], [12, 14], [13, 15], [14, 16], [15, 17], [16, 18], [17, 19], [18, 20], [19, 21], [20, 22], [21, 23], [22, 24], [23, 25], [24, 26], [25, 27], [26, 28], [27, 29], [28, 30], [29, 31], [30, 32], [31, 33]]",[],"[0, 1, 2, 3, 4, 5, 6]",True,
CHEMBL237_EC50,11,45,47,6,test,True,2.419129307741974,29.0,"[[0, 0], [1, 1], [2, 2], [3, 3], [4, 4], [5, 5], [6, 6], [7, 7], [8, 8], [9, 9], [10, 10], [11, 11], [12, 12], [13, 13], [14, 14], [15, 15], [16, 16], [17, 17], [18, 18], [19, 19], [20, 20], [21, 21], [22, 22], [23, 23], [24, 24], [25, 25], [26, 26], [30, 27], [31, 28]]","[25, 26, 27, 28, 29]",[],True,
CHEMBL237_EC50,12,46,48,7,test,True,1.204119982655925,31.0,"[[0, 0], [1, 1], [2, 2], [3, 3], [4, 4], [5, 5], [6, 6], [7, 7], [8, 8], [9, 9], [10, 10], [11, 11], [12, 12], [13, 13], [14, 14], [15, 15], [16, 16], [17, 17], [18, 18], [19, 19], [20, 20], [21, 21], [22, 22], [23, 23], [24, 24], [25, 25], [26, 26], [27, 27], [28, 28], [32, 29], [33, 30]]","[27, 28, 29, 30, 31]",[],True,
CHEMBL237_EC50,13,57,62,8,test,True,1.1706962271689747,19.0,"[[0, 0], [1, 1], [2, 2], [3, 3], [4, 4], [5, 5], [6, 6], [7, 7], [9, 9], [10, 10], [11, 11], [12, 12], [13, 13], [14, 14], [15, 15], [16, 16], [17, 17], [18, 19], [19, 18]]","[6, 7, 8, 9]","[6, 7, 8, 9]",True,
CHEMBL237_EC50,59,80,101,11,test,True,1.312311006073671,28.0,"[[2, 1], [3, 2], [4, 3], [5, 4], [6, 6], [7, 5], [8, 28], [9, 9], [10, 10], [11, 11], [12, 12], [13, 13], [14, 14], [15, 15], [16, 16], [17, 17], [18, 18], [19, 19], [20, 20], [21, 21], [22, 22], [23, 27], [24, 26], [25, 25], [26, 24], [27, 23], [28, 8], [29, 7]]","[0, 1, 2, 3, 4, 5, 6, 7, 29]","[0, 1, 2, 3, 4, 5, 6, 28]",True,
CHEMBL237_EC50,211,161,163,19,test,True,1.126758293374257,35.0,"[[0, 0], [1, 1], [2, 2], [3, 3], [4, 4], [5, 5], [6, 6], [7, 7], [8, 8], [9, 9], [10, 10], [11, 11], [12, 12], [13, 13], [14, 14], [15, 15], [16, 16], [17, 17], [18, 18], [20, 19], [21, 20], [22, 25], [23, 24], [24, 23], [25, 22], [26, 21], [27, 26], [28, 27], [29, 28], [30, 29], [31, 30], [32, 31], [33, 32], [34, 33], [35, 34]]","[14, 17, 18, 19, 20, 21]","[14, 17, 18, 19, 20]",True,
CHEMBL237_EC50,213,169,436,20,calibration,True,1.0511525224473823,59.0,"[[0, 0], [1, 1], [2, 2], [3, 3], [4, 4], [5, 5], [6, 6], [7, 7], [8, 8], [9, 9], [10, 10], [11, 11], [12, 12], [13, 13], [14, 14], [15, 15], [16, 16], [17, 17], [18, 18], [19, 19], [20, 20], [21, 21], [22, 22], [23, 23], [24, 24], [25, 25], [26, 26], [27, 27], [28, 28], [29, 29], [30, 30], [31, 31], [32, 32], [33, 33], [34, 34], [35, 35], [36, 36], [37, 37], [38, 40], [39, 41], [40, 42], [41, 43], [42, 44], [43, 47], [44, 46], [45, 45], [46, 48], [47, 49], [48, 50], [49, 51], [50, 52], [51, 53], [52, 54], [53, 55], [54, 56], [55, 57], [56, 58], [57, 59], [58, 60]]",[],"[32, 36, 37, 38, 39, 40]",True,
CHEMBL237_EC50,215,174,522,21,test,True,2.45529281722399,26.0,"[[0, 1], [1, 2], [2, 3], [3, 4], [4, 5], [5, 6], [6, 7], [7, 8], [8, 9], [9, 10], [10, 11], [11, 12], [12, 13], [13, 14], [14, 15], [15, 17], [16, 18], [17, 19], [18, 20], [19, 21], [20, 22], [21, 23], [22, 24], [23, 26], [24, 25], [25, 27]]",[],"[0, 1, 2, 14, 15, 16]",True,
CHEMBL237_EC50,218,178,183,23,test,True,1.092314261318908,31.0,"[[0, 0], [1, 1], [2, 2], [4, 3], [5, 4], [6, 5], [7, 6], [8, 7], [9, 8], [10, 9], [11, 10], [12, 11], [13, 12], [14, 13], [15, 14], [16, 15], [17, 16], [18, 17], [19, 18], [20, 19], [21, 20], [22, 21], [23, 22], [24, 23], [25, 24], [26, 25], [27, 26], [28, 28], [29, 27], [31, 29], [32, 30]]","[1, 2, 3, 4, 5, 9, 26, 27, 28, 29, 30]","[1, 2, 3, 4, 8, 25, 26, 27, 28]",True,
CHEMBL237_EC50,249,211,312,26,calibration,True,1.359735656001808,25.0,"[[1, 1], [2, 2], [3, 0], [4, 3], [5, 4], [6, 5], [7, 6], [8, 7], [9, 8], [10, 9], [11, 10], [12, 11], [13, 12], [14, 13], [15, 14], [16, 16], [17, 17], [18, 18], [19, 19], [20, 20], [21, 23], [22, 22], [23, 21], [24, 24], [25, 25]]","[0, 1, 2, 3, 4, 5, 9]","[0, 1, 2, 3, 4, 8, 9, 13, 14, 15, 16]",True,
CHEMBL237_EC50,252,218,488,28,calibration,True,1.886056647693163,30.0,"[[0, 0], [1, 1], [2, 2], [3, 3], [4, 4], [5, 5], [6, 6], [7, 7], [8, 8], [9, 9], [10, 10], [11, 11], [12, 12], [13, 13], [14, 25], [15, 24], [16, 16], [18, 15], [19, 14], [20, 26], [21, 27], [22, 28], [23, 29], [24, 30], [25, 31], [26, 32], [27, 33], [28, 34], [29, 36], [30, 35]]","[15, 16, 17, 18]","[15, 16, 17, 18, 19, 20, 21, 22, 23, 24]",True,
CHEMBL237_EC50,369,274,301,32,test,True,3.783683738983605,31.0,"[[0, 0], [1, 1], [2, 2], [3, 3], [4, 4], [5, 5], [6, 6], [7, 7], [8, 8], [9, 11], [10, 12], [11, 13], [12, 14], [13, 15], [14, 16], [15, 17], [16, 18], [17, 19], [18, 20], [19, 24], [20, 23], [21, 22], [22, 21], [23, 25], [24, 26], [25, 27], [26, 28], [27, 29], [28, 30], [29, 31], [30, 32]]","[7, 8, 9, 10, 14, 15]","[7, 8, 9, 10, 11, 12, 16, 17]",True,
CHEMBL237_EC50,415,342,344,36,calibration,True,1.2143928672367643,19.0,"[[0, 0], [1, 1], [2, 2], [3, 3], [4, 4], [5, 5], [6, 6], [10, 10], [11, 11], [12, 12], [13, 13], [14, 14], [15, 15], [16, 16], [17, 17], [18, 18], [19, 19], [20, 21], [21, 20]]","[5, 6, 7, 8, 9, 10, 11]","[5, 6, 7, 8, 9, 10, 11]",True,
CHEMBL237_EC50,418,347,348,38,calibration,True,1.4825841504211643,37.0,"[[0, 1], [1, 2], [3, 3], [4, 4], [5, 5], [6, 6], [7, 7], [8, 8], [9, 9], [10, 10], [11, 11], [12, 12], [13, 13], [14, 14], [15, 15], [16, 16], [17, 17], [18, 18], [19, 19], [20, 20], [21, 21], [22, 22], [23, 23], [24, 24], [25, 25], [26, 26], [27, 27], [28, 28], [29, 29], [30, 30], [31, 31], [32, 32], [33, 33], [34, 35], [35, 34], [36, 36], [37, 37]]","[0, 1, 2, 3]","[0, 1, 2]",True,
CHEMBL237_EC50,419,350,475,39,calibration,True,1.4438803215809832,29.0,"[[7, 1], [8, 0], [10, 7], [11, 8], [12, 9], [13, 10], [14, 11], [15, 12], [16, 13], [17, 14], [18, 15], [19, 16], [20, 17], [21, 18], [22, 19], [23, 20], [24, 21], [25, 22], [26, 23], [27, 24], [28, 25], [29, 26], [30, 27], [31, 28], [32, 29], [33, 31], [34, 30], [35, 32], [36, 33]]","[0, 1, 2, 3, 4, 5, 6, 7, 8, 9, 10, 11, 12]","[0, 1, 2, 3, 4, 5, 6, 7, 8, 9]",True,
CHEMBL237_EC50,424,371,372,42,test,True,1.3157532524846882,27.0,"[[2, 2], [3, 3], [4, 4], [5, 5], [6, 6], [7, 7], [8, 8], [9, 12], [10, 11], [11, 10], [12, 9], [13, 13], [14, 14], [15, 15], [16, 16], [17, 17], [18, 18], [19, 19], [20, 20], [21, 21], [22, 22], [23, 23], [24, 24], [25, 25], [26, 26], [27, 27], [28, 28]]","[0, 1, 2, 3, 4]","[0, 1, 2, 3, 4]",True,
CHEMBL237_EC50,430,401,416,43,calibration,True,1.0270114698732078,25.0,"[[0, 0], [1, 1], [2, 2], [3, 3], [4, 4], [5, 5], [6, 6], [7, 7], [8, 8], [9, 9], [10, 10], [13, 12], [14, 13], [15, 14], [16, 15], [17, 16], [18, 17], [19, 18], [20, 19], [21, 20], [22, 21], [23, 22], [24, 23], [25, 24], [26, 25]]","[9, 10, 11, 12, 13]","[9, 10, 11, 12]",True,
CHEMBL237_EC50,431,406,415,44,test,True,1.1933602118049187,23.0,"[[0, 0], [1, 1], [2, 2], [3, 3], [4, 4], [5, 5], [6, 6], [7, 7], [8, 8], [9, 9], [10, 10], [11, 11], [12, 12], [13, 13], [14, 14], [15, 15], [16, 16], [17, 17], [18, 18], [19, 19], [26, 25], [27, 26], [28, 27]]","[18, 19, 20, 21, 22, 23, 24, 25]","[18, 19, 20, 21, 22, 23, 24]",True,
CHEMBL237_EC50,479,456,458,47,calibration,True,1.310370021918124,30.0,"[[0, 0], [1, 1], [2, 2], [3, 3], [4, 4], [5, 5], [6, 6], [7, 7], [8, 8], [9, 9], [10, 10], [11, 11], [12, 12], [13, 13], [14, 14], [15, 15], [16, 16], [17, 17], [18, 18], [19, 19], [20, 20], [21, 21], [22, 22], [23, 23], [24, 24], [25, 25], [26, 27], [27, 26], [28, 29], [29, 30]]","[24, 25, 26, 27]","[24, 25, 26, 27, 28]",True,
CHEMBL237_EC50,481,460,463,48,test,True,2.5448730389865046,32.0,"[[0, 0], [1, 1], [2, 2], [3, 3], [4, 4], [5, 5], [6, 6], [7, 7], [8, 8], [9, 9], [10, 10], [11, 11], [12, 12], [13, 13], [14, 14], [15, 15], [16, 16], [17, 17], [18, 18], [19, 19], [20, 20], [21, 21], [22, 22], [23, 23], [24, 24], [25, 26], [26, 25], [27, 28], [28, 29], [29, 30], [30, 31], [31, 32]]","[23, 24, 25, 26]","[23, 24, 25, 26, 27]",True,
CHEMBL237_EC50,509,530,532,52,test,True,3.5996405172045494,35.0,"[[0, 0], [1, 1], [2, 2], [3, 3], [4, 4], [5, 5], [6, 6], [7, 7], [8, 8], [9, 9], [10, 10], [11, 11], [12, 12], [13, 13], [14, 14], [15, 15], [16, 16], [17, 17], [18, 18], [19, 19], [20, 20], [21, 21], [22, 22], [23, 23], [26, 30], [27, 31], [28, 32], [29, 33], [31, 34], [32, 35], [33, 40], [34, 39], [35, 38], [36, 37], [37, 36]]","[1, 7, 22, 23, 24, 25, 29, 30, 31, 32]","[1, 7, 22, 23, 24, 25, 26, 27, 28, 29, 33, 34, 35]",True,
CHEMBL237_EC50,512,545,552,53,test,True,1.6989700043360187,29.0,"[[1, 0], [2, 1], [3, 2], [4, 4], [5, 5], [6, 6], [7, 7], [8, 8], [9, 9], [10, 10], [11, 11], [12, 12], [13, 13], [14, 14], [15, 15], [16, 16], [17, 17], [18, 18], [19, 19], [20, 20], [21, 21], [22, 25], [23, 24], [24, 23], [25, 22], [26, 26], [27, 27], [28, 28], [29, 29]]","[0, 1, 2]","[1, 2, 3, 4]",True,
CHEMBL237_EC50,679,585,587,9,calibration,True,5.687388131786203,33.0,"[[3, 0], [4, 1], [5, 2], [6, 3], [7, 4], [8, 5], [9, 6], [10, 7], [11, 8], [12, 9], [13, 10], [14, 11], [15, 12], [16, 13], [17, 14], [18, 15], [19, 16], [20, 17], [21, 18], [22, 19], [23, 20], [24, 21], [25, 22], [26, 23], [27, 24], [28, 25], [29, 26], [30, 27], [31, 28], [32, 29], [33, 30], [34, 31], [35, 32]]","[0, 1, 2, 3, 4]",[],True,
CHEMBL237_EC50,737,627,644,54,test,True,1.9784603221438903,24.0,"[[1, 1], [2, 2], [3, 3], [4, 4], [7, 7], [8, 8], [9, 9], [10, 10], [11, 11], [12, 12], [13, 13], [14, 14], [15, 15], [16, 16], [17, 17], [18, 18], [19, 19], [20, 20], [21, 21], [22, 22], [23, 23], [24, 24], [25, 25], [26, 26]]","[0, 1, 2, 3, 4, 5, 6, 7, 8, 27]","[0, 1, 2, 3, 4, 5, 6, 7, 8, 27, 28]",True,
CHEMBL237_EC50,742,631,638,57,test,True,2.4086638740638104,20.0,"[[0, 0], [1, 1], [2, 2], [3, 3], [4, 4], [5, 5], [6, 6], [7, 7], [8, 8], [9, 9], [10, 10], [11, 11], [12, 12], [13, 13], [14, 14], [15, 15], [16, 16], [17, 17], [18, 18], [19, 19]]","[1, 19, 20, 21, 22, 23]","[1, 19, 20, 21, 22, 23, 24]",True,
CHEMBL237_EC50,744,657,659,58,calibration,True,1.3524299088796037,26.0,"[[0, 0], [1, 1], [2, 2], [3, 3], [4, 4], [5, 5], [6, 6], [7, 7], [8, 8], [9, 9], [10, 10], [11, 11], [12, 12], [13, 13], [14, 14], [15, 15], [16, 16], [17, 17], [18, 18], [20, 19], [21, 20], [22, 21], [23, 22], [24, 23], [25, 24], [26, 25]]","[17, 18, 19, 20, 21, 24]","[17, 18, 19, 20, 23]",True,
CHEMBL237_EC50,902,756,934,25,calibration,True,3.718383045380154,36.0,"[[0, 0], [1, 1], [2, 2], [3, 3], [4, 4], [5, 5], [6, 6], [7, 7], [8, 8], [9, 9], [10, 10], [11, 11], [12, 12], [13, 13], [14, 14], [15, 15], [16, 17], [17, 16], [18, 18], [19, 19], [20, 20], [21, 21], [22, 22], [23, 23], [24, 24], [25, 25], [26, 26], [27, 27], [31, 28], [32, 30], [33, 35], [34, 34], [35, 33], [36, 32], [37, 31], [38, 36]]","[26, 27, 28, 29, 30, 31, 32]","[23, 26, 27, 28, 29, 30, 36]",True,
CHEMBL237_EC50,916,771,776,62,calibration,True,1.840158390739788,37.0,"[[0, 0], [1, 1], [2, 2], [3, 3], [4, 4], [5, 5], [6, 6], [7, 7], [8, 8], [9, 9], [10, 10], [11, 11], [12, 12], [13, 13], [14, 14], [15, 15], [16, 16], [17, 17], [18, 18], [19, 19], [20, 20], [21, 21], [22, 22], [24, 23], [25, 24], [26, 25], [27, 26], [28, 27], [29, 28], [30, 29], [31, 30], [32, 31], [33, 32], [34, 33], [35, 34], [36, 35], [37, 36]]","[21, 22, 23]",[],True,
CHEMBL237_EC50,918,778,783,63,calibration,True,1.153203356886971,44.0,"[[0, 0], [1, 1], [2, 2], [3, 3], [4, 4], [5, 5], [6, 6], [7, 7], [8, 8], [9, 9], [10, 10], [11, 11], [12, 12], [13, 13], [14, 14], [15, 15], [16, 16], [17, 17], [18, 21], [19, 22], [20, 23], [21, 20], [22, 19], [23, 18], [24, 42], [25, 43], [26, 32], [27, 31], [28, 30], [29, 27], [30, 28], [31, 29], [32, 26], [33, 33], [34, 34], [35, 35], [36, 36], [37, 37], [38, 38], [39, 39], [40, 41], [41, 40], [42, 24], [43, 25]]","[6, 7, 8, 9, 18, 19, 21, 22, 23, 24, 34, 42]","[6, 7, 8, 9, 18, 19, 20, 21, 22, 24, 34, 42]",True,
CHEMBL237_EC50,928,816,821,65,test,True,1.1064553309142884,49.0,"[[0, 0], [1, 1], [2, 2], [3, 3], [4, 4], [5, 5], [6, 6], [7, 7], [8, 8], [9, 9], [10, 10], [11, 11], [12, 12], [13, 13], [14, 14], [15, 15], [16, 16], [17, 17], [18, 18], [19, 19], [20, 20], [21, 21], [22, 22], [23, 27], [24, 26], [25, 25], [26, 24], [27, 23], [28, 28], [29, 29], [30, 30], [31, 31], [32, 32], [33, 38], [34, 36], [35, 37], [36, 35], [37, 39], [38, 40], [39, 41], [40, 42], [41, 43], [42, 44], [43, 45], [44, 46], [45, 47], [46, 48], [47, 49], [48, 50]]","[31, 32, 33, 34]","[31, 32, 33, 34, 35, 36]",True,
CHEMBL237_EC50,958,871,873,68,calibration,True,1.574031267727717,29.0,"[[0, 0], [1, 1], [2, 2], [3, 3], [4, 4], [5, 5], [6, 6], [7, 7], [8, 8], [9, 9], [10, 10], [11, 11], [12, 12], [13, 13], [14, 14], [15, 16], [16, 17], [17, 18], [18, 19], [19, 20], [20, 21], [21, 26], [22, 24], [23, 23], [25, 22], [26, 27], [27, 28], [28, 29], [29, 30]]","[22, 23, 24, 25]","[13, 14, 15, 16, 23, 24, 25, 26]",True,
CHEMBL237_EC50,973,905,907,29,calibration,True,2.5292869625535275,37.0,"[[0, 0], [1, 1], [2, 2], [3, 3], [4, 4], [6, 5], [7, 6], [8, 7], [9, 8], [10, 9], [11, 10], [12, 11], [13, 12], [14, 13], [15, 14], [16, 15], [17, 16], [18, 17], [19, 18], [20, 19], [21, 20], [22, 21], [23, 22], [24, 23], [25, 24], [26, 25], [27, 26], [28, 27], [29, 28], [30, 29], [31, 30], [32, 31], [33, 32], [34, 34], [35, 33], [36, 35], [37, 36]]","[2, 4, 5, 6, 7]","[2, 4, 5, 6]",True,
CHEMBL237_EC50,1001,953,954,71,calibration,True,1.23246772562665,37.0,"[[2, 16], [3, 17], [4, 18], [5, 13], [6, 12], [7, 11], [8, 10], [9, 9], [10, 20], [11, 19], [12, 21], [13, 22], [14, 23], [15, 24], [16, 25], [17, 26], [24, 33], [25, 34], [26, 4], [27, 3], [28, 2], [29, 1], [30, 0], [31, 6], [32, 5], [33, 42], [34, 41], [35, 40], [36, 35], [37, 36], [38, 37], [39, 39], [40, 38], [41, 8], [42, 7], [43, 14], [44, 15]]","[0, 1, 2, 3, 16, 17, 18, 19, 20, 21, 22, 23, 44]","[25, 26, 27, 28, 29, 30, 31, 32]",True,
CHEMBL237_Ki,16,29,230,3,calibration,True,1.442705783627196,46.0,"[[0, 1], [1, 2], [2, 3], [3, 4], [4, 5], [5, 6], [6, 7], [7, 8], [8, 9], [9, 10], [10, 11], [11, 12], [12, 13], [13, 14], [14, 15], [15, 16], [16, 17], [17, 18], [18, 19], [19, 20], [20, 21], [21, 22], [22, 24], [23, 23], [24, 25], [25, 26], [26, 27], [27, 28], [28, 29], [29, 30], [30, 31], [31, 32], [32, 33], [33, 34], [34, 35], [35, 36], [36, 37], [37, 38], [38, 39], [39, 40], [40, 41], [41, 42], [42, 43], [43, 44], [47, 45], [48, 46]]","[42, 43, 44, 45, 46]","[0, 1, 2]",True,
CHEMBL237_Ki,51,108,1551,10,test,True,1.6796648491406323,18.0,"[[0, 0], [1, 1], [2, 2], [3, 3], [4, 4], [5, 5], [6, 6], [7, 7], [8, 8], [9, 9], [10, 10], [11, 11], [12, 12], [13, 13], [14, 14], [15, 15], [17, 17], [18, 18]]","[14, 15, 16, 17]","[14, 15, 16, 17]",True,
CHEMBL237_Ki,74,147,385,18,calibration,True,1.2365720064370649,24.0,"[[0, 0], [1, 1], [2, 2], [3, 3], [4, 4], [5, 5], [6, 6], [7, 7], [8, 8], [9, 9], [10, 10], [12, 13], [13, 14], [14, 15], [15, 16], [16, 17], [17, 18], [18, 19], [19, 20], [20, 25], [21, 24], [22, 23], [23, 22], [24, 21]]","[5, 9, 10, 11]","[5, 9, 10, 11, 12]",True,
CHEMBL237_Ki,76,149,393,20,calibration,True,1.7873919071185576,24.0,"[[0, 0], [1, 1], [2, 2], [3, 3], [4, 4], [5, 5], [6, 6], [7, 7], [8, 8], [10, 11], [11, 12], [12, 13], [13, 14], [14, 15], [15, 16], [16, 17], [17, 18], [18, 19], [19, 20], [20, 25], [21, 24], [22, 23], [23, 22], [24, 21]]","[7, 8, 9, 10]","[7, 8, 9, 10, 11]",True,
CHEMBL237_Ki,79,162,168,23,calibration,True,1.0280287236002437,35.0,"[[0, 0], [1, 1], [2, 2], [3, 3], [4, 4], [5, 5], [6, 6], [7, 7], [8, 8], [9, 9], [10, 10], [11, 11], [12, 12], [13, 13], [15, 14], [16, 15], [17, 16], [18, 17], [19, 18], [20, 19], [21, 20], [22, 21], [23, 27], [24, 26], [25, 24], [26, 25], [27, 23], [28, 22], [29, 28], [30, 29], [31, 30], [32, 31], [33, 32], [34, 33], [35, 34]]","[12, 13, 14]",[],True,
CHEMBL237_Ki,121,203,204,26,calibration,True,1.7411189882194638,33.0,"[[0, 0], [1, 1], [2, 2], [3, 3], [4, 4], [5, 5], [6, 6], [7, 7], [8, 8], [9, 9], [10, 10], [11, 11], [12, 12], [13, 13], [14, 14], [15, 15], [16, 16], [17, 17], [18, 18], [19, 19], [20, 20], [21, 21], [23, 22], [24, 23], [25, 24], [26, 25], [27, 26], [28, 27], [29, 28], [30, 29], [31, 30], [32, 31], [33, 32]]","[20, 21, 22, 23]",[],True,
CHEMBL237_Ki,122,206,211,27,test,True,1.915679114299964,22.0,"[[0, 0], [1, 1], [2, 2], [3, 3], [4, 4], [5, 5], [6, 6], [7, 7], [8, 8], [9, 9], [10, 10], [11, 11], [12, 12], [13, 13], [14, 14], [15, 15], [16, 16], [17, 22], [18, 20], [19, 19], [20, 18], [22, 17]]","[19, 20, 21, 22]","[19, 20, 21, 22]",True,
CHEMBL237_Ki,124,244,260,28,calibration,True,1.0999761352987392,30.0,"[[0, 0], [1, 1], [2, 2], [3, 3], [4, 4], [5, 8], [6, 7], [7, 6], [8, 5], [9, 11], [10, 9], [11, 10], [12, 12], [13, 13], [14, 14], [15, 15], [16, 16], [17, 17], [18, 18], [19, 19], [20, 20], [21, 21], [22, 22], [23, 23], [24, 24], [25, 25], [26, 26], [27, 27], [28, 28], [29, 29]]","[3, 4, 5, 6, 10, 12]","[3, 4, 5, 6, 11, 12]",True,
CHEMBL237_Ki,130,312,313,33,test,True,1.6420403354629292,33.0,"[[0, 0], [1, 1], [2, 2], [3, 3], [4, 4], [5, 5], [6, 6], [7, 7], [8, 8], [9, 9], [10, 10], [11, 11], [12, 12], [13, 13], [14, 14], [15, 15], [16, 16], [17, 17], [18, 18], [19, 19], [20, 24], [21, 23], [22, 22], [23, 21], [24, 20], [25, 25], [26, 26], [27, 27], [28, 28], [29, 29], [34, 36], [35, 37], [36, 38]]","[28, 29, 30, 31, 32, 33]","[28, 29, 30, 31, 32, 33, 34, 35]",True,
CHEMBL237_Ki,134,321,327,35,calibration,True,1.5855449032624032,27.0,"[[0, 0], [1, 1], [2, 2], [3, 3], [4, 4], [5, 5], [6, 6], [7, 7], [8, 8], [9, 9], [10, 10], [11, 11], [12, 12], [13, 13], [14, 14], [15, 15], [16, 16], [17, 17], [18, 18], [19, 19], [20, 20], [21, 21], [22, 26], [23, 25], [24, 24], [25, 23], [26, 22]]","[2, 4, 5, 8, 9, 13]","[5, 6, 7, 8, 9, 13]",True,
CHEMBL237_Ki,253,391,645,38,test,True,2.204119982655925,31.0,"[[0, 0], [1, 1], [2, 2], [3, 3], [4, 4], [5, 8], [6, 19], [7, 18], [8, 11], [9, 12], [10, 13], [11, 14], [12, 15], [13, 16], [14, 17], [15, 10], [16, 9], [17, 20], [18, 21], [19, 22], [20, 23], [21, 24], [22, 25], [23, 26], [24, 27], [25, 28], [26, 33], [27, 32], [28, 31], [29, 30], [30, 29]]","[2, 4, 5, 6, 16]","[2, 4, 5, 6, 7, 8, 9, 19]",True,
CHEMBL237_Ki,332,419,420,41,test,True,1.2423455779333097,41.0,"[[0, 0], [1, 1], [2, 2], [3, 3], [4, 4], [5, 5], [6, 6], [7, 7], [8, 8], [9, 9], [10, 10], [12, 11], [13, 12], [14, 13], [15, 14], [16, 15], [17, 16], [18, 17], [19, 18], [20, 19], [21, 20], [22, 21], [23, 22], [24, 23], [25, 24], [26, 25], [27, 26], [28, 27], [29, 28], [30, 29], [31, 30], [32, 31], [33, 32], [34, 33], [35, 34], [36, 35], [37, 36], [38, 37], [39, 38], [40, 39], [41, 40]]","[9, 10, 11, 12]",[],True,
CHEMBL237_Ki,336,435,445,43,test,True,1.1318127586732585,35.0,"[[0, 0], [1, 1], [2, 30], [3, 29], [4, 28], [5, 27], [6, 26], [7, 25], [8, 23], [9, 24], [10, 22], [11, 21], [12, 20], [13, 13], [14, 14], [15, 19], [16, 18], [17, 17], [18, 16], [19, 15], [20, 12], [21, 11], [22, 10], [23, 9], [24, 8], [25, 7], [26, 6], [27, 34], [28, 2], [29, 3], [30, 4], [31, 5], [32, 33], [33, 32], [34, 31]]","[0, 1, 2, 3, 34]","[0, 1, 2, 3, 34]",True,
CHEMBL237_Ki,365,469,470,45,test,True,1.0746336182969038,27.0,"[[1, 0], [3, 1], [4, 2], [5, 3], [6, 4], [7, 5], [8, 6], [9, 7], [10, 8], [11, 9], [12, 10], [13, 11], [14, 12], [15, 13], [16, 14], [17, 15], [18, 16], [19, 17], [20, 18], [21, 19], [22, 20], [23, 21], [24, 26], [25, 25], [26, 24], [27, 23], [28, 22]]","[0, 1, 2, 3]",[],True,
CHEMBL237_Ki,366,477,480,46,calibration,True,1.029454979338274,22.0,"[[3, 0], [4, 1], [5, 2], [6, 3], [7, 4], [8, 5], [9, 6], [10, 7], [11, 8], [12, 9], [13, 10], [14, 11], [15, 12], [16, 13], [17, 14], [18, 15], [19, 16], [20, 17], [21, 18], [22, 19], [23, 20], [24, 21]]","[0, 1, 2, 3, 4]",[],True,
CHEMBL237_Ki,367,500,1415,47,calibration,True,1.47458299803848,32.0,"[[0, 39], [1, 38], [2, 36], [3, 37], [4, 35], [7, 7], [8, 8], [9, 9], [10, 10], [11, 11], [12, 12], [13, 13], [14, 14], [15, 15], [16, 16], [17, 17], [18, 18], [19, 19], [20, 20], [21, 21], [22, 22], [23, 23], [24, 24], [25, 25], [26, 26], [27, 27], [28, 28], [29, 29], [30, 30], [31, 31], [32, 32], [33, 33]]","[2, 4, 5, 6, 7, 8, 34]","[0, 1, 2, 3, 4, 5, 6, 7, 8, 34, 35, 36]",True,
CHEMBL237_Ki,475,621,1717,54,test,True,1.7112044607530326,26.0,"[[0, 1], [1, 2], [2, 3], [3, 4], [4, 5], [5, 6], [6, 7], [7, 8], [8, 9], [9, 10], [10, 11], [11, 12], [12, 13], [13, 14], [14, 15], [15, 17], [16, 18], [17, 19], [18, 20], [19, 21], [20, 22], [21, 23], [22, 24], [23, 26], [24, 25], [25, 27]]",[],"[0, 1, 2, 14, 15, 16]",True,
CHEMBL237_Ki,482,630,634,55,calibration,True,1.487340419901349,27.0,"[[0, 0], [1, 1], [2, 2], [3, 3], [4, 4], [5, 5], [6, 6], [7, 7], [8, 8], [9, 9], [10, 10], [11, 11], [12, 12], [13, 13], [14, 14], [15, 15], [16, 16], [17, 17], [18, 18], [19, 19], [20, 20], [21, 21], [22, 22], [23, 24], [24, 23], [26, 25], [27, 26]]","[21, 22, 23, 24, 25]","[21, 22, 23, 24]",True,
CHEMBL237_Ki,504,648,688,59,calibration,True,2.061640934061685,21.0,"[[0, 3], [1, 4], [2, 5], [3, 6], [4, 7], [5, 8], [6, 9], [7, 10], [8, 11], [9, 12], [10, 13], [11, 14], [12, 15], [13, 16], [14, 21], [15, 20], [16, 19], [17, 18], [18, 17], [19, 22], [20, 23]]",[],"[0, 1, 2, 3, 4]",True,
CHEMBL237_Ki,542,685,750,63,calibration,True,1.047923552317183,25.0,"[[1, 0], [2, 1], [3, 2], [4, 3], [5, 4], [6, 5], [7, 6], [8, 7], [9, 8], [10, 9], [11, 10], [12, 11], [13, 12], [14, 13], [15, 14], [16, 15], [17, 16], [18, 17], [19, 22], [20, 21], [21, 20], [22, 19], [23, 18], [24, 25], [25, 26]]","[0, 1, 2]","[17, 21, 22, 23, 24]",True,
CHEMBL237_Ki,596,837,841,72,test,True,1.170775470756806,27.0,"[[0, 0], [1, 1], [2, 2], [3, 3], [4, 4], [5, 5], [6, 6], [7, 7], [8, 8], [9, 9], [10, 10], [11, 11], [12, 12], [13, 13], [14, 14], [15, 15], [16, 17], [17, 18], [18, 19], [19, 20], [20, 21], [22, 22], [23, 23], [24, 24], [25, 25], [26, 26], [27, 27]]","[14, 15, 16, 17, 19, 20, 21, 22, 25]","[14, 15, 16, 17, 18, 25]",True,
CHEMBL237_Ki,598,846,854,73,calibration,True,1.6331734686557624,30.0,"[[0, 0], [1, 1], [2, 2], [3, 3], [4, 4], [5, 5], [6, 6], [7, 7], [8, 8], [9, 9], [10, 10], [11, 11], [12, 12], [13, 13], [14, 14], [15, 15], [16, 16], [17, 17], [18, 18], [19, 19], [20, 20], [21, 21], [23, 22], [24, 27], [25, 26], [26, 25], [27, 24], [28, 23], [30, 28], [31, 29]]","[16, 20, 21, 22, 23, 27, 28, 29]",[],True,
CHEMBL237_Ki,604,874,1043,53,test,True,3.249877473216599,30.0,"[[2, 3], [3, 4], [4, 5], [5, 6], [6, 7], [7, 8], [8, 9], [10, 10], [11, 11], [12, 12], [13, 13], [14, 14], [15, 15], [16, 17], [17, 16], [18, 18], [19, 19], [20, 20], [21, 21], [22, 22], [23, 23], [24, 24], [25, 25], [26, 26], [27, 27], [28, 28], [29, 29], [30, 30], [31, 31], [32, 32]]","[0, 1, 2, 3, 7, 8, 9]","[0, 1, 2, 3, 4, 8]",True,
CHEMBL237_Ki,681,908,919,74,test,True,1.5867183662808086,26.0,"[[0, 0], [1, 1], [2, 2], [3, 3], [4, 4], [5, 5], [6, 6], [7, 7], [8, 8], [9, 9], [10, 10], [11, 11], [12, 12], [13, 13], [14, 14], [15, 15], [16, 17], [17, 18], [18, 19], [19, 20], [20, 21], [21, 22], [22, 23], [23, 24], [24, 25], [25, 26]]",[],"[13, 15, 16, 17]",True,
CHEMBL237_Ki,712,934,1038,78,calibration,True,3.5693348876929294,28.0,"[[0, 0], [1, 1], [2, 2], [3, 3], [4, 4], [5, 5], [6, 6], [7, 7], [8, 8], [9, 9], [10, 10], [11, 11], [12, 12], [13, 13], [14, 14], [15, 15], [16, 16], [17, 17], [18, 18], [19, 19], [20, 20], [21, 21], [22, 22], [23, 24], [24, 23], [25, 25], [26, 26], [27, 27]]","[1, 27, 28, 29, 30, 31, 32, 33]","[1, 27, 28, 29, 30, 31, 32]",True,
CHEMBL237_Ki,810,1022,1024,84,calibration,True,1.026328938722349,22.0,"[[0, 0], [1, 1], [2, 2], [3, 3], [4, 4], [5, 5], [6, 6], [7, 7], [11, 9], [12, 10], [13, 11], [14, 12], [15, 13], [16, 14], [17, 15], [18, 16], [19, 17], [20, 18], [21, 19], [22, 20], [23, 22], [24, 21]]","[6, 7, 8, 9, 10, 11]","[6, 7, 8, 9]",True,
CHEMBL237_Ki,811,1026,1028,85,test,True,1.2116295844346698,38.0,"[[0, 0], [1, 1], [2, 2], [3, 3], [4, 4], [5, 28], [6, 27], [7, 26], [8, 25], [9, 24], [10, 8], [11, 9], [12, 10], [13, 11], [14, 12], [15, 23], [16, 22], [17, 15], [18, 16], [19, 21], [20, 20], [21, 19], [22, 18], [23, 17], [24, 14], [25, 13], [26, 7], [27, 6], [28, 5], [29, 29], [30, 30], [31, 31], [32, 32], [33, 33], [34, 34], [35, 35], [36, 37], [37, 36]]","[1, 4, 27, 28, 29, 30, 31]","[1, 4, 27, 28, 29, 30, 31]",True,
CHEMBL237_Ki,813,1029,1033,86,test,True,2.8789563072752244,19.0,"[[0, 0], [1, 1], [2, 2], [3, 3], [4, 4], [5, 5], [6, 6], [12, 12], [13, 13], [14, 14], [15, 15], [16, 16], [17, 17], [18, 18], [19, 19], [20, 20], [21, 21], [22, 23], [23, 22]]","[5, 6, 7, 8, 9, 10, 11, 12, 13]","[5, 6, 7, 8, 9, 10, 11, 12, 13]",True,
CHEMBL237_Ki,826,1041,1882,80,calibration,True,1.9145698046753736,20.0,"[[0, 0], [1, 1], [2, 2], [3, 3], [4, 4], [5, 5], [6, 6], [7, 7], [8, 8], [9, 9], [10, 10], [11, 11], [12, 12], [13, 13], [14, 14], [16, 16], [17, 17], [18, 18], [19, 19], [20, 20]]","[13, 14, 15, 16, 17, 18]","[13, 14, 15, 16, 17, 18]",True,
CHEMBL237_Ki,860,1055,1690,87,test,True,3.689027527559389,32.0,"[[0, 0], [1, 1], [3, 3], [4, 4], [5, 5], [6, 6], [7, 7], [8, 8], [9, 9], [10, 10], [11, 11], [12, 12], [13, 13], [14, 14], [15, 15], [16, 16], [17, 17], [18, 18], [19, 19], [20, 20], [21, 21], [22, 22], [23, 24], [24, 23], [25, 25], [26, 26], [27, 27], [28, 32], [29, 31], [30, 30], [31, 29], [32, 28]]","[0, 1, 2, 3, 4, 17, 25, 27]","[0, 1, 2, 3, 4, 17, 25, 27]",True,
CHEMBL237_Ki,888,1059,1060,88,calibration,True,1.845970994040643,26.0,"[[7, 3], [8, 4], [9, 5], [10, 6], [11, 7], [12, 8], [13, 9], [14, 10], [15, 11], [16, 12], [17, 13], [18, 14], [19, 15], [20, 16], [21, 17], [22, 18], [23, 19], [24, 20], [25, 21], [26, 22], [27, 23], [28, 24], [29, 25], [30, 26], [31, 27], [32, 28]]","[0, 1, 2, 3, 4, 5, 6, 7, 8, 32]","[0, 1, 2, 3, 4, 28]",True,
CHEMBL237_Ki,909,1072,1382,89,calibration,True,1.2632414347745815,31.0,"[[1, 30], [2, 29], [3, 3], [4, 4], [5, 5], [6, 6], [7, 7], [8, 8], [9, 9], [10, 10], [11, 11], [12, 12], [13, 13], [14, 14], [15, 15], [16, 16], [17, 17], [18, 18], [19, 26], [20, 25], [21, 24], [22, 23], [23, 22], [24, 21], [25, 20], [26, 27], [27, 28], [28, 2], [29, 1], [30, 0], [31, 31]]","[0, 1, 2, 31]","[17, 18, 19]",True,
CHEMBL237_Ki,939,1102,1115,91,calibration,True,1.0144905367212358,37.0,"[[0, 0], [1, 1], [2, 2], [3, 3], [4, 6], [5, 7], [6, 8], [7, 9], [8, 10], [9, 11], [10, 12], [11, 13], [12, 14], [13, 15], [14, 16], [15, 17], [16, 18], [17, 19], [18, 20], [19, 40], [20, 39], [21, 23], [22, 24], [23, 25], [24, 26], [25, 27], [26, 28], [27, 29], [28, 30], [29, 32], [30, 37], [31, 36], [32, 35], [33, 34], [34, 33], [35, 22], [36, 21]]","[2, 3, 4, 5, 9]","[2, 3, 4, 5, 6, 7, 11, 25, 29, 30, 31, 32, 36, 37, 38]",True,
CHEMBL237_Ki,949,1105,1119,90,calibration,True,2.6910546879580526,36.0,"[[0, 2], [1, 3], [2, 5], [3, 6], [4, 7], [5, 8], [6, 9], [7, 10], [8, 11], [9, 12], [10, 13], [11, 14], [12, 15], [13, 16], [14, 17], [15, 18], [16, 19], [17, 20], [18, 21], [19, 22], [20, 23], [21, 24], [22, 25], [23, 26], [24, 27], [25, 28], [26, 29], [27, 30], [28, 31], [29, 32], [30, 33], [31, 34], [32, 35], [33, 36], [34, 37], [35, 38]]","[0, 1, 2, 3]","[0, 1, 2, 3, 4, 5, 6]",True,
CHEMBL237_Ki,965,1135,1139,93,test,True,1.5525746282480437,31.0,"[[1, 3], [2, 4], [3, 5], [4, 6], [5, 7], [6, 8], [7, 9], [8, 10], [9, 11], [10, 12], [11, 13], [12, 14], [13, 15], [14, 16], [15, 17], [16, 18], [17, 19], [18, 20], [19, 21], [20, 22], [21, 23], [22, 24], [23, 25], [24, 26], [25, 27], [26, 28], [27, 29], [28, 30], [29, 31], [30, 32], [31, 33]]","[0, 1, 2]","[0, 1, 2, 3, 4]",True,
CHEMBL237_Ki,974,1167,1577,79,test,True,3.674455248032293,30.0,"[[0, 0], [1, 1], [2, 2], [3, 4], [4, 6], [10, 12], [11, 13], [12, 14], [13, 15], [14, 16], [15, 17], [16, 18], [17, 19], [18, 20], [19, 21], [20, 22], [21, 23], [22, 24], [23, 25], [24, 26], [25, 27], [26, 28], [27, 29], [28, 30], [29, 31], [30, 32], [31, 34], [32, 33], [33, 35], [34, 36]]","[1, 2, 3, 4, 5, 6, 7, 8, 9]","[1, 2, 3, 4, 5, 6, 7, 8, 9, 10, 11]",True,
CHEMBL237_Ki,978,1171,1174,94,test,True,1.0413926851582254,43.0,"[[0, 0], [1, 1], [2, 2], [3, 3], [4, 4], [5, 5], [6, 6], [7, 7], [8, 8], [9, 9], [10, 10], [11, 11], [12, 12], [13, 13], [14, 14], [15, 15], [16, 16], [17, 17], [18, 18], [19, 19], [20, 24], [21, 23], [22, 22], [24, 21], [25, 20], [26, 25], [27, 26], [28, 27], [29, 28], [30, 29], [31, 30], [32, 31], [33, 32], [34, 33], [35, 34], [36, 35], [37, 36], [38, 37], [39, 38], [40, 39], [41, 40], [42, 41], [43, 43]]","[21, 22, 23, 24]","[40, 41, 42, 43]",True,
CHEMBL237_Ki,1046,1250,1253,99,test,True,1.815475573407456,27.0,"[[0, 0], [1, 1], [2, 2], [3, 3], [4, 4], [5, 5], [6, 6], [7, 7], [8, 8], [9, 9], [10, 10], [11, 11], [12, 12], [13, 13], [14, 14], [15, 15], [17, 17], [18, 18], [19, 19], [20, 20], [21, 25], [22, 24], [23, 23], [25, 22], [26, 21], [27, 26], [28, 27]]","[14, 15, 16, 17, 18, 19, 22, 23, 24, 25, 27]","[14, 15, 16, 17, 18, 19, 26]",True,
CHEMBL237_Ki,1086,1313,1315,102,calibration,True,1.4862372157131132,34.0,"[[0, 0], [1, 1], [2, 2], [3, 3], [4, 4], [5, 5], [6, 6], [7, 7], [8, 8], [9, 9], [10, 10], [11, 11], [12, 12], [13, 13], [14, 14], [15, 15], [16, 16], [17, 17], [18, 18], [19, 19], [20, 20], [21, 21], [22, 22], [23, 23], [24, 24], [25, 26], [26, 25], [27, 33], [28, 32], [29, 28], [30, 29], [31, 30], [32, 31], [33, 27]]","[17, 23, 24, 25, 26, 33]","[17, 23, 24, 25, 26, 33]",True,
CHEMBL237_Ki,1087,1321,1651,103,calibration,True,2.4685210829577446,20.0,"[[0, 0], [1, 1], [2, 2], [3, 3], [4, 4], [5, 5], [6, 6], [7, 7], [8, 9], [9, 8], [10, 10], [11, 11], [12, 12], [13, 18], [14, 16], [15, 17], [16, 15], [17, 14], [18, 13], [19, 19]]","[11, 12, 13, 14, 19]","[11, 12, 13, 14, 19]",True,
CHEMBL237_Ki,1107,1388,1392,12,test,True,2.294399416764968,26.0,"[[0, 1], [1, 3], [2, 4], [3, 5], [4, 6], [5, 7], [6, 8], [7, 9], [8, 10], [9, 11], [10, 12], [11, 13], [12, 14], [13, 15], [14, 16], [15, 17], [16, 18], [17, 19], [18, 20], [19, 21], [20, 22], [21, 23], [22, 24], [23, 25], [24, 27], [25, 26]]",[],"[0, 1, 2, 3]",True,
CHEMBL237_Ki,1123,1394,1398,104,calibration,True,1.655504310554928,25.0,"[[5, 4], [6, 5], [7, 6], [8, 7], [9, 8], [10, 9], [11, 10], [12, 11], [13, 12], [14, 13], [15, 14], [16, 15], [17, 16], [18, 17], [19, 18], [20, 19], [21, 20], [22, 21], [23, 22], [24, 23], [25, 24], [26, 25], [27, 26], [28, 28], [29, 27]]","[0, 1, 2, 3, 4, 5, 6, 30, 31]","[0, 1, 2, 3, 4, 5, 29, 30]",True,
CHEMBL237_Ki,1150,1447,1455,107,test,True,1.6690067809585756,25.0,"[[0, 0], [1, 1], [2, 2], [3, 3], [4, 4], [5, 5], [6, 6], [7, 7], [8, 8], [9, 9], [12, 12], [13, 13], [14, 14], [15, 15], [16, 16], [17, 17], [18, 18], [19, 19], [20, 20], [21, 21], [24, 24], [25, 28], [26, 27], [27, 26], [28, 25]]","[8, 9, 10, 11, 12, 13, 22, 23]","[8, 9, 10, 11, 12, 13, 22, 23]",True,
CHEMBL237_Ki,1155,1465,1765,108,test,True,1.671327148803723,34.0,"[[1, 0], [2, 1], [3, 2], [4, 3], [5, 4], [6, 5], [7, 6], [8, 7], [9, 8], [10, 9], [11, 10], [12, 11], [13, 12], [14, 13], [15, 14], [16, 17], [17, 18], [18, 19], [19, 20], [20, 21], [21, 22], [22, 23], [23, 24], [24, 25], [25, 26], [26, 27], [27, 28], [28, 29], [29, 30], [30, 31], [31, 33], [32, 32], [33, 34], [34, 35]]","[0, 1, 2]","[13, 14, 15, 16]",True,
CHEMBL237_Ki,1250,1570,2602,111,test,True,1.6714262550819887,35.0,"[[0, 1], [1, 2], [2, 3], [3, 4], [4, 5], [5, 6], [6, 7], [7, 8], [8, 9], [9, 10], [10, 11], [12, 12], [13, 13], [14, 14], [15, 15], [16, 16], [17, 17], [18, 18], [19, 19], [20, 20], [21, 21], [22, 22], [23, 23], [24, 24], [25, 25], [26, 26], [27, 27], [28, 28], [29, 29], [30, 30], [31, 31], [32, 33], [33, 32], [34, 34], [35, 35]]","[9, 10, 11, 12]","[0, 1, 2]",True,
CHEMBL237_Ki,1266,1586,1591,112,test,True,1.2391285670613117,21.0,"[[3, 0], [4, 1], [5, 2], [6, 3], [7, 4], [8, 5], [9, 6], [10, 7], [11, 8], [12, 9], [13, 10], [14, 11], [15, 12], [16, 13], [17, 14], [18, 15], [19, 16], [20, 17], [21, 18], [22, 19], [23, 20]]","[0, 1, 2, 3, 4]",[],True,
CHEMBL237_Ki,1273,1614,1616,114,test,True,1.1760912590556796,38.0,"[[1, 0], [2, 1], [3, 3], [4, 2], [5, 37], [6, 6], [7, 7], [8, 36], [9, 35], [10, 10], [11, 11], [12, 12], [13, 13], [14, 14], [15, 15], [16, 16], [17, 17], [18, 18], [19, 19], [20, 20], [21, 21], [22, 22], [23, 23], [24, 24], [25, 25], [26, 26], [27, 27], [28, 28], [29, 30], [30, 29], [31, 31], [32, 32], [33, 33], [34, 34], [35, 9], [36, 8], [37, 5], [38, 4]]","[0, 1, 2, 3, 4, 38]","[0, 1, 2, 3, 37]",True,
CHEMBL237_Ki,1342,1655,1808,116,test,True,1.0579919469776868,26.0,"[[0, 0], [1, 1], [2, 2], [3, 3], [4, 4], [5, 5], [6, 6], [7, 7], [8, 9], [9, 10], [10, 11], [11, 12], [12, 13], [13, 14], [14, 15], [15, 16], [16, 17], [17, 18], [18, 19], [19, 20], [20, 21], [21, 23], [22, 22], [23, 24], [24, 25], [25, 26]]","[5, 7, 8, 9, 16, 24]","[5, 7, 8, 9, 10, 17, 25]",True,
CHEMBL237_Ki,1357,1670,1807,115,calibration,True,2.841923537117077,23.0,"[[0, 2], [1, 3], [2, 4], [3, 5], [4, 6], [5, 8], [6, 9], [7, 10], [8, 11], [9, 12], [10, 13], [11, 14], [12, 15], [13, 16], [14, 17], [15, 18], [16, 19], [17, 20], [18, 21], [19, 22], [20, 23], [21, 24], [22, 25]]","[3, 4, 5, 6, 13, 21]","[0, 1, 2, 3, 5, 6, 7, 8, 9, 16, 24]",True,
CHEMBL237_Ki,1358,1682,2026,119,calibration,True,1.10790539730952,25.0,"[[1, 1], [2, 2], [3, 3], [4, 4], [5, 5], [6, 6], [7, 19], [8, 18], [9, 9], [10, 10], [11, 17], [12, 16], [13, 15], [14, 14], [15, 13], [16, 12], [17, 11], [18, 8], [19, 7], [20, 20], [21, 21], [22, 22], [23, 23], [24, 24], [25, 25]]","[0, 1, 2, 20, 24, 25]","[0, 1, 2, 20, 24, 25, 26]",True,
CHEMBL237_Ki,1362,1742,1743,120,test,True,1.8809114724889824,48.0,"[[0, 7], [1, 6], [2, 5], [3, 3], [4, 4], [5, 2], [6, 1], [7, 0], [8, 8], [9, 9], [10, 10], [11, 11], [12, 12], [13, 13], [14, 14], [15, 15], [16, 16], [17, 17], [18, 18], [19, 19], [20, 20], [21, 21], [22, 23], [23, 22], [24, 24], [25, 25], [26, 26], [27, 27], [28, 28], [29, 29], [30, 30], [31, 31], [32, 33], [34, 34], [35, 35], [36, 36], [37, 37], [38, 38], [39, 39], [40, 40], [41, 41], [42, 42], [43, 43], [44, 44], [45, 45], [46, 46], [47, 47], [48, 48]]","[28, 31, 32, 33]","[28, 31, 32, 33]",True,
CHEMBL237_Ki,1363,1747,1751,121,calibration,True,1.4901284418853162,25.0,"[[0, 0], [1, 1], [2, 2], [3, 3], [4, 4], [5, 5], [6, 6], [7, 20], [8, 19], [9, 9], [10, 10], [13, 13], [14, 14], [15, 15], [16, 16], [17, 17], [18, 18], [20, 8], [21, 7], [22, 21], [23, 22], [24, 23], [25, 24], [26, 25], [27, 26]]","[9, 10, 11, 12, 13, 14, 17, 18, 19]","[9, 10, 11, 12, 13, 14, 18]",True,
CHEMBL237_Ki,1364,1749,1750,122,calibration,True,1.6737879248327578,33.0,"[[0, 0], [1, 1], [2, 2], [3, 3], [4, 4], [5, 5], [6, 6], [7, 27], [8, 26], [9, 9], [10, 10], [11, 12], [12, 13], [13, 14], [14, 15], [15, 16], [16, 17], [17, 18], [18, 19], [19, 20], [20, 25], [21, 24], [22, 23], [23, 22], [24, 21], [25, 8], [26, 7], [27, 28], [28, 29], [29, 30], [30, 31], [31, 32], [32, 33]]",[],"[9, 10, 11, 12]",True,
CHEMBL237_Ki,1394,1806,1819,117,test,True,1.3599582588115364,35.0,"[[0, 0], [1, 1], [2, 2], [3, 3], [4, 4], [5, 5], [6, 6], [7, 7], [8, 8], [9, 9], [10, 10], [11, 13], [12, 14], [13, 15], [14, 16], [15, 17], [16, 12], [17, 18], [18, 19], [19, 20], [20, 21], [21, 22], [22, 23], [23, 24], [24, 25], [25, 26], [26, 28], [27, 29], [28, 30], [29, 31], [30, 27], [31, 32], [32, 33], [33, 34], [34, 35]]","[9, 10, 11, 12, 16, 24, 25, 26, 27, 28, 29, 30]","[9, 10, 11, 12, 13, 17, 26, 27, 28, 29, 30, 31, 32]",True,
CHEMBL237_Ki,1411,1855,1941,127,test,True,1.6452851453732418,38.0,"[[1, 2], [2, 3], [3, 4], [4, 5], [5, 6], [6, 7], [7, 8], [8, 9], [9, 10], [10, 11], [11, 12], [12, 13], [13, 14], [14, 15], [15, 16], [16, 17], [17, 18], [18, 19], [19, 20], [20, 21], [21, 22], [22, 23], [23, 24], [24, 25], [25, 26], [26, 27], [27, 28], [28, 29], [29, 30], [30, 35], [31, 34], [32, 33], [33, 32], [34, 31], [35, 36], [36, 37], [37, 38], [38, 39]]","[0, 1, 2, 3, 26, 30, 33, 34, 35]","[0, 1, 2, 3, 4, 29, 30, 31, 32, 35]",True,
CHEMBL237_Ki,1419,1875,1876,130,test,True,1.497782394846869,33.0,"[[0, 0], [1, 1], [2, 2], [3, 3], [4, 4], [5, 5], [6, 6], [7, 7], [8, 8], [9, 9], [10, 10], [11, 11], [12, 12], [13, 13], [14, 14], [15, 15], [16, 16], [17, 17], [18, 18], [19, 19], [20, 20], [21, 21], [22, 22], [23, 23], [24, 24], [25, 25], [26, 26], [27, 27], [28, 28], [29, 29], [30, 30], [31, 31], [32, 32]]","[7, 8, 9, 10, 20]","[7, 8, 9, 10, 20]",True,
CHEMBL237_Ki,1420,1878,1886,128,test,True,2.40401415638423,33.0,"[[0, 0], [1, 1], [2, 2], [3, 3], [4, 4], [5, 5], [6, 6], [7, 7], [8, 8], [9, 9], [10, 10], [11, 11], [12, 12], [13, 13], [14, 14], [15, 15], [16, 16], [17, 17], [18, 18], [19, 19], [20, 20], [21, 21], [22, 22], [23, 23], [24, 35], [25, 34], [26, 26], [27, 27], [33, 25], [34, 24], [35, 36], [36, 37], [37, 38]]","[26, 27, 28, 29, 30, 31, 32]","[26, 27, 28, 29, 30, 31, 32, 33]",True,
CHEMBL237_Ki,1421,1911,2367,131,calibration,True,1.414261972739031,30.0,"[[0, 0], [1, 1], [2, 2], [3, 3], [4, 4], [5, 5], [6, 6], [7, 7], [8, 8], [9, 9], [10, 10], [11, 11], [12, 12], [13, 13], [14, 14], [15, 15], [16, 16], [17, 17], [18, 18], [19, 19], [20, 20], [21, 21], [22, 22], [23, 23], [24, 24], [25, 25], [26, 26], [27, 27], [30, 35], [31, 36]]","[26, 27, 28, 29]","[26, 27, 28, 29, 30, 31, 32, 33, 34]",True,
CHEMBL237_Ki,1424,1913,1916,132,calibration,True,1.4491764446511075,31.0,"[[0, 0], [1, 1], [2, 2], [3, 3], [4, 4], [5, 5], [6, 6], [7, 7], [8, 8], [9, 9], [10, 10], [11, 11], [12, 12], [13, 13], [14, 14], [15, 15], [16, 16], [17, 17], [18, 18], [19, 19], [20, 20], [21, 25], [22, 26], [23, 27], [24, 28], [25, 29], [26, 30], [27, 21], [28, 22], [29, 23], [30, 24]]","[18, 20, 21, 22, 30]","[18, 20, 21, 22, 30]",True,
CHEMBL237_Ki,1428,1936,1938,133,calibration,True,1.8136895757626323,35.0,"[[0, 7], [1, 6], [2, 5], [3, 3], [4, 4], [5, 2], [6, 1], [7, 0], [8, 8], [9, 9], [10, 10], [11, 11], [12, 12], [13, 13], [14, 14], [15, 15], [16, 16], [17, 17], [18, 18], [19, 19], [20, 20], [22, 21], [23, 23], [24, 24], [25, 25], [26, 26], [27, 27], [28, 28], [29, 29], [30, 30], [31, 31], [32, 32], [33, 33], [34, 34], [35, 35]]","[19, 20, 21, 22]","[19, 20, 21, 22]",True,
CHEMBL237_Ki,1442,1965,2000,134,test,True,2.6188497428265665,31.0,"[[1, 1], [2, 2], [3, 3], [4, 5], [5, 6], [6, 7], [7, 8], [8, 9], [9, 10], [10, 11], [11, 12], [12, 13], [13, 14], [14, 15], [15, 16], [16, 17], [17, 18], [18, 19], [19, 20], [20, 21], [21, 22], [22, 23], [23, 30], [24, 29], [25, 28], [26, 27], [27, 26], [28, 25], [29, 24], [30, 31], [31, 32]]","[0, 1, 2, 3, 4]","[0, 1, 2, 3, 4, 5]",True,
CHEMBL237_Ki,1458,1978,2101,138,test,True,1.161302601364148,37.0,"[[0, 0], [1, 1], [2, 2], [3, 3], [4, 5], [5, 6], [8, 8], [9, 9], [10, 10], [11, 11], [12, 12], [13, 13], [14, 14], [15, 15], [16, 16], [17, 17], [18, 18], [19, 19], [20, 20], [21, 21], [22, 22], [23, 23], [24, 24], [25, 25], [26, 32], [27, 31], [28, 30], [29, 29], [30, 28], [31, 27], [32, 26], [33, 33], [34, 34], [35, 4], [36, 35], [37, 36], [38, 37]]","[1, 3, 4, 5, 6, 7, 8, 9, 33, 35]","[1, 3, 4, 5, 6, 7, 8, 9, 33, 35]",True,
CHEMBL237_Ki,1460,1991,2104,139,calibration,True,1.4016153012570909,33.0,"[[1, 4], [2, 3], [3, 5], [4, 8], [5, 9], [6, 10], [7, 11], [8, 12], [9, 13], [10, 14], [11, 15], [12, 16], [13, 17], [14, 18], [15, 19], [16, 20], [17, 21], [18, 22], [19, 23], [20, 24], [21, 25], [22, 32], [23, 31], [24, 30], [25, 29], [26, 28], [27, 27], [28, 26], [29, 33], [30, 34], [31, 35], [32, 36], [33, 37]]","[0, 1, 2, 3, 4, 5, 29, 31]","[0, 1, 2, 3, 4, 5, 6, 7, 8, 9, 33]",True,
CHEMBL237_Ki,1477,2025,2039,141,test,True,1.1515700609681412,21.0,"[[1, 1], [2, 2], [3, 3], [8, 8], [9, 9], [10, 10], [11, 11], [12, 12], [13, 13], [14, 14], [15, 21], [16, 20], [17, 19], [18, 18], [19, 17], [20, 16], [21, 15], [22, 22], [23, 23], [24, 24], [25, 25]]","[0, 1, 2, 3, 4, 5, 6, 7, 8, 9, 24]","[0, 1, 2, 3, 4, 5, 6, 7, 8, 9, 24]",True,
CHEMBL237_Ki,1488,2056,2061,143,test,True,1.2398398509139117,32.0,"[[2, 1], [3, 2], [4, 3], [5, 4], [6, 5], [7, 6], [8, 7], [9, 8], [10, 9], [11, 10], [12, 11], [13, 12], [14, 13], [15, 14], [16, 15], [17, 16], [18, 17], [19, 18], [20, 19], [21, 26], [22, 25], [23, 24], [24, 23], [25, 22], [26, 21], [27, 20], [28, 27], [29, 28], [30, 29], [31, 30], [32, 31], [33, 32]]","[0, 1, 2, 3, 33]","[0, 1, 2, 32]",True,
CHEMBL237_Ki,1525,2182,2192,150,calibration,True,1.0452462550903352,29.0,"[[0, 0], [1, 1], [2, 2], [3, 3], [4, 4], [5, 5], [6, 6], [7, 7], [8, 8], [13, 13], [14, 14], [15, 15], [16, 16], [17, 17], [18, 18], [19, 19], [20, 20], [21, 21], [22, 22], [23, 23], [24, 32], [25, 30], [26, 29], [27, 28], [28, 27], [29, 26], [30, 25], [31, 31], [32, 24]]","[7, 8, 9, 10, 11, 12]","[7, 8, 9, 10, 11, 12]",True,
CHEMBL237_Ki,1594,2233,2236,152,test,True,1.666933772335712,37.0,"[[0, 0], [1, 1], [2, 2], [3, 3], [4, 4], [5, 5], [6, 6], [7, 7], [8, 8], [9, 9], [10, 10], [11, 11], [12, 12], [13, 13], [14, 14], [15, 15], [16, 16], [17, 17], [18, 18], [19, 19], [20, 20], [21, 21], [22, 22], [23, 23], [24, 24], [25, 25], [26, 26], [27, 27], [28, 28], [29, 29], [30, 30], [31, 31], [32, 32], [33, 33], [34, 34], [35, 38], [36, 39]]",[],"[33, 34, 35, 36, 37]",True,
CHEMBL237_Ki,1700,2260,2294,153,calibration,True,2.3735556066389343,41.0,"[[6, 0], [7, 1], [8, 2], [9, 4], [10, 5], [11, 7], [12, 6], [13, 41], [14, 10], [15, 11], [16, 12], [17, 13], [18, 14], [19, 15], [20, 16], [21, 17], [22, 18], [23, 19], [24, 20], [25, 21], [26, 22], [27, 23], [28, 24], [29, 25], [30, 26], [32, 27], [33, 28], [34, 29], [35, 30], [36, 31], [37, 32], [38, 33], [39, 34], [40, 35], [41, 36], [42, 38], [43, 37], [44, 39], [45, 40], [46, 9], [47, 8]]","[0, 1, 2, 3, 4, 5, 6, 7, 9, 10, 11, 12, 29, 30, 31, 47]","[1, 2, 3, 4, 5, 6, 7, 41]",True,
CHEMBL237_Ki,1764,2299,2301,146,test,True,1.5563025007672868,35.0,"[[0, 23], [1, 22], [2, 21], [3, 24], [4, 25], [5, 26], [6, 27], [7, 20], [8, 19], [9, 18], [10, 28], [11, 29], [12, 30], [13, 31], [14, 32], [15, 33], [16, 35], [17, 34], [18, 36], [19, 37], [20, 12], [21, 13], [22, 14], [23, 15], [24, 16], [25, 17], [26, 10], [27, 9], [28, 8], [29, 6], [30, 7], [31, 4], [32, 5], [33, 2], [35, 11]]","[31, 33, 34]","[0, 1, 2, 3, 4]",True,
CHEMBL237_Ki,1780,2346,2348,157,calibration,True,2.623654187267493,28.0,"[[2, 2], [3, 1], [4, 0], [5, 3], [6, 4], [7, 5], [8, 6], [9, 7], [10, 8], [11, 9], [12, 10], [13, 11], [14, 12], [15, 13], [16, 14], [18, 15], [19, 16], [20, 17], [21, 18], [22, 19], [23, 20], [24, 21], [25, 22], [26, 24], [27, 23], [28, 25], [29, 26], [30, 27]]","[0, 1, 2, 3, 15, 16, 17]",[],True,
CHEMBL237_Ki,1783,2458,2459,158,test,True,1.6497519816658368,32.0,"[[0, 0], [1, 1], [2, 2], [3, 3], [4, 4], [5, 5], [6, 6], [7, 7], [8, 8], [9, 9], [10, 10], [11, 11], [12, 12], [13, 13], [14, 14], [15, 15], [16, 16], [17, 17], [18, 18], [19, 19], [20, 20], [21, 21], [25, 28], [26, 29], [27, 30], [28, 31], [29, 32], [30, 34], [31, 33], [32, 35], [33, 36], [34, 37]]","[19, 20, 21, 22, 23, 24]","[19, 20, 21, 22, 23, 24, 25, 26, 27]",True,
CHEMBL237_Ki,1789,2465,2466,159,test,True,1.522687804638922,37.0,"[[0, 0], [1, 1], [2, 2], [3, 3], [4, 4], [5, 5], [6, 6], [7, 7], [8, 8], [9, 9], [10, 10], [11, 11], [12, 12], [13, 13], [14, 14], [15, 15], [16, 17], [17, 16], [18, 18], [19, 19], [20, 20], [21, 21], [22, 22], [23, 23], [24, 24], [25, 25], [26, 26], [27, 27], [28, 28], [29, 29], [30, 30], [31, 39], [32, 38], [33, 33], [40, 32], [41, 31], [42, 40]]","[32, 33, 34, 35, 36, 37, 38, 39, 40]","[32, 33, 34, 35, 36, 37, 38]",True,
CHEMBL237_Ki,1819,2518,2522,161,test,True,1.630088714928207,27.0,"[[0, 0], [1, 1], [2, 2], [3, 3], [4, 4], [5, 5], [6, 6], [7, 7], [8, 8], [9, 9], [10, 10], [11, 11], [12, 12], [13, 13], [14, 14], [18, 17], [19, 18], [22, 20], [23, 21], [24, 22], [25, 23], [26, 24], [27, 25], [28, 26], [29, 27], [30, 28], [31, 29]]","[13, 14, 15, 16, 17, 18, 19, 20, 21]","[13, 14, 15, 16, 17, 18, 19]",True,
CHEMBL237_Ki,1822,2546,2547,162,test,True,1.1442945118261116,44.0,"[[0, 8], [1, 7], [2, 5], [3, 3], [4, 4], [5, 2], [6, 1], [7, 0], [8, 9], [9, 10], [10, 11], [11, 12], [12, 13], [13, 14], [14, 15], [15, 16], [16, 17], [17, 18], [18, 19], [19, 20], [20, 21], [21, 22], [22, 23], [23, 24], [24, 25], [25, 26], [26, 27], [27, 28], [28, 29], [29, 30], [30, 31], [31, 32], [32, 33], [33, 34], [34, 35], [35, 36], [36, 37], [37, 38], [38, 39], [39, 40], [40, 41], [41, 42], [42, 43], [43, 44]]",[],"[3, 5, 6, 7]",True,
CHEMBL237_Ki,1823,2553,2555,163,calibration,True,1.0782145356164117,31.0,"[[0, 0], [1, 1], [2, 3], [3, 2], [4, 31], [5, 6], [6, 7], [7, 8], [8, 9], [9, 10], [10, 11], [11, 12], [12, 13], [13, 30], [14, 29], [15, 16], [16, 17], [17, 18], [18, 19], [19, 20], [20, 21], [21, 22], [22, 23], [23, 24], [24, 25], [25, 26], [26, 27], [27, 15], [28, 14], [29, 5], [30, 4]]","[0, 1, 2, 3, 30]","[0, 1, 2, 3, 18, 26, 27, 28, 31]",True,
CHEMBL237_Ki,1860,2576,2579,110,calibration,True,1.99291510418392,45.0,"[[1, 3], [2, 1], [3, 5], [4, 4], [5, 46], [6, 8], [7, 9], [8, 10], [9, 11], [10, 12], [11, 13], [12, 14], [13, 15], [14, 16], [15, 17], [16, 18], [17, 19], [18, 20], [19, 21], [20, 26], [21, 25], [22, 24], [23, 23], [24, 22], [25, 27], [26, 28], [27, 29], [28, 30], [29, 31], [30, 32], [31, 33], [32, 34], [33, 35], [34, 36], [35, 37], [36, 38], [37, 39], [38, 40], [39, 41], [40, 43], [41, 42], [42, 44], [43, 45], [44, 7], [45, 6]]","[0, 1, 2, 3, 4, 45]","[0, 1, 2, 3, 4, 5, 46]",True,
CHEMBL238_Ki,2,12,107,1,test,True,1.496568688516292,18.0,"[[0, 0], [1, 1], [2, 2], [3, 3], [4, 4], [5, 5], [6, 6], [7, 7], [8, 8], [9, 9], [10, 10], [11, 11], [12, 12], [13, 13], [14, 14], [16, 17], [17, 18], [18, 19]]","[13, 14, 15, 16]","[13, 14, 15, 16, 17]",True,
CHEMBL238_Ki,7,16,50,3,test,True,2.3881801713828814,30.0,"[[1, 18], [2, 17], [3, 16], [4, 21], [5, 7], [6, 8], [8, 9], [9, 10], [10, 11], [11, 12], [12, 13], [13, 14], [14, 6], [15, 5], [16, 4], [17, 31], [18, 32], [19, 1], [20, 2], [21, 3], [22, 24], [23, 30], [24, 29], [25, 27], [26, 26], [27, 25], [28, 22], [29, 23], [30, 20], [31, 19]]","[0, 1, 2, 3, 4, 5, 6, 7, 8, 9, 12, 13, 14, 15, 29, 30, 31]","[0, 1, 2, 5, 6, 7, 8, 9, 10, 13, 14, 15, 16, 17, 21, 23, 26, 27, 28, 29, 32]",True,
CHEMBL238_Ki,8,17,27,4,calibration,True,1.7095692336293888,20.0,"[[1, 5], [2, 4], [3, 3], [4, 2], [5, 1], [6, 0], [7, 9], [8, 10], [9, 11], [10, 12], [11, 13], [12, 14], [13, 15], [14, 16], [15, 17], [16, 18], [17, 19], [18, 20], [19, 8], [20, 7]]","[0, 1, 2, 20]","[4, 5, 6, 7]",True,
CHEMBL238_Ki,9,36,38,5,test,True,1.1313728466137096,24.0,"[[0, 0], [1, 1], [2, 2], [3, 3], [4, 4], [5, 5], [6, 6], [7, 7], [8, 8], [9, 9], [10, 10], [11, 11], [12, 12], [13, 13], [14, 14], [15, 15], [16, 16], [17, 17], [18, 18], [19, 19], [20, 20], [21, 21], [22, 22], [24, 23]]","[1, 19, 21, 22, 23, 24]","[1, 19, 21, 22, 23]",True,
CHEMBL238_Ki,17,88,89,8,calibration,True,1.0791812460476242,20.0,"[[1, 1], [2, 0], [3, 2], [4, 3], [5, 4], [6, 5], [7, 6], [8, 7], [9, 8], [10, 9], [11, 10], [12, 11], [13, 12], [14, 13], [15, 14], [16, 15], [18, 17], [19, 18], [20, 19], [21, 20]]","[0, 1, 2, 3, 15, 16, 17, 18]","[14, 15, 16, 17]",True,
CHEMBL238_Ki,24,120,123,9,calibration,True,1.910014038570932,28.0,"[[0, 0], [1, 1], [2, 2], [3, 3], [4, 4], [5, 5], [6, 6], [7, 7], [8, 8], [9, 9], [10, 10], [11, 11], [12, 12], [13, 13], [14, 14], [15, 15], [16, 16], [19, 18], [20, 17], [26, 25], [27, 26], [28, 27], [29, 28], [30, 29], [31, 30], [32, 31], [33, 32], [34, 33]]","[15, 16, 17, 18, 19, 20, 21, 22, 23, 24, 25]","[15, 16, 17, 18, 19, 20, 21, 22, 23, 24]",True,
CHEMBL238_Ki,40,139,141,12,calibration,True,1.5642714304385628,18.0,"[[0, 0], [1, 1], [2, 2], [3, 3], [4, 4], [5, 5], [6, 6], [7, 7], [8, 8], [9, 9], [10, 10], [16, 15], [17, 16], [18, 17], [19, 18], [20, 19], [21, 20], [22, 21]]","[9, 10, 11, 12, 13, 14, 15]","[9, 10, 11, 12, 13, 14]",True,
CHEMBL238_Ki,49,154,405,11,calibration,True,3.071882007306125,17.0,"[[0, 0], [1, 1], [2, 2], [3, 3], [4, 4], [5, 5], [6, 6], [7, 7], [8, 8], [9, 9], [12, 11], [13, 12], [14, 13], [15, 14], [16, 15], [17, 16], [18, 17]]","[8, 9, 10, 11, 12]","[8, 9, 10, 11]",True,
CHEMBL238_Ki,59,175,185,14,calibration,True,1.122581072765283,36.0,"[[0, 0], [1, 1], [2, 2], [4, 3], [5, 4], [6, 5], [7, 6], [8, 7], [9, 8], [10, 9], [11, 10], [12, 11], [13, 12], [14, 13], [15, 14], [16, 15], [17, 16], [18, 17], [19, 18], [20, 19], [21, 20], [22, 21], [23, 22], [24, 23], [25, 24], [26, 35], [27, 31], [28, 32], [29, 33], [30, 34], [31, 30], [32, 26], [33, 27], [34, 28], [35, 29], [36, 25]]","[1, 2, 3, 4]",[],True,
CHEMBL238_Ki,64,195,206,16,test,True,1.7889572207916178,28.0,"[[0, 0], [1, 1], [2, 2], [3, 28], [4, 27], [5, 5], [6, 6], [7, 7], [8, 8], [9, 9], [10, 10], [11, 11], [12, 12], [13, 13], [14, 14], [15, 15], [17, 17], [18, 18], [19, 19], [20, 20], [21, 21], [22, 22], [23, 23], [24, 24], [25, 25], [26, 26], [27, 4], [28, 3]]","[2, 14, 15, 16, 17, 27, 28, 29, 30]","[14, 15, 16, 17]",True,
CHEMBL238_Ki,65,199,208,17,calibration,True,1.360798200667471,29.0,"[[1, 25], [2, 24], [3, 23], [4, 22], [5, 21], [6, 29], [7, 2], [8, 3], [9, 4], [10, 5], [11, 6], [12, 7], [13, 8], [14, 9], [15, 10], [16, 11], [17, 12], [18, 13], [19, 14], [20, 15], [21, 16], [22, 17], [23, 18], [24, 19], [25, 20], [26, 1], [27, 0], [28, 28], [29, 27]]","[0, 1, 2, 29]","[24, 25, 26, 27]",True,
CHEMBL238_Ki,67,200,202,18,test,True,1.2471546148811266,27.0,"[[0, 0], [1, 1], [2, 2], [3, 3], [4, 4], [5, 5], [6, 6], [7, 7], [8, 8], [9, 9], [10, 10], [11, 11], [12, 12], [13, 13], [14, 14], [15, 15], [16, 16], [17, 22], [18, 21], [19, 19], [20, 18], [22, 17], [23, 23], [24, 24], [25, 25], [26, 26], [27, 27]]","[19, 20, 21, 22]","[18, 19, 20, 21]",True,
CHEMBL238_Ki,73,221,818,20,test,True,1.2424578288512889,19.0,"[[0, 0], [1, 1], [2, 2], [3, 3], [4, 4], [5, 18], [6, 17], [7, 16], [8, 15], [9, 14], [10, 5], [11, 6], [12, 7], [13, 8], [14, 9], [15, 10], [16, 11], [18, 13], [19, 19]]","[14, 16, 17, 18]","[9, 11, 12, 13]",True,
CHEMBL238_Ki,83,247,252,23,test,True,1.848732324669351,16.0,"[[0, 0], [1, 1], [2, 2], [9, 9], [10, 10], [11, 11], [12, 12], [13, 13], [14, 14], [15, 15], [16, 16], [17, 17], [18, 18], [19, 19], [20, 20], [21, 21]]","[1, 2, 3, 4, 5, 6, 7, 8]","[1, 2, 3, 4, 5, 6, 7, 8]",True,
CHEMBL238_Ki,95,277,279,27,test,True,1.0835460514500754,27.0,"[[0, 0], [1, 1], [2, 2], [3, 3], [4, 4], [5, 5], [6, 6], [7, 7], [8, 8], [9, 9], [10, 10], [11, 11], [12, 12], [13, 13], [14, 14], [15, 15], [16, 16], [17, 17], [18, 18], [19, 19], [20, 20], [21, 21], [22, 22], [23, 23], [24, 24], [26, 27], [28, 29]]","[23, 24, 25, 26, 27, 28]","[23, 24, 25, 26, 27, 28, 29]",True,
CHEMBL238_Ki,98,312,314,30,calibration,True,1.1870866433571443,33.0,"[[1, 1], [2, 2], [3, 3], [4, 4], [5, 5], [6, 6], [7, 7], [8, 8], [9, 9], [10, 10], [11, 11], [12, 12], [13, 13], [14, 14], [15, 15], [16, 16], [17, 17], [18, 18], [19, 19], [20, 20], [21, 21], [22, 22], [23, 23], [24, 24], [25, 25], [26, 31], [27, 30], [28, 28], [29, 29], [30, 27], [31, 26], [32, 32], [33, 33]]","[0, 1, 2, 9]","[0, 1, 2, 9]",True,
CHEMBL238_Ki,100,346,347,32,calibration,True,1.2645554886724115,24.0,"[[1, 0], [2, 1], [3, 2], [4, 3], [5, 4], [6, 5], [7, 6], [8, 7], [9, 8], [10, 9], [11, 10], [12, 15], [13, 14], [14, 13], [15, 12], [16, 11], [17, 16], [18, 17], [19, 18], [20, 19], [21, 20], [22, 21], [23, 22], [24, 23]]","[0, 1, 2]",[],True,
CHEMBL238_Ki,105,426,427,34,test,True,1.4000390995572791,25.0,"[[0, 0], [1, 1], [2, 3], [3, 2], [4, 24], [5, 6], [6, 7], [7, 8], [8, 9], [9, 10], [10, 11], [11, 12], [12, 13], [13, 14], [14, 15], [15, 16], [16, 17], [17, 18], [18, 19], [19, 20], [20, 21], [21, 22], [22, 23], [23, 5], [24, 4]]","[0, 1, 2, 3, 24]","[0, 1, 2, 3, 24]",True,
CHEMBL238_Ki,119,446,471,35,calibration,True,2.846051486021578,20.0,"[[0, 0], [1, 1], [2, 2], [3, 3], [4, 4], [5, 6], [6, 7], [7, 8], [8, 9], [9, 10], [10, 11], [11, 12], [12, 13], [13, 14], [14, 15], [15, 16], [16, 17], [17, 18], [18, 19], [19, 20]]","[3, 4, 5, 6, 18]","[3, 4, 5, 6, 7, 19]",True,
CHEMBL238_Ki,121,447,461,36,test,True,1.359624710929828,20.0,"[[0, 0], [1, 1], [2, 2], [3, 3], [4, 4], [5, 5], [6, 6], [7, 9], [8, 8], [9, 13], [10, 12], [11, 11], [12, 10], [13, 14], [14, 15], [15, 16], [16, 17], [17, 18], [18, 19], [19, 20]]","[5, 6, 7, 8, 12]","[5, 6, 7, 8, 9, 13]",True,
CHEMBL238_Ki,122,451,470,37,calibration,True,1.4890695869109134,20.0,"[[0, 0], [1, 1], [2, 2], [3, 3], [4, 4], [5, 5], [6, 6], [7, 7], [8, 8], [9, 9], [10, 10], [11, 11], [12, 12], [13, 13], [14, 15], [15, 20], [16, 19], [17, 18], [18, 17], [19, 16]]","[12, 13, 14, 15, 19]","[12, 13, 14, 15, 16, 20]",True,
CHEMBL238_Ki,130,483,489,38,test,True,1.0334605616636656,17.0,"[[0, 2], [1, 3], [2, 4], [3, 5], [4, 7], [5, 6], [6, 8], [7, 9], [8, 10], [9, 11], [10, 12], [11, 13], [12, 14], [13, 15], [14, 16], [15, 17], [16, 18]]",[],"[0, 1, 2, 3]",True,
CHEMBL238_Ki,142,564,566,42,test,True,1.1355461847679322,18.0,"[[0, 7], [1, 6], [2, 8], [3, 9], [4, 10], [5, 11], [6, 12], [7, 13], [8, 14], [9, 15], [10, 5], [11, 4], [12, 1], [16, 16], [17, 17], [18, 18], [19, 19], [20, 20]]","[11, 12, 13, 14, 15]","[0, 1, 2, 3, 4]",True,
CHEMBL238_Ki,160,620,622,47,test,True,1.8000101683438574,17.0,"[[1, 1], [2, 2], [3, 3], [4, 4], [5, 5], [6, 6], [7, 7], [8, 8], [9, 9], [10, 10], [11, 11], [12, 12], [13, 13], [14, 14], [15, 15], [16, 16], [17, 17]]","[0, 1, 2, 3]","[0, 1, 2, 3]",True,
CHEMBL238_Ki,163,632,1030,49,calibration,True,1.0999761352987392,17.0,"[[0, 0], [1, 1], [2, 2], [3, 3], [4, 4], [5, 5], [6, 6], [7, 7], [8, 8], [9, 9], [10, 10], [11, 13], [14, 12], [15, 11], [16, 14], [17, 15], [18, 16]]","[10, 11, 12, 13, 14, 15]","[10, 11, 12, 13]",True,
CHEMBL238_Ki,172,639,641,52,test,True,1.78855401078341,20.0,"[[0, 1], [1, 3], [3, 4], [4, 5], [5, 6], [6, 7], [7, 8], [8, 9], [9, 10], [10, 11], [11, 12], [12, 13], [13, 14], [14, 15], [15, 16], [16, 17], [17, 18], [18, 19], [19, 20], [20, 21]]","[0, 1, 2, 3, 4]","[0, 1, 2, 3, 4, 5]",True,
CHEMBL238_Ki,181,671,672,55,test,True,1.925140127735017,21.0,"[[0, 2], [1, 1], [2, 3], [3, 4], [4, 5], [5, 6], [6, 7], [7, 8], [8, 9], [9, 10], [10, 11], [11, 12], [12, 13], [13, 14], [14, 15], [15, 16], [16, 17], [17, 18], [18, 19], [19, 20], [20, 21]]","[0, 1, 2, 3, 10]","[0, 1, 2, 3, 4, 11]",True,
CHEMBL238_Ki,183,692,698,56,calibration,True,2.099991233544684,17.0,"[[0, 0], [1, 1], [5, 6], [6, 7], [7, 8], [8, 9], [9, 10], [10, 11], [11, 12], [12, 13], [13, 14], [14, 15], [15, 16], [16, 17], [17, 18], [18, 19], [19, 20]]","[0, 1, 2, 3, 4, 5, 6, 10, 19, 20]","[0, 1, 2, 3, 4, 5, 6, 7, 11, 20, 21]",True,
CHEMBL238_Ki,190,797,801,58,test,True,1.4910198642362218,25.0,"[[0, 0], [1, 1], [2, 2], [3, 3], [4, 4], [5, 5], [6, 6], [7, 7], [8, 9], [9, 10], [10, 11], [11, 12], [12, 13], [13, 14], [14, 15], [15, 16], [16, 17], [17, 18], [18, 19], [19, 20], [20, 21], [21, 22], [22, 23], [23, 24], [24, 25]]",[],"[6, 7, 8, 9]",True,
CHEMBL238_Ki,191,798,802,59,calibration,True,1.0172447262496087,25.0,"[[0, 0], [1, 1], [2, 2], [3, 3], [4, 4], [5, 5], [6, 6], [7, 7], [8, 9], [9, 10], [10, 11], [11, 12], [12, 13], [13, 14], [14, 15], [15, 16], [16, 17], [17, 18], [18, 19], [19, 20], [20, 21], [21, 22], [22, 23], [23, 24], [24, 25]]",[],"[6, 7, 8, 9]",True,
CHEMBL238_Ki,193,806,807,61,calibration,True,2.1249387366083,26.0,"[[0, 0], [1, 1], [2, 2], [3, 3], [4, 4], [5, 5], [6, 6], [7, 7], [8, 8], [9, 9], [10, 10], [11, 11], [12, 12], [13, 13], [14, 14], [15, 15], [16, 16], [17, 17], [18, 18], [19, 19], [20, 20], [21, 22], [23, 23], [24, 24], [25, 25], [26, 26]]","[20, 21, 22, 23]","[19, 20, 21, 22]",True,
CHEMBL238_Ki,194,808,811,62,calibration,True,1.1899938842020197,20.0,"[[0, 0], [1, 1], [2, 2], [3, 3], [4, 4], [5, 5], [6, 6], [7, 7], [8, 8], [9, 9], [10, 10], [11, 13], [12, 14], [13, 15], [14, 16], [15, 17], [16, 18], [17, 19], [18, 20], [19, 21]]",[],"[9, 10, 11, 12]",True,
CHEMBL238_Ki,198,823,831,63,test,True,1.1100103207143972,22.0,"[[0, 0], [1, 1], [2, 2], [3, 3], [4, 4], [5, 5], [6, 6], [7, 7], [8, 8], [9, 9], [13, 11], [14, 13], [15, 14], [16, 15], [17, 16], [18, 17], [19, 18], [20, 19], [21, 20], [22, 21], [23, 22], [24, 23]]","[8, 9, 10, 11, 12, 13]","[8, 9, 10, 11, 12, 13]",True,
CHEMBL238_Ki,199,851,853,64,test,True,1.5820260860152509,22.0,"[[0, 0], [1, 1], [2, 2], [3, 3], [5, 4], [6, 5], [7, 6], [8, 7], [9, 8], [10, 9], [11, 10], [12, 11], [13, 12], [14, 13], [15, 14], [16, 15], [17, 16], [18, 17], [19, 18], [20, 19], [21, 20], [22, 21]]","[1, 3, 4, 5]",[],True,
CHEMBL238_Ki,203,895,896,67,calibration,True,1.1914975900970814,19.0,"[[0, 0], [1, 18], [2, 17], [3, 3], [4, 4], [5, 5], [6, 6], [7, 7], [8, 8], [9, 9], [10, 10], [11, 11], [13, 12], [14, 13], [15, 14], [16, 15], [17, 16], [18, 2], [19, 1]]","[10, 11, 12, 13, 14, 15]","[10, 11, 12, 13, 14]",True,
CHEMBL238_Ki,204,944,945,68,calibration,True,1.4442326903483096,22.0,"[[0, 0], [1, 1], [2, 2], [6, 3], [7, 4], [8, 5], [9, 6], [10, 7], [11, 8], [12, 9], [13, 10], [14, 11], [15, 12], [16, 13], [17, 14], [18, 15], [19, 16], [20, 17], [21, 18], [22, 19], [23, 20], [24, 21]]","[1, 2, 3, 4, 5]",[],True,
CHEMBL238_Ki,208,960,965,70,test,True,1.8973376581028525,17.0,"[[0, 0], [1, 1], [2, 2], [3, 3], [4, 4], [5, 5], [6, 6], [7, 7], [8, 8], [9, 9], [10, 10], [11, 18], [12, 17], [13, 13], [17, 12], [18, 11], [19, 19]]","[12, 13, 14, 15, 16, 17, 18]","[12, 13, 14, 15, 16, 17, 18]",True,
CHEMBL239_EC50,4,1,33,1,test,True,2.51309746187963,25.0,"[[0, 0], [1, 1], [2, 2], [3, 3], [4, 4], [5, 5], [6, 6], [7, 7], [8, 8], [9, 9], [10, 10], [11, 11], [12, 12], [13, 13], [14, 14], [15, 15], [16, 21], [17, 20], [18, 18], [27, 17], [28, 16], [29, 22], [30, 23], [31, 24], [32, 25]]","[17, 18, 19, 20, 21, 22, 23, 24, 25, 26, 27]","[17, 18, 19, 20]",True,
CHEMBL239_EC50,70,22,1235,2,test,True,2.6989700043360187,28.0,"[[0, 0], [1, 1], [2, 2], [3, 3], [4, 4], [5, 5], [6, 6], [7, 7], [8, 8], [9, 9], [10, 10], [11, 13], [12, 14], [13, 12], [14, 16], [15, 15], [16, 25], [17, 24], [18, 20], [19, 21], [20, 22], [21, 23], [22, 18], [23, 17], [24, 26], [25, 27], [26, 28], [27, 29]]","[7, 10, 11, 12, 13, 14, 15, 16, 17, 18, 19, 20, 21, 22, 23, 24]","[7, 10, 11, 12, 13, 14, 15, 16, 17, 18, 19, 20, 21, 22, 23, 24, 25, 26]",True,
CHEMBL239_EC50,83,30,110,3,calibration,True,1.886056647693163,32.0,"[[0, 0], [1, 1], [2, 2], [3, 3], [4, 4], [5, 5], [7, 9], [8, 8], [9, 7], [10, 6], [11, 11], [12, 10], [13, 12], [14, 13], [15, 14], [16, 15], [17, 16], [18, 17], [19, 18], [20, 19], [21, 20], [22, 21], [23, 22], [24, 23], [25, 24], [26, 25], [28, 27], [29, 28], [30, 29], [31, 30], [32, 31], [33, 32]]","[4, 5, 6, 7, 8, 12, 13, 25, 26, 27, 28, 29, 30, 31]","[4, 5, 6, 7, 11, 12, 24, 25, 26, 27, 28, 29, 30]",True,
CHEMBL239_EC50,99,45,49,5,calibration,True,2.1870866433571443,28.0,"[[0, 0], [1, 1], [2, 2], [3, 3], [4, 4], [5, 5], [6, 6], [7, 7], [8, 8], [9, 9], [10, 10], [12, 11], [13, 12], [14, 13], [15, 14], [16, 15], [17, 16], [18, 22], [19, 21], [20, 19], [21, 18], [22, 17], [23, 23], [24, 24], [25, 25], [26, 26], [27, 27], [28, 28]]","[9, 10, 11, 12, 13]","[9, 10, 11, 12, 18, 19, 20, 21]",True,
CHEMBL239_EC50,109,62,64,7,test,True,1.5328392767509351,35.0,"[[2, 0], [3, 1], [4, 2], [5, 3], [6, 4], [7, 5], [8, 6], [9, 7], [10, 8], [11, 9], [12, 10], [13, 11], [14, 12], [15, 13], [16, 14], [17, 19], [18, 18], [19, 17], [20, 16], [21, 15], [22, 20], [23, 21], [24, 22], [25, 23], [26, 24], [27, 25], [28, 26], [29, 31], [30, 30], [31, 29], [32, 28], [33, 27], [34, 32], [35, 33], [36, 34]]","[0, 1, 2, 3]",[],True,
CHEMBL239_EC50,158,137,144,14,test,True,2.669006780958576,32.0,"[[0, 0], [1, 1], [2, 2], [3, 3], [4, 4], [5, 5], [6, 6], [8, 7], [9, 19], [10, 18], [11, 10], [12, 11], [13, 12], [14, 14], [15, 13], [16, 15], [17, 16], [18, 17], [19, 9], [20, 8], [21, 20], [22, 21], [23, 22], [24, 23], [25, 29], [26, 28], [27, 26], [28, 27], [29, 25], [30, 24], [31, 30], [32, 31]]","[5, 6, 7, 8, 9, 20]","[5, 6, 7, 8, 19]",True,
CHEMBL239_EC50,165,150,156,16,test,True,1.0142404391146096,32.0,"[[0, 0], [1, 1], [2, 2], [3, 3], [4, 4], [5, 5], [6, 6], [7, 7], [8, 8], [9, 9], [10, 10], [11, 11], [12, 12], [14, 16], [15, 15], [16, 14], [17, 19], [18, 18], [19, 17], [20, 21], [21, 22], [22, 23], [23, 24], [24, 25], [25, 26], [26, 27], [27, 28], [28, 29], [29, 30], [30, 31], [31, 32], [32, 33]]","[11, 12, 13, 14, 15, 18, 19, 20, 21, 22, 26, 27]","[11, 12, 13, 14, 15, 18, 19, 20, 21, 22, 23, 27, 28]",True,
CHEMBL239_EC50,167,153,166,17,calibration,True,1.3999991333980653,32.0,"[[0, 0], [1, 1], [12, 12], [13, 13], [14, 14], [15, 15], [16, 16], [17, 41], [18, 40], [19, 19], [20, 20], [21, 21], [22, 22], [23, 23], [24, 24], [25, 25], [26, 26], [27, 27], [28, 28], [29, 29], [30, 30], [31, 31], [32, 32], [33, 33], [34, 34], [35, 35], [36, 36], [37, 37], [38, 38], [39, 39], [40, 18], [41, 17]]","[0, 1, 2, 3, 4, 5, 6, 7, 8, 9, 10, 11, 12, 13]","[0, 1, 2, 3, 4, 5, 6, 7, 8, 9, 10, 11, 12, 13]",True,
CHEMBL239_EC50,170,167,173,18,test,True,2.7160033436347994,35.0,"[[0, 0], [1, 1], [2, 2], [3, 3], [4, 4], [5, 5], [6, 6], [7, 7], [8, 12], [9, 11], [10, 10], [12, 9], [13, 8], [14, 13], [15, 14], [16, 15], [17, 16], [18, 18], [19, 19], [20, 20], [21, 21], [22, 22], [23, 23], [24, 24], [25, 25], [26, 26], [27, 27], [28, 28], [29, 29], [30, 30], [32, 31], [33, 32], [34, 33], [35, 34], [36, 35]]","[9, 10, 11, 12, 16, 17, 18, 19, 29, 30, 31]","[15, 16, 17, 18, 19]",True,
CHEMBL239_EC50,187,182,1368,19,calibration,True,1.9243126946146816,27.0,"[[0, 0], [1, 1], [2, 2], [3, 3], [4, 4], [5, 5], [6, 6], [7, 7], [9, 8], [10, 9], [11, 10], [12, 11], [13, 12], [14, 13], [16, 15], [17, 27], [18, 26], [19, 18], [20, 19], [21, 20], [22, 22], [23, 21], [24, 23], [25, 24], [26, 25], [27, 17], [28, 16]]","[6, 7, 8, 9, 13, 14, 15, 16, 17, 28]","[12, 13, 14, 15, 16, 27]",True,
CHEMBL239_EC50,193,190,193,22,test,True,1.3348882629249488,28.0,"[[0, 0], [1, 1], [2, 2], [3, 3], [4, 4], [5, 5], [6, 6], [7, 7], [8, 8], [9, 9], [10, 10], [11, 11], [12, 12], [13, 13], [14, 14], [15, 15], [16, 16], [17, 17], [18, 18], [19, 19], [20, 20], [21, 21], [22, 22], [23, 23], [24, 24], [25, 25], [29, 27], [30, 28]]","[23, 24, 25, 26, 27, 28]","[23, 24, 25, 26]",True,
CHEMBL239_EC50,196,199,201,24,test,True,1.3916910593950362,26.0,"[[0, 0], [1, 1], [3, 3], [4, 4], [5, 5], [6, 6], [7, 7], [8, 8], [9, 9], [10, 10], [11, 11], [12, 12], [13, 13], [15, 15], [16, 16], [17, 17], [18, 18], [19, 27], [20, 26], [21, 21], [23, 22], [24, 23], [25, 24], [26, 25], [27, 20], [28, 19]]","[0, 1, 2, 3, 4, 14, 15, 16, 20, 21, 22, 23, 24, 27]","[0, 1, 2, 3, 4, 14, 15, 16, 20, 21, 22, 23, 26]",True,
CHEMBL239_EC50,203,203,216,25,test,True,2.146128035678238,33.0,"[[0, 0], [1, 1], [2, 2], [3, 3], [4, 4], [5, 5], [6, 6], [7, 7], [8, 8], [9, 9], [10, 10], [11, 11], [12, 12], [13, 13], [14, 14], [15, 15], [16, 16], [17, 17], [18, 18], [19, 19], [20, 20], [21, 21], [22, 28], [23, 27], [24, 24], [25, 23], [26, 22], [27, 29], [28, 30], [29, 31], [30, 32], [31, 33], [32, 34]]",[],"[23, 24, 25, 26, 27]",True,
CHEMBL239_EC50,207,210,270,26,test,True,1.5118833609788744,31.0,"[[0, 0], [1, 1], [2, 2], [3, 3], [4, 4], [5, 5], [7, 6], [8, 7], [9, 8], [10, 9], [11, 28], [12, 10], [13, 11], [14, 12], [15, 13], [16, 14], [17, 15], [18, 16], [19, 17], [20, 18], [22, 20], [23, 21], [24, 22], [25, 23], [26, 24], [27, 25], [28, 26], [29, 27], [30, 29], [31, 30], [32, 31]]","[1, 2, 3, 6, 7, 8, 10, 11, 12, 13, 19, 20, 21, 22, 23, 27, 30, 32]","[1, 2, 3, 6, 7, 8, 9, 10, 11, 17, 18, 19, 20, 21, 25, 28, 31]",True,
CHEMBL239_EC50,217,261,268,28,calibration,True,1.282609698724773,20.0,"[[0, 0], [1, 1], [2, 3], [3, 4], [4, 5], [5, 6], [6, 7], [7, 8], [8, 9], [9, 10], [10, 11], [11, 12], [12, 13], [13, 14], [14, 15], [15, 16], [16, 17], [17, 18], [18, 19], [19, 20]]",[],"[0, 1, 2, 3]",True,
CHEMBL239_EC50,218,265,1411,29,test,True,1.2674291939120836,19.0,"[[0, 0], [1, 1], [2, 2], [3, 3], [4, 6], [5, 7], [6, 8], [7, 9], [8, 10], [9, 11], [10, 12], [11, 13], [12, 14], [13, 20], [14, 19], [15, 17], [16, 18], [17, 16], [18, 15]]","[1, 3, 4, 5, 11]","[1, 3, 4, 5, 6, 7, 13]",True,
CHEMBL239_EC50,219,266,1315,30,test,True,1.2922560713564764,22.0,"[[0, 0], [1, 1], [2, 2], [3, 3], [4, 4], [5, 5], [6, 6], [7, 7], [8, 8], [9, 9], [10, 10], [11, 11], [12, 12], [13, 21], [14, 16], [15, 15], [16, 17], [17, 18], [18, 19], [19, 20], [20, 14], [21, 13]]","[14, 15, 16, 17, 18, 19, 20]","[15, 16, 17, 18, 19, 20, 21]",True,
CHEMBL239_EC50,223,285,286,31,calibration,True,2.1137046633852457,34.0,"[[0, 0], [1, 1], [2, 2], [3, 3], [4, 4], [5, 5], [6, 6], [7, 7], [8, 8], [9, 9], [10, 11], [11, 10], [12, 22], [13, 21], [14, 13], [15, 14], [16, 15], [17, 16], [18, 17], [19, 18], [20, 19], [21, 20], [22, 12], [23, 23], [24, 24], [25, 25], [26, 26], [27, 27], [28, 28], [29, 29], [30, 30], [31, 31], [32, 32], [33, 33]]","[8, 9, 10, 11, 22]","[8, 9, 10, 11, 22]",True,
CHEMBL239_EC50,238,303,326,33,calibration,True,2.01450468888358,31.0,"[[0, 0], [1, 1], [2, 2], [3, 3], [4, 4], [5, 5], [6, 6], [7, 7], [8, 8], [9, 9], [10, 10], [11, 11], [12, 12], [13, 13], [14, 14], [15, 15], [16, 16], [17, 17], [18, 22], [19, 21], [20, 20], [21, 26], [23, 25], [24, 23], [25, 24], [26, 27], [27, 28], [28, 29], [29, 30], [30, 31], [31, 32]]","[16, 17, 18, 19, 20, 21, 22, 23, 24, 26]","[16, 17, 18, 19, 20, 21, 26, 27]",True,
CHEMBL239_EC50,243,309,311,35,test,True,1.3047578681832244,34.0,"[[0, 0], [1, 1], [2, 2], [3, 3], [4, 4], [5, 5], [6, 6], [7, 7], [8, 8], [9, 9], [10, 10], [11, 11], [12, 12], [13, 13], [14, 14], [15, 15], [16, 16], [17, 17], [18, 18], [19, 27], [20, 26], [25, 21], [26, 20], [27, 22], [28, 24], [29, 23], [30, 25], [31, 19], [32, 28], [33, 29], [34, 30], [35, 31], [36, 32], [37, 33]]","[19, 20, 21, 22, 23, 24, 25, 26, 27, 28, 29, 30, 31]","[20, 21, 22, 23, 24, 25, 26]",True,
CHEMBL239_EC50,261,336,352,36,calibration,True,1.2291479883578562,29.0,"[[1, 0], [2, 1], [3, 2], [4, 3], [5, 4], [6, 5], [7, 6], [8, 7], [9, 8], [10, 9], [11, 10], [12, 11], [13, 12], [14, 13], [15, 14], [16, 15], [17, 16], [18, 17], [19, 18], [20, 19], [21, 20], [22, 21], [23, 22], [24, 23], [25, 24], [26, 26], [28, 27], [29, 28], [30, 29]]","[0, 1, 2, 25, 26, 27]","[23, 24, 25, 26, 27]",True,
CHEMBL239_EC50,265,358,359,37,test,True,1.1892094895823062,36.0,"[[0, 0], [1, 1], [2, 2], [3, 3], [4, 4], [5, 5], [6, 6], [7, 7], [8, 8], [9, 9], [10, 10], [11, 11], [12, 12], [13, 13], [14, 14], [15, 15], [16, 16], [17, 17], [18, 18], [19, 19], [20, 20], [21, 21], [22, 22], [23, 35], [24, 23], [25, 24], [26, 25], [27, 26], [28, 27], [29, 28], [30, 29], [31, 30], [32, 31], [33, 32], [34, 33], [35, 34]]","[21, 22, 23, 24, 28]","[21, 22, 23, 24, 35]",True,
CHEMBL239_EC50,266,362,363,38,test,True,2.4904852162776434,39.0,"[[0, 0], [1, 1], [2, 2], [3, 3], [4, 4], [5, 5], [6, 6], [7, 7], [8, 8], [9, 9], [10, 11], [11, 10], [12, 22], [13, 21], [14, 13], [15, 14], [16, 15], [17, 16], [18, 17], [19, 18], [20, 19], [21, 20], [22, 12], [23, 23], [24, 24], [25, 25], [26, 26], [27, 27], [28, 28], [29, 29], [30, 30], [31, 35], [32, 34], [33, 33], [34, 32], [35, 31], [36, 36], [37, 37], [38, 38]]","[8, 9, 10, 11, 22]","[8, 9, 10, 11, 22]",True,
CHEMBL239_EC50,272,371,372,40,test,True,1.4393326938302629,32.0,"[[0, 0], [1, 1], [2, 2], [3, 3], [4, 4], [5, 5], [6, 6], [7, 7], [8, 8], [9, 9], [10, 10], [11, 11], [12, 12], [13, 13], [14, 14], [15, 15], [16, 16], [17, 17], [18, 18], [19, 19], [20, 20], [21, 21], [24, 22], [25, 23], [26, 24], [27, 25], [28, 26], [29, 27], [30, 28], [31, 29], [32, 30], [33, 31]]","[20, 21, 22, 23, 24]",[],True,
CHEMBL239_EC50,273,388,997,41,calibration,True,1.2373609157946035,28.0,"[[0, 0], [1, 1], [2, 2], [3, 3], [4, 4], [5, 5], [6, 6], [7, 7], [8, 8], [9, 24], [10, 29], [15, 10], [16, 11], [17, 12], [18, 13], [19, 14], [20, 15], [21, 20], [22, 19], [23, 18], [24, 17], [25, 16], [26, 21], [27, 22], [28, 23], [29, 30], [30, 31], [31, 32]]","[5, 8, 9, 10, 11, 12, 13, 14, 15, 16]","[5, 7, 8, 9, 10, 11, 24, 25, 26, 27, 28, 29]",True,
CHEMBL239_EC50,301,460,465,48,test,True,1.9032450644732928,30.0,"[[0, 0], [1, 1], [2, 2], [3, 3], [4, 4], [5, 5], [6, 6], [7, 7], [8, 8], [9, 9], [10, 10], [11, 11], [12, 12], [13, 13], [14, 14], [15, 15], [16, 16], [17, 17], [18, 18], [19, 19], [20, 20], [21, 21], [22, 22], [23, 23], [24, 24], [25, 25], [26, 26], [27, 27], [28, 28], [36, 37]]","[26, 27, 28, 29, 30, 31, 32, 33, 34, 35]","[26, 27, 28, 29, 30, 31, 32, 33, 34, 35, 36]",True,
CHEMBL239_EC50,349,500,526,52,test,True,1.7703259128716864,25.0,"[[0, 0], [1, 1], [2, 2], [3, 3], [4, 4], [5, 5], [6, 6], [7, 7], [8, 8], [9, 9], [10, 10], [11, 11], [12, 12], [13, 13], [14, 14], [15, 15], [16, 28], [17, 27], [18, 18], [19, 19], [28, 17], [29, 16], [30, 29], [31, 30], [32, 31]]","[18, 19, 20, 21, 22, 23, 24, 25, 26, 27]","[18, 19, 20, 21, 22, 23, 24, 25, 26]",True,
CHEMBL239_EC50,365,534,536,51,calibration,True,1.763427993562937,31.0,"[[1, 0], [2, 1], [3, 2], [4, 3], [5, 4], [6, 5], [7, 6], [8, 7], [9, 8], [10, 9], [11, 10], [12, 11], [13, 12], [14, 13], [15, 14], [16, 15], [17, 16], [18, 17], [19, 18], [20, 19], [21, 20], [22, 21], [23, 22], [24, 23], [25, 24], [26, 25], [27, 26], [28, 27], [29, 28], [30, 29], [31, 30]]","[0, 1, 2]",[],True,
CHEMBL239_EC50,378,552,555,4,calibration,True,2.0,30.0,"[[4, 0], [5, 1], [6, 2], [7, 3], [8, 4], [9, 5], [10, 6], [11, 7], [12, 8], [13, 9], [14, 10], [15, 11], [16, 12], [17, 13], [18, 14], [19, 15], [20, 16], [21, 17], [22, 18], [23, 19], [24, 20], [25, 29], [26, 28], [27, 23], [28, 24], [29, 25], [30, 26], [31, 27], [32, 22], [33, 21]]","[0, 1, 2, 3, 4, 5]",[],True,
CHEMBL239_EC50,392,580,838,57,test,True,1.36974580803344,32.0,"[[0, 0], [1, 1], [2, 2], [3, 3], [4, 4], [5, 5], [6, 6], [7, 21], [8, 22], [9, 8], [10, 9], [11, 20], [12, 18], [13, 12], [14, 13], [15, 14], [16, 15], [17, 16], [18, 17], [19, 11], [20, 10], [21, 7], [22, 23], [23, 24], [24, 25], [25, 26], [26, 27], [27, 28], [28, 29], [29, 30], [30, 31], [31, 32]]","[5, 6, 7, 8, 9, 10, 21]","[5, 6, 7, 8, 9, 12, 18, 19, 20, 21, 22]",True,
CHEMBL239_EC50,420,667,869,59,calibration,True,2.845098040014257,37.0,"[[0, 0], [1, 1], [2, 2], [3, 3], [4, 4], [5, 5], [6, 6], [7, 7], [8, 8], [9, 9], [10, 10], [11, 11], [12, 12], [13, 13], [15, 15], [16, 16], [17, 17], [18, 18], [19, 19], [21, 20], [22, 21], [23, 22], [24, 23], [26, 32], [27, 31], [28, 30], [29, 29], [30, 34], [32, 28], [33, 35], [34, 24], [35, 25], [36, 26], [37, 27], [38, 33], [39, 36], [40, 37]]","[12, 13, 14, 15, 16, 18, 19, 20, 21, 22, 25, 26, 27, 29, 30, 31, 32, 33, 37, 38, 40]","[12, 13, 14, 15, 16, 18, 19, 20, 21, 24, 25, 27, 28, 29, 30, 34, 35, 37]",True,
CHEMBL239_EC50,471,727,759,63,calibration,True,2.107905397309519,26.0,"[[2, 2], [3, 29], [4, 28], [5, 5], [6, 6], [8, 8], [9, 9], [10, 10], [11, 11], [12, 12], [13, 13], [14, 14], [15, 15], [16, 16], [17, 17], [18, 18], [19, 19], [20, 20], [21, 21], [22, 22], [23, 23], [24, 24], [25, 26], [26, 25], [29, 4], [30, 3]]","[0, 1, 2, 3, 5, 6, 7, 8, 9, 25, 26, 27, 28, 30]","[0, 1, 2, 3, 5, 6, 7, 8, 9, 25, 26, 27, 29]",True,
CHEMBL239_EC50,477,734,758,64,calibration,True,1.1626278597223596,26.0,"[[0, 0], [1, 1], [3, 3], [4, 4], [5, 5], [6, 6], [7, 7], [13, 12], [14, 13], [16, 15], [17, 16], [18, 17], [19, 18], [20, 19], [21, 20], [22, 21], [23, 22], [24, 23], [25, 24], [26, 25], [27, 26], [28, 27], [29, 28], [30, 29], [31, 30], [32, 31]]","[0, 1, 2, 3, 4, 6, 7, 8, 9, 10, 11, 12, 13, 15, 16, 17]","[0, 1, 2, 3, 4, 6, 7, 8, 9, 10, 11, 12, 14, 15, 16]",True,
CHEMBL239_EC50,513,775,783,65,calibration,True,1.6020599913279625,30.0,"[[0, 0], [1, 1], [2, 2], [3, 3], [4, 4], [5, 5], [6, 6], [7, 7], [8, 8], [9, 9], [10, 10], [11, 11], [13, 12], [14, 24], [15, 23], [16, 15], [17, 16], [18, 22], [19, 21], [20, 19], [21, 20], [22, 18], [23, 17], [24, 14], [25, 13], [26, 25], [27, 26], [28, 27], [29, 28], [30, 29]]","[9, 10, 11, 12, 13, 14, 25]","[9, 10, 11, 12, 13, 24]",True,
CHEMBL239_EC50,515,790,798,66,test,True,2.0,25.0,"[[0, 0], [1, 1], [2, 26], [3, 25], [4, 4], [5, 5], [7, 7], [8, 8], [9, 9], [10, 10], [11, 11], [12, 12], [13, 13], [14, 14], [15, 15], [16, 16], [17, 17], [18, 18], [19, 19], [20, 20], [21, 21], [22, 23], [23, 22], [25, 3], [26, 2]]","[1, 4, 5, 6, 7, 8, 22, 23, 24, 25, 26, 27]","[4, 5, 6, 7, 8, 22, 23, 24]",True,
CHEMBL239_EC50,521,802,874,68,test,True,1.915679114299964,37.0,"[[3, 0], [4, 1], [5, 2], [6, 3], [7, 4], [8, 5], [9, 6], [10, 8], [11, 9], [12, 10], [13, 11], [14, 12], [15, 13], [16, 14], [17, 15], [18, 16], [19, 17], [20, 18], [21, 19], [22, 20], [23, 21], [24, 22], [25, 37], [26, 36], [27, 25], [28, 26], [29, 27], [30, 28], [31, 33], [32, 32], [33, 31], [34, 30], [35, 29], [36, 35], [37, 34], [38, 24], [39, 23]]","[0, 1, 2, 3, 4]","[5, 6, 7, 8]",True,
CHEMBL239_EC50,531,820,822,71,calibration,True,1.079181246047625,41.0,"[[0, 0], [1, 1], [2, 2], [3, 3], [4, 5], [5, 4], [6, 10], [7, 8], [8, 9], [9, 7], [10, 6], [11, 11], [12, 12], [13, 13], [14, 14], [15, 15], [16, 16], [17, 17], [18, 18], [19, 19], [20, 20], [21, 21], [22, 22], [23, 23], [24, 24], [25, 25], [26, 26], [27, 35], [28, 34], [29, 29], [30, 30], [31, 32], [32, 33], [33, 31], [34, 28], [35, 27], [36, 36], [37, 37], [38, 38], [39, 39], [40, 40]]","[2, 3, 4, 5, 10, 11]","[2, 3, 4, 5, 10, 11]",True,
CHEMBL239_EC50,540,846,849,75,test,True,1.3521825181113627,37.0,"[[0, 0], [1, 1], [2, 2], [3, 3], [4, 4], [5, 5], [6, 6], [7, 36], [8, 13], [9, 14], [10, 15], [11, 16], [12, 17], [13, 18], [14, 19], [15, 20], [16, 21], [17, 22], [18, 23], [19, 24], [20, 25], [21, 26], [22, 31], [23, 30], [24, 29], [25, 28], [26, 27], [27, 32], [28, 33], [29, 34], [30, 35], [31, 9], [32, 10], [33, 11], [34, 12], [35, 8], [36, 7]]","[6, 7, 8, 9, 31, 32, 35]","[6, 8, 9, 10, 13, 14, 36]",True,
CHEMBL239_EC50,560,871,1106,10,calibration,True,1.3684294111634996,27.0,"[[0, 0], [1, 1], [2, 2], [3, 3], [4, 4], [5, 5], [6, 6], [7, 7], [8, 8], [9, 9], [10, 10], [11, 11], [12, 12], [13, 13], [14, 14], [15, 15], [16, 30], [17, 29], [18, 18], [19, 19], [20, 20], [21, 21], [22, 22], [23, 23], [24, 24], [30, 17], [31, 16]]","[12, 13, 14, 15, 20, 24, 25, 26, 27, 28, 29]","[12, 13, 14, 15, 20, 24, 25, 26, 27, 28]",True,
CHEMBL239_EC50,631,981,1006,82,calibration,True,3.380211241711604,28.0,"[[0, 0], [1, 1], [4, 4], [5, 5], [6, 6], [7, 7], [8, 9], [9, 10], [10, 11], [11, 12], [12, 13], [13, 14], [14, 15], [15, 16], [16, 17], [17, 18], [18, 19], [19, 20], [20, 21], [21, 22], [22, 23], [23, 24], [24, 25], [25, 26], [26, 27], [27, 28], [28, 29], [29, 30]]","[0, 1, 2, 3, 4, 5, 6, 7, 8, 9, 27, 30, 31]","[0, 1, 2, 3, 4, 5, 6, 7, 8, 9, 10, 28, 31]",True,
CHEMBL239_EC50,651,1035,1041,85,test,True,3.720159303405957,30.0,"[[0, 0], [1, 1], [2, 2], [3, 3], [4, 4], [5, 5], [6, 6], [7, 7], [8, 8], [9, 9], [10, 10], [11, 11], [12, 12], [13, 13], [14, 14], [15, 15], [16, 16], [17, 22], [18, 21], [19, 19], [22, 18], [23, 17], [24, 23], [25, 24], [26, 25], [27, 26], [28, 27], [29, 28], [30, 29], [31, 30]]","[18, 19, 20, 21, 22]","[18, 19, 20, 21]",True,
CHEMBL239_EC50,670,1065,1068,88,calibration,True,1.0222763947111524,26.0,"[[0, 0], [1, 1], [2, 2], [3, 3], [4, 4], [5, 5], [6, 6], [7, 7], [8, 8], [9, 9], [10, 10], [11, 11], [12, 12], [13, 13], [14, 14], [15, 15], [16, 20], [17, 19], [18, 18], [19, 17], [20, 16], [25, 24], [26, 25], [27, 26], [28, 27], [29, 28]]","[15, 18, 19, 20, 21, 22, 23, 24]","[15, 19, 20, 21, 22, 23]",True,
CHEMBL239_EC50,677,1077,1085,91,test,True,1.526918723082078,25.0,"[[0, 0], [1, 1], [2, 2], [3, 3], [4, 4], [5, 5], [6, 6], [7, 7], [8, 8], [9, 9], [10, 10], [11, 11], [12, 12], [13, 25], [14, 24], [15, 15], [17, 17], [18, 18], [19, 19], [20, 20], [21, 21], [22, 22], [23, 23], [24, 14], [25, 13]]","[14, 15, 16, 17, 18, 24]","[14, 15, 16, 17, 18, 24]",True,
CHEMBL239_EC50,681,1087,1096,92,calibration,True,1.2676409823459158,16.0,"[[0, 0], [1, 1], [2, 2], [3, 3], [4, 4], [5, 5], [6, 6], [7, 7], [8, 8], [10, 11], [11, 12], [12, 13], [13, 14], [14, 15], [15, 16], [16, 17]]","[7, 8, 9, 10]","[7, 8, 9, 10, 11]",True,
CHEMBL239_EC50,684,1111,1112,93,calibration,True,1.6627578316815743,28.0,"[[0, 0], [1, 1], [2, 2], [3, 3], [4, 4], [5, 5], [6, 6], [7, 7], [8, 8], [9, 9], [10, 10], [11, 11], [12, 12], [13, 13], [14, 14], [15, 15], [16, 16], [17, 17], [18, 18], [19, 19], [20, 20], [21, 21], [22, 22], [23, 28], [24, 27], [25, 25], [26, 24], [27, 23]]",[],"[24, 25, 26, 27]",True,
CHEMBL239_EC50,693,1133,1135,96,calibration,True,1.103219486915064,35.0,"[[0, 0], [1, 1], [2, 2], [3, 3], [4, 4], [5, 5], [6, 6], [8, 8], [9, 9], [12, 12], [13, 13], [14, 14], [15, 15], [17, 17], [18, 18], [21, 21], [22, 22], [23, 32], [24, 31], [25, 25], [26, 26], [27, 27], [28, 28], [29, 29], [30, 30], [31, 24], [32, 23], [34, 34], [35, 35], [36, 36], [37, 37], [38, 38], [39, 39], [40, 40], [41, 41]]","[5, 6, 7, 8, 9, 10, 11, 12, 13, 14, 15, 16, 17, 18, 19, 20, 21, 22, 33]","[5, 6, 7, 8, 9, 10, 11, 12, 13, 14, 15, 16, 17, 18, 19, 20, 21, 22, 33]",True,
CHEMBL239_EC50,705,1152,1507,72,calibration,True,1.7131604066417827,36.0,"[[0, 0], [1, 1], [2, 2], [3, 3], [4, 4], [5, 5], [6, 6], [7, 7], [8, 8], [9, 9], [10, 10], [11, 11], [12, 12], [13, 13], [14, 14], [15, 34], [16, 33], [17, 32], [20, 18], [21, 19], [22, 20], [23, 21], [24, 22], [25, 28], [26, 27], [27, 25], [28, 26], [29, 24], [30, 23], [31, 29], [32, 30], [33, 31], [34, 16], [35, 15], [36, 36], [37, 37]]","[16, 17, 18, 19, 20, 21, 34]","[14, 15, 16, 17, 18, 19, 32, 33, 34, 35]",True,
CHEMBL239_EC50,736,1175,1520,98,calibration,True,1.1949766032160545,31.0,"[[2, 0], [3, 1], [4, 2], [5, 3], [6, 4], [7, 5], [8, 6], [9, 7], [10, 8], [11, 9], [12, 10], [13, 11], [14, 12], [15, 13], [16, 15], [17, 16], [18, 17], [19, 18], [20, 19], [21, 20], [22, 21], [23, 27], [24, 26], [25, 24], [26, 25], [27, 23], [28, 22], [29, 28], [30, 29], [31, 30], [32, 31]]","[0, 1, 2, 3]","[12, 13, 14, 15]",True,
CHEMBL239_EC50,756,1199,1201,102,test,True,1.5590775548220597,36.0,"[[2, 3], [3, 2], [4, 1], [5, 37], [6, 6], [7, 7], [8, 8], [9, 9], [10, 10], [11, 11], [12, 12], [13, 13], [14, 14], [15, 15], [16, 16], [17, 17], [18, 18], [19, 19], [20, 20], [21, 21], [22, 22], [23, 23], [24, 24], [25, 25], [26, 26], [27, 27], [28, 28], [29, 34], [30, 33], [31, 31], [32, 32], [33, 30], [34, 29], [35, 35], [36, 36], [37, 4]]","[0, 1, 2, 3, 37]","[0, 1, 2, 3, 4, 5, 6, 37]",True,
CHEMBL239_EC50,759,1203,1213,103,calibration,True,1.8750612633917,31.0,"[[1, 17], [2, 19], [3, 20], [4, 14], [5, 13], [6, 11], [7, 12], [8, 10], [9, 9], [10, 8], [11, 7], [12, 28], [13, 29], [14, 4], [15, 3], [16, 1], [17, 0], [18, 2], [19, 30], [20, 31], [21, 32], [22, 5], [23, 6], [24, 22], [25, 23], [26, 24], [27, 25], [28, 26], [29, 27], [30, 15], [32, 16]]","[0, 1, 2, 4, 30, 31, 32]","[14, 16, 17, 18, 19, 20, 21]",True,
CHEMBL239_EC50,762,1248,1249,106,calibration,True,1.1710265429749045,32.0,"[[1, 5], [2, 4], [3, 6], [4, 7], [5, 8], [6, 9], [7, 10], [8, 11], [9, 12], [10, 13], [11, 14], [12, 15], [13, 16], [14, 17], [15, 18], [16, 19], [17, 20], [18, 21], [19, 22], [20, 23], [21, 24], [22, 25], [23, 26], [24, 27], [25, 29], [26, 28], [27, 30], [28, 31], [29, 32], [30, 33], [31, 34], [32, 35]]","[0, 1, 2, 3]","[0, 1, 2, 3, 4, 5]",True,
CHEMBL239_EC50,770,1272,1278,107,test,True,1.640481436970422,22.0,"[[0, 0], [1, 1], [2, 2], [3, 3], [4, 4], [5, 5], [6, 6], [7, 7], [8, 8], [9, 9], [10, 10], [13, 15], [14, 14], [15, 13], [16, 18], [17, 17], [18, 16], [19, 19], [20, 20], [21, 21], [22, 22], [23, 23]]","[9, 10, 11, 12, 13, 14, 18, 19]","[9, 10, 11, 12, 13, 14, 18, 19]",True,
CHEMBL239_EC50,784,1320,1325,112,calibration,True,1.0616409340616857,16.0,"[[2, 0], [3, 1], [4, 2], [5, 3], [6, 4], [7, 5], [8, 6], [9, 7], [10, 8], [11, 9], [12, 10], [13, 11], [14, 12], [15, 13], [16, 14], [17, 15]]","[0, 1, 2, 3]",[],True,
CHEMBL239_EC50,789,1376,1715,114,test,True,2.2335037603411347,30.0,"[[0, 0], [1, 1], [2, 2], [3, 3], [4, 4], [5, 5], [6, 6], [7, 7], [9, 10], [10, 9], [11, 8], [12, 11], [13, 24], [14, 23], [15, 14], [16, 15], [17, 16], [18, 17], [19, 22], [20, 21], [21, 20], [22, 19], [23, 18], [24, 13], [25, 12], [26, 25], [27, 26], [28, 27], [29, 28], [30, 29]]","[6, 7, 8, 9, 10, 11, 12, 13, 25, 26]","[6, 7, 8, 9, 10, 11, 12, 24, 25]",True,
CHEMBL239_EC50,798,1393,1402,115,test,True,1.282546589969968,25.0,"[[1, 0], [2, 1], [3, 2], [4, 3], [5, 4], [6, 5], [7, 7], [8, 8], [9, 25], [10, 24], [11, 11], [12, 12], [13, 13], [14, 14], [15, 15], [16, 20], [17, 19], [18, 18], [19, 17], [20, 16], [21, 21], [22, 22], [23, 23], [24, 10], [25, 9]]","[0, 1, 2]","[4, 5, 6, 7]",True,
CHEMBL239_EC50,800,1446,1448,117,calibration,True,1.6368220975871743,31.0,"[[1, 23], [2, 22], [3, 21], [4, 20], [5, 19], [6, 17], [7, 18], [8, 16], [9, 15], [10, 14], [11, 13], [12, 12], [13, 11], [14, 10], [15, 8], [16, 9], [17, 7], [18, 30], [19, 31], [20, 4], [21, 1], [22, 0], [23, 2], [24, 3], [25, 5], [26, 6], [27, 29], [28, 25], [29, 26], [30, 27], [31, 28]]","[0, 1, 2, 28]","[22, 23, 24, 25]",True,
CHEMBL239_EC50,803,1465,1467,118,test,True,2.9344984512435675,38.0,"[[0, 0], [1, 1], [2, 2], [3, 3], [4, 4], [5, 5], [6, 6], [7, 7], [8, 8], [9, 9], [10, 10], [11, 11], [12, 12], [13, 13], [14, 14], [15, 15], [16, 38], [17, 37], [18, 18], [19, 20], [20, 21], [21, 22], [22, 23], [23, 24], [24, 25], [25, 26], [26, 31], [27, 30], [28, 29], [29, 28], [30, 27], [31, 32], [32, 33], [33, 34], [34, 35], [35, 36], [36, 17], [37, 16]]","[17, 18, 19, 20, 32, 36]","[17, 18, 19, 20, 21, 33, 37]",True,
CHEMBL239_EC50,804,1466,1474,119,calibration,True,1.5228787452803374,35.0,"[[0, 0], [1, 1], [2, 2], [3, 3], [4, 4], [5, 5], [6, 6], [7, 7], [8, 8], [9, 11], [10, 10], [11, 30], [12, 14], [13, 15], [14, 16], [15, 17], [16, 18], [17, 19], [18, 20], [19, 21], [20, 26], [21, 25], [22, 24], [23, 23], [24, 22], [25, 27], [26, 28], [27, 29], [28, 13], [29, 12], [30, 31], [31, 32], [32, 33], [33, 34], [34, 35]]","[7, 8, 9, 10, 29]","[7, 8, 9, 10, 11, 30]",True,
CHEMBL239_EC50,806,1469,1473,74,test,True,2.0211892990699374,36.0,"[[0, 0], [1, 1], [2, 2], [3, 3], [4, 4], [5, 5], [6, 6], [7, 7], [8, 8], [9, 9], [10, 10], [11, 11], [12, 12], [13, 13], [14, 14], [15, 16], [16, 15], [17, 38], [18, 37], [19, 18], [20, 19], [21, 20], [22, 21], [23, 22], [24, 23], [28, 25], [29, 26], [30, 27], [31, 28], [32, 29], [34, 32], [35, 33], [36, 34], [37, 35], [38, 36], [39, 17]]","[13, 14, 15, 16, 23, 24, 25, 26, 27, 28, 29, 33, 39]","[13, 14, 15, 16, 22, 23, 24, 25, 26, 30, 31, 38]",True,
CHEMBL239_EC50,808,1516,1518,120,calibration,True,1.3236939802999252,31.0,"[[0, 0], [1, 1], [2, 2], [3, 3], [4, 4], [5, 5], [6, 6], [7, 7], [8, 8], [9, 9], [10, 10], [11, 11], [12, 12], [13, 13], [14, 14], [15, 15], [16, 16], [17, 17], [18, 18], [19, 24], [20, 23], [21, 21], [22, 20], [23, 19], [24, 25], [25, 26], [26, 27], [27, 28], [28, 29], [29, 30], [30, 31]]",[],"[20, 21, 22, 23]",True,
CHEMBL239_EC50,814,1544,1546,122,calibration,True,1.536242706838319,32.0,"[[0, 0], [1, 1], [2, 2], [3, 4], [4, 3], [5, 19], [6, 7], [7, 8], [8, 9], [9, 10], [10, 11], [11, 12], [12, 13], [13, 14], [14, 15], [15, 16], [16, 17], [17, 18], [18, 6], [19, 5], [20, 20], [21, 21], [22, 23], [23, 32], [24, 31], [25, 26], [26, 27], [27, 28], [28, 29], [29, 30], [30, 25], [31, 24]]","[1, 2, 3, 4, 19, 20, 21, 22, 23, 31]","[1, 2, 3, 4, 19, 20, 21, 22, 23, 24, 32]",True,
CHEMBL239_EC50,817,1559,1566,124,test,True,2.257595828468648,25.0,"[[0, 0], [1, 1], [2, 2], [4, 4], [5, 5], [6, 6], [7, 7], [8, 8], [9, 9], [10, 10], [11, 11], [12, 12], [13, 13], [14, 14], [16, 17], [17, 18], [18, 19], [19, 20], [20, 21], [23, 24], [24, 25], [25, 26], [26, 27], [27, 28], [28, 29]]","[1, 2, 3, 4, 5, 13, 14, 15, 16, 21, 22, 23, 24]","[1, 2, 3, 4, 5, 13, 14, 15, 16, 17, 22, 23, 24, 25]",True,
CHEMBL239_EC50,824,1623,1625,126,test,True,3.096910013008056,27.0,"[[0, 18], [1, 17], [2, 16], [3, 3], [5, 4], [6, 5], [7, 6], [8, 7], [9, 13], [10, 12], [11, 10], [12, 11], [13, 9], [14, 8], [15, 14], [16, 15], [17, 2], [18, 1], [19, 0], [20, 19], [21, 20], [22, 21], [23, 22], [24, 23], [25, 24], [26, 25], [27, 26]]","[2, 3, 4, 5, 6, 16, 17]","[2, 3, 4, 5, 15, 16]",True,
CHEMBL239_EC50,826,1641,1656,127,test,True,1.0474246499281366,27.0,"[[0, 0], [1, 1], [2, 2], [3, 3], [4, 4], [5, 5], [6, 6], [7, 7], [8, 8], [9, 9], [10, 10], [11, 11], [12, 26], [13, 24], [14, 14], [15, 15], [16, 16], [17, 17], [18, 18], [19, 19], [20, 20], [21, 21], [22, 22], [23, 23], [24, 13], [25, 12], [26, 27]]",[],"[14, 24, 25, 26]",True,
CHEMBL239_EC50,829,1643,1649,128,calibration,True,1.7300042380759884,25.0,"[[1, 2], [2, 1], [3, 17], [4, 18], [5, 19], [6, 20], [7, 21], [8, 22], [9, 23], [11, 25], [12, 26], [13, 16], [14, 15], [15, 3], [16, 4], [17, 5], [18, 6], [19, 7], [20, 8], [21, 9], [22, 10], [23, 11], [24, 12], [25, 13], [26, 14]]","[0, 1, 2, 8, 9, 10, 11, 15]","[0, 1, 2, 17, 22, 23, 24, 25]",True,
CHEMBL244_Ki,18,8,1135,2,test,True,2.6197887582883936,26.0,"[[0, 0], [1, 1], [2, 2], [3, 3], [4, 16], [5, 17], [6, 18], [7, 19], [8, 20], [9, 21], [10, 22], [11, 23], [14, 26], [16, 4], [17, 5], [18, 6], [19, 7], [20, 8], [21, 9], [22, 10], [23, 11], [24, 12], [25, 13], [26, 14], [27, 27], [28, 28]]","[0, 1, 2, 3, 4, 5, 10, 11, 12, 13, 15, 16, 17, 27, 28]","[0, 1, 2, 3, 4, 5, 15, 16, 17, 22, 23, 24, 25, 27, 28]",True,
CHEMBL244_Ki,40,43,1621,5,calibration,True,1.6576072844632543,28.0,"[[0, 0], [1, 1], [2, 2], [3, 3], [4, 4], [5, 5], [6, 6], [7, 7], [8, 8], [9, 9], [10, 10], [11, 11], [12, 12], [13, 13], [14, 14], [15, 25], [16, 24], [17, 17], [22, 16], [23, 15], [24, 26], [25, 27], [26, 28], [27, 29], [28, 30], [29, 32], [30, 33], [31, 34]]","[16, 17, 18, 19, 20, 21, 22, 23, 27, 28, 29, 30]","[16, 17, 18, 19, 20, 21, 22, 23, 24, 29, 30, 31, 32, 33]",True,
CHEMBL244_Ki,42,44,87,8,calibration,True,2.9999999999999982,39.0,"[[0, 0], [1, 1], [2, 2], [3, 3], [4, 4], [7, 5], [8, 6], [9, 7], [10, 8], [11, 9], [12, 10], [13, 11], [14, 12], [15, 13], [16, 14], [17, 15], [18, 16], [19, 17], [20, 18], [21, 19], [22, 20], [23, 21], [24, 22], [25, 23], [26, 24], [27, 25], [28, 26], [29, 27], [30, 28], [31, 29], [32, 30], [33, 31], [34, 32], [35, 33], [36, 34], [37, 35], [38, 36], [39, 37], [40, 38]]","[2, 4, 5, 6, 7, 8, 32]","[2, 4, 5, 6, 30]",True,
CHEMBL244_Ki,55,58,112,9,calibration,True,1.2699993446882427,27.0,"[[2, 5], [3, 6], [4, 7], [5, 8], [6, 9], [7, 10], [8, 11], [9, 12], [10, 13], [11, 14], [12, 15], [13, 16], [14, 17], [15, 18], [16, 19], [17, 20], [18, 21], [19, 22], [20, 23], [21, 24], [22, 25], [23, 26], [24, 27], [25, 28], [26, 29], [27, 30], [28, 31]]","[0, 1, 2, 3, 4]","[0, 1, 2, 3, 4, 5, 6, 7]",True,
CHEMBL244_Ki,56,64,78,3,test,True,1.2257790432447884,39.0,"[[0, 1], [1, 2], [2, 3], [3, 4], [4, 7], [5, 9], [6, 10], [7, 11], [8, 12], [9, 13], [10, 14], [11, 15], [12, 16], [13, 17], [14, 18], [15, 19], [16, 20], [17, 21], [18, 22], [19, 23], [20, 24], [21, 25], [22, 26], [23, 27], [24, 28], [25, 29], [26, 30], [27, 31], [28, 32], [29, 33], [30, 34], [31, 35], [32, 36], [33, 37], [34, 38], [35, 39], [36, 40], [37, 41], [38, 42]]","[1, 2, 3, 4, 5]","[0, 1, 2, 3, 4, 5, 6, 7, 8, 9]",True,
CHEMBL244_Ki,68,83,697,0,calibration,True,2.247784483710756,33.0,"[[0, 0], [1, 1], [2, 2], [3, 3], [4, 4], [5, 5], [6, 6], [7, 7], [8, 8], [9, 9], [10, 10], [11, 11], [13, 14], [14, 13], [17, 17], [18, 18], [19, 19], [20, 20], [21, 21], [22, 22], [23, 23], [24, 24], [25, 25], [26, 26], [27, 27], [28, 28], [29, 29], [30, 30], [31, 31], [32, 32], [33, 33], [34, 34], [35, 35]]","[10, 11, 12, 13, 14, 15, 16, 17, 18, 32, 33]","[10, 11, 12, 13, 14, 15, 16, 17, 18, 32, 33]",True,
CHEMBL244_Ki,73,95,203,1,calibration,True,3.315753252484688,35.0,"[[0, 0], [1, 1], [2, 2], [3, 3], [4, 4], [5, 5], [6, 6], [7, 7], [8, 8], [9, 9], [10, 10], [11, 11], [12, 12], [13, 13], [14, 14], [15, 15], [16, 16], [17, 17], [18, 18], [19, 19], [20, 20], [21, 21], [22, 22], [23, 36], [24, 35], [25, 25], [26, 34], [27, 33], [28, 29], [29, 30], [30, 31], [31, 32], [32, 28], [33, 24], [34, 23]]","[24, 25, 26, 27, 28, 32, 33, 34]","[24, 25, 26, 27, 28, 29, 33, 34, 35]",True,
CHEMBL244_Ki,87,115,117,11,calibration,True,2.176091259055683,38.0,"[[0, 0], [1, 1], [2, 2], [3, 3], [4, 4], [5, 5], [6, 6], [7, 7], [8, 8], [9, 9], [10, 10], [11, 11], [12, 12], [13, 13], [14, 14], [15, 15], [16, 16], [17, 17], [18, 18], [19, 19], [20, 20], [21, 40], [22, 39], [23, 23], [24, 24], [25, 25], [26, 26], [27, 27], [28, 28], [29, 29], [30, 30], [31, 31], [32, 32], [33, 33], [35, 37], [36, 38], [37, 22], [38, 21]]","[32, 33, 34, 35, 36]","[32, 33, 34, 35, 36, 37, 38]",True,
CHEMBL244_Ki,97,129,1249,13,calibration,True,1.886056647693163,25.0,"[[1, 1], [2, 0], [3, 3], [4, 29], [5, 24], [6, 20], [7, 19], [8, 18], [9, 25], [10, 26], [11, 15], [12, 11], [17, 7], [18, 8], [19, 9], [20, 27], [24, 28], [25, 6], [27, 12], [28, 13], [29, 14], [30, 16], [31, 17], [32, 21], [33, 22]]","[0, 1, 2, 3, 4, 5, 6, 11, 12, 13, 14, 15, 16, 17, 18, 19, 20, 21, 22, 23, 24, 25, 26, 27, 32, 33]","[0, 1, 2, 3, 4, 5, 6, 7, 8, 9, 10, 11, 12, 15, 20, 21, 22, 23, 24, 27, 28, 29]",True,
CHEMBL244_Ki,155,198,220,19,calibration,True,3.422073688388757,31.0,"[[0, 0], [1, 1], [2, 2], [3, 3], [4, 4], [5, 5], [6, 6], [7, 8], [8, 9], [9, 10], [10, 11], [11, 12], [12, 13], [13, 14], [14, 15], [15, 16], [16, 17], [17, 7], [18, 18], [19, 19], [20, 20], [21, 21], [22, 22], [23, 23], [24, 25], [25, 24], [26, 30], [27, 28], [28, 29], [29, 27], [30, 26]]","[5, 6, 7, 8, 17, 22, 23, 24, 25, 30]","[6, 7, 8, 9, 18, 22, 23, 24, 25, 30]",True,
CHEMBL244_Ki,178,209,448,21,calibration,True,5.431363764158987,31.0,"[[0, 0], [1, 1], [2, 2], [3, 3], [4, 4], [5, 5], [6, 6], [7, 7], [8, 8], [9, 9], [10, 10], [11, 11], [12, 12], [13, 13], [14, 14], [15, 15], [16, 16], [17, 17], [18, 18], [19, 19], [20, 20], [21, 21], [22, 22], [24, 23], [25, 24], [26, 32], [27, 28], [28, 27], [29, 26], [33, 25], [34, 33]]","[7, 21, 22, 23, 28, 29, 30, 31, 32, 33]","[27, 28, 29, 30, 31, 32]",True,
CHEMBL244_Ki,283,261,267,25,test,True,1.848732324669351,27.0,"[[0, 0], [1, 1], [2, 2], [3, 3], [4, 4], [5, 5], [6, 6], [7, 7], [8, 8], [9, 9], [10, 10], [11, 11], [12, 12], [13, 13], [14, 14], [16, 21], [17, 22], [18, 16], [20, 17], [21, 18], [22, 20], [24, 24], [25, 25], [26, 26], [27, 27], [28, 28], [29, 29]]","[13, 14, 15, 16, 17, 18, 19, 20, 21, 22, 23]","[13, 14, 15, 16, 17, 18, 19, 20, 21, 22, 23]",True,
CHEMBL244_Ki,300,276,956,30,calibration,True,1.4522976709946305,31.0,"[[1, 4], [2, 3], [3, 2], [4, 1], [5, 5], [6, 6], [7, 7], [8, 8], [9, 9], [10, 10], [11, 11], [12, 12], [13, 13], [14, 14], [15, 15], [16, 16], [17, 17], [18, 18], [19, 19], [20, 20], [21, 21], [22, 22], [23, 23], [24, 24], [25, 25], [26, 26], [27, 27], [28, 28], [29, 29], [30, 30], [31, 31]]","[0, 1, 2, 5]","[0, 1, 2, 5]",True,
CHEMBL244_Ki,309,287,288,32,test,True,2.0,20.0,"[[0, 0], [1, 1], [2, 2], [3, 3], [4, 4], [5, 5], [6, 6], [8, 8], [9, 9], [10, 10], [11, 11], [12, 12], [13, 13], [14, 14], [15, 15], [16, 16], [18, 17], [19, 18], [21, 20], [22, 21]]","[5, 6, 7, 8, 9, 15, 16, 17, 18, 20, 21, 22]","[5, 6, 7, 8, 9, 19, 20, 21]",True,
CHEMBL244_Ki,311,296,305,33,calibration,True,1.4482451269834336,20.0,"[[0, 0], [1, 1], [2, 2], [3, 3], [4, 5], [5, 6], [6, 7], [7, 8], [8, 9], [9, 10], [10, 11], [11, 12], [12, 13], [13, 14], [14, 15], [15, 16], [16, 17], [17, 18], [18, 19], [19, 20]]",[],"[2, 3, 4, 5]",True,
CHEMBL244_Ki,318,313,335,35,test,True,1.6084001693589816,34.0,"[[4, 5], [5, 6], [6, 7], [7, 8], [8, 9], [9, 10], [10, 11], [11, 12], [12, 13], [13, 14], [14, 15], [15, 16], [16, 17], [17, 18], [18, 19], [19, 20], [20, 21], [21, 22], [22, 23], [23, 24], [24, 25], [25, 26], [26, 27], [27, 28], [28, 29], [29, 30], [30, 31], [31, 32], [32, 33], [33, 34], [34, 35], [35, 36], [36, 37], [37, 38]]","[0, 1, 2, 3, 4, 5]","[0, 1, 2, 3, 4, 5, 6]",True,
CHEMBL244_Ki,319,314,333,36,test,True,1.154901959985743,31.0,"[[0, 0], [1, 1], [2, 2], [3, 3], [4, 4], [5, 5], [6, 6], [7, 7], [8, 8], [9, 9], [10, 10], [11, 11], [12, 12], [13, 13], [14, 14], [15, 15], [16, 16], [17, 17], [18, 18], [19, 19], [20, 20], [21, 21], [22, 22], [23, 23], [24, 30], [25, 28], [26, 26], [27, 25], [31, 24], [32, 31], [33, 32]]","[26, 27, 28, 29, 30, 31]","[25, 26, 27, 28, 29, 30]",True,
CHEMBL244_Ki,321,322,326,37,test,True,1.3767507096020992,40.0,"[[0, 0], [1, 1], [2, 2], [3, 3], [4, 4], [5, 5], [6, 21], [7, 20], [8, 19], [9, 29], [10, 23], [11, 24], [12, 25], [13, 26], [14, 28], [15, 27], [16, 22], [17, 16], [18, 17], [19, 18], [20, 6], [21, 7], [22, 8], [23, 9], [24, 10], [25, 11], [26, 12], [27, 13], [28, 14], [29, 15], [30, 30], [31, 31], [32, 32], [33, 33], [34, 34], [35, 39], [36, 38], [37, 37], [38, 36], [39, 35]]","[4, 5, 6, 7, 16, 18, 19, 20, 21, 28]","[4, 5, 6, 7, 14, 17, 18, 19, 20, 29]",True,
CHEMBL244_Ki,336,358,1085,40,calibration,True,1.2041199826559232,31.0,"[[0, 0], [1, 1], [2, 2], [3, 3], [4, 4], [5, 5], [6, 6], [7, 7], [8, 8], [9, 9], [10, 10], [11, 16], [13, 13], [14, 12], [15, 11], [17, 18], [18, 19], [19, 20], [20, 21], [21, 22], [22, 23], [23, 24], [24, 25], [25, 26], [26, 27], [27, 28], [28, 29], [29, 30], [30, 31], [31, 32], [32, 33]]","[9, 10, 11, 12, 13, 14, 15, 16, 17]","[9, 10, 11, 12, 13, 14, 15, 16, 17, 18]",True,
CHEMBL244_Ki,337,359,378,41,calibration,True,1.1365827177720078,35.0,"[[1, 1], [2, 0], [3, 2], [4, 3], [5, 4], [6, 5], [7, 6], [8, 7], [9, 8], [10, 9], [11, 10], [12, 11], [13, 12], [14, 13], [15, 14], [16, 15], [17, 16], [18, 17], [19, 18], [20, 19], [21, 22], [22, 23], [23, 24], [24, 25], [25, 26], [26, 27], [27, 28], [28, 33], [29, 32], [30, 31], [31, 30], [32, 29], [33, 34], [34, 35], [35, 36]]","[0, 1, 2, 3, 4, 13, 14, 15, 21, 22]","[0, 1, 2, 3, 12, 13, 14, 20, 21, 22, 23]",True,
CHEMBL244_Ki,338,370,374,38,test,True,1.1760912590556805,34.0,"[[0, 4], [1, 3], [2, 2], [3, 1], [4, 0], [5, 35], [6, 6], [7, 7], [8, 10], [9, 11], [10, 12], [11, 13], [12, 14], [13, 15], [14, 16], [15, 17], [16, 18], [17, 19], [18, 20], [19, 21], [20, 22], [21, 23], [22, 24], [23, 25], [24, 26], [25, 27], [26, 28], [27, 29], [28, 34], [29, 33], [30, 32], [31, 31], [32, 30], [33, 5]]",[],"[6, 7, 8, 9, 10]",True,
CHEMBL244_Ki,343,385,402,42,calibration,True,1.260912772455999,22.0,"[[0, 0], [1, 1], [2, 2], [3, 3], [4, 4], [5, 5], [6, 6], [7, 7], [8, 8], [9, 9], [10, 10], [12, 19], [13, 18], [14, 14], [15, 15], [16, 16], [17, 17], [18, 13], [20, 12], [21, 20], [23, 22], [24, 23]]","[9, 10, 11, 12, 13, 14, 18, 19, 20, 21, 22]","[9, 10, 11, 12, 13, 19, 20, 21]",True,
CHEMBL244_Ki,374,438,443,48,calibration,True,1.206473888049402,19.0,"[[1, 3], [2, 4], [3, 5], [4, 6], [5, 7], [6, 8], [7, 9], [8, 10], [9, 18], [10, 17], [11, 13], [12, 14], [13, 15], [14, 16], [15, 12], [16, 11], [17, 19], [18, 20], [19, 21]]","[0, 1, 2, 19]","[0, 1, 2, 3, 4, 21]",True,
CHEMBL244_Ki,375,439,447,49,calibration,True,1.164810248645992,25.0,"[[0, 0], [1, 1], [2, 2], [3, 3], [4, 4], [5, 5], [6, 6], [7, 7], [8, 8], [9, 9], [10, 10], [11, 11], [12, 12], [13, 13], [14, 18], [15, 17], [16, 16], [17, 15], [18, 14], [19, 19], [20, 20], [21, 21], [22, 22], [23, 23], [24, 24]]","[3, 23, 24, 25]","[3, 23, 24, 25]",True,
CHEMBL244_Ki,419,496,508,50,test,True,2.6020599913279625,28.0,"[[0, 0], [1, 1], [2, 2], [3, 3], [4, 4], [5, 5], [6, 6], [10, 10], [11, 11], [12, 12], [14, 13], [15, 28], [16, 27], [17, 16], [18, 17], [19, 18], [20, 19], [21, 20], [22, 21], [23, 22], [24, 23], [25, 24], [26, 25], [27, 26], [28, 15], [29, 14], [31, 29], [32, 30]]","[5, 6, 7, 8, 9, 10, 11, 12, 13, 14, 15, 28, 29, 30, 31, 32]","[5, 6, 7, 8, 9, 10, 11, 12, 13, 14, 28, 29, 30]",True,
CHEMBL244_Ki,471,543,1028,12,calibration,True,2.5806618466267315,20.0,"[[0, 0], [1, 1], [2, 2], [3, 3], [4, 4], [5, 5], [6, 6], [7, 7], [8, 8], [9, 9], [11, 10], [12, 11], [13, 12], [14, 13], [15, 14], [16, 15], [17, 16], [26, 26], [27, 27], [28, 28]]","[8, 9, 10, 11, 12, 14, 17, 18, 19, 20, 21, 22, 23, 24, 25, 26]","[8, 9, 10, 11, 13, 16, 17, 18, 19, 20, 21, 22, 23, 24, 25, 26]",True,
CHEMBL244_Ki,477,553,1094,55,test,True,1.8758877041394824,31.0,"[[0, 0], [1, 1], [2, 2], [3, 3], [4, 4], [5, 5], [6, 6], [7, 7], [8, 8], [9, 9], [10, 10], [11, 11], [12, 12], [13, 13], [14, 14], [15, 15], [16, 16], [17, 17], [18, 18], [19, 19], [20, 20], [21, 28], [22, 24], [23, 25], [24, 26], [25, 27], [26, 23], [27, 22], [28, 21], [30, 29], [31, 30]]","[20, 27, 28, 29]",[],True,
CHEMBL244_Ki,510,577,579,59,calibration,True,1.4771212547196626,40.0,"[[0, 0], [1, 1], [3, 3], [4, 4], [5, 5], [6, 6], [7, 7], [8, 8], [9, 9], [10, 10], [11, 11], [12, 12], [13, 13], [14, 14], [15, 15], [16, 16], [17, 17], [18, 18], [19, 19], [20, 20], [21, 21], [22, 22], [23, 23], [24, 24], [25, 25], [26, 26], [27, 27], [28, 28], [29, 29], [30, 30], [31, 31], [32, 32], [33, 33], [34, 34], [35, 35], [36, 36], [37, 37], [38, 38], [39, 39], [40, 40]]","[0, 1, 2, 3]","[0, 1, 2, 3]",True,
CHEMBL244_Ki,538,628,629,65,calibration,True,1.2174839442139058,36.0,"[[0, 0], [1, 1], [2, 2], [3, 3], [4, 4], [5, 5], [6, 6], [7, 7], [8, 8], [9, 9], [10, 10], [11, 11], [12, 12], [13, 13], [14, 14], [15, 15], [16, 16], [17, 17], [18, 18], [19, 19], [20, 20], [21, 21], [22, 22], [23, 23], [24, 24], [25, 25], [26, 26], [27, 27], [28, 28], [29, 30], [30, 31], [31, 32], [32, 33], [33, 34], [34, 35], [35, 36]]",[],"[27, 28, 29, 30]",True,
CHEMBL244_Ki,542,642,961,67,test,True,2.0658172844896434,28.0,"[[0, 0], [1, 1], [2, 2], [3, 3], [4, 4], [5, 5], [6, 6], [7, 7], [8, 8], [9, 9], [10, 10], [11, 11], [12, 12], [13, 13], [14, 14], [15, 15], [16, 16], [17, 17], [18, 18], [19, 19], [20, 20], [21, 21], [22, 22], [23, 23], [24, 24], [25, 25], [26, 26], [27, 27]]","[4, 7, 8, 9]","[4, 7, 8, 9]",True,
CHEMBL244_Ki,585,675,764,69,calibration,True,3.154901959985743,30.0,"[[0, 30], [1, 29], [2, 31], [3, 28], [4, 27], [5, 26], [6, 25], [7, 24], [8, 23], [9, 22], [10, 8], [11, 9], [12, 10], [13, 11], [14, 12], [15, 13], [16, 14], [17, 15], [18, 16], [19, 17], [20, 18], [23, 21], [24, 7], [25, 6], [26, 1], [28, 2], [29, 3], [30, 4], [31, 5], [32, 32]]","[19, 20, 21, 22, 25, 26, 27, 28]","[0, 1, 2, 6, 17, 18, 19, 20]",True,
CHEMBL244_Ki,608,699,801,72,calibration,True,2.6020599913279625,29.0,"[[0, 27], [1, 26], [2, 24], [3, 25], [4, 13], [5, 14], [6, 15], [7, 16], [8, 17], [9, 18], [10, 19], [11, 20], [12, 22], [13, 21], [14, 23], [15, 12], [16, 11], [17, 10], [18, 9], [19, 8], [20, 4], [21, 5], [22, 6], [23, 7], [24, 3], [25, 2], [26, 1], [28, 28], [29, 29]]","[18, 25, 26, 27]","[0, 1, 2, 9]",True,
CHEMBL244_Ki,610,708,729,68,test,True,1.9344984512435677,31.0,"[[0, 0], [1, 1], [2, 2], [3, 3], [4, 4], [5, 5], [6, 6], [7, 7], [8, 8], [9, 9], [10, 10], [11, 11], [12, 12], [13, 13], [14, 14], [15, 15], [18, 20], [19, 19], [20, 24], [21, 23], [22, 22], [23, 21], [25, 25], [26, 26], [27, 27], [28, 28], [29, 29], [30, 30], [31, 31], [32, 32], [33, 33]]","[14, 15, 16, 17, 18, 19, 22, 23, 24]","[14, 15, 16, 17, 18, 19, 20, 23, 24]",True,
CHEMBL244_Ki,654,781,794,73,test,True,1.117113399096343,24.0,"[[0, 0], [1, 1], [2, 2], [3, 3], [4, 4], [5, 5], [6, 6], [7, 7], [8, 8], [9, 9], [10, 10], [11, 11], [12, 12], [13, 13], [14, 14], [15, 16], [16, 15], [17, 23], [18, 22], [19, 18], [20, 19], [21, 20], [22, 21], [23, 17]]","[13, 14, 15, 16, 23]","[13, 14, 15, 16, 23]",True,
CHEMBL244_Ki,706,815,818,46,calibration,True,2.54574162823984,32.0,"[[1, 1], [2, 0], [3, 2], [4, 3], [5, 4], [6, 5], [7, 6], [8, 7], [9, 8], [10, 9], [11, 10], [12, 11], [13, 12], [14, 13], [15, 14], [16, 15], [17, 30], [18, 29], [19, 18], [20, 19], [21, 20], [22, 21], [23, 22], [24, 23], [25, 24], [26, 25], [27, 26], [28, 27], [29, 28], [30, 17], [31, 16], [32, 31]]","[0, 1, 2, 3]",[],True,
CHEMBL244_Ki,708,817,894,77,test,True,1.419955748489758,35.0,"[[0, 1], [1, 2], [2, 3], [3, 4], [4, 5], [5, 6], [6, 7], [7, 8], [8, 9], [9, 10], [10, 11], [11, 12], [12, 13], [13, 14], [14, 15], [15, 16], [16, 17], [17, 18], [18, 19], [19, 20], [20, 21], [21, 22], [22, 23], [23, 24], [24, 25], [25, 26], [26, 27], [27, 28], [28, 29], [29, 30], [30, 31], [31, 32], [32, 33], [33, 34], [34, 35]]","[2, 22, 34, 35]","[0, 1, 2, 3, 23, 35, 36, 37, 38]",True,
CHEMBL244_Ki,743,828,868,74,test,True,2.171838921472558,32.0,"[[0, 0], [1, 1], [2, 2], [3, 3], [4, 4], [5, 5], [6, 6], [7, 7], [8, 8], [9, 9], [10, 10], [11, 11], [12, 12], [13, 13], [14, 14], [15, 15], [16, 16], [17, 17], [18, 18], [19, 19], [20, 20], [21, 21], [22, 22], [23, 23], [24, 24], [25, 25], [26, 31], [27, 29], [28, 28], [30, 27], [31, 26], [32, 32]]","[27, 28, 29, 30]","[28, 29, 30, 31]",True,
CHEMBL244_Ki,1014,938,943,81,calibration,True,1.5440680443502757,31.0,"[[6, 4], [7, 5], [8, 6], [9, 7], [10, 8], [11, 9], [12, 10], [13, 11], [14, 12], [15, 13], [16, 14], [17, 15], [18, 16], [19, 17], [20, 19], [21, 26], [22, 31], [23, 30], [24, 29], [25, 28], [26, 27], [27, 20], [28, 21], [29, 22], [30, 23], [31, 24], [32, 25], [33, 32], [34, 33], [35, 34], [36, 35]]","[0, 1, 2, 3, 4, 5, 6, 7, 16, 17, 18, 19, 20, 21, 27, 37, 38]","[0, 1, 2, 3, 4, 5, 14, 15, 16, 17, 18, 19, 20, 26, 36, 37]",True,
CHEMBL244_Ki,1022,953,955,82,calibration,True,1.7103994661168,31.0,"[[0, 3], [1, 4], [2, 5], [3, 6], [4, 7], [5, 8], [6, 9], [7, 10], [8, 11], [9, 12], [10, 13], [11, 14], [12, 15], [13, 16], [14, 17], [15, 18], [16, 19], [17, 20], [18, 21], [19, 22], [20, 23], [21, 24], [22, 25], [23, 26], [24, 27], [25, 28], [26, 29], [27, 30], [28, 31], [29, 32], [30, 33]]",[],"[0, 1, 2, 3, 4]",True,
CHEMBL244_Ki,1042,991,995,84,calibration,True,1.42021640338319,22.0,"[[0, 0], [1, 1], [2, 2], [3, 3], [4, 4], [5, 5], [6, 6], [7, 8], [8, 9], [9, 10], [10, 11], [11, 12], [12, 13], [13, 14], [14, 15], [15, 26], [16, 25], [17, 18], [18, 19], [24, 17], [25, 16], [26, 27]]","[17, 18, 19, 20, 21, 22, 23]","[5, 6, 7, 8, 18, 19, 20, 21, 22, 23, 24]",True,
CHEMBL244_Ki,1070,1025,1060,86,calibration,True,1.1362197470179891,27.0,"[[7, 5], [8, 6], [9, 31], [10, 30], [11, 9], [12, 10], [13, 11], [14, 12], [15, 13], [16, 14], [17, 15], [18, 16], [19, 17], [20, 18], [21, 19], [22, 20], [23, 21], [24, 22], [25, 23], [26, 24], [27, 25], [28, 26], [29, 27], [30, 28], [31, 29], [32, 8], [33, 7]]","[0, 1, 2, 3, 4, 5, 6, 7, 8]","[0, 1, 2, 3, 4, 5, 6]",True,
CHEMBL244_Ki,1077,1033,1246,87,test,True,1.0310342337399687,23.0,"[[0, 0], [1, 1], [2, 2], [3, 3], [4, 4], [5, 5], [11, 11], [12, 12], [13, 13], [15, 15], [16, 16], [17, 17], [18, 18], [19, 19], [20, 20], [21, 21], [22, 22], [23, 23], [24, 24], [25, 25], [26, 26], [27, 27], [28, 28]]","[4, 5, 6, 7, 8, 9, 10, 11, 12, 13, 14]","[4, 5, 6, 7, 8, 9, 10, 11, 12, 13, 14]",True,
CHEMBL244_Ki,1108,1090,1128,90,test,True,2.57978359661681,28.0,"[[0, 0], [1, 1], [2, 2], [3, 3], [4, 4], [5, 5], [6, 6], [7, 7], [8, 8], [9, 9], [10, 10], [11, 11], [12, 12], [13, 13], [14, 14], [15, 15], [16, 16], [17, 17], [18, 18], [19, 19], [20, 20], [21, 25], [22, 26], [23, 27], [24, 28], [25, 23], [26, 24], [27, 29]]","[19, 20, 21, 22, 26]","[19, 20, 21, 22, 23, 24, 28]",True,
CHEMBL244_Ki,1128,1164,1188,92,test,True,1.869231719730976,35.0,"[[0, 0], [1, 1], [2, 2], [3, 3], [4, 4], [5, 5], [6, 6], [7, 7], [8, 8], [9, 9], [10, 10], [11, 11], [12, 12], [13, 13], [14, 14], [15, 15], [16, 16], [17, 17], [18, 18], [19, 19], [20, 20], [21, 21], [22, 22], [23, 23], [24, 24], [25, 25], [26, 26], [27, 28], [28, 29], [29, 30], [30, 31], [31, 32], [32, 33], [33, 34], [34, 35]]",[],"[25, 26, 27, 28]",True,
CHEMBL244_Ki,1131,1168,1211,93,test,True,1.2405492482825995,31.0,"[[0, 0], [1, 1], [2, 2], [3, 3], [4, 4], [5, 5], [6, 6], [7, 7], [8, 8], [9, 9], [10, 10], [11, 11], [12, 12], [13, 13], [14, 14], [15, 15], [16, 16], [17, 17], [18, 18], [19, 19], [20, 20], [21, 21], [22, 22], [23, 23], [24, 24], [25, 31], [26, 30], [27, 27], [28, 28], [31, 26], [32, 25]]","[27, 28, 29, 30]","[27, 28, 29]",True,
CHEMBL244_Ki,1159,1238,1243,95,test,True,1.1760912590556811,38.0,"[[0, 0], [1, 1], [2, 2], [3, 3], [4, 4], [5, 5], [6, 6], [7, 7], [8, 8], [9, 9], [10, 10], [11, 11], [12, 12], [13, 13], [14, 14], [15, 15], [16, 16], [17, 17], [18, 18], [19, 19], [20, 20], [21, 21], [22, 22], [23, 23], [24, 24], [25, 25], [26, 26], [27, 27], [28, 28], [29, 29], [30, 30], [31, 31], [32, 32], [33, 33], [34, 34], [35, 35], [36, 36], [37, 38]]","[6, 8, 9, 10, 37]","[6, 8, 9, 10, 37, 38]",True,
CHEMBL244_Ki,1164,1251,1252,97,calibration,True,2.94404859467085,36.0,"[[0, 1], [1, 3], [2, 4], [3, 5], [4, 6], [5, 7], [6, 8], [7, 9], [8, 10], [9, 11], [10, 12], [11, 13], [12, 14], [13, 15], [14, 16], [15, 17], [16, 18], [17, 19], [18, 20], [19, 21], [20, 22], [21, 23], [22, 24], [23, 25], [24, 26], [25, 27], [26, 28], [27, 29], [28, 30], [29, 31], [30, 32], [32, 34], [33, 35], [34, 36], [35, 37], [36, 38]]","[29, 30, 31, 32, 33]","[0, 1, 2, 3, 31, 32, 33, 34, 35]",True,
CHEMBL244_Ki,1192,1289,2103,100,test,True,1.2678616324113268,32.0,"[[0, 0], [1, 1], [2, 2], [3, 3], [4, 4], [5, 5], [6, 6], [7, 7], [8, 8], [9, 9], [10, 10], [11, 11], [12, 12], [13, 13], [14, 14], [15, 15], [16, 16], [17, 17], [18, 18], [20, 20], [21, 32], [22, 31], [23, 23], [24, 24], [25, 25], [26, 26], [28, 28], [29, 29], [30, 22], [31, 21], [33, 33], [34, 34]]","[16, 17, 18, 19, 20, 21, 25, 26, 27, 28, 29, 30, 31, 32]","[16, 17, 18, 19, 20, 21, 24, 25, 26, 27, 28, 29, 30, 32]",True,
CHEMBL244_Ki,1225,1324,1325,105,calibration,True,2.2071254927956483,35.0,"[[0, 0], [1, 1], [2, 2], [3, 3], [4, 4], [5, 5], [6, 6], [7, 7], [8, 8], [9, 9], [10, 10], [11, 11], [12, 12], [13, 13], [14, 14], [15, 15], [16, 16], [17, 17], [18, 18], [19, 19], [20, 20], [21, 21], [22, 22], [23, 23], [24, 24], [25, 25], [26, 26], [28, 28], [29, 29], [30, 30], [31, 31], [32, 32], [33, 33], [34, 34], [35, 35]]","[25, 26, 27, 28, 29, 33, 34]","[25, 26, 27, 28, 29, 33, 34]",True,
CHEMBL244_Ki,1250,1336,1416,104,calibration,True,3.063386978864393,30.0,"[[0, 0], [1, 1], [2, 2], [3, 3], [4, 4], [5, 5], [6, 6], [7, 7], [8, 8], [9, 9], [10, 10], [11, 11], [12, 12], [13, 13], [14, 14], [15, 15], [16, 16], [17, 18], [18, 19], [19, 20], [20, 21], [21, 22], [22, 23], [23, 24], [26, 27], [27, 28], [30, 30], [31, 31], [32, 32], [33, 33]]","[22, 23, 24, 25, 26, 27, 28, 29]","[15, 16, 17, 18, 23, 24, 25, 26, 27, 28, 29]",True,
CHEMBL244_Ki,1361,1363,1371,107,test,True,2.4313637641589896,29.0,"[[0, 0], [1, 1], [2, 2], [3, 3], [4, 4], [5, 5], [6, 6], [7, 7], [8, 8], [9, 9], [10, 10], [11, 11], [12, 12], [13, 13], [14, 14], [15, 15], [16, 16], [17, 17], [18, 18], [19, 19], [20, 20], [21, 21], [22, 22], [23, 23], [24, 24], [33, 33], [34, 34], [35, 35], [36, 36]]","[23, 24, 25, 26, 27, 28, 29, 30, 31, 32]","[23, 24, 25, 26, 27, 28, 29, 30, 31, 32]",True,
CHEMBL244_Ki,1380,1387,1395,108,test,True,1.2552725051033056,38.0,"[[0, 0], [1, 1], [2, 2], [3, 3], [4, 4], [5, 5], [6, 6], [7, 7], [8, 8], [9, 9], [10, 10], [11, 11], [12, 12], [13, 17], [14, 16], [15, 15], [17, 14], [18, 13], [19, 18], [20, 19], [21, 20], [22, 22], [23, 36], [24, 35], [25, 25], [26, 26], [27, 27], [28, 28], [29, 29], [30, 30], [31, 31], [32, 32], [33, 33], [34, 34], [35, 24], [36, 23], [37, 37], [38, 38]]","[14, 15, 16, 17, 19, 21, 22, 23, 36]","[18, 20, 21, 22, 23, 36]",True,
CHEMBL244_Ki,1385,1418,1419,110,calibration,True,1.857332496431272,33.0,"[[1, 2], [2, 3], [3, 4], [4, 5], [5, 6], [6, 7], [7, 8], [8, 9], [9, 10], [10, 11], [11, 12], [12, 13], [13, 14], [14, 15], [15, 16], [16, 17], [17, 18], [18, 19], [19, 20], [20, 21], [21, 22], [22, 23], [23, 24], [24, 25], [25, 26], [26, 27], [27, 28], [28, 29], [29, 30], [30, 31], [31, 32], [32, 33], [33, 1]]","[0, 1, 2, 33]","[0, 1, 2, 33]",True,
CHEMBL244_Ki,1410,1535,1538,114,test,True,2.146128035678238,23.0,"[[0, 0], [1, 1], [2, 2], [3, 3], [4, 4], [5, 5], [6, 6], [7, 7], [8, 8], [9, 9], [10, 10], [11, 19], [12, 18], [13, 17], [14, 16], [16, 14], [17, 15], [18, 13], [19, 12], [20, 11], [21, 20], [22, 21], [23, 22]]","[13, 14, 15, 16]",[],True,
CHEMBL244_Ki,1411,1544,1549,115,calibration,True,1.0569048513364727,41.0,"[[0, 0], [1, 1], [2, 2], [3, 3], [4, 4], [5, 5], [6, 6], [7, 7], [8, 8], [9, 9], [10, 10], [11, 11], [12, 12], [13, 13], [14, 14], [15, 15], [16, 16], [17, 17], [18, 18], [19, 19], [20, 20], [21, 21], [22, 22], [23, 23], [24, 24], [25, 25], [26, 26], [27, 27], [28, 28], [29, 29], [30, 30], [31, 31], [32, 32], [33, 33], [35, 34], [36, 35], [37, 36], [38, 37], [39, 38], [40, 39], [41, 40]]","[32, 33, 34, 35, 36]","[32, 33, 34, 35]",True,
CHEMBL244_Ki,1413,1558,1559,116,test,True,1.845098040014257,25.0,"[[4, 6], [5, 7], [6, 8], [7, 9], [8, 10], [9, 11], [10, 12], [11, 13], [12, 14], [13, 15], [14, 16], [15, 17], [16, 18], [17, 19], [18, 20], [19, 21], [20, 22], [21, 23], [22, 24], [23, 25], [24, 26], [25, 27], [26, 28], [27, 29], [28, 30]]","[0, 1, 2, 3, 4, 5, 27, 28, 29]","[0, 1, 2, 3, 4, 5, 6, 7, 29, 30, 31]",True,
CHEMBL244_Ki,1478,1610,1613,121,test,True,1.5314789170422554,39.0,"[[0, 0], [1, 1], [2, 2], [3, 3], [4, 4], [5, 6], [6, 7], [7, 8], [8, 9], [9, 10], [10, 11], [11, 12], [12, 13], [13, 14], [14, 15], [15, 16], [16, 17], [17, 18], [18, 19], [19, 20], [20, 21], [21, 22], [22, 23], [23, 24], [24, 25], [25, 26], [26, 27], [27, 28], [28, 37], [29, 36], [30, 31], [32, 35], [35, 32], [36, 33], [37, 34], [38, 30], [39, 29], [40, 38], [41, 39]]","[3, 4, 5, 6, 29, 30, 31, 32, 33, 34, 35, 36, 37, 38]","[3, 4, 5, 6, 7, 30, 31, 32, 33, 34, 35, 36, 37]",True,
CHEMBL244_Ki,1495,1618,2287,6,test,True,3.880813592280792,32.0,"[[0, 0], [1, 1], [2, 2], [3, 3], [4, 4], [5, 5], [6, 6], [7, 7], [8, 8], [9, 9], [10, 10], [11, 11], [12, 12], [13, 13], [14, 14], [15, 26], [16, 18], [17, 17], [22, 16], [23, 15], [24, 27], [25, 28], [26, 29], [27, 37], [28, 36], [29, 32], [30, 33], [31, 34], [32, 35], [33, 31], [34, 30], [35, 38]]","[16, 17, 18, 19, 20, 21, 22, 23]","[17, 18, 19, 20, 21, 22, 23, 24, 25, 26]",True,
CHEMBL244_Ki,1498,1632,1644,122,calibration,True,1.151267675330649,42.0,"[[0, 0], [1, 1], [2, 2], [3, 3], [4, 46], [5, 42], [6, 43], [7, 44], [8, 45], [9, 9], [10, 10], [11, 11], [12, 12], [13, 13], [14, 14], [15, 15], [16, 16], [17, 17], [18, 18], [19, 19], [20, 20], [21, 21], [22, 22], [23, 23], [24, 24], [25, 25], [26, 26], [27, 27], [29, 30], [30, 31], [31, 32], [32, 33], [33, 34], [37, 28], [38, 29], [39, 40], [40, 41], [41, 5], [42, 6], [43, 8], [44, 7], [45, 4]]","[25, 27, 28, 29, 30, 31, 33, 34, 35, 36, 37, 38, 40]","[25, 27, 28, 29, 30, 31, 32, 34, 35, 36, 37, 38, 39, 41]",True,
CHEMBL244_Ki,1516,1670,1706,124,calibration,True,3.130333768495004,36.0,"[[0, 0], [1, 1], [2, 2], [3, 3], [4, 4], [5, 5], [6, 6], [7, 7], [8, 8], [9, 9], [10, 10], [11, 39], [12, 38], [13, 13], [14, 14], [15, 15], [16, 16], [17, 17], [18, 18], [19, 19], [20, 20], [21, 21], [22, 22], [23, 23], [24, 24], [25, 25], [26, 34], [27, 29], [28, 28], [33, 27], [34, 26], [35, 35], [36, 36], [37, 37], [38, 12], [39, 11]]","[27, 28, 29, 30, 31, 32, 33, 34]","[28, 29, 30, 31, 32, 33, 34]",True,
CHEMBL244_Ki,1521,1703,1707,125,calibration,True,2.432599311171294,36.0,"[[2, 5], [3, 4], [4, 39], [5, 8], [6, 9], [7, 10], [8, 11], [9, 12], [10, 13], [11, 14], [12, 15], [13, 16], [14, 17], [15, 18], [16, 19], [17, 20], [18, 21], [19, 36], [20, 35], [21, 24], [22, 25], [23, 26], [24, 27], [25, 28], [26, 29], [27, 30], [28, 31], [29, 32], [30, 33], [31, 34], [32, 23], [33, 22], [34, 37], [35, 38], [36, 7], [37, 6]]","[0, 1, 2, 3, 37]","[0, 1, 2, 3, 4, 5, 39]",True,
CHEMBL244_Ki,1661,1776,2055,126,test,True,1.5854607295085,28.0,"[[0, 0], [1, 1], [2, 2], [3, 3], [4, 4], [5, 5], [6, 6], [7, 7], [8, 8], [9, 9], [10, 10], [11, 11], [12, 12], [13, 13], [14, 14], [15, 15], [16, 16], [17, 17], [18, 18], [19, 19], [20, 20], [21, 21], [22, 22], [23, 23], [24, 24], [25, 25], [26, 26], [27, 27]]","[15, 18, 19, 20]","[15, 18, 19, 20]",True,
CHEMBL244_Ki,1670,1811,1812,129,calibration,True,3.072550667148612,30.0,"[[0, 0], [1, 1], [2, 2], [3, 3], [4, 4], [5, 5], [6, 6], [7, 7], [8, 8], [9, 9], [10, 10], [11, 11], [12, 12], [13, 13], [14, 14], [15, 15], [16, 16], [17, 17], [18, 18], [19, 19], [20, 20], [21, 21], [22, 22], [23, 23], [24, 24], [25, 25], [26, 26], [27, 27], [28, 29], [29, 30]]","[1, 27, 28, 29, 30, 31, 32, 33, 34, 35]","[1, 27, 28, 29, 30, 31, 32, 33, 34, 35]",True,
CHEMBL244_Ki,1697,1833,1840,130,test,True,2.0636690798693778,34.0,"[[0, 0], [1, 1], [2, 2], [3, 3], [4, 4], [5, 5], [6, 6], [7, 7], [8, 8], [9, 9], [10, 10], [11, 11], [12, 12], [13, 13], [14, 14], [15, 15], [16, 16], [17, 17], [18, 18], [19, 19], [20, 20], [21, 21], [22, 22], [23, 23], [24, 24], [25, 25], [30, 26], [31, 27], [32, 29], [33, 30], [34, 32], [35, 33], [36, 34], [37, 35]]","[24, 25, 26, 27, 28, 29, 30, 31, 32, 33, 35, 36]","[24, 25, 26, 27, 28, 29, 30, 31, 32, 33, 34]",True,
CHEMBL244_Ki,1713,1872,1877,135,calibration,True,1.0627908298594555,31.0,"[[3, 3], [4, 5], [5, 6], [6, 7], [7, 8], [8, 9], [9, 10], [10, 11], [11, 12], [12, 13], [13, 14], [14, 15], [15, 16], [16, 17], [17, 18], [18, 19], [19, 20], [20, 21], [21, 22], [22, 23], [23, 24], [24, 25], [25, 26], [26, 32], [27, 31], [28, 29], [29, 30], [30, 28], [31, 27], [32, 33], [33, 34]]","[0, 1, 2, 3, 4]","[0, 1, 2, 3, 4, 5]",True,
CHEMBL244_Ki,1752,1924,1935,137,calibration,True,3.044967145516523,23.0,"[[0, 0], [1, 1], [2, 2], [3, 3], [4, 4], [5, 5], [6, 6], [7, 7], [8, 8], [9, 9], [10, 10], [11, 11], [14, 14], [15, 15], [17, 17], [18, 18], [19, 19], [20, 20], [21, 21], [26, 26], [27, 27], [28, 28], [29, 29]]","[9, 11, 12, 13, 14, 15, 16, 20, 21, 22, 23, 24, 25, 26, 27]","[9, 11, 12, 13, 14, 15, 16, 20, 21, 22, 23, 24, 25, 26, 27]",True,
CHEMBL244_Ki,1796,1999,2006,118,test,True,2.035715552266536,39.0,"[[0, 0], [1, 1], [2, 2], [3, 3], [4, 4], [5, 5], [6, 6], [7, 7], [8, 8], [9, 9], [10, 11], [12, 12], [13, 13], [14, 14], [15, 15], [16, 16], [17, 17], [18, 35], [19, 34], [20, 20], [21, 21], [22, 22], [23, 23], [24, 24], [25, 25], [26, 26], [27, 27], [28, 28], [29, 29], [30, 30], [31, 31], [32, 32], [33, 33], [34, 19], [35, 18], [36, 36], [37, 37], [38, 38], [39, 39]]","[8, 9, 10, 11]","[8, 9, 10, 11]",True,
CHEMBL244_Ki,1819,2036,2037,142,calibration,True,1.7333389059672817,38.0,"[[0, 0], [1, 1], [2, 2], [3, 3], [4, 4], [5, 5], [6, 6], [7, 7], [8, 8], [9, 9], [10, 10], [11, 11], [12, 12], [13, 13], [14, 14], [15, 15], [16, 16], [17, 17], [18, 18], [19, 19], [20, 20], [21, 21], [22, 22], [23, 23], [24, 24], [25, 25], [26, 26], [27, 27], [28, 28], [29, 29], [30, 30], [31, 31], [32, 32], [33, 33], [34, 34], [35, 35], [36, 36], [37, 37]]","[10, 36, 37, 38]",[],True,
CHEMBL244_Ki,1828,2056,2061,143,calibration,True,3.740362689494246,29.0,"[[0, 0], [1, 1], [2, 2], [3, 3], [4, 4], [5, 5], [6, 6], [7, 7], [8, 8], [9, 9], [10, 10], [11, 11], [12, 12], [13, 13], [21, 14], [22, 23], [23, 24], [24, 25], [25, 26], [26, 27], [27, 28], [28, 29], [29, 30], [30, 31], [31, 32], [32, 33], [33, 34], [34, 35], [35, 36]]","[12, 13, 14, 15, 16, 17, 18, 19, 20, 21]","[13, 14, 15, 16, 17, 18, 19, 20, 21, 22, 23]",True,
CHEMBL244_Ki,1857,2082,2083,146,calibration,True,1.7422688863301907,31.0,"[[0, 0], [1, 1], [2, 2], [3, 3], [4, 4], [5, 5], [6, 6], [7, 7], [8, 8], [9, 9], [10, 10], [11, 11], [12, 12], [13, 13], [14, 15], [15, 16], [16, 17], [17, 18], [18, 19], [19, 20], [20, 21], [21, 22], [22, 23], [23, 24], [24, 25], [25, 26], [26, 27], [27, 28], [28, 29], [29, 30], [30, 31]]",[],"[12, 13, 14, 15]",True,
CHEMBL244_Ki,1891,2118,2137,148,test,True,2.5899496013257077,31.0,"[[0, 31], [1, 30], [2, 17], [3, 18], [4, 19], [5, 20], [6, 21], [7, 22], [8, 23], [9, 24], [10, 25], [11, 26], [12, 27], [13, 28], [14, 29], [15, 16], [16, 15], [17, 14], [18, 13], [19, 12], [20, 11], [21, 10], [22, 9], [23, 8], [24, 7], [25, 6], [26, 5], [27, 4], [28, 1], [32, 33], [33, 32]]","[27, 28, 29, 30, 31]","[0, 1, 2, 3, 4]",True,
CHEMBL244_Ki,1935,2149,2152,153,test,True,3.0487330483239683,33.0,"[[0, 0], [1, 1], [2, 2], [3, 3], [4, 4], [8, 8], [9, 9], [10, 10], [11, 11], [12, 12], [13, 13], [14, 14], [15, 15], [16, 16], [17, 17], [18, 18], [19, 19], [20, 20], [21, 21], [22, 22], [23, 23], [24, 24], [25, 25], [26, 26], [27, 27], [28, 28], [29, 29], [30, 30], [31, 31], [32, 32], [33, 33], [34, 34], [35, 35]]","[3, 4, 5, 6, 7, 8, 9]","[3, 4, 5, 6, 7, 8, 9]",True,
CHEMBL244_Ki,1938,2162,2165,154,calibration,True,2.116505569071439,31.0,"[[0, 0], [1, 1], [2, 2], [3, 3], [4, 4], [5, 5], [6, 6], [7, 7], [8, 8], [9, 9], [10, 10], [11, 11], [12, 12], [13, 13], [14, 14], [15, 15], [16, 16], [17, 17], [18, 18], [19, 19], [27, 27], [28, 28], [29, 29], [30, 30], [31, 31], [32, 32], [33, 33], [34, 34], [35, 35], [40, 40], [41, 41]]","[18, 19, 20, 21, 22, 23, 24, 25, 26, 27, 32, 35, 36, 37, 38, 39, 40, 41, 42, 43, 44]","[18, 19, 20, 21, 22, 23, 24, 25, 26, 27, 32, 35, 36, 37, 38, 39, 40, 41, 42, 43, 44, 45]",True,
CHEMBL244_Ki,1946,2186,2190,149,test,True,2.780874108719118,28.0,"[[0, 0], [1, 1], [2, 2], [3, 3], [4, 4], [5, 5], [6, 6], [7, 7], [8, 8], [9, 9], [10, 10], [11, 11], [12, 12], [13, 13], [14, 14], [15, 15], [16, 16], [17, 17], [18, 18], [19, 19], [20, 20], [21, 22], [22, 21], [29, 30], [30, 31], [31, 32], [32, 33], [33, 34]]","[19, 20, 21, 22, 23, 24, 25, 26, 27, 28]","[19, 20, 21, 22, 23, 24, 25, 26, 27, 28, 29]",True,
CHEMBL244_Ki,1982,2204,2205,155,test,True,1.0239121574054115,33.0,"[[0, 0], [1, 1], [2, 2], [3, 3], [4, 4], [5, 5], [9, 8], [10, 9], [11, 10], [12, 11], [13, 12], [14, 13], [15, 14], [16, 15], [17, 16], [18, 17], [19, 18], [20, 19], [21, 20], [22, 21], [23, 22], [24, 23], [25, 24], [26, 25], [27, 27], [28, 26], [29, 28], [30, 29], [31, 30], [32, 31], [33, 32], [34, 33], [35, 34]]","[4, 5, 6, 7, 8, 9, 10, 34]","[4, 5, 6, 7, 8, 9, 33]",True,
CHEMBL244_Ki,1988,2209,2218,157,test,True,1.2662678894047712,31.0,"[[0, 0], [1, 1], [2, 2], [3, 3], [4, 4], [5, 5], [6, 6], [7, 7], [8, 8], [9, 9], [10, 10], [11, 11], [12, 12], [13, 13], [14, 14], [15, 15], [16, 16], [17, 17], [18, 18], [19, 19], [20, 20], [21, 21], [22, 22], [25, 25], [26, 26], [27, 27], [28, 28], [29, 29], [30, 30], [31, 31], [32, 32]]","[20, 22, 23, 24, 25, 26, 33, 34]","[20, 22, 23, 24, 25, 26, 33, 34]",True,
CHEMBL244_Ki,1990,2217,2223,159,test,True,1.221848749616358,30.0,"[[0, 0], [1, 1], [2, 2], [3, 3], [4, 4], [5, 5], [6, 6], [7, 7], [8, 8], [9, 9], [10, 10], [11, 11], [12, 12], [13, 24], [14, 23], [15, 15], [23, 14], [24, 13], [25, 25], [26, 26], [27, 27], [28, 28], [29, 29], [30, 30], [31, 31], [32, 32], [33, 33], [34, 34], [35, 35], [36, 36]]","[14, 15, 16, 17, 18, 19, 20, 21, 22, 23]","[14, 15, 16, 17, 18, 19, 20, 21, 22, 23]",True,
CHEMBL244_Ki,2007,2257,2258,162,test,True,2.6989700043360187,29.0,"[[0, 0], [1, 1], [2, 2], [3, 3], [4, 4], [5, 5], [6, 6], [7, 7], [8, 8], [9, 9], [10, 10], [11, 11], [12, 12], [13, 13], [14, 14], [15, 15], [16, 16], [17, 17], [18, 18], [19, 19], [20, 20], [21, 22], [22, 21], [24, 23], [25, 24], [26, 25], [27, 26], [28, 27], [29, 28]]","[20, 22, 23]",[],True,
CHEMBL244_Ki,2009,2262,2266,163,test,True,2.014723256820706,24.0,"[[0, 0], [1, 1], [2, 2], [3, 3], [4, 4], [5, 5], [6, 6], [7, 7], [8, 8], [9, 9], [10, 10], [11, 11], [12, 12], [13, 13], [14, 14], [15, 15], [16, 16], [17, 17], [18, 18], [19, 19], [20, 20], [21, 21], [23, 23], [24, 24]]","[13, 20, 21, 22]","[13, 20, 21, 22]",True,
CHEMBL244_Ki,2041,2288,2854,164,test,True,1.1890562362200487,33.0,"[[5, 5], [6, 6], [7, 7], [8, 8], [9, 9], [10, 10], [11, 11], [12, 12], [13, 13], [14, 14], [15, 15], [16, 16], [17, 17], [18, 18], [19, 19], [20, 20], [21, 21], [22, 22], [23, 23], [24, 24], [25, 25], [26, 26], [27, 27], [28, 28], [29, 29], [30, 30], [31, 31], [32, 32], [33, 33], [34, 34], [35, 35], [36, 36], [37, 37]]","[0, 1, 2, 3, 4, 5, 6, 38]","[0, 1, 2, 3, 4, 5, 6, 38, 39, 40, 41]",True,
CHEMBL244_Ki,2056,2351,2398,168,test,True,1.8952646494799872,34.0,"[[2, 4], [3, 2], [4, 3], [8, 5], [9, 6], [10, 7], [11, 8], [12, 9], [13, 10], [14, 11], [15, 12], [16, 13], [17, 14], [18, 15], [19, 16], [20, 17], [21, 18], [22, 19], [23, 20], [24, 21], [25, 28], [26, 27], [27, 24], [28, 25], [29, 26], [30, 23], [31, 22], [32, 29], [33, 30], [34, 31], [35, 32], [36, 33], [37, 35], [38, 34]]","[0, 1, 2, 3, 4, 5, 6, 7, 8, 9, 37, 38]","[0, 1, 2, 3, 4, 5, 6, 34, 35]",True,
CHEMBL244_Ki,2132,2368,2405,141,test,True,3.9268567089496944,37.0,"[[0, 0], [1, 1], [2, 2], [3, 3], [4, 4], [5, 5], [6, 6], [7, 7], [8, 8], [9, 9], [10, 10], [11, 11], [12, 12], [13, 13], [14, 14], [15, 15], [16, 16], [17, 17], [18, 18], [19, 33], [20, 32], [21, 21], [22, 22], [23, 24], [25, 25], [26, 29], [27, 28], [28, 27], [29, 26], [30, 31], [31, 30], [32, 20], [33, 19], [34, 34], [35, 35], [36, 36], [37, 37]]","[21, 22, 23, 24, 25, 30, 31]","[21, 22, 23, 24, 25, 30, 31]",True,
CHEMBL244_Ki,2153,2372,2385,169,test,True,1.463757293161681,29.0,"[[2, 2], [3, 3], [4, 4], [5, 5], [6, 6], [7, 7], [8, 8], [9, 9], [10, 10], [11, 11], [12, 12], [13, 13], [17, 16], [18, 17], [19, 18], [20, 25], [21, 24], [22, 21], [23, 22], [24, 23], [25, 20], [26, 19], [27, 26], [28, 27], [29, 28], [30, 29], [31, 30], [32, 32], [33, 31]]","[0, 1, 2, 3, 12, 13, 14, 15, 16]","[0, 1, 2, 3, 12, 13, 14, 15]",True,
CHEMBL244_Ki,2227,2428,2433,170,calibration,True,1.271066772286538,25.0,"[[0, 0], [1, 1], [2, 2], [6, 6], [7, 7], [8, 8], [9, 9], [10, 10], [13, 13], [14, 14], [18, 17], [19, 18], [20, 19], [21, 20], [22, 21], [23, 22], [24, 23], [25, 24], [26, 25], [27, 26], [28, 27], [29, 28], [30, 29], [31, 30], [32, 31]]","[1, 2, 3, 4, 5, 6, 7, 8, 10, 11, 12, 13, 14, 15, 16, 17]","[1, 2, 3, 4, 5, 6, 7, 8, 10, 11, 12, 13, 14, 15, 16]",True,
CHEMBL244_Ki,2230,2438,2446,171,test,True,1.500602350569185,34.0,"[[0, 17], [1, 18], [2, 15], [3, 16], [4, 3], [5, 2], [6, 1], [7, 0], [8, 19], [9, 20], [10, 21], [11, 22], [12, 23], [13, 24], [14, 25], [15, 26], [16, 27], [17, 28], [18, 29], [19, 30], [20, 31], [21, 32], [22, 33], [23, 4], [24, 5], [25, 6], [26, 7], [27, 8], [28, 9], [29, 10], [30, 11], [31, 12], [32, 13], [33, 14]]","[0, 1, 2, 3, 24]","[3, 15, 16, 17, 18]",True,
CHEMBL244_Ki,2231,2461,2462,172,test,True,1.3679767852945943,29.0,"[[1, 1], [2, 0], [3, 2], [4, 3], [5, 4], [6, 5], [7, 6], [8, 7], [9, 8], [10, 9], [11, 10], [12, 11], [13, 12], [14, 13], [15, 14], [16, 15], [17, 16], [18, 17], [19, 18], [20, 19], [21, 20], [22, 21], [23, 22], [24, 23], [25, 24], [26, 25], [27, 26], [28, 27], [29, 28]]","[0, 1, 2, 3]",[],True,
CHEMBL244_Ki,2234,2475,2476,173,test,True,1.5105450102066147,41.0,"[[0, 1], [1, 3], [2, 4], [3, 5], [4, 6], [5, 7], [6, 8], [7, 9], [8, 10], [9, 11], [10, 12], [11, 13], [12, 14], [13, 15], [14, 16], [15, 17], [16, 18], [17, 19], [18, 20], [19, 21], [20, 22], [21, 23], [22, 40], [23, 39], [24, 26], [25, 27], [26, 28], [27, 29], [28, 30], [29, 31], [30, 32], [31, 33], [32, 34], [33, 38], [34, 37], [35, 36], [36, 35], [37, 25], [38, 24], [39, 41], [40, 42]]",[],"[0, 1, 2, 3]",True,
CHEMBL244_Ki,2237,2477,2494,174,calibration,True,1.5835765856339492,23.0,"[[0, 3], [1, 5], [2, 6], [4, 7], [5, 8], [6, 9], [7, 10], [8, 11], [9, 12], [10, 13], [11, 14], [12, 15], [13, 16], [14, 17], [15, 18], [16, 19], [17, 20], [18, 21], [19, 26], [20, 25], [21, 24], [22, 23], [23, 22]]","[1, 2, 3, 4]","[0, 1, 2, 3, 4, 5]",True,
CHEMBL244_Ki,2238,2479,2495,175,test,True,1.0815873158135023,29.0,"[[0, 0], [1, 1], [2, 2], [3, 3], [4, 4], [5, 5], [6, 6], [7, 7], [8, 8], [9, 11], [10, 12], [11, 13], [12, 14], [13, 19], [14, 18], [15, 17], [16, 16], [17, 15], [18, 20], [19, 21], [20, 22], [21, 23], [22, 24], [23, 25], [24, 26], [25, 27], [26, 28], [27, 29], [28, 30]]","[7, 8, 9, 10, 11, 18]","[7, 8, 9, 10, 11, 12, 13, 20]",True,
CHEMBL244_Ki,2273,2561,2586,180,calibration,True,3.316756399032416,35.0,"[[3, 1], [4, 2], [5, 3], [6, 4], [7, 5], [8, 6], [9, 7], [10, 8], [11, 9], [12, 11], [13, 17], [14, 16], [15, 14], [16, 15], [17, 13], [18, 12], [19, 18], [20, 19], [21, 20], [22, 21], [23, 22], [24, 23], [25, 24], [26, 25], [27, 26], [28, 27], [29, 28], [30, 29], [31, 30], [32, 31], [33, 32], [34, 33], [35, 34], [36, 35], [37, 36]]","[0, 1, 2, 3, 4, 5, 6, 9, 11, 12, 13, 18]","[0, 1, 2, 3, 4, 7, 9, 10, 11, 12, 17]",True,
CHEMBL244_Ki,2315,2632,2633,182,test,True,1.2218487496163544,28.0,"[[0, 1], [1, 2], [2, 3], [3, 4], [4, 5], [5, 6], [6, 7], [7, 8], [8, 9], [9, 10], [10, 11], [11, 12], [12, 13], [13, 14], [14, 15], [15, 16], [16, 25], [17, 24], [18, 19], [20, 20], [21, 21], [24, 18], [25, 17], [26, 26], [27, 27], [28, 28], [29, 29], [30, 30]]","[17, 18, 19, 20, 21, 22, 23, 24, 25]","[0, 1, 2, 18, 19, 20, 21, 22, 23, 24, 25]",True,
CHEMBL244_Ki,2317,2639,2642,183,test,True,1.1249387366083,28.0,"[[0, 0], [1, 1], [2, 2], [3, 3], [4, 4], [5, 5], [6, 6], [7, 7], [8, 8], [9, 9], [10, 10], [11, 11], [12, 12], [13, 13], [14, 14], [15, 15], [16, 16], [17, 17], [18, 19], [19, 18], [20, 23], [21, 22], [22, 21], [23, 20], [24, 27], [25, 26], [26, 25], [27, 24]]","[1, 16, 17, 18, 19, 23]","[1, 16, 17, 18, 19, 23]",True,
CHEMBL244_Ki,2325,2664,2666,185,calibration,True,1.4220736883887568,34.0,"[[2, 0], [3, 1], [4, 2], [5, 3], [6, 4], [7, 5], [8, 6], [9, 7], [10, 8], [11, 9], [12, 10], [13, 11], [14, 12], [15, 13], [16, 14], [17, 15], [18, 16], [19, 17], [20, 18], [21, 19], [22, 20], [23, 21], [24, 22], [25, 23], [26, 24], [27, 25], [28, 26], [29, 27], [30, 28], [31, 33], [32, 32], [33, 31], [34, 30], [35, 29]]","[0, 1, 2, 3]",[],True,
CHEMBL244_Ki,2329,2697,2701,186,calibration,True,1.2784641677652395,39.0,"[[0, 0], [1, 1], [2, 2], [3, 3], [4, 4], [5, 5], [6, 7], [7, 8], [8, 9], [9, 10], [10, 11], [11, 12], [12, 13], [13, 14], [14, 15], [15, 16], [16, 17], [17, 18], [18, 19], [19, 20], [20, 21], [21, 22], [22, 23], [23, 24], [24, 25], [25, 26], [26, 27], [27, 28], [28, 29], [29, 30], [30, 31], [31, 32], [32, 33], [33, 34], [34, 35], [35, 36], [36, 37], [37, 38], [38, 39]]",[],"[3, 5, 6, 7]",True,
CHEMBL244_Ki,2343,2710,2712,189,test,True,1.180704763861045,45.0,"[[0, 0], [1, 1], [2, 2], [3, 3], [4, 4], [5, 5], [6, 6], [7, 7], [8, 8], [9, 9], [10, 10], [11, 11], [12, 12], [13, 13], [14, 14], [15, 15], [16, 16], [17, 17], [18, 18], [19, 19], [23, 23], [25, 26], [26, 27], [27, 28], [28, 29], [29, 30], [30, 31], [31, 32], [32, 33], [33, 34], [34, 35], [35, 36], [36, 37], [37, 38], [38, 39], [39, 44], [40, 43], [41, 42], [42, 41], [43, 40], [44, 45], [45, 46], [46, 47], [47, 48], [48, 49]]","[18, 19, 20, 21, 22, 23, 24, 25]","[18, 19, 20, 21, 22, 23, 24, 25, 26]",True,
CHEMBL244_Ki,2345,2729,2730,190,calibration,True,1.9719712763997563,38.0,"[[0, 0], [1, 1], [2, 2], [3, 3], [4, 4], [5, 5], [6, 6], [7, 7], [8, 8], [9, 9], [10, 10], [11, 11], [12, 12], [13, 13], [14, 14], [15, 15], [16, 16], [17, 17], [18, 18], [19, 19], [20, 20], [21, 21], [22, 22], [23, 23], [24, 24], [25, 25], [26, 29], [27, 28], [28, 27], [29, 26], [30, 31], [31, 32], [32, 33], [33, 34], [34, 30], [35, 35], [36, 36], [37, 37]]","[4, 25, 26, 27, 34, 35]","[4, 25, 26, 27, 31, 35]",True,
CHEMBL244_Ki,2391,2816,2826,192,calibration,True,2.425968732272281,41.0,"[[0, 0], [1, 1], [2, 2], [3, 3], [4, 4], [5, 5], [6, 6], [7, 7], [8, 8], [9, 9], [10, 10], [11, 11], [12, 12], [13, 13], [14, 14], [15, 15], [16, 16], [17, 17], [18, 18], [20, 19], [21, 24], [22, 23], [23, 22], [24, 21], [25, 20], [26, 25], [27, 26], [28, 27], [29, 28], [30, 29], [31, 30], [32, 31], [33, 32], [34, 33], [35, 34], [36, 35], [37, 36], [38, 37], [39, 38], [40, 39], [41, 40]]","[0, 1, 2, 3, 4, 5, 17, 18, 19, 20, 26]","[1, 3, 4, 5]",True,
CHEMBL244_Ki,2395,2836,2838,194,test,True,1.5454822249613125,33.0,"[[0, 0], [1, 1], [2, 2], [3, 3], [4, 4], [5, 5], [6, 6], [7, 7], [8, 8], [9, 9], [10, 10], [11, 11], [12, 12], [13, 13], [14, 14], [15, 15], [16, 16], [17, 17], [18, 18], [19, 19], [20, 20], [21, 21], [22, 22], [23, 23], [24, 24], [25, 25], [26, 26], [27, 27], [28, 28], [29, 29], [30, 30], [31, 31], [32, 33]]",[],"[8, 31, 32, 33]",True,
CHEMBL244_Ki,2427,2915,2927,196,calibration,True,1.183202032849361,29.0,"[[0, 0], [1, 1], [2, 2], [3, 3], [4, 4], [5, 5], [6, 6], [7, 7], [8, 8], [9, 9], [10, 10], [11, 11], [12, 22], [13, 21], [14, 15], [15, 16], [16, 17], [17, 18], [18, 19], [19, 20], [20, 14], [21, 12], [22, 13], [23, 24], [29, 30], [30, 31], [31, 32], [32, 33], [33, 34]]","[6, 23, 24, 25, 26, 27, 28]","[6, 11, 21, 22, 23, 24, 25, 26, 27, 28, 29]",True,
CHEMBL244_Ki,2433,2967,2969,199,calibration,True,2.3135157072120407,30.0,"[[0, 0], [1, 1], [2, 2], [3, 3], [4, 7], [5, 6], [6, 5], [7, 13], [8, 9], [9, 10], [10, 11], [11, 12], [12, 8], [13, 14], [14, 15], [15, 16], [16, 17], [17, 29], [18, 28], [19, 20], [20, 21], [21, 22], [22, 23], [23, 24], [24, 25], [25, 26], [26, 27], [27, 19], [28, 18], [29, 30]]","[2, 3, 4, 5, 12, 13]","[2, 3, 4, 5, 6, 13, 14]",True,
CHEMBL244_Ki,2450,3013,3019,200,test,True,2.204119982655925,39.0,"[[0, 44], [1, 43], [2, 45], [3, 42], [4, 41], [5, 40], [6, 39], [7, 38], [8, 37], [9, 35], [10, 36], [11, 26], [12, 27], [13, 28], [14, 29], [15, 34], [16, 33], [17, 32], [18, 31], [19, 30], [20, 25], [21, 23], [22, 24], [23, 11], [24, 10], [25, 9], [32, 12], [33, 13], [34, 14], [35, 15], [36, 16], [37, 17], [38, 18], [39, 19], [40, 20], [41, 21], [42, 22], [43, 47], [44, 46]]","[24, 25, 26, 27, 28, 29, 30, 31]","[0, 1, 2, 3, 4, 5, 6, 7, 8, 9, 10, 48, 49]",True,
CHEMBL244_Ki,2454,3034,3040,202,test,True,2.2552725051033056,28.0,"[[0, 0], [1, 1], [2, 2], [3, 3], [4, 4], [5, 5], [6, 6], [7, 7], [8, 8], [9, 9], [10, 10], [11, 11], [12, 12], [13, 13], [14, 14], [15, 15], [16, 16], [17, 17], [18, 18], [19, 19], [20, 20], [22, 23], [23, 24], [24, 25], [25, 26], [26, 27], [27, 28], [28, 29]]","[19, 20, 21, 22, 23, 29, 30]","[19, 20, 21, 22, 23, 24, 30]",True,
CHEMBL244_Ki,2456,3035,3038,203,calibration,True,2.2430380486862944,28.0,"[[1, 0], [3, 1], [4, 2], [5, 3], [6, 4], [7, 5], [8, 6], [9, 7], [10, 8], [11, 9], [12, 10], [13, 11], [14, 12], [15, 13], [16, 14], [17, 15], [18, 16], [19, 17], [20, 18], [21, 19], [22, 20], [23, 21], [24, 22], [25, 23], [26, 24], [27, 25], [28, 26], [29, 27]]","[0, 1, 2, 3]",[],True,
CHEMBL262_Ki,0,5,45,0,test,True,3.278753600952829,22.0,"[[0, 0], [1, 27], [2, 26], [3, 3], [4, 4], [5, 5], [6, 6], [7, 7], [8, 8], [9, 9], [10, 10], [11, 11], [15, 18], [16, 19], [17, 20], [18, 21], [19, 22], [20, 23], [21, 24], [22, 25], [23, 2], [24, 1]]","[10, 11, 12, 13, 14, 15]","[10, 11, 12, 13, 14, 15, 16, 17, 18]",True,
CHEMBL262_Ki,1,6,47,1,calibration,True,3.361727836017593,24.0,"[[0, 0], [1, 1], [2, 2], [3, 3], [4, 4], [5, 5], [6, 6], [7, 7], [8, 8], [9, 9], [10, 10], [11, 11], [12, 12], [16, 19], [17, 20], [18, 21], [19, 22], [20, 23], [21, 24], [22, 25], [23, 26], [24, 27], [25, 28], [26, 29]]","[11, 12, 13, 14, 15, 16]","[11, 12, 13, 14, 15, 16, 17, 18, 19]",True,
CHEMBL262_Ki,4,18,207,2,calibration,True,1.478143047829831,8.0,"[[7, 7], [8, 8], [9, 9], [10, 10], [11, 11], [12, 12], [13, 13], [22, 22]]","[0, 1, 2, 3, 4, 5, 6, 7, 8, 12, 13, 14, 15, 16, 17, 18, 19, 20, 21]","[0, 1, 2, 3, 4, 5, 6, 7, 8, 12, 13, 14, 15, 16, 17, 18, 19, 20, 21]",True,
CHEMBL262_Ki,5,26,35,3,test,True,1.079181246047625,26.0,"[[0, 0], [1, 1], [2, 2], [3, 3], [4, 4], [5, 5], [6, 6], [7, 7], [8, 8], [9, 9], [10, 10], [11, 11], [12, 12], [13, 13], [14, 14], [15, 15], [16, 16], [17, 19], [18, 20], [19, 21], [20, 22], [21, 23], [22, 24], [23, 25], [24, 26], [25, 27]]",[],"[15, 16, 17, 18, 19]",True,
CHEMBL262_Ki,12,36,41,5,test,True,1.2787536009528289,28.0,"[[0, 0], [1, 1], [2, 2], [3, 3], [4, 4], [5, 5], [6, 6], [7, 7], [8, 8], [9, 9], [10, 10], [11, 11], [12, 12], [13, 13], [14, 14], [15, 15], [16, 16], [19, 18], [20, 19], [21, 20], [22, 21], [23, 22], [24, 23], [25, 24], [26, 25], [27, 26], [28, 27], [29, 28]]","[15, 16, 17, 18, 19]","[15, 16, 17, 18]",True,
CHEMBL262_Ki,18,51,56,6,test,True,3.198657086954422,32.0,"[[1, 2], [2, 33], [3, 32], [4, 5], [5, 6], [6, 7], [7, 8], [8, 9], [9, 10], [10, 11], [11, 12], [12, 13], [13, 14], [14, 15], [15, 16], [16, 17], [17, 18], [18, 19], [19, 20], [20, 21], [21, 22], [22, 23], [23, 24], [24, 25], [25, 26], [26, 27], [27, 28], [28, 29], [29, 30], [30, 31], [31, 4], [32, 3]]","[0, 1, 2, 32]","[0, 1, 2, 3, 33]",True,
CHEMBL262_Ki,42,108,129,12,test,True,2.5051499783199063,22.0,"[[0, 0], [1, 1], [2, 2], [3, 3], [4, 4], [5, 5], [6, 13], [7, 12], [8, 11], [9, 9], [10, 10], [11, 8], [12, 7], [13, 6], [14, 19], [15, 14], [16, 15], [17, 16], [18, 17], [19, 18], [20, 20], [21, 21]]","[4, 5, 6, 7, 8, 12, 13, 14, 15, 19, 20]","[4, 5, 6, 7, 11, 12, 13, 14, 15, 19, 20]",True,
CHEMBL262_Ki,47,116,134,13,calibration,True,1.3010299956639797,23.0,"[[0, 24], [1, 23], [2, 22], [3, 2], [4, 3], [5, 4], [6, 5], [7, 6], [8, 7], [9, 8], [10, 9], [11, 10], [12, 11], [13, 12], [14, 13], [15, 14], [16, 15], [17, 16], [18, 17], [19, 18], [20, 19], [21, 20], [22, 21]]",[],"[0, 1, 2, 3, 22]",True,
CHEMBL262_Ki,48,118,135,14,test,True,1.0969100130080545,24.0,"[[0, 0], [1, 1], [2, 2], [3, 3], [4, 4], [5, 5], [6, 6], [7, 7], [8, 8], [9, 9], [10, 10], [11, 11], [12, 12], [13, 13], [14, 14], [15, 15], [16, 16], [17, 17], [18, 18], [19, 21], [20, 22], [21, 23], [22, 24], [23, 25]]",[],"[17, 18, 19, 20, 21]",True,
CHEMBL262_Ki,52,127,131,15,test,True,1.740362689494244,22.0,"[[0, 0], [1, 1], [2, 2], [3, 3], [4, 4], [5, 5], [6, 6], [7, 7], [8, 8], [9, 9], [10, 10], [11, 11], [12, 12], [13, 13], [14, 14], [15, 22], [16, 21], [17, 17], [19, 16], [20, 15], [21, 23], [22, 24]]","[16, 17, 18, 19]","[16, 17, 18, 19, 20, 21]",True,
CHEMBL262_Ki,53,153,154,17,test,True,1.018224820106199,16.0,"[[0, 1], [1, 2], [2, 3], [3, 4], [4, 5], [5, 6], [6, 7], [7, 8], [8, 9], [9, 10], [10, 11], [11, 12], [12, 13], [13, 14], [14, 15], [15, 16]]",[],"[0, 1, 2]",True,
CHEMBL262_Ki,57,177,380,18,calibration,True,2.1487219553856773,9.0,"[[0, 0], [1, 1], [2, 10], [3, 9], [4, 8], [5, 7], [6, 11], [7, 13], [8, 14]]","[0, 1, 2, 3, 5, 6, 7, 8, 9, 10, 11, 12, 13]","[0, 1, 2, 3, 4, 5, 6, 7, 8, 10, 11, 12, 13, 14]",True,
CHEMBL262_Ki,59,211,354,21,test,True,1.7999892590208226,23.0,"[[1, 2], [2, 1], [3, 23], [4, 5], [5, 6], [6, 7], [7, 8], [8, 9], [9, 10], [10, 11], [11, 12], [12, 13], [13, 14], [14, 15], [15, 16], [16, 17], [17, 18], [18, 19], [19, 20], [20, 21], [21, 22], [22, 4], [23, 3]]","[0, 1, 2, 23]","[0, 1, 2, 23]",True,
CHEMBL262_Ki,63,264,686,24,calibration,True,1.0000412024555034,20.0,"[[5, 2], [6, 1], [7, 4], [8, 5], [9, 6], [10, 7], [11, 8], [12, 9], [13, 10], [14, 11], [15, 12], [16, 13], [17, 14], [18, 15], [19, 16], [20, 17], [21, 18], [22, 19], [23, 20], [24, 21]]","[0, 1, 2, 3, 4, 5, 6]","[0, 1, 2, 3, 4]",True,
CHEMBL262_Ki,71,347,670,31,calibration,True,1.4000090877982512,27.0,"[[0, 12], [1, 11], [2, 13], [3, 10], [4, 9], [5, 8], [6, 7], [7, 6], [8, 5], [9, 3], [10, 4], [11, 2], [12, 1], [14, 27], [15, 26], [16, 19], [17, 20], [18, 21], [19, 22], [20, 23], [21, 24], [22, 25], [23, 18], [24, 17], [25, 16], [26, 14], [27, 15]]","[6, 11, 12, 13]","[0, 1, 2, 7]",True,
CHEMBL262_Ki,79,425,623,33,calibration,True,1.399997948536818,30.0,"[[0, 0], [1, 1], [2, 2], [3, 3], [4, 4], [5, 5], [6, 6], [7, 7], [8, 8], [9, 9], [10, 10], [11, 11], [12, 12], [13, 13], [14, 14], [15, 15], [16, 16], [17, 17], [19, 18], [20, 19], [22, 20], [23, 21], [24, 22], [25, 23], [26, 24], [27, 25], [28, 26], [29, 27], [30, 28], [31, 29]]","[16, 17, 18, 19, 20, 21, 22, 24]","[16, 17, 18, 19, 22]",True,
CHEMBL262_Ki,80,432,690,23,calibration,True,1.5000589277952017,18.0,"[[2, 1], [3, 2], [4, 3], [5, 4], [6, 5], [7, 6], [8, 7], [9, 8], [10, 9], [11, 10], [12, 11], [13, 12], [14, 13], [15, 14], [16, 15], [17, 16], [18, 17], [19, 18]]","[0, 1, 2, 3, 4]","[0, 1, 2, 3]",True,
CHEMBL262_Ki,81,450,621,34,test,True,2.600000032123142,10.0,"[[0, 0], [1, 1], [2, 2], [3, 3], [4, 7], [5, 8], [6, 5], [7, 6], [16, 9], [17, 10]]","[1, 3, 4, 5, 6, 7, 8, 9, 10, 11, 12, 13, 14, 15, 16, 17]","[1, 3, 4, 5, 6, 7, 8, 9, 10, 11, 12, 13, 14, 15, 16]",True,
CHEMBL262_Ki,89,466,714,36,calibration,True,2.600007769677456,7.0,"[[5, 14], [6, 15], [7, 20], [8, 19], [9, 18], [10, 17], [11, 16]]","[0, 1, 2, 3, 4, 5, 6, 12, 13, 14, 15]","[0, 1, 2, 3, 4, 5, 6, 7, 8, 9, 10, 11, 12, 13, 14, 15, 21]",True,
CHEMBL262_Ki,90,472,834,37,calibration,True,1.336573589238415,20.0,"[[0, 0], [1, 1], [3, 14], [4, 15], [5, 16], [6, 17], [7, 18], [8, 19], [9, 20], [10, 21], [12, 3], [13, 4], [14, 5], [15, 6], [16, 7], [17, 8], [18, 9], [19, 10], [20, 11], [21, 12]]","[0, 1, 2, 3, 4, 11, 12, 13, 22]","[0, 1, 2, 3, 4, 13, 14, 15, 22]",True,
CHEMBL262_Ki,91,475,763,38,test,True,1.2000371816600357,24.0,"[[0, 0], [1, 1], [2, 2], [3, 3], [4, 4], [5, 5], [6, 6], [7, 7], [8, 8], [9, 9], [10, 10], [11, 11], [12, 12], [13, 13], [14, 14], [15, 15], [16, 16], [17, 21], [18, 17], [19, 18], [20, 19], [21, 20], [22, 22], [23, 23]]","[16, 17, 18, 19, 20, 21, 22]","[15, 16, 17, 18, 19, 20, 21]",True,
CHEMBL262_Ki,96,541,791,25,test,True,1.8000084393922815,26.0,"[[2, 0], [3, 1], [4, 2], [5, 3], [6, 4], [7, 5], [8, 6], [9, 7], [10, 8], [11, 9], [12, 10], [13, 11], [14, 12], [15, 24], [16, 23], [17, 15], [18, 16], [19, 17], [20, 18], [21, 19], [22, 20], [23, 21], [24, 22], [25, 14], [26, 13], [27, 27]]","[0, 1, 2, 3]","[12, 23, 24, 25, 26]",True,
CHEMBL262_Ki,106,798,799,43,test,True,2.462397997898956,28.0,"[[1, 3], [2, 4], [3, 5], [4, 6], [5, 7], [6, 8], [7, 9], [8, 10], [9, 11], [10, 12], [11, 13], [12, 18], [13, 17], [14, 16], [15, 15], [16, 14], [17, 19], [18, 20], [19, 25], [20, 24], [21, 23], [22, 22], [23, 21], [24, 26], [25, 27], [26, 28], [27, 2], [28, 1]]","[0, 1, 2, 27]","[0, 1, 2]",True,
CHEMBL262_Ki,122,851,853,46,calibration,True,1.470490675820649,27.0,"[[0, 0], [1, 1], [2, 2], [3, 3], [4, 4], [5, 5], [6, 6], [7, 7], [8, 8], [9, 9], [10, 10], [11, 11], [12, 12], [13, 13], [14, 14], [15, 15], [16, 16], [18, 19], [19, 20], [20, 25], [21, 24], [22, 23], [23, 22], [24, 21], [27, 27], [28, 28], [29, 29]]","[15, 16, 17, 18, 19, 25, 26]","[15, 16, 17, 18, 19, 20, 26]",True,
CHEMBL264_Ki,85,36,761,9,calibration,True,1.5075492315066423,24.0,"[[0, 0], [1, 1], [3, 2], [4, 3], [5, 4], [6, 5], [7, 6], [8, 7], [9, 8], [10, 9], [11, 10], [12, 11], [13, 12], [14, 13], [15, 14], [16, 15], [17, 16], [18, 17], [19, 18], [20, 19], [21, 20], [22, 21], [23, 22], [24, 23]]","[0, 1, 2, 3, 4, 6]","[0, 1, 2, 3, 5]",True,
CHEMBL264_Ki,98,47,59,5,calibration,True,3.2552725051033056,21.0,"[[0, 0], [1, 1], [2, 2], [3, 3], [4, 4], [5, 5], [6, 6], [7, 7], [8, 8], [9, 9], [10, 10], [11, 11], [12, 12], [13, 13], [14, 14], [15, 15], [16, 16], [22, 24], [23, 25], [24, 26], [25, 27]]","[15, 16, 17, 18, 19, 20, 21]","[15, 16, 17, 18, 19, 20, 21, 22, 23]",True,
CHEMBL264_Ki,115,63,1812,8,test,True,1.564850925482439,15.0,"[[6, 6], [7, 21], [8, 20], [9, 9], [10, 10], [11, 11], [12, 12], [13, 13], [14, 14], [15, 15], [16, 16], [18, 18], [19, 19], [20, 8], [21, 7]]","[0, 1, 2, 3, 4, 5, 6, 7, 15, 16, 17, 18, 19, 21, 22, 23]","[0, 1, 2, 3, 4, 5, 6, 7, 15, 16, 17, 18, 19, 21, 22, 23]",True,
CHEMBL264_Ki,121,86,100,12,test,True,1.610105950882715,21.0,"[[0, 0], [1, 1], [2, 2], [3, 3], [4, 4], [6, 5], [7, 6], [8, 7], [9, 8], [10, 9], [11, 10], [12, 11], [13, 12], [14, 13], [15, 14], [16, 15], [17, 16], [18, 17], [19, 18], [20, 19], [21, 20]]","[1, 2, 3, 5, 6, 7]","[1, 2, 3, 5, 6]",True,
CHEMBL264_Ki,230,147,189,19,test,True,1.1684044303893906,41.0,"[[0, 0], [1, 1], [2, 2], [3, 3], [4, 4], [5, 5], [6, 6], [7, 7], [8, 8], [10, 11], [12, 12], [13, 13], [14, 14], [15, 15], [17, 16], [18, 17], [19, 18], [20, 19], [21, 20], [22, 21], [23, 22], [24, 23], [25, 24], [26, 25], [27, 26], [28, 27], [29, 28], [30, 29], [31, 30], [32, 31], [33, 32], [34, 36], [35, 35], [36, 34], [37, 33], [38, 37], [39, 38], [40, 39], [41, 40], [42, 41], [43, 42]]","[7, 8, 9, 10, 11, 12, 13, 15, 16, 17, 18, 43]","[7, 8, 9, 10, 11, 13, 15, 16, 17, 42]",True,
CHEMBL264_Ki,247,213,234,21,test,True,1.649973433163345,28.0,"[[1, 3], [2, 4], [3, 2], [4, 5], [5, 6], [6, 7], [7, 8], [8, 9], [9, 10], [10, 11], [11, 12], [12, 13], [13, 14], [14, 15], [15, 16], [16, 17], [17, 18], [18, 19], [19, 20], [20, 21], [21, 22], [22, 23], [23, 24], [24, 25], [25, 26], [26, 27], [27, 28], [28, 29]]","[0, 1, 2, 3]","[0, 1, 2, 3, 5]",True,
CHEMBL264_Ki,250,236,241,23,calibration,True,1.1299782649724035,27.0,"[[2, 3], [3, 1], [4, 2], [5, 4], [6, 5], [7, 6], [8, 7], [9, 8], [10, 9], [11, 10], [12, 11], [13, 12], [14, 13], [15, 14], [16, 15], [17, 16], [18, 17], [19, 18], [20, 19], [21, 20], [22, 21], [23, 22], [24, 23], [25, 24], [26, 25], [27, 26], [28, 27]]","[0, 1, 2, 3, 5]","[0, 1, 2, 3]",True,
CHEMBL264_Ki,252,257,283,24,calibration,True,1.6016248544293203,21.0,"[[0, 0], [1, 1], [2, 2], [3, 3], [4, 4], [5, 5], [7, 7], [8, 8], [9, 9], [10, 10], [11, 11], [12, 12], [13, 13], [14, 14], [15, 15], [16, 16], [17, 17], [18, 18], [19, 19], [20, 20], [21, 21]]","[4, 5, 6, 7, 8, 16]","[4, 5, 6, 7, 8, 16]",True,
CHEMBL264_Ki,258,261,280,25,test,True,2.1524284899464208,19.0,"[[0, 0], [1, 1], [2, 2], [3, 3], [4, 4], [5, 5], [6, 6], [7, 7], [8, 8], [9, 9], [10, 10], [11, 11], [12, 12], [13, 13], [19, 19], [20, 20], [21, 21], [22, 22], [23, 23]]","[12, 13, 14, 15, 16, 17, 18]","[12, 13, 14, 15, 16, 17, 18]",True,
CHEMBL264_Ki,271,271,277,28,calibration,True,1.8121777887367976,26.0,"[[0, 0], [1, 1], [2, 2], [5, 5], [6, 6], [7, 7], [8, 8], [9, 9], [10, 10], [11, 11], [12, 12], [13, 13], [14, 14], [15, 15], [16, 16], [18, 18], [19, 19], [20, 20], [21, 21], [22, 22], [25, 25], [26, 30], [27, 29], [28, 28], [29, 27], [30, 26]]","[1, 2, 3, 4, 5, 6, 15, 16, 17, 18, 19, 23, 24]","[1, 2, 3, 4, 5, 6, 15, 16, 17, 18, 19, 23, 24]",True,
CHEMBL264_Ki,307,316,2249,30,test,True,1.0239277833916338,12.0,"[[8, 4], [9, 3], [10, 2], [11, 1], [14, 14], [15, 15], [16, 16], [17, 17], [18, 18], [19, 19], [20, 20], [21, 21]]","[0, 1, 2, 3, 4, 5, 6, 7, 8, 9, 10, 11, 12, 13, 14, 15]","[0, 1, 2, 3, 4, 5, 6, 7, 8, 9, 10, 11, 12, 13, 14, 15]",True,
CHEMBL264_Ki,308,317,322,31,calibration,True,1.1404509027865473,26.0,"[[0, 0], [1, 1], [2, 2], [3, 3], [4, 4], [5, 5], [6, 6], [7, 7], [8, 8], [9, 9], [10, 10], [11, 11], [12, 12], [13, 13], [14, 14], [15, 15], [16, 16], [17, 17], [18, 25], [19, 24], [20, 23], [21, 22], [22, 21], [23, 20], [24, 19], [25, 18]]",[],"[17, 24, 25, 26]",True,
CHEMBL264_Ki,343,350,373,35,calibration,True,1.2887955392469692,21.0,"[[0, 0], [1, 1], [2, 2], [3, 3], [4, 4], [5, 5], [6, 6], [7, 7], [8, 8], [9, 9], [10, 10], [11, 11], [15, 12], [16, 13], [17, 14], [18, 15], [19, 16], [20, 17], [21, 18], [22, 19], [23, 20]]","[10, 11, 12, 13, 14, 15, 16]","[10, 11, 12, 13]",True,
CHEMBL264_Ki,370,363,2228,36,test,True,2.079181246047625,15.0,"[[1, 10], [2, 1], [3, 3], [4, 4], [5, 5], [7, 6], [8, 7], [9, 8], [10, 9], [15, 18], [16, 19], [17, 20], [18, 21], [19, 22], [20, 23]]","[0, 1, 2, 3, 4, 5, 6, 7, 8, 10, 11, 12, 13, 14, 15, 16, 19, 20, 21, 22, 23, 24]","[0, 1, 2, 3, 4, 5, 6, 7, 9, 10, 11, 12, 13, 14, 15, 16, 17, 18, 19, 22, 23]",True,
CHEMBL264_Ki,384,376,980,38,test,True,2.6200006423000675,6.0,"[[5, 5], [6, 6], [7, 7], [8, 8], [9, 9], [10, 10]]","[0, 1, 2, 3, 4, 5, 6, 11, 12]","[0, 1, 2, 3, 4, 5, 6, 11, 12]",True,
CHEMBL264_Ki,392,382,459,39,calibration,True,1.9999999999999991,11.0,"[[0, 0], [1, 1], [2, 2], [3, 3], [4, 4], [5, 5], [6, 6], [7, 11], [8, 12], [13, 21], [14, 22]]","[5, 6, 7, 8, 9, 10, 11, 12, 13]","[5, 6, 7, 8, 9, 10, 11, 12, 13, 14, 15, 16, 17, 18, 19, 20, 21]",True,
CHEMBL264_Ki,416,397,1999,41,calibration,True,1.626883575052994,16.0,"[[1, 16], [3, 17], [4, 22], [5, 21], [7, 10], [8, 26], [9, 27], [10, 7], [11, 6], [12, 28], [13, 29], [14, 3], [15, 8], [16, 9], [17, 19], [18, 18]]","[0, 1, 2, 3, 4, 5, 6, 7, 8, 9, 10, 11, 12, 13, 14, 15, 16, 17, 18]","[0, 1, 2, 3, 4, 5, 6, 7, 8, 9, 10, 11, 12, 13, 14, 15, 16, 17, 18, 19, 20, 21, 22, 23, 24, 25, 26, 27, 28, 29]",True,
CHEMBL264_Ki,460,525,526,20,test,True,2.3000399622217778,14.0,"[[0, 0], [1, 1], [2, 2], [3, 3], [4, 4], [5, 5], [6, 6], [7, 7], [8, 8], [9, 9], [10, 10], [11, 11], [12, 12], [13, 13]]","[1, 3, 4, 5]","[0, 1, 2, 3, 4, 5]",True,
CHEMBL264_Ki,484,547,548,51,calibration,True,1.1890562362200487,23.0,"[[0, 0], [1, 1], [2, 2], [3, 3], [4, 4], [5, 5], [6, 6], [7, 7], [9, 8], [10, 9], [11, 10], [12, 11], [13, 12], [14, 13], [15, 14], [16, 15], [17, 16], [18, 17], [19, 18], [20, 19], [21, 20], [22, 21], [23, 22]]","[6, 7, 8, 9, 10]","[6, 7, 8, 9]",True,
CHEMBL264_Ki,485,552,659,52,test,True,1.3710678622717358,19.0,"[[0, 0], [1, 1], [4, 4], [5, 5], [6, 6], [7, 7], [8, 8], [9, 9], [11, 11], [12, 12], [13, 13], [14, 14], [15, 15], [16, 16], [17, 17], [18, 18], [19, 19], [20, 20], [21, 21]]","[0, 1, 2, 3, 4, 5, 8, 9, 10, 11]","[0, 1, 2, 3, 4, 5, 8, 9, 10, 11]",True,
CHEMBL264_Ki,493,574,1507,56,calibration,True,3.1156105116743014,24.0,"[[0, 0], [1, 25], [2, 24], [3, 3], [4, 4], [5, 5], [7, 6], [8, 7], [9, 8], [11, 10], [12, 11], [13, 12], [14, 13], [15, 14], [16, 15], [17, 20], [18, 19], [19, 18], [20, 17], [21, 16], [24, 22], [25, 23], [26, 2], [27, 1]]","[4, 5, 6, 7, 8, 9, 10, 11, 12, 22, 23, 24, 25]","[4, 5, 6, 7, 8, 9, 10, 11, 21, 22, 23]",True,
CHEMBL264_Ki,496,575,2246,55,test,True,3.4685210829577446,22.0,"[[0, 0], [1, 1], [2, 2], [3, 3], [4, 4], [5, 5], [6, 19], [7, 18], [8, 7], [9, 8], [10, 9], [11, 10], [12, 11], [13, 12], [14, 17], [15, 16], [16, 15], [17, 14], [18, 13], [19, 6], [20, 21], [21, 20]]","[1, 2, 3, 4, 5, 6, 7, 20, 21, 22]","[1, 2, 3, 4, 5, 6, 7, 20, 21]",True,
CHEMBL264_Ki,500,582,595,54,calibration,True,2.727773562186223,27.0,"[[0, 4], [1, 3], [2, 2], [3, 1], [4, 0], [5, 5], [6, 6], [7, 7], [8, 8], [9, 9], [10, 10], [11, 11], [12, 12], [13, 13], [14, 14], [15, 15], [16, 17], [17, 18], [18, 19], [19, 24], [20, 23], [21, 22], [22, 21], [23, 20], [24, 16], [25, 25], [26, 26]]","[2, 3, 4, 16, 17, 24, 25, 26]","[2, 3, 4, 16, 17, 18, 25, 26]",True,
CHEMBL264_Ki,531,598,1199,57,test,True,1.7533276666586115,23.0,"[[0, 0], [1, 1], [2, 2], [7, 22], [8, 25], [9, 24], [10, 19], [11, 18], [12, 7], [13, 8], [14, 9], [15, 10], [16, 11], [17, 12], [18, 17], [19, 16], [20, 15], [21, 14], [22, 13], [23, 6], [24, 5], [25, 20], [26, 23]]","[1, 2, 3, 4, 5, 6, 7, 8, 9, 10, 11, 24, 25, 26]","[1, 2, 3, 4, 5, 6, 19, 20, 21, 22, 23, 24, 25]",True,
CHEMBL264_Ki,547,612,1023,59,test,True,1.129994882175688,28.0,"[[0, 0], [1, 1], [2, 2], [3, 3], [4, 4], [5, 5], [6, 6], [7, 7], [8, 19], [9, 18], [10, 10], [11, 11], [12, 12], [14, 17], [16, 13], [17, 14], [18, 15], [19, 16], [20, 9], [21, 8], [22, 20], [23, 21], [24, 22], [25, 27], [26, 26], [27, 25], [28, 24], [29, 23]]","[11, 12, 13, 14, 15, 16, 17, 19]","[11, 12, 13, 14, 16, 17]",True,
CHEMBL264_Ki,554,630,632,63,calibration,True,1.1293865609616145,15.0,"[[0, 0], [1, 1], [2, 2], [3, 3], [10, 17], [11, 18], [12, 19], [13, 20], [14, 21], [15, 22], [16, 23], [17, 27], [18, 26], [19, 25], [20, 24]]","[2, 3, 4, 5, 6, 7, 8, 9]","[2, 3, 4, 5, 6, 7, 8, 9, 10, 11, 12, 13, 14, 15, 16]",True,
CHEMBL264_Ki,562,665,667,66,test,True,1.5855807169334666,29.0,"[[0, 0], [1, 1], [2, 2], [3, 3], [4, 4], [5, 5], [6, 6], [7, 7], [8, 8], [9, 9], [10, 10], [11, 17], [12, 15], [13, 14], [14, 13], [15, 12], [16, 11], [17, 18], [18, 19], [19, 20], [20, 21], [21, 22], [22, 23], [23, 24], [24, 25], [25, 26], [26, 27], [27, 28], [28, 29]]","[9, 10, 11, 12, 13, 15]","[9, 10, 11, 12, 14, 15, 16, 17]",True,
CHEMBL264_Ki,585,689,690,69,calibration,True,1.441648936557443,26.0,"[[2, 2], [3, 1], [4, 0], [5, 3], [6, 4], [7, 5], [8, 6], [9, 7], [10, 8], [11, 9], [12, 10], [13, 11], [14, 12], [15, 13], [16, 14], [17, 15], [18, 16], [19, 17], [20, 18], [21, 25], [22, 24], [23, 21], [24, 22], [25, 23], [26, 20], [27, 19]]","[0, 1, 2, 3, 5]",[],True,
CHEMBL264_Ki,598,711,729,73,calibration,True,1.0439054856990824,31.0,"[[0, 0], [1, 1], [2, 2], [3, 3], [4, 4], [5, 5], [6, 6], [7, 7], [8, 8], [9, 9], [10, 10], [11, 11], [12, 12], [13, 13], [14, 14], [15, 16], [16, 15], [17, 17], [18, 18], [19, 19], [20, 20], [21, 21], [22, 22], [23, 23], [24, 30], [25, 29], [26, 26], [27, 27], [28, 28], [29, 25], [30, 24]]","[5, 6, 7, 8]","[5, 6, 7, 8]",True,
CHEMBL264_Ki,615,766,1405,49,test,True,1.607579695092058,16.0,"[[0, 19], [1, 18], [2, 17], [3, 16], [4, 15], [6, 14], [7, 13], [8, 12], [9, 11], [10, 10], [11, 9], [12, 22], [14, 5], [15, 6], [25, 21], [26, 20]]","[1, 3, 4, 5, 6, 7, 11, 12, 13, 14, 15, 16, 17, 18, 19, 20, 21, 22, 23, 24, 25, 26]","[0, 1, 2, 3, 4, 5, 6, 7, 8, 9, 10, 13, 14, 15, 16, 18, 21, 22, 23, 24, 25]",True,
CHEMBL264_Ki,667,920,922,80,test,True,2.010655087550016,25.0,"[[1, 24], [2, 23], [3, 22], [4, 21], [5, 20], [6, 7], [7, 8], [8, 9], [9, 10], [10, 11], [11, 12], [12, 13], [13, 14], [14, 15], [15, 16], [16, 17], [17, 18], [18, 19], [19, 6], [20, 5], [21, 4], [22, 3], [23, 2], [24, 1], [25, 0]]","[0, 1, 2, 24]","[1, 23, 24, 25]",True,
CHEMBL264_Ki,670,933,936,81,test,True,1.3798295402150875,33.0,"[[0, 0], [1, 1], [2, 2], [3, 3], [4, 4], [5, 5], [6, 6], [7, 7], [8, 8], [9, 9], [10, 10], [11, 11], [12, 12], [13, 13], [14, 16], [15, 23], [16, 22], [17, 19], [18, 20], [19, 21], [20, 18], [21, 17], [22, 24], [23, 25], [24, 26], [25, 27], [26, 28], [27, 29], [28, 30], [29, 31], [30, 32], [31, 33], [32, 34]]","[11, 12, 13, 14, 15, 21]","[11, 12, 13, 14, 15, 16, 17, 23]",True,
CHEMBL264_Ki,673,940,942,82,test,True,1.1047353505200128,22.0,"[[1, 0], [2, 1], [3, 2], [4, 3], [5, 4], [6, 5], [7, 6], [8, 7], [9, 8], [10, 9], [11, 10], [12, 11], [13, 12], [14, 13], [15, 18], [16, 17], [17, 16], [18, 15], [19, 14], [20, 19], [21, 20], [22, 21]]","[0, 1, 2]",[],True,
CHEMBL264_Ki,679,954,962,84,calibration,True,1.4881166390211256,30.0,"[[0, 0], [1, 1], [2, 2], [3, 3], [4, 4], [5, 5], [6, 6], [7, 7], [8, 8], [9, 9], [10, 10], [11, 11], [12, 12], [13, 13], [14, 14], [15, 15], [16, 16], [17, 30], [18, 29], [19, 19], [20, 20], [21, 21], [22, 22], [23, 23], [24, 24], [25, 25], [26, 26], [29, 28], [30, 18], [31, 17]]","[24, 25, 26, 27, 28, 29]","[24, 25, 26, 27, 28]",True,
CHEMBL264_Ki,680,957,965,85,calibration,True,1.7283537820212285,36.0,"[[0, 0], [1, 1], [2, 2], [3, 3], [4, 4], [5, 5], [6, 6], [7, 7], [8, 8], [9, 9], [10, 10], [11, 11], [12, 12], [13, 13], [14, 14], [15, 15], [16, 16], [17, 35], [18, 34], [19, 19], [20, 20], [21, 21], [22, 22], [23, 23], [24, 24], [25, 25], [26, 26], [29, 29], [30, 28], [31, 27], [32, 32], [33, 31], [34, 30], [36, 33], [37, 18], [38, 17]]","[24, 25, 26, 27, 28, 29, 30, 34, 35, 36]","[24, 25, 26, 27, 28, 31, 32, 33]",True,
CHEMBL264_Ki,686,979,986,87,calibration,True,2.079982594811585,18.0,"[[0, 0], [1, 1], [2, 2], [3, 3], [4, 4], [5, 5], [6, 7], [7, 6], [8, 17], [9, 10], [10, 11], [11, 12], [12, 13], [13, 14], [14, 15], [15, 16], [16, 9], [17, 8]]","[4, 5, 6, 7, 17]","[4, 5, 6, 7, 17]",True,
CHEMBL264_Ki,718,995,2288,78,calibration,True,3.350040720496268,15.0,"[[0, 0], [1, 1], [2, 2], [9, 3], [10, 4], [12, 15], [13, 20], [15, 16], [16, 12], [17, 7], [18, 17], [19, 18], [20, 19], [21, 21], [23, 5]]","[1, 2, 3, 4, 5, 6, 7, 8, 9, 10, 11, 12, 13, 14, 15, 16, 17, 18, 19, 20, 21, 22, 23]","[0, 1, 2, 3, 4, 5, 6, 7, 8, 9, 10, 11, 12, 13, 14, 15, 16, 17, 18, 19, 20, 21]",True,
CHEMBL264_Ki,749,1035,1037,90,calibration,True,1.810052744602248,28.0,"[[0, 0], [1, 1], [2, 2], [3, 3], [4, 4], [5, 5], [6, 6], [7, 7], [8, 8], [9, 9], [10, 10], [11, 11], [12, 12], [13, 25], [14, 24], [15, 15], [16, 16], [17, 17], [19, 18], [20, 19], [21, 20], [22, 21], [23, 22], [24, 23], [25, 14], [26, 13], [27, 26], [28, 27]]","[16, 17, 18, 19]",[],True,
CHEMBL264_Ki,751,1045,1053,91,test,True,1.5440680443502757,24.0,"[[0, 0], [1, 1], [2, 2], [3, 3], [4, 4], [5, 5], [6, 6], [8, 10], [9, 11], [10, 12], [11, 13], [12, 14], [13, 15], [14, 16], [15, 17], [16, 18], [17, 19], [18, 20], [19, 21], [20, 22], [21, 23], [22, 24], [23, 25], [24, 26]]","[5, 6, 7, 8, 9, 21, 23]","[5, 6, 7, 8, 9, 10, 11, 23, 25]",True,
CHEMBL264_Ki,759,1069,2208,93,calibration,True,1.2616593037647066,19.0,"[[4, 15], [5, 14], [6, 13], [7, 12], [8, 11], [9, 10], [10, 9], [11, 8], [12, 1], [13, 2], [14, 3], [15, 4], [16, 5], [17, 6], [18, 7], [19, 18], [20, 19], [21, 17], [22, 16]]","[0, 1, 2, 3, 4, 5, 10, 11, 12, 13, 14, 15, 22]","[0, 1, 2, 3, 4, 6, 7, 8, 9, 18]",True,
CHEMBL264_Ki,789,1080,1082,96,test,True,1.23825621066341,37.0,"[[1, 1], [2, 2], [3, 3], [4, 4], [5, 5], [6, 6], [7, 7], [8, 8], [9, 9], [10, 10], [11, 11], [12, 12], [13, 13], [14, 14], [15, 15], [16, 16], [17, 17], [18, 18], [19, 19], [20, 0], [22, 20], [23, 21], [24, 36], [25, 35], [26, 24], [27, 25], [28, 26], [29, 27], [30, 28], [31, 29], [32, 30], [33, 31], [34, 32], [35, 33], [36, 34], [37, 23], [38, 22]]","[0, 1, 2, 20, 21, 22, 23]","[0, 1, 2, 20, 21]",True,
CHEMBL264_Ki,793,1093,1117,97,calibration,True,1.8645110810583925,27.0,"[[0, 0], [1, 1], [2, 2], [3, 3], [4, 4], [5, 5], [6, 6], [7, 7], [8, 24], [9, 8], [10, 9], [11, 10], [12, 11], [13, 12], [14, 13], [15, 14], [16, 15], [17, 20], [18, 19], [19, 18], [20, 17], [21, 16], [22, 21], [23, 22], [24, 23], [25, 26], [26, 27]]","[6, 7, 8, 9, 24]","[6, 7, 8, 9, 23, 24, 25]",True,
CHEMBL264_Ki,797,1095,1193,98,test,True,1.2332782113971374,27.0,"[[0, 20], [1, 21], [2, 19], [3, 22], [4, 23], [5, 16], [6, 14], [7, 15], [8, 13], [10, 10], [11, 9], [12, 8], [13, 7], [14, 6], [15, 28], [16, 29], [17, 3], [18, 1], [19, 0], [20, 2], [21, 4], [22, 5], [23, 27], [24, 26], [25, 11], [27, 17], [28, 18]]","[0, 1, 2, 3, 6, 8, 9, 10, 11, 24, 25, 26, 28]","[10, 11, 12, 13, 14, 18, 19, 20, 21, 22, 24, 25, 26, 27]",True,
CHEMBL264_Ki,806,1125,1134,100,test,True,2.0500735979974065,23.0,"[[3, 0], [4, 1], [5, 2], [6, 3], [7, 4], [8, 5], [9, 6], [10, 7], [11, 8], [12, 9], [13, 10], [14, 12], [15, 11], [16, 18], [17, 15], [18, 16], [19, 17], [20, 14], [21, 13], [22, 19], [23, 20], [24, 21], [25, 22]]","[0, 1, 2, 3, 4, 12, 13, 14, 15, 21, 22]","[9, 10, 11, 12, 18, 19]",True,
CHEMBL264_Ki,816,1149,1167,103,calibration,True,2.944482672150168,21.0,"[[0, 0], [1, 1], [2, 2], [3, 3], [4, 4], [5, 5], [6, 6], [7, 7], [8, 8], [9, 9], [10, 10], [11, 11], [12, 12], [13, 13], [14, 14], [16, 15], [17, 16], [18, 17], [19, 18], [20, 19], [21, 20]]","[1, 13, 14, 15, 16, 17, 21, 22, 23, 24, 25]","[1, 13, 14, 15, 16, 20, 21, 22, 23, 24]",True,
CHEMBL264_Ki,820,1153,1154,104,calibration,True,2.1315693155073125,26.0,"[[0, 0], [1, 1], [2, 2], [3, 3], [4, 4], [5, 5], [6, 6], [7, 7], [8, 8], [9, 9], [10, 10], [11, 11], [12, 12], [13, 13], [14, 14], [15, 15], [16, 16], [17, 17], [18, 18], [19, 19], [20, 20], [21, 22], [22, 23], [23, 24], [24, 25], [25, 26]]","[19, 20, 21, 22]","[19, 20, 21, 22, 23]",True,
CHEMBL264_Ki,839,1184,1189,106,test,True,2.4559319556497243,28.0,"[[0, 0], [1, 1], [2, 2], [3, 3], [4, 4], [5, 5], [6, 6], [7, 7], [8, 8], [9, 9], [10, 10], [11, 11], [12, 12], [13, 13], [14, 14], [15, 15], [16, 16], [17, 17], [18, 22], [19, 21], [21, 19], [22, 18], [23, 23], [24, 24], [25, 25], [26, 26], [27, 27], [28, 28]]","[18, 19, 20, 21, 22]","[18, 19, 20, 21, 22]",True,
CHEMBL264_Ki,870,1228,1991,107,test,True,1.326203675725508,23.0,"[[0, 0], [1, 1], [2, 2], [3, 3], [4, 4], [5, 5], [6, 6], [7, 7], [9, 9], [10, 10], [11, 11], [12, 12], [13, 13], [14, 14], [15, 19], [16, 18], [17, 17], [18, 16], [19, 15], [20, 20], [21, 21], [23, 23], [24, 24]]","[6, 7, 8, 9, 10, 22, 23, 24]","[6, 7, 8, 9, 10, 22, 23, 24]",True,
CHEMBL264_Ki,875,1232,2029,40,calibration,True,2.6020599913279625,19.0,"[[1, 4], [2, 20], [3, 21], [5, 6], [6, 7], [7, 8], [8, 9], [9, 10], [10, 11], [11, 16], [12, 15], [13, 14], [14, 13], [15, 12], [16, 17], [17, 18], [19, 1], [20, 2], [21, 3]]","[0, 1, 2, 3, 4, 5, 6, 18, 19, 20, 21]","[0, 1, 2, 3, 4, 5, 6, 7, 19, 20, 21]",True,
CHEMBL264_Ki,878,1236,1996,108,test,True,1.0601252700901842,27.0,"[[0, 1], [1, 3], [3, 5], [4, 6], [5, 7], [6, 8], [7, 9], [8, 10], [9, 11], [10, 12], [11, 13], [13, 15], [14, 16], [15, 17], [16, 18], [17, 19], [18, 20], [19, 25], [20, 24], [21, 23], [22, 22], [23, 21], [24, 26], [25, 27], [27, 29], [28, 30], [29, 31]]","[0, 1, 2, 3, 10, 11, 12, 13, 14, 26, 27, 28]","[0, 1, 2, 3, 4, 5, 12, 13, 14, 15, 16, 28, 29, 30]",True,
CHEMBL264_Ki,936,1273,1275,110,calibration,True,1.1201398537265312,33.0,"[[0, 3], [1, 2], [2, 1], [3, 0], [4, 5], [5, 6], [6, 7], [7, 8], [8, 9], [9, 10], [10, 11], [11, 12], [12, 13], [13, 14], [14, 15], [15, 16], [16, 17], [17, 18], [18, 23], [19, 22], [20, 21], [21, 20], [22, 19], [23, 24], [24, 25], [25, 26], [26, 27], [27, 28], [28, 29], [29, 30], [30, 31], [31, 32], [32, 33]]",[],"[2, 3, 4]",True,
CHEMBL264_Ki,937,1282,1283,111,calibration,True,1.778151250383644,28.0,"[[0, 0], [1, 1], [2, 2], [3, 3], [4, 4], [5, 5], [6, 6], [7, 7], [8, 8], [9, 9], [10, 10], [11, 11], [12, 12], [13, 13], [14, 15], [16, 16], [17, 17], [18, 18], [19, 19], [20, 20], [21, 21], [22, 22], [23, 23], [24, 27], [25, 26], [26, 25], [27, 24], [28, 28]]","[13, 14, 15, 16]","[12, 13, 14, 15]",True,
CHEMBL264_Ki,951,1320,1321,113,test,True,2.318063334962761,32.0,"[[0, 11], [1, 10], [2, 12], [3, 13], [4, 14], [5, 15], [6, 16], [7, 17], [8, 18], [9, 19], [10, 20], [11, 9], [12, 21], [13, 27], [14, 26], [15, 24], [16, 25], [17, 23], [18, 22], [19, 8], [20, 28], [21, 29], [22, 5], [23, 4], [24, 3], [25, 30], [26, 31], [27, 32], [28, 1], [30, 2], [31, 6], [32, 7]]","[27, 28, 29, 30]","[0, 1, 2, 32]",True,
CHEMBL264_Ki,961,1329,1441,115,test,True,2.903089986991944,20.0,"[[1, 10], [2, 9], [3, 8], [4, 7], [9, 1], [10, 0], [11, 17], [12, 18], [13, 19], [14, 20], [15, 21], [16, 22], [18, 24], [19, 23], [20, 25], [21, 26], [23, 15], [24, 13], [25, 11], [26, 12]]","[0, 1, 2, 3, 4, 5, 6, 7, 8, 9, 10, 11, 15, 16, 17, 18, 19, 22, 25]","[0, 1, 2, 3, 4, 5, 6, 7, 8, 11, 13, 14, 15, 16, 17, 21, 22, 23, 24]",True,
CHEMBL264_Ki,969,1339,1345,117,calibration,True,2.315588715834906,26.0,"[[0, 0], [1, 1], [2, 2], [3, 3], [4, 4], [5, 5], [6, 6], [7, 7], [8, 8], [9, 9], [10, 10], [11, 11], [12, 12], [13, 13], [14, 14], [15, 15], [16, 16], [17, 17], [18, 18], [19, 19], [20, 20], [21, 21], [22, 22], [23, 23], [24, 28], [25, 29]]",[],"[22, 23, 24, 25, 26, 27]",True,
CHEMBL264_Ki,990,1361,1457,114,test,True,2.544068044350276,19.0,"[[0, 0], [1, 1], [6, 7], [7, 8], [8, 9], [9, 10], [10, 11], [12, 13], [15, 16], [16, 17], [17, 18], [18, 19], [19, 20], [20, 21], [21, 24], [22, 23], [23, 22], [24, 25], [25, 26]]","[0, 1, 2, 3, 4, 5, 6, 7, 9, 10, 11, 12, 13, 14, 15]","[0, 1, 2, 3, 4, 5, 6, 7, 8, 10, 11, 12, 13, 14, 15, 16]",True,
CHEMBL264_Ki,1021,1376,1407,118,calibration,True,2.170261715394956,21.0,"[[0, 18], [1, 17], [2, 16], [3, 15], [4, 14], [5, 13], [6, 12], [7, 11], [8, 10], [9, 19], [10, 20], [11, 21], [12, 22], [13, 5], [14, 1], [15, 23], [16, 24], [17, 6], [18, 7], [19, 8], [20, 9]]","[12, 13, 14, 15, 16, 17]","[0, 1, 2, 3, 4, 5, 6, 22, 23, 24]",True,
CHEMBL264_Ki,1090,1471,2417,123,test,True,2.6118198286171186,15.0,"[[0, 6], [1, 5], [7, 7], [8, 8], [9, 9], [10, 10], [12, 18], [13, 19], [16, 4], [17, 3], [18, 16], [19, 17], [20, 12], [21, 21], [22, 20]]","[0, 1, 2, 3, 4, 5, 6, 7, 8, 9, 10, 11, 12, 13, 14, 15, 16, 17, 18, 19, 20, 21, 22]","[0, 1, 2, 3, 4, 5, 6, 7, 8, 9, 10, 11, 12, 13, 14, 15, 16, 17, 18, 19, 20, 21]",True,
CHEMBL264_Ki,1106,1484,1492,125,calibration,True,1.154901959985743,19.0,"[[1, 1], [3, 3], [4, 4], [5, 5], [6, 6], [7, 7], [8, 8], [9, 9], [10, 10], [11, 11], [12, 12], [13, 13], [14, 14], [15, 15], [16, 16], [17, 17], [18, 18], [19, 19], [20, 20]]","[0, 1, 2, 3]","[0, 1, 2, 3]",True,
CHEMBL264_Ki,1122,1546,1550,129,calibration,True,1.6222633774162487,26.0,"[[0, 0], [1, 1], [2, 2], [3, 3], [4, 18], [5, 17], [6, 16], [7, 14], [8, 15], [9, 13], [10, 22], [11, 23], [12, 24], [13, 8], [14, 7], [15, 6], [16, 25], [17, 26], [19, 4], [20, 5], [21, 9], [22, 10], [23, 11], [24, 12], [25, 21], [26, 20]]","[1, 3, 4, 5, 16, 17, 18, 19, 20, 25, 26]","[1, 3, 4, 5, 17, 18, 19, 20, 21, 25, 26]",True,
CHEMBL264_Ki,1123,1551,1553,130,calibration,True,1.487340419901348,28.0,"[[0, 0], [1, 1], [2, 2], [3, 3], [4, 4], [5, 5], [6, 6], [7, 7], [8, 18], [9, 27], [10, 26], [11, 21], [12, 22], [13, 23], [14, 24], [15, 25], [16, 20], [17, 19], [18, 14], [19, 15], [20, 16], [21, 17], [22, 8], [23, 9], [24, 10], [25, 11], [26, 12], [27, 13]]","[0, 1, 2, 6, 7, 8, 9, 17, 22, 23, 27]","[0, 1, 2, 6, 7, 8, 9, 13, 18, 19, 27]",True,
CHEMBL264_Ki,1124,1554,1555,131,test,True,1.221848749616358,28.0,"[[0, 0], [1, 1], [2, 2], [3, 3], [5, 4], [6, 5], [7, 6], [8, 7], [9, 8], [10, 9], [11, 10], [12, 11], [13, 12], [14, 13], [15, 14], [16, 15], [17, 20], [18, 19], [19, 18], [20, 17], [21, 16], [22, 21], [23, 22], [24, 23], [25, 24], [26, 25], [27, 26], [28, 27]]","[1, 3, 4, 5, 6, 28]","[1, 3, 4, 5, 27]",True,
CHEMBL264_Ki,1125,1556,1559,132,test,True,2.1760912590556813,28.0,"[[0, 0], [1, 1], [2, 2], [3, 3], [4, 4], [5, 5], [6, 6], [7, 7], [8, 8], [9, 22], [10, 23], [11, 24], [12, 25], [13, 26], [14, 27], [15, 19], [16, 20], [17, 21], [18, 9], [19, 18], [20, 17], [21, 12], [22, 13], [23, 16], [24, 15], [25, 14], [26, 11], [27, 10]]","[0, 1, 2, 7, 8, 9, 10, 14, 18, 19, 27]","[0, 1, 2, 7, 8, 9, 10, 18, 22, 23, 27]",True,
CHEMBL264_Ki,1126,1560,1562,133,test,True,1.8169038393756605,27.0,"[[0, 0], [1, 1], [2, 2], [3, 3], [4, 4], [5, 5], [6, 6], [7, 7], [8, 8], [9, 9], [10, 10], [11, 11], [12, 12], [13, 13], [14, 14], [15, 15], [16, 16], [17, 18], [18, 23], [19, 22], [20, 21], [21, 20], [22, 19], [23, 24], [24, 25], [25, 26], [26, 27]]",[],"[15, 16, 17, 18]",True,
CHEMBL264_Ki,1127,1561,1563,134,test,True,1.539912084579118,28.0,"[[0, 0], [1, 1], [2, 2], [3, 3], [4, 4], [5, 5], [6, 6], [7, 7], [8, 8], [9, 9], [10, 11], [11, 12], [12, 13], [13, 14], [14, 15], [15, 16], [16, 17], [17, 18], [18, 19], [19, 28], [20, 27], [21, 22], [22, 23], [23, 26], [24, 25], [25, 24], [26, 21], [27, 20]]",[],"[8, 9, 10, 11]",True,
CHEMBL264_Ki,1208,1675,1686,136,test,True,2.0174128015176818,19.0,"[[0, 0], [1, 1], [2, 2], [3, 3], [4, 4], [5, 5], [6, 6], [9, 8], [10, 9], [11, 10], [12, 11], [13, 12], [14, 13], [15, 14], [16, 15], [17, 17], [18, 16], [19, 18], [20, 19]]","[5, 6, 7, 8, 9, 10, 21]","[5, 6, 7, 8, 9, 20, 21]",True,
CHEMBL264_Ki,1266,1687,1692,64,test,True,2.798713409298532,19.0,"[[0, 0], [1, 1], [2, 2], [3, 3], [4, 4], [5, 5], [6, 6], [7, 7], [8, 8], [9, 9], [12, 12], [13, 13], [14, 14], [15, 19], [16, 18], [18, 16], [19, 15], [21, 22], [22, 23]]","[7, 9, 10, 11, 12, 13, 15, 16, 17, 18, 19, 20]","[7, 9, 10, 11, 12, 13, 15, 16, 17, 18, 19, 20, 21]",True,
CHEMBL264_Ki,1302,1706,2236,94,calibration,True,3.523067527931389,16.0,"[[4, 8], [5, 9], [6, 24], [7, 23], [8, 12], [9, 13], [10, 14], [11, 15], [12, 16], [13, 17], [14, 22], [15, 21], [17, 19], [18, 18], [19, 11], [20, 10]]","[0, 1, 2, 3, 4, 5, 14, 15, 16, 17, 18, 21, 22]","[0, 1, 2, 3, 4, 5, 6, 7, 8, 9, 18, 19, 20, 21, 22, 25, 26, 27, 28]",True,
CHEMBL264_Ki,1316,1742,1874,32,calibration,True,2.475263969714096,26.0,"[[1, 0], [2, 1], [3, 3], [4, 4], [5, 5], [6, 6], [7, 7], [8, 8], [10, 9], [11, 10], [12, 11], [13, 12], [14, 13], [15, 14], [16, 15], [17, 16], [18, 17], [19, 18], [21, 19], [22, 24], [23, 23], [24, 22], [25, 21], [26, 20], [27, 25], [28, 26]]","[0, 1, 2, 3, 4, 7, 8, 9, 10, 11, 20, 21, 22, 25, 26, 27, 28]","[0, 1, 2, 3, 4, 7, 8, 9, 10, 19, 20, 23, 24, 25, 26]",True,
CHEMBL264_Ki,1319,1781,1785,141,calibration,True,1.1999903685113882,25.0,"[[0, 0], [1, 1], [2, 2], [3, 3], [4, 4], [5, 5], [6, 6], [7, 7], [8, 8], [9, 9], [10, 10], [11, 11], [12, 12], [13, 13], [14, 14], [15, 15], [16, 16], [17, 17], [18, 18], [19, 19], [20, 20], [27, 24], [28, 25], [29, 26], [30, 27]]","[19, 20, 21, 22, 23, 24, 25, 26]","[19, 20, 21, 22, 23]",True,
CHEMBL264_Ki,1383,1848,1851,144,test,True,1.41971978299528,23.0,"[[0, 0], [1, 1], [2, 2], [3, 3], [4, 4], [5, 5], [6, 6], [7, 7], [8, 8], [9, 9], [10, 10], [11, 11], [12, 12], [13, 13], [14, 14], [15, 16], [16, 17], [17, 18], [18, 19], [19, 20], [20, 21], [21, 22], [22, 23]]","[13, 14, 15, 16, 19, 20]","[13, 14, 15, 16, 17, 20, 21]",True,
CHEMBL264_Ki,1385,1849,1853,145,test,True,2.066946789630613,24.0,"[[0, 0], [1, 1], [2, 2], [3, 3], [4, 4], [5, 5], [6, 6], [7, 7], [8, 9], [9, 10], [10, 11], [11, 12], [12, 13], [13, 14], [14, 15], [15, 16], [16, 17], [17, 18], [18, 19], [19, 20], [20, 23], [21, 22], [22, 21], [23, 25]]","[6, 7, 8, 9, 12, 13, 18, 19, 20, 21, 22]","[6, 7, 8, 9, 10, 13, 14, 19, 20, 21, 22, 23, 24]",True,
CHEMBL264_Ki,1399,1891,1901,137,calibration,True,2.204119982655927,24.0,"[[0, 0], [1, 1], [2, 2], [3, 3], [4, 4], [5, 5], [6, 6], [7, 7], [8, 8], [9, 9], [10, 11], [11, 10], [12, 23], [13, 14], [14, 15], [15, 16], [16, 17], [17, 18], [18, 19], [19, 20], [20, 21], [21, 22], [22, 13], [23, 12]]","[8, 9, 10, 11, 23]","[8, 9, 10, 11, 23]",True,
CHEMBL264_Ki,1405,1951,1953,147,calibration,True,1.1773060695873625,20.0,"[[0, 0], [1, 1], [2, 2], [3, 3], [4, 4], [5, 5], [6, 6], [8, 8], [9, 9], [10, 10], [11, 11], [12, 12], [13, 13], [14, 14], [16, 15], [17, 16], [18, 17], [19, 18], [20, 19], [21, 20]]","[5, 6, 7, 8, 12, 14, 15, 16]","[5, 6, 7, 8]",True,
CHEMBL264_Ki,1407,1970,1979,148,calibration,True,1.1362197470179891,20.0,"[[0, 0], [1, 1], [2, 2], [3, 3], [4, 4], [5, 5], [8, 8], [9, 9], [10, 10], [11, 11], [12, 12], [13, 13], [14, 14], [15, 17], [16, 16], [17, 15], [18, 19], [19, 20], [22, 23], [23, 24]]","[4, 5, 6, 7, 8, 9, 13, 14, 15, 16, 17, 20, 21]","[4, 5, 6, 7, 8, 9, 13, 14, 15, 16, 17, 18, 21, 22]",True,
CHEMBL264_Ki,1409,1992,2050,149,test,True,1.0969100130080562,13.0,"[[11, 15], [12, 16], [13, 17], [14, 18], [15, 19], [16, 20], [17, 25], [18, 24], [19, 23], [20, 22], [21, 21], [22, 26], [23, 27]]","[0, 1, 2, 3, 4, 5, 6, 7, 8, 9, 10, 11, 12, 24, 25, 26]","[0, 1, 2, 3, 4, 5, 6, 7, 8, 9, 10, 11, 12, 13, 14, 15, 16, 28, 29]",True,
CHEMBL264_Ki,1430,2047,2048,153,calibration,True,1.2536243267232328,25.0,"[[0, 0], [1, 1], [2, 2], [6, 6], [7, 7], [8, 8], [9, 9], [10, 10], [11, 11], [12, 12], [13, 13], [14, 14], [15, 15], [16, 20], [17, 19], [18, 18], [19, 17], [20, 16], [21, 21], [22, 22], [23, 23], [25, 25], [26, 28], [27, 27], [28, 26]]","[1, 2, 3, 4, 5, 6, 7, 24]","[1, 2, 3, 4, 5, 6, 7, 24]",True,
CHEMBL264_Ki,1434,2173,2491,155,test,True,1.8985475294444016,27.0,"[[0, 0], [1, 1], [2, 2], [3, 3], [4, 4], [6, 5], [7, 6], [8, 7], [9, 8], [10, 10], [11, 25], [12, 24], [13, 13], [14, 14], [15, 15], [16, 16], [17, 17], [18, 18], [19, 19], [20, 20], [21, 21], [22, 23], [23, 22], [24, 12], [25, 11], [26, 26], [27, 27]]","[3, 4, 5, 6, 7, 8, 9, 10, 11, 13, 14, 15, 16, 17, 18, 22, 23, 25]","[3, 4, 5, 6, 7, 8, 9, 10, 11, 13, 14, 15, 16, 17, 18, 22, 23, 25]",True,
CHEMBL264_Ki,1437,2189,2196,156,calibration,True,1.1899966678712517,15.0,"[[0, 11], [1, 10], [2, 9], [3, 8], [4, 7], [5, 6], [6, 13], [7, 14], [8, 15], [9, 16], [10, 17], [12, 1], [13, 2], [17, 5], [18, 12]]","[5, 9, 10, 11, 12, 13, 14, 15, 16, 17]","[0, 1, 2, 3, 4, 5, 6, 16, 17, 18]",True,
CHEMBL264_Ki,1443,2217,2767,158,test,True,1.456680094477118,19.0,"[[1, 1], [2, 2], [3, 3], [4, 4], [5, 5], [6, 6], [7, 7], [8, 8], [9, 9], [10, 10], [11, 11], [12, 12], [14, 23], [15, 24], [16, 25], [17, 26], [18, 27], [22, 28], [23, 29]]","[0, 1, 2, 11, 12, 13, 14, 15, 18, 19, 20, 21, 22, 23]","[0, 1, 2, 11, 12, 13, 14, 15, 16, 17, 18, 19, 20, 21, 22, 23, 24, 27, 28, 29]",True,
CHEMBL264_Ki,1454,2241,2574,160,calibration,True,1.1948022227752857,20.0,"[[0, 0], [1, 1], [2, 2], [3, 3], [4, 4], [5, 5], [6, 6], [7, 7], [18, 8], [19, 9], [20, 10], [21, 24], [22, 23], [23, 13], [24, 14], [25, 15], [26, 16], [27, 17], [34, 12], [35, 11]]","[6, 7, 8, 9, 10, 11, 12, 13, 14, 15, 16, 17, 18, 26, 27, 28, 29, 30, 31, 32, 33]","[16, 17, 18, 19, 20, 21, 22]",True,
CHEMBL264_Ki,1462,2277,2278,162,calibration,True,1.431363764158987,37.0,"[[0, 0], [1, 1], [2, 2], [3, 3], [4, 4], [5, 5], [6, 6], [7, 7], [8, 8], [9, 9], [10, 10], [11, 11], [12, 13], [13, 14], [14, 15], [15, 16], [16, 17], [17, 18], [18, 19], [19, 20], [20, 21], [21, 34], [22, 33], [23, 24], [24, 25], [25, 26], [26, 27], [27, 28], [28, 29], [29, 30], [30, 31], [31, 32], [32, 23], [33, 22], [34, 35], [35, 36], [36, 37]]",[],"[10, 11, 12, 13]",True,
CHEMBL264_Ki,1486,2330,2332,163,test,True,1.1000257301078626,20.0,"[[2, 1], [3, 2], [4, 3], [7, 6], [8, 7], [9, 8], [10, 9], [11, 10], [12, 11], [13, 12], [14, 13], [15, 14], [16, 15], [17, 16], [18, 17], [19, 20], [20, 19], [21, 18], [22, 21], [23, 22]]","[0, 1, 2, 3, 4, 5, 6, 7, 8, 24, 25]","[0, 1, 2, 3, 4, 5, 6, 7, 23, 24]",True,
CHEMBL264_Ki,1518,2426,2429,168,calibration,True,1.340127856555914,14.0,"[[0, 10], [1, 9], [2, 8], [3, 7], [4, 6], [5, 5], [6, 4], [7, 12], [8, 13], [9, 0], [10, 1], [11, 2], [12, 3], [13, 11]]","[7, 8, 9, 10, 11, 12]","[0, 1, 2, 3, 12, 13]",True,
CHEMBL264_Ki,1520,2441,2450,170,test,True,1.7213475243438916,28.0,"[[0, 25], [1, 24], [2, 26], [3, 23], [4, 22], [5, 21], [6, 20], [7, 19], [8, 18], [9, 17], [10, 16], [11, 3], [12, 4], [13, 5], [14, 6], [15, 7], [16, 8], [17, 9], [18, 10], [19, 11], [20, 14], [21, 13], [22, 12], [23, 15], [24, 2], [25, 1], [27, 28], [28, 27]]","[8, 24, 25, 26]","[0, 1, 2, 18]",True,
CHEMBL264_Ki,1535,2502,2518,171,calibration,True,2.7829501332654107,25.0,"[[1, 2], [3, 3], [4, 4], [5, 5], [6, 6], [7, 7], [8, 8], [9, 9], [10, 10], [11, 11], [12, 12], [13, 13], [14, 14], [15, 22], [16, 21], [17, 17], [18, 18], [19, 0], [20, 1], [21, 16], [22, 15], [23, 23], [24, 24], [25, 26], [26, 25]]","[0, 1, 2, 3, 4, 5, 6, 7, 17, 18, 19, 20, 25, 26]","[0, 1, 2, 3, 4, 5, 6, 7, 17, 18, 19, 20, 25, 26]",True,
CHEMBL264_Ki,1553,2538,2542,174,calibration,True,1.0930291495163835,28.0,"[[0, 0], [1, 1], [2, 2], [3, 3], [4, 4], [5, 5], [6, 6], [7, 7], [8, 8], [9, 9], [10, 10], [11, 11], [12, 12], [13, 13], [14, 14], [15, 20], [16, 19], [17, 18], [18, 23], [19, 22], [20, 15], [22, 16], [23, 17], [24, 24], [25, 25], [26, 26], [27, 27], [28, 28]]","[13, 14, 15, 16, 18, 19, 20, 21, 22, 24]","[13, 14, 15, 16, 19, 20, 21, 22, 23, 24]",True,
CHEMBL264_Ki,1625,2632,2633,176,test,True,1.3037358890399062,18.0,"[[0, 0], [1, 1], [2, 2], [3, 3], [4, 4], [5, 5], [6, 6], [7, 7], [8, 8], [9, 9], [10, 10], [12, 11], [14, 12], [15, 13], [16, 14], [17, 15], [18, 16], [19, 17]]","[9, 10, 11, 12, 13, 14, 15, 17]","[9, 10, 11, 12, 13, 15]",True,
CHEMBL264_Ki,1636,2649,2662,179,calibration,True,1.258832315869526,27.0,"[[0, 0], [1, 1], [2, 2], [3, 3], [4, 4], [5, 5], [6, 6], [7, 7], [8, 8], [9, 10], [10, 11], [11, 12], [12, 13], [13, 14], [14, 15], [15, 16], [16, 17], [17, 18], [18, 19], [19, 20], [20, 25], [21, 24], [22, 23], [23, 22], [24, 21], [25, 26], [26, 27]]",[],"[7, 8, 9, 10]",True,
CHEMBL264_Ki,1654,2674,2675,181,calibration,True,1.0122344564170112,26.0,"[[0, 0], [1, 1], [2, 2], [3, 3], [4, 4], [5, 5], [6, 6], [7, 7], [8, 8], [9, 9], [10, 10], [11, 11], [12, 12], [13, 13], [14, 14], [15, 15], [16, 16], [17, 17], [18, 18], [19, 19], [21, 20], [22, 21], [23, 22], [24, 23], [25, 24], [26, 25]]","[18, 19, 20, 21, 22, 24]","[18, 19, 20, 21, 23]",True,
CHEMBL264_Ki,1663,2739,2757,183,test,True,2.1462096623079123,24.0,"[[0, 0], [1, 1], [2, 2], [3, 3], [4, 4], [5, 5], [6, 7], [7, 8], [8, 9], [9, 10], [10, 11], [11, 12], [12, 13], [15, 23], [16, 22], [17, 17], [18, 18], [19, 21], [20, 20], [21, 19], [23, 16], [24, 15], [25, 24], [26, 25]]","[4, 5, 6, 7, 11, 12, 13, 14, 15, 16, 17, 18, 19, 20, 21, 22, 23, 24, 25]","[4, 5, 6, 7, 8, 12, 13, 14, 15, 16, 17, 18, 19, 20, 21, 22, 23, 24]",True,
CHEMBL264_Ki,1665,2742,2750,184,test,True,1.6728433296002034,30.0,"[[0, 0], [1, 1], [2, 2], [3, 3], [4, 4], [5, 5], [12, 7], [13, 8], [14, 9], [15, 10], [16, 11], [17, 12], [18, 13], [19, 14], [20, 15], [21, 24], [22, 23], [23, 18], [24, 19], [25, 20], [26, 21], [27, 22], [28, 17], [29, 16], [30, 25], [31, 26], [32, 27], [33, 28], [34, 29], [35, 30]]","[4, 5, 6, 7, 8, 9, 10, 11, 12, 13]","[4, 5, 6, 7, 8]",True,
CHEMBL264_Ki,1739,2804,2805,186,test,True,1.1760912590556811,32.0,"[[0, 0], [1, 1], [2, 2], [3, 3], [4, 4], [5, 5], [6, 6], [7, 7], [8, 8], [9, 9], [10, 10], [11, 11], [12, 12], [13, 13], [14, 14], [15, 15], [16, 16], [17, 17], [18, 19], [19, 20], [20, 21], [21, 22], [22, 23], [23, 24], [24, 25], [25, 26], [26, 27], [27, 28], [28, 32], [29, 31], [30, 30], [31, 29]]",[],"[13, 16, 17, 18]",True,
CHEMBL264_Ki,1743,2808,2816,187,test,True,1.460730838531493,32.0,"[[0, 0], [1, 1], [2, 2], [3, 3], [4, 4], [5, 5], [6, 6], [7, 7], [8, 9], [9, 10], [10, 11], [11, 12], [12, 13], [13, 14], [14, 15], [15, 16], [16, 17], [17, 18], [18, 19], [19, 20], [21, 21], [22, 22], [23, 23], [24, 24], [25, 25], [26, 26], [27, 27], [28, 28], [29, 29], [30, 30], [31, 31], [32, 32]]","[18, 19, 20, 21, 22, 25]","[6, 7, 8, 9, 19, 20, 21, 22, 25]",True,
CHEMBL2835_Ki,2,8,94,1,calibration,True,1.2141448760911802,15.0,"[[0, 0], [1, 1], [2, 2], [3, 3], [4, 4], [5, 5], [6, 6], [10, 11], [11, 12], [12, 13], [13, 14], [14, 15], [15, 16], [16, 17], [17, 18]]","[2, 5, 6, 7, 8, 9, 10, 11, 15, 16]","[2, 5, 6, 7, 8, 9, 10, 11, 12, 16, 17]",True,
CHEMBL2835_Ki,4,15,17,2,test,True,1.920818753952375,20.0,"[[0, 2], [1, 3], [2, 4], [3, 5], [4, 6], [5, 7], [6, 8], [7, 9], [8, 10], [9, 11], [10, 12], [11, 13], [12, 14], [13, 15], [14, 16], [15, 17], [16, 18], [17, 19], [18, 20], [19, 21]]",[],"[0, 1, 2, 3]",True,
CHEMBL2835_Ki,8,40,43,5,calibration,True,2.0621479067488444,18.0,"[[0, 0], [1, 1], [2, 2], [3, 3], [4, 4], [5, 5], [6, 6], [7, 7], [8, 8], [9, 9], [10, 10], [11, 11], [12, 12], [13, 13], [14, 14], [15, 15], [16, 16], [18, 18]]","[13, 15, 16, 17, 18]","[13, 15, 16, 17, 18]",True,
CHEMBL2835_Ki,13,48,56,7,test,True,1.6690067809585756,24.0,"[[0, 0], [1, 1], [2, 2], [3, 3], [4, 4], [6, 5], [7, 6], [8, 7], [9, 8], [10, 9], [11, 10], [12, 11], [13, 12], [14, 13], [15, 14], [16, 15], [17, 16], [18, 17], [19, 18], [20, 19], [21, 20], [22, 21], [23, 22], [24, 23]]","[1, 4, 5, 6, 7, 19, 20, 21, 22, 23, 24, 25]","[1, 4, 5, 6, 18, 19, 20, 21, 22, 23, 24]",True,
CHEMBL2835_Ki,16,70,76,8,test,True,1.1710704576806306,25.0,"[[0, 0], [1, 1], [2, 2], [3, 3], [4, 4], [5, 5], [6, 6], [7, 7], [8, 8], [9, 9], [10, 10], [12, 11], [13, 12], [17, 13], [18, 14], [19, 15], [20, 16], [21, 17], [22, 18], [23, 19], [24, 20], [25, 21], [26, 22], [27, 23], [28, 24]]","[9, 10, 11, 12, 13, 14, 15, 16]","[9, 10, 11, 12]",True,
CHEMBL2835_Ki,20,80,81,10,calibration,True,1.0413926851582254,23.0,"[[0, 0], [1, 1], [2, 2], [3, 3], [4, 4], [5, 5], [6, 6], [7, 7], [8, 8], [9, 9], [10, 10], [11, 11], [12, 12], [13, 13], [14, 14], [15, 15], [16, 16], [17, 17], [18, 18], [19, 20], [20, 21], [22, 24], [23, 25]]","[17, 18, 19, 20, 21, 22]","[17, 18, 19, 20, 21, 22, 23, 24]",True,
CHEMBL2835_Ki,23,117,130,11,calibration,True,1.3424226808222066,17.0,"[[0, 0], [1, 1], [2, 2], [3, 3], [4, 4], [5, 5], [6, 6], [7, 7], [8, 9], [9, 10], [10, 11], [11, 12], [12, 13], [13, 14], [14, 15], [15, 16], [16, 17]]",[],"[6, 7, 8, 9]",True,
CHEMBL2835_Ki,30,142,156,13,test,True,2.3424226808222066,19.0,"[[0, 0], [1, 1], [2, 2], [3, 3], [4, 4], [5, 5], [6, 6], [7, 7], [8, 8], [9, 9], [10, 10], [17, 16], [18, 17], [19, 18], [20, 19], [21, 20], [22, 21], [23, 22], [24, 23]]","[9, 10, 11, 12, 13, 14, 15, 16, 17]","[9, 10, 11, 12, 13, 14, 15, 16]",True,
CHEMBL2835_Ki,34,147,155,14,calibration,True,1.9700367766225568,21.0,"[[2, 0], [3, 1], [5, 2], [6, 3], [7, 4], [8, 5], [9, 6], [10, 7], [11, 8], [12, 9], [13, 10], [14, 11], [15, 12], [16, 13], [17, 14], [18, 15], [19, 16], [20, 17], [21, 18], [22, 19], [23, 20]]","[0, 1, 2, 3, 4, 5, 6, 23]","[0, 1, 2, 3, 20]",True,
CHEMBL2835_Ki,39,445,553,18,test,True,1.0619548440731157,36.0,"[[0, 0], [1, 1], [2, 2], [3, 3], [4, 4], [5, 5], [6, 7], [7, 9], [9, 10], [10, 11], [11, 12], [12, 13], [13, 14], [14, 15], [15, 16], [16, 17], [17, 18], [18, 19], [19, 20], [20, 21], [21, 22], [22, 23], [23, 24], [24, 25], [25, 26], [26, 27], [27, 28], [28, 29], [29, 30], [30, 31], [31, 32], [32, 33], [33, 34], [34, 35], [35, 36], [36, 37]]","[4, 5, 6, 7, 8, 9, 10, 11, 12, 13, 15]","[4, 5, 6, 7, 8, 9, 11, 12, 13, 14, 16]",True,
CHEMBL287_Ki,9,8,28,1,calibration,True,1.2925694459839292,27.0,"[[0, 0], [1, 1], [2, 2], [3, 3], [4, 4], [6, 5], [7, 6], [8, 7], [9, 8], [10, 9], [11, 10], [12, 11], [13, 12], [14, 13], [15, 25], [16, 24], [17, 16], [18, 17], [19, 18], [20, 23], [21, 22], [22, 21], [23, 20], [24, 19], [25, 15], [26, 14], [27, 26]]","[2, 3, 4, 5, 6, 7, 27]","[2, 3, 4, 5, 6, 26]",True,
CHEMBL287_Ki,32,40,47,5,calibration,True,1.2518119729938002,21.0,"[[2, 6], [3, 5], [4, 4], [5, 3], [6, 2], [7, 7], [8, 8], [9, 9], [10, 10], [11, 11], [12, 12], [13, 13], [14, 14], [15, 15], [16, 20], [17, 19], [18, 18], [19, 17], [20, 16], [21, 21], [22, 22]]","[0, 1, 2, 3, 7, 9, 10, 11, 22]","[0, 1, 2, 3, 7, 9, 10, 11, 22]",True,
CHEMBL287_Ki,55,66,80,9,test,True,1.1919870945745794,23.0,"[[0, 0], [1, 1], [2, 2], [3, 3], [4, 4], [5, 5], [6, 6], [11, 7], [12, 8], [13, 9], [14, 10], [15, 11], [16, 12], [17, 13], [18, 14], [19, 15], [20, 20], [21, 19], [22, 18], [23, 17], [24, 16], [25, 24], [26, 25]]","[5, 6, 7, 8, 9, 10, 11, 12]","[17, 18, 19, 20, 21, 22, 23]",True,
CHEMBL287_Ki,95,109,767,12,test,True,1.0042062748360223,15.0,"[[0, 0], [1, 1], [2, 2], [3, 3], [4, 4], [5, 5], [6, 6], [7, 7], [8, 8], [9, 9], [10, 10], [17, 20], [18, 19], [19, 18], [20, 17]]","[8, 10, 11, 12, 13, 14, 15, 16, 17, 18, 20]","[8, 10, 11, 12, 13, 14, 15, 16, 17, 19, 20, 21]",True,
CHEMBL287_Ki,100,129,467,17,calibration,True,1.7323937598229673,24.0,"[[0, 0], [1, 1], [2, 2], [3, 3], [4, 4], [5, 5], [6, 12], [7, 10], [8, 11], [9, 8], [10, 9], [11, 7], [12, 6], [14, 13], [15, 14], [16, 15], [17, 16], [18, 17], [19, 18], [20, 19], [21, 20], [22, 21], [23, 22], [24, 23]]","[5, 11, 12, 13]",[],True,
CHEMBL287_Ki,101,130,591,18,test,True,2.362602296653412,17.0,"[[2, 0], [3, 1], [4, 3], [5, 4], [6, 5], [7, 6], [8, 7], [9, 8], [10, 9], [11, 10], [12, 11], [13, 12], [14, 13], [15, 14], [16, 15], [17, 16], [18, 17]]","[0, 1, 2, 3, 4, 5, 18]","[0, 1, 2, 3, 4, 17]",True,
CHEMBL287_Ki,103,139,156,19,test,True,1.0352133213459336,19.0,"[[0, 0], [1, 1], [2, 2], [3, 3], [4, 4], [5, 5], [6, 6], [7, 7], [8, 8], [10, 9], [11, 10], [12, 11], [13, 12], [14, 13], [15, 14], [16, 15], [17, 16], [18, 17], [19, 18]]","[7, 8, 9, 10]",[],True,
CHEMBL287_Ki,105,145,157,21,calibration,True,1.0538464268522525,28.0,"[[0, 0], [1, 1], [2, 2], [3, 3], [4, 4], [5, 5], [6, 6], [7, 7], [8, 8], [9, 9], [11, 10], [12, 12], [13, 13], [14, 14], [15, 15], [16, 28], [17, 27], [18, 18], [19, 19], [20, 20], [21, 21], [22, 22], [23, 23], [24, 24], [25, 25], [26, 26], [27, 17], [28, 16]]","[8, 9, 10, 11]","[9, 10, 11, 12]",True,
CHEMBL287_Ki,107,147,312,22,test,True,3.256185150257377,13.0,"[[5, 8], [6, 7], [7, 6], [8, 5], [9, 4], [10, 3], [11, 11], [12, 12], [13, 0], [14, 1], [15, 2], [16, 10], [17, 9]]","[0, 1, 2, 3, 4, 5, 6, 17, 18, 19]",[],True,
CHEMBL287_Ki,114,178,526,14,calibration,True,2.804480189105992,20.0,"[[5, 0], [6, 1], [8, 10], [9, 11], [10, 12], [11, 13], [12, 14], [13, 15], [14, 16], [15, 17], [16, 18], [17, 19], [19, 2], [20, 3], [21, 4], [22, 5], [23, 6], [24, 7], [25, 8], [26, 9]]","[0, 1, 2, 3, 4, 5, 6, 7, 8, 18, 19, 20]","[0, 1, 2, 3, 10]",True,
CHEMBL287_Ki,141,212,244,27,test,True,1.9486258421908784,22.0,"[[0, 0], [1, 1], [2, 2], [3, 3], [4, 4], [5, 5], [6, 6], [7, 7], [9, 9], [10, 10], [11, 11], [12, 12], [13, 13], [14, 14], [15, 15], [16, 16], [17, 17], [18, 22], [19, 21], [20, 20], [21, 19], [22, 18]]","[6, 7, 8, 9]","[6, 7, 8, 9]",True,
CHEMBL287_Ki,150,225,690,25,calibration,True,2.350904052419488,23.0,"[[0, 5], [1, 6], [2, 4], [3, 3], [4, 2], [5, 1], [6, 0], [7, 22], [8, 21], [11, 12], [12, 11], [13, 10], [14, 9], [15, 8], [16, 7], [17, 13], [18, 18], [19, 17], [20, 16], [21, 15], [22, 14], [23, 20], [24, 19]]","[0, 1, 2, 3, 9, 10, 11, 12, 15, 16, 17, 18, 22]","[3, 4, 5, 6, 7, 8, 11, 12, 13, 14, 18]",True,
CHEMBL287_Ki,161,256,1326,7,calibration,True,2.36813502704599,25.0,"[[0, 0], [1, 1], [3, 3], [4, 2], [5, 11], [6, 10], [7, 5], [8, 6], [9, 7], [10, 8], [11, 9], [12, 4], [13, 12], [15, 13], [16, 14], [17, 15], [18, 16], [19, 17], [20, 22], [21, 21], [22, 20], [23, 19], [24, 18], [25, 23], [26, 24]]","[0, 1, 2, 3, 4, 12, 13, 14, 15, 16, 25, 26]","[0, 1, 2, 3, 11, 12, 13, 14, 23, 24]",True,
CHEMBL287_Ki,164,273,282,28,test,True,1.5614919362670152,19.0,"[[0, 0], [1, 1], [2, 2], [3, 3], [4, 4], [5, 5], [6, 6], [7, 7], [8, 8], [9, 9], [10, 10], [11, 11], [12, 12], [13, 13], [14, 14], [15, 15], [16, 16], [20, 24], [21, 25]]","[15, 16, 17, 18, 19]","[15, 16, 17, 18, 19, 20, 21, 22, 23]",True,
CHEMBL287_Ki,168,295,648,30,calibration,True,1.4751953336836232,21.0,"[[0, 0], [1, 1], [2, 2], [3, 3], [4, 4], [5, 5], [6, 6], [7, 7], [8, 8], [9, 9], [10, 10], [11, 11], [12, 12], [13, 13], [14, 14], [15, 15], [16, 22], [17, 23], [18, 24], [19, 25], [20, 26]]",[],"[14, 15, 16, 17, 18, 19, 20, 21, 22]",True,
CHEMBL287_Ki,186,309,653,32,test,True,1.485609364945181,27.0,"[[0, 0], [1, 1], [2, 2], [3, 3], [4, 4], [5, 5], [6, 6], [7, 7], [8, 8], [9, 9], [10, 10], [11, 11], [12, 12], [13, 13], [14, 14], [15, 15], [16, 17], [17, 18], [18, 19], [19, 20], [20, 21], [22, 23], [23, 24], [24, 25], [25, 26], [26, 27], [27, 28]]","[14, 15, 16, 17, 19, 20, 21, 22, 23, 25, 27]","[14, 15, 16, 17, 18, 20, 21, 22, 23, 24, 26, 28]",True,
CHEMBL287_Ki,189,314,656,33,calibration,True,3.085171609736812,24.0,"[[0, 0], [1, 1], [2, 2], [3, 3], [4, 4], [5, 5], [6, 6], [7, 7], [8, 8], [9, 9], [10, 10], [11, 11], [12, 12], [13, 14], [14, 15], [15, 16], [16, 17], [17, 18], [19, 20], [20, 21], [21, 22], [22, 23], [23, 24], [24, 25]]","[11, 12, 13, 14, 16, 17, 18, 19, 20, 22, 24]","[11, 12, 13, 14, 15, 17, 18, 19, 20, 21, 23, 25]",True,
CHEMBL287_Ki,195,323,933,34,calibration,True,1.939980757202174,17.0,"[[3, 3], [4, 4], [5, 5], [6, 6], [7, 7], [8, 8], [9, 9], [10, 10], [11, 11], [14, 17], [15, 16], [16, 15], [17, 14], [18, 13], [19, 18], [21, 20], [22, 21]]","[0, 1, 2, 3, 4, 10, 11, 12, 13, 14, 15, 18, 19, 20, 23, 24]","[0, 1, 2, 3, 4, 10, 11, 12, 13, 14, 17, 18, 19, 22, 23]",True,
CHEMBL287_Ki,205,346,352,35,test,True,1.1600638136215302,17.0,"[[0, 0], [1, 1], [2, 2], [3, 3], [4, 4], [5, 5], [6, 6], [7, 8], [8, 9], [9, 10], [10, 11], [11, 12], [12, 13], [13, 14], [14, 15], [16, 17], [17, 18]]","[5, 6, 7, 8, 10, 13, 14, 15, 16]","[5, 6, 7, 8, 9, 11, 14, 15, 16, 17]",True,
CHEMBL287_Ki,210,377,453,38,calibration,True,1.3620298488822709,9.0,"[[1, 0], [3, 6], [4, 5], [5, 4], [6, 3], [7, 2], [13, 1], [14, 13], [15, 14]]","[0, 1, 2, 3, 4, 6, 7, 8, 9, 10, 11, 12, 13, 14, 15, 16, 17, 18, 19, 20, 21]","[0, 1, 2, 3, 5, 6, 7, 8, 9, 10, 11, 12, 13, 14, 15, 16, 17, 18, 19, 20]",True,
CHEMBL287_Ki,215,389,505,40,test,True,1.594661269254931,17.0,"[[0, 0], [1, 1], [2, 2], [3, 3], [4, 4], [5, 5], [6, 6], [7, 7], [8, 8], [9, 9], [11, 10], [12, 11], [13, 12], [14, 13], [15, 14], [16, 15], [17, 16]]","[4, 8, 9, 10]",[],True,
CHEMBL287_Ki,223,402,702,43,test,True,1.0662162688832568,18.0,"[[0, 20], [1, 19], [2, 18], [3, 17], [4, 16], [5, 15], [6, 14], [7, 12], [8, 13], [9, 11], [10, 10], [11, 8], [12, 9], [13, 7], [14, 6], [15, 5], [16, 4], [17, 3]]","[16, 17, 18, 19, 20]","[0, 1, 2, 3, 4]",True,
CHEMBL287_Ki,228,415,427,45,calibration,True,1.1005793907488552,11.0,"[[1, 0], [2, 1], [3, 2], [4, 3], [5, 4], [6, 5], [7, 6], [8, 7], [9, 8], [10, 9], [11, 10]]","[0, 1, 2]",[],True,
CHEMBL287_Ki,237,440,447,26,test,True,2.455931955649726,16.0,"[[0, 5], [1, 4], [2, 3], [3, 2], [5, 6], [6, 7], [7, 8], [8, 9], [9, 10], [10, 11], [11, 12], [12, 13], [13, 14], [14, 15], [15, 17], [16, 16]]","[2, 3, 4, 5, 6, 15, 16]","[0, 1, 2, 3, 4, 5, 6, 7, 16, 17]",True,
CHEMBL287_Ki,245,456,634,51,test,True,2.6886291709978,11.0,"[[7, 8], [8, 7], [9, 6], [10, 5], [11, 4], [12, 3], [13, 14], [14, 15], [15, 0], [16, 1], [17, 2]]","[0, 1, 2, 3, 4, 5, 6, 7, 8, 18, 19]","[7, 8, 9, 10, 11, 12, 13]",True,
CHEMBL287_Ki,261,532,735,2,test,True,2.0084411634584294,22.0,"[[0, 0], [1, 1], [2, 16], [3, 3], [4, 15], [5, 14], [6, 6], [7, 7], [8, 8], [9, 9], [10, 10], [11, 11], [12, 12], [13, 13], [14, 5], [15, 4], [16, 21], [17, 20], [18, 19], [19, 18], [20, 17], [21, 22]]","[0, 1, 2, 3, 4, 15, 16, 17, 21]","[0, 1, 2, 3, 4, 15, 16, 17, 18, 22]",True,
CHEMBL287_Ki,268,549,560,60,calibration,True,1.5703033952084755,24.0,"[[2, 17], [3, 18], [4, 19], [5, 20], [6, 21], [7, 22], [8, 15], [9, 14], [10, 13], [11, 12], [12, 11], [13, 10], [14, 9], [15, 8], [16, 7], [17, 6], [18, 5], [19, 4], [20, 3], [21, 2], [22, 1], [23, 0], [24, 24], [25, 23]]","[0, 1, 2, 3, 6, 7, 8, 9]","[14, 15, 16, 17, 18, 22]",True,
CHEMBL287_Ki,276,568,575,61,calibration,True,1.211015169685039,23.0,"[[2, 4], [3, 26], [4, 25], [5, 7], [6, 8], [7, 9], [8, 10], [9, 11], [10, 12], [11, 13], [12, 14], [13, 15], [14, 16], [15, 17], [16, 18], [17, 19], [18, 20], [19, 21], [20, 22], [21, 23], [22, 24], [23, 6], [24, 5]]","[0, 1, 2, 3, 24]","[0, 1, 2, 3, 4, 5, 26]",True,
CHEMBL287_Ki,297,585,888,62,calibration,True,1.3881801713828803,15.0,"[[0, 0], [1, 1], [2, 2], [3, 3], [4, 4], [5, 5], [6, 6], [7, 7], [8, 8], [9, 9], [12, 11], [13, 12], [14, 13], [15, 14], [16, 15]]","[8, 9, 10, 11, 12, 13]","[8, 9, 10, 11, 12]",True,
CHEMBL287_Ki,314,612,628,66,test,True,1.653212513775343,8.0,"[[0, 0], [1, 1], [2, 2], [3, 3], [4, 4], [5, 5], [6, 6], [7, 7]]","[6, 7, 8, 9, 10, 11, 12, 13]","[6, 7, 8, 9, 10, 11, 12, 13]",True,
CHEMBL287_Ki,348,676,741,68,test,True,1.9474591265223504,23.0,"[[0, 0], [1, 1], [2, 2], [3, 3], [5, 7], [6, 6], [7, 5], [8, 4], [9, 8], [10, 9], [11, 10], [12, 11], [13, 12], [14, 13], [15, 14], [16, 16], [17, 15], [19, 22], [20, 21], [21, 20], [22, 19], [23, 18], [24, 23]]","[2, 3, 4, 5, 6, 7, 8, 9, 10, 16, 17, 18, 19, 20, 24]","[2, 3, 4, 5, 6, 7, 8, 9, 15, 16, 17, 18, 19, 23]",True,
CHEMBL287_Ki,349,677,687,69,calibration,True,3.251503031503339,23.0,"[[0, 0], [1, 1], [2, 2], [3, 3], [4, 4], [5, 5], [6, 6], [7, 7], [8, 9], [9, 10], [10, 11], [11, 12], [12, 13], [13, 14], [15, 16], [16, 17], [17, 22], [18, 21], [19, 20], [20, 19], [21, 18], [22, 23], [23, 24]]","[2, 6, 7, 8, 9, 12, 13, 14, 15, 16, 22, 23]","[2, 6, 7, 8, 9, 10, 13, 14, 15, 16, 17, 23, 24]",True,
CHEMBL287_Ki,355,681,693,48,calibration,True,1.6303935899718986,22.0,"[[0, 0], [1, 24], [2, 23], [3, 3], [4, 4], [6, 6], [7, 7], [8, 8], [9, 9], [10, 10], [11, 11], [13, 14], [14, 15], [15, 16], [16, 17], [17, 18], [18, 19], [19, 20], [20, 21], [21, 22], [22, 2], [23, 1]]","[3, 4, 5, 6, 7, 10, 11, 12, 13, 14, 18, 20, 21]","[3, 4, 5, 6, 7, 10, 11, 12, 13, 14, 15, 19, 21, 22]",True,
CHEMBL287_Ki,375,742,743,72,calibration,True,1.18474857858818,21.0,"[[0, 0], [1, 1], [2, 2], [3, 3], [4, 4], [5, 5], [6, 6], [8, 7], [9, 8], [10, 9], [11, 10], [12, 11], [13, 12], [14, 13], [15, 14], [16, 15], [17, 16], [18, 17], [19, 18], [20, 19], [21, 20]]","[5, 6, 7, 8, 9]","[5, 6, 7, 8]",True,
CHEMBL287_Ki,379,812,816,75,calibration,True,1.0004384598877252,24.0,"[[0, 0], [1, 1], [2, 2], [3, 3], [4, 4], [7, 5], [8, 6], [9, 7], [10, 8], [11, 9], [13, 10], [14, 11], [15, 12], [16, 13], [17, 14], [18, 15], [19, 16], [20, 17], [21, 18], [22, 19], [23, 20], [24, 21], [25, 22], [26, 23]]","[3, 4, 5, 6, 7, 8, 10, 11, 12, 13, 14]","[3, 4, 5, 6, 8, 9, 10, 11]",True,
CHEMBL287_Ki,389,837,868,74,test,True,2.215454527054206,17.0,"[[0, 0], [1, 1], [2, 2], [3, 3], [4, 4], [5, 5], [6, 6], [14, 12], [15, 13], [16, 14], [17, 15], [18, 16], [19, 17], [20, 18], [21, 19], [22, 20], [23, 21]]","[5, 6, 7, 8, 9, 10, 11, 12, 13]","[5, 6, 7, 8, 9, 10, 11]",True,
CHEMBL287_Ki,396,852,976,77,calibration,True,1.582000197398994,19.0,"[[1, 1], [2, 2], [3, 0], [4, 4], [5, 5], [6, 6], [7, 7], [8, 8], [13, 12], [14, 13], [15, 14], [16, 15], [17, 16], [18, 17], [19, 18], [20, 19], [21, 20], [23, 23], [24, 24]]","[0, 1, 2, 3, 4, 5, 7, 8, 9, 10, 11, 12, 13, 14, 22, 23, 24]","[0, 1, 2, 3, 4, 5, 7, 8, 9, 10, 11, 12, 13, 21, 22, 23, 24]",True,
CHEMBL287_Ki,429,979,992,23,calibration,True,2.266991111023864,20.0,"[[1, 15], [2, 14], [3, 13], [4, 12], [5, 11], [6, 10], [7, 9], [8, 8], [9, 7], [10, 6], [11, 5], [12, 4], [13, 20], [14, 21], [16, 2], [17, 3], [18, 19], [19, 18], [20, 17], [21, 16]]","[0, 1, 2, 13, 14, 15, 16, 17, 21]","[0, 1, 2, 3, 20, 21]",True,
CHEMBL287_Ki,444,1025,1072,82,test,True,1.0278245898799616,29.0,"[[0, 0], [1, 1], [2, 2], [3, 3], [4, 4], [5, 5], [6, 6], [7, 7], [8, 8], [9, 9], [10, 10], [11, 11], [12, 12], [13, 13], [14, 14], [15, 15], [16, 16], [17, 17], [18, 18], [19, 19], [20, 20], [21, 21], [26, 22], [27, 23], [28, 24], [29, 25], [30, 26], [31, 27], [32, 28]]","[15, 19, 21, 22, 23, 24, 25, 26, 27]","[15, 19, 21, 22, 23]",True,
CHEMBL287_Ki,448,1054,1055,84,test,True,1.3203351508593677,22.0,"[[0, 0], [1, 1], [2, 2], [3, 3], [4, 4], [5, 5], [6, 6], [7, 7], [8, 8], [9, 9], [10, 10], [11, 12], [13, 13], [14, 14], [15, 15], [16, 16], [17, 17], [18, 22], [19, 21], [20, 20], [21, 19], [22, 18]]","[10, 11, 12, 13]","[9, 10, 11, 12]",True,
CHEMBL287_Ki,449,1058,1060,83,test,True,1.48902047801937,20.0,"[[2, 10], [3, 13], [4, 14], [5, 7], [6, 5], [7, 6], [8, 4], [9, 3], [10, 2], [11, 0], [12, 1], [14, 15], [15, 16], [16, 21], [17, 20], [18, 19], [19, 18], [20, 17], [21, 8], [22, 9]]","[0, 1, 2, 3, 9, 10, 11, 12, 13, 14, 22]","[0, 1, 2, 3, 9, 10, 11, 12, 13, 15]",True,
CHEMBL287_Ki,451,1069,1070,85,test,True,1.36246116020763,26.0,"[[0, 0], [1, 1], [2, 2], [3, 3], [4, 4], [5, 5], [6, 6], [7, 7], [8, 8], [9, 9], [10, 10], [11, 11], [12, 12], [13, 13], [14, 14], [15, 18], [16, 17], [17, 16], [18, 15], [19, 27], [20, 26], [21, 28], [22, 29], [23, 30], [24, 31], [25, 32]]","[13, 14, 15, 16, 20]","[13, 14, 15, 16, 17, 18, 19, 20, 21, 22, 23, 24, 25, 26, 27]",True,
CHEMBL287_Ki,466,1077,1172,87,calibration,True,3.775100498879024,12.0,"[[4, 12], [5, 11], [6, 10], [7, 9], [8, 8], [13, 13], [14, 14], [15, 15], [16, 16], [17, 17], [19, 19], [20, 20]]","[0, 1, 2, 3, 4, 5, 6, 7, 8, 9, 10, 11, 12, 13, 14, 16, 17, 18, 19, 20, 21, 22]","[0, 1, 2, 3, 4, 5, 6, 7, 8, 9, 10, 11, 12, 13, 14, 16, 17, 18, 19, 20, 21]",True,
CHEMBL287_Ki,477,1081,1096,89,test,True,1.7242758696007892,22.0,"[[1, 0], [2, 1], [3, 2], [4, 3], [6, 5], [7, 6], [8, 7], [9, 8], [10, 9], [11, 10], [12, 11], [13, 12], [14, 13], [15, 14], [16, 15], [17, 16], [18, 17], [20, 18], [21, 19], [22, 20], [23, 21], [24, 22]]","[0, 1, 2, 3, 4, 5, 6, 17, 18, 19, 20, 21, 24]","[2, 3, 4, 5, 16, 17, 18, 19, 22]",True,
CHEMBL287_Ki,493,1106,1118,93,test,True,1.3105753135702116,24.0,"[[0, 0], [1, 1], [2, 2], [3, 3], [4, 4], [5, 5], [6, 6], [7, 7], [8, 8], [9, 9], [10, 10], [11, 11], [12, 12], [13, 13], [14, 14], [15, 15], [16, 16], [17, 17], [18, 18], [19, 19], [20, 20], [21, 21], [23, 23], [24, 24]]","[20, 21, 22, 23, 24]","[20, 21, 22, 23, 24]",True,
CHEMBL287_Ki,519,1134,1166,94,calibration,True,1.0118992232997082,21.0,"[[0, 0], [1, 1], [4, 5], [5, 4], [7, 7], [8, 8], [9, 9], [10, 10], [11, 11], [12, 12], [13, 13], [14, 14], [15, 15], [16, 16], [17, 17], [18, 18], [19, 19], [20, 20], [21, 21], [22, 22], [23, 23]]","[0, 1, 2, 3, 4, 5, 6, 7, 8, 12]","[0, 1, 2, 3, 4, 5, 6, 7, 8, 12]",True,
CHEMBL287_Ki,569,1222,1230,95,calibration,True,1.6092385759550858,22.0,"[[0, 0], [1, 1], [2, 2], [3, 3], [4, 4], [5, 5], [6, 6], [7, 7], [8, 8], [9, 9], [10, 10], [11, 11], [12, 12], [13, 13], [14, 14], [15, 15], [16, 16], [17, 17], [18, 18], [19, 19], [26, 26], [27, 27]]","[18, 19, 20, 21, 22, 23, 24, 25]","[18, 19, 20, 21, 22, 23, 24, 25]",True,
CHEMBL287_Ki,575,1233,1244,96,test,True,1.1125491473152307,26.0,"[[0, 0], [1, 1], [2, 2], [3, 3], [4, 4], [5, 5], [6, 6], [7, 7], [8, 8], [9, 9], [15, 15], [16, 16], [17, 17], [18, 18], [19, 19], [20, 24], [21, 23], [22, 22], [23, 21], [24, 20], [25, 25], [26, 26], [27, 27], [28, 28], [29, 29], [30, 30]]","[8, 9, 10, 11, 12, 13, 14, 19, 23, 24, 25, 26, 27, 28]","[8, 9, 10, 11, 12, 13, 14, 19, 23, 24, 25, 26, 27, 28]",True,
CHEMBL287_Ki,581,1256,1281,97,test,True,1.4614585324503755,21.0,"[[0, 0], [1, 1], [2, 2], [3, 3], [4, 4], [5, 5], [6, 6], [7, 7], [8, 8], [9, 9], [10, 10], [11, 11], [17, 18], [18, 19], [19, 20], [20, 26], [21, 25], [22, 23], [23, 24], [24, 22], [25, 21]]","[10, 11, 12, 13, 14, 15, 16]","[10, 11, 12, 13, 14, 15, 16, 17]",True,
CHEMBL287_Ki,587,1269,1272,99,calibration,True,1.5176666957251648,19.0,"[[0, 0], [1, 1], [2, 2], [3, 3], [4, 4], [6, 6], [7, 7], [8, 8], [9, 9], [10, 11], [11, 12], [12, 13], [13, 14], [16, 17], [17, 18], [20, 21], [21, 22], [22, 23], [23, 24]]","[3, 4, 5, 6, 7, 8, 9, 10, 11, 12, 13, 14, 15, 16, 17, 18, 19, 21, 22]","[3, 4, 5, 6, 7, 8, 9, 10, 11, 12, 13, 14, 15, 16, 17, 18, 19, 20, 22, 23]",True,
CHEMBL287_Ki,591,1309,1311,101,test,True,1.284497689819875,31.0,"[[0, 0], [1, 1], [2, 2], [3, 3], [4, 4], [5, 5], [6, 6], [7, 7], [8, 8], [9, 9], [10, 10], [12, 12], [13, 13], [14, 14], [15, 15], [16, 16], [17, 17], [18, 19], [19, 20], [20, 25], [21, 24], [22, 23], [24, 22], [25, 21], [26, 26], [27, 27], [28, 28], [29, 29], [30, 30], [31, 31], [32, 32]]","[9, 10, 11, 12, 16, 17, 18, 19, 21, 22, 23, 24]","[9, 10, 11, 12, 16, 17, 18, 19, 20]",True,
CHEMBL2971_Ki,67,61,119,4,test,True,1.7169528871549726,15.0,"[[2, 1], [3, 2], [4, 3], [5, 4], [6, 5], [7, 6], [8, 7], [9, 8], [10, 9], [11, 10], [12, 11], [13, 12], [14, 13], [15, 14], [16, 15]]","[0, 1, 2, 3]","[0, 1, 2]",True,
CHEMBL2971_Ki,68,95,141,5,calibration,True,1.0999761352987392,22.0,"[[0, 10], [1, 9], [2, 8], [3, 7], [4, 6], [5, 5], [6, 4], [7, 3], [8, 2], [9, 13], [10, 14], [11, 15], [12, 16], [13, 17], [14, 22], [15, 21], [16, 20], [17, 19], [18, 18], [19, 1], [21, 12], [22, 11]]","[8, 11, 19, 20]","[0, 1, 2, 15]",True,
CHEMBL2971_Ki,72,236,371,8,test,True,1.0948531083078343,11.0,"[[0, 0], [1, 1], [2, 2], [3, 3], [9, 11], [10, 12], [11, 13], [12, 14], [19, 15], [20, 17], [21, 18]]","[2, 3, 4, 5, 6, 7, 8, 9, 10, 11, 12, 13, 14, 15, 16, 17, 18, 19, 20, 21]","[2, 3, 4, 5, 6, 7, 8, 9, 10, 11, 12, 14, 15, 16, 17, 18]",True,
CHEMBL2971_Ki,76,314,317,11,test,True,2.064457989226918,18.0,"[[0, 0], [1, 1], [2, 2], [3, 3], [4, 4], [5, 5], [6, 6], [7, 7], [8, 8], [9, 9], [10, 10], [11, 11], [12, 12], [13, 13], [14, 14], [15, 15], [16, 16], [18, 18]]","[13, 15, 16, 17, 18]","[13, 15, 16, 17, 18]",True,
CHEMBL2971_Ki,88,343,344,16,calibration,True,1.389847330750344,22.0,"[[0, 0], [1, 1], [2, 2], [3, 3], [4, 4], [5, 5], [6, 6], [7, 7], [8, 8], [9, 9], [10, 10], [11, 11], [15, 15], [16, 16], [17, 17], [18, 18], [19, 19], [20, 20], [21, 21], [22, 22], [23, 23], [24, 24]]","[10, 11, 12, 13, 14, 15, 16]","[10, 11, 12, 13, 14, 15, 16]",True,
CHEMBL2971_Ki,89,347,348,15,test,True,1.5076872463852655,25.0,"[[0, 0], [1, 1], [2, 2], [3, 11], [4, 12], [5, 13], [6, 14], [7, 15], [8, 16], [9, 17], [10, 18], [11, 19], [12, 20], [13, 21], [14, 22], [15, 23], [16, 3], [17, 4], [18, 5], [19, 6], [20, 7], [21, 8], [22, 9], [23, 10], [24, 24]]","[1, 2, 3, 4, 16, 17, 24]","[1, 2, 3, 4, 11, 12, 24]",True,
CHEMBL2971_Ki,90,350,495,17,test,True,1.3501387756013772,20.0,"[[0, 0], [1, 1], [2, 2], [3, 3], [9, 9], [10, 8], [11, 14], [12, 13], [13, 11], [14, 12], [15, 10], [16, 15], [17, 16], [18, 17], [19, 18], [20, 19], [21, 20], [22, 21], [23, 22], [24, 23]]","[2, 3, 4, 5, 6, 7, 8, 9, 10, 15]","[2, 3, 4, 5, 6, 7, 8, 9, 14]",True,
CHEMBL2971_Ki,92,358,425,18,calibration,True,1.933053210369387,23.0,"[[0, 0], [1, 1], [2, 2], [3, 3], [4, 4], [5, 5], [6, 6], [7, 7], [8, 8], [9, 9], [10, 10], [11, 11], [12, 14], [13, 15], [14, 16], [15, 17], [16, 18], [17, 19], [18, 20], [19, 21], [20, 22], [21, 23], [22, 24]]","[9, 11, 12, 13]","[9, 11, 12, 13, 14, 15]",True,
CHEMBL2971_Ki,96,366,378,19,calibration,True,1.6031443726201822,25.0,"[[0, 0], [1, 1], [2, 2], [3, 3], [4, 4], [5, 5], [6, 6], [7, 7], [8, 8], [9, 9], [10, 10], [11, 11], [12, 12], [13, 13], [14, 14], [15, 15], [16, 16], [17, 17], [18, 18], [19, 19], [20, 20], [21, 21], [22, 22], [23, 23], [25, 24]]","[8, 10, 11, 12, 24, 25]","[8, 10, 11, 12, 24]",True,
CHEMBL2971_Ki,97,398,401,20,test,True,1.8092535500248408,26.0,"[[0, 0], [1, 1], [2, 2], [3, 3], [4, 23], [5, 24], [6, 4], [7, 5], [8, 6], [9, 7], [10, 8], [11, 9], [12, 10], [13, 11], [14, 12], [15, 13], [16, 14], [17, 15], [18, 16], [19, 17], [20, 18], [21, 19], [22, 20], [23, 21], [24, 22], [25, 25]]","[4, 5, 6, 7, 25]","[2, 3, 4, 5, 23]",True,
CHEMBL2971_Ki,99,407,408,21,calibration,True,2.0944494144604,21.0,"[[2, 2], [3, 3], [4, 4], [5, 5], [6, 6], [7, 7], [8, 8], [9, 9], [10, 10], [11, 11], [12, 12], [13, 13], [14, 14], [15, 15], [16, 16], [17, 17], [18, 18], [19, 19], [20, 20], [21, 21], [22, 22]]","[0, 1, 2, 3, 4]","[0, 1, 2, 3, 4]",True,
CHEMBL2971_Ki,100,409,410,22,test,True,1.4128803584649736,21.0,"[[2, 5], [3, 4], [4, 3], [5, 23], [6, 7], [7, 8], [8, 9], [9, 10], [10, 11], [11, 12], [12, 13], [13, 14], [14, 15], [15, 16], [16, 17], [17, 18], [18, 19], [19, 20], [20, 21], [21, 22], [22, 6]]","[0, 1, 2, 3, 22]","[0, 1, 2, 3, 4, 23]",True,
CHEMBL2971_Ki,101,420,445,23,test,True,1.6842467475153118,17.0,"[[1, 7], [2, 9], [3, 3], [4, 2], [5, 1], [6, 0], [7, 10], [8, 11], [9, 12], [10, 13], [11, 14], [12, 15], [13, 16], [14, 17], [15, 4], [16, 5], [17, 6]]","[0, 1, 2, 17]","[6, 7, 8, 9]",True,
CHEMBL2971_Ki,126,468,473,27,calibration,True,1.361727836017593,21.0,"[[2, 0], [3, 1], [5, 2], [6, 3], [7, 4], [8, 5], [9, 6], [10, 7], [11, 8], [12, 9], [13, 10], [14, 11], [15, 12], [16, 13], [17, 14], [18, 15], [19, 16], [20, 17], [21, 18], [22, 19], [23, 20]]","[0, 1, 2, 3, 4, 5, 6, 23]","[0, 1, 2, 3, 20]",True,
CHEMBL2971_Ki,139,601,618,30,test,True,1.270610340839477,47.0,"[[0, 0], [1, 1], [2, 2], [5, 6], [6, 5], [7, 4], [8, 3], [9, 9], [10, 7], [11, 8], [12, 10], [13, 11], [14, 12], [15, 13], [16, 14], [17, 15], [18, 16], [19, 17], [20, 18], [21, 19], [22, 20], [23, 21], [24, 22], [25, 23], [26, 24], [27, 25], [28, 26], [29, 27], [30, 28], [31, 29], [32, 30], [33, 31], [34, 32], [35, 33], [36, 34], [37, 35], [38, 36], [39, 37], [40, 38], [41, 39], [42, 40], [43, 41], [44, 42], [45, 43], [46, 44], [47, 45], [48, 46]]","[1, 2, 3, 4, 5, 6, 10]","[1, 2, 3, 4, 9]",True,
CHEMBL2971_Ki,142,605,615,31,calibration,True,1.15575268402252,46.0,"[[3, 1], [4, 0], [7, 6], [8, 8], [9, 9], [10, 3], [11, 2], [12, 4], [13, 5], [14, 10], [15, 11], [16, 12], [17, 13], [18, 14], [19, 15], [20, 16], [21, 17], [22, 18], [23, 19], [24, 20], [25, 21], [26, 22], [27, 23], [28, 24], [29, 25], [30, 26], [31, 27], [32, 28], [33, 29], [34, 30], [35, 31], [36, 32], [37, 33], [38, 34], [39, 35], [40, 36], [41, 37], [42, 38], [43, 39], [44, 40], [45, 41], [46, 42], [47, 43], [48, 44], [49, 45], [50, 46]]","[0, 1, 2, 3, 4, 5, 6, 7, 8, 13, 14]","[0, 1, 2, 3, 5, 6, 7, 8, 10]",True,
CHEMBL2971_Ki,153,655,698,32,test,True,1.5578078557646045,32.0,"[[0, 0], [1, 1], [2, 2], [3, 3], [7, 7], [8, 8], [9, 9], [10, 10], [11, 11], [19, 18], [20, 19], [22, 21], [23, 22], [24, 23], [25, 24], [26, 25], [27, 26], [28, 27], [29, 28], [30, 29], [31, 30], [32, 31], [33, 32], [34, 33], [35, 34], [36, 35], [37, 36], [38, 37], [39, 38], [40, 39], [41, 40], [42, 41]]","[2, 3, 4, 5, 6, 7, 8, 10, 11, 12, 13, 14, 15, 16, 17, 18, 19, 20, 21, 22, 23]","[2, 3, 4, 5, 6, 7, 8, 10, 11, 12, 13, 14, 15, 16, 17, 18, 19, 20, 21, 22]",True,
CHEMBL2971_Ki,154,668,888,33,calibration,True,1.1440550270553749,36.0,"[[0, 0], [1, 1], [2, 2], [3, 3], [4, 4], [5, 6], [6, 7], [7, 8], [8, 9], [9, 10], [10, 11], [11, 12], [12, 13], [13, 14], [15, 15], [16, 16], [17, 17], [18, 18], [19, 19], [20, 20], [21, 21], [22, 22], [23, 23], [24, 24], [25, 25], [26, 26], [27, 27], [28, 28], [29, 29], [30, 30], [31, 31], [32, 32], [33, 33], [34, 34], [35, 35], [36, 36]]","[3, 4, 5, 6, 12, 13, 14, 15, 35, 36]","[3, 4, 5, 6, 7, 35, 36]",True,
CHEMBL2971_Ki,157,702,871,34,test,True,1.1105897102992497,32.0,"[[0, 2], [1, 3], [2, 5], [3, 7], [4, 8], [6, 9], [7, 10], [11, 26], [12, 27], [13, 28], [14, 29], [15, 30], [16, 31], [17, 32], [18, 33], [19, 34], [20, 35], [21, 36], [22, 37], [23, 13], [24, 14], [25, 15], [26, 16], [27, 17], [28, 18], [29, 19], [30, 20], [31, 21], [32, 22], [33, 23], [34, 24], [35, 25]]","[0, 1, 2, 3, 4, 5, 6, 7, 8, 9, 10, 11, 12, 23, 24, 36]","[0, 1, 2, 3, 4, 5, 6, 7, 9, 10, 11, 12, 13, 14, 26, 27, 38]",True,
CHEMBL2971_Ki,162,945,948,35,calibration,True,2.134698573897456,21.0,"[[0, 0], [1, 1], [2, 2], [3, 3], [4, 4], [5, 5], [6, 6], [7, 7], [9, 9], [10, 10], [11, 11], [12, 12], [13, 13], [14, 14], [15, 15], [16, 16], [17, 17], [19, 19], [20, 20], [21, 21], [22, 22]]","[3, 6, 7, 8, 9, 10, 18, 19]","[3, 6, 7, 8, 9, 10, 18, 19]",True,
CHEMBL3979_EC50,8,7,845,0,test,True,1.8616973018337184,28.0,"[[0, 0], [1, 1], [2, 2], [3, 3], [4, 4], [5, 5], [6, 6], [7, 7], [8, 8], [9, 9], [10, 10], [11, 11], [12, 12], [13, 13], [14, 15], [15, 25], [16, 24], [17, 18], [18, 20], [19, 21], [20, 22], [21, 23], [22, 17], [23, 16], [24, 26], [25, 27], [26, 28], [27, 29]]","[16, 17, 18, 19, 20, 21, 22]","[12, 13, 14, 15, 17, 18, 19, 20, 21, 22, 23, 24]",True,
CHEMBL3979_EC50,11,12,17,3,calibration,True,2.0,28.0,"[[0, 0], [1, 1], [2, 2], [3, 3], [4, 4], [5, 5], [6, 6], [7, 7], [8, 8], [9, 9], [10, 10], [11, 12], [12, 13], [13, 14], [14, 15], [15, 16], [16, 17], [17, 23], [18, 21], [19, 20], [20, 19], [21, 18], [22, 24], [23, 25], [24, 26], [25, 27], [26, 28], [27, 29]]","[9, 10, 11, 12]","[9, 10, 11, 12, 13, 20, 21, 22, 23]",True,
CHEMBL3979_EC50,36,56,62,4,test,True,1.8205550989367305,34.0,"[[0, 0], [1, 1], [2, 2], [3, 3], [4, 4], [5, 5], [6, 6], [7, 7], [8, 8], [10, 14], [11, 22], [12, 23], [13, 11], [14, 10], [15, 16], [16, 15], [17, 19], [18, 20], [19, 21], [20, 12], [21, 13], [22, 24], [23, 25], [24, 26], [25, 27], [26, 28], [27, 33], [28, 32], [29, 31], [30, 30], [31, 29], [32, 34], [33, 35], [34, 36]]","[7, 8, 9, 10, 11, 13, 14, 15, 16, 17, 21]","[7, 8, 9, 10, 11, 13, 14, 15, 16, 17, 18, 19, 22]",True,
CHEMBL3979_EC50,99,157,158,10,calibration,True,1.4590572546419267,33.0,"[[0, 2], [1, 1], [2, 3], [3, 4], [4, 5], [5, 6], [6, 7], [7, 8], [8, 9], [9, 10], [10, 11], [11, 12], [12, 13], [13, 14], [14, 15], [15, 16], [16, 17], [17, 18], [18, 19], [19, 20], [20, 21], [21, 22], [22, 23], [23, 24], [24, 25], [25, 26], [26, 27], [27, 28], [28, 29], [29, 30], [30, 31], [31, 32], [32, 33]]",[],"[0, 1, 2, 3, 4]",True,
CHEMBL3979_EC50,102,160,212,11,calibration,True,1.857332496431268,30.0,"[[0, 0], [1, 1], [2, 2], [3, 3], [4, 4], [5, 5], [6, 6], [7, 7], [8, 8], [9, 9], [10, 10], [11, 11], [12, 12], [17, 18], [18, 19], [19, 20], [20, 21], [21, 22], [22, 23], [23, 24], [24, 25], [25, 26], [26, 27], [27, 28], [28, 29], [29, 30], [30, 31], [31, 32], [32, 33], [34, 34]]","[7, 11, 12, 13, 14, 15, 16, 32, 33, 34]","[11, 12, 13, 14, 15, 16, 17]",True,
CHEMBL3979_EC50,106,181,183,13,test,True,1.1461280356782382,29.0,"[[0, 0], [1, 1], [2, 2], [3, 3], [4, 4], [5, 5], [6, 6], [7, 7], [8, 8], [9, 9], [10, 10], [11, 11], [12, 12], [13, 13], [14, 14], [15, 15], [16, 16], [17, 17], [18, 18], [19, 29], [20, 28], [21, 21], [22, 22], [23, 23], [24, 24], [25, 25], [26, 26], [27, 20], [29, 19]]","[21, 27, 28, 29]","[24, 26, 27]",True,
CHEMBL3979_EC50,121,215,934,15,calibration,True,3.096910013008056,31.0,"[[0, 0], [1, 1], [2, 2], [3, 3], [4, 4], [5, 5], [6, 6], [7, 7], [8, 9], [9, 10], [10, 11], [11, 12], [12, 8], [13, 13], [14, 14], [15, 15], [16, 16], [17, 18], [18, 19], [19, 20], [20, 21], [21, 22], [22, 23], [23, 24], [24, 25], [25, 26], [26, 27], [27, 28], [28, 29], [29, 30], [30, 31]]","[6, 7, 8, 9, 10, 11, 12, 15, 16, 17, 18]","[7, 8, 9, 10, 11, 12, 13, 15, 16, 17, 18, 19]",True,
CHEMBL3979_EC50,127,224,229,16,test,True,1.0555173278498318,27.0,"[[0, 1], [1, 2], [3, 9], [4, 8], [5, 5], [6, 6], [7, 4], [8, 3], [9, 10], [10, 11], [11, 12], [12, 13], [13, 14], [14, 15], [15, 16], [16, 17], [17, 18], [18, 19], [19, 20], [20, 21], [21, 22], [22, 23], [23, 24], [24, 25], [25, 26], [26, 27], [27, 28]]","[0, 1, 2, 3, 4, 9]","[0, 1, 2, 3, 4, 5, 6, 7, 10]",True,
CHEMBL3979_EC50,134,235,1043,18,test,True,1.6356273389742304,24.0,"[[0, 0], [1, 1], [2, 2], [3, 3], [4, 4], [5, 5], [6, 6], [7, 7], [8, 8], [9, 9], [10, 10], [11, 11], [12, 12], [13, 13], [14, 14], [15, 15], [16, 16], [18, 18], [19, 19], [20, 20], [21, 21], [22, 22], [23, 23], [24, 24]]","[14, 15, 16, 17, 18, 19]","[14, 15, 16, 17, 18, 19]",True,
CHEMBL3979_EC50,144,248,1045,19,calibration,True,3.1514897640503463,23.0,"[[0, 0], [1, 1], [2, 2], [3, 3], [4, 4], [5, 5], [7, 22], [8, 21], [9, 9], [10, 10], [11, 11], [12, 12], [13, 13], [14, 14], [15, 15], [16, 20], [17, 19], [18, 18], [25, 17], [26, 16], [27, 8], [28, 7], [29, 23]]","[4, 5, 6, 7, 8, 17, 18, 19, 20, 21, 22, 23, 24, 25, 29]","[4, 5, 6, 7, 8, 23]",True,
CHEMBL3979_EC50,159,259,269,21,test,True,1.8760584957056492,31.0,"[[0, 0], [1, 1], [2, 2], [3, 3], [4, 4], [5, 5], [6, 6], [7, 7], [8, 8], [9, 9], [10, 10], [11, 11], [12, 12], [13, 13], [14, 14], [15, 15], [16, 16], [17, 17], [18, 18], [19, 19], [20, 20], [21, 21], [22, 22], [23, 23], [24, 24], [25, 25], [26, 26], [27, 27], [28, 28], [29, 29], [30, 30]]",[],"[29, 30, 31, 32]",True,
CHEMBL3979_EC50,167,300,310,24,test,True,1.140178703165037,27.0,"[[0, 0], [1, 1], [2, 2], [3, 3], [4, 4], [5, 5], [6, 6], [7, 7], [8, 8], [9, 9], [10, 10], [11, 11], [12, 12], [13, 13], [14, 14], [15, 15], [16, 16], [17, 17], [18, 18], [19, 19], [20, 20], [21, 21], [22, 22], [23, 23], [24, 24], [25, 25], [30, 26]]","[3, 24, 25, 26, 27, 28, 29, 30]","[3, 24, 25, 26, 27, 28, 29, 30]",True,
CHEMBL3979_EC50,168,301,306,25,calibration,True,1.6639743436307883,28.0,"[[0, 2], [1, 3], [2, 4], [3, 5], [4, 6], [5, 7], [6, 8], [7, 9], [8, 10], [9, 11], [10, 12], [11, 13], [12, 14], [13, 15], [14, 16], [15, 17], [16, 18], [17, 19], [18, 20], [19, 21], [20, 22], [21, 23], [22, 24], [23, 25], [24, 26], [25, 27], [26, 28], [27, 29]]",[],"[0, 1, 2, 3]",True,
CHEMBL3979_EC50,173,311,317,26,test,True,1.0548486680073443,29.0,"[[0, 0], [1, 1], [2, 2], [3, 3], [4, 4], [5, 6], [6, 5], [7, 28], [8, 9], [9, 10], [10, 11], [11, 12], [12, 13], [13, 14], [14, 15], [15, 16], [16, 17], [17, 18], [18, 19], [19, 20], [20, 21], [21, 22], [22, 23], [23, 24], [24, 25], [25, 26], [26, 27], [27, 8], [28, 7]]","[3, 4, 5, 6, 28]","[3, 4, 5, 6, 28]",True,
CHEMBL3979_EC50,203,338,630,28,calibration,True,3.618048096712093,26.0,"[[1, 14], [2, 1], [3, 2], [4, 3], [5, 4], [6, 5], [7, 6], [8, 7], [9, 8], [10, 9], [11, 10], [12, 11], [13, 12], [14, 13], [17, 16], [18, 17], [19, 18], [20, 19], [21, 20], [22, 21], [23, 22], [24, 23], [25, 24], [26, 25], [27, 26], [28, 27]]","[0, 1, 2, 3, 15, 16, 17, 18, 28]","[0, 1, 2, 14, 15, 16, 17, 27]",True,
CHEMBL3979_EC50,229,354,542,29,calibration,True,1.6674529528899535,28.0,"[[0, 0], [1, 1], [2, 2], [3, 3], [4, 4], [5, 6], [6, 7], [7, 8], [8, 9], [9, 10], [10, 19], [11, 18], [12, 13], [13, 14], [17, 12], [18, 11], [19, 20], [20, 21], [21, 22], [22, 23], [23, 24], [24, 25], [25, 26], [26, 28], [27, 27], [28, 29], [29, 30], [30, 31]]","[3, 4, 5, 6, 12, 13, 14, 15, 16]","[3, 4, 5, 6, 7, 13, 14, 15, 16, 17]",True,
CHEMBL3979_EC50,233,363,368,32,calibration,True,1.1636572646237182,30.0,"[[0, 0], [1, 1], [2, 2], [3, 3], [4, 4], [5, 5], [6, 6], [7, 7], [8, 8], [9, 9], [10, 10], [11, 11], [12, 25], [13, 24], [14, 14], [15, 15], [16, 16], [17, 17], [18, 23], [19, 22], [20, 20], [22, 19], [23, 18], [24, 13], [25, 12], [26, 26], [27, 27], [28, 28], [29, 29], [30, 30]]","[19, 20, 21, 22]","[19, 20, 21, 22]",True,
CHEMBL3979_EC50,244,381,385,34,test,True,1.316450354531475,31.0,"[[0, 0], [1, 1], [2, 2], [3, 3], [4, 4], [7, 31], [8, 30], [9, 9], [10, 10], [11, 11], [12, 13], [13, 12], [14, 29], [15, 16], [16, 17], [17, 18], [18, 19], [19, 28], [20, 27], [21, 22], [22, 23], [23, 24], [24, 25], [25, 26], [26, 21], [27, 20], [28, 15], [29, 14], [30, 8], [31, 7], [32, 32]]","[3, 4, 5, 6, 7, 8, 10, 11, 12, 13, 29, 31, 32]","[3, 4, 5, 6, 7, 8, 10, 11, 12, 13, 29, 31, 32]",True,
CHEMBL3979_EC50,247,390,398,35,test,True,1.449348676501013,27.0,"[[0, 0], [1, 1], [2, 2], [3, 3], [4, 4], [5, 5], [6, 6], [7, 7], [8, 8], [9, 9], [10, 10], [11, 11], [12, 12], [13, 13], [14, 14], [15, 15], [16, 21], [17, 20], [18, 18], [19, 19], [20, 17], [21, 16], [22, 22], [23, 23], [24, 24], [25, 25], [27, 26]]","[24, 25, 26, 27]",[],True,
CHEMBL3979_EC50,254,425,426,38,test,True,1.44184549437112,32.0,"[[0, 0], [1, 1], [2, 2], [3, 3], [4, 4], [5, 5], [6, 6], [7, 7], [8, 8], [9, 9], [10, 10], [11, 11], [12, 12], [13, 13], [14, 14], [15, 15], [16, 16], [17, 17], [18, 19], [20, 20], [21, 21], [22, 22], [23, 23], [24, 24], [25, 25], [26, 26], [27, 27], [28, 28], [29, 29], [30, 30], [31, 31], [32, 32]]","[17, 18, 19, 20]","[16, 17, 18, 19]",True,
CHEMBL3979_EC50,257,440,445,40,test,True,1.8780983001171825,36.0,"[[0, 0], [1, 1], [2, 2], [3, 3], [4, 4], [5, 5], [6, 6], [7, 7], [8, 8], [9, 9], [10, 10], [11, 11], [12, 12], [13, 13], [14, 14], [15, 15], [16, 16], [17, 17], [18, 18], [19, 19], [20, 20], [21, 21], [22, 22], [23, 23], [24, 24], [28, 25], [29, 26], [30, 27], [31, 28], [32, 29], [33, 30], [34, 31], [35, 32], [36, 33], [37, 34], [38, 35]]","[23, 24, 25, 26, 27]",[],True,
CHEMBL3979_EC50,302,527,556,43,test,True,1.1303337684950048,37.0,"[[3, 0], [4, 1], [5, 2], [6, 3], [7, 4], [8, 5], [9, 6], [10, 8], [11, 9], [12, 10], [13, 11], [14, 12], [15, 13], [16, 14], [17, 15], [18, 16], [19, 17], [20, 18], [21, 19], [22, 20], [23, 21], [24, 22], [25, 37], [26, 36], [27, 25], [28, 26], [29, 27], [30, 28], [31, 33], [32, 32], [33, 31], [34, 30], [35, 29], [36, 35], [37, 34], [38, 24], [39, 23]]","[0, 1, 2, 3, 4]","[5, 6, 7, 8]",True,
CHEMBL3979_EC50,330,608,617,48,calibration,True,2.1416736942519883,30.0,"[[0, 0], [1, 1], [2, 2], [3, 3], [4, 4], [5, 5], [6, 6], [7, 7], [8, 8], [9, 9], [10, 10], [11, 11], [12, 22], [13, 21], [14, 14], [18, 13], [19, 12], [20, 23], [21, 24], [22, 25], [23, 26], [24, 27], [25, 28], [26, 29], [27, 30], [28, 31], [29, 32], [30, 33], [31, 34], [32, 35]]","[13, 14, 15, 16, 17, 18]","[13, 14, 15, 16, 17, 18, 19, 20, 21]",True,
CHEMBL3979_EC50,335,619,620,49,calibration,True,1.035628300737983,24.0,"[[0, 0], [1, 1], [2, 2], [3, 3], [4, 4], [5, 5], [6, 6], [7, 7], [8, 9], [9, 10], [10, 11], [11, 12], [12, 13], [13, 14], [14, 15], [15, 16], [16, 17], [17, 18], [18, 19], [19, 20], [20, 21], [21, 22], [22, 23], [23, 24]]",[],"[6, 7, 8, 9]",True,
CHEMBL3979_EC50,345,644,645,51,calibration,True,1.5463598411298607,35.0,"[[3, 1], [4, 2], [5, 3], [6, 4], [7, 5], [8, 6], [9, 7], [10, 8], [11, 9], [12, 18], [13, 17], [14, 12], [15, 13], [16, 14], [17, 15], [18, 16], [19, 11], [20, 10], [21, 19], [22, 20], [23, 21], [24, 22], [25, 23], [26, 24], [27, 25], [28, 26], [29, 27], [30, 28], [31, 29], [32, 30], [33, 31], [34, 32], [35, 33], [36, 34], [37, 35]]","[0, 1, 2, 3, 4]","[0, 1, 2]",True,
CHEMBL3979_EC50,608,806,807,55,calibration,True,1.903089986991944,33.0,"[[0, 1], [1, 2], [2, 3], [3, 4], [4, 5], [5, 6], [6, 7], [7, 8], [8, 9], [9, 10], [10, 11], [11, 12], [12, 13], [13, 14], [14, 15], [15, 16], [16, 17], [17, 18], [18, 19], [19, 20], [20, 21], [21, 22], [22, 23], [23, 24], [24, 25], [25, 26], [26, 27], [27, 28], [28, 29], [29, 30], [30, 31], [31, 32], [32, 33]]",[],"[0, 1, 2]",True,
CHEMBL3979_EC50,613,813,819,56,calibration,True,2.400059497119486,33.0,"[[0, 0], [1, 1], [2, 2], [3, 3], [4, 4], [5, 5], [6, 6], [7, 7], [8, 8], [9, 9], [10, 10], [11, 16], [12, 15], [13, 13], [14, 14], [15, 12], [16, 11], [17, 17], [18, 18], [19, 19], [20, 20], [21, 21], [22, 22], [23, 34], [24, 32], [25, 25], [26, 26], [27, 27], [28, 29], [29, 30], [30, 31], [31, 24], [33, 23]]","[22, 25, 31, 32, 33, 34]","[22, 25, 26, 27, 28, 29, 32, 33, 34, 35, 36]",True,
CHEMBL3979_EC50,667,846,853,1,calibration,True,1.6020599913279625,32.0,"[[0, 0], [1, 1], [2, 2], [3, 3], [4, 4], [5, 5], [6, 6], [7, 7], [8, 8], [9, 9], [10, 10], [11, 11], [12, 12], [13, 13], [14, 14], [15, 15], [16, 27], [17, 19], [18, 18], [19, 20], [20, 21], [21, 26], [22, 25], [23, 24], [24, 23], [25, 22], [26, 17], [27, 16], [28, 28], [29, 29], [30, 30], [31, 31]]","[17, 18, 19, 20, 26]","[18, 19, 20, 21, 27]",True,
CHEMBL3979_EC50,673,887,888,60,test,True,1.018224820106199,16.0,"[[0, 2], [1, 3], [2, 4], [3, 5], [4, 6], [5, 7], [6, 8], [7, 9], [8, 10], [9, 11], [10, 12], [11, 13], [12, 14], [13, 15], [14, 16], [15, 17]]",[],"[0, 1, 2, 3]",True,
CHEMBL3979_EC50,679,898,910,63,test,True,1.3424226808222055,38.0,"[[0, 0], [1, 1], [2, 2], [3, 3], [4, 4], [5, 5], [6, 6], [7, 7], [8, 16], [9, 15], [10, 14], [11, 13], [12, 18], [13, 17], [14, 19], [15, 20], [16, 21], [17, 22], [18, 31], [19, 30], [20, 25], [21, 26], [22, 27], [23, 28], [24, 29], [25, 24], [26, 23], [27, 32], [28, 33], [29, 34], [30, 35], [31, 36], [32, 37], [33, 38], [34, 39], [35, 40], [36, 41], [37, 42]]","[6, 7, 8, 9, 13]","[6, 7, 8, 9, 10, 11, 12, 13, 14, 18]",True,
CHEMBL3979_EC50,682,903,912,64,calibration,True,1.3352440961950824,39.0,"[[0, 0], [1, 1], [2, 2], [3, 3], [4, 4], [5, 5], [6, 6], [7, 7], [8, 8], [9, 19], [10, 18], [11, 17], [12, 16], [13, 21], [14, 20], [15, 22], [16, 23], [17, 24], [18, 25], [19, 34], [20, 33], [21, 28], [22, 29], [23, 30], [24, 31], [25, 32], [26, 27], [27, 26], [28, 35], [29, 36], [30, 37], [31, 38], [32, 39], [33, 40], [34, 41], [35, 42], [36, 43], [37, 44], [38, 45]]","[7, 8, 9, 10, 14]","[7, 8, 9, 10, 11, 12, 13, 14, 15, 16, 17, 21]",True,
CHEMBL3979_EC50,686,953,954,65,test,True,1.0980665902079982,39.0,"[[1, 34], [2, 36], [3, 37], [4, 31], [5, 30], [6, 29], [7, 28], [8, 27], [9, 26], [10, 25], [11, 24], [12, 23], [13, 22], [14, 21], [15, 20], [16, 19], [17, 17], [18, 18], [19, 39], [20, 40], [21, 4], [22, 3], [23, 1], [24, 0], [25, 2], [26, 5], [27, 6], [28, 7], [29, 8], [30, 9], [31, 10], [32, 11], [33, 13], [34, 14], [35, 15], [36, 16], [37, 38], [38, 32], [39, 33]]","[0, 1, 2, 15, 16, 17, 18, 36, 39]","[10, 11, 12, 13, 17, 18, 19, 20, 33, 34, 35, 36, 39]",True,
CHEMBL3979_EC50,687,972,974,66,test,True,2.0427067390560563,28.0,"[[0, 0], [1, 1], [2, 2], [3, 3], [4, 4], [5, 5], [6, 6], [7, 7], [8, 8], [9, 9], [10, 10], [11, 11], [12, 12], [13, 13], [14, 14], [18, 18], [19, 19], [20, 20], [21, 21], [22, 22], [23, 23], [24, 24], [25, 25], [26, 26], [27, 27], [28, 28], [29, 29], [30, 30]]","[13, 14, 15, 16, 17, 18]","[13, 14, 15, 16, 17, 18]",True,
CHEMBL3979_EC50,689,1007,1009,67,calibration,True,1.0969100130080571,25.0,"[[0, 0], [1, 1], [2, 2], [3, 3], [4, 4], [5, 5], [6, 6], [7, 7], [8, 8], [9, 9], [10, 10], [11, 11], [12, 12], [13, 13], [14, 14], [15, 15], [16, 23], [17, 19], [18, 18], [20, 20], [21, 21], [22, 22], [23, 17], [24, 16], [25, 24]]","[17, 18, 19, 20, 21, 22, 23]","[18, 19, 20, 21, 22, 23]",True,
CHEMBL4005_Ki,3,4,10,0,test,True,3.959041392321092,21.0,"[[2, 1], [3, 2], [4, 3], [5, 4], [6, 5], [7, 6], [8, 7], [9, 8], [10, 9], [11, 11], [13, 12], [14, 13], [15, 14], [16, 15], [17, 16], [18, 17], [19, 18], [20, 19], [21, 20], [22, 21], [23, 22]]","[0, 1, 2, 3, 10, 11, 12, 13, 23]","[0, 1, 2, 8, 9, 10, 11, 22]",True,
CHEMBL4005_Ki,7,15,16,3,calibration,True,2.8000293592441343,24.0,"[[0, 0], [1, 1], [2, 2], [3, 3], [4, 4], [5, 5], [6, 6], [7, 7], [8, 8], [9, 10], [10, 11], [11, 12], [12, 13], [13, 14], [14, 15], [15, 16], [16, 17], [17, 18], [18, 19], [19, 20], [20, 21], [21, 22], [22, 23], [23, 24]]",[],"[7, 8, 9, 10]",True,
CHEMBL4005_Ki,20,26,31,4,test,True,2.293968141176494,25.0,"[[0, 0], [1, 1], [2, 2], [3, 3], [4, 4], [5, 5], [6, 6], [7, 7], [8, 8], [9, 9], [10, 10], [11, 11], [12, 12], [13, 13], [14, 14], [16, 18], [17, 17], [18, 16], [19, 22], [20, 20], [21, 19], [22, 23], [23, 24], [24, 25], [25, 26]]","[13, 14, 15, 16, 17, 21, 22]","[13, 14, 15, 16, 17, 19, 20, 21, 22, 23]",True,
CHEMBL4005_Ki,54,60,62,6,test,True,1.3371964507035718,29.0,"[[0, 0], [1, 1], [2, 2], [3, 3], [4, 4], [5, 5], [6, 6], [7, 7], [8, 8], [9, 9], [10, 10], [11, 11], [12, 12], [13, 13], [14, 14], [15, 15], [16, 17], [17, 18], [18, 19], [19, 20], [20, 26], [21, 25], [22, 23], [24, 22], [25, 21], [26, 27], [27, 28], [28, 29], [29, 30]]","[21, 22, 23, 24]","[14, 15, 16, 17, 22, 23, 24, 25]",True,
CHEMBL4005_Ki,61,72,79,8,calibration,True,1.4666886140706898,21.0,"[[0, 0], [1, 1], [2, 2], [3, 3], [4, 4], [5, 5], [6, 6], [7, 7], [8, 8], [9, 9], [10, 10], [11, 11], [12, 12], [13, 13], [14, 14], [15, 15], [16, 16], [17, 17], [18, 18], [23, 23], [24, 24]]","[1, 18, 19, 20, 21, 22, 23, 24]","[1, 18, 19, 20, 21, 22, 23, 24]",True,
CHEMBL4005_Ki,133,156,158,12,test,True,1.204119982655925,32.0,"[[0, 0], [1, 1], [2, 2], [3, 3], [4, 4], [5, 5], [6, 6], [7, 7], [8, 8], [9, 9], [10, 10], [11, 11], [12, 12], [13, 13], [14, 14], [15, 15], [16, 16], [17, 17], [18, 18], [19, 19], [20, 20], [21, 21], [22, 22], [23, 23], [24, 24], [25, 25], [28, 32], [29, 33], [30, 34], [31, 35], [32, 36], [33, 37]]","[23, 25, 26, 27]","[23, 25, 26, 27, 28, 29, 30, 31]",True,
CHEMBL4005_Ki,134,159,160,13,calibration,True,1.247784483710756,22.0,"[[0, 0], [1, 1], [2, 2], [3, 3], [4, 4], [5, 5], [6, 6], [7, 7], [8, 8], [9, 9], [10, 10], [11, 11], [12, 12], [13, 14], [15, 15], [16, 16], [17, 17], [18, 18], [19, 19], [20, 20], [21, 21], [22, 22]]","[11, 12, 13, 14]","[11, 12, 13, 14]",True,
CHEMBL4005_Ki,172,216,612,20,test,True,1.1272591044534446,29.0,"[[0, 0], [1, 1], [2, 2], [3, 3], [4, 4], [5, 5], [6, 7], [7, 8], [8, 9], [9, 10], [10, 11], [11, 12], [12, 13], [13, 14], [14, 15], [15, 16], [16, 17], [17, 18], [18, 19], [19, 20], [20, 21], [21, 22], [22, 23], [23, 24], [24, 25], [25, 26], [26, 27], [27, 28], [28, 29]]",[],"[4, 5, 6, 7]",True,
CHEMBL4005_Ki,175,221,588,21,calibration,True,1.1400538879660438,19.0,"[[0, 0], [1, 1], [2, 2], [3, 3], [4, 4], [5, 5], [6, 6], [7, 7], [13, 14], [14, 15], [15, 16], [16, 17], [17, 18], [18, 19], [19, 20], [20, 21], [21, 22], [22, 23], [23, 24]]","[6, 7, 8, 9, 10, 11, 12, 13, 14]","[6, 7, 8, 9, 10, 11, 12, 13, 14, 15]",True,
CHEMBL4005_Ki,176,222,228,22,calibration,True,1.0785136141222882,23.0,"[[0, 0], [1, 1], [2, 2], [3, 3], [4, 4], [5, 5], [6, 6], [7, 7], [8, 11], [9, 10], [10, 9], [11, 8], [12, 12], [13, 13], [14, 14], [15, 15], [16, 16], [17, 17], [18, 18], [19, 19], [20, 20], [21, 21], [22, 22]]","[6, 7, 8, 9, 10, 11, 12, 13]","[6, 7, 8, 9, 10, 11, 12, 13]",True,
CHEMBL4005_Ki,185,231,233,24,test,True,2.2430380486862944,23.0,"[[1, 6], [2, 5], [3, 4], [4, 26], [5, 8], [6, 9], [7, 10], [8, 11], [9, 12], [10, 13], [11, 14], [12, 15], [13, 16], [14, 17], [15, 18], [16, 19], [17, 20], [18, 21], [19, 22], [20, 23], [21, 24], [22, 25], [23, 7]]","[0, 1, 2, 23]","[0, 1, 2, 3, 4, 5, 26]",True,
CHEMBL4005_Ki,186,234,246,25,calibration,True,1.9486923446765625,28.0,"[[0, 0], [1, 1], [2, 2], [3, 3], [4, 4], [5, 5], [6, 6], [7, 7], [8, 8], [9, 9], [10, 10], [11, 11], [12, 12], [13, 13], [14, 14], [15, 15], [16, 16], [17, 17], [18, 18], [19, 19], [20, 20], [21, 21], [23, 22], [24, 23], [25, 24], [26, 25], [27, 26], [28, 27]]","[20, 21, 22, 23]",[],True,
CHEMBL4005_Ki,187,245,769,26,calibration,True,1.496101849342509,26.0,"[[0, 0], [1, 1], [3, 3], [4, 4], [6, 6], [7, 7], [8, 8], [9, 9], [11, 10], [12, 11], [13, 12], [14, 13], [15, 14], [16, 15], [17, 16], [18, 17], [19, 18], [20, 19], [21, 20], [22, 21], [23, 22], [24, 23], [25, 24], [26, 25], [27, 26], [28, 27]]","[0, 1, 2, 3, 4, 5, 6, 7, 8, 9, 10, 11, 29]","[0, 1, 2, 3, 4, 5, 6, 7, 28]",True,
CHEMBL4005_Ki,194,261,267,28,calibration,True,1.1760912590556796,22.0,"[[0, 0], [1, 1], [2, 2], [3, 3], [4, 4], [5, 5], [6, 6], [7, 7], [8, 8], [9, 9], [10, 10], [11, 11], [12, 12], [13, 13], [14, 14], [15, 15], [16, 16], [17, 17], [18, 18], [29, 28], [30, 29], [31, 30]]","[17, 18, 19, 20, 21, 22, 23, 24, 25, 26, 27, 28, 29]","[17, 18, 19, 20, 21, 22, 23, 24, 25, 26, 27, 28]",True,
CHEMBL4005_Ki,200,329,331,29,test,True,1.6368220975871726,24.0,"[[0, 0], [1, 1], [2, 2], [3, 3], [4, 4], [5, 5], [6, 6], [7, 7], [8, 8], [9, 9], [10, 10], [11, 11], [12, 12], [13, 13], [16, 16], [17, 17], [18, 18], [19, 19], [20, 20], [21, 21], [26, 23], [27, 24], [28, 25], [29, 26]]","[11, 13, 14, 15, 16, 17, 20, 21, 22, 23, 24, 25, 26, 27]","[11, 13, 14, 15, 16, 17, 22, 23, 24]",True,
CHEMBL4005_Ki,205,363,367,34,calibration,True,1.3222192947339204,29.0,"[[0, 0], [1, 1], [2, 2], [3, 3], [4, 4], [5, 5], [6, 6], [7, 7], [8, 8], [9, 9], [10, 10], [11, 11], [12, 12], [13, 13], [14, 14], [15, 15], [16, 22], [17, 17], [18, 18], [19, 19], [20, 20], [21, 21], [22, 16], [23, 23], [24, 24], [25, 25], [26, 26], [27, 27], [28, 28]]","[15, 16, 17, 18, 22, 23]","[14, 15, 16, 17, 21, 22]",True,
CHEMBL4005_Ki,251,405,471,38,test,True,1.6799467670225878,32.0,"[[0, 0], [1, 1], [2, 2], [3, 3], [5, 4], [6, 5], [7, 6], [8, 7], [9, 9], [10, 10], [11, 11], [12, 12], [13, 13], [14, 14], [15, 15], [16, 16], [17, 17], [18, 18], [19, 19], [20, 20], [21, 21], [22, 22], [23, 23], [24, 24], [27, 27], [28, 28], [29, 29], [30, 30], [31, 31], [32, 32], [33, 33], [35, 35]]","[2, 3, 4, 5, 6, 8, 19, 21, 24, 25, 26, 27, 28, 34, 35]","[2, 3, 4, 5, 6, 7, 8, 19, 21, 24, 25, 26, 27, 28, 34, 35]",True,
CHEMBL4005_Ki,252,406,428,39,test,True,1.3055487710478166,32.0,"[[0, 0], [1, 1], [2, 2], [3, 3], [4, 4], [5, 5], [6, 6], [7, 7], [8, 8], [9, 9], [10, 10], [11, 11], [12, 12], [13, 13], [14, 14], [15, 15], [16, 16], [17, 17], [18, 18], [19, 19], [20, 20], [21, 25], [22, 24], [23, 23], [24, 22], [25, 21], [26, 26], [27, 28], [28, 29], [29, 30], [30, 31], [31, 32]]",[],"[19, 26, 27, 28]",True,
CHEMBL4005_Ki,253,412,413,40,calibration,True,1.1826552598117257,24.0,"[[0, 0], [1, 1], [2, 2], [3, 3], [4, 4], [5, 5], [6, 6], [7, 7], [8, 8], [9, 9], [10, 10], [11, 11], [12, 12], [13, 13], [14, 14], [15, 15], [16, 16], [17, 17], [18, 18], [19, 19], [25, 26], [26, 27], [27, 28], [28, 29]]","[18, 19, 20, 21, 22, 23, 24, 25]","[18, 19, 20, 21, 22, 23, 24, 25, 26]",True,
CHEMBL4005_Ki,260,425,426,43,test,True,1.118425155145852,29.0,"[[0, 0], [1, 1], [2, 2], [3, 3], [4, 4], [5, 5], [6, 6], [7, 7], [8, 8], [9, 9], [10, 10], [11, 11], [12, 12], [13, 13], [14, 18], [15, 17], [16, 16], [17, 15], [18, 14], [19, 19], [20, 20], [21, 21], [22, 22], [24, 25], [25, 26], [26, 27], [27, 28], [28, 29], [29, 30]]","[21, 22, 23, 24]","[21, 22, 23, 24, 25]",True,
CHEMBL4005_Ki,262,430,431,44,calibration,True,1.3736408519169654,31.0,"[[0, 0], [1, 1], [2, 2], [3, 3], [4, 4], [5, 5], [6, 6], [7, 7], [8, 8], [9, 9], [10, 10], [11, 11], [12, 12], [13, 13], [14, 14], [15, 15], [16, 16], [17, 19], [18, 20], [20, 21], [21, 22], [22, 23], [23, 24], [24, 29], [25, 28], [26, 27], [27, 26], [28, 25], [29, 30], [30, 31], [31, 32]]","[5, 6, 7, 17, 18, 19]","[5, 6, 7, 16, 17, 18, 19, 20]",True,
CHEMBL4005_Ki,278,451,453,45,calibration,True,1.9198756602443008,36.0,"[[0, 0], [1, 1], [2, 2], [3, 3], [4, 4], [5, 5], [6, 6], [7, 7], [12, 11], [13, 12], [14, 13], [15, 14], [16, 15], [17, 16], [18, 17], [19, 18], [20, 19], [21, 20], [22, 21], [23, 22], [24, 23], [25, 24], [26, 25], [27, 26], [28, 27], [29, 28], [30, 29], [31, 30], [32, 31], [33, 36], [34, 35], [35, 34], [36, 33], [37, 32], [38, 37], [39, 38]]","[3, 6, 7, 8, 9, 10, 11, 12]","[3, 6, 7, 8, 9, 10, 11]",True,
CHEMBL4005_Ki,297,532,641,46,test,True,1.0374473579267898,15.0,"[[1, 9], [2, 11], [3, 12], [4, 13], [5, 14], [12, 7], [13, 6], [14, 21], [15, 1], [16, 0], [17, 2], [18, 3], [19, 4], [20, 5], [21, 8]]","[0, 1, 2, 4, 5, 6, 7, 8, 9, 10, 11, 21]","[8, 9, 10, 11, 13, 14, 15, 16, 17, 18, 19, 20]",True,
CHEMBL4005_Ki,303,538,694,48,calibration,True,1.6127838567197357,29.0,"[[5, 7], [6, 8], [7, 9], [8, 10], [9, 11], [10, 12], [11, 13], [12, 14], [13, 15], [14, 16], [15, 17], [16, 18], [17, 19], [18, 20], [19, 21], [20, 22], [21, 23], [22, 24], [23, 25], [24, 26], [25, 27], [26, 28], [27, 29], [28, 30], [29, 31], [30, 32], [31, 33], [33, 35], [34, 36]]","[0, 1, 2, 3, 4, 5, 6, 32, 33, 34]","[0, 1, 2, 3, 4, 5, 6, 7, 8, 34, 35, 36]",True,
CHEMBL4005_Ki,307,560,566,51,calibration,True,1.03252922482692,25.0,"[[0, 17], [1, 16], [2, 15], [3, 14], [4, 13], [5, 12], [6, 11], [7, 10], [8, 9], [9, 8], [10, 7], [18, 31], [19, 20], [20, 21], [21, 22], [22, 23], [23, 24], [24, 25], [25, 26], [26, 27], [27, 28], [28, 29], [29, 30], [30, 19], [31, 18]]","[9, 10, 11, 12, 13, 14, 15, 16, 17, 18]","[0, 1, 2, 3, 4, 5, 6, 7, 8, 31, 32, 33]",True,
CHEMBL4005_Ki,309,593,628,17,test,True,1.672097857935717,25.0,"[[0, 0], [1, 1], [2, 2], [3, 3], [4, 4], [5, 5], [6, 6], [7, 7], [10, 13], [11, 12], [12, 11], [13, 16], [14, 15], [15, 14], [18, 18], [19, 19], [20, 20], [21, 21], [22, 22], [23, 23], [24, 24], [25, 25], [26, 26], [27, 27], [28, 28]]","[6, 7, 8, 9, 10, 11, 15, 16, 17, 18, 19]","[6, 7, 8, 9, 10, 11, 12, 16, 17, 18, 19]",True,
CHEMBL4005_Ki,320,674,675,54,calibration,True,1.0360963453482768,27.0,"[[0, 0], [1, 1], [2, 2], [3, 3], [4, 4], [5, 5], [6, 6], [7, 7], [8, 8], [9, 9], [10, 10], [11, 11], [12, 12], [13, 13], [14, 14], [15, 15], [16, 16], [17, 17], [18, 18], [19, 19], [20, 20], [21, 21], [22, 22], [23, 23], [24, 24], [25, 25], [32, 30]]","[24, 25, 26, 27, 28, 29, 30, 31]","[24, 25, 26, 27, 28, 29]",True,
CHEMBL4005_Ki,344,779,783,56,test,True,1.4880704350227942,27.0,"[[5, 3], [6, 4], [7, 5], [8, 6], [9, 7], [10, 8], [11, 9], [12, 10], [13, 11], [14, 12], [15, 13], [16, 14], [17, 15], [18, 16], [19, 17], [20, 18], [21, 19], [22, 20], [23, 21], [24, 22], [25, 23], [26, 24], [27, 25], [28, 26], [29, 27], [30, 28], [31, 29]]","[0, 1, 2, 3, 4, 5, 6, 32, 33, 34]","[0, 1, 2, 3, 4, 30, 31]",True,
CHEMBL4005_Ki,374,813,814,61,calibration,True,1.3115461143491365,26.0,"[[5, 6], [6, 7], [7, 8], [8, 9], [9, 10], [10, 11], [11, 12], [12, 13], [13, 14], [14, 15], [15, 16], [16, 17], [17, 18], [18, 19], [19, 20], [20, 21], [21, 22], [22, 23], [23, 24], [24, 25], [25, 26], [26, 27], [27, 28], [28, 29], [29, 30], [30, 31]]","[0, 1, 2, 3, 4, 5, 6, 31, 32]","[0, 1, 2, 3, 4, 5, 6, 7, 32, 33]",True,
CHEMBL4005_Ki,399,837,840,58,calibration,True,1.952731918414086,26.0,"[[4, 5], [5, 6], [6, 7], [7, 8], [8, 9], [9, 10], [10, 11], [11, 12], [12, 13], [13, 14], [14, 15], [15, 16], [16, 17], [17, 18], [18, 19], [19, 20], [20, 21], [21, 22], [22, 23], [23, 24], [24, 27], [25, 28], [26, 29], [27, 30], [28, 31], [29, 32]]","[0, 1, 2, 3, 4, 5, 30, 31]","[0, 1, 2, 3, 4, 5, 6, 23, 24, 25, 26, 33, 34]",True,
CHEMBL4005_Ki,418,856,872,57,test,True,3.0295744189809266,30.0,"[[0, 0], [1, 1], [2, 2], [3, 3], [4, 4], [5, 5], [6, 6], [7, 7], [8, 8], [9, 9], [10, 10], [11, 11], [12, 12], [13, 13], [14, 14], [15, 15], [16, 16], [17, 17], [18, 18], [19, 19], [20, 20], [21, 21], [22, 22], [23, 23], [24, 24], [25, 25], [26, 26], [27, 27], [28, 30], [29, 31]]",[],"[26, 27, 28, 29]",True,
CHEMBL4005_Ki,420,857,900,62,test,True,1.25199739723994,31.0,"[[1, 5], [2, 3], [3, 6], [6, 9], [7, 10], [8, 11], [9, 12], [10, 13], [11, 14], [12, 15], [13, 16], [14, 17], [15, 18], [16, 19], [17, 20], [18, 21], [19, 22], [20, 23], [21, 24], [22, 25], [23, 26], [24, 28], [25, 30], [26, 29], [27, 31], [28, 32], [29, 33], [30, 34], [31, 35], [32, 36], [33, 37]]","[0, 1, 2, 3, 4, 5, 6, 7, 21, 22, 23, 24, 25, 26, 27, 34, 35]","[0, 1, 2, 3, 4, 5, 6, 7, 8, 9, 10, 24, 25, 26, 27, 28, 29, 30, 31, 38, 39]",True,
CHEMBL4005_Ki,422,859,882,59,test,True,2.0251107205830303,29.0,"[[0, 1], [1, 3], [2, 4], [3, 5], [4, 6], [5, 7], [6, 8], [7, 9], [8, 10], [9, 11], [10, 12], [11, 13], [12, 14], [13, 15], [14, 16], [15, 17], [16, 18], [17, 19], [18, 20], [19, 21], [20, 22], [21, 23], [24, 24], [25, 25], [26, 26], [27, 27], [28, 28], [29, 29], [30, 30]]","[20, 21, 22, 23]","[0, 1, 2, 3]",True,
CHEMBL4005_Ki,438,956,958,67,test,True,1.0662162688832568,24.0,"[[1, 0], [2, 1], [3, 2], [4, 3], [5, 4], [6, 5], [7, 6], [8, 7], [9, 8], [10, 9], [11, 10], [12, 11], [13, 12], [14, 13], [15, 14], [16, 15], [17, 16], [18, 17], [19, 18], [20, 19], [21, 20], [22, 21], [23, 23], [24, 22]]","[0, 1, 2]",[],True,
CHEMBL4203_Ki,1,14,420,1,calibration,True,1.1999999472615537,7.0,"[[8, 8], [9, 9], [10, 10], [11, 11], [12, 12], [13, 13], [14, 14]]","[0, 1, 2, 3, 4, 5, 6, 7, 8, 9, 15]","[0, 1, 2, 3, 4, 5, 6, 7, 8, 9, 15]",True,
CHEMBL4203_Ki,6,41,134,4,test,True,1.299988937677888,26.0,"[[0, 0], [1, 1], [2, 2], [3, 3], [4, 4], [5, 5], [6, 6], [7, 7], [8, 8], [9, 9], [10, 10], [11, 11], [12, 12], [13, 13], [14, 14], [15, 15], [16, 16], [17, 19], [18, 18], [19, 23], [20, 22], [21, 21], [22, 20], [23, 24], [24, 25], [25, 26]]","[15, 16, 17, 18, 22, 23]","[15, 16, 17, 18, 19, 23, 24]",True,
CHEMBL4203_Ki,7,48,532,5,test,True,1.400019635065158,24.0,"[[0, 0], [1, 1], [2, 2], [3, 3], [4, 4], [5, 5], [6, 6], [7, 10], [8, 8], [9, 9], [10, 7], [11, 11], [12, 12], [13, 13], [14, 14], [15, 15], [16, 16], [17, 17], [18, 18], [19, 19], [20, 20], [21, 21], [22, 22], [23, 23]]","[5, 6, 7, 8, 10, 11, 12, 21]","[5, 6, 7, 8, 10, 11, 12, 21]",True,
CHEMBL4203_Ki,17,169,536,7,test,True,2.39997058801742,12.0,"[[3, 1], [4, 2], [5, 3], [6, 13], [7, 11], [8, 12], [9, 4], [10, 5], [11, 6], [12, 7], [13, 14], [14, 21]]","[0, 1, 2, 3, 4, 5, 6, 7, 8, 12, 13, 14, 15]","[0, 1, 2, 3, 4, 5, 6, 7, 8, 9, 10, 11, 12, 13, 14, 15, 16, 17, 18, 19, 20, 21]",True,
CHEMBL4203_Ki,21,203,515,13,calibration,True,2.099997572241567,8.0,"[[0, 0], [1, 1], [2, 2], [3, 3], [4, 4], [8, 8], [9, 9], [10, 10]]","[1, 3, 4, 5, 6, 7, 8, 9, 10]","[1, 3, 4, 5, 6, 7, 8, 9, 10]",True,
CHEMBL4203_Ki,22,235,466,14,calibration,True,1.100015437450609,33.0,"[[0, 0], [1, 1], [2, 2], [3, 3], [4, 4], [5, 5], [6, 6], [7, 7], [8, 8], [9, 9], [10, 10], [11, 11], [12, 12], [13, 13], [14, 14], [15, 15], [16, 16], [17, 17], [18, 18], [19, 19], [20, 23], [21, 22], [22, 21], [23, 20], [25, 25], [26, 26], [27, 27], [28, 28], [29, 29], [30, 30], [31, 31], [32, 32], [33, 33]]","[18, 19, 20, 21, 22, 23, 24]","[18, 19, 20, 21, 22, 23, 24]",True,
CHEMBL4203_Ki,25,354,650,16,calibration,True,1.0000109090436426,24.0,"[[0, 0], [1, 1], [2, 2], [3, 3], [4, 4], [5, 5], [6, 6], [7, 7], [8, 8], [9, 9], [10, 10], [11, 11], [12, 12], [13, 13], [14, 14], [15, 15], [16, 17], [17, 18], [18, 19], [19, 20], [20, 16], [21, 21], [22, 22], [23, 23]]","[14, 15, 16, 17, 18, 19, 20]","[15, 16, 17, 18, 19, 20, 21]",True,
CHEMBL4203_Ki,26,398,676,17,test,True,1.9999887352324697,23.0,"[[0, 0], [1, 1], [2, 2], [3, 3], [4, 4], [5, 5], [6, 6], [7, 7], [8, 8], [9, 9], [10, 10], [11, 11], [12, 12], [13, 13], [14, 14], [15, 15], [16, 17], [17, 23], [18, 21], [19, 20], [20, 19], [22, 18], [23, 24]]","[14, 15, 16, 17, 19, 20, 21, 22]","[14, 15, 16, 17, 18, 20, 21, 22, 23]",True,
CHEMBL4203_Ki,30,488,679,20,calibration,True,1.4999975257378475,9.0,"[[0, 0], [1, 21], [2, 20], [3, 3], [4, 4], [8, 8], [9, 9], [17, 2], [18, 1]]","[3, 4, 5, 6, 7, 8, 9, 10, 11, 12, 13, 14, 15, 16]","[3, 4, 5, 6, 7, 8, 9, 10, 11, 12, 13, 14, 15, 16, 17, 18, 19]",True,
CHEMBL4203_Ki,34,573,666,21,test,True,1.300014562647406,9.0,"[[0, 0], [1, 1], [7, 7], [8, 8], [9, 13], [10, 12], [11, 11], [12, 10], [13, 9]]","[0, 1, 2, 3, 4, 5, 6, 7, 8, 14, 15]","[0, 1, 2, 3, 4, 5, 6, 7, 8, 14, 15]",True,
CHEMBL4203_Ki,37,648,695,23,calibration,True,2.90005622517403,7.0,"[[7, 8], [8, 7], [9, 14], [10, 15], [11, 4], [12, 5], [13, 6]]","[0, 1, 2, 3, 4, 5, 6, 7, 8, 14, 15]","[0, 1, 2, 3, 4, 5, 7, 8, 9, 10, 11, 12, 13, 14, 15]",True,
CHEMBL4203_Ki,38,661,713,24,test,True,1.3999738200739706,27.0,"[[0, 0], [1, 1], [2, 2], [3, 3], [4, 4], [5, 5], [6, 6], [7, 7], [8, 8], [9, 9], [10, 10], [11, 11], [12, 12], [13, 13], [15, 15], [16, 16], [17, 17], [18, 18], [19, 19], [20, 20], [21, 21], [22, 22], [23, 23], [24, 24], [25, 25], [26, 26], [27, 27]]","[12, 13, 14, 15, 16, 20]","[12, 13, 14, 15, 16, 20]",True,
CHEMBL4616_EC50,8,16,37,2,test,True,1.8784542062890388,32.0,"[[1, 4], [2, 5], [3, 6], [4, 7], [5, 8], [6, 9], [7, 10], [8, 11], [9, 12], [10, 13], [11, 14], [12, 19], [13, 18], [14, 17], [15, 16], [16, 15], [17, 20], [18, 21], [19, 22], [20, 23], [21, 24], [22, 25], [23, 26], [24, 27], [25, 28], [26, 29], [27, 33], [28, 34], [29, 35], [30, 30], [31, 32], [32, 31]]","[0, 1, 2, 3]","[0, 1, 2, 3, 4, 5, 6]",True,
CHEMBL4616_EC50,9,27,29,3,calibration,True,1.0595856899842442,39.0,"[[0, 33], [1, 31], [2, 32], [3, 27], [4, 26], [5, 25], [6, 24], [7, 22], [8, 23], [9, 21], [10, 20], [11, 19], [12, 18], [13, 9], [14, 10], [15, 11], [16, 12], [17, 17], [18, 16], [19, 15], [20, 14], [21, 13], [22, 8], [23, 7], [24, 6], [25, 5], [26, 4], [27, 2], [28, 3], [29, 1], [31, 34], [32, 39], [33, 38], [34, 37], [35, 36], [36, 35], [37, 28], [38, 30], [39, 29]]","[27, 29, 30, 31]","[0, 1, 2, 34]",True,
CHEMBL4616_EC50,50,120,124,13,test,True,1.2240148113728644,34.0,"[[0, 0], [1, 1], [2, 2], [3, 3], [4, 4], [5, 5], [6, 6], [7, 7], [8, 8], [9, 9], [10, 10], [11, 11], [12, 12], [13, 13], [14, 14], [15, 15], [16, 16], [17, 17], [18, 18], [19, 19], [20, 20], [21, 21], [22, 22], [23, 23], [24, 26], [25, 31], [26, 30], [27, 29], [28, 28], [29, 27], [31, 33], [32, 34], [33, 35], [34, 36]]","[22, 23, 24, 25, 28, 29, 30, 31, 32, 33, 34]","[22, 23, 24, 25, 26, 27, 30, 31, 32, 33, 34, 35, 36]",True,
CHEMBL4616_EC50,58,135,148,7,test,True,2.3869446243705745,41.0,"[[0, 0], [1, 1], [2, 2], [3, 3], [4, 4], [5, 5], [6, 6], [7, 7], [8, 8], [9, 9], [10, 10], [11, 11], [12, 12], [13, 13], [14, 14], [15, 15], [16, 16], [17, 17], [18, 18], [19, 19], [20, 20], [21, 21], [22, 22], [23, 23], [24, 24], [25, 25], [27, 27], [28, 28], [29, 29], [30, 30], [31, 31], [32, 32], [33, 33], [34, 34], [35, 39], [36, 38], [37, 37], [38, 36], [39, 35], [40, 40], [41, 41]]","[24, 25, 26, 27, 28]","[24, 25, 26, 27, 28]",True,
CHEMBL4616_EC50,102,188,189,14,test,True,2.099913633468997,30.0,"[[0, 0], [1, 1], [2, 2], [3, 3], [4, 4], [5, 5], [6, 6], [7, 7], [8, 8], [9, 9], [10, 10], [11, 11], [12, 12], [13, 13], [14, 14], [15, 15], [16, 16], [17, 17], [18, 18], [19, 19], [20, 20], [23, 24], [24, 25], [25, 26], [26, 27], [27, 28], [28, 29], [29, 30], [31, 32], [32, 33]]","[17, 20, 21, 22, 23, 24, 30]","[17, 20, 21, 22, 23, 24, 25, 31]",True,
CHEMBL4616_EC50,320,230,459,18,calibration,True,2.900010890467593,27.0,"[[0, 0], [1, 1], [2, 2], [3, 3], [4, 4], [5, 5], [6, 6], [7, 7], [8, 8], [9, 9], [10, 10], [11, 11], [12, 12], [13, 13], [14, 14], [15, 15], [16, 16], [17, 17], [18, 18], [19, 19], [20, 20], [21, 31], [22, 30], [23, 23], [24, 24], [30, 22], [31, 21]]","[23, 24, 25, 26, 27, 28, 29]","[20, 23, 24, 25, 26, 27, 28, 29, 30, 31, 32]",True,
CHEMBL4616_EC50,447,245,414,17,calibration,True,2.800001827817969,24.0,"[[0, 26], [1, 25], [2, 24], [3, 23], [4, 22], [5, 21], [6, 5], [7, 6], [8, 7], [9, 8], [10, 9], [11, 10], [12, 11], [13, 12], [14, 13], [15, 14], [21, 20], [22, 4], [23, 3], [24, 2], [27, 30], [28, 28], [29, 29], [30, 27]]","[4, 14, 15, 16, 17, 18, 19, 20, 23, 24, 25, 26]","[0, 1, 2, 3, 13, 14, 15, 16, 17, 18, 19, 22]",True,
CHEMBL4616_EC50,486,278,309,21,calibration,True,1.6020599913279625,27.0,"[[0, 0], [1, 1], [2, 2], [3, 3], [4, 4], [5, 5], [6, 6], [7, 7], [8, 8], [9, 9], [10, 10], [11, 11], [12, 12], [13, 13], [14, 14], [15, 15], [16, 16], [17, 17], [18, 19], [19, 20], [20, 25], [21, 24], [22, 23], [23, 22], [24, 21], [25, 27], [26, 28]]",[],"[15, 17, 18, 19, 20, 24, 25, 26]",True,
CHEMBL4616_EC50,488,283,290,23,test,True,1.6989700043360187,24.0,"[[2, 25], [3, 1], [4, 2], [5, 3], [6, 4], [7, 7], [8, 8], [9, 9], [10, 10], [11, 11], [12, 12], [13, 13], [14, 14], [15, 15], [16, 16], [17, 17], [18, 18], [19, 19], [20, 24], [21, 23], [22, 22], [23, 21], [24, 20], [25, 5]]","[0, 1, 2, 3, 5, 6, 7, 8, 14, 25]","[0, 1, 2, 4, 5, 6, 7, 8, 14, 25]",True,
CHEMBL4616_EC50,493,288,294,24,calibration,True,1.653212513775344,25.0,"[[1, 0], [2, 1], [3, 2], [4, 3], [5, 4], [6, 5], [7, 6], [8, 7], [9, 8], [10, 10], [11, 11], [12, 12], [13, 13], [14, 14], [15, 19], [16, 18], [17, 17], [18, 16], [19, 15], [20, 20], [21, 21], [22, 22], [23, 23], [24, 24], [25, 25]]","[0, 1, 2]","[3, 7, 8, 9]",True,
CHEMBL4616_EC50,494,293,298,25,calibration,True,1.3424226808222066,25.0,"[[0, 0], [1, 1], [2, 2], [3, 3], [4, 4], [5, 5], [6, 6], [7, 7], [8, 8], [9, 10], [10, 11], [11, 12], [12, 13], [13, 14], [14, 20], [15, 18], [16, 17], [18, 16], [19, 15], [20, 21], [21, 22], [22, 23], [23, 24], [24, 25], [25, 26]]","[15, 16, 17, 18]","[3, 7, 8, 9, 17, 18, 19, 20]",True,
CHEMBL4616_EC50,503,327,328,26,calibration,True,2.5000030680516936,24.0,"[[0, 0], [1, 1], [2, 2], [3, 3], [4, 4], [5, 5], [6, 6], [7, 7], [8, 8], [9, 9], [10, 10], [11, 11], [12, 12], [13, 13], [14, 14], [15, 15], [16, 16], [17, 17], [18, 18], [19, 19], [20, 20], [26, 28], [27, 29], [28, 30]]","[19, 20, 21, 22, 23, 24, 25]","[19, 20, 21, 22, 23, 24, 25, 26, 27]",True,
CHEMBL4616_EC50,506,340,346,27,calibration,True,1.600009687822503,26.0,"[[0, 1], [1, 2], [2, 3], [4, 4], [5, 30], [6, 29], [7, 7], [8, 8], [9, 9], [10, 10], [11, 11], [12, 12], [13, 13], [14, 14], [15, 15], [16, 16], [17, 17], [18, 18], [19, 19], [20, 20], [21, 21], [22, 22], [27, 27], [28, 28], [29, 6], [30, 5]]","[0, 1, 2, 3, 4, 5, 21, 22, 23, 24, 25, 26, 30]","[0, 1, 2, 3, 4, 5, 21, 22, 23, 24, 25, 26, 30]",True,
CHEMBL4616_EC50,518,352,555,28,calibration,True,2.491361693834273,31.0,"[[0, 0], [1, 1], [2, 2], [3, 3], [4, 4], [5, 5], [6, 6], [7, 7], [11, 15], [12, 16], [13, 17], [14, 18], [15, 19], [16, 20], [17, 21], [18, 22], [19, 23], [20, 28], [21, 27], [22, 26], [23, 25], [24, 24], [25, 29], [26, 30], [27, 31], [28, 32], [29, 33], [30, 34], [31, 35], [32, 36], [33, 37]]","[6, 7, 8, 9, 10, 11, 12]","[6, 7, 8, 9, 10, 11, 12, 13, 14, 15, 16]",True,
CHEMBL4616_EC50,940,544,546,31,test,True,1.9661417327390325,62.0,"[[0, 0], [1, 1], [2, 2], [3, 3], [4, 4], [5, 5], [6, 6], [7, 7], [8, 8], [9, 9], [10, 10], [11, 11], [12, 12], [13, 13], [14, 14], [15, 15], [16, 16], [17, 17], [18, 18], [19, 19], [20, 20], [21, 21], [22, 22], [23, 23], [24, 24], [25, 25], [26, 27], [27, 26], [28, 28], [29, 29], [30, 30], [31, 31], [32, 32], [33, 33], [34, 34], [35, 35], [36, 36], [37, 37], [38, 38], [39, 39], [40, 40], [41, 41], [42, 42], [43, 43], [44, 44], [45, 45], [46, 46], [47, 47], [48, 48], [49, 49], [50, 50], [51, 51], [52, 52], [53, 53], [54, 54], [55, 55], [56, 56], [57, 57], [58, 58], [59, 59], [61, 61], [62, 62]]","[55, 57, 58, 59, 60]","[55, 57, 58, 59, 60]",True,
CHEMBL4616_EC50,1007,604,608,34,test,True,1.3025140804612594,33.0,"[[0, 0], [1, 1], [2, 2], [3, 3], [4, 31], [5, 29], [6, 30], [7, 6], [8, 7], [9, 8], [10, 9], [11, 10], [12, 11], [13, 12], [14, 13], [15, 14], [16, 15], [17, 16], [18, 17], [19, 18], [20, 19], [21, 20], [22, 21], [23, 22], [24, 23], [25, 24], [26, 25], [27, 26], [28, 27], [29, 28], [30, 5], [31, 4], [32, 32]]","[2, 3, 4, 5, 32]","[2, 3, 4, 5, 32]",True,
CHEMBL4616_EC50,1011,612,616,35,test,True,2.311223910432457,32.0,"[[0, 0], [1, 1], [2, 2], [3, 3], [4, 4], [5, 5], [6, 6], [7, 7], [8, 8], [9, 9], [10, 10], [11, 11], [12, 12], [13, 13], [14, 14], [15, 15], [16, 16], [17, 17], [18, 18], [19, 21], [20, 19], [21, 20], [22, 22], [23, 23], [25, 24], [26, 25], [27, 26], [28, 27], [29, 28], [30, 29], [31, 30], [32, 31]]","[10, 17, 18, 19, 20, 21, 22, 23, 24, 25, 26, 29]","[10, 17, 18, 19, 20, 21, 22, 23, 24, 25, 28]",True,
CHEMBL4616_EC50,1013,648,649,37,test,True,2.484904754280328,30.0,"[[0, 0], [1, 1], [2, 2], [3, 3], [4, 4], [5, 5], [6, 6], [7, 7], [8, 8], [9, 9], [10, 10], [11, 11], [12, 12], [13, 13], [14, 14], [15, 15], [16, 16], [23, 22], [24, 23], [25, 24], [26, 25], [27, 26], [28, 27], [29, 28], [30, 29], [31, 31], [32, 30], [33, 32], [34, 33], [35, 34]]","[11, 12, 13, 16, 17, 18, 19, 20, 21, 22, 23, 24]","[11, 12, 13, 16, 17, 18, 19, 20, 21, 22, 23]",True,
CHEMBL4616_EC50,1024,663,674,38,calibration,True,2.0946344888851804,36.0,"[[0, 0], [1, 1], [2, 2], [3, 3], [4, 4], [5, 5], [6, 6], [7, 7], [8, 8], [9, 9], [10, 10], [12, 11], [13, 12], [14, 13], [15, 14], [16, 15], [17, 16], [18, 21], [19, 20], [20, 19], [21, 18], [22, 17], [24, 22], [25, 23], [26, 25], [27, 26], [28, 27], [29, 28], [30, 29], [31, 30], [32, 31], [33, 32], [34, 33], [35, 34], [36, 35], [37, 36]]","[9, 10, 11, 12, 13, 17, 21, 22, 23, 25]","[9, 10, 11, 12, 22, 23, 24, 25]",True,
CHEMBL4792_Ki,24,42,43,3,test,True,2.669006780958576,33.0,"[[0, 0], [1, 1], [2, 2], [3, 11], [4, 12], [5, 13], [6, 14], [7, 9], [8, 8], [9, 3], [10, 4], [11, 5], [12, 6], [13, 7], [14, 10], [15, 15], [16, 16], [17, 17], [18, 18], [19, 19], [20, 20], [21, 21], [22, 22], [23, 23], [24, 24], [25, 25], [26, 26], [27, 27], [28, 28], [29, 29], [30, 30], [31, 31], [32, 32]]","[1, 2, 3, 4, 14]","[1, 2, 3, 4, 8]",True,
CHEMBL4792_Ki,25,45,48,4,test,True,2.6020599913279625,30.0,"[[0, 0], [1, 1], [2, 2], [3, 3], [4, 4], [5, 5], [6, 6], [7, 7], [8, 8], [9, 9], [10, 10], [11, 11], [13, 12], [14, 13], [15, 14], [16, 15], [17, 16], [18, 17], [19, 18], [20, 19], [21, 20], [22, 21], [23, 22], [24, 23], [25, 24], [26, 25], [27, 26], [28, 27], [29, 28], [30, 29]]","[10, 11, 12, 13]",[],True,
CHEMBL4792_Ki,29,67,84,8,test,True,1.1999706407558657,28.0,"[[0, 0], [1, 1], [2, 2], [3, 3], [4, 4], [5, 5], [6, 6], [7, 7], [8, 8], [9, 9], [10, 10], [11, 11], [12, 12], [13, 13], [14, 14], [15, 15], [16, 16], [17, 17], [18, 18], [19, 19], [20, 21], [21, 22], [22, 23], [23, 24], [24, 25], [25, 26], [26, 27], [27, 28]]",[],"[18, 19, 20, 21]",True,
CHEMBL4792_Ki,34,73,89,10,calibration,True,1.4999731305884838,30.0,"[[0, 0], [1, 1], [2, 2], [3, 3], [4, 4], [5, 5], [6, 7], [7, 8], [8, 9], [9, 10], [10, 11], [11, 12], [12, 13], [13, 14], [14, 15], [15, 16], [16, 17], [17, 18], [18, 19], [19, 20], [20, 21], [21, 22], [22, 23], [23, 24], [24, 25], [25, 26], [26, 27], [27, 28], [28, 29], [29, 30]]",[],"[4, 5, 6, 7]",True,
CHEMBL4792_Ki,80,156,157,18,calibration,True,2.2863067388432743,30.0,"[[0, 4], [1, 3], [2, 2], [3, 1], [4, 0], [5, 33], [6, 6], [7, 7], [8, 8], [9, 9], [10, 10], [11, 11], [12, 12], [13, 13], [14, 14], [15, 15], [16, 16], [17, 17], [18, 18], [19, 19], [20, 20], [21, 22], [22, 23], [23, 24], [24, 25], [25, 26], [26, 27], [27, 28], [32, 32], [33, 5]]","[24, 25, 26, 27, 28, 29, 30, 31]","[18, 20, 21, 22, 25, 26, 27, 28, 29, 30, 31]",True,
CHEMBL4792_Ki,89,159,170,19,test,True,2.875061263391702,29.0,"[[0, 0], [1, 1], [2, 2], [3, 3], [4, 4], [5, 5], [6, 6], [7, 7], [8, 8], [9, 9], [10, 10], [11, 11], [12, 12], [13, 13], [14, 14], [15, 15], [16, 22], [17, 23], [18, 25], [19, 18], [20, 19], [21, 20], [23, 21], [24, 24], [25, 26], [26, 27], [27, 28], [28, 29], [29, 30]]","[14, 15, 16, 17, 18, 19, 20, 21, 22, 23, 24, 25]","[14, 15, 16, 17, 18, 19, 20, 21, 22, 23, 24, 25, 26]",True,
CHEMBL4792_Ki,130,174,179,6,test,True,2.3891660843645344,28.0,"[[0, 0], [1, 1], [2, 2], [3, 3], [4, 4], [5, 5], [6, 6], [7, 7], [8, 8], [9, 9], [10, 10], [11, 11], [12, 12], [13, 13], [14, 14], [15, 15], [16, 16], [17, 17], [18, 18], [19, 19], [20, 20], [25, 25], [26, 26], [27, 27], [28, 28], [29, 29], [30, 30], [31, 31]]","[19, 20, 21, 22, 23, 24, 25, 26]","[19, 20, 21, 22, 23, 24, 25, 26]",True,
CHEMBL4792_Ki,137,181,187,20,test,True,1.3187587626244133,30.0,"[[0, 0], [1, 1], [4, 4], [5, 5], [6, 6], [7, 7], [8, 8], [9, 9], [10, 10], [11, 11], [12, 12], [13, 13], [14, 14], [15, 15], [16, 16], [17, 17], [18, 18], [19, 19], [20, 20], [21, 21], [22, 22], [23, 23], [24, 24], [25, 25], [26, 26], [27, 27], [28, 28], [29, 29], [30, 30], [31, 31]]","[0, 1, 2, 3, 4, 5, 29, 31]","[0, 1, 2, 3, 4, 5, 29, 31]",True,
CHEMBL4792_Ki,143,188,201,17,calibration,True,2.808436054288109,28.0,"[[0, 0], [1, 1], [2, 2], [3, 3], [4, 4], [5, 5], [6, 6], [7, 7], [8, 8], [9, 9], [10, 10], [11, 11], [12, 12], [13, 13], [14, 14], [15, 15], [16, 16], [17, 17], [18, 18], [19, 19], [20, 21], [21, 20], [22, 22], [23, 23], [29, 29], [30, 30], [31, 31], [32, 32]]","[10, 11, 12, 13, 20, 21, 22, 23, 24, 25, 26, 27, 28]","[10, 11, 12, 13, 20, 21, 22, 23, 24, 25, 26, 27, 28]",True,
CHEMBL4792_Ki,217,208,210,22,calibration,True,3.0798843944314367,29.0,"[[0, 0], [1, 1], [2, 2], [3, 3], [4, 4], [5, 5], [6, 6], [7, 7], [8, 8], [9, 9], [10, 14], [11, 13], [12, 12], [13, 11], [14, 10], [15, 15], [16, 16], [17, 17], [18, 18], [19, 25], [20, 20], [21, 21], [22, 22], [23, 23], [24, 24], [25, 26], [26, 27], [27, 28], [28, 29]]","[16, 17, 18, 19, 20, 24]","[16, 17, 18, 19, 20, 21, 25]",True,
CHEMBL4792_Ki,309,274,281,13,test,True,2.075536104166199,28.0,"[[0, 0], [1, 1], [2, 2], [3, 3], [4, 4], [5, 5], [6, 6], [7, 7], [8, 8], [9, 9], [10, 10], [11, 11], [12, 12], [14, 13], [15, 14], [16, 15], [17, 16], [18, 17], [19, 18], [20, 19], [21, 20], [22, 21], [23, 22], [25, 23], [26, 25], [27, 26], [28, 27], [29, 28]]","[11, 12, 13, 14, 22, 23, 24, 25]","[22, 23, 24, 25]",True,
CHEMBL4792_Ki,342,318,319,29,calibration,True,1.421527405949555,31.0,"[[0, 0], [1, 1], [2, 2], [3, 3], [4, 4], [5, 5], [7, 7], [8, 8], [9, 9], [10, 10], [11, 11], [12, 12], [13, 13], [14, 14], [15, 15], [16, 16], [17, 17], [18, 18], [19, 19], [20, 20], [21, 21], [22, 22], [23, 23], [24, 25], [25, 26], [26, 27], [27, 32], [28, 31], [29, 30], [30, 29], [31, 28]]","[3, 5, 6, 7, 8, 25]","[3, 5, 6, 7, 8, 22, 23, 24, 25, 26]",True,
CHEMBL4792_Ki,345,337,516,31,test,True,1.1802078252505137,32.0,"[[0, 0], [1, 1], [4, 4], [5, 5], [6, 6], [7, 7], [8, 8], [9, 9], [10, 10], [11, 11], [12, 12], [13, 13], [14, 14], [15, 15], [16, 30], [17, 29], [18, 18], [19, 19], [20, 20], [21, 21], [22, 22], [23, 23], [24, 24], [25, 25], [26, 26], [27, 27], [28, 28], [29, 17], [30, 16], [31, 31], [32, 32], [33, 33]]","[0, 1, 2, 3, 4, 5, 34]","[0, 1, 2, 3, 4, 5, 34]",True,
CHEMBL4792_Ki,380,346,693,33,calibration,True,2.427053113564501,30.0,"[[1, 0], [2, 1], [3, 2], [4, 3], [5, 4], [6, 9], [7, 8], [8, 7], [9, 6], [10, 5], [11, 10], [12, 11], [13, 12], [14, 13], [15, 14], [16, 15], [17, 16], [18, 28], [19, 27], [20, 18], [21, 19], [22, 20], [23, 21], [24, 22], [25, 23], [26, 24], [27, 25], [28, 26], [29, 17], [30, 29]]","[0, 1, 2, 6, 9, 10, 11, 12, 15, 17, 18, 19, 20, 29, 30]","[3, 4, 5, 6, 9, 14, 15, 16, 17, 18, 27, 28, 29]",True,
CHEMBL4792_Ki,463,367,766,39,test,True,1.5016894462103991,24.0,"[[4, 2], [5, 1], [6, 0], [7, 14], [8, 15], [9, 16], [10, 17], [11, 18], [12, 19], [13, 20], [14, 21], [15, 22], [16, 23], [17, 24], [18, 25], [19, 27], [20, 28], [21, 29], [22, 8], [23, 9], [24, 10], [25, 11], [26, 12], [27, 13]]","[0, 1, 2, 3, 4, 5, 22, 23, 28]","[1, 2, 3, 4, 5, 6, 7, 8, 9, 24, 25, 26, 27]",True,
CHEMBL4792_Ki,526,401,634,43,calibration,True,1.1741567592784818,32.0,"[[0, 0], [1, 1], [2, 2], [3, 3], [4, 4], [5, 5], [6, 6], [7, 7], [8, 8], [9, 9], [10, 10], [11, 11], [12, 12], [13, 13], [15, 14], [16, 16], [17, 17], [18, 18], [19, 19], [20, 20], [21, 21], [22, 22], [23, 23], [24, 24], [25, 25], [26, 26], [27, 27], [28, 28], [29, 29], [30, 30], [31, 31], [32, 32]]","[12, 13, 14, 15]","[13, 14, 15, 16]",True,
CHEMBL4792_Ki,573,413,821,44,test,True,1.0884981918997916,25.0,"[[1, 20], [2, 19], [3, 18], [4, 17], [5, 16], [6, 14], [7, 15], [8, 13], [9, 12], [10, 11], [11, 10], [12, 9], [13, 8], [14, 7], [15, 31], [16, 3], [17, 1], [18, 0], [19, 2], [20, 4], [21, 5], [22, 6], [23, 30], [24, 29], [25, 22]]","[0, 1, 2, 5, 25, 26, 27, 28, 29, 30]","[16, 19, 20, 21, 22, 23, 24, 25, 26, 27, 28]",True,
CHEMBL4792_Ki,586,416,938,45,calibration,True,1.1164777999942892,26.0,"[[0, 0], [1, 1], [2, 2], [3, 3], [4, 4], [5, 5], [6, 6], [7, 7], [8, 8], [9, 9], [10, 10], [11, 11], [12, 12], [13, 13], [14, 14], [15, 15], [16, 16], [17, 17], [18, 25], [19, 26], [21, 27], [22, 28], [23, 29], [24, 24], [25, 23], [31, 30]]","[15, 16, 17, 18, 19, 20, 21, 24, 25, 26, 27, 28, 29, 30]","[15, 16, 17, 18, 19, 20, 21, 22, 23, 24]",True,
CHEMBL4792_Ki,620,431,526,46,calibration,True,1.2590654941204455,25.0,"[[1, 0], [2, 1], [3, 2], [4, 3], [5, 4], [6, 5], [11, 10], [12, 11], [13, 12], [14, 13], [15, 14], [16, 15], [17, 16], [18, 17], [19, 18], [20, 19], [21, 20], [22, 21], [23, 22], [24, 23], [25, 24], [26, 25], [27, 26], [28, 27], [29, 28]]","[0, 1, 2, 5, 6, 7, 8, 9, 10, 11, 12]","[4, 5, 6, 7, 8, 9, 10, 11]",True,
CHEMBL4792_Ki,641,457,1229,32,test,True,1.750801642608887,25.0,"[[4, 4], [5, 5], [6, 6], [7, 7], [8, 8], [9, 9], [10, 10], [11, 11], [12, 12], [13, 13], [14, 14], [15, 15], [16, 16], [17, 17], [18, 18], [21, 1], [22, 2], [23, 3], [24, 23], [25, 24], [26, 25], [27, 26], [28, 27], [30, 31], [31, 30]]","[0, 1, 2, 3, 4, 5, 10, 11, 17, 18, 19, 20, 21, 22, 23, 24, 25, 29, 30, 31, 32]","[0, 1, 2, 3, 4, 5, 10, 11, 17, 18, 19, 20, 21, 22, 23, 24, 28, 29, 30, 31]",True,
CHEMBL4792_Ki,667,478,747,24,calibration,True,3.95784663370815,29.0,"[[0, 0], [1, 1], [2, 2], [3, 3], [4, 4], [5, 5], [6, 6], [7, 7], [8, 8], [9, 9], [10, 10], [11, 11], [12, 12], [13, 13], [14, 14], [15, 15], [16, 16], [17, 17], [18, 18], [19, 19], [20, 20], [21, 21], [26, 23], [27, 24], [28, 25], [29, 26], [30, 27], [31, 28], [32, 29]]","[20, 21, 22, 23, 24, 25, 26]","[20, 21, 22, 23]",True,
CHEMBL4792_Ki,688,489,706,53,calibration,True,2.045709232937214,33.0,"[[0, 0], [1, 1], [2, 2], [3, 3], [4, 4], [5, 5], [6, 6], [7, 7], [8, 8], [9, 9], [10, 10], [11, 11], [12, 12], [13, 13], [14, 14], [15, 15], [16, 16], [17, 17], [18, 18], [19, 19], [20, 20], [21, 21], [22, 22], [23, 23], [24, 28], [25, 27], [26, 26], [27, 25], [28, 24], [29, 29], [30, 30], [31, 31], [32, 32]]","[14, 22, 23, 24, 25, 28]","[14, 22, 23, 24, 25, 28]",True,
CHEMBL4792_Ki,749,524,560,40,test,True,1.362775591608786,30.0,"[[1, 2], [2, 1], [3, 31], [4, 30], [5, 4], [6, 5], [7, 6], [8, 7], [10, 8], [11, 10], [12, 11], [13, 12], [14, 13], [15, 14], [16, 15], [17, 16], [18, 17], [19, 18], [20, 19], [21, 20], [22, 21], [23, 22], [24, 23], [25, 24], [26, 25], [27, 26], [28, 27], [29, 28], [30, 29], [31, 3]]","[0, 1, 2, 7, 8, 9, 10, 31]","[0, 1, 2, 7, 8, 9, 10, 31]",True,
CHEMBL4792_Ki,859,579,958,56,calibration,True,1.1160263034551292,26.0,"[[0, 23], [1, 24], [4, 4], [5, 5], [6, 6], [7, 7], [8, 8], [9, 9], [10, 10], [11, 11], [12, 12], [13, 13], [14, 14], [15, 15], [16, 16], [17, 17], [18, 18], [19, 19], [20, 20], [21, 21], [24, 26], [25, 27], [26, 28], [27, 29], [28, 30], [31, 32]]","[0, 1, 2, 3, 4, 5, 10, 11, 20, 21, 22, 23, 24, 25, 29, 30, 32]","[0, 1, 2, 3, 4, 5, 10, 11, 20, 21, 22, 23, 24, 25, 26, 27, 31, 33]",True,
CHEMBL4792_Ki,873,589,919,57,calibration,True,1.206473888049402,31.0,"[[0, 0], [1, 1], [2, 2], [3, 3], [5, 4], [6, 6], [7, 7], [8, 8], [9, 9], [10, 10], [11, 11], [12, 12], [13, 13], [14, 14], [15, 15], [16, 16], [17, 17], [18, 18], [19, 19], [20, 20], [21, 21], [22, 22], [23, 23], [24, 24], [25, 25], [26, 26], [27, 27], [28, 28], [29, 29], [30, 30], [31, 31]]","[2, 3, 4, 5]","[3, 4, 5, 6]",True,
CHEMBL4792_Ki,874,590,972,36,calibration,True,1.582986110380645,27.0,"[[0, 0], [1, 1], [2, 2], [3, 3], [4, 4], [5, 5], [6, 6], [7, 7], [8, 8], [9, 9], [10, 10], [11, 11], [12, 12], [13, 13], [14, 14], [15, 15], [16, 16], [17, 17], [18, 18], [19, 19], [20, 20], [23, 22], [24, 23], [25, 24], [26, 25], [27, 26], [30, 30]]","[19, 20, 21, 22, 23, 24, 28, 29]","[19, 20, 21, 22, 23, 27, 28, 29]",True,
CHEMBL4792_Ki,876,593,848,58,calibration,True,1.5592589075679468,28.0,"[[0, 0], [1, 1], [2, 2], [3, 3], [4, 4], [5, 5], [6, 6], [7, 7], [8, 8], [9, 9], [10, 10], [11, 11], [12, 12], [13, 13], [14, 14], [15, 15], [16, 16], [18, 17], [19, 18], [20, 19], [21, 21], [22, 22], [23, 23], [24, 24], [25, 25], [26, 26], [27, 27], [28, 28]]","[14, 15, 16, 17, 18, 19, 20, 21, 22, 23, 24]","[14, 18, 19, 20, 21, 22, 23, 24]",True,
CHEMBL4792_Ki,934,624,1147,60,calibration,True,1.0851281824599497,27.0,"[[0, 0], [1, 1], [2, 2], [3, 3], [4, 4], [5, 5], [6, 6], [7, 7], [8, 8], [9, 9], [10, 10], [11, 11], [12, 12], [13, 13], [15, 20], [16, 19], [17, 18], [18, 23], [19, 22], [20, 21], [22, 25], [23, 26], [24, 27], [25, 28], [26, 29], [27, 30], [28, 31]]","[12, 13, 14, 15, 16, 19, 20, 21]","[12, 13, 14, 15, 16, 17, 18, 19, 23, 24]",True,
CHEMBL4792_Ki,955,638,1269,61,test,True,1.0798213264610623,28.0,"[[0, 0], [1, 1], [3, 4], [4, 3], [6, 6], [7, 7], [8, 8], [9, 9], [10, 10], [11, 11], [12, 12], [13, 27], [14, 26], [15, 15], [16, 16], [17, 17], [18, 18], [19, 19], [20, 20], [21, 21], [22, 22], [23, 23], [24, 24], [25, 25], [26, 14], [27, 13], [28, 28], [29, 29]]","[0, 1, 2, 3, 4, 5, 6, 7, 30]","[0, 1, 2, 3, 4, 5, 6, 7, 30]",True,
CHEMBL4792_Ki,1089,748,817,63,calibration,True,1.0170333392987807,27.0,"[[0, 0], [1, 1], [2, 2], [3, 3], [4, 4], [5, 5], [6, 6], [7, 7], [8, 8], [9, 9], [10, 10], [11, 11], [12, 12], [19, 23], [20, 22], [21, 21], [22, 20], [23, 19], [24, 24], [25, 25], [26, 26], [27, 27], [28, 28], [29, 29], [30, 30], [31, 31], [32, 32]]","[10, 12, 13, 14, 15, 16, 17, 18, 19, 20, 23]","[10, 12, 13, 14, 15, 16, 17, 18, 19, 20, 23]",True,
CHEMBL4792_Ki,1115,791,840,65,test,True,1.538755507379176,30.0,"[[0, 0], [1, 1], [2, 2], [3, 3], [4, 4], [5, 5], [6, 6], [7, 7], [8, 8], [9, 9], [10, 10], [11, 11], [12, 12], [13, 13], [14, 14], [15, 15], [16, 16], [17, 17], [18, 22], [19, 20], [20, 21], [21, 19], [22, 18], [23, 23], [24, 24], [25, 25], [26, 26], [27, 27], [28, 28], [29, 29]]","[15, 17, 18, 19, 21, 22, 23, 24]","[15, 17, 18, 19, 20, 22, 23, 24]",True,
CHEMBL4792_Ki,1375,1057,1326,68,calibration,True,1.4785230634914326,29.0,"[[0, 0], [1, 1], [2, 2], [3, 3], [4, 4], [5, 5], [6, 6], [7, 7], [8, 8], [9, 9], [10, 10], [11, 11], [12, 12], [13, 13], [14, 14], [15, 15], [16, 16], [21, 20], [22, 21], [23, 22], [24, 23], [25, 24], [26, 25], [27, 26], [28, 27], [29, 28], [30, 29], [31, 30], [32, 31]]","[15, 16, 17, 18, 19, 20, 21]","[15, 16, 17, 18, 19, 20]",True,
CHEMBL4792_Ki,1403,1096,1146,37,test,True,2.7068396553505805,27.0,"[[0, 0], [1, 1], [2, 2], [3, 3], [4, 4], [5, 5], [6, 6], [7, 7], [8, 8], [14, 13], [15, 14], [16, 15], [17, 17], [18, 18], [19, 19], [20, 20], [21, 21], [22, 22], [23, 23], [24, 24], [25, 25], [26, 26], [27, 27], [28, 28], [29, 29], [30, 16], [31, 30]]","[7, 8, 9, 10, 11, 12, 13, 14, 15, 16, 17, 18, 29, 30, 31]","[7, 8, 9, 10, 11, 12, 13, 15, 16, 17, 18, 29, 30]",True,
CHEMBL4792_Ki,1466,1304,1306,72,test,True,1.811479251381857,32.0,"[[0, 0], [1, 1], [2, 2], [3, 3], [4, 4], [5, 5], [6, 6], [7, 7], [8, 8], [9, 9], [10, 10], [11, 11], [12, 12], [13, 13], [14, 14], [15, 15], [16, 16], [17, 17], [18, 18], [19, 19], [20, 20], [21, 21], [22, 22], [23, 23], [24, 28], [25, 29], [26, 24], [27, 27], [28, 26], [29, 25], [30, 30], [31, 31]]","[24, 25, 26, 27, 28, 29, 30]","[22, 23, 24, 25, 26, 27, 28]",True,
CHEMBL4792_Ki,1479,1330,1355,74,test,True,1.8794260687941504,26.0,"[[0, 0], [1, 1], [2, 2], [3, 3], [4, 4], [5, 5], [6, 6], [7, 7], [8, 8], [9, 9], [10, 10], [11, 11], [12, 12], [13, 13], [14, 14], [15, 15], [16, 16], [17, 17], [22, 22], [23, 23], [24, 24], [25, 25], [26, 26], [29, 29], [30, 30], [31, 31]]","[16, 17, 18, 19, 20, 21, 22, 23, 27, 28, 29]","[16, 17, 18, 19, 20, 21, 22, 23, 27, 28, 29]",True,
CHEMBL4792_Ki,1483,1331,1357,75,test,True,1.666088777941364,27.0,"[[0, 0], [1, 1], [2, 2], [3, 9], [4, 10], [5, 11], [6, 6], [7, 5], [8, 4], [9, 3], [10, 12], [11, 7], [12, 8], [13, 13], [14, 14], [15, 15], [16, 16], [17, 17], [18, 18], [19, 19], [24, 24], [25, 25], [26, 26], [27, 27], [28, 28], [31, 31], [32, 32]]","[1, 2, 3, 4, 6, 9, 10, 11, 12, 13, 14, 15, 18, 19, 20, 21, 22, 23, 24, 25, 29, 30, 31]","[1, 2, 3, 4, 6, 10, 11, 12, 13, 14, 15, 18, 19, 20, 21, 22, 23, 24, 25, 29, 30, 31]",True,
CHEMBL4792_Ki,1494,1364,1388,77,test,True,1.3138672203691524,24.0,"[[3, 1], [4, 0], [6, 4], [7, 5], [8, 6], [9, 7], [10, 8], [11, 9], [12, 10], [13, 11], [14, 12], [15, 13], [16, 14], [17, 15], [18, 16], [19, 17], [20, 18], [21, 19], [22, 20], [23, 21], [24, 22], [25, 23], [26, 24], [27, 25]]","[0, 1, 2, 3, 4, 5, 6, 7, 28]","[0, 1, 2, 3, 4, 5, 26, 27]",True,
CHEMBL4792_Ki,1495,1370,1384,27,calibration,True,1.5228787452803385,27.0,"[[0, 0], [1, 1], [2, 2], [3, 3], [4, 4], [8, 7], [9, 8], [10, 9], [11, 10], [12, 11], [14, 14], [15, 15], [16, 16], [17, 17], [18, 18], [19, 19], [20, 20], [21, 21], [23, 22], [24, 23], [25, 24], [26, 25], [27, 26], [28, 27], [29, 28], [30, 29], [31, 30]]","[3, 4, 5, 6, 7, 8, 9, 13, 20, 21, 22, 23]","[3, 4, 5, 6, 7, 8, 12, 13]",True,
CHEMBL4792_Ki,1510,1397,1398,78,test,True,1.66793577059605,30.0,"[[0, 1], [1, 2], [2, 3], [3, 4], [5, 5], [6, 6], [7, 7], [8, 8], [9, 9], [10, 10], [11, 11], [12, 12], [13, 13], [14, 14], [15, 15], [16, 16], [17, 17], [18, 18], [19, 19], [20, 20], [21, 21], [22, 22], [23, 27], [24, 26], [25, 25], [26, 24], [27, 23], [28, 28], [29, 29], [30, 30]]","[2, 3, 4, 5]","[0, 1, 2]",True,
CHEMBL4792_Ki,1511,1425,1426,21,test,True,1.1883257154726945,28.0,"[[0, 0], [1, 1], [2, 2], [5, 6], [6, 7], [7, 8], [8, 9], [9, 10], [10, 11], [11, 12], [12, 13], [13, 14], [14, 15], [15, 16], [16, 17], [17, 18], [18, 19], [19, 20], [20, 21], [21, 22], [22, 23], [23, 24], [24, 25], [25, 26], [31, 31], [33, 33], [34, 34], [35, 35]]","[1, 2, 3, 4, 5, 6, 24, 25, 26, 27, 28, 29, 30, 32, 33, 34]","[1, 2, 3, 4, 5, 6, 7, 25, 26, 27, 28, 29, 30, 32, 33, 34]",True,
