draw,target_balanced_median_delta_nap
0,-0.00033585104169409996
1,-0.0146893643770379
2,-0.011909145107325252
3,-0.017659553221314104
4,-0.025644753687779145
5,0.0
6,-0.0007166482979484748
7,-0.009486007193471176
8,2.3704124875925398e-05
9,0.009721782398660103
10,-0.003753450663160428
11,-0.012071754846381
12,-0.029609105286197323
13,-0.0035724350740403985
14,-0.006925424398229881
15,0.0
16,-0.013166959240437048
17,-0.000615029454764375
18,-0.00716072523471795
19,-0.011166567261221052
20,-0.004917904627525669
21,0.0
22,-2.7516849421926892e-05
23,-0.029084330872607124
24,0.0
25,0.0
26,-0.003202254249327425
27,-0.003956887169203326
28,-0.013019446277813717
29,0.0
30,-0.01220996272141215
31,-0.0029990169253353745
32,0.0016865133203068528
33,0.0
34,0.0
35,-0.0069212269804611514
36,-0.008914927381879637
37,-0.009361097388995217
38,0.0
39,-0.0114104261093554
40,-0.003883256130118353
41,-0.003816800961545126
42,-0.018171588112319025
43,0.00245870802970465
44,-0.009823490734807754
45,-0.004604934837516552
46,-0.0034372621771687232
47,-0.001728323873151652
48,-0.0037494121939308012
49,-0.0004684699364510495
50,-0.007696654404830073
51,-0.022465826070580126
52,0.0
53,0.0
54,-0.0098195217918708
55,0.002064453145180495
56,-0.004290467826993502
57,-0.004951426162088275
58,-0.013485699620354029
59,-0.005586327636444776
60,-0.01976694894507882
61,0.0017381398649796015
62,-0.005129040558109902
63,-0.003207339609215725
64,-0.003643926660897426
65,-0.0011868122947693502
66,0.0023196825379478503
67,-0.005997733019365538
68,-0.0009555382033573758
69,-0.001324012445405177
70,0.0
71,-0.002284270369820326
72,-0.01642698212483757
73,-0.01874587573896105
74,-0.00027561245641185
75,-0.00019647959757002368
76,-0.0033630863915442505
77,-0.004707105622326849
78,-0.0007166482979484748
79,-0.00908167896593232
80,-0.00479734489454825
81,-0.003026934729567995
82,-0.010147021879860111
83,-0.007919085132766884
84,-0.011728313325502645
85,-0.009478682939216564
86,-0.011025956612312687
87,-0.006474872880453501
88,-0.0056150529071406505
89,0.0
90,-0.004221810878115108
91,-0.016994917983252922
92,-0.011154818762392358
93,-0.006960514682069593
94,-0.001211008303461201
95,-0.01038335110589373
96,-0.0005877742946707974
97,0.0
98,-0.007473689176322447
99,0.0
100,-0.0020481768848759066
101,-0.01338570184617245
102,-0.004917904627525669
103,-0.004050573786125252
104,-0.0004684699364510495
105,-0.002915689858868444
106,-0.013962171918943422
107,0.0
108,-0.002284270369820326
109,-0.00227084462885235
110,-0.0017334162257117737
111,-1.5097502415599949e-05
112,-0.0028800026764431194
113,-0.00538681588244835
114,-0.003459674645710351
115,-0.0004353047473756996
116,-0.0024628252865983255
117,-0.01652821525354981
118,-0.009409857535714761
119,-0.0021595843431936514
120,0.0005208422725339994
121,0.0
122,-0.000993327417159854
123,-0.006206987407722823
124,0.00222889269200745
125,-0.006692354048183624
126,-0.006774166278359396
127,-0.006877209309951924
128,-0.0049895033133999745
129,0.0
130,-0.008146114894325526
131,-0.015533108612878429
132,0.0
133,-3.537931927235019e-05
134,-0.0025868236076107497
135,-0.0025270988276805246
136,-0.0012277131541643012
137,-0.0004298822629632002
138,0.0
139,-0.0013034780729289028
140,-0.0017756244429684512
141,-0.0036244872892016
142,-0.0015058979353858998
143,0.0
144,-0.012262092867523802
145,-0.0012071329748716514
146,0.0
147,-0.004457123431377276
148,-0.004352394029909286
149,-0.00686881459111848
150,-0.003444192165773489
151,-0.005193090871422125
152,-0.01501475606786745
153,-0.010338030237884325
154,-0.0027632203850194476
155,-0.019010924400256896
156,0.014450314508846401
157,-0.00496075414950985
158,-0.00010188304980025039
159,-0.00033585104169409996
160,-0.000614482931678663
161,-0.011915300540972406
162,-0.006375903081714325
163,-0.004365029454764377
164,-0.006206384392950574
165,-0.005280162104283023
166,-0.0033536318137967584
167,-0.0007271024351769503
168,0.0
169,-0.00183460017303175
170,-0.007322189841250345
171,-0.005712206407584975
172,-0.011427221164891902
173,-0.006188874391870295
174,-0.0003849863115978
175,-0.003451003648495225
176,0.0011513553403836745
177,-0.0025548106604574034
178,-0.002015318227785675
179,-0.006020756449446549
180,-0.001025702494827274
181,0.0
182,-0.0047151218304897005
183,0.0
184,-0.0025483406900924446
185,-0.0001571163106061634
186,-0.014110401924245878
187,-0.002042610054543924
188,0.0
189,-0.009949459754457893
190,-0.009917308383446847
191,-0.019885650294943227
192,-0.005639750842395603
193,-0.003542985833179699
194,-0.003816800961545126
195,0.0
196,-0.027552119815605736
197,-0.016962726953176223
198,-0.0018502168395434992
199,-0.00400954665889745
200,-0.0007166482979484748
201,-0.005446058502275974
202,-0.0012451451838491265
203,-0.0027632203850194476
204,-0.005661881977671437
205,-0.0042597580879195004
206,-0.0024343830817852535
207,-0.010540520503251072
208,-0.014923261249576304
209,-0.010575052824314101
210,-0.004336985048245451
211,-0.005463010057577055
212,-0.003935208786162102
213,-0.0048962550407721465
214,-0.007503817103987226
215,-0.003171216938927149
216,-0.01129019108413905
217,-0.0039281445821614
218,-0.00032759348302355035
219,-0.0015354497140432255
220,-0.007669714647056352
221,-0.004838955782677525
222,-0.00183460017303175
223,0.0001722428372663504
224,-0.0008966716963752499
225,0.0
226,-0.01091274902336645
227,-0.006350935308206275
228,-0.0037883722391938712
229,-0.0027907745004475517
230,-0.004248153451658231
231,-0.0004944960440316504
232,-0.0013656359347035
233,-0.0007271024351769503
234,-0.04888739797475997
235,-2.7516849421926892e-05
236,-0.014486625576196854
237,-0.005665492361908726
238,-0.002480377074754925
239,-0.02742556542047103
240,-0.004336985048245451
241,-0.009555097457890953
242,-0.0047374246838274275
243,0.0
244,-0.005940051720465276
245,-0.0073529480523239765
246,-0.01274133920247432
247,-0.025390353240278885
248,-0.0028752819827593755
249,0.001942627950191067
250,0.0
251,-0.00022122191443522433
252,-0.009279268923714166
253,-0.0028207053028822295
254,-0.001153446202931326
255,0.0
256,-0.006066077022487976
257,-0.001665380658436199
258,-0.0008966716963752499
259,-0.012624881744244355
260,-0.001675885409165449
261,-0.00736201519533165
262,-0.001807403123192601
263,-0.01347170172903825
264,-0.0038967706042064183
265,0.011902924008425094
266,-0.0030303327956546474
267,-0.006225532164836312
268,-0.007154245472222027
269,-0.0056471920447366515
270,-0.0011107878768144
271,0.0016191720707368767
272,-0.012791860885365894
273,-0.0036301988021794503
274,0.00044120721110954943
275,-0.02619667521333805
276,0.00021168083635035063
277,-0.0054834162257117736
278,-0.006494735340580488
279,-0.0019901967650485255
280,-0.0236408981373645
281,-0.0085271464006169
282,-0.007081259006020314
283,-0.0029145543596616453
284,-0.0032530454042081994
285,-0.004787202643754188
286,-0.006128292642767649
287,-0.010809626346466901
288,-2.674404597943769e-05
289,-0.0033307825373203245
290,-0.012719678597962376
291,-0.001665380658436199
292,-0.004192517891019611
293,0.0
294,-0.005806518463511698
295,0.0
296,-0.002105200061133328
297,-0.0023216830927138546
298,0.014450314508846401
299,0.0008073791510056494
300,-0.0025664003805074345
301,-0.0038524414656794514
302,-0.006108051984787017
303,-0.010868510582561768
304,-0.0021595843431936514
305,0.0007661102441826571
306,-0.002875553086638498
307,-0.0010426846916028634
308,0.0
309,0.004370757364801275
310,-0.0008161172809361748
311,-0.011905463793647254
312,-0.005655033800410976
313,-0.00780587054909775
314,-0.005242034653799341
315,-0.0062389129770961445
316,-0.006108051984787017
317,0.006389821012907273
318,-0.002180706521739126
319,-0.004917904627525669
320,0.0
321,-0.022976117713758203
322,-0.013949220384984928
323,-0.007685764990657853
324,-0.0023003052742925317
325,-0.0118339195593395
326,-0.0037883722391938712
327,0.0
328,-0.014677645761588401
329,-0.011927936609364554
330,0.002670388866055001
331,-0.017648827751992877
332,0.0007278112079976522
333,-0.00183460017303175
334,-0.015387542031523302
335,-0.0022202712273751766
336,0.0023382775841298
337,-0.0039653396739355515
338,-0.04390601194857232
339,-0.0073740322848841995
340,-0.004189880756913098
341,-0.002180706521739126
342,-0.0003849863115978
343,-0.010045867026614426
344,-0.001889486723429
345,-0.004971225522626846
346,-0.005575342992449543
347,-0.006412581053609276
348,-0.01704698383175557
349,-0.0041171481305300505
350,-0.0003849863115978
351,-0.009430293510220199
352,-0.006168890474865452
353,-0.007153500396415577
354,-0.006312791559293776
355,-0.0023127936132039013
356,-0.003469378558438444
357,-0.000917300086515875
358,-0.0013656359347035
359,-0.0008050265767958979
360,-0.003595465774663978
361,-0.0045334492594936
362,-0.009600937829624626
363,-0.0032119782475281498
364,0.0
365,-0.0006574383649238739
366,-0.006667050100022437
367,-0.0072145443369489035
368,0.0
369,-0.0035448299066339036
370,-0.0017387828203046024
371,-0.0007573213383988264
372,-0.00016654736770388767
373,-0.005120279034474029
374,-0.0035829791029553704
375,-0.0009201588840850256
376,-0.015865760226503
377,-0.0012714829943448504
378,0.0
379,0.0
380,-0.00152266333646345
381,-0.016623858670004273
382,-0.016570048813893675
383,0.0
384,0.0
385,0.0
386,-0.012650010990327152
387,-0.03206984055595649
388,0.0
389,-0.006067923082611534
390,-0.010282017455579717
391,-0.00670636162650866
392,-0.008023962997274751
393,-0.003816800961545126
394,-0.012306891088111328
395,0.0
396,-0.004952014503009826
397,0.0015156590135449268
398,-0.007168345788608551
399,0.0011513553403836745
400,-0.006843612338881897
401,-0.0241704402251393
402,-0.0023398684275464047
403,-0.006287410785313877
404,-0.0030303327956546474
405,0.012351172040142577
406,-0.005364074634641249
407,-0.0018951303083446997
408,-0.013164182873457069
409,-0.004928327536762074
410,-0.009582999630019674
411,0.0036217468184274126
412,-0.00324254240288879
413,0.0
414,-0.0004684699364510495
415,-0.011837172320536427
416,-0.012512032203456157
417,-0.004010945893339949
418,-0.0016750274468123267
419,-0.00874603105469455
420,-0.016978942059126072
421,0.0
422,0.0
423,-0.0020999492814398014
424,-0.0010571011048740747
425,-0.0044996253801007505
426,-0.006945718892542983
427,-0.006351088232245799
428,-0.010349832344474477
429,0.0
430,-0.00527456221522105
431,-0.0018502168395434992
432,-0.00013584475928586246
433,-0.0066209566900791725
434,-0.0004684699364510495
435,-0.012841988568316275
436,-0.004258468637815399
437,-0.020266066342458148
438,-0.0008161172809361748
439,-0.010605993456532176
440,-0.0035429835671889017
441,-0.0035743609320956736
442,-0.0094470548186641
443,-0.023705009227227472
444,-0.00416377433840665
445,-0.016682432564859705
446,-0.0319571283531601
447,-0.0013954141498896508
448,-0.026007491073683924
449,-0.0206598187837218
450,-0.004208700947906577
451,-0.0006494954526311001
452,-0.00132152994895335
453,-0.0005877742946707974
454,0.0067196451315444
455,-0.0011515051885006566
456,-0.024912657602465228
457,-0.0032789390856116027
458,-0.017165250611451504
459,-0.008430143469595652
460,-0.0169196430697551
461,-0.010805515170943405
462,-0.0156934400785673
463,-0.005960607106065952
464,-0.003058883146700345
465,-0.005142456396663777
466,-0.011948795913352
467,-0.006438049125808829
468,0.0
469,-0.00828099101906992
470,-0.039229597798908555
471,-0.0221081328483353
472,-0.009511917697566288
473,0.004633332293149322
474,-0.006163049811374796
475,-0.019097006570682876
476,-0.004431830416309501
477,0.0
478,0.0002854022303844252
479,-0.0023572055321349253
480,-0.00033585104169409996
481,-0.009835809255051339
482,-0.004010945893339949
483,-0.0059399212673585736
484,-0.019397633859242272
485,0.0022742876149776502
486,-0.025002104508170024
487,-0.0011107878768144
488,-0.0004684699364510495
489,-0.004541750720477501
490,-0.004914739171808397
491,0.00021168083635035063
492,-0.0017334162257117737
493,-0.007179288739819227
494,-0.005732978681122158
495,-0.0021634984528481546
496,-0.005772468258914252
497,-0.003526680722315755
498,-0.001245999543899375
499,-0.0029558266310983905
500,-0.0056230290242049955
501,-0.015088042012962752
502,-0.00010910071330642477
503,-0.00986308918829215
504,-0.006442894951147903
505,-0.000936939872902099
506,-0.005142778331037379
507,-0.0034724767087623764
508,-0.010852096015932754
509,0.0
510,-0.0015460205151649246
511,-0.003816800961545126
512,0.0
513,0.0
514,-0.0036829276671713996
515,0.0
516,-0.005178722108285602
517,-0.0037557570210117993
518,-0.017506011969736612
519,-0.01790394971452472
520,0.0010296386475643765
521,-0.0024638867386487517
522,0.0011513553403836745
523,-0.007276475607255477
524,-0.003862959454322126
525,-0.012242130772179451
526,0.000245964231300425
527,-0.006899266077507877
528,-0.0003057065217391252
529,-0.01156307224722075
530,-0.007256852070578893
531,-0.0038233912910064
532,-0.008422957781341594
533,-0.0025098142718173256
534,-0.0032831685958727994
535,-0.006029913300184373
536,-0.00987260271069803
537,0.0
538,-0.0060249493431568015
539,-0.0011747713283288236
540,-0.00044244382887044867
541,-0.007335905133095
542,-0.024781366761771652
543,-0.00027561245641185
544,-0.009661218612942703
545,-0.004406499982381901
546,0.0
547,-0.0034980083494172477
548,-0.018257826214649452
549,-0.004137722606382396
550,-0.0256092584153719
551,-0.014629407051282128
552,-0.005088283955889976
553,-0.012609330553627875
554,-0.007956781808928006
555,-0.0010222786372874996
556,-0.0004863803031342987
557,-0.021227449270798386
558,-0.0016840553798802777
559,-0.011689620769035219
560,-0.0005877742946707974
561,0.00038348747607614905
562,-0.0029603558430133805
563,0.0
564,-0.0076194819805716005
565,-0.003087150135917297
566,-0.00492818307399775
567,-0.010366520622602416
568,-0.009467951075425824
569,-0.0018029162697267
570,-0.016141909299665892
571,-0.0154487054702919
572,-0.0060820661686325
573,-0.01841428110415267
574,0.0
575,-0.01213600719847795
576,-0.005364074634641249
577,-0.003293502815684385
578,-0.01066357393205135
579,-0.010362147327102276
580,-0.014102350144120925
581,0.0
582,-0.00864815975837685
583,-0.001877508666301748
584,-0.0004353047473756996
585,-0.0041171481305300505
586,0.0
587,-0.006926635752208393
588,-3.537931927235019e-05
589,-0.0046143255341272
590,-0.007706361041368278
591,0.001179807971850827
592,-0.0014266603718936502
593,-0.007783186181019452
594,-0.0004298822629632002
595,-0.00225574712643675
596,0.0
597,-0.007104322480041326
598,-0.0005857837456210237
599,-0.005670678782999652
600,-0.003083721833721801
601,-0.001577492122522651
602,-0.000615029454764375
603,-0.02227060327547864
604,0.0
605,-0.020199009124300647
606,-0.005829154996842849
607,0.0011513553403836745
608,-0.004822147506944185
609,-0.005997507483284252
610,-0.011465194841929868
611,-0.006260050032058227
612,-0.0028207053028822295
613,-0.002334709824588402
614,-0.0027092158291551014
615,-0.007523658977834901
616,-0.0212714827199567
617,0.0014737124617521802
618,0.0
619,-0.006604748017740851
620,-0.0022317292846114247
621,-0.008271406363281662
622,-0.011506567906682351
623,-0.04120485725830888
624,0.0
625,0.00184609540721395
626,-0.0106629759644047
627,-0.011307076605401277
628,-0.006927131521509376
629,-0.02081076967425112
630,-0.0018210016481121755
631,-0.001449039302488102
632,0.0
633,-0.00631002107556575
634,-0.012600596294290051
635,-0.003271467293579426
636,-0.0016322345618723496
637,-0.008873909503912978
638,-0.006729704919825601
639,-0.003467646184041425
640,-0.005961777740584901
641,0.0
642,0.0028754258350395757
643,0.0
644,-0.0037213624166197246
645,0.0
646,0.0
647,-0.007415893963896627
648,-0.0030398960483808517
649,-0.008223300943927026
650,-0.009832335513651681
651,-0.009567726630497368
652,-0.0028298617237948413
653,-0.0007657919823965543
654,-0.00225574712643675
655,-0.019437200664232948
656,-0.007209779649372001
657,-0.005362135704484202
658,-0.015969919691033407
659,0.0
660,-0.013136989298438052
661,-0.0013034780729289028
662,-0.007770929514622426
663,-0.0014266603718936502
664,0.00222889269200745
665,-0.003092484642457026
666,-0.003993668753706775
667,-0.0007811260404980008
668,-0.010303105757144467
669,-0.0085872520998572
670,-0.0011661123520958008
671,-0.005716113020679595
672,-0.0036064161660030033
673,-0.01119889473982735
674,-0.011823074581908373
675,0.011830420412317952
676,-0.003816800961545126
677,-0.0009397771810799251
678,0.0005208422725339994
679,-0.003459674645710351
680,-0.013574836873068982
681,-0.005637802609657301
682,0.0060722513354092
683,-2.053437247627422e-05
684,-0.021721932730337172
685,-0.015583699261887874
686,-0.0007271024351769503
687,-0.016668462254330624
688,0.0
689,-0.0021678889816884746
690,-0.005066443339916094
691,-0.0035374781796289998
692,-0.011104407306643799
693,-0.006443739378417078
694,-0.000148538712390425
695,0.0037858170099218935
696,-0.0023113451841628293
697,-0.004746513690145778
698,-0.009623220765795994
699,0.0014737124617521802
700,-0.0035847250992454994
701,-0.00018374419898982332
702,-0.005240251267805624
703,-0.006124796165818999
704,-0.022257428008691047
705,-0.01120510916104345
706,-0.009279268923714166
707,-0.007883676427755469
708,-0.0248922697528548
709,-0.006108051984787017
710,-0.006900522795266927
711,-0.013964382644853474
712,-0.010211964697123044
713,-0.006118753676714274
714,0.0005206609831152501
715,-0.0027092158291551014
716,-0.007633601923090252
717,0.0
718,-0.013913652401886908
719,-0.0113666612003262
720,-0.0182755327946677
721,-0.0048553394278964025
722,-0.005386374563976719
723,-0.006580021346564574
724,-0.001245999543899375
725,-0.004336985048245451
726,-0.0002487387638571512
727,0.0
728,-0.00915755130130815
729,-0.004485139902188674
730,-0.011817823555456125
731,-0.0029151361679210022
732,-0.0034366924085940014
733,-0.0182356925430952
734,-0.0194998372164722
735,-0.003816800961545126
736,-0.002264486518866478
737,-0.000622578205972175
738,-0.0036771882573218345
739,-0.033874915390780094
740,0.0
741,-0.00800336970988693
742,-0.008054527776750002
743,-0.010476571618454346
744,-0.006069409816026326
745,-0.007921924443267402
746,-0.009465774736045075
747,-0.005670678782999652
748,-0.006582658480671087
749,-0.005719290992301303
750,-0.003431597460025873
751,-0.0024087912403854255
752,-0.0245018649587362
753,-0.008121042981048213
754,-0.010745008595427843
755,-0.0027932520773379
756,-0.010126110072587565
757,0.0
758,-0.004543903396722076
759,-0.0021595843431936514
760,-0.01150835488186832
761,0.0
762,-0.009295863309924397
763,-0.008667904627525671
764,-0.015599226298255376
765,-0.004162878243760571
766,-0.011208107975595077
767,-0.004336985048245451
768,-0.0034034072097836494
769,0.0
770,-0.005980299414393281
771,-0.008737578224404177
772,-0.001577492122522651
773,-0.010281979262166919
774,0.0
775,-0.0036870161424420998
776,-0.012201364248572601
777,-0.005987283603496953
778,-0.0028645042280666757
779,-0.014947814800626076
780,-0.0014399145308261543
781,-0.008137452661089105
782,-0.0048058304395633715
783,-0.006151510786133528
784,-0.006424109419095824
785,-0.001527890175657853
786,-0.0163766460104798
787,0.000397898120302899
788,0.0017381398649796015
789,-0.010880064398815474
790,-0.006465176575775874
791,-0.0025935239621691754
792,-0.027352100602156627
793,5.482086134954954e-05
794,-0.007289784857399697
795,0.0002854022303844252
796,-0.002366943241888908
797,-0.004692332869037326
798,-0.004336985048245451
799,0.0
800,-0.00027561245641185
801,-0.0021949748443705
802,-0.003816800961545126
803,-0.011113060043625748
804,0.005776549455892975
805,0.021050223967382355
806,-0.009559193190486088
807,-0.012958731245785553
808,-0.009360944464955692
809,-0.00535714285714285
810,-0.0020241381841619244
811,0.014450314508846401
812,-0.01642910212252438
813,-0.013921089529556067
814,0.00021168083635035063
815,-0.010304542901068673
816,-0.009137729941649724
817,0.0
818,-0.011124342568534546
819,0.0023196825379478503
820,-0.00022122191443522433
821,-0.001665380658436199
822,-0.004917904627525669
823,-0.02463554333918433
824,-0.007516876659643205
825,-0.001992050976687049
826,-0.006354633799119027
827,0.0018943616787025085
828,-0.012113406650098727
829,0.001019305015049674
830,-0.0044001592277454
831,-0.0010571011048740747
832,-0.004955053317877902
833,-0.0017334162257117737
834,-0.014880162371984279
835,-0.011118367032126902
836,-0.030304654125090372
837,-0.003083721833721801
838,-0.0021634984528481546
839,0.0
840,-0.00411874830735543
841,-0.01254323037385437
842,-0.0029558266310983905
843,-0.003850013177736525
844,-0.0018210016481121755
845,-0.002495474577170525
846,-0.014362400148073304
847,-0.008089121566452818
848,-0.0010574732836348237
849,-0.006951430845027501
850,-0.00044244382887044867
851,-0.004204772639065598
852,-0.008086985048245452
853,-0.001148800085791875
854,-0.010506544280765126
855,-0.006289701374865375
856,-0.00796507444641725
857,-0.006939784796505862
858,0.0
859,-0.0038570936803469
860,-0.009123098645561024
861,-0.005072385050210248
862,-0.0017392515267840008
863,-0.006110575876934376
864,-0.0003057065217391252
865,-0.0002645091410333
866,-0.0017756244429684512
867,-0.014906796415630174
868,-0.003832829557007249
869,0.011352271680808802
870,0.0
871,-0.020794008934968723
872,-0.007374856491288721
873,-0.007425046938430123
874,-0.005850463479742575
875,-0.002480377074754925
876,-0.005242034653799341
877,0.0
878,0.0014037967774443464
879,-0.006843612338881897
880,-0.0017334162257117737
881,-0.013448940238750472
882,-0.006927131521509376
883,-0.017695197405806176
884,-0.006486431618866853
885,-0.0045334492594936
886,0.0020857603210992586
887,0.0
888,-0.0022317292846114247
889,-0.020073857007014646
890,0.0
891,-0.0014311467357005499
892,0.0
893,-0.004048301904283872
894,-0.006141573519349623
895,-0.00027561245641185
896,-0.009785198986955127
897,-0.006421175739515323
898,-0.00047430709072457345
899,-0.0006574383649238739
900,-0.008610940493730523
901,-0.0004944960440316504
902,0.0009792164177205298
903,-0.028469354127104184
904,-0.005003613256314476
905,-0.0038373038216310993
906,-0.010702041495605169
907,-0.0012077086227452257
908,-0.013781361363681573
909,-0.014173703972474198
910,-0.00032474772631555003
911,-0.0007166482979484748
912,0.0
913,-0.001728323873151652
914,-0.018237131189016917
915,-0.003783855147683828
916,-0.006027805098834427
917,0.0010873281893812245
918,-0.0071800678699281
919,-0.011308812258098076
920,-0.000148538712390425
921,0.0034765841698253743
922,-0.00416377433840665
923,-0.0008161172809361748
924,-0.0069932851937237
925,0.0
926,-0.009478682939216564
927,-0.014966242552392702
928,-0.004964658802219045
929,-0.0004863803031342987
930,-0.00820494998476232
931,-0.007527573087489404
932,-0.003728877821454527
933,-0.002284270369820326
934,-0.007571670652783679
935,0.0
936,0.0011513553403836745
937,-0.0003849863115978
938,-0.004704819829559477
939,0.0
940,-0.01142277942810355
941,-0.012001177937111626
942,0.00013280483818235017
943,-0.0249475653888607
944,-0.006423573236424481
945,-0.007025352071302893
946,-0.00183460017303175
947,-0.0115603080803695
948,-0.0029780465126748997
949,-0.00952077221064377
950,-0.010558456310810297
951,-0.001257836558193154
952,0.005495319931568025
953,-0.01148682175237007
954,-0.0011107878768144
955,0.0015097899003360758
956,-0.00036906522346395005
957,-0.01592829008431579
958,-0.006919921310817983
959,-0.010778042155260851
960,-0.009465774736045075
961,-0.0032080198717732732
962,-0.007793457714164167
963,-0.014972430032895577
964,-0.0012890827801971534
965,-0.003907037446648575
966,-0.008125244236741394
967,-0.01149469025833002
968,-0.010318930140050551
969,-0.00750163426974905
970,-0.009095471067202047
971,0.0005313664616848502
972,-0.004476014916518351
973,-0.004705316138270325
974,-0.007848226293732925
975,-0.005992476445049877
976,-0.003816800961545126
977,-0.0005775706497574743
978,-0.003816800961545126
979,0.0
980,-0.010410915001080278
981,0.0
982,-0.0024779783062919263
983,-0.02177285268746735
984,-0.002915689858868444
985,-0.006072548087981876
986,-0.006582658480671087
987,-0.001148800085791875
988,-0.00481595481935955
989,-0.015476348536324349
990,-0.010579786605197107
991,0.00370726125879555
992,-0.004778998887971325
993,-0.005364074634641249
994,0.0
995,-0.001665380658436199
996,-0.011184439765160802
997,-0.006370372836352599
998,-0.009390759799125965
999,-0.014876494224352626
1000,-0.0008966716963752499
1001,-0.018786705281206677
1002,-0.011806689866770744
1003,-0.011805609661946747
1004,-0.004689691418574399
1005,-0.006174683037637459
1006,0.0
1007,-0.004162878243760571
1008,-0.0007811260404980008
1009,-0.0022749493431568004
1010,-0.015209334460006099
1011,0.0
1012,-0.0014266603718936502
1013,-0.0117958977297377
1014,-0.009751934594417727
1015,-0.011042680933877651
1016,0.01062341664660222
1017,-0.007639842144780201
1018,-0.0004944960440316504
1019,0.0
1020,-0.003479474173750274
1021,-0.011746129728066929
1022,-0.00525375566921977
1023,-0.004425805635799834
1024,-2.597124253694849e-05
1025,-0.0060705197910598495
1026,-0.014802167578612106
1027,-0.0018502168395434992
1028,-0.0073623266134802915
1029,0.0015156590135449268
1030,0.0
1031,-0.011078403117256401
1032,-0.01971964188984188
1033,-0.0019546512957747523
1034,-0.003239968288905623
1035,-0.00915680194439098
1036,0.0
1037,0.0
1038,-0.004917904627525669
1039,0.00021168083635035063
1040,0.0
1041,0.0
1042,-0.0023720047103333985
1043,-0.00475222525843755
1044,-0.0054219644362188
1045,-0.004465926623385573
1046,-0.008624030231888874
1047,-0.0017756244429684512
1048,-0.0039541285530773
1049,-0.01998734005719308
1050,-0.00960949634841455
1051,-0.01236610449570822
1052,-0.004202194397737575
1053,0.018817986278119175
1054,-0.0047591961957435995
1055,-0.0047013020135388515
1056,-0.0007811260404980008
1057,-0.0024543979611031746
1058,-0.00375
1059,-0.005784136868079499
1060,-0.01338570184617245
1061,0.0
1062,0.0002310723463932996
1063,-0.005075970416993449
1064,-0.001665380658436199
1065,-0.013380683880133724
1066,-0.001985450788020378
1067,-0.00389731121281465
1068,0.0
1069,0.0
1070,-0.0010051681223509999
1071,-0.01165315567301532
1072,-0.004552978068929075
1073,-0.0004353047473756996
1074,-0.0015466116160639757
1075,-0.0027020203881449253
1076,-0.0021338505948872485
1077,-0.0011494273281613628
1078,-0.006846249472988411
1079,-0.006384927688952951
1080,-0.009682452199324124
1081,-0.006146415351532928
1082,-0.013649570450338898
1083,-0.0035314713031853024
1084,-0.009123283090019876
1085,-0.0036690548489917716
1086,-0.0004684699364510495
1087,-0.0009207359765035002
1088,-0.015438111803526926
1089,-0.0032515547100898717
1090,-0.007676818478691675
1091,-0.004183360070912403
1092,-0.0602076831478199
1093,-0.011415165931012612
1094,-0.005307385725013228
1095,0.0
1096,-0.0027092158291551014
1097,-0.0021568526898062754
1098,0.0
1099,-0.00917368333982798
1100,-0.0015042662894721721
1101,-0.0009984882022578238
1102,-0.007547966515613172
1103,-0.006149881617315504
1104,-0.023329642488590725
1105,-0.0014084429234684278
1106,-0.0025429659886897008
1107,-0.0039653396739355515
1108,0.0
1109,-0.0016750833366319974
1110,-0.0021633543784946446
1111,-0.0003015836989487985
1112,-2.674404597943769e-05
1113,-0.0013656359347035
1114,-0.005187555915709815
1115,-0.0078048314903344535
1116,-0.013082234289436251
1117,-0.0014343229719822777
1118,-0.0032571004381660293
1119,-0.001877508666301748
1120,-0.004294824291529402
1121,-0.002449972590231525
1122,-0.0059897020174091275
1123,-0.008777555111054977
1124,-0.004066331201718626
1125,-0.003026934729567995
1126,-0.000917300086515875
1127,-0.000148538712390425
1128,-0.0011728078987276983
1129,-0.009478682939216564
1130,-0.0163162419043699
1131,-0.0037055043622499046
1132,-0.0104547152813994
1133,-0.00022122191443522433
1134,-0.004336985048245451
1135,-0.013775951284568318
1136,-0.012003524455742957
1137,-0.009216796504751875
1138,-0.007956029602553524
1139,0.0011716828241669017
1140,0.011113772114369477
1141,-0.0026788851604035773
1142,0.0
1143,-0.005967588499410563
1144,0.0
1145,-0.003846087180175325
1146,-0.019188694186849375
1147,-0.0102212489715441
1148,-0.002289471584563225
1149,-0.0034425594212061004
1150,-0.011072452174882699
1151,-0.0013328476279583692
1152,-0.0016968522657939255
1153,-0.0010951133138515498
1154,-0.007222657485106995
1155,-0.011916627883317868
1156,-0.004780691055200851
1157,-0.0075301504729153495
1158,-0.002623610143284978
1159,-0.00475222525843755
1160,-0.010437365917567417
1161,-0.013024189459634274
1162,-0.009388316155111251
1163,-0.006084709824588403
1164,-0.004479426387694878
1165,-0.0059251088112810485
1166,-0.010635908322176374
1167,0.0
1168,-0.004917904627525669
1169,-0.014977859945627432
1170,-0.0061673932171970244
1171,-0.0037868042355616257
1172,-0.00475222525843755
1173,-0.0008351496458190513
1174,-0.008226014916518353
1175,-0.006684429597565726
1176,-0.005088283955889976
1177,-0.0011649841461360997
1178,-0.0073902058508230895
1179,-0.0021969954417824502
1180,-0.00348655926459246
1181,-0.0048462429324861965
1182,-0.00934085430877147
1183,-0.0018229250127852503
1184,-0.004107195382605577
1185,0.0015156590135449268
1186,-0.0008161172809361748
1187,-0.0008351496458190513
1188,0.0
1189,-0.012883721112523394
1190,-0.004236851124179623
1191,0.0011505087387660247
1192,-0.0024684614947689926
1193,-0.001956607154094051
1194,-0.014961785641865628
1195,-0.0076904250893794265
1196,-0.008915760698899527
1197,-0.014421000231242879
1198,-0.011960340220437527
1199,-0.012216103969574035
1200,-0.004196024749524801
1201,-0.00780587054909775
1202,-0.0004863803031342987
1203,-0.011032828913168712
1204,-0.0059033169666477
1205,-0.00044244382887044867
1206,-0.00312999124516995
1207,-0.0013520374097839255
1208,-0.00312999124516995
1209,-0.004707164233014425
1210,-0.0016301314954469265
1211,-0.0027632203850194476
1212,-0.009670129885963219
1213,-0.010087956244950251
1214,-0.00645090410506168
1215,-0.0007703350698888001
1216,-0.01659535429929962
1217,-0.0045490291760338815
1218,-0.0010051681223509999
1219,-0.016157595629993644
1220,0.0
1221,-0.011361108872911377
1222,-0.0025855395425212245
1223,-0.006961063264707076
1224,-0.00044244382887044867
1225,-0.003831898463960726
1226,-0.011270040946959652
1227,-0.0004684699364510495
1228,0.0003591236244184998
1229,-0.00375531233998975
1230,-0.006779527963962479
1231,-0.01312383616650855
1232,-0.001577492122522651
1233,-0.0017979741169605531
1234,-0.003846013009458425
1235,-0.025823489484615752
1236,0.0
1237,-0.018496998604782995
1238,-0.005394985593429807
1239,-0.0149932147475395
1240,-0.0336863272576794
1241,-0.007142489695764891
1242,0.0
1243,-0.00016654736770388767
1244,-0.007055680881383003
1245,0.0
1246,0.003418773410050721
1247,0.0008645651223776196
1248,-0.002042610054543924
1249,0.0001722428372663504
1250,-0.0093307539267395
1251,0.0
1252,-0.0047741999833642995
1253,-0.014001198281396973
1254,-0.004230768573332674
1255,-0.0009037015615963005
1256,-0.0087907565647882
1257,-0.019514385962807253
1258,-0.018205655240456656
1259,-0.00225574712643675
1260,-0.004134487209363825
1261,-0.00416377433840665
1262,0.00184609540721395
1263,0.0
1264,-0.0014266603718936502
1265,0.0
1266,-0.007869985111351625
1267,-0.023858913604143397
1268,-0.006741352421558049
1269,-0.00044244382887044867
1270,-0.00400954665889745
1271,-0.004876771578380402
1272,-0.007473689176322447
1273,-0.0012714829943448504
1274,-0.03479646264010565
1275,-0.001746401846980248
1276,-0.017292936212875143
1277,-0.0026118343010357796
1278,-0.003450322675130041
1279,-0.0014977743384464756
1280,-0.007334991277333799
1281,-0.0022012408942154002
1282,-0.022142004721958923
1283,-0.007503817103987226
1284,-0.0063832013420525606
1285,0.0003280478179914746
1286,-0.0037121704935796007
1287,-0.023779364358223427
1288,-0.012316520598560005
1289,-0.002765857519125961
1290,0.0006028757716421253
1291,0.0
1292,0.00013280483818235017
1293,-0.0030478465655475995
1294,-0.020766823028247297
1295,-0.0029322144768803545
1296,0.0
1297,-0.028888507280947242
1298,-0.003816800961545126
1299,0.0
1300,-0.025327857376144555
1301,-0.004246683224508326
1302,-0.006927202980594224
1303,-0.009627444564822623
1304,-0.0004684699364510495
1305,-0.0006574383649238739
1306,-0.007605173200738997
1307,-0.009337067113787184
1308,-0.004753417150067973
1309,-0.02510499109548158
1310,-2.674404597943769e-05
1311,-0.00044244382887044867
1312,-0.0035314524388256755
1313,-0.015074930916893398
1314,-0.015644479868174053
1315,-0.005209188355158648
1316,-0.001757552716648203
1317,-0.0030026779072464013
1318,0.0
1319,-0.0033197003942126036
1320,-0.005563996682162322
1321,-0.012870728630825928
1322,-0.004005249085982604
1323,-2.597124253694849e-05
1324,-0.0059763853047387775
1325,-0.012549107796996002
1326,0.0
1327,-0.00577298971575335
1328,-0.007008204820158425
1329,-0.007356248662348394
1330,-0.00022122191443522433
1331,-0.01671174991324617
1332,-0.007980575299951775
1333,-0.007225626480056624
1334,-0.006108051984787017
1335,-0.006242675177951374
1336,-0.0023605791778029774
1337,-0.0017756244429684512
1338,0.0046930467664762915
1339,-0.002310198514335928
1340,-0.0034088255185114984
1341,-0.032133648327536
1342,0.0
1343,-0.014550848558441213
1344,-0.0021595843431936514
1345,0.0
1346,-0.0022758730596436506
1347,0.0
1348,-0.005828583144143029
1349,0.0
1350,-0.0036301988021794503
1351,-0.006515857519125963
1352,-0.004917904627525669
1353,-0.0011515051885006566
1354,-0.022901679008002947
1355,-0.01757635853524955
1356,-0.022346946692790602
1357,-0.00865756931461745
1358,-0.025473766704717724
1359,-0.007633601923090252
1360,-0.012183839760669918
1361,-0.003812361555243694
1362,-0.001728323873151652
1363,-0.00312999124516995
1364,-0.002366943241888908
1365,-0.0046049298899526
1366,-0.004512624214293021
1367,-0.002702696356865449
1368,-0.0028641335934826533
1369,-0.013335881927222803
1370,-0.004115492870514856
1371,-0.0075082019871726
1372,-0.004777075142149677
1373,-0.001665380658436199
1374,-0.0008303470857257503
1375,-0.013014830029995414
1376,-0.0040637955076828335
1377,-0.004355403667747825
1378,-0.001807403123192601
1379,-0.0011107878768144
1380,-0.007559736750240152
1381,-0.011667998518088352
1382,0.0
1383,-0.007790693655695498
1384,0.0
1385,0.0
1386,0.00042926037500192
1387,-0.008914621533800588
1388,-0.006297178036300051
1389,-0.00872930014905072
1390,-0.009934195211273198
1391,-0.00022122191443522433
1392,-0.012007862337218001
1393,-0.0004684699364510495
1394,0.0057558046297474
1395,-0.00424348040492915
1396,0.005568507882356614
1397,0.0005206609831152501
1398,-0.003573128223792318
1399,-0.0036383477730462456
1400,-0.0139517326627542
1401,-0.008261144972193478
1402,-0.0036983585506624485
1403,-0.006670100947384201
1404,0.0
1405,-0.007627120456680771
1406,-0.0021338505948872485
1407,-0.012124861854513773
1408,-0.008874791796728995
1409,-0.02135962415710675
1410,-0.001807403123192601
1411,-0.004917904627525669
1412,-0.008292815878063478
1413,-0.0027632203850194476
1414,-0.002877123958943527
1415,-0.0027242170628877997
1416,-0.0011868122947693502
1417,-0.0158193982689293
1418,0.0
1419,-0.020425605049340698
1420,0.01226683315966439
1421,0.0
1422,-0.0010034143329337494
1423,-0.0004298822629632002
1424,0.0
1425,-0.014705326190317537
1426,-0.005179095399730901
1427,-0.013507690449671723
1428,0.0
1429,-0.0041739654707927
1430,-0.003212131171567674
1431,-0.0177480929717158
1432,-0.006112609491213902
1433,-0.003728877821454527
1434,-0.002097283079351379
1435,-0.01709192717191415
1436,-0.0027632203850194476
1437,-0.0019689380080128637
1438,-0.004329313932780399
1439,-0.002480377074754925
1440,-0.010197586115235878
1441,-0.004988191406152611
1442,-0.011286774093072618
1443,-0.022019325396848366
1444,-0.0027092158291551014
1445,-0.001790721945384051
1446,-0.007174688550412828
1447,-0.015720385794723023
1448,-0.0029942154179619512
1449,-0.0030233850127828234
1450,0.00013280483818235017
1451,-0.001148800085791875
1452,-0.014450011974834837
1453,0.0
1454,-0.009174753204998425
1455,-0.009623220765795994
1456,0.0016344232039553247
1457,-0.010157415697337652
1458,-0.0033706351427520505
1459,-0.010891412375881293
1460,-0.0009201588840850256
1461,-0.0072145443369489035
1462,-0.0058371773119725995
1463,-0.0039541285530773
1464,-0.012226805661501292
1465,-0.004911914275396676
1466,-0.004770245834013474
1467,-0.011611276591121877
1468,-0.0033275371913249214
1469,-0.0002867157717903999
1470,-0.0012890827801971534
1471,-0.0018538778214545262
1472,0.0
1473,9.723213726497981e-06
1474,-0.00032474772631555003
1475,-0.004336985048245451
1476,-0.013525508635207927
1477,-0.0061135816312413264
1478,-0.0033402584412334526
1479,0.0
1480,-0.0009393038118388035
1481,0.00162813636794405
1482,-0.004325809924474326
1483,-0.005056500879766248
1484,-0.008014459343344701
1485,-0.0007355628654970997
1486,-0.0011868122947693502
1487,-0.0041171481305300505
1488,-0.0011515051885006566
1489,0.000412648472552974
1490,-0.006377462756647677
1491,0.0003556303225297989
1492,-0.0022317292846114247
1493,-0.0019459375226334513
1494,-0.0013520374097839255
1495,-0.004578775650654075
1496,-0.015037213242702173
1497,-0.005501843694847429
1498,-0.006487179837648467
1499,-2.597124253694849e-05
1500,-0.008455185685180451
1501,-0.006337415964953876
1502,0.0
1503,-0.0060241441169234
1504,0.0
1505,-0.005329620765526882
1506,-0.008998187995399878
1507,0.0014737124617521802
1508,-0.0041171481305300505
1509,-0.00022122191443522433
1510,-0.005811766156105599
1511,-0.00952077221064377
1512,-0.005716113020679595
1513,-0.0021595843431936514
1514,9.850431958075261e-06
1515,0.0
1516,-0.00416377433840665
1517,-0.007796659693955802
1518,-0.014523022585640652
1519,-0.02120431412373211
1520,-0.026306691519971635
1521,0.0
1522,-0.00932440460990757
1523,0.009962540068816857
1524,0.0
1525,0.0014737124617521802
1526,-0.006297178036300051
1527,-0.00375
1528,-0.0017665346432650317
1529,0.00036748581707547485
1530,-0.0037787375145698753
1531,-0.0039191041918021936
1532,0.0
1533,-0.01339520419340782
1534,-0.00048573105546852435
1535,-0.0033218152736747032
1536,-0.0005877742946707974
1537,-0.024114198041324177
1538,-0.011517321106926524
1539,0.017034635466860647
1540,-0.00044955352023202466
1541,-0.011881596072287177
1542,-0.02147616005808855
1543,-0.012122399150085039
1544,-0.01558993703029056
1545,-0.008337701615786551
1546,-0.004441423046970079
1547,-0.0013656359347035
1548,0.0
1549,-0.0028920684340397497
1550,-0.00886855391050733
1551,-0.01789979956758063
1552,-0.00530989148525385
1553,-0.025181599575910152
1554,-0.0021595843431936514
1555,-0.0007355628654970997
1556,-0.0021633543784946446
1557,-0.020791186730197926
1558,-0.0004875657292094998
1559,-0.003705604858358576
1560,-0.006042131387253222
1561,0.0
1562,-0.0017235963117733632
1563,-0.0036824074983304003
1564,-0.01461767681271868
1565,-0.0017672424296001489
1566,-0.012655402094126144
1567,-0.004171740878220715
1568,-0.00022122191443522433
1569,-0.016172776369783398
1570,0.006054486171283341
1571,-0.005893211630189398
1572,-0.013051973271396506
1573,-0.0031474627932798985
1574,-0.01237994057834635
1575,-0.0032691641889689505
1576,-0.005999411692590245
1577,-0.002296300113479377
1578,-0.006912993232157803
1579,-0.013964006537938722
1580,0.0
1581,-0.009757398769667351
1582,-0.0012451451838491265
1583,-0.0060153323518456776
1584,-0.0012714829943448504
1585,-0.002284270369820326
1586,-0.0010772751946911889
1587,0.00019854307148504903
1588,-0.010169478216749708
1589,-0.003864152599607401
1590,-0.0007355628654970997
1591,-0.006733783131478649
1592,-0.014867364381983562
1593,-0.008796874889870151
1594,-0.0022602525279950005
1595,-0.0029488470112059746
1596,-0.0024591610033767755
1597,-0.005653739434997251
1598,-0.009023741843655462
1599,0.00441141233236773
1600,-0.004840864411445673
1601,0.0
1602,-0.0083465317071429
1603,-0.016734959991724578
1604,-0.0060486460091127995
1605,0.016761201996348285
1606,-0.0033104783746927247
1607,-0.0071355488389689
1608,-0.0013554636314607252
1609,-0.00944275225301315
1610,-0.0027092158291551014
1611,-0.012063079207476526
1612,-0.005364074634641249
1613,0.0024073569169307443
1614,-0.0022491041387182782
1615,-0.013430687301802427
1616,-0.008276764936323202
1617,-0.006594432287921316
1618,-0.001215914247122325
1619,-0.006857418021114128
1620,0.017088856033363936
1621,-0.004405357290271018
1622,-0.00670023498713021
1623,-0.002915689858868444
1624,0.00020624874956454652
1625,-0.01284327175795788
1626,-0.03538201833207175
1627,-0.0193050115051697
1628,-0.005242034653799341
1629,-0.003782056385969188
1630,-0.0013520374097839255
1631,-0.006782247069557745
1632,-0.002081887169203325
1633,-0.00475222525843755
1634,-0.009756860410203193
1635,0.0
1636,-0.006725119055236629
1637,0.0
1638,-0.001728323873151652
1639,0.0
1640,-0.005568804532930882
1641,0.0015923763303752718
1642,-0.0008706094947513992
1643,-0.0014501791005834264
1644,-0.034559593423536275
1645,-0.0031712439316972235
1646,-0.004578775650654075
1647,0.0
1648,-0.004917904627525669
1649,-1.8544909732875028e-05
1650,-0.007882624326956151
1651,-0.0012451451838491265
1652,-0.0036011415485022037
1653,-0.0027467069350314045
1654,-0.004100359467600682
1655,-0.0008795385957976751
1656,-0.006405455209549925
1657,-0.002031720203901822
1658,-0.020309777280139198
1659,-0.0007166482979484748
1660,-0.031847293597844877
1661,0.0
1662,-0.009230768482164729
1663,-0.015472526026815692
1664,-0.00344100510140465
1665,-0.01699632818534795
1666,-0.008370372390116551
1667,-0.03869524437115547
1668,-0.007151458630738122
1669,0.0
1670,0.0
1671,-0.005572167192988101
1672,-0.013693192230706728
1673,0.014103304007838543
1674,-0.0009201588840850256
1675,-0.0015300850746117023
1676,-0.007633601923090252
1677,-0.012655367992474227
1678,-0.006235296255335849
1679,0.0
1680,-0.005940051720465276
1681,-0.0022317292846114247
1682,0.0
1683,0.0
1684,-0.0018229250127852503
1685,-0.001807403123192601
1686,-0.013552715009862706
1687,-0.002015318227785675
1688,-0.005186519072761646
1689,-0.004357301237356401
1690,-0.007429124515209924
1691,-0.0035491964793589017
1692,-0.000615029454764375
1693,-0.002539325566164931
1694,-0.0004138443351754252
1695,-0.008420176082021228
1696,0.0
1697,-0.0012874524087209951
1698,-0.007773688130748452
1699,0.0
1700,0.0017742265256797747
1701,-0.003816800961545126
1702,-0.0014899722174557001
1703,-0.006348877415141475
1704,0.002807404857468397
1705,-0.0027783838332590197
1706,-0.0013929521465681745
1707,0.0
1708,-0.006297178036300051
1709,-0.008488446698109903
1710,-0.00795051711622045
1711,-0.003166823416286332
1712,-0.0048058304395633715
1713,-0.0013034780729289028
1714,-0.004212321870804645
1715,-0.009239059686653249
1716,-0.001665380658436199
1717,-0.004189880756913098
1718,-0.008928757287669247
1719,-0.0132252402825688
1720,0.0
1721,-0.01296740191651495
1722,-0.028428436543322992
1723,-0.004010945893339949
1724,-0.01552611821365778
1725,-0.008914927381879637
1726,-0.017316858667735097
1727,-0.0005560443733873752
1728,0.001669320442938175
1729,-0.012145143940522973
1730,0.003993563713045852
1731,0.000573849875657474
1732,0.00013280483818235017
1733,-0.005640463121174354
1734,-0.0015460205151649246
1735,0.027829647949651884
1736,-0.023403118973446005
1737,-0.0013250149604287498
1738,-0.004917904627525669
1739,-0.0029271296314691076
1740,-0.009917052703570324
1741,-0.0013840431771649534
1742,0.00044120721110954943
1743,-0.012593259557994424
1744,-0.004063150249629352
1745,-0.0012790317455526504
1746,-0.009679929152793976
1747,0.0002589787256515007
1748,-0.0014925188165084754
1749,-0.03879230486996478
1750,-0.0014342091231014501
1751,-0.005482181619981325
1752,-0.006245661496024101
1753,-0.0059920260127293784
1754,-0.004909490142877001
1755,-0.010786941170624306
1756,-0.004485139902188674
1757,-0.005386638273543003
1758,-0.00611694324188891
1759,-0.0007811260404980008
1760,-0.009381334292331185
1761,0.0
1762,-0.006297178036300051
1763,0.0
1764,-0.003844130265887198
1765,-0.005884227087894999
1766,-0.0036018313433802303
1767,-0.002334709824588402
1768,-0.006958715736050076
1769,-0.003370631427719806
1770,-0.008674452365294452
1771,-0.002042610054543924
1772,-0.01714136738730765
1773,-0.03868023591266138
1774,-0.0034288011075190284
1775,-0.005957711442786101
1776,-0.010362912518733575
1777,0.00021168083635035063
1778,-0.005241649628200952
1779,-0.013563367040303038
1780,-0.011845036149035044
1781,0.0015097899003360758
1782,-0.006295522121554678
1783,-0.004970931827805548
1784,-0.02295233289285227
1785,-0.010048663345650174
1786,0.0
1787,-0.010879777358325625
1788,-0.0011515051885006566
1789,0.01967766198076113
1790,-0.0034088255185114984
1791,-0.004173927277379901
1792,-0.004329313932780399
1793,-0.00225574712643675
1794,-0.0046111798342110075
1795,-0.026367608658901424
1796,-0.01897930953636045
1797,-0.006297178036300051
1798,-0.0015460205151649246
1799,-0.009343929237749724
1800,-0.0032789390856116027
1801,-0.004034018520666676
1802,-0.00047609287540632556
1803,-0.0037777497997763493
1804,-0.007848226293732925
1805,0.0
1806,0.0
1807,-0.012816398822563349
1808,-1.5097502415599949e-05
1809,-0.0012890827801971534
1810,-0.002875553086638498
1811,-0.013481353513411974
1812,-0.0007271024351769503
1813,-0.007106981929585
1814,-0.0043958184742704
1815,-0.008425102362690885
1816,-0.009951965367306375
1817,-0.007265683962147522
1818,-0.003728877821454527
1819,-0.009959184379180168
1820,0.0
1821,-0.007990728238925028
1822,0.0
1823,-0.004034584343193652
1824,-0.005784136868079499
1825,-0.007089873447889802
1826,-0.002153968208142875
1827,0.0
1828,-0.004506491329320748
1829,-0.002187523439535576
1830,-0.0018502168395434992
1831,-0.008047105370386552
1832,-0.00608581787626834
1833,-0.0076611427693687156
1834,0.0
1835,-0.012662273976689615
1836,-0.0033150036413488113
1837,-0.0038223690639801002
1838,-0.022471148205837524
1839,-0.011000976438657047
1840,-0.0029986356889333795
1841,-0.021717147386048047
1842,-0.001985450788020378
1843,-0.001738977198430849
1844,-0.0035736429561377785
1845,0.0
1846,-0.000615029454764375
1847,-0.0008161172809361748
1848,-0.0004863803031342987
1849,-0.024047613655020325
1850,-0.003936035315937752
1851,-0.016299387296909454
1852,-0.00027609301092127456
1853,0.0
1854,-0.012891637956856473
1855,-0.000993327417159854
1856,-0.005962412074214054
1857,-0.006730174718914085
1858,-0.0018502168395434992
1859,-0.0035295939647877455
1860,-0.002015318227785675
1861,-0.0070698463657533255
1862,-0.00671633244742372
1863,-0.013555946390139597
1864,-0.01436724231163351
1865,-0.02062117609486608
1866,-0.0008161172809361748
1867,-0.006900522795266927
1868,-0.021463689010046375
1869,-0.0015460205151649246
1870,-0.000615029454764375
1871,-0.008927451286423119
1872,0.0
1873,-0.002765857519125961
1874,-0.008117902891483949
1875,-0.002098527646785299
1876,-0.0008161172809361748
1877,0.005495319931568025
1878,-0.013320964891580878
1879,-0.01815532526409097
1880,-0.0007166482979484748
1881,-0.002480377074754925
1882,-0.006523204520504574
1883,-0.007986620910460105
1884,-0.008360616835539132
1885,-0.0031619396623022997
1886,0.0
1887,-0.006134823855533553
1888,-0.0027248547391442047
1889,0.0
1890,-0.003849918400817425
1891,-0.010322339572631279
1892,-0.007358734243465363
1893,-0.00541240067155732
1894,0.0
1895,-0.011515826296084547
1896,-0.004940578514066901
1897,-0.0007355628654970997
1898,-0.006883143106535003
1899,-0.0022602525279950005
1900,-0.0020951511397528247
1901,-0.009546863728575368
1902,0.0
1903,-0.005484076623633977
1904,-0.0039940265142942724
1905,-0.0004298822629632002
1906,-0.004124446533591488
1907,-0.0006114130434782504
1908,-0.0025376499460606503
1909,0.0021380684665781003
1910,-0.0059763853047387775
1911,0.0
1912,-7.008447803401319e-06
1913,-0.001148800085791875
1914,-0.030587463773401824
1915,-0.007882986625547999
1916,-0.005321524005495951
1917,-0.003212131171567674
1918,-0.0006574383649238739
1919,-0.013212726953176223
1920,0.0
1921,-0.003231690321470497
1922,-0.0009765572485255247
1923,-0.0046212072895345895
1924,-0.048727289393104806
1925,0.0
1926,0.0
1927,-0.002480377074754925
1928,-0.017825200123457525
1929,-0.0023127936132039013
1930,-0.0013034780729289028
1931,-0.009600937829624626
1932,-0.003866213311854827
1933,-0.0034167070169603495
1934,-0.0036417458391328978
1935,-0.002875553086638498
1936,-0.005375332626022794
1937,0.0
1938,-0.020935541363174846
1939,-0.01013347397045888
1940,-0.017136962932406803
1941,-0.004813321604189707
1942,-0.012102482372966617
1943,-0.0010806264219694749
1944,-0.008271997264971576
1945,-0.0044001592277454
1946,-0.014446684725193351
1947,-0.0013034780729289028
1948,-0.0048695593110811754
1949,-0.0012040328019481492
1950,-0.0004863803031342987
1951,-0.0043892206305054995
1952,0.0
1953,-0.006209416252108601
1954,-0.010778087944954277
1955,-0.004647268173501525
1956,0.0
1957,0.0
1958,-0.0011868122947693502
1959,-0.0047587266729234995
1960,-0.004109237950913173
1961,-0.000625509287991276
1962,0.0
1963,0.009728952304438224
1964,-0.015238855814098229
1965,-0.008802042203524001
1966,-0.008890340256823778
1967,-0.007633601923090252
1968,-0.00027561245641185
1969,-0.01801998089422355
1970,-0.01342805787910245
1971,-0.009753101125029378
1972,-0.006899266077507877
1973,-0.002961004716357899
1974,-0.010139109769037525
1975,-0.005484836637807729
1976,0.00044120721110954943
1977,-0.011918296626543846
1978,0.0009006295587805518
1979,-0.007396207891193506
1980,-0.00014601299522761345
1981,-0.00424348040492915
1982,-0.009578035949749101
1983,-0.004847320316643833
1984,-0.0031482066966172476
1985,-0.008332344872596282
1986,-0.004365992554828861
1987,-0.02372383267833452
1988,-0.005686029229971946
1989,-0.002915689858868444
1990,-0.0017441528356107246
1991,-0.0049900445583160764
1992,-0.005294628178161875
1993,-0.008336130278520076
1994,-0.0022352282922080266
1995,-0.003166912785781904
1996,-0.0030980428280376
1997,0.0
1998,-0.015142927900160502
1999,-0.013904240881324354
2000,0.0024610446203700617
2001,0.0
2002,-0.0076599922819596
2003,-0.0033130305461249775
2004,-0.010271826323193668
2005,-0.0015460205151649246
2006,-0.012246307744782069
2007,-0.00709706392251086
2008,-0.005131452654672476
2009,-0.0016740690917949534
2010,-0.002042610054543924
2011,-0.017456169888114135
2012,-0.006880364496285698
2013,-0.0018210016481121755
2014,0.0
2015,-0.006410864411559226
2016,-0.00935199736526393
2017,-0.0010424246765216739
2018,-0.006350814320886354
2019,-0.0004863803031342987
2020,-0.0002867157717903999
2021,-0.0106277649771731
2022,-0.009198060589710826
2023,-0.00414992485530933
2024,-0.005079044237363089
2025,-0.00027960664344889996
2026,-0.020660520356700848
2027,-0.015423583423131451
2028,-0.0009201588840850256
2029,-0.0011107878768144
2030,0.0
2031,-0.005896360525754603
2032,-0.00471210635936635
2033,-0.0081706321264089
2034,-0.008548597404101976
2035,-0.00496075414950985
2036,-0.00183460017303175
2037,-0.010368987599998287
2038,-0.009991195910451837
2039,-0.004666872446162875
2040,-0.006615825947673401
2041,0.0
2042,-0.013287923778459826
2043,-0.008896519140167702
2044,-0.00771814328352575
2045,-0.017658414845248244
2046,-0.00017226621766674088
2047,-0.011115118265718024
2048,-0.02353386356636209
2049,0.0017739220858136034
2050,-0.0060535559478838725
2051,-0.001215914247122325
2052,-0.014328095010414526
2053,-0.0005877742946707974
2054,-0.003083721833721801
2055,-0.0027983150976889667
2056,-0.008395576612199201
2057,-0.006149881617315504
2058,-0.005312625923731048
2059,-0.009279268923714166
2060,0.0
2061,-0.0027746137979580265
2062,-0.0025664003805074345
2063,-0.005651594013682074
2064,0.0
2065,-0.00535714285714285
2066,-0.011334913047103448
2067,-0.00044244382887044867
2068,-0.010270713692331228
2069,-0.005070598973755151
2070,-0.002840706939461775
2071,-0.005971804278080802
2072,0.00010111815571374992
2073,-0.008153786009790578
2074,0.004723650095696474
2075,0.0
2076,-0.007979679205305696
2077,-0.0008786602793590982
2078,-0.007418596472361479
2079,-0.004476014916518351
2080,-0.0027746137979580265
2081,-0.007484305008033104
2082,-0.0082462782459314
2083,0.0
2084,-0.015941709933465425
2085,-0.01602820208159885
2086,-0.00444152641721998
2087,-0.0022857948187885255
2088,-0.025697212977458424
2089,-0.009034599066657522
2090,-0.006539916311302075
2091,-0.006206987407722823
2092,-0.0017044010170017255
2093,-0.0085759071829219
2094,-0.007016614020509575
2095,-0.0053344534913087
2096,-0.0010787027180377239
2097,0.0011513553403836745
2098,0.001535986497328154
2099,-0.00044833584818762496
2100,-0.006301928992830252
2101,-0.001583384355714197
2102,-0.005530680655694302
2103,0.00011324951255530132
2104,0.016823187484627647
2105,-0.006954950539808595
2106,-0.0025435624844801995
2107,-0.011024085832209101
2108,-0.006496160475997147
2109,-0.007526316116900711
2110,0.0
2111,-0.01112116935143745
2112,-0.009241470511754677
2113,-0.0012890827801971534
2114,0.0020122752870663754
2115,-0.006529938340579051
2116,-0.003351086722723878
2117,-0.0035521573757950732
2118,-0.00560062584268635
2119,-0.004503436315838924
2120,-1.2985621268474246e-05
2121,0.0
2122,-0.023646149163816747
2123,-0.001388628820536075
2124,-0.010149051643727725
2125,0.0
2126,-0.01175783326347033
2127,-0.007705727180403254
2128,0.0
2129,0.0008324585483799893
2130,0.003422434312232772
2131,-0.004262450606074126
2132,-0.010550628847889425
2133,0.0
2134,-0.002084654998810076
2135,-0.008653348301289502
2136,-0.003816800961545126
2137,-0.004597063983024227
2138,-0.009173943818687975
2139,0.00036748581707547485
2140,-0.006611026730897597
2141,-0.006557717473747951
2142,0.0
2143,-0.0015425133465674758
2144,-0.008253524455742955
2145,-0.01837941005422984
2146,-0.014701685012895442
2147,-0.019720636031730326
2148,-0.017248060463777748
2149,-0.00022122191443522433
2150,-0.010728187462695297
2151,-0.00014601299522761345
2152,-0.0027905173305858484
2153,-0.009613105138602942
2154,-0.00476956768032297
2155,-0.012564624284350848
2156,-0.011431452932954427
2157,-0.0021595843431936514
2158,-0.02687605803202315
2159,0.0
2160,-0.0072145443369489035
2161,-0.010277030277274626
2162,-0.004133306240900877
2163,-0.00047782314814279886
2164,0.0
2165,-0.005216964212998777
2166,-0.0003849863115978
2167,-0.0012451451838491265
2168,-0.0019884643440353732
2169,0.0
2170,-0.016083062517166718
2171,-0.007271970105417501
2172,-0.009292080779850888
2173,-0.0044987131971082495
2174,0.0006653349744031242
2175,-0.002480377074754925
2176,-0.004244914956040553
2177,-0.007562722896394652
2178,-0.0018216329715767744
2179,-0.0012890827801971534
2180,-0.0027841349389050507
2181,0.009210526315789502
2182,-0.0039541285530773
2183,-0.006835547336015525
2184,-0.004836597597363348
2185,0.0018943616787025085
2186,-0.0013520374097839255
2187,-0.005049707460176654
2188,0.0
2189,0.0003556303225297989
2190,-0.007334217015822853
2191,-0.00817064418365482
2192,-0.0020065980641477523
2193,-0.00033585104169409996
2194,-0.002094934127337079
2195,-0.015001054415601326
2196,-0.0060714058855434756
2197,-0.009567726630497368
2198,-0.0089242329361814
2199,0.0014953315297617
2200,-0.00903811797111775
2201,-0.006488282233155002
2202,-0.0011943610459771502
2203,-0.002631158894492778
2204,-0.011842874934378304
2205,0.0
2206,-0.004338370044965275
2207,-0.0251536185369844
2208,-0.011667431302523882
2209,-0.0010127168735587998
2210,-0.023486864827002484
2211,-0.006174683037637459
2212,-0.006164598611989426
2213,-0.011456643106325326
2214,-0.007642593217133075
2215,-0.01202230447394602
2216,-0.011909588505987532
2217,-0.009939180706060351
2218,0.0
2219,0.0005207516278246247
2220,-0.0024992054201887445
2221,-0.006108051984787017
2222,-0.007773688130748452
2223,-0.0052586640141794195
2224,-0.002043880854751977
2225,-0.0017218164202994746
2226,-0.000615029454764375
2227,-0.00812539716078092
2228,-0.0007271024351769503
2229,0.0016191720707368767
2230,-0.0040916099448873
2231,-0.011973162758668634
2232,-0.0002645091410333
2233,-0.0080493642435348
2234,0.0
2235,-0.006994632580262131
2236,0.001942627950191067
2237,-0.004705719716668276
2238,-0.01397761273825861
2239,-0.004922804728213099
2240,-0.007241583300942997
2241,-0.014854203474319675
2242,-0.002284270369820326
2243,-0.0019695403605026005
2244,0.0028754258350395757
2245,-0.013694699488023671
2246,-0.002765857519125961
2247,0.0
2248,0.0
2249,-0.00339113137847409
2250,-0.006194729662790848
2251,-0.0009109137653214982
2252,-0.006128483100897052
2253,0.0
2254,-0.00928807731328099
2255,-0.0043918072568463005
2256,0.0
2257,-0.0053928376933068
2258,-0.0004298822629632002
2259,-0.009757398769667351
2260,-0.0010834993912154246
2261,-0.003434796761048447
2262,-0.005907855438799526
2263,0.0
2264,-0.006480940581238776
2265,0.0
2266,-1.5097502415599949e-05
2267,-0.01820264222381452
2268,-0.008509865238132401
2269,-0.022795726583195897
2270,-0.003761814359223127
2271,-0.010006992349104977
2272,-0.0037255222586040516
2273,-0.0028207053028822295
2274,-0.005091991584045627
2275,-0.002899299824584701
2276,0.021314733108415654
2277,-0.007612515571736469
2278,-0.005257606626006202
2279,0.0
2280,-0.01707494936074342
2281,-0.011719386342101156
2282,0.0020857603210992586
2283,-0.0037719439120345653
2284,-0.01393698167257346
2285,-0.0032615968535078498
2286,-0.0022077114427860997
2287,-0.0067380884385637
2288,-0.002042610054543924
2289,-0.011019024834814288
2290,-2.053437247627422e-05
2291,0.0
2292,-0.00475222525843755
2293,-0.004565032073565001
2294,-0.00476045859777475
2295,-0.009217103858626428
2296,0.00021168083635035063
2297,-0.013611868297470003
2298,-0.010728149269282498
2299,-0.0013291784588539538
2300,-0.005246234593880886
2301,-0.0028207053028822295
2302,0.0
2303,-0.018328761407970476
2304,-0.010813368123057342
2305,-0.024642966615343737
2306,-0.012931583691843093
2307,0.0
2308,-0.005010840998621269
2309,0.0002854022303844252
2310,-0.018627736499971792
2311,-0.020113095789500574
2312,-0.0008651870103388998
2313,0.0
2314,-0.00910595613785815
2315,0.0
2316,0.0028754258350395757
2317,-0.000615029454764375
2318,-0.0068643232530919045
2319,0.0
2320,-0.0076194819805716005
2321,-0.006108051984787017
2322,-0.006815785046460301
2323,-0.005888454559641697
2324,-0.02150960403786715
2325,-0.02432804516716173
2326,-0.00066059876800965
2327,-0.009113856396083373
2328,-0.007187162689794553
2329,0.0003591236244184998
2330,-0.0039389788214630956
2331,-0.0035811917073455784
2332,-0.001807403123192601
2333,0.0
2334,-0.0147336708049632
2335,-0.0027092158291551014
2336,0.0
2337,-0.008577259559319875
2338,-0.0021223724796727256
2339,-0.012480831143315526
2340,-0.008956048906685811
2341,-0.006345655717928351
2342,-0.012662273976689615
2343,-0.0014995449337445233
2344,-0.009471138376331269
2345,-0.005831637219379048
2346,-0.01891740779990002
2347,-0.0036808965601455752
2348,-0.0027261517481169026
2349,0.0
2350,-0.008131654106563982
2351,-0.0032877552383930504
2352,-0.003212131171567674
2353,-0.0086877676194783
2354,-0.028242822174143152
2355,-0.009878593858465151
2356,-0.012525798697337939
2357,-0.004705865749484525
2358,-0.00610502265560075
2359,-0.022886823801304274
2360,-0.00044244382887044867
2361,-0.021180866399836122
2362,-0.005642316737057225
2363,0.0
2364,-0.013402708283097751
2365,-0.009160927577060803
2366,-0.008602530467432326
2367,-0.002390653897732826
2368,-0.003083721833721801
2369,-0.005793553180674095
2370,-0.002480377074754925
2371,-0.0010034143329337494
2372,-0.001215914247122325
2373,-0.0064605379374634495
2374,-0.009715054098444375
2375,-0.0008351496458190513
2376,-0.002284270369820326
2377,0.0
2378,-0.012994822387197777
2379,0.0
2380,-0.0007166482979484748
2381,-0.0092532503899012
2382,-0.0021633543784946446
2383,-0.0107212174917841
2384,-0.004441423046970079
2385,-0.0022317292846114247
2386,-0.002513417964525225
2387,0.0
2388,0.0
2389,-0.004873902066419201
2390,-0.00766743445571755
2391,-0.013011471784805774
2392,-0.006108051984787017
2393,-0.004410920556484271
2394,-0.0014133092268251751
2395,-0.0044925826447754485
2396,-0.0037574352308315977
2397,-0.010062180537864316
2398,-0.0006062082260330243
2399,-0.004917904627525669
2400,-0.0018229250127852503
2401,-0.006108051984787017
2402,-0.015541390713557774
2403,-0.002084654998810076
2404,-0.003816800961545126
2405,0.0
2406,-0.0016853524766513184
2407,-0.001608356871924229
2408,-0.00044244382887044867
2409,-0.003083721833721801
2410,-0.003328037241748256
2411,-0.006167443667443602
2412,-0.005578364771578075
2413,-0.003816800961545126
2414,-0.007804904250580943
2415,0.0
2416,-0.013598825031779227
2417,-0.004996547003268313
2418,-0.0023127936132039013
2419,-2.7516849421926892e-05
2420,-0.005131159601115551
2421,-0.02827471789818993
2422,0.0
2423,-0.01647236846261633
2424,-0.0006574383649238739
2425,-0.0016750833366319974
2426,0.001034799511200897
2427,0.010681620326526076
2428,-0.008433630248953425
2429,-0.014002421860085148
2430,-0.0017602131292701255
2431,-0.007877348176622497
2432,-0.0010373391953713991
2433,-0.0003849863115978
2434,-0.002907317944417574
2435,0.00014432878703869983
2436,-0.0334317791372067
2437,-0.0016478822863288745
2438,0.0
2439,-0.0004700366193592549
2440,-0.006554221991902597
2441,-0.008121308685077103
2442,0.0
2443,-0.00924685187290281
2444,-0.004303181264679425
2445,0.0
2446,0.0
2447,-0.007793457714164167
2448,-0.013384488829663624
2449,0.0
2450,0.0
2451,-0.006704980842911906
2452,-0.004671327856154951
2453,-0.008240452242178425
2454,-0.0005079376862256243
2455,-0.005704714336007251
2456,0.0
2457,-0.007333131509991601
2458,-0.0005877742946707974
2459,0.0
2460,-0.006779527963962479
2461,-0.006627950453311406
2462,-0.011105140070657306
2463,-0.01009685144034178
2464,-0.004813321604189707
2465,-0.002840314743207701
2466,-0.005739790363698425
2467,-0.0011107878768144
2468,-0.012497498426191623
2469,-0.010488544490136843
2470,-0.015052489981444973
2471,-0.006015672007303581
2472,-0.013071112093929424
2473,-0.00042016294522167477
2474,-0.005263524739190274
2475,-0.00022122191443522433
2476,-0.023591705300088424
2477,-0.005732352950188746
2478,-0.008337701615786551
2479,-0.008873860225199587
2480,0.0015535306120214008
2481,-0.0027632203850194476
2482,-0.009340149531029754
2483,-0.006920514670460334
2484,-0.004416843452742349
2485,0.007577395222698666
2486,-0.00539506701788463
2487,-0.007037880622907944
2488,0.0
2489,-0.01076588484592697
2490,-0.009371493232843425
2491,-0.0042547964393767025
2492,-0.024685915372177146
2493,-0.004877511830003873
2494,-0.007496372885097825
2495,-0.008714862797167775
2496,-0.001877508666301748
2497,-0.004020548801087252
2498,-0.015460014665589748
2499,-0.00400954665889745
2500,-0.015238963961143201
2501,-0.010133634751158346
2502,0.0
2503,-0.010342594231096468
2504,-0.013611868297470003
2505,-0.009957963624020075
2506,-0.009159054745664601
2507,-0.019624646955478157
2508,-0.006830251961779679
2509,-0.00541240067155732
2510,-0.002042610054543924
2511,-0.0031665783006147243
2512,-0.009913929478847425
2513,-0.0010571011048740747
2514,-0.0032439512255447
2515,0.0004700919945939998
2516,-0.002042610054543924
2517,-0.0005302265033829243
2518,-0.0029444804189926455
2519,-0.0008161172809361748
2520,0.0024379890676324754
2521,0.0011513553403836745
2522,0.0
2523,0.005540338973411566
2524,-0.019641258130404776
2525,-0.0019967417500936033
2526,-0.0018029162697267
2527,-0.005784136868079499
2528,-0.004052303165216601
2529,-0.0011984002790049503
2530,0.0
2531,0.0
2532,-0.005611271709575226
2533,-0.009466457087674306
2534,-0.017657400774234177
2535,-0.00988871057055387
2536,-0.0061289439106702115
2537,0.0
2538,-0.004873902066419201
2539,-0.00022122191443522433
2540,-0.010561899336671001
2541,0.0
2542,0.0
2543,-0.020717446969379254
2544,0.0007798623015837225
2545,-0.008153786009790578
2546,-0.0019990493129399523
2547,0.0003556303225297989
2548,-0.008682723577510725
2549,-0.016505019961341575
2550,-0.002390653897732826
2551,-0.0034820823180284517
2552,-0.005314423966268852
2553,-0.02009064739071476
2554,-0.007518299270397446
2555,-0.0048534500528286
2556,-0.003956887169203326
2557,-0.0017756244429684512
2558,0.0
2559,0.0
2560,0.0
2561,-0.0165283907201787
2562,-0.0004684699364510495
2563,0.005251659435784499
2564,-0.00017144100957927416
2565,-0.008292815878063478
2566,-0.002621248164263703
2567,-0.001153446202931326
2568,-0.0022271367412177033
2569,-0.00022122191443522433
2570,-0.0107120073899723
2571,-0.0009201588840850256
2572,0.0
2573,-0.010746994854776013
2574,-0.0007355628654970997
2575,-2.053437247627422e-05
2576,-0.009173943818687975
2577,-0.009268353113365473
2578,-0.0015460205151649246
2579,-0.00312999124516995
2580,-0.008311605820038325
2581,-0.015727165894109604
2582,-0.006108051984787017
2583,-0.003925018425464321
2584,-0.06011643922473678
2585,0.0
2586,-0.0061857123776064525
2587,-0.000615029454764375
2588,-0.002282936021219375
2589,-0.001148800085791875
2590,-0.0025567504834664518
2591,0.0
2592,-0.010776900048016277
2593,-0.0051809993768638235
2594,-0.003811545564356561
2595,-0.0011868122947693502
2596,0.0
2597,-0.00582825890219677
2598,-0.014173703972474198
2599,0.0011065421855126737
2600,-0.006795413293827417
2601,-0.010140760439243123
2602,-0.00010910071330642477
2603,-0.005702954819090655
2604,0.0
2605,0.0
2606,0.0002854022303844252
2607,0.0020857603210992586
2608,-0.0011515051885006566
2609,-0.00183460017303175
2610,-0.005624204084737727
2611,-0.0212942492150923
2612,0.0
2613,-0.002042610054543924
2614,-0.009305203327366625
2615,-0.0006920524292411728
2616,-0.0018502168395434992
2617,-0.0018502168395434992
2618,-0.0041739654707927
2619,-0.01115489662110025
2620,-0.002309511448075768
2621,-0.00014601299522761345
2622,-2.053437247627422e-05
2623,0.0
2624,0.0017023576441455995
2625,-0.010367198115941762
2626,-0.013489084211016104
2627,-0.0012602426862647264
2628,-0.007022691928353647
2629,0.0005232907978005991
2630,-0.005189917138848299
2631,0.0
2632,0.0022701807358262585
2633,-0.00788766135011108
2634,-0.006505751888817949
2635,-0.0004944960440316504
2636,-0.013260153243085444
2637,-0.0014232970437886997
2638,-0.00043724503323059867
2639,-0.010214860046600513
2640,0.0028754258350395757
2641,-0.0006114130434782504
2642,-0.002042610054543924
2643,-0.0037409905753708057
2644,-0.003816800961545126
2645,-0.004650154641540949
2646,-0.008131971088436999
2647,-0.0093240956848662
2648,-0.003276877211437149
2649,-0.0034088255185114984
2650,-0.012440831193434001
2651,-0.00183460017303175
2652,0.0019544749094834485
2653,-0.0036870161424420998
2654,-0.012793214178329047
2655,0.0
2656,-0.0055234763557305035
2657,-0.013205115907297877
2658,-0.0032379209986194797
2659,0.0
2660,-0.00306632085217955
2661,-0.0026021276886101763
2662,-0.009312329763302006
2663,-0.020711332448965027
2664,-0.029374340775038876
2665,0.0
2666,-0.012813176943190455
2667,-0.001148800085791875
2668,0.0016549542915708787
2669,0.0
2670,-0.004830231678651802
2671,-0.010812622698034327
2672,-0.005793553180674095
2673,-0.0043987905422975
2674,-0.007865522060350051
2675,-0.010579786605197107
2676,-0.010647282192990248
2677,-0.004460025455040326
2678,0.0
2679,-0.0003057065217391252
2680,-0.024447797104412698
2681,-0.006235689414744675
2682,-0.005108462134299435
2683,0.0
2684,-0.0003507189688524985
2685,0.0034579255352850504
2686,-0.0022767937019144494
2687,-0.0024192146899191247
2688,-0.006491333144304026
2689,-0.0032495853846789004
2690,-0.0113470084244017
2691,-0.006654304352134826
2692,-0.0024227370395775746
2693,-0.012846003873457803
2694,-0.007773688130748452
2695,0.0
2696,-0.00496075414950985
2697,-0.002142017807335048
2698,-0.011573610533648901
2699,-0.0023127936132039013
2700,-0.0032119782475281498
2701,-0.002180706521739126
2702,-0.008810146417262096
2703,-0.008932405250789277
2704,0.0
2705,-0.0012451451838491265
2706,-0.003396237354708424
2707,-0.007448199868182551
2708,-0.009415961931179242
2709,0.00013280483818235017
2710,-0.016873720262967747
2711,-0.011365490742761547
2712,-0.008998911288892224
2713,-0.00672530775071827
2714,-0.0141255103479597
2715,-0.005332825972440079
2716,-0.01116389643468145
2717,-0.004476147991698546
2718,-0.0018601746386135015
2719,-0.008989251212732231
2720,-0.017393714444519547
2721,0.003058714574744943
2722,-0.005538493980106424
2723,-0.0043758922867805005
2724,0.00013280483818235017
2725,0.0
2726,-0.012472440212777252
2727,-0.004576741960915676
2728,-0.007685764990657853
2729,-0.013609686254536069
2730,-0.02043685121107275
2731,-0.009825656316078088
2732,0.0
2733,-0.0052102629112269
2734,-0.0097858253596825
2735,-0.013212726953176223
2736,-0.006890029944106327
2737,-0.0240322316142836
2738,-0.008616967114809925
2739,-0.004748757425907505
2740,-0.006840185974327949
2741,0.0
2742,-0.009453051877821125
2743,0.010752083756892124
2744,-0.01304588519822365
2745,-0.005227449399353349
2746,-0.0007355628654970997
2747,-0.0003172589712806947
2748,-0.005072385050210248
2749,-0.006333549813986351
2750,-0.001784203540051025
2751,-0.0035214307735996456
2752,-0.007633640116503051
2753,-0.01593705938947754
2754,-0.0025664003805074345
2755,-0.003231690321470497
2756,0.0
2757,-0.0003849863115978
2758,-0.002480377074754925
2759,0.0
2760,-0.019125285201187735
2761,-0.016793404105990475
2762,-0.0009443905774267711
2763,-0.004476014916518351
2764,-0.006962131171567676
2765,-0.0004684699364510495
2766,0.0
2767,-0.00844747474021685
2768,-0.004323082796041806
2769,-0.016984090722150368
2770,-0.0017898260460826765
2771,-0.0034088255185114984
2772,-0.005060295603361276
2773,0.0
2774,-0.006128146145707955
2775,-0.0016750833366319974
2776,-0.014450891476653623
2777,-0.003956887169203326
2778,-0.006988714209398279
2779,-0.004501061027725304
2780,-0.015452927937023827
2781,-0.0011833874681656498
2782,0.0
2783,-0.00792439901838615
2784,-0.0030980428280376
2785,0.0
2786,-0.012883721112523394
2787,-0.004624138797366731
2788,-0.017909831208711348
2789,-0.0016968522657939255
2790,0.0
2791,-0.0015751990842840752
2792,0.0
2793,0.0
2794,-0.01160183532882875
2795,-0.015667818055377977
2796,-0.012397974943479127
2797,0.011766901243078297
2798,-0.00312999124516995
2799,-0.021417418382770816
2800,-2.130717591876342e-05
2801,-0.005967503349970201
2802,-0.007398281702280594
2803,-0.006900522795266927
2804,-0.0005818619347854764
2805,-0.005875681549974078
2806,0.0
2807,-0.00022122191443522433
2808,0.0
2809,-0.0032119782475281498
2810,-0.003591164951569325
2811,-0.01364478713239805
2812,-0.008699292267240356
2813,-0.002180706521739126
2814,-0.003171216938927149
2815,-0.0125589614671931
2816,-0.009835847448464137
2817,-0.0014266603718936502
2818,-0.009657904524881864
2819,-0.025473322185506457
2820,-0.006692851344974774
2821,-0.002599509384994301
2822,-0.005314423966268852
2823,-0.008597492016745978
2824,-0.007260397604358901
2825,-0.01216055761074283
2826,0.0
2827,-0.007276475607255477
2828,-0.001366745997751326
2829,-0.003083721833721801
2830,-0.008012652714639426
2831,-0.027141832053984655
2832,-0.005610368319924875
2833,-0.00502496773880805
2834,0.0
2835,0.0
2836,-0.004377319879132325
2837,-0.0168196035832713
2838,-0.004010945893339949
2839,-0.0058351598856925
2840,-0.000148538712390425
2841,0.0002589787256515007
2842,-0.0027632203850194476
2843,-0.0032551591386437632
2844,-0.007448199868182551
2845,0.0010296386475643765
2846,-0.0022317292846114247
2847,0.001616849313555625
2848,-0.008593558061513597
2849,-0.01687885141212643
2850,-0.01367481451362386
2851,-0.013423020478324853
2852,-0.006183191754234926
2853,-0.004803649428269247
2854,-0.000615029454764375
2855,-0.010093421641236007
2856,-0.009746241483465375
2857,-0.0055874493807175525
2858,-0.005681547377994405
2859,-0.009058835615344468
2860,-0.0446239740756324
2861,-0.00852211709981545
2862,-0.006654342545547625
2863,-0.007137703339966025
2864,-0.005784136868079499
2865,0.0024507566139186
2866,0.00796661301411171
2867,-0.0006114130434782504
2868,-0.003042861088605151
2869,0.0
2870,0.0
2871,-0.0210946360885005
2872,-0.0030738467215500748
2873,-0.011101096992302075
2874,0.0
2875,-0.004173927277379901
2876,-0.022170267436784522
2877,-0.006302204977722277
2878,-0.00044244382887044867
2879,-0.0014642206564691247
2880,-0.01085237626250061
2881,-0.0009201588840850256
2882,-0.014029169198025526
2883,-0.009588068181818149
2884,-0.004043606684603153
2885,-0.005083264529424598
2886,0.0
2887,0.0
2888,-0.007053092020985001
2889,0.0011231034500383003
2890,-0.0013520374097839255
2891,-0.003898319374104099
2892,-0.0026092708523367996
2893,-0.0014927049087800747
2894,-0.016308090384882644
2895,-0.00044244382887044867
2896,-0.003171216938927149
2897,-0.00761186121562942
2898,-0.0038960281239244516
2899,-0.00843967429927445
2900,-0.006372486280763048
2901,-0.0008351496458190513
2902,-0.005383114099679799
2903,0.004780819926424613
2904,-0.017283908840681546
2905,-0.013766820434677352
2906,-0.003177813423985685
2907,0.0037756339145903015
2908,0.0017739220858136034
2909,0.0
2910,-0.0012890827801971534
2911,-0.004919044476149775
2912,-2.674404597943769e-05
2913,-0.0038258734252332293
2914,-0.0007811260404980008
2915,-0.005871516489966835
2916,-0.003319853318252128
2917,-0.012889669580356897
2918,-0.006085710837378089
2919,-0.005298629439094604
2920,-0.014505972809343818
2921,-0.012430586178685477
2922,-0.018524991821663075
2923,-0.0004684699364510495
2924,0.0
2925,-0.0011014097578986737
2926,-0.0011868122947693502
2927,0.0
2928,-0.0018003732579715504
2929,-0.0002645091410333
2930,-0.0004684699364510495
2931,-0.003083721833721801
2932,0.0
2933,-0.000615029454764375
2934,0.0
2935,-0.0018054390906027786
2936,-0.007827746854885076
2937,-0.01399456623068135
2938,0.0
2939,-0.0034088255185114984
2940,0.0
2941,-0.008734705589070794
2942,-0.005661881977671437
2943,-0.005545124834696778
2944,-0.000148538712390425
2945,-0.004631806416145183
2946,0.0005232907978005991
2947,-0.007844451709396174
2948,-0.004968306150045783
2949,-0.00541240067155732
2950,-0.0037077556429090525
2951,0.0
2952,-0.002961004716357899
2953,-0.00476045859777475
2954,-0.015806970939238687
2955,-0.03511125441736829
2956,-0.0036758095456667747
2957,-0.00183460017303175
2958,-0.0011058535048477551
2959,-0.006118753676714274
2960,-0.004917904627525669
2961,-0.01320198755424965
2962,0.0
2963,-0.04772764336071082
2964,-0.003480209018186625
2965,0.0
2966,-0.0036598920813946975
2967,-0.0338225530572452
2968,-0.0010023479549332252
2969,-0.008237605021738273
2970,-0.005929798685634172
2971,-0.0146680613633562
2972,-0.001807403123192601
2973,0.0
2974,0.0026284989559436497
2975,-0.0007166482979484748
2976,-0.01867662882733965
2977,-0.004201787273142926
2978,-0.002480377074754925
2979,0.0
2980,0.0
2981,0.0016116233195290768
2982,-0.01005289055360925
2983,-0.0022306679940376894
2984,-0.007046200877400552
2985,-0.007605066855723703
2986,-0.002495474577170525
2987,-0.015497154337423083
2988,-0.006772864299453148
2989,-0.008734705589070794
2990,-0.01623147332764662
2991,-0.002465246294307874
2992,-0.019166560188641952
2993,-0.002359218957039771
2994,-0.0004944960440316504
2995,-0.007586033282338851
2996,0.0006653349744031242
2997,-0.0010571011048740747
2998,-0.013224060274061119
2999,-0.013378648795697577
3000,-0.006108051984787017
3001,-0.008954618332580752
3002,-0.004124845810580728
3003,-0.0062567168219254
3004,0.0
3005,-0.00014524019178512425
3006,-0.005467175032092974
3007,-0.0091245284879165
3008,-0.021515618856880497
3009,-0.006393419187198898
3010,-0.011446018845750937
3011,-0.005539300002153422
3012,-0.010108546505314567
3013,-0.02271851774457075
3014,0.001942627950191067
3015,0.0
3016,-0.020508542027104174
3017,0.0
3018,-0.004162878243760571
3019,-0.003953889742064326
3020,0.0008435203639326084
3021,-0.0019990493129399523
3022,0.0
3023,-0.014788565452558673
3024,0.0
3025,-0.008128094023869999
3026,-0.0007271024351769503
3027,-0.0068657716821329765
3028,-0.007603743664162654
3029,-0.004679736855092809
3030,-0.014192976044297183
3031,-0.0014266603718936502
3032,0.0
3033,-0.0095209171955495
3034,-1.5097502415599949e-05
3035,-0.0002645091410333
3036,-0.0018268141466430514
3037,-0.009951965367306375
3038,0.0
3039,-0.006327603284326482
3040,-0.0067717824489801955
3041,-0.006082892695854223
3042,-0.0014160143295339567
3043,-0.016483388885977626
3044,0.0
3045,-0.0026910490595871035
3046,-0.006886877057136826
3047,0.0015947728664504493
3048,-0.01269407012420115
3049,-0.0007355628654970997
3050,-0.007012139072305851
3051,-0.004762233472549294
3052,-0.00044955352023202466
3053,-0.0033866612322960565
3054,-0.00033585104169409996
3055,-0.021935606130420598
3056,-0.0121290792042299
3057,-0.011757066178612226
3058,-0.0011107878768144
3059,-0.003935764990657851
3060,0.0002589787256515007
3061,-0.01748800983904412
3062,-0.0027632203850194476
3063,-0.0019772599889591003
3064,-0.027909292024224226
3065,-0.022606255610636828
3066,-0.0018486717253146283
3067,-0.004152652003239226
3068,0.0
3069,0.0
3070,-0.007938471095964825
3071,-0.005661881977671437
3072,-0.0037273731860916043
3073,0.004457867921053266
3074,-0.0030094218105394767
3075,-0.010286379235259898
3076,0.0002854022303844252
3077,-0.0090434442126461
3078,-0.005902411957709182
3079,-0.004516102921775327
3080,0.0028754258350395757
3081,-0.00013980332172444998
3082,-0.007522098552355142
3083,-0.0033805293704033
3084,-0.00920343923508813
3085,0.0
3086,-0.0005877742946707974
3087,-0.005828052326302277
3088,-0.009924852946332142
3089,-0.0009439791722005014
3090,-0.0011178936108104743
3091,-0.013500708667902808
3092,-0.012229829660064704
3093,-2.597124253694849e-05
3094,-0.0021595843431936514
3095,-0.0104847398781934
3096,-0.00560079692712525
3097,-0.022844193157126248
3098,-0.0031665783006147243
3099,-0.0023127936132039013
3100,-0.011338247653026825
3101,-0.010789646116708669
3102,-0.003935905323918576
3103,-0.011169749013869103
3104,-0.008981582371884041
3105,-0.0011107878768144
3106,-0.0017602131292701255
3107,-0.005001178473646475
3108,-0.0048298482813886965
3109,0.0
3110,-0.008770987169072257
3111,0.0020374940496107
3112,-0.002394460091310835
3113,-0.005806002760844527
3114,0.0
3115,-0.016856983014111246
3116,-0.008151080109968407
3117,-0.004336985048245451
3118,-0.00818487317071985
3119,-0.013739473744134102
3120,-0.0030155537207162287
3121,-0.0035352073575403275
3122,-0.004395083663106069
3123,-0.004710153259670248
3124,0.001101358278166974
3125,-0.008079313932780401
3126,-0.003908010493897976
3127,-0.008739278151766925
3128,-0.02104569412813205
3129,-0.010069454570803126
3130,-0.011881381186185475
3131,-0.006237179640361055
3132,-0.008589721543994025
3133,-0.002480377074754925
3134,-0.01614675679947163
3135,0.0007349716341509497
3136,0.014838214336406294
3137,0.0004986631720091991
3138,-0.0036301988021794503
3139,-0.015982582823200704
3140,-0.0022317292846114247
3141,-0.009136111622722449
3142,-0.004834337852760596
3143,0.0
3144,-0.012923587914935152
3145,-0.0029558266310983905
3146,0.0
3147,-0.001153446202931326
3148,-0.008688816707239432
3149,0.0
3150,0.005750851670079151
3151,0.0
3152,-0.012544041748836075
3153,-0.006354671992531826
3154,0.00021168083635035063
3155,-0.007816075363548523
3156,-0.0021880881344756506
3157,-0.005918748130919829
3158,-0.004975647868240478
3159,-0.01401079185140405
3160,-0.0050604460347819
3161,-0.00416377433840665
3162,-0.0012264424982426254
3163,0.0
3164,-0.013768044266746618
3165,-0.0261939224146436
3166,-0.0018818715568590244
3167,0.021781456995889615
3168,-0.0037077556429090525
3169,-0.005630727438526424
3170,-0.001728323873151652
3171,-0.008370372390116551
3172,-0.010831864159352278
3173,-0.00225574712643675
3174,-0.007091560141339349
3175,-0.0008983521994142497
3176,-0.006139959272375874
3177,-0.0074086892687437265
3178,-0.015763841944677687
3179,-0.008683927952893376
3180,-0.010883535924682997
3181,-0.003712108839333498
3182,-0.009809761725705725
3183,-0.0049326817474609815
3184,-0.007406684689185173
3185,0.0
3186,-0.01367268134419575
3187,-0.011249680782751051
3188,-0.0016124347066162818
3189,-0.002042610054543924
3190,-0.0021634984528481546
3191,-0.026180128869691174
3192,-0.003956887169203326
3193,-0.005973595914676098
3194,-0.0005869985735693636
3195,-0.004451383213234976
3196,-0.002154919521434406
3197,-0.008286518381582599
3198,-0.002875553086638498
3199,-0.0031665783006147243
3200,-0.005807104008746825
3201,-0.02437991074985562
3202,0.0
3203,-0.0028855347207108993
3204,-0.011823074581908373
3205,-0.0010785379151594752
3206,-0.00044244382887044867
3207,-0.010363889727050995
3208,0.0006652026757319997
3209,-0.0039811226356142515
3210,-0.0059763853047387775
3211,-0.0022077114427860997
3212,-0.004155267079462154
3213,-0.009097443646020201
3214,-0.0030980428280376
3215,-0.005305683442129049
3216,-0.000936939872902099
3217,-0.0010051681223509999
3218,-0.01445004492047027
3219,-0.01026890517106478
3220,-0.0077379343639217765
3221,-0.003087150135917297
3222,-0.0013428457964591283
3223,-0.00944240699335685
3224,-0.00622803407320755
3225,-0.0221277466304082
3226,-0.013726539499145271
3227,-2.674404597943769e-05
3228,-0.0030424206685059282
3229,-0.006370372836352599
3230,-0.002133989500410803
3231,-0.001725817331578775
3232,-0.017053911685841402
3233,-0.0005269284361743495
3234,-0.023747499195029824
3235,-0.0019134863012448796
3236,0.0
3237,-0.007953589488848301
3238,-0.008177920899869722
3239,-0.012336125583578675
3240,-0.00027561245641185
3241,0.0
3242,-0.002915689858868444
3243,-0.011283577788686654
3244,-0.005625214635566725
3245,-0.009949459754457893
3246,-0.0010714139071911996
3247,5.8199082259700885e-05
3248,0.0
3249,-0.021001304803835212
3250,-0.0012973387981823
3251,-0.006332250682182599
3252,0.0
3253,-0.01653221365351618
3254,-0.00126645235976789
3255,-0.012603119226589698
3256,-0.0030480614535758266
3257,-0.0006574383649238739
3258,-0.006490007441364998
3259,-9.378984346545194e-05
3260,-0.007092398507792901
3261,0.004818053785230643
3262,0.0
3263,-0.002927642722217202
3264,-0.0004958057881051252
3265,0.0
3266,-0.0036301988021794503
3267,-0.0020778803997458474
3268,-0.006899879717212275
3269,-0.0087907565647882
3270,-0.0110254105853025
3271,-0.002205506705931651
3272,-0.00783594709215935
3273,-0.0007166482979484748
3274,-0.019477815837415726
3275,-0.0022228199171833024
3276,-0.007871894438885049
3277,-0.0021829697459437984
3278,-0.003855131168747106
3279,-0.013764526541321823
3280,-0.0061351425224113534
3281,-0.0025732250826911753
3282,-0.004474239326469
3283,-0.003085453635495699
3284,-0.0066375062644273555
3285,-0.018413441229013342
3286,-0.00400954665889745
3287,-0.008175302303359501
3288,-0.0047741999833642995
3289,-0.002597182593633052
3290,0.0
3291,-0.010099859055326526
3292,-0.00409116338168385
3293,-0.004034018520666676
3294,-0.006273295021149688
3295,-0.0021595843431936514
3296,0.0
3297,-0.0005909825412608737
3298,-0.01585346568609465
3299,0.005104318527047026
3300,0.0
3301,0.0004768236721156748
3302,-0.017107641286673504
3303,-0.009488025204157619
3304,-0.028018106938404647
3305,0.0
3306,-0.012216103969574035
3307,0.0002854022303844252
3308,-0.00844747474021685
3309,-3.537931927235019e-05
3310,-0.006266773551776651
3311,-0.00464373145324957
3312,-0.0013034780729289028
3313,-0.008337701615786551
3314,-0.017163453435308042
3315,-0.0052395896684394715
3316,0.0
3317,-0.018891922248963473
3318,-0.003058883146700345
3319,-0.0011644908097691309
3320,-0.009934195211273198
3321,-0.004406499982381901
3322,-0.0019218526413628746
3323,0.0
3324,-0.03652283864611707
3325,-0.0014084429234684278
3326,-0.019401711099576606
3327,0.0002854022303844252
3328,-0.004098123202540981
3329,-0.005043059001424548
3330,-0.006217926351058813
3331,-0.020731609671662224
3332,0.0006716271982044747
3333,-0.00908167896593232
3334,-0.005981899776859025
3335,-0.004587136031433926
3336,-0.020829645156286325
3337,-0.001877508666301748
3338,-0.005977835766654111
3339,0.0
3340,-0.0017542951156886005
3341,-0.0022926606684139476
3342,-0.007151881524598698
3343,-0.009470882696454744
3344,-0.0092613858474559
3345,-0.0055951059881349284
3346,-0.004162878243760571
3347,-0.0007166482979484748
3348,0.00259773352146145
3349,-0.0035224548832929964
3350,0.00014432878703869983
3351,-0.004202194397737575
3352,-0.002480377074754925
3353,-0.0033605169599185748
3354,-0.007443326375180617
3355,-0.0005372152168139225
3356,-0.016783828731418225
3357,0.0
3358,0.004457867921053266
3359,-0.01884601725585648
3360,-0.004562276685494304
3361,-0.005245005767162475
3362,-0.01828256495201427
3363,-0.0092509472388007
3364,-0.0008661352787639751
3365,-0.005923072749876669
3366,-0.007517553093791273
3367,-0.013375953887732746
3368,0.0008073791510056494
3369,-0.008128055830457202
3370,0.0
3371,0.019676246073771664
3372,-0.009073137271593304
3373,-0.007933949092075177
3374,-0.00852211709981545
3375,-0.01241682687511985
3376,-0.01904190098714648
3377,0.0
3378,-0.005667017801088625
3379,-0.005575342992449543
3380,-0.0040042343189076995
3381,0.0
3382,0.0
3383,-0.008649942193898252
3384,-0.00888103289970675
3385,-0.002287327342337504
3386,-8.040079605881479e-05
3387,-0.005917101528119351
3388,-0.015466320451937876
3389,-0.0021633543784946446
3390,-0.006805862350993241
3391,-0.007446999763724576
3392,-0.000148538712390425
3393,-0.006587206504121027
3394,0.0
3395,-0.005582370200848329
3396,-0.005371871641253001
3397,-0.003816800961545126
3398,-0.001877508666301748
3399,-0.01104512335866728
3400,0.0
3401,-0.0055502171872569
3402,-0.006165812178273577
3403,-0.008811071597647494
3404,-0.01408577813190914
3405,-0.012514666549146045
3406,-0.01145576282282635
3407,-0.007396213720800875
3408,-0.0010571011048740747
3409,0.0
3410,-0.016374673380391776
3411,-0.0024779783062919263
3412,-0.0033307825373203245
3413,-0.0003849863115978
3414,-0.005859763498440949
3415,-0.0011178936108104743
3416,-0.002480377074754925
3417,-0.0051305540705099476
3418,-0.012744413379462447
3419,-0.002986797957338049
3420,-0.0029796157337843294
3421,-0.014759557233325695
3422,-0.0030400765634777
3423,-0.003000954853913324
3424,0.005499263349612751
3425,-0.0032119782475281498
3426,-0.007826347620442577
3427,-0.017571483227429324
3428,-0.004673150659782981
3429,-0.011106278973510155
3430,-0.01119856833141035
3431,-0.008729473160525799
3432,-0.007474380875987623
3433,-0.003362785771262095
3434,-0.006858869066624477
3435,-0.005631908083997254
3436,-0.002015318227785675
3437,-0.008899694434399578
3438,-0.0045514335486454265
3439,-0.00585941101608905
3440,-0.005393668946913724
3441,0.004649347920853179
3442,-0.004936391813002093
3443,-0.0033591730087820775
3444,0.0046930467664762915
3445,-0.0022440943794195005
3446,-0.017017773208464374
3447,-0.00424538562205148
3448,-0.006567861720967351
3449,-0.008915760698899527
3450,0.0
3451,-0.0167034364946057
3452,-0.016712666203328605
3453,-0.011611393745558023
3454,-0.005979104089405624
3455,-0.0015300850746117023
3456,0.0
3457,-0.009531070134522751
3458,-0.011080187655320844
3459,-0.0044937949762108
3460,-0.011804675029936429
3461,-0.004476014916518351
3462,0.0
3463,-0.0032530454042081994
3464,-0.010697165457830823
3465,-0.0004684699364510495
3466,-0.009745315058294502
3467,-0.009368121779877052
3468,-0.0191068083110629
3469,-0.0018229250127852503
3470,-0.01270209243548848
3471,-0.0005110689781264734
3472,-0.005160573730428634
3473,-0.006554221991902597
3474,-0.0041739654707927
3475,-0.007256717676231355
3476,-0.0003057065217391252
3477,-0.006650482931532928
3478,-0.015758035652988743
3479,-0.002877759700362975
3480,-0.006512878679210223
3481,-0.0012514220283118744
3482,0.0
3483,-0.005779492989447254
3484,-0.01383003353234005
3485,-0.005484468840740575
3486,-0.004102667265467725
3487,-0.0037606246799795004
3488,-0.023482553286514232
3489,-0.01993613699678285
3490,-0.003713072282801975
3491,-0.0069655169769435995
3492,-0.005611271709575226
3493,0.0
3494,-0.005575342992449543
3495,-0.000931741077262249
3496,-0.004173927277379901
3497,-0.006323830411092234
3498,-0.0015460205151649246
3499,0.0
3500,0.0
3501,-0.0029558266310983905
3502,-0.0039541285530773
3503,0.0
3504,0.0
3505,-0.0018229250127852503
3506,-0.007840703895006825
3507,-0.0008639628874020006
3508,-0.00818487317071985
3509,-0.007218839861601417
3510,-0.0004298822629632002
3511,-0.00800162646124747
3512,-0.011470472942886403
3513,-0.001245999543899375
3514,-0.003207339609215725
3515,-0.007621005997138769
3516,-0.002015318227785675
3517,-0.0030081051332568123
3518,0.0018582750180023352
3519,-0.001388628820536075
3520,-0.0011868122947693502
3521,-0.0043253192155667825
3522,-0.011091150848771159
3523,-0.0063262326222552154
3524,-0.009272984579218605
3525,-0.013768044266746618
3526,0.0
3527,-0.004705316138270325
3528,-0.01993718073749775
3529,-0.00577101982987318
3530,-0.008184779937523479
3531,-0.004270534128491151
3532,0.0
3533,0.008577680856188801
3534,-0.009555114589905715
3535,0.0
3536,-0.007633640116503051
3537,-0.00137217149804735
3538,-0.008958782688933251
3539,-0.008900721222799078
3540,0.0011513553403836745
3541,-0.01058148176262775
3542,-0.0085157709377645
3543,-0.0014084429234684278
3544,-0.006022035431683276
3545,-0.005497600280119405
3546,-0.002509071725239698
3547,-0.0064709760279285
3548,-0.006155847167292304
3549,0.0
3550,-0.0053300767534628785
3551,0.0
3552,-0.008580465453174601
3553,-0.008796458473858225
3554,-0.003176345790882261
3555,-0.013693921924886799
3556,0.0036561041537277266
3557,-0.0119750378431334
3558,-0.010214860046600513
3559,-0.0008966716963752499
3560,0.0006653349744031242
3561,0.008969578337205776
3562,0.0
3563,-0.024719294859858576
3564,-0.0029548978823107797
3565,-0.0027092158291551014
3566,-0.0025063483172918736
3567,0.0018582750180023352
3568,-0.007226236346839451
3569,-0.002764441452095604
3570,-0.01912604988725395
3571,-0.0012451451838491265
3572,0.0
3573,-0.004363483436028806
3574,-0.006150652817992625
3575,-0.0015460926241900996
3576,-0.00538446854928315
3577,-0.0005877742946707974
3578,-0.0022202712273751766
3579,-0.006018439191098726
3580,-0.009320030232315167
3581,-0.006372561125820317
3582,0.0
3583,-0.018818783409774324
3584,-0.003511621752977577
3585,0.0
3586,-0.004485139902188674
3587,-0.0013034780729289028
3588,0.0
3589,-0.007850591347007548
3590,0.0
3591,-0.0057607516505359235
3592,-0.007120338492703502
3593,-0.0032530454042081994
3594,-0.013223757178864927
3595,0.0
3596,-0.01575927800640935
3597,-0.013366173823857557
3598,-0.0015460205151649246
3599,-0.004046209838915675
3600,-0.0029319501735817805
3601,-0.005334104109427076
3602,-0.020166042701189567
3603,0.0
3604,-0.009343064408985453
3605,-0.0006114130434782504
3606,-0.0054003028970813025
3607,-7.5487512077999745e-06
3608,0.0003556303225297989
3609,-0.0012451451838491265
3610,0.0
3611,0.0
3612,-0.001859462695923829
3613,-0.004190085267089904
3614,-0.00944014751282505
3615,0.0
3616,-7.5487512077999745e-06
3617,-0.0022077114427860997
3618,-0.005364074634641249
3619,-2.130717591876342e-05
3620,-0.0035901588247418048
3621,-0.0056414640484253745
3622,-0.011141475212616853
3623,-0.00717815715552067
3624,-0.013963679377261649
3625,-0.006711138971088141
3626,-0.01624649209542217
3627,-0.0034568169925311954
3628,-0.009835809255051339
3629,-0.011769933962458455
3630,-0.0010000720065303998
3631,0.0
3632,-0.009845658241443928
3633,-0.021762023135145442
3634,-0.013667069128187395
3635,-0.0012451451838491265
3636,-0.007594349716329103
3637,-0.0011107878768144
3638,-0.0017602131292701255
3639,-1.5097502415599949e-05
3640,0.0
3641,-0.0008161172809361748
3642,-0.0019990493129399523
3643,-0.014970294151420975
3644,0.0
3645,-0.012025981962953501
3646,-0.002480377074754925
3647,0.0
3648,-0.0022317292846114247
3649,-0.007873758291922129
3650,-0.002986797957338049
3651,-0.028959578483799996
3652,-0.004774111823293534
3653,0.0
3654,-0.00700781690706613
3655,-0.005883428857914375
3656,-0.004175350467512524
3657,-0.00734459050916935
3658,-0.0010571011048740747
3659,-0.026748473464027138
3660,0.008429439328297799
3661,-0.010794480984413575
3662,0.0
3663,-0.003459674645710351
3664,-0.004010945893339949
3665,-0.012250671134766244
3666,-0.010006515270301723
3667,-0.022617557732811874
3668,-0.007864412888922652
3669,-0.0020666278963692494
3670,-0.0015468065918768778
3671,-0.006615513489570949
3672,-0.005582913761624675
3673,-0.006837652664125899
3674,-0.02983883379059101
3675,-0.011265000829727676
3676,-0.0319571283531601
3677,-0.004036523393500889
3678,-0.006333549813986351
3679,-0.0033148595669953013
3680,-0.018048514670416748
3681,-0.008889963117174526
3682,-0.0057959037953289015
3683,0.0
3684,-0.006718983082545512
3685,-0.00294538804984615
3686,-0.0007114619702449244
3687,-0.0197890714861895
3688,-0.0006114130434782504
3689,-0.0051318916075211995
3690,-0.0030897181007147525
3691,-0.008633370022791525
3692,-0.0014461990908033167
3693,0.0
3694,-0.011113794586175877
3695,-0.0007271024351769503
3696,-0.0032901733507756494
3697,-0.00396262859885395
3698,-0.009361097388995217
3699,-0.00782289916128805
3700,0.0005832513877120746
3701,-0.0024188161666708514
3702,-0.0005560443733873752
3703,-0.0029956005744687757
3704,-0.008213493705639001
3705,-0.005578237352775
3706,-0.0031619396623022997
3707,0.019427133617493736
3708,-0.003318796300714578
3709,-0.007089873447889802
3710,0.0
3711,-0.007000350486722021
3712,0.0
3713,-0.010643577018853026
3714,-0.0021634984528481546
3715,-0.0011142688356574246
3716,-0.0021595843431936514
3717,0.0
3718,-0.0017075495618880318
3719,-0.0072726318953467055
3720,-0.0010034143329337494
3721,-0.006713920635901252
3722,-0.010635718286890956
3723,-0.012743580218816851
3724,-0.0029785614095609
3725,-0.008734705589070794
3726,-0.015552595380722628
3727,-0.017815297727504127
3728,-0.0040313715694052015
3729,-0.007023435001284906
3730,0.0
3731,-0.006654342545547625
3732,-0.002480377074754925
3733,-0.012886472674085197
3734,-0.005663765945743475
3735,-0.0017982253382476006
3736,-0.023618972311646072
3737,0.0
3738,-0.01938386139893592
3739,0.0
3740,0.0
3741,0.0002854022303844252
3742,-0.0024598838965532543
3743,-0.0008713666147320987
3744,-0.0007355628654970997
3745,-0.009661856585926703
3746,-0.006988017900472275
3747,-0.02302020832340455
3748,-0.010867859086672477
3749,-0.00800162646124747
3750,0.0
3751,-0.02651891737970525
3752,-0.0019537728012493246
3753,-0.00351553586263208
3754,0.0
3755,-0.004246683224508326
3756,-0.0080610855512213
3757,-0.020021215092560204
3758,0.0
3759,-0.0064354795125686785
3760,-0.020434893829112802
3761,-0.003020049015494273
3762,-0.006494179890685551
3763,-0.007545678782999653
3764,0.0
3765,-0.002284270369820326
3766,-0.0063832013420525606
3767,-0.005982644965184529
3768,-0.002180706521739126
3769,-0.009474520844803873
3770,-0.0042852708979961756
3771,-0.005803234734523424
3772,-0.00881163922218353
3773,-0.018212670713691953
3774,-0.0076472318554455
3775,-0.007958313493692002
3776,-0.0008161172809361748
3777,-0.0172571569729011
3778,-0.008344884064214301
3779,-0.006489923733652375
3780,-0.0031380782459606528
3781,-0.009603896824582875
3782,-0.00375
3783,-0.006915095252124777
3784,-0.0077223349332012
3785,-0.009924852946332142
3786,-0.0051819760639450745
3787,-0.007022691928353647
3788,-0.000707602217569523
3789,-0.004964962955591852
3790,-0.004919044476149775
3791,-0.023314686920182473
3792,-0.008667904627525671
3793,0.0
3794,0.0016549542915708787
3795,-0.0077252700404151515
3796,0.0012945120327716724
3797,-0.014847826441336908
3798,-0.006381638720166001
3799,-0.023571314869132953
3800,-0.0076776009691561726
3801,0.0
3802,-0.003912020470811323
3803,-0.0020666278963692494
3804,0.0
3805,-0.005857064108563716
3806,-0.010513892036801175
3807,-0.015350588378253816
3808,-0.00022122191443522433
3809,-0.009411881977671439
3810,-0.0035985494557537016
3811,-0.006743245300711437
3812,-0.0054846217647801
3813,-0.0014350503853142
3814,-0.0018210016481121755
3815,-0.0101356371762738
3816,0.0
3817,-2.7516849421926892e-05
3818,0.0
3819,-0.008237757945777798
3820,0.0
3821,-0.000148538712390425
3822,-0.007398281702280594
3823,-0.0144675113735602
3824,-0.00903505275805572
3825,-0.004476014916518351
3826,-0.0024465066989341998
3827,0.0
3828,-1.5097502415599949e-05
3829,-0.004994949669630872
3830,-0.011928503844076524
3831,-0.013305444844709075
3832,-0.002617011149878951
3833,-0.01761461989146937
3834,-0.0011515051885006566
3835,0.0010654492667984997
3836,0.0005206609831152501
3837,-0.003816800961545126
3838,-0.011852073365231287
3839,-0.003935764990657851
3840,-0.0017012849245830264
3841,-0.007775695225712375
3842,-0.007153500396415577
3843,0.0
3844,-0.006095877061451158
3845,-0.0007291596006608486
3846,-0.00644060039529518
3847,-0.006534303330471399
3848,-0.0021633543784946446
3849,-0.007516727200336502
3850,0.0
3851,-0.008952292913266054
3852,-0.0155451439216568
3853,0.0
3854,-0.0044860720604832545
3855,-0.00619019138755985
3856,-0.015322156126022776
3857,-0.00457295524473292
3858,-0.0012890827801971534
3859,-0.0006114130434782504
3860,0.0005206609831152501
3861,-0.002480377074754925
3862,-0.006200670829903051
3863,-0.00967836322530042
3864,0.00021168083635035063
3865,0.0
3866,0.0
3867,-0.0010783366554258282
3868,-0.0060026214734261235
3869,-0.007833594486394114
3870,-0.010217908036112701
3871,-0.003659602408573231
3872,0.0
3873,-0.0007355628654970997
3874,-0.0065314305936602516
3875,-0.0047119503413802
3876,-0.0057940645398522955
3877,-0.0026003946428717764
3878,-0.0032530454042081994
3879,-0.013001808107138475
3880,-0.003177813423985685
3881,0.00021168083635035063
3882,-0.006810724741106753
3883,-0.022600349663920903
3884,-0.004552978068929075
3885,-0.02271851774457075
3886,-0.01027504748466852
3887,-0.00104671779085395
3888,-0.006715675778792576
3889,-0.013188729300870061
3890,-0.012835739186148824
3891,-0.017998336502973382
3892,-0.02687605803202315
3893,-0.001807403123192601
3894,-0.01201496855003653
3895,-0.01912775804544818
3896,-0.0022618100177127015
3897,-0.0023106954062111266
3898,-0.010743104273694527
3899,-0.0013961554952623759
3900,-0.0026116902266822696
3901,-0.0037046867058104036
3902,-0.0024769690408719745
3903,-0.004013715292391654
3904,-0.0003514917722949877
3905,0.0
3906,-0.0033440230230895474
3907,-0.0028577545415455264
3908,-0.006434505627832225
3909,-0.00631002107556575
3910,0.0014737124617521802
3911,-0.004609010435051358
3912,0.0
3913,-0.006644567680322971
3914,-0.0030980428280376
3915,-0.028459560541784897
3916,-0.007548924490706049
3917,-0.0073040560883229485
3918,-0.002539325566164931
3919,0.0017739220858136034
3920,-0.010091642075207963
3921,-0.004965914247122326
3922,-0.00969730400690083
3923,-0.0073435484014993824
3924,-0.002986797957338049
3925,-0.005039993240993875
3926,-0.006988714209398279
3927,0.0
3928,-0.007661884195986352
3929,-0.001665380658436199
3930,-0.005896070283408329
3931,-0.008649942193898252
3932,-0.009757398769667351
3933,-0.012457802972226695
3934,-0.012366862820583344
3935,-0.009921039316959984
3936,-0.006937147662399348
3937,0.013359978211909408
3938,-0.002890456813671595
3939,-0.004388417964525226
3940,-0.01461317001812697
3941,-0.003148388308193338
3942,-0.0126172176530251
3943,-0.0011957713404968755
3944,-0.016778248191337077
3945,-0.012159007971827498
3946,-0.0072726318953467055
3947,-0.01588439154421965
3948,-0.0081667802680372
3949,-0.010281979262166919
3950,-0.004485139902188674
3951,-0.02483637447248012
3952,-0.00044244382887044867
3953,-0.0011868122947693502
3954,-0.004543903396722076
3955,-0.0085697839450631
3956,-0.007446999763724576
3957,0.0026228675109716717
3958,-0.004895137616970954
3959,-0.002619033550662875
3960,-0.0010783366554258282
3961,0.0
3962,-0.0030897181007147525
3963,-0.012400300742554951
3964,-0.008400143452521278
3965,-0.005500149068242224
3966,-0.0015460205151649246
3967,-0.0031418591491802015
3968,0.0
3969,-0.0009171195652173756
3970,-0.001877508666301748
3971,-0.01421528761399065
3972,-0.018461329886412498
3973,-0.0003057065217391252
3974,-0.0011868122947693502
3975,0.0
3976,0.0
3977,-0.005242034653799341
3978,0.0
3979,-0.014293189364421043
3980,-0.0025111873084655506
3981,-0.006213903105574502
3982,0.0
3983,-0.02000978040088015
3984,-0.0030026779072464013
3985,-0.01508777000906408
3986,-0.010769833389950152
3987,0.0
3988,-0.0025664003805074345
3989,-0.011858525728786092
3990,-0.012915601790368651
3991,-0.004198236037363302
3992,-0.006956194359514995
3993,0.0
3994,-0.004045849925205075
3995,-0.004208700947906577
3996,-0.0055609537971558504
3997,-0.03485516075859442
3998,-0.010743932483054502
3999,0.0
4000,-0.004538166420796713
4001,-0.0027611294613915263
4002,-0.00463134818021162
4003,-0.014440717295192453
4004,-0.007648345004461575
4005,-0.009609525777538177
4006,-0.007669969978664952
4007,-0.005235299088678802
4008,-0.026174843844573446
4009,0.0
4010,-0.006644567680322971
4011,-0.006914843789582726
4012,-0.0004968343708470743
4013,-0.013130353664719624
4014,-0.001877508666301748
4015,-0.005902411957709182
4016,0.0009725132380649986
4017,0.0
4018,-0.0013316777527128498
4019,0.0
4020,-0.00476045859777475
4021,-0.006580021346564574
4022,-0.0038494666946785492
4023,-0.002366943241888908
4024,-0.003008844209377883
4025,-0.003485545197105925
4026,-0.005945321033581676
4027,-0.006455774391832848
4028,-0.01385395402074452
4029,-0.015513004680835848
4030,-0.00619019138755985
4031,-0.011502325737460156
4032,0.029853076039471696
4033,-0.024179257962292876
4034,0.0
4035,-0.008971519390355526
4036,-0.0032752782843129503
4037,-0.00183460017303175
4038,-0.0018210016481121755
4039,0.0
4040,-0.0028072896572355517
4041,-0.006319740075220424
4042,-0.007340482120257299
4043,0.0
4044,-0.00837757927323602
4045,0.0159456460386081
4046,0.002853432123538333
4047,-0.01608154321972377
4048,-0.012132424895655624
4049,-0.0013936838962395515
4050,-0.002287327342337504
4051,-0.007137454056091229
4052,-0.014235952656732923
4053,-0.0017756244429684512
4054,-0.0039541285530773
4055,-0.006396231971597201
4056,-0.007913774338406652
4057,-0.013383221522633177
4058,-0.009606219516779726
4059,0.0
4060,-0.009725438930829746
4061,-0.002480377074754925
4062,-0.006531831565780278
4063,-0.017358620283852724
4064,-0.007073677374738156
4065,-0.0016968522657939255
4066,-0.0401240133486002
4067,0.0
4068,-0.0023398684275464047
4069,-0.008808290787888199
4070,-0.0009037015615963005
4071,-0.010898421066183203
4072,-0.0030954065295193
4073,0.0012898040167919765
4074,-0.010786060281186324
4075,-0.004259244790415575
4076,-0.003252892480168675
4077,-0.0010034143329337494
4078,-0.029067455370334675
4079,-0.0018229250127852503
4080,0.0023382775841298
4081,-0.000980876347165949
4082,-0.001148800085791875
4083,0.0
4084,-0.003957104793788926
4085,-0.003310908348234425
4086,0.00731571516738915
4087,-0.003984356026606821
4088,-0.013329492919467601
4089,-0.004162878243760571
4090,-0.00026508349259503263
4091,-0.003594510261671349
4092,0.0
4093,-0.0006114130434782504
4094,0.0
4095,-0.008676996175394979
4096,0.0
4097,0.0017381398649796015
4098,-0.022435030015589625
4099,-0.003816800961545126
4100,-0.005382313197857926
4101,-0.0010783366554258282
4102,-0.018891012062280395
4103,-0.0052007105026585804
4104,-0.002714152632783526
4105,-0.0033646852476434523
4106,-0.037418295739666985
4107,-0.001739279483171454
4108,-0.00377597124253695
4109,0.0
4110,-0.012102482372966617
4111,-0.0010373391953713991
4112,-0.0033977433754037775
4113,-0.013625990851635073
4114,0.0
4115,-0.002024645645694253
4116,-0.005728340042809734
4117,-0.012983398225581049
4118,-0.0037826299824053992
4119,-0.003129854872944699
4120,0.0
4121,-0.009202475510436075
4122,-0.010817390584371273
4123,-0.0011515051885006566
4124,-0.002787622294942659
4125,-0.007547966515613172
4126,-0.015521952261663651
4127,-0.01134142612873305
4128,0.0
4129,-0.006336614313890476
4130,-0.008045572784728977
4131,-0.008367147889847947
4132,-0.003996707446971897
4133,-0.012391297990988096
4134,0.0
4135,-0.002480377074754925
4136,-0.0065059378843768745
4137,-2.597124253694849e-05
4138,-0.014934781149614926
4139,0.0
4140,-0.007136654279797254
4141,-0.013081832582587504
4142,-0.0003057065217391252
4143,-0.012122166462424573
4144,-0.004419101504931395
4145,-0.003242431555878132
4146,0.00184609540721395
4147,-0.0031665783006147243
4148,-0.0066617179986801734
4149,-0.004334254896209451
4150,0.0028754258350395757
4151,-0.004303181264679425
4152,-0.01387668731645892
4153,0.0005832513877120746
4154,-0.008333860247630623
4155,-0.004876995290700454
4156,-0.0018029162697267
4157,0.0060785713192801
4158,-0.0034533869231652744
4159,-0.0032871021259739336
4160,0.0
4161,-0.007234999910105904
4162,-0.005194669087307998
4163,-0.0071798873530893766
4164,-0.004498675003695451
4165,-0.013024741131378925
4166,-0.0120661860946247
4167,0.0
4168,-0.002776206006287922
4169,0.0
4170,-0.0013650230310523997
4171,-0.003496084984744173
4172,-0.005025094760381675
4173,0.0
4174,-0.006878969718218147
4175,-0.012850396062712228
4176,-0.0007811260404980008
4177,-0.019722639991314527
4178,-0.0039191041918021936
4179,0.0
4180,-0.0010817492264240773
4181,-0.01236610449570822
4182,0.00010111815571374992
4183,-0.011650041991439935
4184,-0.0047487090614498
4185,-0.005838063511610695
4186,-0.008534734724563203
4187,-0.0008966716963752499
4188,-0.026544903195859768
4189,-0.0010563715602542757
4190,-0.006295700081249951
4191,-0.019008202176431403
4192,-0.00044244382887044867
4193,-0.0029319501735817805
4194,-0.0015103046946323777
4195,-0.028164379346796848
4196,-0.0013520374097839255
4197,-0.007315184959658669
4198,-0.011749172807173029
4199,0.0
4200,-0.007821035280452825
4201,-0.004942180983007747
4202,-0.0013520374097839255
4203,-0.009435991119510328
4204,-0.0061950935611176025
4205,-0.002284270369820326
4206,0.0
4207,-0.006906839685508325
4208,-0.002042610054543924
4209,-0.03628764854001067
4210,-0.011920443623076897
4211,-0.004585149645819053
4212,-0.0239463106958587
4213,0.0001722428372663504
4214,-0.0217144842318411
4215,0.0023382775841298
4216,-0.008153786009790578
4217,-0.008974572588812608
4218,-0.003058883146700345
4219,-0.009762689912401354
4220,-0.008680488228639881
4221,-0.007827746854885076
4222,-0.004274264441136214
4223,-0.001665380658436199
4224,-0.011880799453748973
4225,-0.021024968783557953
4226,-0.003956887169203326
4227,-0.0025664003805074345
4228,-0.0003849863115978
4229,-0.0018210016481121755
4230,-0.0051773416103136505
4231,-0.009183691589652623
4232,0.0
4233,0.0
4234,-0.007866174628092252
4235,0.0005974300326517506
4236,-0.0006906928333369252
4237,-0.0012890827801971534
4238,-0.0055263025420796
4239,0.0
4240,-0.0036301988021794503
4241,-0.0024077299350888474
4242,-0.013171429083268625
4243,-0.011818875437005326
4244,0.0
4245,-0.004515609244496577
4246,-0.00844940701874803
4247,-0.0019465211451210273
4248,-0.006960843347396405
4249,-0.0031250115293019747
4250,-0.004466849260394149
4251,-0.010052440406985602
4252,-0.005874140644432378
4253,-0.0025147579614624295
4254,-0.0014084429234684278
4255,-2.7516849421926892e-05
4256,-0.005624905688023546
4257,-0.004045849925205075
4258,-0.00697094916284885
4259,-0.0017334162257117737
4260,-0.01189440881705911
4261,-0.0040914673337608225
4262,-0.005409089997697476
4263,-0.0033450365498974045
4264,-0.003956887169203326
4265,-0.018698188051741824
4266,0.0
4267,-0.0010051681223509999
4268,-0.011274210453662576
4269,-0.004147271550739006
4270,0.0
4271,-0.004622690368325659
4272,-0.006284233518726275
4273,-0.016269829028662825
4274,-0.004706811669435313
4275,-0.004317796008088123
4276,-0.02268447524408863
4277,-0.005453123814964701
4278,-0.001435515857582275
4279,-0.0011868122947693502
4280,-0.009977139844993075
4281,-0.006960495199038203
4282,0.0
4283,-0.004780059966158375
4284,-0.006275961964921901
4285,-0.019788106581913774
4286,0.0
4287,0.0
4288,0.0006613661557780359
4289,-0.0017315254869834252
4290,-0.012100528429836895
4291,0.0
4292,-0.018677250406175704
4293,-0.010488544490136843
4294,0.0
4295,-0.004173927277379901
4296,-0.016019266774195025
4297,-0.006151640764242078
4298,-0.00042614171785204874
4299,-0.01937717065697945
4300,0.0
4301,-0.0007703350698888001
4302,-0.003728877821454527
4303,-0.0008651234753731418
4304,-0.0011367591193513485
4305,0.013587333331259836
4306,-0.00202579335891939
4307,-0.005638773471657945
4308,-0.015127889840631313
4309,-0.01475547039834918
4310,-0.002189325621031593
4311,-0.0037077556429090525
4312,0.0015988445869536496
4313,-0.010911357574226378
4314,0.0
4315,-0.010071180256968099
4316,-0.004753513048420174
4317,-0.012666056085486956
4318,-0.019620487957959502
4319,-0.007863350990556177
4320,-0.0012890827801971534
4321,-0.004443909046809183
4322,-0.022736104283725293
4323,-0.024225575034310477
4324,0.0
4325,-0.021602087107211284
4326,-0.002956203208984476
4327,-2.130717591876342e-05
4328,-0.00614116266247495
4329,-0.007760945893339951
4330,0.0
4331,-0.015758733418013218
4332,-0.0006389298929001773
4333,-0.00464387552760308
4334,-0.006438049125808829
4335,-0.007098096029257246
4336,0.0004182070685667754
4337,-0.0025664003805074345
4338,-0.007932283008176
4339,-0.015945880165775025
4340,-0.005519491861234947
4341,-0.0010034143329337494
4342,-0.0067073718289548485
4343,0.0028754258350395757
4344,-0.008888409859155198
4345,-0.016530180204235224
4346,-0.008591922429108905
4347,-0.018738615562937547
4348,-0.0027746137979580265
4349,-0.0011718418005031003
4350,-0.0028968602625572613
4351,-0.02794480305156502
4352,0.0
4353,0.008323712499570576
4354,-0.0085032412101603
4355,-0.03468845368123499
4356,-0.0018029162697267
4357,-0.007752565952202977
4358,-0.00692411709422365
4359,-0.0121868082307422
4360,-0.004030349062501744
4361,-0.0021633543784946446
4362,-0.016622694298428525
4363,0.0
4364,0.0
4365,-0.0053862378575681245
4366,-0.013003962892183503
4367,-0.003083721833721801
4368,0.0
4369,-0.004821969083896126
4370,-0.013267119684786128
4371,-0.021989101350156075
4372,0.0
4373,-0.0065981591337261475
4374,-0.0027020203881449253
4375,-0.003816800961545126
4376,-0.004173927277379901
4377,-0.000615029454764375
4378,-0.008761358002056102
4379,-0.00811397802460325
4380,-0.0126172176530251
4381,-0.0021678889816884746
4382,-0.01872985262711677
4383,-0.0015809962255432263
4384,-0.006755942038172648
4385,-0.011275101419543855
4386,-0.0022749493431568004
4387,-0.004598672526500333
4388,-0.003382462190122173
4389,-0.006447586115235878
4390,-0.0015246999873641271
4391,-0.0033197003942126036
4392,-1.5097502415599949e-05
4393,0.0018582750180023352
4394,0.0
4395,-0.0007271024351769503
4396,-0.014203605634818223
4397,-0.00044244382887044867
4398,-0.008442761809375419
4399,-0.005637802609657301
4400,-0.0008351496458190513
4401,0.02069970365365128
4402,-0.0053403993811792
4403,-0.00641467921843145
4404,-0.0020951511397528247
4405,-0.003579412759255749
4406,-0.005044395120186904
4407,-0.007446999763724576
4408,-0.00022122191443522433
4409,0.0
4410,-0.007578971679183602
4411,-0.005749060946239049
4412,-0.013820284327803222
4413,-0.016741547887625843
4414,-0.0017756244429684512
4415,-0.006988017900472275
4416,-0.0027787664138519763
4417,-0.006460385013423924
4418,-0.008495605060677244
4419,-0.006965695303035733
4420,-0.01379566947108365
4421,-0.004446754446754451
4422,-0.025318611183396046
4423,-0.007882883277592453
4424,-0.00044955352023202466
4425,-0.0006114130434782504
4426,-0.004553571428571426
4427,-0.0041171481305300505
4428,0.0028283925680025503
4429,0.0
4430,0.0
4431,-0.002433062807892325
4432,-0.006208656396977479
4433,-0.00022122191443522433
4434,-0.032407124365444
4435,-0.0040227151391072575
4436,-0.007502949646086346
4437,-0.012897440177840223
4438,-0.0021634984528481546
4439,-0.017906060140040533
4440,0.0022742876149776502
4441,-0.010354269787283663
4442,-0.0021633543784946446
4443,-0.007257687304514501
4444,-0.024342045568078233
4445,-0.00830643116263545
4446,-0.0088066592101273
4447,-0.0010051681223509999
4448,-0.01720971285545138
4449,0.0
4450,-0.01320703239544125
4451,-0.023796053658686173
4452,-0.01960358858627469
4453,-0.004372037723457751
4454,-0.0027195967091605
4455,-0.0028863623866350508
4456,-0.014259816587162424
4457,-0.002875553086638498
4458,-0.0010783366554258282
4459,0.0
4460,-0.008808624697093027
4461,-0.011409992281959602
4462,-0.0035261656625922497
4463,-0.002041061797758136
4464,0.0
4465,-0.009001725331899874
4466,-0.00259851130262195
4467,-0.007589877528414126
4468,6.526953828375238e-05
4469,-0.0075393906439731855
4470,0.0
4471,-0.0015757985519875533
4472,0.0014953315297617
4473,-0.005482398374213854
4474,0.0
4475,-0.009688851875384971
4476,-0.0007811260404980008
4477,-0.003459674645710351
4478,-0.0004684699364510495
4479,-0.0010838451508535124
4480,-0.008158201973178528
4481,-0.0112414369741882
4482,-0.007869593420457538
4483,-0.006032059014039325
4484,-0.0059962412829514975
4485,-0.002598654427931299
4486,0.0
4487,-0.0082462782459314
4488,0.0
4489,-0.004799065919373124
4490,-0.0095278489730479
4491,-0.003956887169203326
4492,-0.003783855147683828
4493,0.0
4494,-0.0008161172809361748
4495,-0.014786217669029782
4496,-0.002818826861367525
4497,0.0026097926807907203
4498,-0.009157299281109825
4499,-0.012082186809759794
4500,-0.002877759700362975
4501,-0.0003057065217391252
4502,-0.0021595843431936514
4503,-0.0030145360980642524
4504,-0.007741034286671947
4505,-0.016142290173720746
4506,-0.021919783522462377
4507,-0.0054029462235385736
4508,-0.009470882696454744
4509,-0.009204234554439
4510,-0.005419110654641826
4511,-0.005612190530262529
4512,-0.013280584392730556
4513,-0.004938439000001944
4514,-0.009395078331723275
4515,-0.004692315388004194
4516,-0.0030980428280376
4517,-0.004917904627525669
4518,0.0
4519,-0.006133818874647994
4520,-0.006580021346564574
4521,-0.005651401134576876
4522,-0.0021967938096027016
4523,-0.011823074581908373
4524,-0.0026031216200389992
4525,-0.0007166482979484748
4526,0.0011513553403836745
4527,-0.00834518369702025
4528,-0.007825380430519592
4529,-0.0029558266310983905
4530,-0.0034288011075190284
4531,-0.0042852708979961756
4532,-0.002263445476982624
4533,-0.007379392862426924
4534,-0.002683456647449528
4535,-0.015179077481825199
4536,-0.00605386945913599
4537,-0.002045471782167125
4538,0.00259773352146145
4539,0.0014953315297617
4540,-0.008539465826724624
4541,-0.0017756244429684512
4542,-0.011456643106325326
4543,-0.00044244382887044867
4544,-0.012131898308375817
4545,-0.005784136868079499
4546,0.009359534940589189
4547,-0.005955320903609325
4548,-0.0052212614053278065
4549,-0.004120196736396502
4550,0.0002854022303844252
4551,-0.0017572078241594987
4552,-0.009478682939216564
4553,0.009974564395353564
4554,-0.010867859086672477
4555,-0.0055036138216645256
4556,-0.004173927277379901
4557,-0.008183770230750877
4558,-0.0070698463657533255
4559,-0.006356126527710057
4560,-0.0143485267795929
4561,-0.007166106800605449
4562,-0.007221147581064751
4563,-0.017011123601726904
4564,-0.003816800961545126
4565,-0.002449629627796125
4566,-0.00567205299896195
4567,0.0015896011525891765
4568,-0.0004684699364510495
4569,-0.005524771860732051
4570,-0.007398281702280594
4571,7.679743085887405e-05
4572,-0.009651483526754568
4573,0.0
4574,-0.008292815878063478
4575,-0.004705316138270325
4576,0.0
4577,-0.00828099101906992
4578,-0.013714270913210775
4579,0.0016191720707368767
4580,-0.013037976590503082
4581,0.0
4582,0.0
4583,-0.0183321684463474
4584,-0.004705316138270325
4585,-0.0019653747500459487
4586,-0.001894453936362003
4587,-0.0071798873530893766
4588,-0.001985450788020378
4589,-0.007759932466509749
4590,-0.005307919272917961
4591,-0.005897190564118424
4592,0.0
4593,-0.0069276440084692975
4594,-0.00840206316813338
4595,0.0
4596,-0.008685068966839675
4597,-0.007232810424080246
4598,-0.0018279374956688753
4599,0.00013280483818235017
4600,-0.009520021100903421
4601,-0.020742557732811875
4602,-0.013436742074325927
4603,-0.00911673407394335
4604,-0.0101727156108335
4605,-0.007490783296451975
4606,-0.016440921223776973
4607,-0.0092983700260119
4608,-0.0013651416328262994
4609,0.0
4610,-0.0016166945577325504
4611,-0.0049014657516741255
4612,-0.018147564547043124
4613,-0.0023398684275464047
4614,-0.006926973959938948
4615,-0.0020393360696110002
4616,-0.0015103046946323777
4617,-0.0013034780729289028
4618,-0.0049900445583160764
4619,-0.014848502256862722
4620,-0.009212958599051527
4621,-0.019839391182969877
4622,-0.005381811598563924
4623,0.0005206609831152501
4624,-0.004920322580853802
4625,-0.009719901858737352
4626,0.0
4627,-0.0004944960440316504
4628,-0.003956887169203326
4629,0.0015156590135449268
4630,-0.014278082985092356
4631,-0.006266922166281201
4632,-0.01091274902336645
4633,-0.007048898980131073
4634,-0.003191410140335799
4635,-0.013009932537532777
4636,-0.0016968522657939255
4637,-0.001728323873151652
4638,-0.002284270369820326
4639,-0.026736734745757905
4640,-0.013433738481780425
4641,-0.017408270649620722
4642,-0.04547893558690469
4643,-0.0033977433754037775
4644,-0.0336863272576794
4645,-0.004957542886011049
4646,-0.0023073909292649483
4647,-0.011690430693887078
4648,-0.01292085693793415
4649,-0.007240835672529675
4650,-0.014499846476857299
4651,-0.00044833584818762496
4652,-0.0021595843431936514
4653,-0.0325910806291445
4654,-0.0022317292846114247
4655,-0.002334709824588402
4656,-0.003212131171567674
4657,0.0
4658,0.0
4659,0.00195526695095455
4660,-0.01996659599585919
4661,-0.004189880756913098
4662,-0.01126175821673902
4663,-0.033546520468643926
4664,-0.011236572107376422
4665,-0.00044244382887044867
4666,-0.015523489378814124
4667,-0.011334913047103448
4668,-0.005627520105019008
4669,-0.001148800085791875
4670,-0.010815157607113867
4671,-0.014361576440529973
4672,-0.008081522261916076
4673,-0.009380455585624975
4674,-0.011376904574792793
4675,-0.007463122043284276
4676,-0.003816800961545126
4677,-0.0066586613240108995
4678,-0.007225626480056624
4679,-0.009471945199795275
4680,-0.0035941773286140527
4681,-0.002081887169203325
4682,-0.01950441531857733
4683,0.0
4684,-0.005028216221671001
4685,0.0
4686,-0.0018538778214545262
4687,-0.018965297959234975
4688,-0.0065260167907002275
4689,-0.0059750057323997435
4690,0.0006653349744031242
4691,-0.014420135945609733
4692,-0.010300495077150838
4693,-0.002888119284318278
4694,0.0006653349744031242
4695,-0.011528177595145673
4696,-0.0034886685133382798
4697,-0.0012568008720420134
4698,0.0
4699,-0.005719047016117838
4700,0.0009507372047875494
4701,-1.2985621268474246e-05
4702,-0.006459519249128975
4703,0.0
4704,-0.0036870161424420998
4705,0.0035135337494393852
4706,-0.011213808493796353
4707,-0.0029558266310983905
4708,-0.0002867157717903999
4709,-0.0032042413286296253
4710,0.00011044001326107568
4711,-0.007289784857399697
4712,-0.004726623314189089
4713,-0.005994967118904876
4714,-0.004962544355769276
4715,-0.016055237257868327
4716,-0.015447730885411499
4717,0.0
4718,-0.004572975543919226
4719,0.0002854022303844252
4720,-0.005653739434997251
4721,-0.011630037631387265
4722,-0.0007166482979484748
4723,-0.013024956530327777
4724,-0.007493627671592505
4725,-0.0021634984528481546
4726,-0.009681131336762948
4727,-0.01269473633208185
4728,-0.017568941735029493
4729,-0.003665712982958799
4730,-0.002510802322781356
4731,-0.0014979103769653997
4732,-0.007796659693955802
4733,-0.004627721896817125
4734,0.0
4735,-0.0020529475735333253
4736,-0.002081887169203325
4737,-0.01233706038366853
4738,-0.0013034780729289028
4739,-0.005970559994235173
4740,-0.0034718487502490253
4741,-0.022730572578822578
4742,-0.014526752578557203
4743,-0.005449262900843476
4744,-0.011330386735228203
4745,0.0
4746,0.001424184203595998
4747,-0.004387199906650704
4748,-0.007873956257840225
4749,-0.0023201711060642193
4750,-0.0003849863115978
4751,-0.003816800961545126
4752,-0.009121556623381788
4753,0.0003702292998856737
4754,-0.011989600690201427
4755,-0.009994015855981048
4756,-0.011287586634016952
4757,-0.009137729941649724
4758,-0.013144478307977875
4759,-0.0033374319401864526
4760,-0.004340290864932777
4761,0.0
4762,-0.008654287112085799
4763,-0.002623610143284978
4764,-0.026169799218642202
4765,-0.014456392033075997
4766,-0.00939391954404402
4767,-0.006048530246156551
4768,-0.0004684699364510495
4769,-0.005899306300055401
4770,-0.014141046250747224
4771,-0.0068480428280376015
4772,0.0
4773,-0.009163251755736013
4774,-0.005930706521739126
4775,-0.007394771785351152
4776,-0.010286379235259898
4777,-0.005446058502275974
4778,-0.010622417666389676
4779,0.0
4780,-0.00389731121281465
4781,-0.009145515096336721
4782,-0.0011868122947693502
4783,-0.0013709473525955512
4784,-0.010170050747053799
4785,-0.013574860933217166
4786,0.0
4787,-0.01296740191651495
4788,-0.0009201588840850256
4789,-0.009259078347897274
4790,0.0
4791,-2.674404597943769e-05
4792,-0.009326246209969524
4793,-0.021022910544176623
4794,0.0040842963614914265
4795,0.0
4796,-0.0018982742650142746
4797,-0.002753953370668
4798,-0.00876418538665165
4799,-0.007124108528004495
4800,-0.00044244382887044867
4801,-0.0051876485447711375
4802,-0.0004944960440316504
4803,-0.005661881977671437
4804,-0.0033630863915442505
4805,-0.0030303327956546474
4806,0.0015887868320785523
4807,-0.011541246883144354
4808,-0.0043658511397435
4809,-0.009950609998382976
4810,-0.005625783587513801
4811,-0.010459506433497879
4812,-0.008253524455742955
4813,-0.006730952085448855
4814,-0.001665380658436199
4815,-0.0080297952223423
4816,-0.011107200060831672
4817,-0.010281979262166919
4818,-0.008455316138270327
4819,-0.00014524019178512425
4820,-0.011161290835806411
4821,-0.014784430471243748
4822,-0.002334709824588402
4823,0.0003556303225297989
4824,-0.0008083472788662752
4825,-0.008877036131095577
4826,-0.001665380658436199
4827,-0.0004353047473756996
4828,-0.0060328755045801
4829,-0.00932440460990757
4830,-0.0010834993912154246
4831,0.009537319362122966
4832,-0.003728877821454527
4833,-0.009999305834688874
4834,-0.0014084429234684278
4835,0.0002173212640307013
4836,-0.0035374781796289998
4837,-0.011455868943700794
4838,-0.004041007119149903
4839,-0.003286048098211928
4840,-0.002928270765268353
4841,-0.0033903833371106513
4842,-0.004178835147573351
4843,-0.0092509472388007
4844,-0.003935905323918576
4845,-0.006927131521509376
4846,-0.0009201588840850256
4847,-0.0057638729307085
4848,-0.0060236155463693035
4849,-0.006765847167083545
4850,0.0
4851,-0.00512726166292235
4852,-0.0033104783746927247
4853,0.0
4854,-0.010217908036112701
4855,-0.0086246501029226
4856,-0.0023127936132039013
4857,-0.002704082974624375
4858,-0.0161161162411154
4859,-0.004519845333750154
4860,-0.010746729006285826
4861,-0.0118312087941242
4862,-0.002807065538120048
4863,-0.007110318296094724
4864,-0.0005923720988393506
4865,-0.011068806134296868
4866,-0.007664642812112378
4867,-0.002877759700362975
4868,0.0
4869,0.000734861333793275
4870,-0.0034847874207372333
4871,-0.0022317292846114247
4872,0.0
4873,-0.004793198525170192
4874,-0.005003613256314476
4875,-0.01709192717191415
4876,-0.004745946255494276
4877,-0.003816800961545126
4878,-0.03228989782670137
4879,0.0
4880,-0.007320806158879119
4881,-0.010784609400276944
4882,-0.001975008351801078
4883,-0.00040008381401339995
4884,-0.013295267479943697
4885,0.0049181592397121
4886,-0.004975551494339348
4887,-0.0026957833270534765
4888,-0.0041671077846532996
4889,-0.006437264243958251
4890,-0.014930225086168805
4891,-2.7516849421926892e-05
4892,-0.007276475607255477
4893,-0.0084709236876985
4894,-0.010062180537864316
4895,-0.016417311180194745
4896,-0.004739378384828277
4897,-0.0024303740652097537
4898,-0.0007741764581901747
4899,-0.014275887244386151
4900,-0.0055852965490764735
4901,-0.006580021346564574
4902,-0.007819744001329454
4903,0.0
4904,-0.00519576334515045
4905,-0.005824200148888404
4906,-0.0011515051885006566
4907,-0.003207339609215725
4908,-0.012724220352918043
4909,-0.00027561245641185
4910,-0.004917904627525669
4911,0.0
4912,-0.0015460205151649246
4913,-0.002890600888025105
4914,-0.0038680748589725745
4915,-0.005330463993418804
4916,0.0
4917,0.0
4918,-0.014591107529186693
4919,-0.0056345529254741445
4920,-0.016567782061287197
4921,-0.0018210016481121755
4922,-0.015157925286254283
4923,-0.0034521895160839764
4924,-0.0035906758896678266
4925,-0.005661881977671437
4926,-0.0017193146108019854
4927,-0.007742119508548431
4928,-0.005574282851104633
4929,-0.01704197607013592
4930,0.0
4931,-0.0022077114427860997
4932,-0.01532382145507913
4933,-0.009957963624020075
4934,-0.004647268173501525
4935,-0.006027843292247226
4936,-0.004173927277379901
4937,-0.0138686177384052
4938,0.0
4939,-0.016994130774052055
4940,-0.003459674645710351
4941,0.005495319931568025
4942,-0.008268969383367335
4943,-0.014490991352723654
4944,-0.007116068215379599
4945,-0.0014311467357005499
4946,-0.007010554393437329
4947,0.0
4948,0.0
4949,-0.002081887169203325
4950,0.0021417123427552496
4951,0.0
4952,-0.01190086179502205
4953,0.0
4954,-0.0030980428280376
4955,-0.01565889097998232
4956,-0.009394365301777674
4957,-0.01369473768143647
4958,-0.005529922613035077
4959,-0.0018023684889478888
4960,-0.0011868122947693502
4961,-0.005880913033594876
4962,-0.01486166454722473
4963,0.0
4964,-0.0012890827801971534
4965,-0.009154416107352178
4966,0.0
4967,-0.016191201772862672
4968,-0.002284270369820326
4969,0.0028754258350395757
4970,0.0025907229957675415
4971,-0.012184042972233917
4972,-0.013915793086987798
4973,-0.004601019371637249
4974,-0.0013525155818982738
4975,-0.007397134764984171
4976,-0.0031346298834823744
4977,-0.013696736266455598
4978,-0.00434875195707165
4979,-0.002081887169203325
4980,-0.0003849863115978
4981,-0.006332250682182599
4982,-0.00757991279849707
4983,0.0
4984,0.00013280483818235017
4985,-0.013640461434471125
4986,-0.001454177221315577
4987,-0.0063605571900766
4988,-0.0009037015615963005
4989,-0.0036870161424420998
4990,0.0
4991,-0.0070915170526857
4992,-0.02071832391507702
4993,-0.008275436238474878
4994,-0.013649299903368748
4995,-0.004917904627525669
4996,-0.010318207524606972
4997,0.0
4998,-0.0018605714155686985
4999,-0.005018566808983474
