draw,target_balanced_median_delta_nap
0,0.0015380922865650005
1,-0.014550434092636353
2,4.9250311831377375e-05
3,-0.009366951061110282
4,-0.0044195676064322995
5,-0.003793879119063351
6,0.00020627373622577336
7,-0.0037324870904948807
8,-0.007356876179643151
9,-0.0026344699867754486
10,0.0011905061478925
11,-0.02161267566177
12,-0.012358443388254647
13,-0.020464152541249423
14,-0.012697010318470625
15,-0.009925575048769952
16,-0.004909808332782001
17,-0.004146157385754643
18,-0.0023762797024007992
19,-0.005546212845334748
20,-0.00802769387771803
21,-0.011258617689253075
22,-0.0013837232723190986
23,0.0011054762840789767
24,-0.006559174946878175
25,-0.009067485267229176
26,-0.011271944925130596
27,-0.007554945054945042
28,-0.004922254369466647
29,-0.004529615260785599
30,9.850062366275475e-05
31,-0.007086403696325299
32,-0.0019378186796067016
33,0.0
34,-0.007823714139427902
35,-0.005205448115691399
36,0.0027930378966950008
37,-0.001883281554892013
38,-0.0012726532272302245
39,-0.0314601188236201
40,0.00015167111745467742
41,-0.009968397177958156
42,-0.0031977521604444753
43,-0.011852479856885322
44,-0.014122583347007752
45,-0.003770718723563951
46,-0.006546435203458871
47,-0.007366253186247524
48,-0.00560923390136685
49,-0.018715151039376272
50,0.0
51,-0.016827233528145694
52,-0.003909131611260221
53,-0.003853306469956901
54,0.001028699178487651
55,-0.008423278140401374
56,-0.011997288113430059
57,-0.030497664270903044
58,-0.002048467262825775
59,-0.015821912631516367
60,-0.0035920837946929072
61,-0.0030726060235227656
62,6.052350977949969e-05
63,0.0
64,-0.0014034820657685527
65,-0.0060145962395955245
66,-0.004211454164645478
67,-0.023397040242446376
68,-0.0034854192124844207
69,-0.030234387071169
70,-0.001442440831466078
71,-0.0006470133913179994
72,-0.009427443997850223
73,-0.019571788284334625
74,-0.006206920613186725
75,-0.009021321289313624
76,-0.016470686773642523
77,-0.0047108287008486
78,-0.008307133663171581
79,-0.012771515508856935
80,-0.004107370528567175
81,-0.0164911889300235
82,0.000665885624063025
83,-0.014198950676110754
84,-0.023884814981259744
85,0.0005093931080773495
86,-0.0021069002459629194
87,-0.013733229904036179
88,-0.006719178057069826
89,-0.0219494402318711
90,-0.00765424735658983
91,-0.0006429010546947964
92,-0.001198043166215977
93,-0.029785883765630197
94,-0.005005178063475304
95,-0.003309704418164126
96,-0.0019457933797967257
97,-0.014627937767086749
98,-0.0034162257770984535
99,-0.0036395480441733484
100,-0.02247374461477057
101,-0.005495504420407405
102,0.002915254902028399
103,9.850062366275475e-05
104,-0.011299313775004625
105,-0.015088456841516199
106,-0.008346200929325524
107,-0.004449705016331
108,-0.0048150483725442
109,0.00044369360359967523
110,-0.00356868728438195
111,-0.003251853636256406
112,-0.0012954782331812409
113,-0.004179352057220703
114,-0.011685708761556727
115,-0.01312197488298805
116,0.0
117,-0.01361073354950353
118,-0.0098277608375185
119,-0.011364470580647525
120,-0.00555028459213735
121,-0.01407922104225938
122,-0.002753921838249824
123,-0.03449349521817256
124,0.00026139134043361156
125,-0.0037304928519221996
126,-0.004268330362775064
127,0.00015167111745467742
128,-0.02999380748998509
129,-0.017926120471385927
130,3.3405425943974776e-05
131,-0.0014017397360257706
132,-0.0009709313320812743
133,-0.013543294648092747
134,-0.010562200494939653
135,-0.0021690645696611846
136,-0.00097212257676145
137,-0.0005246913580246992
138,-0.004659193487007399
139,-0.014833934846259549
140,-0.003162965621358373
141,-0.006896432658912096
142,-0.0020697230490362047
143,-0.021357805526296673
144,0.00040328140568902764
145,0.0006132050531140742
146,-0.0017152759788718998
147,-0.01778247946747883
148,-0.022029376250873145
149,-0.01028598990476805
150,-0.01955157823027276
151,-0.027420734801404615
152,-0.010569390230581496
153,-0.01649986045441583
154,0.0
155,-0.018931415483596715
156,-0.016296894516856855
157,0.0029746831543618246
158,0.0013561183745652008
159,-5.416326562910018e-05
160,-0.02265486959887042
161,0.0
162,-0.007882891392497177
163,-0.003639829146240775
164,-0.0003843477927691747
165,-0.010442220184635222
166,-0.002989482694427124
167,0.0005531821201427757
168,-0.04335801369354928
169,0.0
170,0.0
171,-5.4700734048574937e-05
172,-0.03775639930004002
173,-0.0010262858423905502
174,-0.009532760079173553
175,0.0038004209997650248
176,-0.0031187369556408967
177,-0.01925966695523345
178,-0.015016132605008501
179,-0.003475774104534774
180,0.0
181,-0.003980552449561223
182,-0.022434933931700575
183,-0.0031426911200427726
184,-0.008006217810969975
185,-0.00786850834616125
186,-0.007317112669292175
187,-0.0042664992495768245
188,-0.013934586831245904
189,-0.007978185812548453
190,0.0
191,-0.05062051377805705
192,-0.009331413194376137
193,-0.001341609165299372
194,-0.049268843941217125
195,-0.0191962929660507
196,-0.0059743790333992505
197,-0.0027907238326676264
198,-5.4700734048574937e-05
199,-0.00539447209395595
200,-0.02327599986655825
201,-0.0018521445659603307
202,-0.06091683450435362
203,-0.006414137820628475
204,-0.009409933971843344
205,-0.00460142723275145
206,-0.0108615284245809
207,-0.0142795887267791
208,-0.0146724348537802
209,-0.0035150916463822894
210,-0.012472010344940776
211,-0.01027808541095995
212,0.003556792023630651
213,-0.002971047981368725
214,-0.012919669544053002
215,-0.002848589399283067
216,-0.0024854007981276495
217,0.0006638845092832094
218,-0.010687475591529851
219,-0.0480768982203824
220,-0.01849911391952987
221,-0.003620673489796674
222,-0.0005286282368671489
223,-0.024729660118163674
224,-0.0057240436986112225
225,-0.0019937665287772
226,-0.003944154774537026
227,0.0
228,-0.021756496526945352
229,-0.0060076328985219744
230,-0.01804314089197405
231,-0.005204826038159499
232,-0.02429523635322809
233,-0.00195853775411805
234,0.001028699178487651
235,-0.007294474967654177
236,-0.02232035989007367
237,-0.006151991028551676
238,-0.0056831558635227755
239,-0.007463861931341648
240,-0.0005325651157095986
241,-0.0115644203144868
242,0.0013647890414159496
243,0.0
244,0.0009508132677977506
245,-0.016681929544936802
246,-0.019785050384431326
247,-0.014770885964489174
248,-0.009990942453817474
249,-0.0025006096892621495
250,-0.0008186643819371019
251,-0.005721975378814252
252,-0.0038648892971476245
253,-0.011507474569779835
254,-0.0265373802094745
255,-0.003923777933235
256,-0.00925862437902165
257,-0.011817237341886208
258,-0.01203723514850605
259,-0.0029354550144390992
260,0.00023343688317770117
261,0.002477745811422587
262,-0.002914097051401575
263,-0.0048150483725442
264,-0.012685992873218276
265,-0.00924662856619693
266,-0.0122254668303919
267,-0.005654216310705477
268,-0.018949174266051975
269,-0.00856060644431603
270,-0.00220471428387615
271,-0.01220713626238131
272,-0.007310155438573515
273,-0.006780705609120649
274,-0.0058321647639108
275,-0.009533436995334899
276,0.003939295454007699
277,-0.015003017383612198
278,-0.0016233009535948032
279,-0.0008776412503602492
280,-0.014065254655218054
281,-0.008058787548792024
282,-0.005749444692374375
283,-5.4700734048574937e-05
284,-0.0029354550144390992
285,-0.0019937665287772
286,-0.00023556085617730017
287,-0.00013706023251454542
288,-0.0015056818181818019
289,0.0002048416112466001
290,-0.01507989621185598
291,-0.00010832653125820036
292,-0.00548479951758153
293,-0.0015102321860720764
294,-0.012337631918796776
295,-0.018978864850627747
296,-0.011572907410547676
297,-0.03299304312585642
298,0.00015167111745467742
299,-5.4700734048574937e-05
300,0.0
301,-0.005272612929894024
302,-0.002175730324169024
303,-0.00758771610715445
304,-0.0011368494073745773
305,-0.0050973100761543735
306,0.0
307,-0.0030840151594887493
308,-0.0013997090702960752
309,0.0
310,-0.0016501863677271765
311,0.0005707591182012237
312,-0.014625086032525825
313,0.0003039468658700521
314,-0.0019486373281455
315,-0.0150902002269905
316,-0.006598952157616601
317,-0.023397040242446376
318,0.0003816857871696516
319,-0.0015461027238574216
320,-0.002426905892063176
321,0.0
322,-0.002267528760973499
323,-0.013478200772860497
324,-0.004154656778979511
325,-0.006627083704282526
326,-0.0030351122202226504
327,-0.0031655027764551985
328,-0.0005286282368671489
329,-0.0072648926420855265
330,-0.003496658974208377
331,-0.032307593228649005
332,-0.020035220307880373
333,0.0009968757237424509
334,0.0
335,-0.008592139035123849
336,0.0004454085367380494
337,-0.006141201062764973
338,-0.013588873037071257
339,-0.0070017328116196535
340,-0.017306123119642625
341,-0.001536708309806149
342,-0.018274001502862694
343,0.0003327050328178001
344,-0.003868436402681759
345,-0.0008203329589288261
346,-0.01129516593941945
347,-0.0037219188013032445
348,-0.028235076315811274
349,-0.015985459457523225
350,0.003630098953853377
351,-0.0028640440037065993
352,-0.0014073975147433264
353,0.000985641680910899
354,-0.007411115285396909
355,-0.013832787503301174
356,-0.012685902141544896
357,-0.008868713498957275
358,-0.008227927007762018
359,-0.027630713235340068
360,-0.0020682225230457506
361,-0.017477236835994052
362,-0.0008949430199430737
363,-0.011229847153284324
364,0.0036265689707835995
365,-0.01987089625202871
366,-0.0042682331297531
367,-0.019621790278476978
368,-0.0030999562759795457
369,-0.002502133774741301
370,-0.02218548556165435
371,-0.001831190464673301
372,0.0006992910500069997
373,0.0
374,-0.015739097556938773
375,-0.019108804616929126
376,-0.011431320298942914
377,-0.0038030844008225743
378,-0.009242276372899124
379,-0.0012485876264450766
380,-0.007925866002602224
381,-0.00042758649353462526
382,-0.014821894217159598
383,-0.007938573207795646
384,-0.0024854007981276495
385,-0.0022391406931668257
386,-0.0038851098684237247
387,0.0
388,-0.01687820124054165
389,-0.013601562258910804
390,4.9250311831377375e-05
391,-0.015398404229768146
392,-0.013930392756334873
393,0.0
394,-0.0073044198317795
395,-0.004621746835129177
396,-0.0014712238017813256
397,-0.009489432425313873
398,-0.023981350572832086
399,0.0005093931080773495
400,-6.335554765310057e-05
401,0.0
402,-0.019142986544550523
403,-0.013441174659519151
404,-0.004094175182705249
405,-0.005579503281501023
406,-0.01376050779315725
407,-0.015477797645149949
408,0.0002104209728727999
409,-0.0023358870372638015
410,-0.0010580911775422254
411,-0.00327207164606685
412,-0.00031650894464144977
413,-0.021756496526945352
414,-0.010780270534868701
415,0.0
416,-0.00469731909772054
417,-0.0012954782331812409
418,0.0005945082574867499
419,-0.0053365598334527
420,-0.014019722639616147
421,0.0
422,-0.0046010839849322995
423,-0.008709576564922302
424,-0.007267417865420571
425,-0.007421381221818749
426,-0.011734233113388727
427,-0.007839524662389056
428,0.001028699178487651
429,-0.003216056914103275
430,-0.002637087398480613
431,-0.022403003597738808
432,0.0
433,-0.0014583333333333462
434,-0.0064631888313664764
435,-0.007466545792553149
436,-0.0322851047305065
437,-0.015215371300543148
438,-0.022482714418519772
439,-0.007957546475738276
440,-0.00508116386660855
441,-0.0015903341070157744
442,-0.007227184540090088
443,-0.013262666484354473
444,-0.0006419003348827994
445,-0.011815402762366528
446,-0.02108871281894107
447,0.0001104946181395769
448,-0.005075967739098377
449,-0.0081107747233541
450,-0.0016961920751057
451,0.003267032700932501
452,0.00045305007248799996
453,-0.001309113211304851
454,0.0029532371450303003
455,0.0
456,-0.004428579889376075
457,0.0
458,-0.023578820566106343
459,0.0004788961608399745
460,-0.01806353444206696
461,-0.022551362265662154
462,-0.010824313105889324
463,-0.0023940406284769303
464,-0.011533876007332227
465,0.0
466,-0.0018786128938271989
467,-0.01097472011593555
468,-0.0005286282368671489
469,-0.0017080528862660504
470,-0.0015758795709611495
471,-0.013481608707299225
472,-0.0038481524828032493
473,0.0
474,0.0030182366920328257
475,-0.01159115159330225
476,-5.416326562910018e-05
477,-5.4700734048574937e-05
478,-0.0007011766569470996
479,-0.0034310280014490033
480,-0.010489794772569502
481,-0.018522504813321752
482,-0.0025009326617766283
483,0.00015167111745467742
484,-0.001942700357264772
485,-0.012655520416089775
486,0.0024257035704474995
487,-0.004393037570483746
488,-0.007145040701424049
489,-0.0019442451535229
490,0.0011905061478925
491,-0.0066706075514250465
492,-0.011483198954091074
493,-0.01211429552506025
494,0.0
495,-0.00038667224042598924
496,-0.017690822001761426
497,-0.0024304429680298994
498,-0.016512461568711306
499,-0.009955136986218726
500,-0.007198729181767302
501,-0.016446014685469065
502,-0.014501863484921601
503,0.0003039468658700521
504,-0.004525684753866149
505,0.0
506,-0.0235681539587978
507,-0.0038014381432202567
508,-0.00516486404983299
509,-0.0010461493464749023
510,-0.001078649425210249
511,-0.006931448953427552
512,-0.0009547987957013023
513,-0.00787267142231675
514,-0.0249818986728078
515,-0.01756335789529865
516,-0.007330329534788424
517,-0.004522553791205199
518,0.00038499695243007434
519,-0.0037807131168498993
520,-0.0029937849431339713
521,-0.00654567238627435
522,-0.02593544711078294
523,-0.00717487848911157
524,-0.0032658263924506027
525,-0.013764700784870295
526,-0.002539832530798755
527,0.0
528,-0.012330723631455725
529,-0.0170637889747951
530,0.003340550070867601
531,-0.0019937665287772
532,-0.004025315721740552
533,-0.007680022186444896
534,-0.010625269248681422
535,-0.002809880738077499
536,-0.011656894869216223
537,0.0
538,-0.0066716574612371
539,-0.039409964887972014
540,-0.014477149391533026
541,-0.007741890500660948
542,-0.01030189190134022
543,-0.0019937665287772
544,-0.009166779262626042
545,-0.0005857214090503448
546,-0.003061621524760079
547,-0.004071344388609746
548,-0.008738110628866903
549,0.0012792986703350506
550,-0.006490797339108375
551,0.005242372630853531
552,-0.002454506522312945
553,-0.006072039028125972
554,-0.0008075416431394759
555,-0.0041640780055652825
556,-0.004810061556436849
557,-0.0066960715779718835
558,-0.0012872671857404728
559,-0.0016651093355975512
560,-0.013876250007322899
561,-0.0016961920751057
562,-0.01027852240600605
563,-0.003651304603131879
564,-0.0178682167079775
565,0.0
566,-0.016180436817529432
567,-0.004829092414943403
568,-0.004264785851704174
569,-0.003896218933232375
570,0.0
571,-0.00871723129524275
572,-0.009192128895665296
573,-0.0015146815200318513
574,-0.0021399310254042753
575,-0.007574356549481225
576,-0.01851573773450527
577,-0.00480045774077643
578,-0.0019095940692921993
579,-0.02162960212429247
580,-0.018108525817726054
581,-0.008356536413792175
582,-0.000976478502987526
583,0.0036091991524845784
584,-0.016446014685469065
585,-0.0028366386869109507
586,-0.010197692196315325
587,-0.003561286219066525
588,0.001677355673269404
589,-0.0077174501990646
590,-0.0040535981361139485
591,-0.012316329281234922
592,-0.0018464726064812004
593,-0.0009961731889795988
594,-0.005779793447622326
595,4.9250311831377375e-05
596,-0.0018043040297044
597,-0.002494755760299475
598,-0.00561471647546005
599,0.0002621657355942543
600,-0.011135642768547751
601,-0.01008947837503435
602,-0.00097212257676145
603,-0.008201958446263041
604,-0.0007580678995799768
605,0.0025223583481816508
606,-0.006785807633340178
607,-0.0029024216174493543
608,-0.0050456343811045214
609,-0.006378555023092975
610,-0.007202432582614552
611,-0.0022369502174775756
612,-0.00097212257676145
613,-0.0008075416431394759
614,-0.0019560494652406508
615,-0.00051413269523885
616,-0.0005325651157095986
617,-0.01926301917780925
618,-0.0013997090702960752
619,-0.0014384295805066252
620,-0.0005460843095006504
621,-0.01741730579028395
622,-0.005594395566235796
623,-0.010601320492402172
624,-0.0007591093117408996
625,-0.00010832653125820036
626,-0.0031939300547676013
627,-0.0035844181492386993
628,-0.0127351238465555
629,0.0037489458902142015
630,-0.00022301037162897634
631,0.0
632,0.003959626890909248
633,-0.0171396422769775
634,-0.007081176835778925
635,-0.01267091219104125
636,-0.010151265123573856
637,-0.012969402880617369
638,-3.86683719904384e-05
639,-0.0025158185803966495
640,-0.004974772257362949
641,-0.02614180426168358
642,0.0058662372699423
643,-0.0244092446243189
644,-0.016383279278124753
645,0.0
646,-0.012594130323240653
647,-0.008573071896073751
648,-0.014388743460697727
649,9.651507998839973e-05
650,-0.0017056558847988491
651,-0.004932009762583449
652,-0.008543669355768576
653,-0.0059133140147464005
654,0.003267032700932501
655,0.0
656,-0.01535990119042443
657,-0.001167232597623108
658,-0.020193148210921524
659,-0.0037937496987730055
660,-0.006662747811146848
661,-0.007465013890290376
662,-0.005359972769521798
663,-0.005418153668859025
664,0.0004422325090713752
665,-0.0038073192816262752
666,-0.01008947837503435
667,-0.0016961920751057
668,-0.01829349218953963
669,-0.0034520998621105463
670,-0.03340007512047407
671,-0.0002474000296815793
672,-0.006662747811146848
673,-0.0006470133913179994
674,-0.00042758649353462526
675,0.0
676,-0.0063157330349025475
677,-0.00027591537607994784
678,-0.0012954782331812409
679,-0.013022366076231301
680,-0.003988872712601151
681,-0.010116940365538825
682,-0.02219850445470832
683,0.0
684,-0.0225637763335233
685,-0.019010888179459826
686,-0.018292487291950266
687,-0.015722803807909653
688,0.0
689,-0.0021642861983741015
690,-0.0018464726064812004
691,-0.00231027547341865
692,-0.004869749106592775
693,-0.003610536732354658
694,-0.006959505182544549
695,-0.0010907338432465507
696,0.001229376974137271
697,-0.014978933212582975
698,-0.011856414978426417
699,-0.026044732152462603
700,0.0
701,-0.008435598214631586
702,-0.00346943211933228
703,-0.014070378398378977
704,-0.002758135681121799
705,-0.025578959198015692
706,-0.0008824397048476
707,-0.02492962723308612
708,-0.001086973121127103
709,-0.01778247946747883
710,-0.0078660419707721
711,-0.013062792769487446
712,-0.0019442451535229
713,-0.016912738286119746
714,-0.03290755113389622
715,0.0006310680308326761
716,-0.014331514497887998
717,-0.012757155330236546
718,-0.016265750393183905
719,-0.008251580462970375
720,-0.02437803647242081
721,-0.0019937665287772
722,-0.0012827594806038758
723,-0.0078724790072689
724,-0.02274154568319879
725,-0.020893135885289675
726,-0.0087567709102991
727,-0.004832237471662299
728,-0.013497081963296256
729,-0.011200851434997126
730,-0.03289202937093813
731,-0.0016233009535948032
732,-0.003160511363636375
733,-0.018308533536154158
734,-0.012105443389696671
735,-0.003384897069330872
736,-0.0014685505879137202
737,-0.011772382869980643
738,-0.003572211160505424
739,-0.002539652331515349
740,-0.010971440001071447
741,0.0032907124992968997
742,-0.010355724292679926
743,-0.0037937496987730055
744,-0.00765942353925835
745,-0.0022653813477777522
746,-0.001208989656039729
747,-0.003096655630680976
748,-0.009213323398508881
749,-0.007080073122149146
750,-0.0005246913580246992
751,0.0010382018610864251
752,-0.002176022230404223
753,-0.005295281536205149
754,-0.008779099358707056
755,-0.015057107353392652
756,-0.004290616764860446
757,-0.0027733009793211236
758,-0.03228203303146475
759,-0.011824841490032496
760,-0.031054361844577834
761,-0.006001136303047525
762,-0.0030501877321763076
763,-0.016778318009929773
764,-0.032402496293023005
765,-0.008736946219771976
766,-0.0018349840082779517
767,-0.0007092629138399521
768,-0.0016230807672727278
769,-0.007823836702477303
770,-0.004338867878252746
771,-0.028593268415269997
772,-0.0005325651157095986
773,-0.007817484146854726
774,-0.006882409029719046
775,-0.013627890097679724
776,-0.0110841215840327
777,-0.011646362368037101
778,-0.01097472011593555
779,-0.0015146815200318513
780,-0.0024380888980722547
781,-0.006280277232833351
782,-0.004913244322465748
783,-0.020464152541249423
784,-0.0001657763532764006
785,-0.0066960715779718835
786,-0.0029556726403993237
787,-0.001482007575757574
788,-0.016032072036439925
789,-0.0086766898861503
790,-0.005349713268876254
791,-0.02447477894070422
792,-0.01926406064180847
793,-0.003146707945141177
794,-0.03654757785089634
795,-0.013684729022504151
796,-0.0033649793288858462
797,-0.019531424985952915
798,-0.00042758649353462526
799,-0.010771000132221528
800,-0.010717895714391898
801,-0.004278092328950541
802,-0.00967430667978495
803,-0.014339699444821396
804,9.741402198724719e-05
805,0.00044369360359967523
806,-0.0018351273435157508
807,-0.006386846293228422
808,-0.028831251437779044
809,-0.005159144678583052
810,-0.013991041660004842
811,0.0
812,-0.0023508468240455013
813,-0.0023420040559332545
814,-0.0005696294079118522
815,-0.00462650018924938
816,-0.0023509902927613202
817,-0.019864106591528947
818,-0.007187506614685852
819,-0.01762379330898275
820,-0.001341609165299372
821,-0.018164687521835098
822,-0.0014499356965575723
823,-0.02595201430599245
824,-0.0027417090019125484
825,-0.005031913554777173
826,3.3405425943974776e-05
827,-0.0022733436822256013
828,-0.000753525892438124
829,-0.002951903428737832
830,-0.0012823180209808709
831,-0.004168690860853391
832,0.0
833,-0.0013779332852941252
834,-0.01273684989680098
835,-0.015853133434391285
836,-0.011352728268042499
837,-0.0035920837946929072
838,0.0
839,-0.0019560494652406508
840,-0.002814795029486653
841,-0.005095599845802618
842,-0.010264751305431957
843,0.0
844,-0.006628201837689149
845,-0.005526224908081894
846,-0.005439186916958648
847,-0.0023940406284769303
848,-0.0015146815200318513
849,-0.004880744262074974
850,0.0022848868318803006
851,-0.015828227104835103
852,-0.010585578550699097
853,-0.007934015468170501
854,-0.0126364195387879
855,-0.0018876934748000224
856,-0.02816028322433496
857,-0.02257022976550205
858,-0.002613524023448274
859,-0.004611819449285624
860,0.0
861,-0.008269164906857626
862,-0.02114019877197145
863,-0.001198043166215977
864,-0.009873494409057304
865,-0.0013647837334391736
866,0.0
867,0.0
868,-0.003002438275948373
869,-0.013988939197729625
870,-0.00022047708732497555
871,-0.003613592270045044
872,-0.0010950466900033996
873,-0.00218770725214685
874,-0.0011939201910272004
875,-0.004590701662913846
876,-0.0005393247126051245
877,-0.0025817664385350755
878,-0.006496741233505625
879,-0.008219447227020149
880,-0.01712962662040258
881,-0.014360102899606196
882,-0.008925215482204752
883,-0.0036154494846956254
884,0.00039113342342414915
885,-0.0010000184143567712
886,-0.00080937938566285
887,-0.0055052080911285484
888,-0.005779793447622326
889,-0.0035763445803624026
890,0.0001104946181395769
891,0.0
892,-0.001098692238432051
893,-0.002492398360382804
894,-0.019317897073961025
895,0.004569773663760601
896,0.0
897,-5.4700734048574937e-05
898,-0.002726501549058475
899,-0.002759378575745158
900,-0.011978803884549173
901,-0.0018776596647170204
902,0.0012758663045760498
903,-0.0008776412503602492
904,-0.003512606621559
905,-0.0094464979628294
906,0.0020240708153588752
907,-0.005445933117835756
908,-0.0010869126112606972
909,0.002996339526321075
910,-0.006250505190854921
911,-0.0104290644890373
912,-0.0030236126541820733
913,-0.0028528516015619504
914,-0.009489432425313873
915,-0.032056033796833375
916,-0.0025943477818477986
917,-0.008619391306711525
918,0.0
919,-0.01346409157517085
920,-0.009398698257076033
921,-0.022451693926471273
922,-0.001102793570060945
923,-5.416326562910018e-05
924,-0.001482007575757574
925,-0.0064145826482484
926,-0.002428571428571398
927,-0.0262255976771354
928,-0.0037484456731622503
929,-0.007574356549481225
930,-0.011143043833863175
931,-0.0018464726064812004
932,0.0005227826808672231
933,-0.017024805982720995
934,-0.0033445444463045503
935,-9.822798099824812e-05
936,-0.003958269887980591
937,-0.0022298185768436316
938,-0.007685974667018901
939,-0.0020432879040315002
940,-0.005733321512949224
941,-0.0034331503668147256
942,-0.026076336667953462
943,-0.0051902141620091685
944,0.00039227567758399855
945,-0.01406625447637128
946,-0.011265666177994196
947,-0.004659193487007399
948,-0.0115788534677602
949,-0.009621372606870853
950,-0.009489432425313873
951,-0.01926301917780925
952,-0.007823714139427902
953,-0.0019560494652406508
954,-0.01665388498173488
955,-0.008925377460235851
956,-0.003427317030744524
957,-0.008424377906175232
958,0.001022744010477398
959,0.0
960,0.0
961,0.0
962,0.00011606116371932693
963,-0.007667108521359875
964,-0.0017546791443850502
965,-0.008626304735019345
966,-0.001883281554892013
967,0.000460306000553501
968,-0.0024893714592352997
969,-0.00042758649353462526
970,-0.0092657998707421
971,-0.0129423299765963
972,-0.012417962070246574
973,-0.015806801329695447
974,-0.029468380761700365
975,-0.02023879055366984
976,-0.026872625647872322
977,-0.005046938165791425
978,-0.0005353878337626748
979,-0.004529621632708598
980,-0.00010940146809714987
981,-0.0009918210886840537
982,-0.007246464249019484
983,-0.0053544624126725116
984,-0.004945009491385623
985,-0.0007092629138399521
986,-0.0008551729870692505
987,0.0003571173596619748
988,-0.014052356532728525
989,-0.004168690860853391
990,-0.013991480244255
991,-0.006511338052967729
992,-0.001086973121127103
993,-0.006497046737200347
994,-0.017784987598451523
995,-0.008113743892740773
996,-0.0005867283813386988
997,-0.0019442451535229
998,-0.0026837613872769746
999,-0.013355794478922576
1000,-0.01884416221694875
1001,-0.0002623456790123496
1002,-0.0040336648950324745
1003,-0.007088746920708449
1004,-0.0018425218244813944
1005,-0.0015771700214766721
1006,-0.0003315527065528012
1007,0.0014712018964311534
1008,-0.006909634190144653
1009,-0.003798631107548949
1010,-0.01566474466979377
1011,-0.005159144678583052
1012,-0.0221792859279694
1013,-0.003613592270045044
1014,-0.001341609165299372
1015,-0.019283387748508296
1016,-0.012958278808876574
1017,-0.018978864850627747
1018,-0.0034589266735547512
1019,-0.001309113211304851
1020,-0.00010832653125820036
1021,-0.009708140864734425
1022,-0.002437411725175455
1023,-0.01619253325557608
1024,-0.0018036739022319944
1025,-0.004149592831426524
1026,-0.004609555579834959
1027,-0.02360420399692542
1028,-0.009397527187015975
1029,-0.001309113211304851
1030,-0.006327310438910699
1031,-0.0038178947192866993
1032,-0.011648920139553657
1033,-0.0056296453736667
1034,-9.825907595445611e-06
1035,-0.01079864164421197
1036,-0.0036297517203588746
1037,-0.025903543952274705
1038,-0.0019937665287772
1039,-0.03289202937093813
1040,-0.009234973026447747
1041,-0.040319701884538595
1042,-0.005322255705985249
1043,-0.005044970773648725
1044,-0.007873542051780896
1045,-0.0029275367865651014
1046,-5.416326562910018e-05
1047,-0.0024459089552135746
1048,-0.026249930548026934
1049,-0.0028366386869109507
1050,-0.011234365854489082
1051,-0.0037484456731622503
1052,-0.014482515945518096
1053,-0.0009795863990658751
1054,-0.012108129993561674
1055,-0.00427444265344315
1056,-0.0016197380480280988
1057,-0.0020697230490362047
1058,-0.0015145596146617282
1059,-0.01636132422945007
1060,-0.0116505069990974
1061,-0.016240686436780626
1062,-0.014976874623946977
1063,-0.03224813042239558
1064,-0.014282932575750137
1065,-0.002383323068542051
1066,-0.019068201125824198
1067,-0.022860918484462308
1068,-0.001443299196041753
1069,-0.003910579004328972
1070,-0.032305753824739596
1071,-0.014817885623531347
1072,-0.019043423411238977
1073,-0.010121870548131554
1074,-0.005555052747843726
1075,-0.0001657763532764006
1076,-0.011523150437494623
1077,-0.013595196585727625
1078,-0.0023420040559332545
1079,0.0005141131815529479
1080,-0.0037088210357931334
1081,-0.00022047708732497555
1082,-0.001482007575757574
1083,-0.0004383226626149023
1084,-0.002247237272104075
1085,-0.007178652077032401
1086,-0.013531554806462029
1087,-0.0035532589274755296
1088,-0.006256969650726649
1089,-0.0065029603072411
1090,-0.006913823822968102
1091,-0.0010239961986219957
1092,-0.004873051226898923
1093,-0.004682859172691151
1094,-0.000937140438896175
1095,-5.416326562910018e-05
1096,-0.006658062320088691
1097,-0.009876342956774347
1098,0.0
1099,0.0
1100,-0.0019442451535229
1101,-0.012709072029394447
1102,-0.01353598791285385
1103,-0.0033963020870312497
1104,-0.013131422598447046
1105,-0.013279233890292098
1106,-0.001758967847723674
1107,-0.00284437516671415
1108,-0.0005286282368671489
1109,-0.0005609760208814202
1110,-0.004208630696909674
1111,-0.0012821541293052728
1112,-0.01678925681446347
1113,0.0
1114,-0.009421820233816077
1115,-0.0014276049078913965
1116,-0.0025988017591753254
1117,0.00026139134043361156
1118,-0.00876393471098477
1119,-0.017574144318181224
1120,-0.0022679929577607053
1121,-0.0126489275376968
1122,0.0002048416112466001
1123,-0.011955180487802298
1124,-0.01096094391074961
1125,-0.007574356549481225
1126,-0.04153290686231882
1127,-0.007777631637135876
1128,-0.0024903294630235504
1129,-0.001454783315301726
1130,-0.0034988659059270993
1131,-0.004519320759870899
1132,4.9250311831377375e-05
1133,-0.01596273985570669
1134,-5.4700734048574937e-05
1135,-0.004863780009937481
1136,0.0015634222805260764
1137,-0.019484209129913513
1138,-0.022025640049652826
1139,0.0020433256988489504
1140,-0.02254402521157072
1141,-0.009145545626842106
1142,-0.005779830181153249
1143,-0.016446014685469065
1144,0.0
1145,-0.008792779566987735
1146,-0.002281876737068673
1147,-0.0035501875603247746
1148,-0.015030934306958187
1149,-0.020667111020827394
1150,-0.016835160619144328
1151,0.001028699178487651
1152,0.0010245984745625276
1153,0.0019018668614230751
1154,-0.004401958420454225
1155,-0.004646960165863074
1156,-0.0033339264982950494
1157,0.0
1158,-0.002559859925761201
1159,-0.01682495049972825
1160,-0.002301819148366224
1161,0.0013561183745652008
1162,-0.0147901598351557
1163,-0.006321825676279151
1164,-0.01724211956699935
1165,-0.02296842205906557
1166,-0.01800031573212357
1167,-0.0063011294657163465
1168,0.0
1169,-0.02309337369726005
1170,-0.006383673558608699
1171,-0.006089229645589446
1172,-0.02461412936790596
1173,-0.0037963897194832306
1174,0.002438366630177
1175,-0.015214040806239277
1176,-0.003529377533172553
1177,-0.0005286282368671489
1178,-0.011042047063538148
1179,-0.001341609165299372
1180,-0.026468729741671804
1181,0.0011281051523752994
1182,-0.008158233884977321
1183,-0.012711242401049878
1184,-0.02121233080504588
1185,-0.018978864850627747
1186,-0.012232179780268897
1187,-0.004544103838832776
1188,0.003346104557916175
1189,-0.006707750733503877
1190,-0.0025440721932838747
1191,-0.005271126113308326
1192,-0.0007065138258703267
1193,-0.0010000184143567712
1194,-0.02277829183029405
1195,-0.004771342793977824
1196,-0.010142213787205628
1197,-0.0018720762454142448
1198,-0.0147924574028786
1199,-0.019864106591528947
1200,0.0071138329365203505
1201,-0.007081987323812922
1202,-0.0010257718584814018
1203,-0.001758967847723674
1204,-0.014360990623388128
1205,-0.011865712127714673
1206,0.0
1207,-0.009828685670130325
1208,0.0006440915130281263
1209,-0.003995053277417102
1210,-0.0107608704371637
1211,-0.004716184919270859
1212,-0.023483287925638422
1213,-0.00038625344060137616
1214,-0.013167860196010125
1215,-0.004174266911828525
1216,-0.002801760246792003
1217,-0.0012954782331812409
1218,-0.02492962723308612
1219,0.0
1220,-0.00369892429790795
1221,-0.0027873606608293496
1222,-0.006932448774580777
1223,0.0
1224,-0.016245846229243875
1225,-0.0010356356410815499
1226,-0.013720934897519224
1227,-0.00834118846407973
1228,-0.0034876969319339256
1229,0.0018022554278599248
1230,0.0003965973922416277
1231,-0.018472021449742044
1232,-0.008821703377504476
1233,-0.01507165788328772
1234,-0.009007010174641845
1235,-0.00597303899203195
1236,0.0001999958199900998
1237,-0.001962881148284301
1238,-0.027090178062193278
1239,-0.0007092629138399521
1240,0.00586995881602005
1241,-0.0015204307001907991
1242,-0.0011811123859727492
1243,-0.010927935780249897
1244,-0.006599424202245676
1245,-0.019719800357518746
1246,-0.008494738202999851
1247,-0.013994488652992751
1248,0.0
1249,-0.005424199800400475
1250,-0.0016834516533359998
1251,-0.0012354225943525376
1252,-0.008269164906857626
1253,3.3405425943974776e-05
1254,-0.008094177982172199
1255,-0.009402826873017328
1256,0.0
1257,-0.001482007575757574
1258,-0.013014006850494076
1259,-0.008957065436086526
1260,-0.0017833455559044002
1261,-0.0023940406284769303
1262,-0.0007298557614651281
1263,-0.0021663143006708987
1264,-0.021105208172476464
1265,-0.016452118425673026
1266,-0.0019342182013408794
1267,-0.01004339505826847
1268,0.0
1269,-0.00882788434786079
1270,-0.00022047708732497555
1271,0.002335164835164799
1272,-0.0031187369556408967
1273,-0.012400156290714802
1274,-0.008691059643858374
1275,-0.007400445527220376
1276,-0.00042758649353462526
1277,-0.0011129382572673992
1278,0.0025297621709066496
1279,-0.03309594908409478
1280,0.00010242080562330004
1281,-0.0003315527065528012
1282,-0.001670939124916271
1283,-0.0028007580152889003
1284,-0.036065172898704964
1285,-0.0009740029797630995
1286,-0.006349669510637521
1287,9.850062366275475e-05
1288,0.00014390004408355167
1289,0.0003571173596619748
1290,-0.0020361493217306522
1291,-0.0009645744551664004
1292,-0.0066501435044257
1293,0.000432492602562725
1294,-0.004428778571433426
1295,-0.003758054025357874
1296,0.0031303263202507744
1297,-0.027841579150655674
1298,-0.02337846346004984
1299,0.00042823575299064803
1300,0.0009584872269102259
1301,-0.004700565391172147
1302,-0.0197114672835645
1303,-0.012382117630678875
1304,-0.004624927363730971
1305,-0.0054480357767373935
1306,-0.002912110048233223
1307,-0.0162630776337515
1308,-0.004048668864539497
1309,-0.016344691374555947
1310,-0.007385470854913634
1311,-0.00863470391879866
1312,-0.007484532558824384
1313,0.0
1314,-0.0033611541265130516
1315,-0.008415039195912204
1316,-0.023142181355998152
1317,-0.0011939201910272004
1318,0.0
1319,-0.006490364855076749
1320,-0.0012915280607199266
1321,-0.0013665951699588018
1322,-0.011974833223441523
1323,-0.003852236242005331
1324,0.0032020339858546756
1325,-0.0079844858528548
1326,-0.0053365598334527
1327,-0.014415846709492228
1328,-0.011445481890554525
1329,-0.02216329221405381
1330,0.0
1331,-0.010440493967027608
1332,-0.0002623456790123496
1333,-0.0008272653025006701
1334,-0.005056434051269003
1335,0.00015167111745467742
1336,-0.016578360566155626
1337,0.0
1338,-0.013301993474222874
1339,-0.009978082156830902
1340,4.9250311831377375e-05
1341,-0.01731683889143705
1342,-0.008847343660537174
1343,-0.00598655132709385
1344,-0.012816142548278226
1345,-0.0019937665287772
1346,-0.00031650894464144977
1347,-0.006079710679032697
1348,-0.007999133272541752
1349,-0.006689112277037602
1350,-0.0035755735952544
1351,-0.01301800801996705
1352,-0.039409964887972014
1353,-0.0039875330575544
1354,-0.0008551729870692505
1355,-0.0013837232723190986
1356,-0.0154509375048027
1357,-0.013367545558487352
1358,-0.02402037123495029
1359,-0.0219494402318711
1360,0.005267350752253174
1361,-0.00022047708732497555
1362,-0.04558595250929048
1363,-0.01915307438470919
1364,-0.009409948752356703
1365,0.0004921404408363
1366,0.004841319818136375
1367,0.0005335968948885494
1368,-0.027613424003036697
1369,-0.0158390021094734
1370,-0.019317897073961025
1371,-0.003984013286486649
1372,-0.016865678553671177
1373,-0.030400921802619635
1374,-0.014424248655123352
1375,-0.004955201435344416
1376,-0.008518352550809273
1377,0.0
1378,0.006222361750988325
1379,-0.033891398271114676
1380,-0.006471203073872571
1381,-0.003399028468824626
1382,-0.005912670571021176
1383,-0.0071166612148276295
1384,-0.0032415645912698267
1385,-0.006599424202245676
1386,-0.004572315556924295
1387,-0.007995558287427651
1388,-0.0021986073137388595
1389,-0.006359657803396874
1390,-0.005455249331644604
1391,-0.0140640406394666
1392,-0.00023556085617730017
1393,-0.0003237866256205488
1394,-0.0097573759529239
1395,0.0
1396,-0.007065610599306898
1397,0.005136733133420951
1398,0.00273030579796797
1399,-0.0026487035063289264
1400,-0.015576147348687
1401,0.0006942784526899008
1402,-0.016638900583137675
1403,-0.005246892230038881
1404,-5.4700734048574937e-05
1405,-0.0016406659178576522
1406,-0.03723272257460615
1407,-0.0013590732457145504
1408,-0.021168893918137276
1409,0.001296953654895701
1410,-0.011906267400896196
1411,0.002412427215240025
1412,-0.007526123194375768
1413,-0.0025355293563265723
1414,-0.02287295686943322
1415,-0.0210641984909699
1416,-0.015013613492482605
1417,-0.002908805827016449
1418,-0.015489810498992299
1419,-0.008574374963837996
1420,-0.0018114404271384497
1421,-0.0027249323154126
1422,-0.004175070900263774
1423,3.864645814558639e-05
1424,0.0
1425,-0.004493532879219412
1426,-0.000576754252455449
1427,-0.0062673994510638
1428,-0.004230716746254776
1429,-0.007672958898058706
1430,-0.006810874133918949
1431,-0.0008551729870692505
1432,-0.004731929235088153
1433,-0.0007092629138399521
1434,-0.0010461493464749023
1435,-0.0019937665287772
1436,0.0013269624665253497
1437,-0.0176397503563454
1438,-0.009655509977383202
1439,-0.019864106591528947
1440,-0.01502344631892457
1441,-0.007794127584053255
1442,-0.0012057857275808983
1443,-0.015333554652959727
1444,-0.022155310588777927
1445,0.0
1446,-0.014295390260093728
1447,-0.0047651891625350015
1448,-0.0039875330575544
1449,-0.0016742074217612497
1450,-0.00617647934721105
1451,-0.002570918135897101
1452,0.0
1453,-0.0098222103182736
1454,-0.004939413944433925
1455,-0.0018462342265846525
1456,-0.007400445527220376
1457,-0.003217890348845599
1458,-0.003971379034992874
1459,-0.005547865138471997
1460,-0.006941343190480348
1461,0.0020240708153588752
1462,-0.013750823093841204
1463,-0.007493574163945702
1464,0.00615318808054395
1465,-0.030400921802619635
1466,0.0
1467,-0.01339160490314113
1468,-0.001524207266248927
1469,-0.0023023405346864
1470,0.0021853876149708976
1471,-0.00051413269523885
1472,0.0001104946181395769
1473,0.0061747991551166755
1474,0.0009508132677977506
1475,-0.010073998254720455
1476,-0.012472519938862451
1477,0.0022220537075803752
1478,0.0005093931080773495
1479,-0.011359757972582185
1480,-0.012720312259149727
1481,-0.004461568082590599
1482,-0.019233375346298414
1483,0.0005945082574867499
1484,-0.0088970622528528
1485,-0.006169425673079475
1486,-0.00010832653125820036
1487,-0.0010056708103512763
1488,-0.010374674166215073
1489,-0.001031764015911727
1490,-0.004153982529650999
1491,-0.020314032742898003
1492,-0.005882010970655975
1493,-0.019087883091706403
1494,-0.002896968931253699
1495,-0.02793398206830674
1496,-0.010352289979916877
1497,-0.007929844987790232
1498,-0.023889688299458273
1499,-0.00377018059387077
1500,-0.0003315527065528012
1501,0.0
1502,-0.03331881741654762
1503,-0.0050127124649743
1504,-0.0030158165870606216
1505,-0.006398746229186699
1506,-0.0037413871883948155
1507,-0.0204168500764679
1508,-0.001109757019009048
1509,-0.005778405844869525
1510,-0.014068515422706204
1511,0.0006788097462902981
1512,-0.016841318880296226
1513,-0.0032319111056432507
1514,-0.01145177771235805
1515,-0.01865517062172438
1516,-0.005751496761323726
1517,-0.0073887878935808
1518,-0.0017977043574549413
1519,-0.0015393431269618957
1520,-0.008618377675955548
1521,-0.001208989656039729
1522,-0.024068880348128242
1523,-0.012494703711111832
1524,-0.00434580011705068
1525,-0.007601802454430102
1526,-0.017639934876496267
1527,-0.015488810677839073
1528,-0.009753192870340602
1529,0.0021852337477337516
1530,0.0
1531,-0.00533841400940805
1532,9.850062366275475e-05
1533,-0.0005393247126051245
1534,0.0
1535,-0.01150574079093732
1536,-0.005475287545237854
1537,-0.0006402537944224735
1538,-0.005989167330168953
1539,-0.017559416843040535
1540,-0.04210108595567897
1541,0.0003571173596619748
1542,-0.01806322408641035
1543,-0.008695970879635199
1544,-0.005895279508866156
1545,-0.0019937665287772
1546,-0.0005353878337626748
1547,0.0
1548,4.9250311831377375e-05
1549,-0.0005981872946121264
1550,-0.005001011810198221
1551,-0.01406425483406483
1552,-0.038639797172025155
1553,-0.042371666590351666
1554,0.0008279451406644511
1555,-0.02814610671406923
1556,-0.011519728081347873
1557,-0.0044784564539437025
1558,-0.0032662419141424007
1559,-0.011206940937665125
1560,-0.01097472011593555
1561,-0.015016132605008501
1562,0.0
1563,-0.008301693979875955
1564,-0.018740126939138173
1565,-0.0023940406284769303
1566,0.004890698294440027
1567,-0.006187427688697657
1568,-0.0210641984909699
1569,-0.0003204458234838995
1570,4.9250311831377375e-05
1571,-0.022935403442696935
1572,-0.0005246913580246992
1573,0.0
1574,0.0003386916458244999
1575,0.0
1576,-0.012439219533668973
1577,-0.0046173842801141
1578,-0.0010950466900033996
1579,-0.007557099873150773
1580,-0.012422004951003596
1581,-0.0071041458752924905
1582,-0.00191263263803685
1583,-0.0019442451535229
1584,-0.005079215489921401
1585,0.00029803603871124927
1586,-0.0028984608911007508
1587,-0.009497458972250374
1588,0.0
1589,-0.0024893714592352997
1590,-0.026196448734774756
1591,4.9250311831377375e-05
1592,-0.0024696990840515124
1593,-0.010265370637739846
1594,-0.023956627439879363
1595,-0.0035413465060511254
1596,0.002903313565445074
1597,-0.018702909019612704
1598,-0.019320356198232448
1599,-0.008957338777377697
1600,-0.021047441918220514
1601,-0.009864019525166898
1602,-0.015362693905986213
1603,-0.0034220988700748296
1604,-0.001085726769075326
1605,-0.014780035421171499
1606,-0.0019006358721103006
1607,0.0
1608,-0.0058321647639108
1609,-0.00961413969772575
1610,-0.002153234962734199
1611,-0.0007479424731353483
1612,0.0
1613,-0.0057655533784768224
1614,0.003622329539406931
1615,0.006901543139190729
1616,0.0
1617,-0.01747245296940235
1618,-0.024146938368209928
1619,-0.01227019834911679
1620,-0.003310477899293677
1621,-0.03208242971489517
1622,-0.0128949551999754
1623,-0.020357210872522156
1624,0.0
1625,0.0
1626,-0.0025365659625892732
1627,-0.001208989656039729
1628,-0.03298877183922154
1629,-0.01261634305858175
1630,0.0
1631,-0.008724102426301124
1632,-0.027506843182376763
1633,-0.006739527744571979
1634,-0.0054830009715990235
1635,-0.02955805776678789
1636,-0.003639829146240775
1637,-0.00284437516671415
1638,-0.002933151003366126
1639,0.001404754285449701
1640,-0.008651258681545808
1641,-0.00448355273593505
1642,-0.00046488238340747267
1643,-0.002597752236512052
1644,-0.01028141624872135
1645,-0.004627934322650801
1646,-0.00296588910553865
1647,0.006255804972896
1648,-0.021619506763414547
1649,-0.0053544624126725116
1650,-0.003613592270045044
1651,-0.0002623456790123496
1652,-0.007767199033919049
1653,-0.004461568082590599
1654,-0.00097212257676145
1655,-0.018393189173443104
1656,0.0011119843547722748
1657,-0.00530659606310332
1658,-0.014465065413695695
1659,-0.009038793667338623
1660,0.00045305007248799996
1661,-0.0047008262280173255
1662,-0.01954335934895003
1663,-0.007533798695494899
1664,0.0004894894875552246
1665,-0.0020692094361808248
1666,-0.0006470133913179994
1667,-0.015225410365720905
1668,-0.0019074322775139508
1669,0.0005072889894668503
1670,9.477168064962521e-05
1671,-0.015016132605008501
1672,-0.006627546289039506
1673,-0.002693274233236052
1674,-0.006075282965157266
1675,-0.014956390403318642
1676,-0.004262675459663825
1677,-0.028972917191013556
1678,0.0019247431699790487
1679,-0.0019429041436179253
1680,-0.012848214223660826
1681,-0.0012726532272302245
1682,-0.013750835896692275
1683,-0.008139657545845247
1684,-0.0026309621308846236
1685,-0.009458212347854912
1686,-0.010814409087795976
1687,-0.0027249323154126
1688,-0.001198043166215977
1689,-0.015132707578196973
1690,0.0020538059364508775
1691,-0.001322533977304403
1692,-0.0018741742810089706
1693,-0.02655104240744412
1694,-0.011166405622174483
1695,-0.0038212158317634257
1696,-0.010481514041859024
1697,-0.0008681423827588512
1698,-0.0005325651157095986
1699,-0.0024893714592352997
1700,-0.018925086014211154
1701,-0.0030893205235310497
1702,9.850062366275475e-05
1703,-0.012712242222203102
1704,-0.004935373655814947
1705,-0.004770275875106254
1706,-0.007079299623139301
1707,-0.003960976867214376
1708,-0.0015531111661018261
1709,-0.008868713498957275
1710,0.004619928962036301
1711,-0.001658102352167175
1712,-0.010725192701441946
1713,-0.011364062174051167
1714,-0.017542613328901877
1715,-0.01080140671094202
1716,-0.007063293235327674
1717,-0.00508116386660855
1718,-0.007082435514010505
1719,-0.003058493679236697
1720,-0.0018464726064812004
1721,-0.01086476312553392
1722,-0.009325489581904482
1723,0.0
1724,0.0
1725,-0.0010257718584814018
1726,-0.00788313323616212
1727,-0.004401958420454225
1728,-0.007456146082422176
1729,-0.0032555156766320634
1730,-0.050977774722301514
1731,-0.012628128232586924
1732,-0.02593544711078294
1733,-0.0171850827437545
1734,-0.002766138172640684
1735,-0.026577542472547993
1736,-8.162367640517868e-05
1737,-0.006714384912734025
1738,-0.013022366076231301
1739,-0.07243895135577258
1740,-0.003853218964728301
1741,-0.004090782971559225
1742,-0.007013248212179701
1743,-0.0056821170839201724
1744,-0.0037772727666729503
1745,-0.0017632565510622977
1746,-0.018405473624264902
1747,0.0
1748,-0.0019372645455297231
1749,-0.019227550608791492
1750,-0.0033944431845917764
1751,-0.0071166612148276295
1752,-0.003426252729280474
1753,-0.008077719547706
1754,-0.0041170283939443745
1755,-0.006429897556287553
1756,0.0
1757,-5.416326562910018e-05
1758,-0.015416406704708232
1759,-0.0007092629138399521
1760,-0.019246772700757964
1761,-0.012608029314155356
1762,-0.0071241155602703755
1763,-0.0024893714592352997
1764,-0.0021799227519816063
1765,-0.0053544624126725116
1766,-0.009047931561632874
1767,0.005520883835991399
1768,-0.01122350190994935
1769,-0.008256007584084981
1770,-0.002972937607030872
1771,-0.010160710421312202
1772,-0.0018088424100141504
1773,-0.005196431158475425
1774,-0.002522989300344155
1775,-0.002228757190815299
1776,-0.005196431158475425
1777,-0.006694985944598425
1778,-0.005310690146591402
1779,-0.010823653484453879
1780,-0.006931448953427552
1781,0.0
1782,-0.0008681423827588512
1783,0.0020348837209302
1784,-0.0008692810098301761
1785,-0.0009417191887734753
1786,-0.0182271921143908
1787,-0.001309113211304851
1788,4.634521029915151e-05
1789,0.0
1790,0.00238118817502085
1791,-0.0007491053241921244
1792,-0.004154656778979511
1793,-0.007839863210800161
1794,-0.0005286282368671489
1795,-0.00097212257676145
1796,-0.020688050808322714
1797,-0.0036947486018568763
1798,0.0003039468658700521
1799,-0.004260605661363043
1800,-0.005839066734276158
1801,-0.010063728008716525
1802,-0.004967684909217801
1803,0.0005531821201427757
1804,0.0
1805,-0.007454597189314927
1806,-0.03950670735625542
1807,-0.010542487886905358
1808,-0.006047171724065726
1809,-0.008360911766171
1810,-0.0028023972157724
1811,0.0001827391549698693
1812,-0.005764249946903747
1813,-0.0031562149975188237
1814,-0.00996840056771523
1815,-0.0037394799791372006
1816,-0.0043351640847351745
1817,-0.001341609165299372
1818,-0.0023940406284769303
1819,-0.005945569800898726
1820,-0.024519927872662273
1821,0.0005575590928048246
1822,-0.008768276740508426
1823,0.00017701554692882513
1824,-0.00908109436226862
1825,-0.007423305860805873
1826,-0.02090035859669666
1827,-0.03298877183922154
1828,-0.0090337402398842
1829,-0.008354103346630726
1830,-0.00751567622071035
1831,-0.031054361844577834
1832,-0.007908789783312362
1833,-0.01837682848890381
1834,-0.00436246657754015
1835,-0.009984433165596798
1836,-0.017311265676394898
1837,0.0027912279546860267
1838,0.0
1839,-0.02299543689357239
1840,-0.016086039732148474
1841,0.0007981743532375005
1842,-0.0016416229426461995
1843,0.005858926276726114
1844,-0.005916104483064224
1845,-0.00516670343614687
1846,0.0009508132677977506
1847,-0.0129386306966146
1848,-0.0029903944999978022
1849,4.9250311831377375e-05
1850,-0.015297901547503876
1851,-0.004354431554663575
1852,0.0
1853,-0.009489432425313873
1854,-0.004552766718025735
1855,-0.0037413871883948155
1856,-0.014486394008372594
1857,-0.0017092813281967233
1858,-0.01031511731061705
1859,-0.007567765869007576
1860,-0.007053234115484329
1861,-0.0037213729438644247
1862,-0.011256710972657458
1863,-0.00022491652686125008
1864,-0.0029462174284829506
1865,0.0
1866,-0.0324644564602194
1867,-0.0030219365749448984
1868,-0.04417178913436486
1869,0.00043827849442430126
1870,-0.002761222964869226
1871,-0.00478759958039943
1872,-0.00010832653125820036
1873,-0.004708814397423648
1874,-0.018978864850627747
1875,-0.01296848664471275
1876,-0.008195064452783474
1877,-0.015220979791540424
1878,-0.011978387119218977
1879,-0.0035319290362018003
1880,-0.0078694421010132
1881,-0.003915225208335825
1882,-0.015060790460206652
1883,-0.011683983029775502
1884,-0.00939338571766737
1885,-0.015132511106000696
1886,-0.0031426911200427726
1887,-0.029468380761700365
1888,0.01873110831237745
1889,0.00452144994391595
1890,-0.02215458722960599
1891,0.00015167111745467742
1892,0.0
1893,-0.012737976666997847
1894,-0.0023239879762302
1895,-0.0176378796837423
1896,-0.006708884736405748
1897,-0.01097472011593555
1898,-0.004131288546303499
1899,-0.005174364972584923
1900,-0.007316857088652456
1901,-0.02237842357591135
1902,-0.0059998273250140306
1903,-0.0037814223664614007
1904,-0.002176022230404223
1905,0.007618472687703276
1906,0.0
1907,-0.01927732689235665
1908,-0.0008681423827588512
1909,0.00015167111745467742
1910,-0.014114524315433875
1911,0.0
1912,0.0019433113183113006
1913,-0.012709072029394447
1914,-0.010009148722166749
1915,-0.012307077994942562
1916,-0.004665393689639523
1917,-0.013421989567264975
1918,-0.00989014614822675
1919,0.006378034441627279
1920,-0.0019442451535229
1921,0.0
1922,-0.01884416221694875
1923,-0.003962911494289553
1924,-0.0033472110344820736
1925,-0.005796380222771175
1926,0.0
1927,-0.004053364822753879
1928,0.0015220226621759257
1929,-0.0018284703235361029
1930,-0.004130994401881499
1931,-0.0022301854960333233
1932,-0.005602678819861128
1933,-0.002172908334851106
1934,-0.01148521259070433
1935,-0.01262129471527265
1936,-0.007574356549481225
1937,-0.0027515744697648253
1938,-0.001086973121127103
1939,-0.0013997090702960752
1940,-0.008789625222031121
1941,-0.002919282206174649
1942,4.111719215299991e-05
1943,-0.01980771671032633
1944,-0.009438689046246352
1945,-0.0001657763532764006
1946,-0.029316313695062924
1947,0.0027979941192874244
1948,-0.0015758795709611495
1949,-0.012891436116471453
1950,-0.009218811512865549
1951,-0.02632533299947741
1952,0.0039184912956211765
1953,-0.005542228471148821
1954,-0.0038933109702484012
1955,6.681085188794955e-05
1956,-0.0011561672912733497
1957,-0.007029396783682998
1958,-0.010421031081587151
1959,-0.00605999902522875
1960,-0.0176542779991514
1961,-0.013077066810279876
1962,-0.0033578263841421326
1963,0.0
1964,-0.005325943795464575
1965,0.0005335968948885494
1966,-0.01284548266278955
1967,-0.027517477269688024
1968,-0.027072300832575672
1969,-0.013500142247723609
1970,0.0
1971,-0.003561286219066525
1972,-0.007594648501446498
1973,-0.0136233406645014
1974,-0.007038528200303925
1975,-0.0007092629138399521
1976,-0.015220979791540424
1977,-0.03289202937093813
1978,0.0001104946181395769
1979,-0.005383107548033601
1980,-0.0035763445803624026
1981,-0.0020146225113625753
1982,-0.014265611761274555
1983,-0.00875280024919145
1984,3.3405425943974776e-05
1985,-0.013751482203427224
1986,-0.0017200650498967983
1987,-0.0014378865379481988
1988,-0.006444929407641651
1989,0.0015094310730057493
1990,-0.023997086192166853
1991,-0.00600014269044297
1992,-0.017957046197318076
1993,0.0
1994,-5.416326562910018e-05
1995,-0.019273145560989004
1996,-0.009370755919268078
1997,-0.0026463299985226996
1998,-0.0014583333333333462
1999,-0.00415724320795915
2000,-0.0277799377145249
2001,-0.019071086167491123
2002,-0.0005793920920732741
2003,-0.0105999511481956
2004,-0.013199848225644578
2005,-0.026885449808301102
2006,-0.00586002083273823
2007,0.0
2008,-0.011882893646349774
2009,-0.008153183006850799
2010,-0.00021267625660664887
2011,-0.0010000184143567712
2012,-0.008962678889628116
2013,-0.006574016220267874
2014,-0.001962515548477853
2015,-0.0004475836858378957
2016,-0.00042758649353462526
2017,-0.00369892429790795
2018,0.0019433113183113006
2019,-0.010883153004370597
2020,-0.0013837232723190986
2021,-0.0014405844086344244
2022,-0.008175303773206827
2023,-0.007404595195172574
2024,-0.0028561579221060233
2025,-0.010552856662442125
2026,-0.022341881427744993
2027,-0.0019937665287772
2028,-0.020749348332430147
2029,-0.0016416229426461995
2030,0.0
2031,-0.005016453049389472
2032,0.0
2033,-0.0249018926813308
2034,-0.0109265929380712
2035,-0.00419237384251606
2036,-0.006337310005839475
2037,-0.0034429969743275755
2038,-0.008852980278623829
2039,-0.04179517320839727
2040,-0.00689101766794658
2041,-0.016712484521812503
2042,-0.0005310206750017699
2043,-0.0020432879040315002
2044,-0.000805481863443651
2045,-0.003562002484426195
2046,-0.0007092629138399521
2047,0.0007152524116204504
2048,0.00038906201527945253
2049,0.0017231028375926769
2050,0.0
2051,-0.0078694421010132
2052,-0.021060975941739876
2053,-0.0003794128800013504
2054,-0.0219494402318711
2055,0.0023386132851366754
2056,-0.00424456822574395
2057,-0.021448374174412102
2058,-0.0012398989743531768
2059,-0.006718632171983374
2060,-0.010912915277843825
2061,0.0
2062,-0.016047498095757923
2063,-0.011683787377519924
2064,-0.019712467104717725
2065,-0.02182434921816377
2066,-0.0007000004793543493
2067,-0.00042758649353462526
2068,-0.010191735162459928
2069,0.0
2070,0.0
2071,-0.019621790278476978
2072,0.0010039852448127506
2073,-0.012165058212395071
2074,-0.027736911008861866
2075,8.418438078777431e-05
2076,-0.0014073975147433264
2077,0.0
2078,-0.0018311604968802714
2079,-0.004789894037575851
2080,0.0
2081,-0.0024459089552135746
2082,-0.030874958434045745
2083,-0.0003742566631296518
2084,-0.0006964493637195692
2085,-0.0023662772611991807
2086,-0.017193957158604414
2087,-0.007752425534248308
2088,-0.00125074671445635
2089,-0.013109149908337276
2090,-0.007951934097673021
2091,-0.023997086192166853
2092,-0.0067841543285437796
2093,0.0
2094,-0.002626193807273485
2095,-0.01619253325557608
2096,-0.013108928121791827
2097,-0.009489432425313873
2098,-0.006932448774580777
2099,0.0
2100,-0.016466178774740967
2101,0.0
2102,0.0001104946181395769
2103,-0.0005393247126051245
2104,-0.012371215503045301
2105,-0.00368314567762925
2106,0.0023386132851366754
2107,-0.0006430312742985471
2108,0.0
2109,-0.005194222884543671
2110,-0.006513291372821772
2111,-0.00010940146809714987
2112,-0.0014265993965562008
2113,-0.014966611229754201
2114,-0.00022105808841322433
2115,0.0018768438356859506
2116,0.0
2117,-0.012914506697013828
2118,-0.013660021436691299
2119,-0.0100202655046948
2120,-0.0036265225303316346
2121,-0.0006554857775978003
2122,-0.009164920334194441
2123,-5.4700734048574937e-05
2124,-0.009764672585376125
2125,-0.00042758649353462526
2126,-0.0005286282368671489
2127,-0.0025583661665883606
2128,0.0002209892362791538
2129,-0.001086973121127103
2130,-0.004937830103597999
2131,-0.0005286282368671489
2132,-0.016307668238840722
2133,-0.00015454334085695035
2134,-0.0041206999009668
2135,-0.0059156726637432
2136,-0.0009669112061397498
2137,-0.0097188096142569
2138,-0.01619253325557608
2139,-0.0006102467122823003
2140,0.0012502059160054008
2141,-0.0022561122077895497
2142,-0.001454783315301726
2143,-0.015674570452804196
2144,-0.0069569576184972
2145,0.0
2146,-0.002067243861340676
2147,0.0009624431805653495
2148,0.00298654668966925
2149,-0.009583823341071178
2150,-0.00042758649353462526
2151,-0.011106373985161996
2152,0.0029004149249107244
2153,-0.0048191877299735494
2154,-0.016021658281726976
2155,-0.004651304852763025
2156,-0.0021446728953256246
2157,-0.003878573160123775
2158,-0.02296395020250295
2159,0.0004981081560068087
2160,-0.013596731273283624
2161,-0.006246117799710155
2162,0.00042823575299064803
2163,0.001677355673269404
2164,-0.0026323007774107753
2165,-0.0013052277438948745
2166,-0.002450956504281325
2167,-0.0065816339616510166
2168,-0.009337866065727052
2169,-0.0004895513315808994
2170,-0.03162060910102978
2171,-0.02763749691694622
2172,-0.006423473008122543
2173,-0.00214163743575505
2174,0.0005093931080773495
2175,-0.014760558538622199
2176,-0.004627376779039983
2177,-0.01636132422945007
2178,-0.0009484531174048737
2179,-0.004320235644641976
2180,-0.0003795546558704498
2181,0.0
2182,-0.004318150865577346
2183,-0.015270887449386802
2184,-0.006077337055588149
2185,0.0005227826808672231
2186,0.00017701554692882513
2187,-0.018694985493081892
2188,0.0
2189,-0.00712445177064005
2190,-0.008624168614336476
2191,0.0005093931080773495
2192,-0.0016620547493084248
2193,0.0
2194,-0.015904015073562275
2195,-0.005966960957927181
2196,-0.0014974624616708532
2197,-0.009518601703004125
2198,-0.009164920334194441
2199,-0.0029710013675481994
2200,-0.022695978888923343
2201,0.0027153399396715244
2202,-0.016760492146873376
2203,-0.00460142723275145
2204,-0.0113952910040317
2205,-5.4700734048574937e-05
2206,-0.001208989656039729
2207,-0.00765690388879765
2208,-0.013124971193134449
2209,-0.0029556726403993237
2210,-0.01050943557391745
2211,-0.0037892812064671253
2212,-0.003572297142567524
2213,-0.0036602312359316253
2214,-0.0030774919383873968
2215,-0.006864857030934631
2216,-0.001648473229584097
2217,-0.012709072029394447
2218,-0.005547865138471997
2219,-0.011202089674894352
2220,-0.005932310828213218
2221,-0.0180350785412056
2222,-0.00013762028324064987
2223,-0.026016231950452218
2224,-0.012535254438363428
2225,-0.01837881890090727
2226,-0.0053544624126725116
2227,0.0019018668614230751
2228,-0.0034815393239397497
2229,-0.001394497699674375
2230,-0.01296688000567455
2231,0.00013190604960672953
2232,-0.019864106591528947
2233,-0.018598243024798483
2234,-0.010127268336660302
2235,-0.0054675163234921
2236,-0.013201533575971109
2237,-0.012498269300386677
2238,-0.0016501863677271765
2239,-0.015796859154899114
2240,-0.00431204375139126
2241,0.003094718164118575
2242,-0.005424826473674399
2243,-0.0035017295372812493
2244,-0.01173279089203885
2245,-0.0007011641870390754
2246,-0.0025758979853179207
2247,-0.0265373802094745
2248,0.002235823382000136
2249,-0.010727896979491251
2250,-0.001309113211304851
2251,-0.009690974402869767
2252,-0.0033940590428337015
2253,-0.01986883238295102
2254,-0.00012338073482179974
2255,-0.0025097653254050507
2256,-0.0065438487717604495
2257,-0.0008075416431394759
2258,-0.023610955489772784
2259,-0.0018637592463725495
2260,-0.010804811968811757
2261,-0.00031650894464144977
2262,-0.017976476620645176
2263,-5.416326562910018e-05
2264,-0.0017771277903415247
2265,-0.023331380373368696
2266,-0.0036664929005587052
2267,-0.013049802980547472
2268,-0.01811644136599465
2269,-0.0036297517203588746
2270,-0.004406352952762125
2271,-0.006485900655143333
2272,-0.013180501145467299
2273,-0.0032815148094586764
2274,-0.0068599575927978055
2275,-0.001520833823591923
2276,-0.020624996913807668
2277,6.681085188794955e-05
2278,-0.008441681139499628
2279,-0.0037692249155645355
2280,-0.007198592566936699
2281,-0.0030230605623334755
2282,-0.006599424202245676
2283,0.00015167111745467742
2284,-0.017931893084165127
2285,-0.010374674166215073
2286,-0.0007092629138399521
2287,-0.01919884542344235
2288,-0.0013456913263490268
2289,-0.0023774932814829702
2290,-0.0039211675584140925
2291,-0.00097212257676145
2292,-0.019955814671965305
2293,-0.007047336187965025
2294,-0.010429374900263648
2295,0.0015389237579718491
2296,-0.015765898300143476
2297,-0.006237009165205924
2298,-0.021680353510503573
2299,-0.007650228054555879
2300,-0.012881311121160435
2301,-0.0039279847301180795
2302,-0.0018619684283821007
2303,-0.0023940406284769303
2304,-0.011574567136007297
2305,-0.009313031383413918
2306,-0.0012915280607199266
2307,-0.007802322745665903
2308,0.0
2309,-0.001341609165299372
2310,0.0023344447417354497
2311,-0.017157697845114048
2312,-0.0007092629138399521
2313,-0.005473485063808924
2314,-0.0030311952174734737
2315,-0.00692534510301115
2316,-0.005702631239146603
2317,-0.00997180757206081
2318,-0.017442187874448664
2319,-0.0012975887437985507
2320,-0.018059888174601475
2321,0.0004933234836882747
2322,0.0019433113183113006
2323,-0.010294585517486243
2324,-0.002396086332431954
2325,0.0
2326,-0.002650722376604223
2327,-0.009785967995542526
2328,-0.002301819148366224
2329,-0.007880807611845328
2330,0.0018655114826425503
2331,0.0018673506255787048
2332,-0.0152692258729362
2333,0.0
2334,-0.015906729878519
2335,-0.026134409157550123
2336,0.0002104209728727999
2337,-0.0041421010303192745
2338,-0.0032332675154297993
2339,-0.006599424202245676
2340,-0.00988223573114538
2341,0.0
2342,-0.0011383177298624637
2343,-0.03140405752247634
2344,-0.009589546747769885
2345,-0.007998426331307467
2346,0.0
2347,-0.01159115159330225
2348,-0.013738704037696281
2349,-0.05697645916009331
2350,-0.003090561090993001
2351,-0.00909961264514632
2352,-0.0051529686544537
2353,-0.00038625344060137616
2354,-0.0168929173889805
2355,-0.0032591353660990988
2356,-0.002028056484578246
2357,-0.0014670945970626497
2358,-0.005160302067626175
2359,-0.0137966059120826
2360,-0.0010616314475438513
2361,-0.001482007575757574
2362,-0.007711099916928551
2363,0.0
2364,-0.0033649793288858462
2365,-0.01395490711715057
2366,-0.002753921838249824
2367,-0.003366206240744598
2368,-0.017829737957788163
2369,0.0008101674321499748
2370,-0.00585313796180178
2371,-0.009109863562918373
2372,-0.016831885205597703
2373,-0.0012988653113427998
2374,-0.02236159866402315
2375,-0.018514952508000965
2376,-0.0018876934748000224
2377,-0.0005867283813386988
2378,-0.011570535236731258
2379,-0.003625510068275524
2380,-0.010037133864605249
2381,-0.0003315527065528012
2382,-0.0069885210681296
2383,-0.026517022306497814
2384,-0.0019930549421727953
2385,-0.02090035859669666
2386,-0.000860730881747449
2387,-0.006783355582783541
2388,-0.02682068885168414
2389,-0.0028023972157724
2390,-0.02062342409890398
2391,-0.011621733507253549
2392,-0.0101623277332171
2393,-0.0023508858564861516
2394,-0.015817771459279574
2395,-0.00664471513678295
2396,-0.016155181737329445
2397,-5.416326562910018e-05
2398,-0.0008203329589288261
2399,-0.004894185102302799
2400,-0.01031179469999765
2401,0.0003571173596619748
2402,-0.0219494402318711
2403,-0.020464152541249423
2404,0.0
2405,-0.00871723129524275
2406,-0.001312875711592651
2407,-0.0147649045681017
2408,-0.029469608591826055
2409,-0.0013891359304126528
2410,-0.004030616255998147
2411,0.0
2412,-0.007646384568211929
2413,-0.0025192641930064487
2414,-0.002814099487706026
2415,-0.001341609165299372
2416,-0.004074242242725798
2417,0.0006192480560002003
2418,-0.009587350579144756
2419,-0.011022274425569563
2420,-0.02289853173673665
2421,0.00017352619141840046
2422,-0.009817237370884222
2423,0.0001104946181395769
2424,0.0
2425,-0.023397040242446376
2426,-0.01139171265994328
2427,-0.016881220373987798
2428,-0.022730506940965726
2429,-0.004571328099288624
2430,-0.0018264878698881493
2431,-0.008427452415843653
2432,-0.006349023127468979
2433,-0.005515674915873301
2434,0.001367521694821325
2435,-0.011538525564372126
2436,-0.004989152539135126
2437,0.0
2438,-0.00043644240850779746
2439,0.0
2440,-0.003929328520167399
2441,0.00012194355607899471
2442,-0.0002562128413519521
2443,-0.00508116386660855
2444,-0.012775903549456727
2445,-0.0024893714592352997
2446,-0.015722803807909653
2447,-0.008055104026285126
2448,-0.0019442451535229
2449,-0.020791510673885905
2450,-0.0033934755990732753
2451,-0.001022116447290498
2452,-0.00010832653125820036
2453,-0.010335679144603229
2454,-0.008977545608066802
2455,0.005112982606231827
2456,-0.02324679581492447
2457,-0.018632008749676923
2458,-0.012667723908993825
2459,-0.0026993861199379222
2460,-0.008911233719795925
2461,-0.053882356084751296
2462,-0.012154049819948
2463,-0.016977035360470835
2464,-0.004241987531974603
2465,-0.003406435526656271
2466,0.0
2467,-0.017637467927082397
2468,4.9250311831377375e-05
2469,-0.019143020265920345
2470,-0.003752734376500874
2471,-0.010013173629191999
2472,-0.010163884840038774
2473,-0.015631437000562756
2474,-0.017448027546328366
2475,-0.023222867419648546
2476,-0.009600866487292876
2477,-0.026785078234220567
2478,-0.010766215096067202
2479,-0.013312415659128421
2480,-0.011820548321411651
2481,-0.011993772644484325
2482,-0.006670835183604402
2483,-0.0007591093117408996
2484,-0.012392529099016648
2485,-0.0019372645455297231
2486,-0.012260995941437501
2487,-0.0022369502174775756
2488,-0.006473307430392816
2489,-0.021227632902031196
2490,-0.009378937807174297
2491,0.00025469655403867475
2492,0.0013561183745652008
2493,-0.004447738304532321
2494,-0.005992403001460124
2495,-0.007545187515994448
2496,-0.007308143684172425
2497,-0.008664822171569555
2498,0.0031101824692700668
2499,0.0004343371347113505
2500,-0.028776801334310168
2501,-0.018852431797768566
2502,-0.023085435988320482
2503,0.0
2504,-0.010202081133243897
2505,-0.003451617770280575
2506,-0.0026928364836239496
2507,-0.0129488573954935
2508,-0.0019096020595218781
2509,-0.009132944512546625
2510,0.00042823575299064803
2511,-0.007326329478403009
2512,-0.022633442374166722
2513,-0.0037503785457979745
2514,-0.01916472159127016
2515,-0.020536466368266275
2516,-0.021829122233502668
2517,0.002412427215240025
2518,-0.015392890790290346
2519,-0.0006419003348827994
2520,-0.011649263650003324
2521,-0.01919214932130582
2522,-0.013334738502567368
2523,-0.0013997090702960752
2524,-0.01612763260995162
2525,-0.0013381369500733362
2526,-0.00022047708732497555
2527,-0.0017770271990442009
2528,-0.001198043166215977
2529,-0.010135269639039123
2530,-0.009507905361566853
2531,-0.034934785060252965
2532,-0.003331985250940403
2533,0.00042823575299064803
2534,0.0009508132677977506
2535,0.0020240708153588752
2536,-0.011407163813152675
2537,0.0027563728869048195
2538,-0.00215268937212865
2539,-0.003812019571674821
2540,-0.015583633873149602
2541,-0.0005246913580246992
2542,-0.0025908811277523492
2543,-0.019458462681291103
2544,-0.012442541258769174
2545,-0.007113936321045599
2546,-0.06352703032100339
2547,0.013506308588517027
2548,-0.03325839452469713
2549,-0.0015090798670936486
2550,0.002408745063208575
2551,-0.004932009762583449
2552,0.0030319854201415006
2553,0.0
2554,0.000984468563993775
2555,-0.009052231057491145
2556,-0.008456160873456003
2557,-0.02097675335702445
2558,-0.0094324326526583
2559,-0.00789356574900205
2560,-0.015184917473323123
2561,-0.00301541048079295
2562,-0.0011730907690892505
2563,-0.019879473272417094
2564,-0.0002662825578547993
2565,0.0010039852448127506
2566,-0.018439781214246265
2567,0.0020011339340395007
2568,0.0
2569,-0.0033057337570564756
2570,-0.0025528070519070974
2571,-0.002695187303477316
2572,-0.004916646274486505
2573,-0.016832885026750927
2574,0.0
2575,0.0
2576,-0.002384854334169624
2577,-0.015230152299611801
2578,-0.02492962723308612
2579,-0.0045778858056304255
2580,-0.0131163575516906
2581,-0.009772665042929004
2582,-0.007454354841388374
2583,-0.0421595134295116
2584,-0.00097212257676145
2585,-0.01340703295929365
2586,-0.006325601986920223
2587,-0.01750748004685235
2588,-0.008368963948213088
2589,-0.002978922790816199
2590,-0.017448027546328366
2591,0.0031047915845008305
2592,-0.005194937870635831
2593,-0.0033322891662893057
2594,-0.021105208172476464
2595,-0.01660042443372705
2596,-0.017934084296115777
2597,-0.012058478410368948
2598,-0.007931467367784323
2599,4.9250311831377375e-05
2600,-0.021911752551824697
2601,-0.0001661951531010137
2602,-0.01587955306495807
2603,-0.005046938165791425
2604,-0.014332223642419002
2605,0.0
2606,-0.007938567412897656
2607,-0.0020479297944063003
2608,-0.0015654854235724758
2609,-0.0029456646009084174
2610,-0.008231178953110325
2611,-0.00028972412180640035
2612,-0.00570937854494653
2613,-0.001462788806278076
2614,-0.00022047708732497555
2615,-0.025583067275044318
2616,-0.0104087406769546
2617,-0.011688039739052733
2618,-0.015102190840008651
2619,-0.005993948693675796
2620,-0.005191758602716997
2621,-0.01457037641465217
2622,0.0013647890414159496
2623,-0.0007092629138399521
2624,-0.0022176951510829743
2625,-0.005114093953911122
2626,0.0
2627,0.0
2628,0.0009290241253554756
2629,-0.00042758649353462526
2630,0.0003039468658700521
2631,-0.00097212257676145
2632,-0.008171979378147825
2633,-0.0007092629138399521
2634,0.0
2635,-0.02682068885168414
2636,-0.0012204955016817468
2637,-0.00023556085617730017
2638,-0.005463023576655554
2639,-0.020641530928829983
2640,-0.004910480301503746
2641,0.0
2642,-0.01448549134714322
2643,0.001191698394796049
2644,-0.0219494402318711
2645,-0.0004895513315808994
2646,-0.011728246008373674
2647,-0.0019020779261890385
2648,-0.01996853247221811
2649,-0.007956599647854676
2650,-0.0023025122130191796
2651,-5.4700734048574937e-05
2652,-0.008869834782662466
2653,0.002296773013113875
2654,-0.0006470133913179994
2655,-0.007168009630758077
2656,-0.0078724790072689
2657,-0.012533812217013551
2658,-0.0021728254017070233
2659,-0.023997086192166853
2660,-0.0031555858177860514
2661,-0.017031767330857997
2662,-0.03572940243397736
2663,-0.0012954782331812409
2664,-0.013053044215243647
2665,-0.0053544624126725116
2666,-0.01826588902509325
2667,-0.003214947154363975
2668,-0.005152486849908424
2669,-0.001208989656039729
2670,-0.0024893714592352997
2671,-0.014415846709492228
2672,-0.013103024695358918
2673,-0.026134409157550123
2674,-0.010833631629116297
2675,-0.0037476372587513743
2676,-0.003428900400373129
2677,0.0
2678,-0.012115036392250958
2679,-0.004711502554471224
2680,-0.00508116386660855
2681,-0.016205617489478696
2682,-0.011538525564372126
2683,-0.00525048677649815
2684,-0.002707059699240126
2685,-0.010095899261929202
2686,-0.006671150281787655
2687,-0.017307122940795852
2688,-0.00023556085617730017
2689,-0.01652557498009415
2690,0.0
2691,-0.0005981872946121264
2692,-0.005895132366147648
2693,-0.0032550968768074503
2694,0.0017077504621340004
2695,-0.0152692258729362
2696,-0.0020311428176154733
2697,-0.022973799932031868
2698,-0.007451531249720443
2699,-0.003685568689196857
2700,-0.021349394282150623
2701,-0.013683268177985161
2702,-0.014868838682712502
2703,-0.016546390133116325
2704,-0.03386801411434222
2705,4.9250311831377375e-05
2706,3.3405425943974776e-05
2707,-0.0019894211186991554
2708,-0.003031037512027575
2709,-0.015259316293708877
2710,-0.0018097480523391494
2711,-0.006731407582088948
2712,-0.0038933109702484012
2713,-0.0007092629138399521
2714,-0.0011939201910272004
2715,-0.01578976848847975
2716,-0.0023010536392371744
2717,-0.01777756685755892
2718,-0.005101100327717056
2719,-0.007187439169171547
2720,0.0
2721,-0.0020672767077936733
2722,-0.008148447258428428
2723,-0.003366206240744598
2724,-0.023796092059922426
2725,-0.0022009826804266245
2726,-0.005007473561128375
2727,0.0
2728,-0.015269887628233576
2729,-0.008889386475593397
2730,0.006635374548050637
2731,-0.012956813595538703
2732,-0.01896761958212487
2733,-0.024811467458392165
2734,-0.012433053449268896
2735,-0.004107376791790929
2736,-0.004259603656431626
2737,-0.00824337338378633
2738,-0.007401445348373601
2739,-0.0068599575927978055
2740,-0.006872179230575173
2741,-0.0003272054203794254
2742,-0.01317332742967441
2743,-0.006803933707037349
2744,-0.02242951570939166
2745,-0.020721858194512423
2746,-0.0013049099800854502
2747,-0.0005393247126051245
2748,-5.4700734048574937e-05
2749,0.0
2750,-0.010063728008716525
2751,-0.010423679213372547
2752,-0.0099407056970902
2753,-0.004211360484791255
2754,-0.0019342182013408794
2755,-0.01893054634925919
2756,-0.009739324471956402
2757,-0.007574356549481225
2758,-0.020647407052650953
2759,-0.01724211956699935
2760,-0.005448779515465876
2761,-0.004698064489860849
2762,0.0014666129927047777
2763,-0.004505512950441201
2764,0.0
2765,-0.005642709323634326
2766,-0.005890057620081572
2767,-0.0024031128333700737
2768,-0.00617621055661195
2769,-0.008114105722277528
2770,-0.006581150714249578
2771,-0.0022369502174775756
2772,-0.0043877425043748804
2773,-0.0008776412503602492
2774,-0.01719105693708469
2775,-0.004082955823953874
2776,-0.010889141495609949
2777,-0.0006402537944224735
2778,-0.012255083818722525
2779,-0.011200851434997126
2780,-0.021605159364052117
2781,-0.0057461666081345016
2782,-0.0145727192914088
2783,-0.005460218921573318
2784,-0.006599424202245676
2785,-0.022258979753786195
2786,-0.019415070906074985
2787,-0.009122997959463149
2788,-0.020107670858017873
2789,-0.00925474858782795
2790,-0.001387740097417503
2791,-0.0032461816767772756
2792,-0.003524662398641803
2793,-0.004393037570483746
2794,-0.0071338057017905025
2795,0.0005531821201427757
2796,-0.0008530109391934981
2797,0.0
2798,-0.01600180896532488
2799,-0.0024893714592352997
2800,-0.0028528516015619504
2801,-0.01097472011593555
2802,-0.02196322235368433
2803,-0.008148447258428428
2804,-0.008693890499023901
2805,-0.0029354550144390992
2806,-0.0034005907903698735
2807,-0.0020127010197471496
2808,0.0
2809,-0.004555034325695501
2810,-0.02683392219228573
2811,-0.0008203329589288261
2812,-0.007655139548481303
2813,0.0001104946181395769
2814,-0.0029556726403993237
2815,-0.0170024565744563
2816,-0.00424405060362035
2817,-0.008609146982038372
2818,-0.02202670393258983
2819,-0.0008750392671163527
2820,-0.003664935554239276
2821,-0.0022268134600355594
2822,-0.002745251667526524
2823,-0.00016987492115197412
2824,-0.0002791303587080995
2825,-0.005243293297485124
2826,0.005583691010753282
2827,-0.02842565080010225
2828,0.0
2829,-0.0040875318978597745
2830,-0.024329581283365643
2831,-0.014729117870383203
2832,-0.016339913083297006
2833,-0.0007790474167408516
2834,-0.002561267796918301
2835,-0.0027249323154126
2836,0.0
2837,-0.008869460515369972
2838,-0.0023997274846528464
2839,-0.0105009735529963
2840,0.0
2841,-0.00880770898920255
2842,-0.004659193487007399
2843,0.00239233973839305
2844,-0.005633224852992898
2845,-0.015095894602622223
2846,-0.0036548986112533034
2847,-0.00512211393307145
2848,-0.004343787258652369
2849,-0.007132805880637277
2850,0.0
2851,-0.026455794520218106
2852,-0.003938944421851772
2853,-0.002546224947637591
2854,-0.01207532444535205
2855,-0.022167490877621054
2856,-0.02955805776678789
2857,-0.011733889865569577
2858,-0.0126489275376968
2859,-8.660728712550593e-05
2860,-0.00125074671445635
2861,-0.0033904594762148004
2862,-0.016754513563557876
2863,-0.016021658281726976
2864,0.0
2865,-0.018548163629837227
2866,-0.009136693848982875
2867,-0.007889046037643356
2868,-0.012958929931406848
2869,-0.026364053246028328
2870,-0.0023135063204025967
2871,-0.00010940146809714987
2872,-0.003538273636949925
2873,-0.012880408881840095
2874,0.0035330804226153013
2875,-0.0014583333333333462
2876,-0.0019937665287772
2877,-0.027630713235340068
2878,-0.00508308705230825
2879,-0.018694985493081892
2880,-0.0023085986299892797
2881,0.00044369360359967523
2882,-0.00599617202933532
2883,-0.015835623548993226
2884,-0.0024064171122994997
2885,9.668304643784681e-05
2886,-0.009489432425313873
2887,-0.01617954615409505
2888,-0.02088874965046109
2889,-0.004393037570483746
2890,-0.00332488137970835
2891,-0.02121038399583101
2892,-0.002670087133235898
2893,-0.03582614490226077
2894,-0.010156688797313795
2895,-0.00037302024057002175
2896,-0.015208432203268852
2897,-0.00694538941919585
2898,-0.016599981445098576
2899,-0.024774722372009533
2900,-0.0017366997048394762
2901,-0.008697102158645902
2902,-0.023444339542464443
2903,-9.303423701265048e-05
2904,-0.005861588158397466
2905,0.0007792050136984988
2906,-0.00038625344060137616
2907,-0.0235681539587978
2908,-0.00860797457890523
2909,-0.015749309003764093
2910,-0.001482007575757574
2911,-0.013746972859593556
2912,-0.005122535593836602
2913,-0.04874046557675207
2914,-0.017741140625355895
2915,0.0
2916,-0.0006402537944224735
2917,-0.011975248010258701
2918,2.3598039405851737e-05
2919,0.000867281535810626
2920,-0.017182160761887288
2921,0.0038114885776693256
2922,-5.416326562910018e-05
2923,-0.01872491710947735
2924,-0.014812659095610949
2925,-0.026517022306497814
2926,-0.0007045585955323015
2927,-0.00223682317267645
2928,-0.01453117251132953
2929,-0.0036504426915029515
2930,-0.0004895513315808994
2931,-0.012020486902905077
2932,-0.0007632898454704743
2933,-0.01150574079093732
2934,-0.005383107548033601
2935,-5.4700734048574937e-05
2936,0.0
2937,0.010250552377701406
2938,-0.015170257283237775
2939,-0.02758437196867529
2940,-0.017415403646715046
2941,-0.009638508652667677
2942,-0.0176397503563454
2943,0.0009516256171487247
2944,-0.007941033367545048
2945,-0.006419970866890855
2946,-0.010305622240914823
2947,-0.004344808570811976
2948,-0.016446014685469065
2949,0.0
2950,-0.018694985493081892
2951,-0.009370755919268078
2952,-0.004168690860853391
2953,-0.0023907514582533
2954,-0.004141661935667327
2955,-0.0015056818181818019
2956,-0.0005190472969105998
2957,-0.010561200673786426
2958,-0.0004895513315808994
2959,-0.018978864850627747
2960,-0.0001630272653067753
2961,0.0
2962,-0.013559066117730504
2963,-0.0019317529312830003
2964,-0.006717448545195423
2965,-0.0073079773266441096
2966,-0.003477120563779531
2967,-0.00097212257676145
2968,-0.008693890499023901
2969,-0.004307668514988424
2970,-0.011440320000792963
2971,-0.009034575227311117
2972,-0.0009466589978080753
2973,-0.012827728283446933
2974,-0.011758568880828728
2975,-0.0049857414860123295
2976,-0.001309113211304851
2977,0.0001104946181395769
2978,-0.008456547305784457
2979,-0.0007914323345996016
2980,-0.0028713578041423904
2981,-0.00709079869198675
2982,-0.020052906817421414
2983,-0.011624088511261597
2984,-0.005183587438823406
2985,-0.018366741079333778
2986,-0.08326533067630096
2987,-0.005146887379733329
2988,-0.024905259722581077
2989,-0.00731732574937448
2990,-0.02612049221451575
2991,0.0
2992,-0.01679388225574725
2993,-0.004168690860853391
2994,-0.008181254613288797
2995,-0.002940441653036351
2996,-0.010841460325099325
2997,0.00042823575299064803
2998,-0.005217813139640531
2999,-0.0053544624126725116
3000,-0.022713414136532866
3001,-0.004655948168717054
3002,-0.025903543952274705
3003,-0.00305378030080811
3004,-0.012769179091488126
3005,0.0
3006,-0.001482007575757574
3007,0.0
3008,-0.030143501635900863
3009,-0.0005325651157095986
3010,-0.005007176752131876
3011,-0.007656974625691692
3012,-0.0074785330840814275
3013,-0.0025293804088305
3014,-0.0035622326863093763
3015,-0.008090167247273726
3016,0.0006256122128627502
3017,0.0001104946181395769
3018,-0.0029104056954671834
3019,-0.0003315527065528012
3020,-0.0066606721841456
3021,0.0
3022,-0.017594985343653845
3023,-0.0036302136970063252
3024,-0.015342133734337075
3025,-0.00828991742711161
3026,-0.004716184919270859
3027,-0.0015071040071408983
3028,-0.005810313803499591
3029,-0.0022268134600355594
3030,-0.014861756885675597
3031,-0.006130052928799426
3032,-0.03348679527166559
3033,0.0016875023516014043
3034,-0.00042758649353462526
3035,-0.027066950198469393
3036,-0.026089679633902227
3037,-0.003572626374475547
3038,-0.006759467009784556
3039,-0.02447477894070422
3040,0.0022601992914492754
3041,-0.00790436889607525
3042,-0.013855736637015625
3043,-0.02519656838337467
3044,-0.002301819148366224
3045,-0.009429135707319198
3046,0.0
3047,-0.0006545566056524255
3048,-0.01550776687435895
3049,-0.0049179361773929
3050,-0.015761615223690656
3051,-0.009489432425313873
3052,-0.009489432425313873
3053,-0.01389109086891238
3054,-0.014074996921652275
3055,-0.0029354550144390992
3056,-0.0031994348476516985
3057,-0.0012623640933691208
3058,-0.0018884304919149753
3059,-0.0039987042881248795
3060,-0.021458727150443366
3061,-0.005086550163814943
3062,-0.0219494402318711
3063,4.9250311831377375e-05
3064,0.0
3065,-0.0024893714592352997
3066,-0.009517385788913202
3067,-0.011279549824324674
3068,-0.0025006096892621495
3069,0.0
3070,-0.0020697230490362047
3071,-0.005932310828213218
3072,-0.0029391176870874336
3073,-0.0001657763532764006
3074,-0.018327888668013805
3075,0.0003039468658700521
3076,-0.00031342517210815237
3077,-0.0021660427677886503
3078,-0.0017156919551785544
3079,-0.0030445157726971773
3080,0.0
3081,-0.011978803884549173
3082,-0.015198443488629747
3083,-0.0026688919187002258
3084,-0.007956819722846651
3085,-0.0006429010546947964
3086,0.00025469655403867475
3087,-0.003366206240744598
3088,-0.005895279508866156
3089,-0.0055881186761182495
3090,-0.0032550968768074503
3091,-0.009144817788777375
3092,-0.01793041644376546
3093,0.0
3094,-0.0023025122130191796
3095,-0.008956080652710802
3096,-0.003007837748154325
3097,-0.0014862552720003
3098,-0.027152829849521498
3099,-0.003802255751755174
3100,-0.003241331070247477
3101,-0.010435626279281062
3102,-0.0016961920751057
3103,-0.015980294791039573
3104,-0.0022539176014665253
3105,-0.010572275552313042
3106,-0.018780996312065475
3107,-0.0044336166127582
3108,-0.018598243024798483
3109,-0.0040009933958414495
3110,-0.006799454682783246
3111,-0.00043558969136107354
3112,-0.00346943211933228
3113,-0.0010640160706298237
3114,0.00044369360359967523
3115,-0.002730613403192499
3116,0.0
3117,0.00043128644385099927
3118,-0.009562445894071476
3119,-0.0009171378251155247
3120,-0.0194956110139913
3121,-0.0133355576834655
3122,-0.0003298785554221254
3123,-0.002614800075637022
3124,-5.416326562910018e-05
3125,0.001799811978164876
3126,-0.013429336699520227
3127,-0.0019937665287772
3128,-0.009518601703004125
3129,-0.022798550404428797
3130,-0.007079299623139301
3131,0.0005448317528509274
3132,-0.001612001460180501
3133,-0.0134601209140632
3134,-0.011368106367643249
3135,-0.005133335377870254
3136,-0.0015726521470663503
3137,-0.009063958223788669
3138,0.0006447581075841504
3139,0.0
3140,-0.005285307139272256
3141,-0.0018135602823103752
3142,0.0017013888888888495
3143,-0.0001661951531010137
3144,-0.022857613762285324
3145,0.0
3146,-0.0029720221264600975
3147,-0.014966611229754201
3148,-0.0027478688179152747
3149,-0.00042758649353462526
3150,-5.416326562910018e-05
3151,-0.00023556085617730017
3152,-0.0027917149349496987
3153,-0.0007576477646192743
3154,0.0013647890414159496
3155,-0.01442232465118034
3156,0.0
3157,-0.007094554807013527
3158,-0.021236476865408
3159,-0.013150742346339773
3160,-0.008925701910504123
3161,-0.0017312318885023496
3162,-0.013863897728008329
3163,-0.04166746905333486
3164,0.0002104209728727999
3165,-0.03573576607927842
3166,-0.0065948505137095
3167,-0.01800031573212357
3168,-0.0017535443067948952
3169,-0.0007591093117408996
3170,-0.010188913766015776
3171,-0.0048298918006376
3172,-0.012610840151827504
3173,-0.020639230646604792
3174,0.0041095498003067
3175,-0.012560379080264049
3176,-0.0028580424036294214
3177,-0.0027333829365079236
3178,0.0
3179,-0.005845255499860748
3180,0.0
3181,-0.028184417918395765
3182,-0.0019352202399133033
3183,-0.04713876362286838
3184,0.0
3185,-0.01148521259070433
3186,-0.00931017907274295
3187,-0.0032027561848169293
3188,-0.002502280275361153
3189,-0.003654459516601356
3190,-0.017514839820895734
3191,0.0022848868318803006
3192,-0.020428214547543386
3193,-0.005827205420712203
3194,-0.003943252948603249
3195,-5.4700734048574937e-05
3196,-0.01949131533854212
3197,-0.015513179507987949
3198,-0.0021053467246513456
3199,-0.002334988882702049
3200,-0.014702838558171647
3201,-0.01346409157517085
3202,-0.004243231721757155
3203,-0.012095879391287617
3204,-0.0248914330973602
3205,-0.02879874436821573
3206,0.0
3207,-0.003597901059152274
3208,-0.0015254728975800016
3209,-0.0026551478125117003
3210,0.0020348837209302
3211,-0.02670682256598573
3212,-0.014129046859436455
3213,0.004193694080700521
3214,-0.0021986073137388595
3215,0.0
3216,-0.01097472011593555
3217,-0.0007479424731353483
3218,-0.007554945054945042
3219,-0.016513900031351527
3220,-0.011108190976304774
3221,-0.0018071769506518554
3222,0.0010517492624109292
3223,-0.007936106869033174
3224,-0.014459393688365275
3225,-0.010760690240981197
3226,0.0019093004947079765
3227,-5.4700734048574937e-05
3228,-0.01757514413933445
3229,-0.007311240162146295
3230,-0.00040206949988907817
3231,-0.004932979939304251
3232,-0.008504349668541376
3233,-0.001198043166215977
3234,-0.002164046229141678
3235,-0.0023750459504420533
3236,-0.023683792145329997
3237,-0.0016020183713830005
3238,-0.00023556085617730017
3239,-0.007944835851033998
3240,-0.023997086192166853
3241,0.00197369161316255
3242,-0.005788624971002576
3243,-0.001109419882453921
3244,-0.013778281801641153
3245,-0.0031067208457264996
3246,-5.4700734048574937e-05
3247,-0.0017632565510622977
3248,-0.014092573041539415
3249,-0.0063011294657163465
3250,-0.011994434433074151
3251,-0.017953125668079127
3252,-0.02259618713089498
3253,-0.010889141495609949
3254,-0.005390720060386569
3255,-0.0006470133913179994
3256,-0.005651811390076478
3257,-0.0197114672835645
3258,-0.005196431158475425
3259,-0.0019342182013408794
3260,-0.00666603067879195
3261,-0.001260680080821024
3262,-0.0013066622158786688
3263,-0.0010950466900033996
3264,0.004875913400551647
3265,-0.007132805880637277
3266,-0.00031650894464144977
3267,0.0
3268,-0.0003315527065528012
3269,-0.008677250584230169
3270,-0.004168690860853391
3271,0.0
3272,-0.0002623456790123496
3273,-0.006189935716401981
3274,-0.015511737535466601
3275,-0.005963034019284606
3276,0.0
3277,-0.01097472011593555
3278,-0.009139707836162088
3279,-0.007942033188698273
3280,-0.011495620531078849
3281,0.0020433256988489504
3282,0.00025057399329965
3283,-0.0018179572851108727
3284,-0.004168690860853391
3285,-0.015163896773190298
3286,-0.001387740097417503
3287,-0.00887625357730696
3288,-0.0062673994510638
3289,-0.003156304462678051
3290,9.850062366275475e-05
3291,-0.00744462659967609
3292,-0.008395008073903575
3293,-0.032442280633761436
3294,-0.013227525767777023
3295,-0.004742567374937678
3296,-0.02237001111996725
3297,-0.0032121935958552015
3298,-0.0022789504863625
3299,0.0003941841142845004
3300,-0.005306005334986632
3301,-0.003477120563779531
3302,-0.026244971337333105
3303,-0.011030031052780472
3304,-0.0111036711363005
3305,-0.011947982625428788
3306,-0.00191263263803685
3307,-0.006599424202245676
3308,-0.018033326941051975
3309,0.0012377650132534522
3310,-0.008018422074554655
3311,0.0
3312,-0.0012915280607199266
3313,-0.054949177556622646
3314,-0.0002662825578547993
3315,-0.009181496502465376
3316,-0.0078694421010132
3317,-0.0017632565510622977
3318,0.0
3319,0.0005776972659125249
3320,-0.006386804099260946
3321,-0.004260485947961053
3322,-0.0009586071685363951
3323,-0.009866903967866651
3324,-0.030258107864443846
3325,-0.00031650894464144977
3326,0.0017197901145115518
3327,-0.001482007575757574
3328,-0.0024026361036018004
3329,0.0
3330,-0.010409817175784196
3331,-0.0023677950361412274
3332,-0.0020461677608316735
3333,-0.023045438887714743
3334,-0.0023940406284769303
3335,0.0
3336,-0.003450750647059901
3337,-0.0016501863677271765
3338,-0.003949815994017851
3339,-0.005871955838877699
3340,4.379988961417981e-05
3341,-0.0008203329589288261
3342,-0.001482007575757574
3343,0.0
3344,-0.003561286219066525
3345,0.0
3346,-0.015596890741774548
3347,0.005090701513398854
3348,-0.001387740097417503
3349,-0.008769884717353656
3350,-0.013903998446089352
3351,-0.0097788899097353
3352,-0.0014958849462706966
3353,-0.0029678331162473494
3354,-0.001454783315301726
3355,-0.01817251409423253
3356,-0.012893520076819629
3357,0.003908857998605027
3358,0.0
3359,0.0
3360,-0.008660530435836469
3361,-0.001829581602452495
3362,-0.0017170864017909994
3363,-0.020120265742777657
3364,-0.0019342182013408794
3365,-0.0016313284417315
3366,-0.013813936001957312
3367,-0.020300312646976185
3368,-0.001454783315301726
3369,0.0008267295467372753
3370,0.0
3371,-0.0029354550144390992
3372,-0.0200444918558996
3373,0.00027165246313454964
3374,-5.4700734048574937e-05
3375,-0.0022268134600355594
3376,0.0
3377,-0.0024459089552135746
3378,-0.0094011808014367
3379,-0.0028528516015619504
3380,-0.015771873524123157
3381,-0.013733229904036179
3382,-0.0146328522239869
3383,-0.02543214362934587
3384,0.0005531821201427757
3385,-0.016241173074222466
3386,-0.0036859393227782
3387,-0.006355230124795051
3388,0.0002475233024392988
3389,-0.00972187785343439
3390,-0.009551798408886992
3391,-0.0038379389796753985
3392,0.004961254789019226
3393,-0.0029354550144390992
3394,0.00021411787649532402
3395,-0.0009709313320812743
3396,-0.002459736370496079
3397,-0.0005981872946121264
3398,-0.008131672842220557
3399,0.0
3400,-0.012730949232535267
3401,-0.004153630908545899
3402,-0.005576872966802599
3403,-0.0030316210749538985
3404,-0.014958627641232576
3405,-0.0018772914289984025
3406,-0.001831190464673301
3407,-0.0031765139017067463
3408,-0.019053880403073445
3409,0.0048449419073270245
3410,-0.005083368804413801
3411,-0.0010461493464749023
3412,-0.009598232958976542
3413,-0.0039380116823001
3414,-0.013869201905493901
3415,-0.01998977112758128
3416,-0.0145434074003175
3417,-0.019462255317388526
3418,-0.00688248704852976
3419,-0.006198771644863299
3420,-5.4700734048574937e-05
3421,0.00033981170344807516
3422,-0.01917289313036872
3423,0.00043229223280287455
3424,-0.0019799783511579502
3425,-0.014113201427855326
3426,-0.010984619485781826
3427,-0.011728330614827349
3428,-0.007449822181776866
3429,-0.007340849162344531
3430,-0.007192721130042623
3431,-0.03289202937093813
3432,-0.00617647934721105
3433,-0.011870550315554004
3434,-0.01076938793310295
3435,-0.017871640149592624
3436,-0.00396992019943808
3437,-0.00735613095177567
3438,-0.012499150753291223
3439,0.0020240708153588752
3440,-0.01340008757566832
3441,-0.0029354550144390992
3442,0.0
3443,-0.021756496526945352
3444,-0.00037302024057002175
3445,-0.011734233113388727
3446,-0.006227806855877009
3447,-0.0005310206750017699
3448,-0.013778281801641153
3449,-0.00010940146809714987
3450,0.0
3451,-0.02443025086757475
3452,-0.004417462590196673
3453,-0.006780128284419075
3454,-0.004665120108480924
3455,-0.012909404035452616
3456,-0.005557837423567944
3457,-0.003874257005269224
3458,-0.01456404615445175
3459,-0.004558813923760147
3460,-0.013618684034570505
3461,-0.0035360956380651987
3462,-0.0021042676658283768
3463,-0.010395068293775199
3464,-0.004950827082481299
3465,-0.0023025122130191796
3466,-0.007384747774956666
3467,-0.003786409190703476
3468,0.0
3469,-0.03408156117239305
3470,-0.042710143725803174
3471,-0.00191263263803685
3472,-0.0008442358244162744
3473,-0.0013877381027788491
3474,-0.011996139700225603
3475,0.00187976083031245
3476,3.3405425943974776e-05
3477,0.002432514692087
3478,-0.00944907142773975
3479,-0.009865461746516774
3480,-0.010002927978052623
3481,-0.010360057468585624
3482,-0.0010000184143567712
3483,-0.009071070247320226
3484,0.00017701554692882513
3485,-0.001565904223397089
3486,-0.0017771277903415247
3487,-0.0024893714592352997
3488,-0.020441914329092477
3489,-0.016882577709142477
3490,-0.00012709105724892106
3491,-0.03608690048337915
3492,-0.009946020937447899
3493,-0.017703415789073175
3494,-0.018140232081194002
3495,-0.0009272644395526726
3496,-0.002705877885452625
3497,-0.00613015396550485
3498,-0.003253358364827751
3499,-0.00463950522678968
3500,-0.0001661951531010137
3501,-0.001716218014937525
3502,6.681085188794955e-05
3503,-0.00893784772543145
3504,-0.0038270099634270215
3505,-0.00463950522678968
3506,-0.00764218018975539
3507,-0.0052627638887554505
3508,-0.008266463942254478
3509,-0.0020432879040315002
3510,-0.0009709313320812743
3511,-0.006936218714135427
3512,-0.016446014685469065
3513,-0.005779793447622326
3514,-0.014536006335002075
3515,-0.006694985944598425
3516,-0.004463763677513135
3517,0.0
3518,-0.004144494276820326
3519,0.008474090898976126
3520,-0.003686235485338278
3521,-0.0127034960561236
3522,-0.012787851712096558
3523,-0.015455838032823624
3524,-0.0024854007981276495
3525,0.0
3526,-0.011864458537164226
3527,-0.0083882165573763
3528,-0.0022955400048141755
3529,0.0
3530,-0.006187427688697657
3531,-0.00097212257676145
3532,-0.009518601703004125
3533,0.002522668698310725
3534,-0.020300312646976185
3535,-0.015821835250174172
3536,0.0003039468658700521
3537,-0.0050611714039915465
3538,-0.0092688333711911
3539,-0.028035070903056816
3540,0.0006245703066018503
3541,-0.0008445020715249214
3542,0.00262939197841695
3543,-0.00856757476932585
3544,-0.0019959521780064226
3545,-0.007401445348373601
3546,-0.004004052979267151
3547,-0.002916957952769925
3548,-0.0027743982660754724
3549,-0.0013997090702960752
3550,-0.0078685245274379
3551,-0.029565123229983774
3552,-0.005359972769521798
3553,6.492594560227744e-07
3554,-0.014616865931052627
3555,0.0
3556,-0.01203541329446305
3557,-0.0023756036872600497
3558,-0.008984600032397205
3559,-0.012203574887889104
3560,-0.00508116386660855
3561,-0.018059565208371604
3562,0.00014712871852547182
3563,-0.012461449462293325
3564,-0.0005460843095006504
3565,-0.00301541048079295
3566,0.0
3567,-0.015591943890061839
3568,-0.0019442451535229
3569,-0.0024893714592352997
3570,-0.007273751625826984
3571,0.0
3572,-0.005532787443427848
3573,-0.026632235528786824
3574,-0.015460655927899249
3575,-0.011056879873916688
3576,-0.013480088138507243
3577,-0.004622170625838999
3578,0.0
3579,-0.013298761084498276
3580,0.0027736098184798774
3581,-0.009416849751555201
3582,-0.005561039482341899
3583,-0.013841756000545026
3584,-0.006664826496764854
3585,-0.002022034106134
3586,0.0005344344931112865
3587,-0.004139536253463097
3588,-0.01193521146396085
3589,0.0
3590,-0.01757043957491248
3591,-0.0022268134600355594
3592,-0.010230525604614831
3593,-0.013893275129297103
3594,-0.0014931247404162485
3595,-0.010374674166215073
3596,-0.015576147348687
3597,0.0
3598,-0.007609008616363172
3599,-0.004985923346393306
3600,-0.005506488282855401
3601,-0.00097212257676145
3602,-0.012792169689121755
3603,0.0004676119778015517
3604,-0.035015055771627085
3605,-0.01113961879304105
3606,0.0021823052128284483
3607,-0.002956067879597422
3608,-0.0090631739569547
3609,0.0027909062986072
3610,-0.018236548304160587
3611,-5.4700734048574937e-05
3612,-0.0008783469893401535
3613,0.0
3614,-0.014620933841819948
3615,-0.00850046732344125
3616,-0.0014685505879137202
3617,-0.0006402537944224735
3618,-0.012139355289941499
3619,0.0001104946181395769
3620,-8.162367640517868e-05
3621,-0.020094694563377966
3622,-0.0024459089552135746
3623,-0.0021986073137388595
3624,-0.005524361178210225
3625,-0.0026955581150261256
3626,-0.012320824089381299
3627,-0.0003315527065528012
3628,-0.0026695943281765016
3629,-0.005923116613343401
3630,-0.019864106591528947
3631,-0.0024459089552135746
3632,-0.007960403244122075
3633,-0.0038654114363864994
3634,-0.01595210027407378
3635,-0.02093579472423622
3636,-0.007709488395801992
3637,-0.028389401145402376
3638,0.0
3639,-0.010659885141061174
3640,-0.04409525815795666
3641,-0.016555416153566215
3642,-0.0020182719232363523
3643,-0.0002955103162010004
3644,-0.0104083378724753
3645,-0.034109303339369
3646,0.0
3647,-0.002290066978147725
3648,-0.0038921022453044987
3649,-0.0030413320129422747
3650,-0.003686235485338278
3651,0.0005702219387990004
3652,-0.010234652713661575
3653,-0.0005943762226548704
3654,-0.0059156726637432
3655,-0.024569959704969557
3656,-0.0182271921143908
3657,-0.019296678992002297
3658,-0.011346592410831849
3659,-0.003982355687073055
3660,-0.012964004856351723
3661,-0.008057677639721449
3662,-0.014765312072790224
3663,0.0005541882217392521
3664,-0.0010000184143567712
3665,-0.0005286282368671489
3666,0.0013647890414159496
3667,-0.0024893714592352997
3668,-0.0138899284491622
3669,-0.01290156006811945
3670,-0.0008776412503602492
3671,-0.01951061802756947
3672,-0.0018521445659603307
3673,-0.011683983029775502
3674,-0.014337770550706124
3675,4.9250311831377375e-05
3676,-0.014282206668034167
3677,-0.008248001695069476
3678,-0.0028118594517011286
3679,-0.010424761580618525
3680,-0.003510771231207671
3681,0.0
3682,0.0004933234836882747
3683,0.00268073333654645
3684,-0.015906729878519
3685,-0.0034637579821960494
3686,-0.016512461568711306
3687,-0.005383107548033601
3688,-0.00954786368927075
3689,-0.011500357035889225
3690,-0.0064145826482484
3691,-0.003406518648870599
3692,-0.007065610599306898
3693,-0.002158818382036975
3694,-0.01739165842771779
3695,-0.002749861394053273
3696,-0.002378688710278775
3697,-0.0017535443067948952
3698,-0.021140894448295467
3699,-0.023506472857631532
3700,0.0003705878597028752
3701,0.0003941841142845004
3702,-0.04074261457206022
3703,-0.0015146815200318513
3704,-0.029146599776836892
3705,0.00017701554692882513
3706,-0.001253959566034325
3707,-0.0010950466900033996
3708,0.0001104946181395769
3709,-0.002123886314665305
3710,-0.008682640169695506
3711,-0.0018476361205702245
3712,-0.008661440079540731
3713,-0.007552839294553199
3714,0.001992561630142678
3715,-0.0010000184143567712
3716,-0.004932009762583449
3717,-0.035237742646834366
3718,-0.015385826454078275
3719,-0.010891074421715753
3720,-0.011251144977603999
3721,-0.001454783315301726
3722,-0.00555241413317249
3723,-0.0075022623105754
3724,-0.015343091030666224
3725,-0.017480565430994275
3726,-0.0013997090702960752
3727,-0.00469655284149611
3728,-0.018340333565924224
3729,-0.010116940365538825
3730,-0.005800047807113474
3731,-0.005895279508866156
3732,-0.0014185258276799041
3733,0.00021411787649532402
3734,0.0001104946181395769
3735,0.00511324802863345
3736,-0.0146724348537802
3737,-0.002707059699240126
3738,-0.033583537739949
3739,-0.004597295583045523
3740,-0.01097472011593555
3741,-0.010633594324531752
3742,-0.0025165250340345264
3743,-0.012306797913248853
3744,-0.0074553048989625505
3745,-0.010374674166215073
3746,-0.01943493557732956
3747,-0.001086973121127103
3748,-0.028504493095838013
3749,-0.0013033216591243502
3750,-0.0005286282368671489
3751,-0.03514100017855096
3752,-0.0034661690109810254
3753,-0.003822236852313303
3754,-0.0012915280607199266
3755,-0.0118192041530934
3756,-0.0341977333067673
3757,-0.0038402391352584005
3758,-0.00040166493149284893
3759,-0.008269164906857626
3760,-0.0024893714592352997
3761,-0.023397040242446376
3762,1.0931500424270213e-06
3763,-0.003729649301865225
3764,-0.0005981872946121264
3765,-0.0183300625057874
3766,-0.006049853003915626
3767,-0.01656210185491273
3768,-0.001881866803633699
3769,-0.0008758146505997736
3770,-0.0004895513315808994
3771,-0.021233682427294065
3772,-0.007514100292034974
3773,-0.00356868728438195
3774,-0.005861588158397466
3775,-0.023997086192166853
3776,-0.009511587911833
3777,-0.001238065280678898
3778,-0.003874257005269224
3779,-0.015684268716595288
3780,-0.013910175130374649
3781,0.00039113342342414915
3782,-0.0045326593632668
3783,-0.000753525892438124
3784,0.0
3785,-0.030497664270903044
3786,-0.022957339802000876
3787,-0.00900789277144613
3788,-0.003561286219066525
3789,-0.0041475778882113495
3790,-0.0015126352041790235
3791,0.00025469655403867475
3792,-0.023417692095670375
3793,-0.0093358500348104
3794,-0.0008899733251571482
3795,0.001677355673269404
3796,-0.019508094109731568
3797,0.0
3798,-0.006083434808509024
3799,-0.0036260861478902284
3800,-0.010370179071080628
3801,-0.0005393247126051245
3802,0.0002104209728727999
3803,-0.0034860801727713223
3804,-0.0219494402318711
3805,-0.0035426646815869007
3806,-0.005271126113308326
3807,-0.0011969776095184861
3808,-0.013022366076231301
3809,-0.0101607104213122
3810,-0.004960995289362601
3811,-0.004079640003360705
3812,-0.015579500204374572
3813,-0.0020697230490362047
3814,-0.004849274073361325
3815,-0.007978989248574618
3816,-0.010430045713825026
3817,-0.007578751284732198
3818,-0.0005442520656294744
3819,0.0
3820,0.0003364326893755742
3821,-0.0016742074217612497
3822,-0.02083089670611774
3823,-0.010753337852087496
3824,-0.023913440497947053
3825,-0.0024895712269359035
3826,-0.039523420754515676
3827,-0.01507989621185598
3828,-0.0005393247126051245
3829,-0.0009458554853012504
3830,-0.007782080971095651
3831,0.0
3832,-0.018812421289068446
3833,-0.0005325651157095986
3834,-0.009377676029540323
3835,-0.0024854007981276495
3836,0.0028787692233920004
3837,-0.001315524689508301
3838,-0.012136195406559323
3839,-0.008462054846140174
3840,-0.00578830661600105
3841,-0.012115527524786424
3842,-0.006671150281787655
3843,-0.044577004363934074
3844,-0.01391348671883335
3845,-0.005418363818111602
3846,-0.012050314779543476
3847,0.0006198877262169264
3848,-0.007542920790212443
3849,-0.00448418748958165
3850,-0.0015997919581718786
3851,-0.013531872976826453
3852,-0.011464271447516449
3853,-0.0003712096786900247
3854,-0.0050182881564484715
3855,-0.00607997995125513
3856,-0.016542757153752474
3857,-0.002158818382036975
3858,3.864645814558639e-05
3859,0.0
3860,-0.0204859308262126
3861,-0.008937636662410159
3862,-0.018439781214246265
3863,0.0
3864,-0.01006306991208918
3865,-0.002848679334254899
3866,-0.006092370461873553
3867,-0.0013197807441944053
3868,-0.012562930448793525
3869,-0.02085659351152187
3870,-0.013199009266866346
3871,0.0004929439154310526
3872,0.0
3873,-0.0200444918558996
3874,-0.004453626920071119
3875,-0.00023556085617730017
3876,-0.0020008676248023764
3877,-0.0012954782331812409
3878,-0.006312296304321898
3879,-0.0012726532272302245
3880,-0.004529325673054739
3881,-0.009291442951272225
3882,-0.0018725714431846226
3883,-0.008638571024934772
3884,-0.004246185194437261
3885,-0.038543054703741746
3886,-0.007663791027385951
3887,-0.001418142140558124
3888,-0.0007107312363278384
3889,-0.0034331752694849236
3890,-0.002561267796918301
3891,-0.004605192844515928
3892,-0.035106920002061795
3893,-0.013022366076231301
3894,0.0
3895,-0.011068643726176098
3896,-0.01173300964692673
3897,-0.0048150483725442
3898,-0.00051413269523885
3899,-0.011533702789520352
3900,-0.0365077276227274
3901,-0.009940977022498979
3902,-0.01594867364592777
3903,-0.012342138779172297
3904,0.003340550070867601
3905,0.0020240708153588752
3906,-0.0009736708030352757
3907,-0.003613592270045044
3908,-0.011223600916520828
3909,-0.0027695905494678798
3910,-0.0032828096085233266
3911,-0.005791441680125199
3912,-0.02876599311411064
3913,-0.0020523404016272104
3914,-0.007848548856488126
3915,-0.005753200973403205
3916,-0.01633840707209255
3917,-0.0007591093117408996
3918,-0.003961863864801157
3919,-0.0030137052041043083
3920,-0.002985233667818699
3921,-0.006079225335751748
3922,0.002618579072845625
3923,-0.014065254655218054
3924,-0.00284437516671415
3925,0.0032020339858546756
3926,-0.003557410197094252
3927,-0.0039007403285194232
3928,-0.0007709825288828049
3929,-0.021371316425262923
3930,-0.0112107654457188
3931,-0.015224717548720193
3932,-0.004624927363730971
3933,0.003201181137567675
3934,-0.02538502763032375
3935,0.0030319854201415006
3936,-0.00838501345239573
3937,-0.0008776412503602492
3938,-0.0201789567500687
3939,4.9250311831377375e-05
3940,-0.03511509116299135
3941,-0.00010832653125820036
3942,-0.0026825058291319983
3943,-0.0027873606608293496
3944,-0.008976736499765502
3945,-0.010841737701947806
3946,0.0
3947,-0.0030286961718404243
3948,-0.0025870062939011675
3949,-0.020749348332430147
3950,-0.0027164817387427998
3951,-0.02495771673128015
3952,-0.004651864715505024
3953,-0.0011939201910272004
3954,-0.005799470398967427
3955,-0.026346450937639217
3956,-0.0015146815200318513
3957,-0.006838109211846451
3958,-0.010634908412487475
3959,-0.0010815240448585998
3960,-0.002369854507101102
3961,-0.001309113211304851
3962,0.0001104946181395769
3963,-0.012784540996478199
3964,-3.768596206937293e-05
3965,-0.014577287906368724
3966,-0.006599480663510975
3967,-0.021975777539150622
3968,-0.00790902239371
3969,-0.012503223753650526
3970,-0.005086599631878259
3971,-0.005641745193149724
3972,-0.0014583333333333462
3973,0.0
3974,-0.0019372645455297231
3975,-5.4700734048574937e-05
3976,-0.006158892313641725
3977,-0.009183911695838515
3978,-0.009750378779885448
3979,-0.004040159143339748
3980,-0.001131188192426572
3981,-0.0016416229426461995
3982,-0.011496875889777675
3983,-0.0011044997202377992
3984,-0.002753921838249824
3985,-0.012260995941437501
3986,-0.02312923805716452
3987,-0.007198592566936699
3988,-0.0028007580152889003
3989,-0.011180039405927626
3990,-0.012516913249824103
3991,-0.009326489403057707
3992,-0.03331881741654762
3993,0.0025162751775296773
3994,-0.02824284918235264
3995,-0.0005460843095006504
3996,-0.0016742074217612497
3997,-0.0016367505621011488
3998,-0.0037979670484165505
3999,-0.0019372645455297231
4000,0.0017472759631219715
4001,-0.005271126113308326
4002,0.0
4003,-0.0044520394243563015
4004,-0.00042758649353462526
4005,-0.008414241148733216
4006,-0.029372866123542646
4007,-0.001361859724460727
4008,-0.016463743025074622
4009,-0.007069999005093676
4010,-0.00587698899246295
4011,-0.00588702752838211
4012,-0.008846473115664968
4013,-0.009664163683792071
4014,-0.0009736708030352757
4015,-0.008131204144377801
4016,-0.0016187585509908993
4017,-0.004886636940935397
4018,-0.01724211956699935
4019,-0.009249796410952348
4020,-0.0008776412503602492
4021,-0.01137054841014635
4022,-0.004742991299921373
4023,-0.014191424880011103
4024,-0.0004895513315808994
4025,-0.0008604367139416974
4026,-0.011433850923454034
4027,-0.008749313788778199
4028,-0.0028060441317889775
4029,-0.013528617999910026
4030,0.002002581645593698
4031,-0.0219494402318711
4032,-0.01377313844147835
4033,-0.015612972405198678
4034,-0.03228203303146475
4035,-0.0006402537944224735
4036,-0.012963832925205561
4037,-0.007641711688420729
4038,-0.0004895513315808994
4039,-0.0006972158281027836
4040,-0.0016313284417315
4041,-0.003455159922829374
4042,-0.00436613237569005
4043,-0.013203099308428199
4044,-0.014247400174596898
4045,-0.0122254668303919
4046,-0.012933074467148097
4047,-0.0032626604348185246
4048,-0.0062673994510638
4049,0.002618579072845625
4050,-0.008917003747424553
4051,-0.006946637564648551
4052,0.0020352377881186256
4053,-0.007850892354340498
4054,-0.015424684651113546
4055,-0.0283081594565486
4056,-0.0029064223285679464
4057,-0.004549043676667651
4058,-0.017896396650235243
4059,-0.0055045377599848705
4060,-0.002525070263476873
4061,-0.024097779584422642
4062,-0.0014499356965575723
4063,-0.013022366076231301
4064,-0.011848446222758024
4065,0.0018640379024975795
4066,-0.0033630420484878987
4067,-0.006878696958609451
4068,-0.007079299623139301
4069,0.0
4070,-0.006859185071455501
4071,-0.0078694421010132
4072,-0.00191263263803685
4073,-0.002131174274227099
4074,-0.016014548776855722
4075,-0.0035040191218088253
4076,0.0013106257757868494
4077,-0.01159064244043495
4078,-0.027853899476812514
4079,-0.012255592716337995
4080,-0.012315556322614378
4081,-0.005722815675268449
4082,-0.0013837232723190986
4083,-0.002018376125144803
4084,-0.02710233817400861
4085,-0.006112936014376291
4086,-0.00757053532584385
4087,-0.0022268134600355594
4088,-0.0056431892721966
4089,-0.00048331480387822125
4090,-0.011956272794833377
4091,-0.008838920056754249
4092,-0.0024404413686203263
4093,-0.00191263263803685
4094,0.0
4095,-0.006148767363668576
4096,0.002408745063208575
4097,-0.0019399863033004088
4098,-0.006204813773688551
4099,-0.007005872546102415
4100,-0.00685538124177568
4101,-0.0070238013924135995
4102,-0.010411214080714
4103,0.0
4104,-0.01471777907591985
4105,0.0
4106,0.002134565433498452
4107,-0.013400205331701078
4108,-0.02171714079877739
4109,-0.013543294648092747
4110,-0.000875033692977401
4111,-0.003967007734085251
4112,-0.016434786201632617
4113,-0.0031880817717805723
4114,-0.000753525892438124
4115,-0.006386846293228422
4116,-0.019712830744802453
4117,-0.002454506522312945
4118,-0.00745295053284262
4119,-0.007421811761134885
4120,-0.010079385831890665
4121,-0.01533753483111258
4122,-0.004142220506912193
4123,-0.004138283628069743
4124,-0.013813936001957312
4125,-0.01021301647229072
4126,-0.021563880690431764
4127,-0.002651595951228663
4128,-0.012088617152945949
4129,-0.021047441918220514
4130,-0.0024459089552135746
4131,-0.0017501160070123242
4132,-0.008462054846140174
4133,-0.00042758649353462526
4134,-0.023046438708867967
4135,-0.002638776796873181
4136,-0.018802159523853626
4137,-0.020536851991938797
4138,-0.0005460843095006504
4139,-0.0179490307156963
4140,0.0006321726826615786
4141,-0.01561661749924381
4142,-0.00866585080644635
4143,0.00010242080562330004
4144,-0.01794044972204195
4145,-0.005052260208013897
4146,-0.001907306080055929
4147,-0.026917431319967548
4148,-0.0027873606608293496
4149,0.0003941841142845004
4150,-0.018236006216940322
4151,-0.03171735156931319
4152,0.0004950466048785976
4153,-0.001387740097417503
4154,-0.014072001016870199
4155,0.003939295454007699
4156,-5.4700734048574937e-05
4157,-0.0011939201910272004
4158,-0.002395882259275674
4159,-0.021663827825109595
4160,0.0
4161,0.0
4162,0.000497743819102501
4163,-0.007152925861905753
4164,-0.007611853768117461
4165,-0.01980230814151168
4166,-0.006091392356305973
4167,-0.003791720336882573
4168,-0.009637328948728745
4169,-0.006765200555522077
4170,-0.004262675459663825
4171,0.0029260849155123003
4172,-0.053882356084751296
4173,-0.017838235386933715
4174,-0.011461647287342176
4175,-0.007354372572190903
4176,-0.00392300553514126
4177,-0.02131038461457095
4178,-0.026083394628032004
4179,-0.0080891119852479
4180,-0.00931023932256925
4181,-0.005885274195296725
4182,-0.03308551430750495
4183,-0.0075589275117837265
4184,-0.010044316514180342
4185,-0.0019937665287772
4186,-0.00736975516703215
4187,-0.002755654017090099
4188,-0.05112854155645329
4189,-0.008794457014126227
4190,0.00043128644385099927
4191,-0.0023025122130191796
4192,-0.000593781646635639
4193,0.0
4194,-0.02976644807730085
4195,-0.01935014507703565
4196,-0.007411647069120874
4197,0.0
4198,0.00536821705426355
4199,-0.017079050815404076
4200,-0.0016313284417315
4201,-0.0018272955638307005
4202,-0.0016187585509908993
4203,-0.013189029052606605
4204,-0.006548395274040275
4205,-0.002375315084953651
4206,0.0
4207,-0.0039987042881248795
4208,-0.015467528462704303
4209,-0.018151212880540148
4210,-0.020643390227552547
4211,0.0
4212,-0.005159144678583052
4213,-0.012578752948844923
4214,-0.0198980845963576
4215,-0.01008947837503435
4216,-0.001295260845309002
4217,-0.016602119985414332
4218,-0.0005696294079118522
4219,-0.009420820412662852
4220,-0.018266386782602253
4221,-0.005082907106027676
4222,-0.009240404371573698
4223,-0.0009098737211178255
4224,-0.012866823653309475
4225,-0.029468380761700365
4226,0.00015167111745467742
4227,-0.004813659459230953
4228,-0.00191263263803685
4229,-0.006072039028125972
4230,-0.019864106591528947
4231,-0.003812019571674821
4232,-0.0158969712847188
4233,-0.011557180159672099
4234,-0.0019372645455297231
4235,-0.0005434865605635514
4236,-0.02697727319338187
4237,-0.009617137872336336
4238,-0.00051413269523885
4239,-0.006023502488462675
4240,-0.030937557254810413
4241,-0.008200994807566002
4242,0.0004422325090713752
4243,-0.01837616546430915
4244,-0.0014115556346448494
4245,-0.009453350799047145
4246,-0.008889386475593397
4247,-0.023142181355998152
4248,-0.005642514713679225
4249,0.00017701554692882513
4250,-0.0008069327200832502
4251,-0.013770990048015698
4252,-0.006035704358654376
4253,-0.0044379035147405245
4254,-0.022381120226412775
4255,0.0
4256,-0.006462760619519951
4257,-0.008746832959682477
4258,0.0
4259,-0.0039042422885469208
4260,-0.009982568347783213
4261,-0.0005981872946121264
4262,0.0005671954983910003
4263,-0.015666329994866255
4264,-0.010060363708735021
4265,0.0
4266,-0.009327741378133402
4267,0.0034104802842449804
4268,-0.01619253325557608
4269,-0.004857083709865554
4270,-0.010044316514180342
4271,-0.0025263316444867987
4272,-0.0024893714592352997
4273,-0.0065966073068346
4274,-0.007237412737197896
4275,-0.014874510642191632
4276,-0.0015258136229926995
4277,-0.01995381502965885
4278,-0.016113422277879524
4279,-0.01097472011593555
4280,-0.01650710422608855
4281,-0.030028273632741048
4282,-0.0032522775600712294
4283,-0.00042758649353462526
4284,-0.0006758519137570257
4285,-0.030354850332727255
4286,-0.005782048906207137
4287,0.004656038744573775
4288,-0.0009845520718638227
4289,-0.01008947837503435
4290,-0.0007617016038886501
4291,-0.004585492257861978
4292,-0.025828791194872393
4293,-0.007471545457343352
4294,-0.008593190731022876
4295,-0.007180398231313096
4296,-0.002618226422609702
4297,-0.012797020721756102
4298,-0.0048022914921015
4299,-0.016234894873936298
4300,-0.0012954782331812409
4301,-0.00721131977871316
4302,-0.0047819276209203
4303,-0.013022366076231301
4304,0.004741305437598725
4305,-0.001804864578771749
4306,-0.01578999061714302
4307,-0.018500843310311318
4308,0.0001104946181395769
4309,-0.011647362189190326
4310,0.002438366630177
4311,-0.004683237387116176
4312,-0.023591913294982853
4313,-0.006081815229448147
4314,0.0001933600368101986
4315,-0.03514100017855096
4316,-0.010222913113424551
4317,-0.009251203638129049
4318,0.0006864086550061746
4319,0.0013561183745652008
4320,-0.006599424202245676
4321,-0.0022796276808232287
4322,-0.01778394271299425
4323,-0.0005353878337626748
4324,-0.001497141565514653
4325,-0.03302234919491388
4326,-0.00433828578199983
4327,-0.00021127543803669538
4328,-0.0074442387624740905
4329,-0.008742585043609726
4330,-0.008189099679283421
4331,-0.02296395020250295
4332,-0.007604644209034576
4333,-0.0318140940375966
4334,-0.009126572409414477
4335,-0.0029556726403993237
4336,-0.01327723232895473
4337,-0.011120760867045373
4338,-0.0036297517203588746
4339,-0.005044527237639378
4340,-0.0029937849431339713
4341,-0.02404005848755897
4342,0.001665089380462977
4343,-0.021175221459352796
4344,-0.017837414448775502
4345,-0.015961915010230178
4346,-0.0005310206750017699
4347,-0.007514100292034974
4348,-0.0004135765081402982
4349,0.0
4350,-0.01991991572749265
4351,-0.0094464979628294
4352,-0.013530873155673228
4353,-0.022225808133091392
4354,-0.008637535053662979
4355,-0.006516958859465849
4356,-0.046090006784120396
4357,-0.013171141342405747
4358,-0.0006480635808596008
4359,-0.0016416229426461995
4360,-0.020934742237358347
4361,-0.012181430043169926
4362,-0.0009961731889795988
4363,-0.00418347055132064
4364,-0.004929492749153873
4365,-0.008785593161694333
4366,-0.0011044997202377992
4367,-0.0062181491392324225
4368,-0.000652596810620775
4369,0.0
4370,-0.0003215760921807011
4371,-0.01609723479014668
4372,0.00024492627478695027
4373,-0.004834988540870898
4374,-0.013450222847728729
4375,-0.0019013223335441528
4376,-0.017219634485120903
4377,-0.008889386475593397
4378,-0.017895895509723907
4379,-0.013593625712707422
4380,-0.0012963274696544524
4381,-0.010768115063099068
4382,-0.007265345955582035
4383,-0.0030633433521739025
4384,-0.0222787923136794
4385,-0.026044732152462603
4386,-0.011946842692697
4387,-0.00042758649353462526
4388,-0.013427151435865451
4389,-0.01471548462471435
4390,-0.003241331070247477
4391,-0.00042758649353462526
4392,-0.00097212257676145
4393,-0.021349394282150623
4394,-0.019835337207187102
4395,0.0
4396,0.0
4397,-0.0022916514221608397
4398,-0.005578691982766349
4399,-0.013119928877511351
4400,-0.0034849393616517756
4401,-0.009383947842592152
4402,-0.0181742076202506
4403,-0.016446014685469065
4404,-0.0019480171937254244
4405,0.0
4406,0.001508281116204149
4407,-0.003174570044076653
4408,-0.00022047708732497555
4409,-0.006997998788417515
4410,-0.004182616597610946
4411,-0.002639882644869003
4412,-0.00631911816022745
4413,-0.002191552916152451
4414,-0.004030501704442499
4415,-0.01008947837503435
4416,-0.0005369879616317751
4417,-0.004403251774345826
4418,-0.0047102563096814015
4419,-0.013140568214321528
4420,-0.006373519951509824
4421,-0.001309113211304851
4422,-0.005341872126738599
4423,-0.018363209414754257
4424,-0.0024409462661936234
4425,-0.003287193530520399
4426,-0.02593544711078294
4427,-0.02198761524367352
4428,-0.004974772257362949
4429,-0.0018551914014260217
4430,-0.0042420361228536485
4431,-0.005901547947002497
4432,0.00015167111745467742
4433,-0.008011446952150753
4434,-0.0009890484467821072
4435,-0.0012915280607199266
4436,-0.02090035859669666
4437,-0.015657119439589803
4438,-0.007944835851033998
4439,-0.004681321925098053
4440,-0.0005460843095006504
4441,-0.01021301647229072
4442,0.00907487140770785
4443,-0.0051770377176897
4444,0.0025254446139859753
4445,-0.008843463355605099
4446,-0.0019442451535229
4447,0.0011905061478925
4448,-0.003989806695993499
4449,-0.023802245743641107
4450,-0.0063560740728184255
4451,-0.0018210188276791515
4452,-0.026735282589953092
4453,-0.023069223054618823
4454,-0.006058058743617249
4455,-0.017384349051201096
4456,-0.002428571428571398
4457,-0.0008076891580672241
4458,-0.0050813253841917256
4459,-0.012816821659167123
4460,-0.002707059699240126
4461,-0.004625788061063424
4462,0.007133170469160875
4463,-0.0029630933812919242
4464,-0.03582614490226077
4465,-0.0042420361228536485
4466,-0.0030554622625209296
4467,-0.023707697958056193
4468,-0.0019937665287772
4469,-0.029468380761700365
4470,-0.0026909972317973032
4471,-0.02007576640582794
4472,0.0
4473,-0.0004220704975700217
4474,0.0004914828209027526
4475,-0.008504349668541376
4476,-0.003251853636256406
4477,0.0
4478,-0.009489432425313873
4479,-0.0033843144791783734
4480,-0.0005981872946121264
4481,-0.011918647134418101
4482,-0.004928157193668674
4483,-0.010240935712774322
4484,-0.008889386475593397
4485,-0.01924728200805493
4486,0.0016835375706427506
4487,-0.00097212257676145
4488,-0.012359054259233077
4489,-0.0023025122130191796
4490,-0.014660421453803928
4491,-0.013029621370798224
4492,-0.00010940146809714987
4493,-0.0095865285028042
4494,-0.000652596810620775
4495,-0.01647473680741353
4496,-0.005272541937791856
4497,-0.017572028939902718
4498,-0.007168009630758077
4499,-0.025993878374739814
4500,-0.003464675853713699
4501,0.0
4502,-0.0027478688179152747
4503,-0.004996979485820776
4504,-0.003058493679236697
4505,-0.01407842767682305
4506,-0.015925400603714557
4507,-0.015948005474967223
4508,-0.0038933109702484012
4509,-0.007100097269723871
4510,0.0
4511,-0.027517477269688024
4512,-0.027420734801404615
4513,0.0005344344931112865
4514,-0.0016416229426461995
4515,-0.0103592193017003
4516,0.0008239317651048241
4517,-0.011541364283566476
4518,-0.005463536429022424
4519,-0.0020810474870972028
4520,-0.009842207426386577
4521,-0.013762080776764898
4522,-0.015172474278512031
4523,-0.0022142436161021756
4524,-0.004870146516642226
4525,-0.024472065264847295
4526,-0.004829556344965756
4527,-0.002683218330598744
4528,-0.012985518813163123
4529,-0.005171070819516347
4530,0.0018760318969744017
4531,-0.00191263263803685
4532,4.9250311831377375e-05
4533,-0.00563656835811575
4534,-0.0015056818181818019
4535,-0.008370314806400679
4536,-0.0225637763335233
4537,-0.01810352994283985
4538,0.0
4539,-0.018960394096622146
4540,-0.014982485725016655
4541,-0.0082815920316585
4542,-0.01329706969677816
4543,-0.01979628619101446
4544,-0.0051683631429443495
4545,-0.0033424458537870978
4546,-0.0065297451300761495
4547,0.003996161600682729
4548,-0.0038587238375460495
4549,-0.028418942090768243
4550,-0.0015146815200318513
4551,-0.0008720578310574736
4552,-0.008677075495295576
4553,-0.0017133169071237584
4554,-0.0027873606608293496
4555,-0.009110690005021625
4556,-0.003438057040998225
4557,-0.007968568147177205
4558,-0.03171735156931319
4559,-0.02088775748240118
4560,-0.01110621726840268
4561,-0.02503302724851425
4562,-0.014718558151337002
4563,-0.006413815694199228
4564,-0.0015146815200318513
4565,-0.013201533575971109
4566,-0.013667888562358224
4567,-0.0011125394408825757
4568,0.0002048416112466001
4569,-0.02150486623115939
4570,-0.002499295896489925
4571,-7.59960421531751e-05
4572,0.0
4573,-0.0039875330575544
4574,0.00024492627478695027
4575,-0.00612720344954245
4576,-0.007086959009915527
4577,-0.008068151530618451
4578,-0.0023253192353300013
4579,0.0
4580,-0.0042650067020558215
4581,-0.0015102321860720764
4582,-0.018902653519772748
4583,-0.0020697230490362047
4584,-0.0009522778515593244
4585,-0.005865178035978899
4586,-0.01544107662457183
4587,-0.001627874602068302
4588,-0.004364997743242617
4589,-5.4700734048574937e-05
4590,0.0013879543755985235
4591,-0.00191263263803685
4592,-0.005885777262644391
4593,-0.0015361708413866742
4594,-0.0004895513315808994
4595,-0.013022366076231301
4596,-0.00413540396453225
4597,-0.0013891359304126528
4598,0.005165957672867951
4599,-0.010083306666620597
4600,0.0
4601,-0.0211657502860627
4602,-0.008820999760547898
4603,-0.021772759207743596
4604,-0.0012631529216688292
4605,-0.005501790656165099
4606,-0.007481863907093276
4607,-0.014614705485038574
4608,-0.007834298826620775
4609,-0.011678638545763325
4610,0.0007981743532375005
4611,-0.0024727345837013224
4612,-0.014748384658999759
4613,-0.0037990788184274244
4614,-0.0095623771303619
4615,-0.0211673417152574
4616,-0.027849718145444867
4617,-0.001454783315301726
4618,-0.007763307259658806
4619,-0.005046938165791425
4620,0.0005945082574867499
4621,-0.005435929289780803
4622,-0.016446014685469065
4623,-0.015350757155022755
4624,0.0005344344931112865
4625,0.0
4626,-0.0015768771191719206
4627,-0.0014073975147433264
4628,-0.001758967847723674
4629,-0.0017108082703451988
4630,-0.0209164594816168
4631,-0.00042758649353462526
4632,-0.003475774104534774
4633,0.0
4634,-0.0005460843095006504
4635,-0.01608885662755955
4636,-0.002049004125619365
4637,-0.0003204458234838995
4638,-0.012373216415386443
4639,-0.0064360966050598
4640,-0.012768714794692004
4641,-0.0075020839242096
4642,0.0
4643,-0.019507618678761697
4644,-0.012985518813163123
4645,-0.0244260695362071
4646,-0.0216327201145799
4647,0.0
4648,-0.007457701942180328
4649,-0.012047192898686125
4650,-0.005362038298621176
4651,-0.00346476258539983
4652,-0.012957464097514826
4653,-0.0011367675540527719
4654,-0.028972917191013556
4655,-0.0016416229426461995
4656,-0.005518045636158874
4657,-0.0008551729870692505
4658,-0.007318114084086126
4659,-0.004411727104969459
4660,-0.004150891517135524
4661,-0.006116987358473394
4662,-0.003475774104534774
4663,-0.013295500948022124
4664,-0.009827161486139728
4665,-0.022511798501545173
4666,-0.0008015211362719767
4667,-0.004879700167961999
4668,-0.009583823341071178
4669,-0.014976101398966523
4670,-0.004932009762583449
4671,-0.0017591277260976708
4672,0.0024584079500702257
4673,0.0
4674,-0.00023556085617730017
4675,-0.001509110538393225
4676,0.0017576472541991264
4677,-0.004716184919270859
4678,-0.024005057580522675
4679,-0.002947333704081176
4680,-0.020819784445943547
4681,-0.02306087582614695
4682,-0.0007042755806067466
4683,-0.022728259873525048
4684,-0.0005286282368671489
4685,-0.023997086192166853
4686,-0.003216056914103275
4687,-0.055412592323605556
4688,-0.0019560494652406508
4689,-0.008574071717226977
4690,-0.003824402193421255
4691,-0.008173834076099257
4692,-0.00923218302199818
4693,-0.0019422680135664765
4694,-0.002493521399397218
4695,-0.022550927837327674
4696,0.0
4697,-0.0079467332539764
4698,-0.035237742646834366
4699,-0.0017358827730880248
4700,-0.037123684868462015
4701,-0.005936336853677801
4702,-0.0003315527065528012
4703,-0.004065251030196449
4704,-0.009982702131934144
4705,-0.0167588285766066
4706,0.00023343688317770117
4707,0.0009508132677977506
4708,-0.0076907477562825
4709,-0.022795327855198774
4710,0.0027165699467058867
4711,-0.0035844181492386993
4712,-0.02341545038541335
4713,0.0035717291282956094
4714,-0.004440368733185275
4715,-0.0034520998621105463
4716,-0.0029354550144390992
4717,-0.01565067989097675
4718,-0.0006528880286607013
4719,-0.028353555300186725
4720,-0.011016591118029075
4721,-0.001482007575757574
4722,-0.007346463473914549
4723,-0.010769143596955948
4724,-0.0044585248016345514
4725,-0.004687978772974159
4726,-0.002857172016736569
4727,-0.006562654174028253
4728,-0.0023239879762302
4729,-0.009880991721108845
4730,-0.0024856128521131256
4731,-0.0049787429184705995
4732,-0.00460142723275145
4733,-0.004714640488122998
4734,-0.004289222916654048
4735,-0.016790992339377052
4736,-0.009038793667338623
4737,-0.0002594361412001753
4738,-0.014124083008757275
4739,-0.0054645748782930475
4740,-0.015592487305855603
4741,-0.010896958230481174
4742,-0.00010940146809714987
4743,-0.0248125833437751
4744,-0.0037808995199552263
4745,-0.028595421745252043
4746,-0.0008551729870692505
4747,-0.00023556085617730017
4748,-0.013850476052674768
4749,-0.007082750495295775
4750,-0.001750892809154275
4751,-0.000753525892438124
4752,-0.026443193405922626
4753,-0.023346457787975672
4754,-0.004262206260578177
4755,-0.008030656002126099
4756,-0.0028714077791374493
4757,-0.010737116999991352
4758,-0.00125074671445635
4759,-0.023657830963885323
4760,-0.0024310525580304
4761,-0.010329057679096944
4762,0.0
4763,-0.026229779008503047
4764,-0.0010000184143567712
4765,-0.0048150483725442
4766,-0.01008689970043786
4767,-0.010349862615893778
4768,-0.009872553346059777
4769,-0.013480871161530876
4770,-0.027420734801404615
4771,-0.012183935372232151
4772,-0.010833557709585946
4773,-0.0031612577772651817
4774,-0.002428571428571398
4775,-0.003798631107548949
4776,-0.013381595902052427
4777,-0.0065356454340923294
4778,-0.00834974492756545
4779,-0.006612735278607698
4780,-0.0351014458016741
4781,-0.008094599693022151
4782,-0.063730486774118
4783,-0.005159144678583052
4784,-0.021911752551824697
4785,0.0012190677442058006
4786,-0.0008776412503602492
4787,-0.003031037512027575
4788,-0.001198043166215977
4789,-0.0049049662857178974
4790,0.0017197901145115518
4791,-0.018100732937511542
4792,-0.018133271829794923
4793,-0.009124836476578774
4794,-0.0024893714592352997
4795,-3.852447825517273e-05
4796,-0.0075020839242096
4797,-0.0008778267674538517
4798,0.00042998422631900565
4799,-0.011634411700632778
4800,-0.013198848404491353
4801,-0.0031426911200427726
4802,-0.007440106848676655
4803,-0.014317844309412542
4804,-0.018978864850627747
4805,-0.011909050946780804
4806,-0.0020456778556356245
4807,-0.007915090031943281
4808,-0.019632834959850173
4809,-0.003390213817456529
4810,-0.009132151987610374
4811,-0.02337846346004984
4812,-0.0020456778556356245
4813,-0.011792999188797901
4814,-0.016151623730328326
4815,-0.007281029888623145
4816,-0.001086973121127103
4817,-0.005705428373338575
4818,-0.0008551729870692505
4819,-0.0013063696974741773
4820,-0.008926215303357977
4821,-0.006844642400620299
4822,0.0009508132677977506
4823,-0.004651304852763025
4824,-0.0016235281427020493
4825,-0.02402037123495029
4826,-0.004803647266854699
4827,-0.0076287511647559255
4828,-0.0024064171122994997
4829,-0.013252742878344458
4830,-0.0016731618718521732
4831,-0.004393037570483746
4832,-0.008008107404197148
4833,-0.0005981872946121264
4834,0.0
4835,-0.002760078648633647
4836,-0.03302234919491388
4837,-0.008921792321053099
4838,-0.013777926663613256
4839,-0.0023420040559332545
4840,-0.024905259722581077
4841,-0.014779640478461954
4842,-0.0021986073137388595
4843,-0.003267705617081843
4844,-0.0006470133913179994
4845,-0.0210457277369643
4846,-0.014887710565498665
4847,-0.007423654965242702
4848,-0.004168690860853391
4849,0.0007981743532375005
4850,-0.0020831463101067017
4851,-0.01729399288527053
4852,-0.018811669971966077
4853,-0.0067009532579902
4854,-0.0020000368287135424
4855,-0.016446014685469065
4856,0.0004343371347113505
4857,-0.015979654495834425
4858,-0.02212388589345502
4859,-0.010436062199594547
4860,-0.0035754048672180065
4861,-0.0012915280607199266
4862,-0.01067460326309733
4863,-0.013639580862276223
4864,-0.00579534742377865
4865,-0.01790716889051633
4866,-0.010607425794901626
4867,-0.01340165132012065
4868,0.0020733211271902526
4869,-0.0003272054203794254
4870,-0.023377463638896617
4871,-0.011050919933717276
4872,-0.018960394096622146
4873,-0.0083185625624727
4874,-0.011138976484901676
4875,-0.0127034960561236
4876,0.0
4877,-0.02102292980735717
4878,-0.00010832653125820036
4879,-0.010345170208064441
4880,-0.0010047381006545262
4881,-0.004393037570483746
4882,-0.016245846229243875
4883,-0.00786641932663591
4884,-0.0024687241179585763
4885,-0.00010432936271895059
4886,-0.0033718111640828998
4887,0.0
4888,-0.0024054549889456524
4889,-0.016304418118400676
4890,-0.013885445397422744
4891,-0.01140788479134345
4892,-0.0013891359304126528
4893,-0.00726975563531765
4894,-0.0019372645455297231
4895,-0.0007591093117408996
4896,-0.0068088149013214
4897,-0.006557476697992101
4898,-0.0131163575516906
4899,-0.012454827139761458
4900,-0.006843040602138525
4901,-0.001341609165299372
4902,-0.001526890150404055
4903,-0.006326855661002428
4904,-0.004784142963935426
4905,0.002364604060075
4906,0.00044369360359967523
4907,-0.005292521456561376
4908,-0.008741439952943299
4909,-0.02234129419433522
4910,-0.02108871281894107
4911,-0.01007100762102875
4912,-0.006298131892037021
4913,-0.023328501733998825
4914,-0.029155086714863512
4915,-0.009949278116328855
4916,-0.008437176540481078
4917,-0.005204826038159499
4918,-0.0024587169475375004
4919,-0.011682791152888365
4920,0.0020802201972546517
4921,-0.014959975532257056
4922,-0.008268737787971625
4923,-0.0012923588534679946
4924,-0.0009961731889795988
4925,-0.008439366212426849
4926,-0.04000537010765284
4927,-0.03289202937093813
4928,-0.0008551729870692505
4929,-0.004137334989984722
4930,-0.0048683717372647005
4931,-0.019741284446741204
4932,-0.0129225663113753
4933,-0.008660186882848848
4934,0.0002528540536291229
4935,-0.0032658263924506027
4936,-0.02192354703261306
4937,-0.014270976347348467
4938,-0.0033649793288858462
4939,-0.020682860980669973
4940,-0.014705625588891325
4941,-0.0005460843095006504
4942,-0.009303344046353149
4943,-0.013869887547210951
4944,-0.007574356549481225
4945,-0.003473319865447225
4946,-0.007639069461823574
4947,-0.002472873390390049
4948,-0.00484698690464342
4949,-0.0007870370370370488
4950,-0.019207511518059092
4951,-0.015320713186357283
4952,-0.012050314779543476
4953,-0.018251291889482216
4954,0.00023343688317770117
4955,0.0
4956,-0.0005393247126051245
4957,-0.0005310206750017699
4958,0.0001104946181395769
4959,-0.008285621506933176
4960,-0.007274549087195704
4961,-5.416326562910018e-05
4962,-0.02749293192648315
4963,0.0007130288328401251
4964,-0.009355662716951957
4965,-0.021349550753593398
4966,-0.0038897605105127006
4967,-0.005366150797838275
4968,-0.011791944638333053
4969,-0.0186345667028842
4970,-0.0028342775023423254
4971,-0.0013538861029277092
4972,-0.0205684267398972
4973,0.0029331215426234253
4974,-0.006932705718847101
4975,-0.018498803036090174
4976,-0.0036032741063121996
4977,-0.0004409541746499511
4978,0.0
4979,0.0
4980,-0.003561286219066525
4981,-0.015866741242945452
4982,0.00108110467979535
4983,-0.008692302749711375
4984,-0.0017002397207648498
4985,-0.00859101476194885
4986,-0.0022268134600355594
4987,-0.0089039541074837
4988,-0.00789104460468605
4989,-0.0019986891875916984
4990,-0.015654407848502597
4991,-5.416326562910018e-05
4992,-0.009630639562351676
4993,-0.010171857143557353
4994,-0.007782080971095651
4995,-0.010828386907780376
4996,-0.009598202825585947
4997,-0.021458727150443366
4998,-0.023741291671655396
4999,-0.0037759887726968745
