draw,target_balanced_median_delta_nap
0,-0.005078552858880245
1,-0.0098966176583783
2,0.0
3,-0.0015997944842919994
4,-0.00034926579596888593
5,-0.0010208706231054007
6,0.0
7,-0.00820634020689055
8,-0.002968698583671851
9,0.0
10,0.0
11,0.0021496216336551292
12,-0.0011593755558402248
13,0.0
14,0.0013226645859982528
15,-0.01131147832351855
16,0.00031887755102042586
17,-0.0015997944842919994
18,0.0045059539953360775
19,-0.011422138481347448
20,0.0005058466205919761
21,0.0023172634885173515
22,0.0
23,0.003724627549847301
24,0.0006974853493023261
25,0.00721299091985205
26,0.0
27,-0.000611042382069075
28,-0.002253560507538917
29,0.0
30,-0.006461972772088445
31,0.0
32,-0.004088293052284055
33,0.0
34,0.0
35,0.0
36,-0.0019559773042591017
37,-0.008344515757319652
38,0.006818609193064897
39,0.0014437799717268232
40,-0.00696939234649155
41,0.008541970244387253
42,0.005762394299250599
43,-0.0144434661028443
44,-0.008370617075446049
45,0.0
46,-0.004265717619638992
47,-0.0036639146090618
48,-0.0004848213749146751
49,0.0014512516899811007
50,-0.0029571287611025
51,0.0
52,0.0
53,0.001728202502429426
54,-0.0014293536860435496
55,-0.005100914075555643
56,-0.004976040592417852
57,-0.0067456851332458765
58,-0.005154319829352098
59,0.0
60,0.0
61,0.0
62,-0.007728481668675624
63,-0.00320521066584585
64,-0.0008775051704002484
65,0.0
66,-0.006339726898037499
67,-0.0079221125682176
68,-0.004944007427668099
69,-0.00312437914304415
70,0.002141290534160876
71,-0.0008897970694645495
72,-0.003374248054478075
73,0.0
74,0.0013226645859982528
75,0.0
76,-0.005943973395337
77,-0.002528265159630005
78,-0.0028241581313750014
79,0.0
80,0.0
81,0.002701610163372954
82,-0.005746294909017901
83,0.0
84,0.004958075235165164
85,-0.0024883198287715476
86,-0.00117212008838355
87,0.0
88,0.0
89,-0.009835969761713501
90,0.0032185000621475987
91,-0.006123368792016002
92,-0.0071296399462042505
93,0.0026361410395377774
94,-0.008190388428916449
95,0.0
96,-0.009136985836124455
97,-0.000834215987668599
98,-0.007837458362093049
99,0.0020818121322144986
100,-0.01531729596414175
101,0.0
102,0.0
103,-0.0035154359990967003
104,-0.002937928692137574
105,-0.004224162248331423
106,-0.012392631829203526
107,-0.0033157340409624494
108,0.00042517006802722523
109,-0.0029636560869958743
110,-0.005332827623395925
111,-0.004996881341333425
112,-0.010657761728270987
113,0.0006251792366959268
114,-8.024532419245028e-05
115,-0.015256710296616304
116,0.0
117,0.0020614343062542
118,-0.0045794184425292025
119,-0.0032400449317592497
120,-0.00020646633134685014
121,-0.002918728623172648
122,-0.005869085699588101
123,0.0
124,0.0
125,-0.013311222987632806
126,-0.001456791564362351
127,-0.0016209438641999762
128,0.0023659576044702778
129,-0.00029614545121034973
130,0.001728202502429426
131,-0.0075437277588115345
132,-0.009404411899240427
133,0.0031928754262482255
134,0.0006251792366959268
135,-0.0060623078351817235
136,0.0
137,0.0
138,0.0014512516899811007
139,0.00010629251700679937
140,-0.0005128117377264751
141,0.0016900730113951
142,-0.0034119568751565
143,-0.004426402682347606
144,-0.0018946690245030783
145,-0.005731944899276848
146,-0.004623510995582246
147,-0.0048389521730494755
148,-0.0008595897882968501
149,-0.00044469871281845
150,0.0
151,0.0
152,-0.0030415071863605665
153,0.0061171984119722765
154,0.00010629251700679937
155,0.00031887755102042586
156,-0.0017815575785306518
157,-0.001055741094887525
158,0.0013949706986046521
159,0.00016328903015802804
160,0.007810414881902801
161,0.004219483296800027
162,-0.0037467773984480477
163,-0.007274811235100601
164,0.010822892374696295
165,0.00021258503401359874
166,-0.007834846052466525
167,0.0025879396199142007
168,0.00010629251700679937
169,0.0
170,-0.009097288409603997
171,0.0
172,-0.004443630328723594
173,-0.002141444374431145
174,-0.015361464082942951
175,-0.0036520034479062486
176,0.009192935958647147
177,-0.0018475824942873614
178,-0.007589948902665749
179,-0.0008893974256369
180,-0.01074702535258032
181,0.0
182,-0.004582022288695375
183,0.0028405645972159263
184,-0.005293722083523975
185,0.0
186,-0.000746906948030924
187,0.0
188,-0.0035589773839508508
189,0.0023172634885173515
190,0.009377887427580882
191,-0.0030654025897803496
192,-0.008826214460690601
193,0.001728202502429426
194,-0.0027311288768670765
195,-0.0023514671180875496
196,-0.0013981606810330002
197,-0.005742603594830651
198,-0.003036239369642098
199,-0.009237937201426653
200,0.0
201,0.0
202,-0.005391019884685567
203,0.003724627549847301
204,0.00032782024044755026
205,-0.0014504061109607504
206,-0.005319886706332898
207,-0.011663395549050075
208,-0.007832402217981326
209,0.0
210,0.0
211,0.0027363392961652017
212,-0.007886984562941799
213,0.0006251792366959268
214,0.0035647118842645
215,-0.0003091431338726608
216,-0.012423036198925375
217,0.0023172634885173515
218,0.0014040079967642012
219,-0.009715379367311124
220,-0.005699536475878298
221,-0.00242769269870945
222,0.0011761376193359253
223,-0.0030654025897803496
224,0.0
225,0.0
226,0.0011354651576108207
227,-0.0032662718949751607
228,-0.004437624111673491
229,-0.008142524111076448
230,-0.015526163513044798
231,0.005676481238643349
232,-0.01539649006081785
233,0.0
234,-0.005370516357903
235,-0.0032738095238095
236,0.0013949706986046521
237,-0.004530106039481073
238,-0.0074688801838801
239,-0.0014992558411373758
240,-0.00029614545121034973
241,-0.0018946690245030783
242,-0.0016384680901654555
243,-0.009655973268492678
244,0.0
245,-0.0004171079938342995
246,0.0
247,0.0
248,-0.0152418762816115
249,-0.004931950111617463
250,-0.0014285714285713989
251,-0.0028598383312441003
252,-0.003827678513143846
253,0.0
254,-0.008802902430509497
255,-0.0012291394992542497
256,0.005974435896499548
257,0.0021402521990040745
258,-0.006247574419496549
259,0.0007509675513087
260,-0.014350574219295375
261,0.0
262,-0.002164002015960318
263,-0.0029796681466725504
264,0.0
265,-0.0011480851685748987
266,0.0
267,0.0020818121322144986
268,-0.0015188954885008428
269,0.0
270,-0.003444913309511424
271,-0.0054716600225120475
272,-0.011396889619227671
273,0.0
274,-0.003434432632906822
275,-0.0028714433772738246
276,-0.002107157821493847
277,0.0045411646481458515
278,-0.0014293536860435496
279,-0.014638681708692028
280,-0.0016384680901654555
281,-0.00219669962395114
282,0.0
283,-0.0017855979537964302
284,0.0008319183619973497
285,-0.0028714433772738246
286,-0.0032419636621714015
287,-0.0035820670887769454
288,-0.0116993355274831
289,-0.005964021280390902
290,0.0017191568568437517
291,0.002573092670780503
292,-0.0004848213749146751
293,0.0
294,-0.00047268907563025
295,-0.0015904846787199753
296,0.005784165887759828
297,-4.012266209622514e-05
298,-0.0006983813696710226
299,-0.0004171079938342995
300,-0.0039763199129200025
301,-0.0022355912061794506
302,-0.0037264482947377015
303,-0.003353142825358901
304,-0.0016183662016995
305,0.0
306,0.00046280203514972515
307,-0.00532220214702285
308,0.00010629251700679937
309,-0.008512279390183251
310,0.0
311,-0.00034575830289662775
312,0.00031887755102042586
313,-0.001475961919957
314,-0.002013227013322523
315,0.0
316,-0.007153071842681323
317,-0.002062269821265901
318,-0.009654193257365547
319,0.00042517006802722523
320,-0.02028385965585506
321,-0.0023659007449767008
322,-0.0062849137965487484
323,-0.0011485068627643362
324,0.0039372125838608996
325,-0.000166343669250625
326,-0.0014758475037287503
327,-0.0018946690245030783
328,-4.012266209622514e-05
329,-0.004125502767334398
330,0.0
331,-0.0017433760461252022
332,-0.005478474667004449
333,-0.007589948902665749
334,0.0
335,-0.00568461132153205
336,-0.019524718089074973
337,0.0
338,0.0
339,-0.005924097437364998
340,0.0
341,-0.004702440629677296
342,-0.018667888047705028
343,0.0
344,-0.010584648538258275
345,-0.0009453781512605
346,0.003123173201034078
347,-0.004816062804584775
348,0.00653204994396025
349,0.005930872636595495
350,-0.001973104351226298
351,-0.003644634250536524
352,-0.01115464215701955
353,-0.0008893974256369
354,-0.0028714433772738246
355,-0.004718022889043149
356,0.0
357,-0.0034659486959868614
358,0.0
359,-0.0002722363409010764
360,0.0
361,-0.008490032646083497
362,-0.020546622453742475
363,-0.0030811697134741746
364,0.0
365,-0.004476057205684638
366,-0.003967668989085363
367,-0.004538351527986999
368,-0.0016183662016995
369,-0.0005788174627764501
370,-0.012538646838990024
371,-0.001796925210549975
372,-0.002062269821265901
373,0.0
374,0.00042517006802722523
375,-0.004530106039481073
376,-0.013335684865257574
377,0.0006237257249263519
378,-0.005605464988618399
379,0.0038382980933060543
380,0.002044926721689479
381,-0.013170170338872585
382,0.0
383,0.0
384,0.0014512516899811007
385,-0.002348663101781
386,-0.0009826461038090501
387,-0.00388351110943759
388,-0.004488868420862147
389,-0.013925265375726154
390,0.0020482820765313978
391,-0.0028438927492982005
392,-0.004351968626216502
393,-0.010202019474987374
394,-0.013668306278482364
395,0.007908176653029253
396,-0.005629686408889799
397,-0.0003224299308678992
398,-0.0047115805399443435
399,0.0
400,-0.01083637393200775
401,-0.011707169305206874
402,-0.00602253135088285
403,0.0010445033960109762
404,-0.0008893974256369
405,-0.004991529872071826
406,0.00010629251700679937
407,0.00010629251700679937
408,0.00010629251700679937
409,-0.0003224299308678992
410,-0.004625411541008347
411,-0.0114064323936521
412,0.0
413,-0.004071791166598871
414,-0.016760379199174825
415,0.014054892205230827
416,-0.0011593755558402248
417,-0.0014293536860435496
418,0.006239879720711349
419,-0.0004848213749146751
420,0.0008016652222646269
421,-0.0008486120888738496
422,0.0037180514349858997
423,0.002488165344969805
424,0.0013226645859982528
425,-0.01306992177164535
426,-0.023033030158656605
427,-0.006810603324501361
428,-0.004995176529796974
429,0.0013949706986046521
430,-0.0011480851685748987
431,-0.004672727598981356
432,-0.0068355120304921
433,-0.0008893974256369
434,0.0
435,-0.006073860144803499
436,-0.008878998723966847
437,0.0
438,-0.00020646633134685014
439,0.001728202502429426
440,0.004978701167958826
441,0.0043786977947715515
442,-0.0024448552268769227
443,-0.014520169844481151
444,0.0
445,0.026118846069455602
446,0.0023796852359466466
447,0.005974435896499548
448,-0.00034926579596888593
449,-0.001392219165267951
450,-0.00489075317048985
451,-0.003192865336845675
452,-0.002874739859706068
453,0.006414815350838253
454,0.0110416650735125
455,0.00042517006802722523
456,-0.006152033686968597
457,0.0
458,-0.00481319893199262
459,-0.0018142982146450303
460,-0.0014992558411373758
461,-0.004856050818260099
462,0.0007287168636406962
463,-0.0006710046106598046
464,0.002488165344969805
465,0.0
466,0.0
467,0.008470536205083925
468,0.0
469,-0.0016578552444826815
470,-0.002164002015960318
471,-0.013156107029169226
472,0.0
473,0.0
474,0.0
475,-0.011171766988597849
476,-0.001982301156243498
477,0.0
478,-0.0030843676173301013
479,-0.005824162273360125
480,0.0
481,-0.00033268733850125
482,-0.0030053688141923503
483,-0.002062269821265901
484,-0.002600216645238223
485,-0.0016734670554371732
486,-0.005730591862203625
487,0.0
488,0.0
489,0.0020818121322144986
490,0.0020818121322144986
491,0.001728202502429426
492,-0.0013065054194711994
493,-0.0059088798114237985
494,0.0029464078475448484
495,0.0025711723852838014
496,-0.0064163141595565505
497,0.003452949238002878
498,-0.0033115705891874
499,-0.00283519528311195
500,-0.006150627212407049
501,-0.000834215987668599
502,-0.005193517454871552
503,0.0
504,-0.015232270360930125
505,-0.0027777417575397248
506,0.0015800110864112732
507,0.0031600221728225464
508,-0.003470880713313175
509,-0.0045794184425292025
510,-0.0008893974256369
511,-0.004411320754577629
512,0.0
513,0.0
514,-0.0030654025897803496
515,-0.006110489900770974
516,-0.004532046835984023
517,0.0
518,-0.008034538338413375
519,0.0027727058984404022
520,0.00010629251700679937
521,0.0017064173774051757
522,-0.011275501314369506
523,-0.0017659700658892259
524,0.0
525,0.0
526,-0.006149770207110451
527,-0.0007481391012629981
528,-0.004003282297218001
529,-0.0007146768430217748
530,0.0032185000621475987
531,0.002573092670780503
532,0.0
533,-0.00602253135088285
534,0.0
535,0.0
536,-0.007839418531079674
537,-0.000951826348876199
538,0.0
539,-0.00265269920001375
540,0.0
541,0.0
542,-0.00028294975333934946
543,0.004669751752128699
544,0.0
545,-0.005863598169065025
546,0.0
547,0.004163624264428997
548,-0.000951826348876199
549,-0.0011480851685748987
550,-0.0023659007449767008
551,-0.0099889908592645
552,0.0
553,-0.0020924128257411856
554,0.0
555,-0.00584680147881435
556,0.0
557,0.00623166932392618
558,0.0
559,-0.003360323332471275
560,-0.0025513777385497306
561,0.00016391012022377513
562,-0.002958851285268873
563,0.0
564,-0.005332827623395925
565,0.011361996084575002
566,-0.02053591535273948
567,-0.007661084017263824
568,-0.0026293085206549496
569,-0.00513208217964015
570,-0.00748421794719863
571,0.0
572,0.007812738874937209
573,-0.009751847775019874
574,-0.0032400449317592497
575,-0.004961581908836301
576,0.0013226645859982528
577,0.00010629251700679937
578,-0.006718934631291249
579,0.0
580,-0.0018946690245030783
581,-0.008499066598069527
582,-0.0025778793943688613
583,-0.000611042382069075
584,-0.007745773514861022
585,0.0
586,0.0
587,-0.015410088878969101
588,-0.010078506485205824
589,0.0
590,-0.0030053688141923503
591,-0.008579487988684874
592,-0.009999372264867197
593,0.0018291987962833003
594,0.008817026798797504
595,-0.0006511650441653001
596,0.0
597,-0.011634015685660474
598,0.0
599,-0.008003466624159624
600,0.0
601,0.0
602,0.0
603,0.0027300733910985003
604,-0.005102101124958926
605,-0.0018946690245030783
606,-0.00644149304594545
607,-0.0027901928924415485
608,-0.0014293536860435496
609,0.0010399990571199431
610,-0.002937928692137574
611,-0.0016209438641999762
612,0.0
613,0.00011241121967357572
614,-0.0030241824756704764
615,-0.013589184516132903
616,0.0014512516899811007
617,0.0020749750156743457
618,-0.005190058876351702
619,-0.00825021318834925
620,-0.0033987759515376453
621,0.0003758796858730276
622,0.0
623,-0.017495503652806825
624,-0.002937928692137574
625,-0.0013859195259698504
626,0.0025164590658208023
627,0.0
628,-0.0041876443285119224
629,-0.004991251656566824
630,0.0
631,0.00359278812198135
632,0.0
633,0.0
634,0.0006251792366959268
635,-0.0023659007449767008
636,0.0011929850835561522
637,-0.019567526064046832
638,0.004829913759217527
639,0.00021258503401359874
640,-0.005797767023381674
641,-0.0056715868779324274
642,0.0
643,-0.0029669745925394245
644,0.0
645,0.0
646,-0.014593606164414047
647,0.003324792579154398
648,-0.0021267559087092755
649,0.0
650,-0.0032738095238095
651,-0.0028192607251190435
652,-0.000611042382069075
653,-0.02407678477494575
654,4.529959856565489e-05
655,-0.006868752391415401
656,-0.011774596655345077
657,-0.009824020315635673
658,-0.002141444374431145
659,-0.014898447689010151
660,-0.010936111994825325
661,0.0
662,0.0
663,-0.001144631762263152
664,0.006798273276501177
665,0.0013226645859982528
666,0.0
667,0.0034032663406738
668,0.0
669,-0.00676497447865855
670,-0.01826961705019065
671,-0.0022530318611207484
672,0.0
673,0.0006251792366959268
674,-0.011275501314369506
675,0.0
676,-0.005718081042728624
677,-0.00033268733850125
678,-0.0020924128257411856
679,0.0
680,0.0
681,-0.007469431706291974
682,-0.004833558797181968
683,0.0
684,-0.016189516456891748
685,-0.0016384680901654555
686,-0.004755755401077232
687,0.0
688,-0.0015584339897154998
689,-0.016242403569911603
690,-0.0016855546203811723
691,0.0
692,0.00010629251700679937
693,0.00010629251700679937
694,-0.002062269821265901
695,0.0023172634885173515
696,0.0
697,-0.011733280224143926
698,-0.006253114888380449
699,0.0
700,0.001728202502429426
701,-0.0015188954885008428
702,-0.0023881426591645574
703,0.0016845169881118014
704,-0.010683055858694276
705,-0.00722380367039745
706,-0.002918728623172648
707,-0.004036012697066625
708,0.00021258503401359874
709,0.007994603905120252
710,0.004641236492015277
711,0.003724627549847301
712,0.0016128643398369523
713,-0.0010165825741689236
714,0.0
715,-0.0010170331524336999
716,-0.00020646633134685014
717,0.005866724072983602
718,-0.010209683697918625
719,-0.0032780207806885203
720,-0.005062450747634303
721,-0.0020044531477338007
722,-0.011519456641925947
723,-0.001941755554718795
724,-0.0008897970694645495
725,0.0008529530167163506
726,-0.00862184478208965
727,-0.0015000000000000013
728,0.016214544602269804
729,0.0
730,-0.0009453781512605
731,0.009322156817089236
732,-0.008539507252509175
733,0.0
734,0.0
735,-0.0037334908292490235
736,0.008902282270045924
737,0.0
738,-0.0029636560869958743
739,-0.008509942334123652
740,-0.006687193956166097
741,-0.0024721223130865014
742,-0.015005302643532052
743,-0.0034067975481980005
744,-0.005537845919882975
745,0.002524236341403925
746,-0.005035086865929451
747,-0.010939018974836177
748,-0.0019140500916541014
749,-4.012266209622514e-05
750,0.0
751,0.0
752,0.0
753,0.0
754,-0.013984170513694598
755,-0.0015812227668844988
756,-0.006262874502225575
757,-0.0015188954885008428
758,-0.004189472899712523
759,-0.008156985754770927
760,0.00021258503401359874
761,0.0017191568568437517
762,0.0
763,-0.0149226521650367
764,-0.014909857488119498
765,-0.0017652258435630237
766,-0.0034837386498312753
767,-0.0075247753910722
768,-4.012266209622514e-05
769,-0.0068684018078473755
770,0.007683754780096599
771,-0.002062269821265901
772,-0.0022355912061794506
773,-0.0030654025897803496
774,-0.007424715171849127
775,-4.012266209622514e-05
776,-0.010438985850904872
777,-0.014646171497544621
778,0.0013949706986046521
779,-0.006588866959170251
780,0.001728202502429426
781,-0.00732362686262745
782,-0.003342883199483
783,0.0
784,0.0012503584733918535
785,0.006371137425134227
786,-0.013258990598027626
787,0.0
788,0.001427466419052802
789,0.00808872899295195
790,-0.0035820670887769454
791,-0.0030734309600735504
792,-0.013254336465062777
793,-0.0010944230203698481
794,-0.0021200864947980014
795,0.00010629251700679937
796,-0.0004171079938342995
797,0.0
798,-0.001129513451167398
799,-0.0031894435421520244
800,-0.003219511206768399
801,0.0020818121322144986
802,-1.3152229722802194e-05
803,0.0
804,-0.002106068344422636
805,0.00031887755102042586
806,0.0
807,-0.005746294909017901
808,-0.0029761904761904994
809,0.0
810,-0.0030988923221143515
811,-0.0103561256873529
812,-0.00923408000800055
813,-0.00468376879147985
814,-0.00764187477095075
815,0.0
816,-0.0030791454515928752
817,0.002573092670780503
818,0.0
819,0.0
820,0.0
821,-0.0004835776126656307
822,0.001728202502429426
823,0.0035318265500526276
824,-0.006649903053297344
825,0.0
826,-0.014389496219778223
827,-0.0018668946012951014
828,-0.0015997944842919994
829,0.0
830,-0.0016384680901654555
831,-0.0009453781512605
832,-0.002574403230522694
833,0.001004380733914751
834,-0.003161415037666625
835,-0.0030806717339279463
836,-0.008210331107845723
837,-0.004398140134097082
838,0.0020818121322144986
839,0.001728202502429426
840,0.0013949706986046521
841,-0.012332674530721802
842,-0.0030053688141923503
843,-0.0028815452604362057
844,0.0007815959771941385
845,0.003452949238002878
846,0.0014512516899811007
847,-0.005070734734359475
848,0.004316142122343627
849,0.004634526977034703
850,-0.025040291570566014
851,0.0054162523046286755
852,-0.004895796956759775
853,-0.002496210283773951
854,0.0
855,-4.012266209622514e-05
856,0.0
857,-0.0029636560869958743
858,-0.007574181778971923
859,-0.005191113653510476
860,0.0
861,-0.019981912161901278
862,-0.000834215987668599
863,0.013412539500573327
864,0.00010629251700679937
865,0.0076713638765855754
866,-0.004891333928805371
867,0.0
868,0.0006251792366959268
869,-0.006360976021059854
870,0.00010629251700679937
871,-0.0018877051563835866
872,-0.006387133986782855
873,0.0
874,0.00010629251700679937
875,0.0
876,-0.0016216880230626018
877,0.0025801663475920004
878,-0.009912748009566924
879,0.0014512516899811007
880,-0.0033836628439425486
881,0.0013226645859982528
882,-0.0014694763481397748
883,-0.001462200789668648
884,-0.006889411846403843
885,-0.0036843020841140998
886,-0.0014293536860435496
887,0.0
888,-0.008895609850489549
889,-0.0030843676173301013
890,-0.0023251496977580496
891,0.0
892,-0.0015812227668844988
893,-0.003570416367650824
894,-0.000834215987668599
895,0.007636189343411028
896,-0.00031578653237028
897,-0.0015254716033622439
898,-0.0008775051704002484
899,0.0
900,0.0
901,-0.00010017381434005077
902,-0.0015047419602174507
903,-0.008949600307432455
904,0.0024064171263812537
905,0.0
906,0.0
907,-0.00420255189102435
908,-0.006427903240600376
909,0.003768515178498452
910,0.0006377551020408517
911,-0.0030241824756704764
912,0.005173123505690753
913,0.0020818121322144986
914,-0.003342883199483
915,0.0
916,0.0
917,-0.013701312101623548
918,-0.004082715836246098
919,-0.0008775051704002484
920,-0.0011782814750686747
921,-0.008785821444277149
922,-0.0021804885425464725
923,-0.002890643446238751
924,-0.0056984136823638246
925,-0.00486300773956745
926,0.0
927,-0.004937559195745474
928,-0.017531459223721225
929,-0.005455102412947849
930,-0.000834215987668599
931,0.0023172634885173515
932,-0.0019805917426836232
933,-0.0021200864947980014
934,-0.0015812227668844988
935,0.0016128643398369523
936,-0.0029497127268466295
937,-0.007851089987810924
938,0.0008572600683154994
939,-0.004671636807948449
940,0.0006974853493023261
941,0.010005025661792575
942,0.0032185000621475987
943,-0.007498517745958999
944,-0.007361160708178225
945,-0.01708295548505652
946,-0.0028907719469185556
947,0.008364243688077125
948,-0.005746294909017901
949,0.002353381739125353
950,-0.0016384680901654555
951,0.0
952,-0.004702440629677296
953,1.4136854626851806e-05
954,-0.0013395297977036496
955,-0.022057485711167397
956,-0.0023364922128051285
957,-0.004040389292532952
958,-0.008863271808226849
959,0.0
960,0.005784165887759828
961,0.0126690811399621
962,0.0015147058597559
963,-0.0088594768801525
964,-0.0018197391109361014
965,0.00010629251700679937
966,-0.005893175756884552
967,0.0005393938958781251
968,-0.007361160708178225
969,-0.008080472429741001
970,0.004112745264238476
971,-0.00304464036265905
972,-0.011426061272333247
973,-0.005639710268786201
974,-0.00039140333747299683
975,-0.001941755554718795
976,-0.0057192660343247
977,0.0008432344970920238
978,-0.011296249557507776
979,-0.02045410562581141
980,-0.009827740986805925
981,0.0
982,-0.002973433338013585
983,0.0
984,-0.0057620868235125754
985,-0.004405791372727223
986,-0.0037829875569753493
987,0.0006974853493023261
988,0.0006377551020408517
989,-0.0056116408717132
990,-0.006128105915516225
991,-0.006393187625226598
992,0.0
993,-0.0081298603420696
994,0.0
995,0.0049828341401568985
996,-0.00107841045341045
997,-0.006205122782417374
998,0.0
999,-0.011041865179724525
1000,0.0
1001,0.0006974853493023261
1002,-0.0008775051704002484
1003,0.0
1004,0.0
1005,0.0004251700680271975
1006,-0.01772885559413135
1007,-0.0015997944842919994
1008,-0.0018197391109361014
1009,-0.0040056705043263995
1010,-0.003856357272490899
1011,-0.01169559148963685
1012,2.6712719971776775e-05
1013,0.005007842153799048
1014,-0.0019140500916541014
1015,-0.0011593755558402248
1016,-0.001886630129930325
1017,-0.005893175756884552
1018,-0.004518523107464647
1019,-0.0031809693574399505
1020,-0.006409958798557799
1021,-0.005408359650401123
1022,-0.005936845967054174
1023,-0.010402510271755094
1024,-0.00400539965531655
1025,0.0023172634885173515
1026,-0.016361457715288526
1027,0.0015073054311607013
1028,-0.006294683452902648
1029,-0.014792427164373793
1030,-0.006986380596274402
1031,-0.006273811159482126
1032,-0.0025521005442438963
1033,0.00042517006802722523
1034,-0.0029636560869958743
1035,0.0
1036,-0.0008743386497648241
1037,-0.0009107406354269005
1038,0.0
1039,-0.0069449483568853
1040,0.0014512516899811007
1041,-0.0005788174627764501
1042,0.00010629251700679937
1043,0.0
1044,0.0
1045,-0.0008897970694645495
1046,-0.006199201233394576
1047,-0.00402723706281015
1048,0.0011761376193359253
1049,0.00947329420246653
1050,0.0005314625850340246
1051,-0.005478915813924174
1052,-0.0017240130571331484
1053,-0.004976894205117436
1054,0.0
1055,-0.000611042382069075
1056,-0.006083908528516349
1057,0.0023001246093744543
1058,0.0
1059,-0.0031894435421520244
1060,-0.0021602091568942265
1061,0.0
1062,-0.011574239383822672
1063,0.0010645266721469255
1064,-0.011188483688738348
1065,0.0007392682232215987
1066,-0.0048457979557487985
1067,-0.0001611476817977315
1068,-0.0020070186215676465
1069,0.002316599993678275
1070,-0.0056640217185295
1071,0.001699604573646756
1072,-0.0031677817231312248
1073,-0.009113337149964953
1074,-0.0105071306949551
1075,0.0
1076,0.0
1077,-0.00523325966781395
1078,-0.005595596552719002
1079,-0.012227216020749495
1080,-0.010409654097925172
1081,-0.0070548842508449255
1082,-0.009815012152497648
1083,0.0
1084,-0.004665197074072349
1085,0.0
1086,0.0
1087,-0.003570416367650824
1088,0.0
1089,-0.005323245191938525
1090,0.0005614546205165512
1091,0.00010629251700679937
1092,0.006798273276501177
1093,-0.008050810802812797
1094,0.0006974853493023261
1095,0.0
1096,0.0
1097,-0.0015349035969240248
1098,0.00046280203514972515
1099,0.0005393938958781251
1100,-0.005275974025974049
1101,0.0
1102,0.0
1103,-0.001941755554718795
1104,-0.007069742505676948
1105,0.0038309200668541
1106,-0.0020255903389751473
1107,-0.015569969483536384
1108,0.0
1109,0.011311080005227805
1110,0.016265453975403403
1111,-0.006718485184003094
1112,-0.003923731346221777
1113,0.0009256040702994503
1114,-0.006413779070051652
1115,-0.008328387252046947
1116,0.00010629251700679937
1117,-0.013582801115568682
1118,0.0
1119,-0.005572865771940251
1120,0.0006251792366959268
1121,0.0
1122,-0.0016648553515253752
1123,-0.0028844813793762504
1124,-0.0008775051704002484
1125,0.0032185000621475987
1126,0.00010629251700679937
1127,-0.004142585807647073
1128,-0.00029614545121034973
1129,-0.002918728623172648
1130,-0.004106036753037173
1131,0.008277103033349997
1132,-0.012646761744069077
1133,-0.0024721223130865014
1134,0.00458791482640165
1135,0.0025879396199142007
1136,-0.006471762959968401
1137,-0.0094860311830032
1138,-0.008760272831080697
1139,-0.002141444374431145
1140,0.0
1141,-0.0030843676173301013
1142,-0.0015997944842919994
1143,0.004163624264428997
1144,-0.0003091431338726608
1145,-0.0099095544844266
1146,-0.0009201855159417357
1147,0.0
1148,0.0023172634885173515
1149,-0.0030428307946154982
1150,0.0
1151,-0.001295857120418023
1152,0.0
1153,-0.008409935600475598
1154,-0.021441424057297955
1155,-0.0021266626096594025
1156,0.0006377551020408517
1157,-0.00107841045341045
1158,-0.008614004024261428
1159,-0.002138882084073951
1160,-0.0037788241052003
1161,0.0014111290278848755
1162,-0.00894199306432695
1163,-0.0015349035969240248
1164,-0.0015812227668844988
1165,-0.00257984146726875
1166,-0.001016272088314125
1167,-0.008443597066910526
1168,-0.0036244961762032482
1169,-0.006289578283175951
1170,-0.007374390122493479
1171,-0.0015997944842919994
1172,-0.005897589091448552
1173,-0.0109578018024089
1174,0.0020818121322144986
1175,-0.0040056705043263995
1176,-0.004862942516154573
1177,0.0009256040702994503
1178,0.0
1179,-0.0044154361858575976
1180,0.0013507741383266755
1181,0.0
1182,0.00402832711180388
1183,-0.0030053688141923503
1184,-0.0053519353600331495
1185,0.0051330408925964015
1186,-0.0018197391109361014
1187,-0.007363196257898601
1188,0.00042517006802722523
1189,0.0005393938958781251
1190,0.0006974853493023261
1191,-0.0008775051704002484
1192,-0.028594056912858344
1193,-0.0074261365158333
1194,0.0
1195,-0.008164928075025023
1196,-0.006149112995355874
1197,0.0
1198,-0.017191486912205227
1199,-0.005746294909017901
1200,0.0
1201,-0.0040056705043263995
1202,-0.008070010871777724
1203,0.00966618908116247
1204,-0.010791240227901455
1205,-0.014107129995475552
1206,-0.0031894435421520244
1207,0.007250644967878326
1208,-0.006077930124803952
1209,-0.003121050608795675
1210,0.0006997903106264018
1211,-0.0017983380057997496
1212,-0.003305358653461202
1213,-0.000611042382069075
1214,-0.01538153806740668
1215,-0.0062232841946029994
1216,0.002500887939862349
1217,0.0
1218,0.0025164590658208023
1219,-0.004596955089731129
1220,0.0
1221,-0.020224442982001874
1222,0.0025446141673642238
1223,-6.149856328855133e-05
1224,-0.008086413269979473
1225,-0.006532839872105149
1226,-0.004294162368998402
1227,-0.01641128851428773
1228,-0.0029789561697249004
1229,-0.010459082991749568
1230,-0.003758092352064323
1231,0.0027123725744478966
1232,-0.0018640332805196498
1233,-0.0056775946977895494
1234,-0.002062269821265901
1235,0.0
1236,0.0
1237,0.0005489686086580002
1238,0.0
1239,-0.0025194075589853246
1240,0.0023172634885173515
1241,-0.0045794184425292025
1242,0.00021258503401359874
1243,-0.008222392397383798
1244,-0.005099879690348928
1245,-0.004742729338855425
1246,0.01271106504940693
1247,-0.0008810205122723998
1248,0.010474695836210551
1249,0.005912791772905754
1250,0.0
1251,0.00021260947630100002
1252,0.0
1253,-0.0004848213749146751
1254,0.0014512516899811007
1255,-0.0067634374427923746
1256,0.0
1257,-0.008445497796055124
1258,-0.002937928692137574
1259,0.009589637487281826
1260,0.0
1261,0.0006974853493023261
1262,-0.00021355305228936902
1263,0.00032782024044755026
1264,0.0013949706986046521
1265,0.0037278691426960516
1266,0.0
1267,0.0
1268,-0.007535474853673423
1269,-0.004995176529796974
1270,-0.003729730096405621
1271,0.0026722499123516714
1272,0.0
1273,-0.0018228833216607484
1274,-0.002111839836360979
1275,0.0013226645859982528
1276,0.007086734847654551
1277,-0.0004848213749146751
1278,-0.004640343151028325
1279,-0.0015026844070961751
1280,-0.0047506373318944705
1281,-0.0037162157953843497
1282,-0.01160006526250917
1283,-0.019167443750284847
1284,0.0
1285,0.0010445033960109762
1286,-0.015272944312073874
1287,-0.005518945268410871
1288,-0.014738354371611227
1289,-0.012129526048837576
1290,0.0
1291,-0.0023895329579082993
1292,0.0
1293,0.0024094858451212267
1294,0.0012503584733918535
1295,0.001728202502429426
1296,-0.0015904846787199753
1297,0.0010445033960109762
1298,-0.0004171079938342995
1299,-0.01640276992931615
1300,-0.003090265931069475
1301,0.014373371507273275
1302,-0.005028781716357201
1303,0.0011421085561084399
1304,-0.004856050818260099
1305,0.0
1306,0.00016391012022377513
1307,-0.0015188954885008428
1308,-0.0008393637288916754
1309,-0.006279390127958324
1310,-4.012266209622514e-05
1311,-0.007361160708178225
1312,-0.007463198325906576
1313,-0.007130049647370549
1314,0.0012503584733918535
1315,-0.00836233397485775
1316,-0.012140126467364402
1317,-0.008731357919345546
1318,0.0053118899505579294
1319,0.0020614343062542
1320,-0.010761253206574001
1321,-0.000166343669250625
1322,-0.013093744228749529
1323,0.00042517006802722523
1324,0.0
1325,0.0020818121322144986
1326,0.0009256040702994503
1327,-0.007595508629261422
1328,-0.0038263901370624246
1329,-0.0031633664204678523
1330,0.0
1331,-0.015182578930421825
1332,0.0
1333,-0.008464713358321127
1334,0.0
1335,-0.006183259939444453
1336,-0.00312437914304415
1337,0.0002702026372305745
1338,-0.00443130918224257
1339,-0.009356716791627123
1340,-0.003932779644923024
1341,0.0
1342,0.0
1343,0.0
1344,0.0
1345,-0.0030428307946154982
1346,0.0
1347,0.0
1348,0.0
1349,-0.0051176348506216445
1350,-0.001456791564362351
1351,0.0020614343062542
1352,-0.0112156580882744
1353,0.0006990925031622741
1354,-0.005557907818211926
1355,-0.0006778041354502974
1356,-0.004149950028631048
1357,-0.0035820670887769454
1358,0.0016750638382443742
1359,0.0
1360,0.00025516568742407503
1361,-0.0024354937560016952
1362,-0.011546866666869316
1363,0.0
1364,-0.001945605111324803
1365,0.0036742986460911523
1366,-0.0017433760461252022
1367,-0.006151222102988851
1368,-0.0072904545108338666
1369,-0.01082399910284415
1370,-0.0034298784342073558
1371,0.0
1372,-0.003391376587188028
1373,-0.0096184432087023
1374,0.0
1375,0.0
1376,0.0026866135429501267
1377,-0.004062911238003826
1378,0.0
1379,-0.006649903053297344
1380,-0.016603151835413242
1381,-0.0032671940902798003
1382,0.0005103313748481501
1383,-0.0026830059183281466
1384,-0.007069137022212724
1385,0.006106542530121526
1386,-0.006355763022157249
1387,0.0043623826518881526
1388,-0.00031578653237028
1389,-0.0038828739845925987
1390,-0.0013572490384162752
1391,0.006027294686697751
1392,-0.0032118351455392006
1393,-0.004787280070187575
1394,-0.0015026844070961751
1395,0.009233565670156048
1396,0.0
1397,-0.005363864070343973
1398,0.0006377551020408517
1399,-0.0073342674603972535
1400,-0.005893175756884552
1401,-0.010764882656347875
1402,-0.004080742765653074
1403,-0.0056722453449774505
1404,-0.0008775051704002484
1405,0.0010445033960109762
1406,0.0008292089258685759
1407,-0.008815313276696799
1408,-0.005690258458515077
1409,-0.0060404059489578
1410,0.0
1411,0.0
1412,-0.01202850609628945
1413,-0.011404771923291625
1414,0.0
1415,-0.0029543131215927503
1416,-0.0018055747274890008
1417,0.0
1418,-0.0014985116822747503
1419,-0.005329463911545701
1420,-6.576114861401097e-06
1421,0.00010629251700679937
1422,-0.0014992558411373758
1423,-0.0034802758551563504
1424,0.0020818121322144986
1425,-0.000834215987668599
1426,0.0
1427,0.0
1428,-0.005070613877634349
1429,-0.0019559773042591017
1430,-0.002939013038863724
1431,-0.008799216563502852
1432,0.0022948618694028297
1433,0.0014512516899811007
1434,0.00578415393930755
1435,-0.004799964380050572
1436,0.0
1437,0.0
1438,0.0
1439,-0.006027674183009075
1440,-0.0003091431338726608
1441,0.0
1442,-0.0030291481703355492
1443,-0.0003091431338726608
1444,0.00031887755102042586
1445,-0.007994689278874126
1446,-0.0073342674603972535
1447,0.003983647407781699
1448,-0.013026614962541976
1449,0.0
1450,0.000630649463078425
1451,-0.002889230306920801
1452,-0.00544670413922918
1453,-0.01073024202894865
1454,0.0
1455,-0.0002523259337043216
1456,0.0
1457,-6.576114861401097e-06
1458,-0.010418635077727355
1459,-0.00542278364094443
1460,0.0013949706986046521
1461,0.0
1462,-0.0058270050404341765
1463,-0.003387832520648249
1464,0.0
1465,0.005494392320816171
1466,-0.0018582450843560756
1467,-0.009738477495415728
1468,-0.0007254873054131248
1469,-0.00242769269870945
1470,0.00968934800699328
1471,-0.00736759738186285
1472,0.0010811560292526504
1473,0.009395581647900629
1474,-0.013633834564234872
1475,0.0016750638382443742
1476,0.0
1477,-0.0008810205122723998
1478,-0.00320521066584585
1479,-0.0012122270003324487
1480,0.0022482746039311505
1481,-0.016741923224912324
1482,-0.002563661658752746
1483,-0.0039342086215445
1484,-0.009710360055275244
1485,0.0
1486,0.0
1487,-0.0027777417575397248
1488,-0.00283519528311195
1489,0.0
1490,-0.0028241581313750014
1491,0.008180680983247743
1492,-0.004244358931350431
1493,-0.00513771186440675
1494,-0.010811928404101827
1495,-0.002937928692137574
1496,-0.0046556010218656504
1497,-0.005169370830152668
1498,-0.015075989001418447
1499,0.0
1500,0.0
1501,-0.002062269821265901
1502,-0.003219511206768399
1503,-0.004949649647931046
1504,0.0
1505,0.004562234986712526
1506,0.00016391012022377513
1507,-0.00545273615821246
1508,-0.012660366537608825
1509,-0.012027466921360497
1510,-0.0060563451551127745
1511,-0.014611482347541421
1512,-0.008268812589699649
1513,0.0
1514,-0.0015812227668844988
1515,0.0020614343062542
1516,0.00016391012022377513
1517,0.002358851965507851
1518,-0.0014293536860435496
1519,0.0
1520,-0.011191193105438004
1521,0.0021545829479956025
1522,0.00010629251700679937
1523,-0.0004171079938342995
1524,0.0
1525,0.015637515616146652
1526,0.0062932951046547544
1527,-0.007365229151145572
1528,-0.037106471231570445
1529,0.0
1530,-0.021987992670440326
1531,0.0
1532,-0.0014985116822747503
1533,-0.0004934736346614791
1534,-0.0045794184425292025
1535,-0.009520117434336475
1536,0.02173894106094285
1537,-0.0009399138958637934
1538,-0.0053267176940256815
1539,-0.0064916264752872
1540,0.007396845076480012
1541,-0.0016384680901654555
1542,0.0008319183619973497
1543,-0.0052483564970831256
1544,-0.008994786763565401
1545,0.00016391012022377513
1546,-0.0018475824942873614
1547,-0.0136198120170037
1548,-0.00047268907563025
1549,-0.003914859905945093
1550,-0.0019838344945426814
1551,0.006437000124295197
1552,0.010650214221031802
1553,-0.0018197391109361014
1554,-0.010309312550135626
1555,-0.0003384061958116506
1556,0.0028124018575629
1557,-0.005023298063956974
1558,0.0
1559,-0.00784757094817625
1560,-0.01312517423471115
1561,-0.0032671940902798003
1562,0.0
1563,0.013586498157934702
1564,-0.00225828702942668
1565,-0.004234115463568374
1566,-0.0008810205122723998
1567,-0.0031536762842660007
1568,-0.0009649785785990012
1569,-0.00020646633134685014
1570,-4.012266209622514e-05
1571,-0.004080742765653074
1572,-0.0016183662016995
1573,-0.0028158148904751305
1574,-0.0034119568751565
1575,-0.00638712613144435
1576,-0.0027882904732379004
1577,-0.00047268907563025
1578,-0.0045946077192795
1579,-0.0020255903389751473
1580,0.0012503584733918535
1581,-0.0014293536860435496
1582,-0.011503997583324746
1583,0.008364243688077125
1584,0.0
1585,0.0031794541924105267
1586,-0.0078618018095593
1587,0.0009412153395191927
1588,0.0
1589,-0.008411521388216249
1590,0.0
1591,0.00014426088695072533
1592,-0.0028192607251190435
1593,-0.0031894435421520244
1594,-0.0052817810280343
1595,-0.0022464557462593474
1596,-0.002890643446238751
1597,0.001728202502429426
1598,0.0014512516899811007
1599,-0.00911574606487705
1600,-0.0032243365329411022
1601,0.0
1602,0.0
1603,0.007106791692595003
1604,-0.007092380906747023
1605,-0.0018197391109361014
1606,-0.0035778412519915804
1607,0.0
1608,0.006798273276501177
1609,0.0
1610,0.0
1611,0.0033239322930463215
1612,-0.00259800892321545
1613,0.0023907615480446257
1614,-4.012266209622514e-05
1615,-0.0145000182988246
1616,0.004634526977034703
1617,-0.0059141191683280735
1618,-0.0015188954885008428
1619,-0.007724856372807899
1620,-0.002261391643695083
1621,-0.0060436693381434
1622,0.003698422538240006
1623,-0.012184326829156999
1624,0.0012901040081833692
1625,0.009182866441858027
1626,-0.020057770978508974
1627,0.00010629251700679937
1628,0.00461844999697443
1629,-0.008605286079570326
1630,-0.00320521066584585
1631,-0.008305758598098349
1632,-0.0005126760894336689
1633,0.00042517006802722523
1634,-0.0032919770085607794
1635,-0.0019206262065155025
1636,-0.0015188954885008428
1637,-0.015298103668920473
1638,0.003007416202513949
1639,0.0
1640,0.0
1641,0.002106261348147801
1642,-0.00513771186440675
1643,0.005784165887759828
1644,0.0027363392961652017
1645,-0.002099911517451098
1646,0.00010629251700679937
1647,0.0
1648,0.0
1649,-0.0077362449650468235
1650,-0.006342355303910249
1651,0.00042517006802722523
1652,-0.0001545715669363304
1653,-0.0004418231883020502
1654,0.0014084133427491007
1655,0.00032782024044755026
1656,-0.001973104351226298
1657,-0.011266088274795059
1658,-0.00017594298826899952
1659,-0.0013030088347784248
1660,0.0
1661,0.002506982200241724
1662,0.0024034932366856524
1663,0.004355277012925726
1664,0.0014512516899811007
1665,0.0
1666,0.0003614582044308744
1667,-0.011583455283013949
1668,-0.007069692840033047
1669,-0.006168735234660203
1670,-0.001973104351226298
1671,0.0
1672,0.0
1673,-0.001941755554718795
1674,0.0
1675,-0.012044724743705933
1676,-0.0009746152475960726
1677,0.0009584697035259753
1678,0.0
1679,0.0011883092027879863
1680,-0.004004368835142156
1681,0.0
1682,-1.3152229722802194e-05
1683,-0.004530106039481073
1684,-0.010612214829167925
1685,0.0
1686,-0.000834215987668599
1687,0.0013949706986046521
1688,0.0009566326530612776
1689,0.0
1690,-0.003197211694435622
1691,-0.0017287611545285754
1692,-0.00031578653237028
1693,-0.003743206725230647
1694,-0.0008893974256369
1695,-0.009346102574311243
1696,-0.002076063384626452
1697,-0.000951826348876199
1698,0.0034044767182127515
1699,-0.0016855546203811723
1700,0.0014512516899811007
1701,-0.007843434446998521
1702,0.0
1703,-0.0025902944390416545
1704,-0.012407539282752553
1705,-0.001443742672476848
1706,0.0016128643398369523
1707,-0.0030053688141923503
1708,-0.003360323332471275
1709,-6.576114861401097e-06
1710,-0.00266955678122165
1711,0.0057521219300652945
1712,-0.014277398948641624
1713,0.0030182933604134266
1714,-0.0074591448377004585
1715,0.0
1716,-0.004692571906959042
1717,0.004482686758820799
1718,0.0
1719,-0.0050362898389507485
1720,-0.021792809039034973
1721,-0.0019983307607187983
1722,-0.0012089701255570497
1723,-0.0067932513919952454
1724,-0.0013344957822829994
1725,0.0
1726,-0.018928958197780947
1727,0.0
1728,-0.0016384680901654555
1729,-0.0014785101984094258
1730,-0.016458256746286152
1731,0.0
1732,-0.007554083951823401
1733,-0.00252178334259355
1734,0.003324792579154398
1735,-0.002600216645238223
1736,0.00010629251700679937
1737,0.0023172634885173515
1738,-0.0004848213749146751
1739,-8.218988374581945e-05
1740,0.0
1741,-0.005161520199047599
1742,-0.013047607405212297
1743,-0.006847627594044778
1744,0.00266111715828065
1745,-0.012731374401018451
1746,-0.0014633144067048923
1747,-0.0016558289907123262
1748,0.0
1749,0.0013226645859982528
1750,-0.0041935807320607746
1751,0.0025610954523252773
1752,-0.0029571287611025
1753,-0.015529882940542097
1754,-0.00033268733850125
1755,0.00010629251700679937
1756,0.0016750638382443742
1757,-0.00402723706281015
1758,-0.007306968911211724
1759,0.0011655007589715521
1760,-0.00523325966781395
1761,0.002935528925835205
1762,0.00010629251700679937
1763,-0.0008897970694645495
1764,0.00010629251700679937
1765,-0.006743420458489521
1766,-0.003761664202611749
1767,-0.002890643446238751
1768,-0.003360323332471275
1769,-0.00022639482149445063
1770,0.0014512516899811007
1771,-0.00922260209829405
1772,0.00042517006802722523
1773,0.007020727273039248
1774,-0.0071936661886967505
1775,-0.005991939854506226
1776,-0.011425825472198593
1777,-0.0012405764902920233
1778,-0.007728002357836428
1779,-0.01602935228158285
1780,-0.0003224299308678992
1781,-0.008815326756590896
1782,-0.0004937382012829001
1783,-0.0028714433772738246
1784,-0.0015812227668844988
1785,-0.010976013111209347
1786,0.0
1787,-0.0049889854540212455
1788,-0.005220535178942401
1789,0.0
1790,0.0036917530620186427
1791,0.002370832144295336
1792,-0.006485436636491551
1793,-0.010871570578693052
1794,-0.0018110895939970756
1795,0.01085246927253328
1796,-0.006770550269805605
1797,0.0020818121322144986
1798,-0.007018276682289675
1799,-0.006001546365533794
1800,0.0022435138029153773
1801,-0.003145869859501973
1802,-0.004891333928805371
1803,-0.00265269920001375
1804,-0.0048457979557487985
1805,-0.008076713918370951
1806,-0.002232662702011374
1807,-0.0035820670887769454
1808,-0.00283519528311195
1809,0.006499763310280153
1810,-0.0026397907151575997
1811,-0.007551736480382
1812,0.0
1813,-0.006062561138554724
1814,-0.007539300478934244
1815,0.0021402521990040745
1816,-0.000881140386459991
1817,0.012007361956662035
1818,-0.008502142301035753
1819,-0.003360323332471275
1820,0.00042517006802722523
1821,0.004387436412692271
1822,-0.006285828050713774
1823,0.0006377551020408517
1824,-0.0029388913364278495
1825,-0.0004171079938342995
1826,-0.00736350482876345
1827,-0.001973104351226298
1828,0.016458538624117454
1829,0.0
1830,0.00032782024044755026
1831,-0.000834215987668599
1832,0.0
1833,-0.0032424969135139
1834,-0.00028408861276220214
1835,0.004832988586513725
1836,-0.009078076253047199
1837,-0.00250391827933135
1838,-0.005571027364645351
1839,-0.004097304247977799
1840,0.0055227296794463036
1841,0.0
1842,-0.011083721066538401
1843,-0.006508344367267237
1844,-0.008169606480569275
1845,-0.0031894435421520244
1846,-0.0022355912061794506
1847,0.0
1848,0.00402832711180388
1849,-0.01828350171865175
1850,-0.0015188954885008428
1851,0.0
1852,0.0
1853,-0.009706975205264548
1854,-0.0015767441427590612
1855,-0.001456791564362351
1856,0.003137542642475122
1857,-4.012266209622514e-05
1858,-0.002600216645238223
1859,0.0
1860,0.0
1861,0.003785201409518473
1862,0.0
1863,-0.006400452600748001
1864,-0.0004171079938342995
1865,-0.005557907818211926
1866,-0.022827951626538223
1867,0.0026291784714815
1868,0.0
1869,-0.003661255357792704
1870,-0.00036800772830764645
1871,0.0006251792366959268
1872,0.0
1873,0.010816502420426328
1874,-0.0020081756594866468
1875,0.0
1876,-0.00031578653237028
1877,-0.0003224299308678992
1878,-0.0021200864947980014
1879,-0.0007302969000814999
1880,-0.007880233962571426
1881,0.0
1882,-0.0006778041354502974
1883,-0.003388818583433998
1884,-0.004991251656566824
1885,0.004263003458158575
1886,-0.00047268907563025
1887,0.004408173004673398
1888,-0.0020924128257411856
1889,0.0009256040702994503
1890,-0.008055134022320902
1891,-0.007170697505511449
1892,-0.0004171079938342995
1893,0.008436254340555
1894,0.0001736339803597997
1895,0.0
1896,0.014710524909459875
1897,-0.0028124361061658484
1898,-0.000834215987668599
1899,0.0
1900,0.0
1901,-0.0023659007449767008
1902,-0.009404441148527523
1903,0.0
1904,0.0
1905,0.0013226645859982528
1906,0.0
1907,0.0
1908,0.00042517006802722523
1909,0.0014084133427491007
1910,0.0
1911,-0.0017571657551534983
1912,-0.013970892473147723
1913,-0.0014684155188925468
1914,-0.005295138888888849
1915,-0.001941755554718795
1916,-0.008497982682575674
1917,-0.002918728623172648
1918,0.0
1919,-0.007370105004961568
1920,0.00031887755102042586
1921,0.00037548377565435
1922,-0.004325618721064631
1923,-0.008955068898365346
1924,-0.0015997944842919994
1925,0.003641120021436479
1926,-0.00402723706281015
1927,0.0020818121322144986
1928,-0.011933155854452902
1929,-0.0032111843032183
1930,-2.4335490268498708e-06
1931,-0.006930885560616752
1932,0.006790213232782077
1933,0.001728202502429426
1934,0.0014084133427491007
1935,0.0006573626872061009
1936,0.00010629251700679937
1937,-0.00525255578699595
1938,-0.002581644927830722
1939,0.0
1940,0.00031887755102042586
1941,-0.0023659007449767008
1942,-0.003822226685287375
1943,-0.005295138888888849
1944,-0.0021700124251552606
1945,-0.0004171079938342995
1946,-0.007244109186120926
1947,0.005784165887759828
1948,-0.00519054530965385
1949,0.0
1950,-0.004587052024426276
1951,-0.013502446103308374
1952,-0.006130805179560699
1953,-0.00033268733850125
1954,0.0
1955,-0.004596148112670497
1956,-0.0032605786567501006
1957,0.0
1958,-0.0008893974256369
1959,-0.005493714912596651
1960,-0.003043704880426998
1961,-0.009396537281663155
1962,-0.016402424084233827
1963,0.0006377551020408517
1964,0.0020818121322144986
1965,-0.007123573560268572
1966,0.0
1967,-0.0072430419045945525
1968,3.152307154249273e-06
1969,-0.009686225092362874
1970,-0.004625411541008347
1971,-0.0075582638062753746
1972,-0.002918728623172648
1973,-0.020546149804360078
1974,0.007928098791941446
1975,-0.004751006659242996
1976,-0.0035376424666943977
1977,0.0
1978,-0.0030811697134741746
1979,0.005175008346920577
1980,-0.010758235943280476
1981,0.0
1982,-0.0044292274221180835
1983,-0.0042488783246538726
1984,-0.004671636807948449
1985,-0.003083151025145225
1986,-0.0064342550752082995
1987,0.00010629251700679937
1988,-0.010154300597061624
1989,-0.0018475824942873614
1990,0.0
1991,-0.008454883975233102
1992,-0.0016384680901654555
1993,0.00010629251700679937
1994,0.0
1995,-0.004856050818260099
1996,-0.009700543794398624
1997,0.00921213588472805
1998,-0.004488868420862147
1999,-0.000834215987668599
2000,0.0
2001,0.008515673142093949
2002,-0.007051540755615704
2003,0.0020818121322144986
2004,-0.0020044531477338007
2005,-0.000887956689022998
2006,0.0
2007,-0.00828850773007445
2008,0.0007983680000165088
2009,-0.003920335965015747
2010,-0.0030462025208154234
2011,-0.005381778756987271
2012,0.005674055584843102
2013,-0.00443130918224257
2014,-0.0015812227668844988
2015,0.0
2016,0.010480714588449434
2017,-0.003299756530960849
2018,-0.025620290365867177
2019,0.0
2020,-0.0042527295599464
2021,0.004143703357495151
2022,-0.004748665896617399
2023,-0.00266955678122165
2024,0.0
2025,-0.005548325386754526
2026,0.0006251792366959268
2027,-0.00591857878582175
2028,-0.000166343669250625
2029,-0.0008775051704002484
2030,-0.0051742613776814
2031,0.0025961174375223267
2032,-0.002062269821265901
2033,0.006192988758936276
2034,0.0009582341551401261
2035,0.00010629251700679937
2036,0.0
2037,0.005554491125385827
2038,0.004143246438468699
2039,-0.002890643446238751
2040,-0.0021927714130984474
2041,-0.017639949680227005
2042,0.0006974853493023261
2043,-0.01609403135124665
2044,-0.003078586793290125
2045,-0.00312437914304415
2046,-0.0029571287611025
2047,-0.0081403190632208
2048,0.006080710070641128
2049,-0.006014444827850601
2050,-0.0066570105845384486
2051,-0.007745061569291173
2052,0.00042517006802722523
2053,0.00018790144398025087
2054,-0.0121090769439156
2055,0.009083509999582124
2056,-0.003402057826114223
2057,-0.017303903605428925
2058,0.0015575442069879
2059,-0.0008775051704002484
2060,-0.006413779070051652
2061,-0.0021200864947980014
2062,0.00042517006802722523
2063,-0.006723314996818223
2064,0.0
2065,-0.0014172166203993996
2066,0.0027123725744478966
2067,0.003320422385641725
2068,-0.011724816216673251
2069,-0.0032671940902798003
2070,0.0006377551020408517
2071,-0.0020924128257411856
2072,-0.0032111843032183
2073,-0.007264533879092471
2074,-0.00047268907563025
2075,-0.00283519528311195
2076,0.00010629251700679937
2077,0.0
2078,0.0
2079,0.00010629251700679937
2080,-0.0021703759952958475
2081,-0.004102901052334398
2082,-0.01700877697346155
2083,-0.000972990613005775
2084,-0.007007682480824742
2085,-0.019147037681457608
2086,-0.004970539835117624
2087,-0.014365184136749774
2088,-0.004702440629677296
2089,-0.011272041773878146
2090,-0.012660441649216278
2091,-0.00047268907563025
2092,0.0
2093,-0.008838468322656475
2094,-0.011987961515315199
2095,0.004794184706662395
2096,0.0
2097,-0.004010163037397672
2098,-0.005028781716357201
2099,-0.004501273258177622
2100,0.0014512516899811007
2101,0.00010629251700679937
2102,0.0010445033960109762
2103,0.0083327309752799
2104,-0.002164002015960318
2105,-0.0025163177320915242
2106,-0.017530280123193975
2107,-0.0010132888534695288
2108,-0.0015904846787199753
2109,-0.022770168340131253
2110,0.0
2111,-0.003518328725957094
2112,0.00613358720370455
2113,0.0
2114,-0.001433690568003223
2115,-0.0016183662016995
2116,0.0
2117,-0.0025197706080497713
2118,-0.00443130918224257
2119,-0.0054092983403828485
2120,0.0
2121,-0.00266955678122165
2122,-0.004603634282331803
2123,-0.007162952049997499
2124,0.0007468960480954004
2125,-0.002207923904577848
2126,-0.0004171079938342995
2127,-0.0021778041354502987
2128,-0.006086389469464399
2129,-0.01388881902009435
2130,-0.0030053688141923503
2131,-0.00020646633134685014
2132,-0.0018804224005391917
2133,-0.007273618271883003
2134,0.0
2135,0.00021258503401359874
2136,-0.0060752402148712
2137,-0.0007146768430217748
2138,-0.0099432865279196
2139,0.001825449373850551
2140,0.00042517006802722523
2141,0.0
2142,0.0016415421370186787
2143,-0.0063285968551858
2144,-0.009634383572643023
2145,0.004611273862803647
2146,-0.00461928345071605
2147,-8.024532419245028e-05
2148,-0.007317950516998401
2149,-0.008886079337315353
2150,-0.0014293536860435496
2151,-0.007619871449733067
2152,-0.007949829438563299
2153,-0.00748421794719863
2154,-0.007800867970593674
2155,0.0073852448138755755
2156,0.0018291987962833003
2157,0.0
2158,-0.008070010871777724
2159,0.0
2160,-0.0027555876483095227
2161,0.003424575243764624
2162,0.0
2163,0.0009148776715324752
2164,-0.011660102500569671
2165,0.003724627549847301
2166,-0.0104949608056353
2167,-0.0014777660395468002
2168,0.0
2169,-0.011785876973279383
2170,-0.0006881053256749987
2171,-0.006075186086237449
2172,0.0
2173,-0.0084057959033446
2174,0.0024492659352998453
2175,0.007872382083710024
2176,-0.0030053688141923503
2177,0.0
2178,0.0
2179,-0.010901641863071871
2180,0.0
2181,0.0025460289051972714
2182,-0.0011670832026475994
2183,-0.007842638670989503
2184,0.00359278812198135
2185,0.0
2186,-0.00536236094222153
2187,-0.00312437914304415
2188,-0.007248979316114076
2189,-0.004053163489932402
2190,-0.002287877575093352
2191,0.0
2192,-0.011244388464805143
2193,-0.0014985116822747503
2194,-0.0012383979456608678
2195,0.0
2196,0.004218414638582697
2197,0.0014512516899811007
2198,0.002353381739125353
2199,-0.001407922962068
2200,-0.010964716904840927
2201,0.0007314717537027261
2202,0.0
2203,-0.001033167774613649
2204,0.00043464678272055364
2205,0.011629975899113451
2206,0.00010629251700679937
2207,-0.004034168380459981
2208,0.0
2209,-0.005176780443071287
2210,-0.0011593755558402248
2211,-0.00430013911180295
2212,-0.007015883451557776
2213,0.0
2214,0.0
2215,-0.004625411541008347
2216,-0.004586482583868599
2217,-0.00018123948213867244
2218,-0.010887481303049625
2219,-0.004346492487660324
2220,0.003724627549847301
2221,-0.006809189804999228
2222,-0.00513208217964015
2223,-0.004870246414649251
2224,-0.0025514861710929483
2225,1.0920085467127933e-05
2226,-0.002062269821265901
2227,-0.0001611476817977315
2228,-0.0029636560869958743
2229,-0.0051641285870303
2230,0.0
2231,-0.008563730011894602
2232,0.0022948618694028297
2233,-0.006214189203457052
2234,-0.0018903659007571596
2235,-0.0062361150065315014
2236,-0.0036671337301986268
2237,0.0027800655236670767
2238,-0.007641805477734059
2239,-0.0019140500916541014
2240,0.002818665091454696
2241,0.0
2242,-0.0004848213749146751
2243,-0.00516571967033205
2244,-0.007164167630381697
2245,0.0012503584733918535
2246,-0.0031810172511764984
2247,0.0
2248,0.0
2249,-0.010800749917483275
2250,-0.0009585303809833022
2251,0.0
2252,-0.00033268733850125
2253,-0.00402723706281015
2254,-0.011907321973868151
2255,0.0
2256,-0.0012089701255570497
2257,-0.005084112566655103
2258,-0.0010229333110759013
2259,-0.0029571287611025
2260,0.0014512516899811007
2261,-0.0070931697734315
2262,0.0
2263,-0.0071629715361718
2264,-0.008631082045334746
2265,-0.007018671457790648
2266,-0.007075697546959123
2267,-0.00033268733850125
2268,-0.0018475824942873614
2269,-0.001771357267129375
2270,0.0016258422490462035
2271,-0.004530106039481073
2272,0.0
2273,-0.006304102987960201
2274,-0.007155253672527142
2275,-0.0051641285870303
2276,0.005912791772905754
2277,-0.007328130602990618
2278,-0.0016512200385290256
2279,-0.004283776664448724
2280,0.0
2281,0.0007353591694367039
2282,-0.0054248980781611
2283,-0.0018110895939970756
2284,-0.004586591581076849
2285,-0.0001611476817977315
2286,0.0
2287,0.00021258503401359874
2288,0.0
2289,0.00341548441597464
2290,-0.0108210644371619
2291,-0.008302303121560202
2292,-0.006102335244758001
2293,0.00031281034078355086
2294,-0.002605890841184975
2295,-0.00474901828613465
2296,0.0010445033960109762
2297,-0.005285556457431449
2298,0.0
2299,-0.0067795869213757975
2300,-0.003360323332471275
2301,0.0
2302,0.00010629251700679937
2303,-0.0018582450843560756
2304,-0.0022355912061794506
2305,-0.006410044284945823
2306,-0.0032738095238095
2307,-0.006724459627041598
2308,-0.008405893064647198
2309,-0.008850250037753901
2310,0.0
2311,-0.00107841045341045
2312,-0.006075095527749349
2313,-0.00443130918224257
2314,-0.00025128351254797773
2315,-0.0030053688141923503
2316,-0.0007396052352676482
2317,-0.0029571287611025
2318,-0.010693761549841526
2319,-0.0049505570487390765
2320,-0.004578725828667423
2321,0.0
2322,0.0
2323,-0.0045946077192795
2324,-0.004080742765653074
2325,0.0
2326,0.0005850565745997016
2327,-0.012080797103372582
2328,-0.005295138888888849
2329,-0.009566862780409049
2330,-0.007439540139681651
2331,-0.002062269821265901
2332,0.0032139444151231284
2333,-0.003113096376579699
2334,-0.0005001170331590983
2335,-0.00309890505155885
2336,-0.00312437914304415
2337,-0.00259800892321545
2338,-0.0018354630377119957
2339,-0.009023477064242422
2340,-0.003138468090165457
2341,-0.005273158812094399
2342,-0.008334919979458073
2343,-0.012596615149895577
2344,-0.012545975405433526
2345,0.005755517829516978
2346,-0.0033445562087774496
2347,0.0
2348,-0.0018110895939970756
2349,-0.003550124692201943
2350,-0.01310854383739437
2351,-0.0030654025897803496
2352,-0.0025194075589853246
2353,-0.011509502057880152
2354,0.001728202502429426
2355,0.0
2356,0.009353962540853909
2357,-0.006802596677195755
2358,-0.0003389020677251487
2359,-0.011592947979233503
2360,-0.002592529858900284
2361,-0.0004171079938342995
2362,-0.004930233112328798
2363,0.017173506358859676
2364,-0.005459627528676946
2365,-0.006247009456369748
2366,0.00032782024044755026
2367,-0.0045794184425292025
2368,0.0
2369,-0.00486300773956745
2370,-0.002017605377456603
2371,-0.0037013092616825
2372,0.005250344653862756
2373,-0.0079498167091188
2374,-0.007473815530261149
2375,-0.003478737937637831
2376,-0.0030119449290537514
2377,-0.0109598748560243
2378,-0.005964021280390902
2379,-0.002384700512559699
2380,0.0
2381,0.0021837717273195524
2382,-0.0059605399777094975
2383,-0.0029094395243523252
2384,0.00010629251700679937
2385,0.0
2386,-0.0006798096522635218
2387,0.0
2388,-0.00795494314037445
2389,-8.024532419245028e-05
2390,0.0025164590658208023
2391,0.008440672378443547
2392,0.0
2393,-0.0030734309600735504
2394,-0.006418776168275436
2395,-0.0040361939662063
2396,0.0
2397,0.0
2398,0.0
2399,0.0
2400,-0.0042131161027270745
2401,-0.0056722453449774505
2402,-0.00926428457570895
2403,-0.00047268907563025
2404,0.007572391037852105
2405,-0.0008393637288916754
2406,-0.002164002015960318
2407,-0.0036676664939414728
2408,-0.0062521058153365726
2409,0.0
2410,-0.0028241581313750014
2411,0.0
2412,0.0
2413,-0.013167600793730604
2414,-0.006776179954572205
2415,0.002565251994007076
2416,0.002444782701834302
2417,0.0
2418,-0.0042064030017479465
2419,-4.012266209622514e-05
2420,-0.0015812227668844988
2421,-0.008071572261273675
2422,0.004634526977034703
2423,0.0
2424,-0.0015904846787199753
2425,-0.0015188954885008428
2426,-0.00029614545121034973
2427,0.00380222721089165
2428,-0.018405830472233778
2429,-4.012266209622514e-05
2430,0.0
2431,-0.00977353197182805
2432,-0.00033268733850125
2433,-0.005502378067011349
2434,0.0
2435,-0.00283519528311195
2436,0.0014289571030050522
2437,-0.008069473375217974
2438,-0.0065582667937121985
2439,-0.005028781716357201
2440,0.0
2441,-0.006147323557608151
2442,0.0010445033960109762
2443,0.0
2444,-0.0016855546203811723
2445,-0.0022355912061794506
2446,-0.0060906636359127735
2447,-0.004106036753037173
2448,-0.012574524513278947
2449,-0.004656215362737193
2450,-0.007179647817211924
2451,-0.0002488973677455223
2452,-0.001926017821010581
2453,-4.012266209622514e-05
2454,0.0020818121322144986
2455,0.0
2456,-0.029126870052661832
2457,-0.006011390573377574
2458,-0.004621050328468524
2459,-0.002164002015960318
2460,0.0008319183619973497
2461,0.0007314717537027261
2462,-0.010309312550135626
2463,-0.0022355912061794506
2464,-0.0011593755558402248
2465,-0.00169091989083003
2466,-0.005765790646346675
2467,-0.0053519353600331495
2468,0.002805826371346373
2469,0.0
2470,0.0052854652452284
2471,-8.024532419245028e-05
2472,0.0
2473,-0.0030843676173301013
2474,-0.001420191687292724
2475,0.001728202502429426
2476,-0.00250391827933135
2477,0.0
2478,-0.002509520819575485
2479,0.0005058466205919761
2480,0.0
2481,0.00015929438893650533
2482,-0.0100959398211858
2483,0.00010629251700679937
2484,0.0006377551020408517
2485,0.0027123725744478966
2486,0.00010629251700679937
2487,-0.0017433760461252022
2488,0.0
2489,0.0
2490,-0.001973104351226298
2491,-0.004514922441706875
2492,-0.004347549426829351
2493,-0.0005001170331590983
2494,0.0069734225797835215
2495,0.0
2496,-0.0025319586930752746
2497,0.004138521570554176
2498,-0.006213984243946648
2499,0.0
2500,0.0006456864128849245
2501,-0.0084895024645603
2502,-0.0014293536860435496
2503,0.0
2504,0.0
2505,0.0
2506,-0.008432991475781394
2507,-0.00431046576879905
2508,0.0025879396199142007
2509,0.0
2510,0.0
2511,0.0026380375604318253
2512,0.001050349304723152
2513,0.001728202502429426
2514,-6.576114861401097e-06
2515,-0.0013911592045407761
2516,-0.00038653247711095337
2517,-0.002600216645238223
2518,-0.0015026844070961751
2519,-0.003219511206768399
2520,-0.0042134877583552485
2521,-0.003360323332471275
2522,0.0
2523,-0.0029636560869958743
2524,0.00010629251700679937
2525,-0.007416557802956268
2526,0.0
2527,-0.00577306369940995
2528,-0.00429132041394807
2529,0.0025164590658208023
2530,-0.0020769535975727997
2531,0.0033075195560130013
2532,0.0
2533,0.0
2534,0.007455761018114174
2535,0.0031491818505147012
2536,0.0
2537,0.004749838278893352
2538,0.004218048136621461
2539,0.0
2540,-0.006766855915439492
2541,-0.0027768785894182963
2542,-0.000951826348876199
2543,-0.011763366296321725
2544,0.0
2545,-0.0025194075589853246
2546,-0.002141444374431145
2547,-0.011209083824268697
2548,0.011629975899113451
2549,-0.001510506787095179
2550,-0.0084674216019405
2551,0.0
2552,-0.005980218856278848
2553,-0.007610513297374725
2554,-0.0023514671180875496
2555,0.00042517006802722523
2556,0.001790679995667479
2557,0.0
2558,0.026201804309820578
2559,0.0
2560,0.0005393938958781251
2561,0.0
2562,-0.005723303126149047
2563,0.0
2564,0.006007702304677971
2565,-0.0034116769971927
2566,-0.003219511206768399
2567,-0.0021202327278697364
2568,-0.0030734309600735504
2569,0.0019703949202606232
2570,0.007552879481795253
2571,0.0
2572,-0.009915888599844701
2573,0.0
2574,-0.002442057537526301
2575,-0.0008893974256369
2576,0.008874040064761501
2577,-0.007597169003868124
2578,0.0017807117677656522
2579,0.00010629251700679937
2580,-0.010486993283095302
2581,0.0
2582,0.0017838971184034507
2583,-0.011362188821398726
2584,0.0
2585,-0.0027882904732379004
2586,-0.0004171079938342995
2587,0.00554107922458095
2588,0.0
2589,0.0
2590,0.0
2591,0.007462643470196653
2592,-0.005851209516460725
2593,-0.0143094505671196
2594,-0.0015997944842919994
2595,0.0038575075221248725
2596,0.0034878424132700966
2597,-0.004857979296933854
2598,-0.0051264524948735485
2599,0.0
2600,-0.008992068078998904
2601,-0.008189360241230549
2602,0.0
2603,-0.0066807311501781465
2604,-0.002259026902334796
2605,-0.0030726332675222994
2606,0.00029884881638587643
2607,0.004114316336697203
2608,-0.0033562647521884997
2609,0.0008319183619973497
2610,-0.005285556457431449
2611,-0.014355406501323777
2612,-0.0038048116843671966
2613,0.006027294686697751
2614,-0.0034069690367137242
2615,0.0026361410395377774
2616,0.0
2617,-0.003526225445007335
2618,0.008364243688077125
2619,-0.0066791509654363
2620,-0.0009453781512605
2621,-0.002581644927830722
2622,-0.01810019443487185
2623,-0.00721682513198115
2624,0.00010629251700679937
2625,-0.0013684899599621307
2626,-0.0030053688141923503
2627,0.0
2628,0.0006974853493023261
2629,0.0034267149026485245
2630,-0.015362839558943384
2631,-0.008769631388208327
2632,-0.0008893974256369
2633,-0.0015812227668844988
2634,0.0010445033960109762
2635,0.0006251792366959268
2636,-0.001442681496466875
2637,0.0
2638,-0.009738477495415728
2639,0.0
2640,-0.0031633664204678523
2641,0.0017652888550438502
2642,-0.005556489930416603
2643,0.0
2644,-0.005242842099271349
2645,-0.009622292882341772
2646,0.0
2647,-0.005242842099271349
2648,0.046978235649246906
2649,-0.004945918965942449
2650,-0.003173676418458199
2651,-0.000598852504125771
2652,-0.005548325386754526
2653,0.0027123725744478966
2654,-0.0031677817231312248
2655,-0.002937928692137574
2656,0.0
2657,-0.0004171079938342995
2658,-0.0030053688141923503
2659,-0.0029989172749166
2660,-0.003238262574457455
2661,0.00010629251700679937
2662,-0.0007146768430217748
2663,-0.004819381590479149
2664,-0.014629358530668797
2665,-0.010703840190155665
2666,-0.00328816941702895
2667,-0.006894933373180849
2668,-0.007395846543899971
2669,-0.0077837266478863725
2670,-0.0016384680901654555
2671,-0.005018513922333801
2672,-0.000611042382069075
2673,0.0009582341551401261
2674,-0.0001545715669363304
2675,-0.005929574254618349
2676,-0.0020628131658552503
2677,-0.0003290060457293003
2678,-0.004746067166106751
2679,-0.010983313544487526
2680,0.004143703357495151
2681,-0.012705523670095649
2682,0.0027310779287473535
2683,-0.0018740206696522964
2684,-0.005332827623395925
2685,0.00032782024044755026
2686,0.010797336913932299
2687,0.0
2688,-0.0009761494262178999
2689,0.0
2690,-0.006104265652591774
2691,-0.00309890505155885
2692,0.00037548377565435
2693,-0.0024721223130865014
2694,0.00012084502222445542
2695,0.00021258503401359874
2696,0.0012503584733918535
2697,-0.0048445477285001225
2698,-0.007899221064817847
2699,0.0
2700,0.0027123725744478966
2701,-0.005639904036217726
2702,-0.0024721223130865014
2703,-0.0015026844070961751
2704,-0.012197997031860199
2705,-0.007034113365526602
2706,0.001728202502429426
2707,-0.01002282557514888
2708,-0.0027929606455478614
2709,-0.0003224299308678992
2710,0.003332170605606352
2711,0.0
2712,-0.005393896018607501
2713,0.002188104649221298
2714,0.0
2715,-0.0022355912061794506
2716,-0.0008897970694645495
2717,0.0
2718,-0.0025598803620770503
2719,0.0
2720,-0.003089840723293694
2721,-0.003393924865640454
2722,0.00010629251700679937
2723,-0.004779928220872
2724,-0.008553724466531774
2725,0.0
2726,-0.010177604091260471
2727,0.0
2728,-0.0008505182346138732
2729,0.00031887755102042586
2730,-0.004693083523296801
2731,-0.002188074758943652
2732,-0.0058270050404341765
2733,-0.0018946690245030783
2734,0.00998197561353275
2735,-0.00928162690374554
2736,-0.012805313279668998
2737,0.0
2738,-0.018161547780960203
2739,-0.005121115672321974
2740,-0.0035309210247583996
2741,-0.006450022198902125
2742,0.0007509675513087
2743,0.0
2744,0.0017576184435334485
2745,0.0
2746,-0.008975498063179349
2747,0.010794451609427862
2748,-0.014021280201788649
2749,-0.00259800892321545
2750,-0.004807809743851524
2751,0.005786061856101501
2752,-0.007476996500846997
2753,-0.0052012132604237985
2754,0.005780234670454505
2755,-0.005572865771940251
2756,-0.004785041411798571
2757,-0.005028437819864172
2758,0.008277103033349997
2759,-0.012303102672884252
2760,0.0013281348123807511
2761,-0.004991251656566824
2762,-0.012172229706237197
2763,-0.005219420374658085
2764,-0.0016384680901654555
2765,-0.0011593755558402248
2766,-0.01083906286172415
2767,-0.003272799220868535
2768,0.0
2769,-0.006969326591322274
2770,0.0019018352755672003
2771,0.00010629251700679937
2772,0.0007087497704724253
2773,-0.0038804185084840223
2774,-0.0016183662016995
2775,-0.023234532148917332
2776,0.0
2777,0.007149202793611925
2778,0.0038906331025375003
2779,0.0005294092406222537
2780,0.0014084133427491007
2781,0.0
2782,-0.003251014522821025
2783,-0.0034088049846222246
2784,-0.004850924387004449
2785,0.0
2786,0.0
2787,-0.004476575460820302
2788,-0.0180336105172092
2789,-0.0003023203597959474
2790,-0.00219669962395114
2791,0.0023172634885173515
2792,0.00031887755102042586
2793,0.0005829859278716253
2794,-0.010826392785530051
2795,0.00025516568742407503
2796,-0.005032569114529273
2797,-6.576114861401097e-06
2798,-0.005049541586843686
2799,0.002701610163372954
2800,-0.013140263627110647
2801,-0.014637841737317225
2802,-0.005285556457431449
2803,0.0020818121322144986
2804,-0.0017620410245447996
2805,-0.005332827623395925
2806,0.0023907615480446257
2807,-0.00312437914304415
2808,-0.006149755696499001
2809,-0.0008775051704002484
2810,-0.00645122923497755
2811,-0.00033268733850125
2812,-0.009600352512743052
2813,-0.010881153010150451
2814,-0.006153364086036253
2815,-0.00036898431975619997
2816,-0.008986688921424776
2817,-0.005804256630323846
2818,-0.00020646633134685014
2819,-0.0020309210247583982
2820,0.0023172634885173515
2821,-0.011883530527438702
2822,-0.0030053688141923503
2823,-0.006550407041773007
2824,0.0018291987962833003
2825,-0.005451314933070349
2826,0.0
2827,0.00016391012022377513
2828,0.00010629251700679937
2829,0.0
2830,-0.0058880265681499
2831,-0.0009144613118610492
2832,0.0
2833,-0.007130905642607349
2834,0.001728202502429426
2835,0.0
2836,-0.00809973716608715
2837,-0.0017673931950835512
2838,-0.009037759058669676
2839,0.0
2840,-0.010357954120450248
2841,-0.0029571287611025
2842,-0.0068449506799137996
2843,0.0
2844,-0.002918728623172648
2845,-0.00033268733850125
2846,-0.0015188954885008428
2847,-0.0008316123276664242
2848,-0.0037742784488408
2849,-0.0030053688141923503
2850,-0.008744810946846525
2851,-0.006797616606855024
2852,-0.007862541709657275
2853,0.011745474562182327
2854,0.0
2855,-0.003531883811514301
2856,-0.0028241581313750014
2857,0.0013949706986046521
2858,-0.013956613143024727
2859,0.004866532622374183
2860,0.004956073014423399
2861,0.0005103313748481501
2862,-0.0024082929141377427
2863,-0.0016183662016995
2864,-0.009981420972551423
2865,0.0
2866,-0.005332827623395925
2867,0.0
2868,-0.0039748067201826765
2869,0.0006251792366959268
2870,7.080774225800418e-05
2871,0.0008833557142132447
2872,-0.002062269821265901
2873,-0.0024721223130865014
2874,-0.005295606758831369
2875,0.0
2876,-0.011337824367908875
2877,-0.005785194382396675
2878,-0.011366801165631532
2879,0.0
2880,0.0
2881,-0.0003091431338726608
2882,0.0
2883,-0.006058956861193704
2884,-0.0070892941670746105
2885,0.005577699556412978
2886,-0.0004171079938342995
2887,0.0
2888,-0.0011696361132636232
2889,-0.0024721223130865014
2890,-0.001941755554718795
2891,-0.01072204904759255
2892,-0.0075373404623373975
2893,-0.0085894107383994
2894,-0.012384887417077627
2895,0.00046280203514972515
2896,-0.00018953302539437495
2897,0.0
2898,-1.3152229722802194e-05
2899,0.0
2900,0.029442442115292747
2901,0.0008939865147608271
2902,0.0
2903,-0.0059447728540156725
2904,-0.009564633947544024
2905,-0.009568631676469992
2906,0.0027300733910985003
2907,-0.0022355912061794506
2908,-0.021001526737805497
2909,-0.0023183684980359483
2910,-0.010855786756791379
2911,0.0
2912,-0.005687028995647648
2913,-0.008289450361212699
2914,0.0
2915,0.0
2916,0.00016391012022377513
2917,0.0
2918,-0.010160863895997352
2919,-0.002600216645238223
2920,-0.00513771186440675
2921,-0.028744742900229506
2922,-0.009157402501160948
2923,0.003126315528225475
2924,-0.000834215987668599
2925,-0.004029800911693948
2926,0.0014289571030050522
2927,0.00046893174715365114
2928,-0.023908605236851718
2929,-0.00995841317872565
2930,-0.00035429422623160095
2931,-0.005293351802822827
2932,0.0
2933,0.010069559963374233
2934,-0.0020044531477338007
2935,0.0008319183619973497
2936,-0.014744470117899772
2937,-0.0008893974256369
2938,-0.008993400997575502
2939,-0.007270378271400275
2940,-0.0016441969307549
2941,0.006550546874946606
2942,0.0
2943,0.0
2944,0.0014512516899811007
2945,-0.0078618018095593
2946,0.0
2947,-0.0025811100097946175
2948,0.0020614343062542
2949,-0.0034009618778206
2950,-0.0029434343055190233
2951,0.0037134261340428785
2952,-0.0033349297907469995
2953,0.0
2954,-0.0033289294049289563
2955,-0.007405557296121225
2956,0.0
2957,0.004220608853704002
2958,0.00046280203514972515
2959,-0.005840261576997473
2960,-0.0006778041354502974
2961,0.002417733607263047
2962,-0.0091697990913567
2963,-0.007532536411417074
2964,0.002659905139663448
2965,0.00010629251700679937
2966,-0.013424712433793526
2967,-0.0029052524034428717
2968,0.0
2969,-0.003313932185905725
2970,-0.01296236293738383
2971,-0.009422579016226321
2972,-0.001129513451167398
2973,0.0023205747689041024
2974,-0.0030654025897803496
2975,0.0021523446246077514
2976,0.0
2977,-0.008114397504833795
2978,-0.005335745761919124
2979,-0.006532326741635024
2980,0.0
2981,0.00010629251700679937
2982,-0.009528212186040472
2983,0.0
2984,-0.005000198513403475
2985,-0.01052498262552563
2986,-0.0030843676173301013
2987,-0.0007766879546222496
2988,0.014648240458484224
2989,-0.013693306173117797
2990,-0.005767998368369448
2991,-0.0007915985840026979
2992,-0.006894702243667674
2993,0.0
2994,0.007383742505043329
2995,0.0014696734640382014
2996,-0.0004171079938342995
2997,0.0020614343062542
2998,-0.016439114448666244
2999,-0.002966119637600951
3000,0.0043255229317940985
3001,-0.011308648235985
3002,-0.000926828914439355
3003,-0.010652976273937752
3004,0.00010629251700679937
3005,-0.004856050818260099
3006,-0.0014155764901778475
3007,0.0031794541924105267
3008,0.00010629251700679937
3009,-0.004412560808023025
3010,-0.0016855546203811723
3011,-0.00107841045341045
3012,-0.013996111362972501
3013,-0.0038681577316394752
3014,-5.768706837749535e-06
3015,-0.00722562818624657
3016,-0.004850924387004449
3017,-0.009697537028787298
3018,-0.011395629130544975
3019,-0.0008897970694645495
3020,-0.00259333120059975
3021,-0.005085878110387148
3022,-0.0048457979557487985
3023,-0.006724107631398051
3024,-0.0024721223130865014
3025,-0.0006778041354502974
3026,-0.004625411541008347
3027,-0.0067137847582221
3028,-0.011033985595506376
3029,-0.0030654025897803496
3030,0.01605253454966135
3031,-0.006328820103470597
3032,-0.013865390700910848
3033,-0.007173150401924924
3034,0.001728202502429426
3035,-0.0021200864947980014
3036,0.002601313994668328
3037,-0.0030654025897803496
3038,0.0
3039,0.0
3040,-0.0019542546225357355
3041,-0.0012089701255570497
3042,-7.494696513187307e-05
3043,0.0009582341551401261
3044,-0.003874059296344906
3045,-0.002322681326881248
3046,-0.007101993502560373
3047,-0.007941627431272125
3048,-0.0017914103440419002
3049,-0.007660496043630001
3050,0.004905203108431552
3051,-0.005295138888888849
3052,-0.0009453781512605
3053,-0.007727494195533924
3054,0.0114083823299439
3055,-0.011333537359130076
3056,-0.0081972397696797
3057,-0.008712384182972651
3058,-0.015238027093548627
3059,0.0002442541325878029
3060,0.0017660255998442186
3061,-0.004625411541008347
3062,-0.006222887244610325
3063,-0.0030811697134741746
3064,-0.008760272831080697
3065,-0.0029008450881291754
3066,0.009335698474119875
3067,0.0028762826946716717
3068,0.0020818121322144986
3069,-0.0001850214400051474
3070,-0.0117421802830684
3071,0.0
3072,0.000630649463078425
3073,-0.00029614545121034973
3074,0.0
3075,-0.006111663790411472
3076,0.00031887755102042586
3077,-0.0017031738940318
3078,0.0
3079,-0.0008393637288916754
3080,-0.006940977891753423
3081,0.0
3082,-0.0008121464496166995
3083,-0.006170487611737752
3084,-0.0045946077192795
3085,0.0
3086,0.0
3087,0.0
3088,0.005452830052276727
3089,-0.004066722968999702
3090,-0.015474834671461303
3091,-0.0013569370757863762
3092,-0.0018475824942873614
3093,-0.003173676418458199
3094,0.0039616671060530555
3095,-0.0019375188723866244
3096,-0.0011480851685748987
3097,0.0
3098,0.0023172634885173515
3099,-0.002913811961181201
3100,0.0
3101,-0.001723613413305499
3102,-0.009062453820008046
3103,-0.006041593065970849
3104,0.0
3105,-0.0018475824942873614
3106,0.0
3107,-0.0063458278300995985
3108,-0.0032671940902798003
3109,0.0
3110,0.0
3111,-0.0013299283749150983
3112,-0.008187014811009873
3113,-0.002736200379982225
3114,0.002436213741628352
3115,0.00048201764792249924
3116,-0.00283519528311195
3117,0.0
3118,-0.003935999590279973
3119,-0.002934994931335075
3120,-0.0007778213881369958
3121,-0.006389474749408451
3122,0.0002702026372305745
3123,0.0
3124,0.0014512516899811007
3125,-0.0018946690245030783
3126,-0.010185008418244847
3127,0.0013226645859982528
3128,0.0
3129,-0.007409346232074746
3130,0.0023172634885173515
3131,-0.002775689536775478
3132,-0.0024747778414419917
3133,-0.0056722453449774505
3134,0.0
3135,-0.007661584176929543
3136,0.005029636062965248
3137,-0.004365693094751698
3138,-0.002164002015960318
3139,-0.0004934736346614791
3140,0.00010629251700679937
3141,-0.006260120355837578
3142,-0.003221645377106126
3143,-0.001941755554718795
3144,0.0
3145,0.0021523446246077514
3146,-0.0030614892061244254
3147,0.00031887755102042586
3148,0.0
3149,0.0
3150,-0.012101678199329852
3151,0.0007209547898996008
3152,-0.0008328043716603483
3153,0.00021258503401359874
3154,-0.006729967230498899
3155,-0.001941755554718795
3156,-0.007578335717445803
3157,-0.001623135233612976
3158,-0.0052068429451904
3159,-0.0009453781512605
3160,-0.0055251435365457485
3161,-0.006328911332272098
3162,-0.013868499040478675
3163,0.0
3164,-0.001973104351226298
3165,-0.0015026844070961751
3166,-0.002625626331710499
3167,-0.014611482347541421
3168,-0.003342883199483
3169,0.007397276829695296
3170,-0.0030053688141923503
3171,0.0012503584733918535
3172,-0.006022498320371869
3173,0.0
3174,-0.009333298552649024
3175,-0.0006778041354502974
3176,0.0
3177,0.0030500217248027026
3178,0.00016328903015802804
3179,-0.009898721550791975
3180,-0.01162053449646585
3181,-0.0016369951855264818
3182,0.0
3183,0.0
3184,0.0012503584733918535
3185,-0.0030843676173301013
3186,-0.01612374250932379
3187,-0.005130448136903519
3188,-0.005233324593621292
3189,0.0
3190,0.0035330638221955993
3191,-0.009521208497768122
3192,0.0
3193,-0.0013131786036440496
3194,0.0
3195,0.0
3196,-0.0031633664204678523
3197,-0.009751864035881895
3198,-0.0028844813793762504
3199,-0.009915135246273295
3200,0.0
3201,-0.003342883199483
3202,0.0
3203,-0.011769494109486698
3204,-0.009595951188132524
3205,0.001450391924185125
3206,-0.0010281503759033744
3207,0.003839123651819055
3208,-0.00518884637188205
3209,0.0027123725744478966
3210,-0.0032541369323546235
3211,-0.00894602347086805
3212,0.00010629251700679937
3213,-4.012266209622514e-05
3214,-0.01207270096631315
3215,0.006019084289912553
3216,0.00042517006802722523
3217,-0.0048736040081015
3218,0.003724627549847301
3219,0.002423556005524151
3220,-0.0015262469139194663
3221,0.0
3222,-0.004499999301668948
3223,-0.008660234816310999
3224,-0.0008893974256369
3225,0.0
3226,0.01853300351813115
3227,-0.0036909175176437995
3228,0.016887495778544797
3229,-0.005471918880476724
3230,-0.0014293536860435496
3231,0.0
3232,-0.0031525383163086996
3233,-0.008741852962699477
3234,0.0
3235,-0.002192265148953574
3236,-0.005735400409262724
3237,-0.00033268733850125
3238,-0.001926017821010581
3239,-0.002600216645238223
3240,0.008125471568930951
3241,0.002092456047906978
3242,0.0020614343062542
3243,-0.004400505360513724
3244,-0.0020277472330426233
3245,-0.0032002679117465304
3246,-0.00617247651609585
3247,-0.0029761904761904994
3248,0.0
3249,-0.03391230459189069
3250,0.0008503401360544505
3251,-0.013644375958565975
3252,-0.005028781716357201
3253,-0.005451314933070349
3254,-0.002967138443066751
3255,-0.0015812227668844988
3256,-0.009251055250477652
3257,-0.0067911935680957936
3258,0.00010629251700679937
3259,0.0016750638382443742
3260,-0.0016855546203811723
3261,-0.001442681496466875
3262,0.0010445033960109762
3263,0.0
3264,0.005655540002613903
3265,0.0020819011530595257
3266,-0.0028969066462509493
3267,0.00046280203514972515
3268,0.0
3269,0.007512368390189254
3270,0.0
3271,0.0
3272,0.00023559514276442735
3273,0.0006377551020408517
3274,-0.004719288535386968
3275,0.0
3276,-0.0054756361379387
3277,-0.004880703298979086
3278,-0.0029789561697249004
3279,-0.010256980393765647
3280,0.0017638432361218011
3281,0.0
3282,-0.00822179419084015
3283,-0.010797677307368777
3284,-0.0006448598617357984
3285,-0.012076307335761049
3286,-0.003203735408522001
3287,-0.011450665665491428
3288,-8.024532419245028e-05
3289,-0.006769610109461401
3290,-0.014103877569858654
3291,-0.002581644927830722
3292,0.003424575243764624
3293,-0.010762277238704675
3294,0.0006974853493023261
3295,0.00016391012022377513
3296,-0.000834215987668599
3297,-0.0034119568751565
3298,0.0014084133427491007
3299,0.0
3300,0.015766141501292578
3301,-0.006971029447743575
3302,-0.007907651295523146
3303,-0.006578159066123674
3304,0.004551327291360149
3305,-0.0001611476817977315
3306,-0.0014285714285713989
3307,-0.005528728522454746
3308,-0.0003224299308678992
3309,-0.0030734309600735504
3310,-0.0024721223130865014
3311,0.002566212215335109
3312,-0.007923461837176748
3313,-0.0031964132122475
3314,0.0
3315,0.004147815794087481
3316,-0.0037812329337207212
3317,-0.0031443950234844244
3318,0.0007509675513087
3319,-0.0020315246908030496
3320,0.002701610163372954
3321,0.0002761033333346522
3322,-0.004943188880512074
3323,-0.006769610109461401
3324,0.0
3325,-0.007606147721860376
3326,0.0013949706986046521
3327,-4.012266209622514e-05
3328,-0.0025081632711640494
3329,0.00016391012022377513
3330,-0.005797767023381674
3331,0.0
3332,0.0
3333,-0.008043609494316525
3334,-0.00514084988814562
3335,-0.001926017821010581
3336,0.0
3337,-0.002497606310314704
3338,0.00010629251700679937
3339,-0.006550226209385324
3340,0.011052976154550226
3341,-0.005129826076317248
3342,0.0
3343,0.0019140537251308258
3344,0.00010629251700679937
3345,-0.005743280175518173
3346,-0.0035221308806532743
3347,-0.0028241581313750014
3348,-0.010361768014469825
3349,0.0014512516899811007
3350,0.00998197561353275
3351,-0.0018269399812628484
3352,-0.0031372616902003428
3353,-0.011988889888701951
3354,-0.013116979427282002
3355,-0.0015812227668844988
3356,-0.006315716170337749
3357,0.0027123725744478966
3358,-0.008145394788675549
3359,-0.0024943267259527747
3360,-0.014312616885086499
3361,-0.0010165825741689236
3362,-0.00519054530965385
3363,-0.008779679815028352
3364,0.0
3365,0.005574600925806646
3366,-0.01923403762213235
3367,-0.013758102364374048
3368,0.0
3369,-0.0018946690245030783
3370,-0.0022355912061794506
3371,-0.0042064030017479465
3372,0.008224244243151796
3373,0.0
3374,0.0020818121322144986
3375,0.0035330638221955993
3376,-0.002735708239338549
3377,-0.006838553908145052
3378,0.00046280203514972515
3379,-0.004250635492877873
3380,-0.0022355912061794506
3381,-0.0020354741955337994
3382,0.002329095243451677
3383,0.003841093402686053
3384,-0.006006760586663655
3385,-0.005009182653088126
3386,0.00010629251700679937
3387,-0.0048457979557487985
3388,-0.0113920675848771
3389,-0.0008775051704002484
3390,0.0
3391,-0.0007132534450446492
3392,-0.005177834526502975
3393,-0.004625411541008347
3394,-0.004539038126523599
3395,-0.014794051228367605
3396,0.0013626473387008259
3397,-0.011654010080868353
3398,-0.01723893184217968
3399,-0.0075247753910722
3400,-0.005222646222449847
3401,0.0006267121553735003
3402,0.0010445033960109762
3403,-0.009789540128038647
3404,0.0012503584733918535
3405,-0.0037088136897414498
3406,0.0
3407,0.00010629251700679937
3408,0.0006974853493023261
3409,-0.006427250816813101
3410,0.0006974853493023261
3411,0.0
3412,0.0005103313748481501
3413,-0.010170818863559423
3414,-0.0064414090657244245
3415,0.002114420309580799
3416,-0.005867127702530402
3417,0.0023907615480446257
3418,-0.01102226893499195
3419,-0.004400505360513724
3420,-0.0008393637288916754
3421,0.0
3422,-0.009309114095510471
3423,0.00046280203514972515
3424,-0.004797231926183099
3425,-0.0036814432867376527
3426,-0.001772908061591626
3427,-0.006558489713641001
3428,-0.0020044531477338007
3429,-0.002164002015960318
3430,-0.00020646633134685014
3431,-0.010609143008402301
3432,0.0
3433,-0.0011480851685748987
3434,-0.00107841045341045
3435,-0.004832597716640652
3436,0.0
3437,0.004330543850822376
3438,-0.01151527245838577
3439,0.0014512516899811007
3440,0.00010629251700679937
3441,0.008496538462207725
3442,0.0
3443,0.00613358720370455
3444,0.0006251792366959268
3445,-0.004539038126523599
3446,-0.0015188954885008428
3447,0.0002997714389749509
3448,-0.003121050608795675
3449,-0.009814535506678023
3450,-0.0011932917027705284
3451,0.00473949557339313
3452,0.020022577595532325
3453,-0.0018416234183407485
3454,-0.0038506601356944996
3455,-0.00250391827933135
3456,0.0
3457,-0.007473936320587274
3458,0.0002863424637589533
3459,-0.00651385445556875
3460,-0.008156375613509875
3461,-0.002978075100323302
3462,0.010446055820291624
3463,-0.008309066151922477
3464,-0.009404441148527523
3465,0.004268377538020799
3466,0.004634526977034703
3467,-0.0086913884099533
3468,-0.0004934736346614791
3469,0.0
3470,-0.0024721223130865014
3471,-0.010716885457527896
3472,-0.013970105952385053
3473,0.004145199882116326
3474,-0.0015997944842919994
3475,-0.005746294909017901
3476,-0.006106160473614978
3477,0.0
3478,-0.0016068791873634237
3479,0.0
3480,0.0
3481,0.0032185000621475987
3482,-0.0046210867057291
3483,-0.01436186872446273
3484,0.008974588382652323
3485,-0.0037088136897414498
3486,-0.002062269821265901
3487,-0.003929164422561002
3488,0.0
3489,-0.0016384680901654555
3490,0.009702508302392927
3491,-0.0006778041354502974
3492,-0.0007679517348408021
3493,-0.009737932502181851
3494,-0.002600216645238223
3495,-1.3152229722802194e-05
3496,-0.0006546213164592106
3497,0.0
3498,-0.006058956861193704
3499,0.0
3500,0.005997667914545127
3501,-0.0044782045329436
3502,-0.0022943115547575683
3503,-0.010083527279405646
3504,-0.011281442199118424
3505,-0.0041503757262146505
3506,-0.005524325348431593
3507,0.0
3508,-0.012160073979069552
3509,-1.9528644791224747e-05
3510,-0.004534392134352402
3511,0.0012503584733918535
3512,0.0
3513,-0.011541141762020196
3514,0.0
3515,0.005486009550018824
3516,-0.0033958608909414496
3517,-0.005240298441506098
3518,-0.00447159164110655
3519,-0.002759170040132224
3520,-0.004297024652198009
3521,-0.008256335678210651
3522,-0.0027367884953024
3523,0.0034708649781239054
3524,-0.000951826348876199
3525,-0.0121095807775378
3526,-0.0037772924210292495
3527,-0.0081848004514209
3528,0.0
3529,0.0010445033960109762
3530,-0.0024721223130865014
3531,0.0
3532,0.003789636808683626
3533,0.0
3534,0.0
3535,-0.0010984052257848249
3536,-0.011566842035644499
3537,-0.0028714433772738246
3538,-0.0042064030017479465
3539,-0.002161828695133726
3540,-0.012086056847835772
3541,-0.003505362691460557
3542,-0.0028598383312441003
3543,-0.0014885475524693233
3544,-0.0018946690245030783
3545,0.0
3546,-0.010123333836206973
3547,-0.003173676418458199
3548,-0.0005456532142637501
3549,0.0
3550,-0.0033816914242439746
3551,0.0
3552,0.0
3553,0.0
3554,-0.007837458362093049
3555,0.0
3556,-0.0013078500092839514
3557,0.0006974853493023261
3558,-0.0010170331524336999
3559,-0.002537194488632301
3560,0.010681507176594477
3561,0.0019317418908573782
3562,-0.0001611476817977315
3563,-0.006761737587772192
3564,-0.007270186307805099
3565,-0.0004848213749146751
3566,-0.013526764398932876
3567,-0.005461803501252697
3568,0.0016283027941212773
3569,-0.0028037700872019754
3570,-0.00078847560800053
3571,-0.004899046746915556
3572,0.0013710063657886504
3573,-0.0008775051704002484
3574,0.0022771408264211264
3575,0.0
3576,-0.005422593153737176
3577,-0.008293434503024052
3578,-0.005946145097263527
3579,-0.002605890841184975
3580,-0.004660278744481351
3581,-0.0025811100097946175
3582,0.001728202502429426
3583,-0.002764273474124799
3584,0.0014512516899811007
3585,-0.00020646633134685014
3586,-0.001973104351226298
3587,0.00017764403634690007
3588,-0.0062559415434122745
3589,-0.0032968452693480496
3590,-0.0032466603652889494
3591,-0.005456286570686581
3592,-0.004850924387004449
3593,0.003479797280023751
3594,-0.001299488650679074
3595,0.0
3596,-0.0012534909409909244
3597,-0.0020309210247583982
3598,0.003681302097297324
3599,-0.016829344619767404
3600,-0.009157680853616174
3601,-0.0009453781512605
3602,-0.011275501314369506
3603,-0.013427405299939549
3604,0.0008319183619973497
3605,-0.005435778400082376
3606,-0.0014985116822747503
3607,0.002238533877277576
3608,-0.0026920995670995504
3609,-0.016143641352614424
3610,-0.007175622921722517
3611,-0.005248369633290419
3612,-0.008135817773141275
3613,-0.0011972318101982514
3614,-0.0011593755558402248
3615,-0.0185207720424158
3616,0.0006377551020408517
3617,-0.0069249502882599455
3618,-0.006866779224315948
3619,0.0013226645859982528
3620,0.0
3621,-0.018100905156813476
3622,0.0
3623,0.006024752159221755
3624,0.0023106873736559504
3625,-0.00499879142263673
3626,-0.011284648266403699
3627,-0.0046030301045017485
3628,0.0015834133918360528
3629,0.008481705546259204
3630,-0.0052518508300844514
3631,-0.0007780261990296016
3632,0.0
3633,0.005149674228221107
3634,-0.0056549290031548734
3635,-0.003219511206768399
3636,-0.0053073175961984515
3637,-0.0005276723573113531
3638,-0.004480386845362349
3639,8.570193514225756e-06
3640,-0.006769610109461401
3641,0.0
3642,-0.013419513162758745
3643,-0.0050113576412170015
3644,-0.002401083765571224
3645,0.001728202502429426
3646,0.00010629251700679937
3647,-0.009017455409181448
3648,0.004815880362302226
3649,-0.005493975305193657
3650,-0.010584648538258275
3651,-6.576114861401097e-06
3652,-0.0004151401800207488
3653,0.0
3654,-0.002062269821265901
3655,-0.009568909092191252
3656,-0.006792679941723244
3657,-0.0018110895939970756
3658,0.0014512516899811007
3659,-0.0037088136897414498
3660,-0.0011990026627610485
3661,0.007436914700730296
3662,0.0015012632156114515
3663,-0.00023481689112878068
3664,-0.0035812237650520197
3665,-0.008282015410094708
3666,-0.0024891919099288996
3667,-0.009003113435699473
3668,-0.00759857480796005
3669,0.006350220024921149
3670,0.0
3671,-0.011495701009046143
3672,0.015257264467183028
3673,-0.00030877895540647486
3674,0.028444737989549475
3675,0.0030147488378196776
3676,0.0
3677,0.00010629251700679937
3678,-0.00761246908659715
3679,-0.007330048038128047
3680,-0.0028241581313750014
3681,-0.00259800892321545
3682,-0.007254431484376076
3683,-0.00043759542677082597
3684,0.0
3685,-6.576114861401097e-06
3686,0.00016391012022377513
3687,0.0020818121322144986
3688,-0.002397036296094375
3689,-0.006649903053297344
3690,-0.01113579202806175
3691,0.0
3692,-4.012266209622514e-05
3693,-0.006239568732437826
3694,-0.010931147327782626
3695,0.003532078868989381
3696,-0.0002905839217765202
3697,-0.0018946690245030783
3698,-0.0011593755558402248
3699,-0.0058888202357714
3700,-0.0014814072038963656
3701,-0.000166343669250625
3702,0.0
3703,-0.0246029056227397
3704,0.00031887755102042586
3705,7.735898448069795e-05
3706,-0.0005001170331590983
3707,-0.0018946690245030783
3708,0.0016513259265266492
3709,-0.0016183662016995
3710,-0.0027882904732379004
3711,-0.0029543024824666003
3712,-0.008936793583913173
3713,0.0
3714,0.0
3715,-0.0016063705991534005
3716,0.0006251792366959268
3717,-0.0015188954885008428
3718,-0.008040073139124651
3719,-0.0017746369637841753
3720,0.0006377551020408517
3721,0.012527057996977904
3722,-0.0004171079938342995
3723,-0.006033417737369023
3724,-0.006058956861193704
3725,-0.0011480851685748987
3726,-0.009857380557133253
3727,0.0
3728,-0.0030828636011442506
3729,-0.010856631397290324
3730,-0.0026920995670995504
3731,0.0
3732,-0.0030843676173301013
3733,0.0030873165175719745
3734,0.000630649463078425
3735,0.0
3736,-0.01298435843068805
3737,-0.011000900722246174
3738,-0.006008772128572752
3739,0.0018152360467504243
3740,-0.0030794339574760302
3741,0.0
3742,-0.0003091431338726608
3743,-0.009686061817945173
3744,-0.00320521066584585
3745,0.0013949706986046521
3746,-0.0020924128257411856
3747,-0.003729730096405621
3748,0.0
3749,-0.007632560366327826
3750,-0.002770216961191483
3751,-0.002062269821265901
3752,-0.016063813374294002
3753,-0.01322110642569431
3754,-0.002427647487739498
3755,-0.003173676418458199
3756,-0.005781286892477502
3757,-0.0015997944842919994
3758,-0.0028241581313750014
3759,0.0008379160669098511
3760,-0.0015949508308343227
3761,-0.016929529889449277
3762,-0.0036843020841140998
3763,-0.0014293536860435496
3764,0.0
3765,0.0
3766,-0.0033358366170069473
3767,-0.003907560134166176
3768,-0.0008775051704002484
3769,0.0
3770,-0.0028598383312441003
3771,0.002160224655338153
3772,0.0020818121322144986
3773,-0.0077107729227241465
3774,-0.0008775051704002484
3775,0.005784165887759828
3776,0.0
3777,0.0
3778,-0.009128611653894404
3779,-0.00033268733850125
3780,0.0
3781,0.0008803449241200018
3782,0.001728202502429426
3783,-0.014882269501297675
3784,0.0031600221728225464
3785,-0.0022464557462593474
3786,0.0
3787,-0.00250391827933135
3788,0.0
3789,-0.006714694214077502
3790,-0.0012545212851331608
3791,-0.010604597485058749
3792,0.007132292005537935
3793,-0.0034119568751565
3794,0.0
3795,0.0
3796,-0.0032034890825640774
3797,-0.0030614892061244254
3798,0.0
3799,-0.00641732568934885
3800,-0.008227494644052827
3801,0.0
3802,0.0
3803,-0.00530207888719007
3804,-0.002062269821265901
3805,-0.003219511206768399
3806,-0.0046271915521354755
3807,0.0015352496200118516
3808,-0.002062269821265901
3809,0.00019315113483085473
3810,-0.0018475824942873614
3811,-0.0024958713720997483
3812,-0.009866472642537805
3813,0.0
3814,-0.005672775188671524
3815,-0.006014444827850601
3816,-0.0026023819994053614
3817,-0.005206846964211495
3818,-0.0067914030670736016
3819,0.0
3820,-0.0052068429451904
3821,-0.015541651157785425
3822,-0.006110764838214198
3823,-0.0010505451074346315
3824,0.0
3825,0.0016589226917896518
3826,0.0
3827,0.0010445033960109762
3828,0.0
3829,-0.016425582127197476
3830,-0.004696338024833418
3831,0.0
3832,0.0
3833,-0.0053519353600331495
3834,-0.004356964993522854
3835,-0.01284795498392745
3836,-0.008955919885190277
3837,0.0
3838,-0.006707675261758047
3839,-0.0008393637288916754
3840,-0.0022464557462593474
3841,-0.005343565690360326
3842,-0.0059098767984404246
3843,0.0013226645859982528
3844,-0.002047134659052224
3845,0.001062925170068077
3846,0.0017131605085415787
3847,-0.0006229405253265503
3848,0.0069782045886121555
3849,0.0
3850,-0.005028781716357201
3851,0.00010629251700679937
3852,-0.0027886746197024505
3853,0.0
3854,-0.003360323332471275
3855,-0.0018946690245030783
3856,0.006006391803224053
3857,-0.001929470719202648
3858,-0.009567111303212899
3859,-0.0020924128257411856
3860,-0.0038514805539084963
3861,-0.002093463319835399
3862,-0.0021071684346402235
3863,-0.008629287786008799
3864,-0.0119554751690525
3865,-0.002844930176221397
3866,-0.014280944887537731
3867,-0.0052164253766478
3868,0.0
3869,0.0
3870,-0.0015997944842919994
3871,-0.003494463508795078
3872,-0.001973104351226298
3873,0.0
3874,-0.0116602175037098
3875,-0.0069249502882599455
3876,-0.0023988714665687766
3877,-0.008566275189333748
3878,-0.005335434249791351
3879,-0.0030053688141923503
3880,-0.011425825472198593
3881,0.0
3882,-0.00525255578699595
3883,-0.006130805179560699
3884,-0.004008915465593949
3885,-0.023828876264723298
3886,-0.004055330317115552
3887,0.0013949706986046521
3888,-0.005905327844849176
3889,0.0
3890,-0.004637947033019855
3891,-0.004751006659242996
3892,-0.000611042382069075
3893,-0.010170818863559423
3894,0.00769380201113248
3895,0.0
3896,-6.576114861401097e-06
3897,-0.0019567880413663714
3898,-0.00035892658442987155
3899,-0.002414305639554401
3900,-0.0049656025058061465
3901,0.0
3902,-0.0031482191272663752
3903,0.0
3904,-0.0042882613507435
3905,-0.011069218963284576
3906,0.001728202502429426
3907,-0.009365205985238049
3908,-0.005555171440003243
3909,-0.0053009937959598
3910,-0.013686587857716526
3911,0.0027123725744478966
3912,-0.001973104351226298
3913,0.0
3914,-0.00020646633134685014
3915,-0.0017169034168886751
3916,0.00012378745812755
3917,-0.007830622206854196
3918,-0.00648254184527315
3919,0.0008319183619973497
3920,0.0033501276764887483
3921,-0.006296324317950424
3922,-4.012266209622514e-05
3923,0.0005314625850340246
3924,-0.0012089701255570497
3925,-0.002322681326881248
3926,-0.0017914103440419002
3927,0.0
3928,-0.0001482403469193498
3929,-0.00031578653237028
3930,-0.0003790660507887499
3931,-0.0018512122560933007
3932,-0.007361160708178225
3933,-0.007634088428986699
3934,0.0
3935,0.0
3936,0.0
3937,0.0
3938,-0.0017433760461252022
3939,-0.0039342086215445
3940,0.00010629251700679937
3941,-0.00312437914304415
3942,0.0016513259265266492
3943,-0.0011177956030897253
3944,-0.0046271915521354755
3945,-0.012975012620398905
3946,-0.0063790985605687986
3947,-0.00443130918224257
3948,-0.0035482555959423503
3949,-0.008382065949586927
3950,-0.00029614545121034973
3951,0.0
3952,-0.0028508362440957005
3953,0.00042517006802722523
3954,-0.005856657315310222
3955,-0.0009564964194828975
3956,0.00046280203514972515
3957,-0.004983173488285121
3958,0.0
3959,-0.0054221407849576984
3960,-0.0026620599629364
3961,0.0006974853493023261
3962,-0.007856293201196799
3963,-0.009083476140141648
3964,-0.007781535040037499
3965,-0.0031894435421520244
3966,-0.0023801895774964235
3967,0.001062925170068077
3968,0.00010629251700679937
3969,-0.003054044580343303
3970,0.008277103033349997
3971,0.00021258503401359874
3972,-0.0054716600225120475
3973,-0.006466548468153196
3974,-0.002747879652866898
3975,-0.008122154989259573
3976,-0.0027658000035108007
3977,0.0014142685936156286
3978,-0.0077556352880038745
3979,0.00010629251700679937
3980,0.0
3981,0.0006251792366959268
3982,0.006291764414046802
3983,0.005974435896499548
3984,-5.8652188543801415e-05
3985,-0.006587435902969296
3986,-0.007591531456281157
3987,-0.011472681995051323
3988,-0.010136480844435898
3989,-0.002538607627950251
3990,-0.0014403900822134229
3991,0.0
3992,0.006371137425134227
3993,-0.007749650006252303
3994,-0.006407555488299927
3995,-0.0008893974256369
3996,0.0
3997,-0.009488826507438652
3998,-0.014747970616533575
3999,-0.000611042382069075
4000,0.0012503584733918535
4001,0.0
4002,-0.0004171079938342995
4003,-0.005584810148765674
4004,-0.0068553775347382495
4005,0.00031887755102042586
4006,0.0008563576250988914
4007,-0.0032196908570499543
4008,-0.013662111269605974
4009,-0.008056654246347173
4010,0.00021258503401359874
4011,-0.003696134160479673
4012,0.0
4013,-0.0038721243961847246
4014,-0.001973104351226298
4015,-0.006254846131932374
4016,0.0006974853493023261
4017,-0.0038721243961847246
4018,-0.006173810172121774
4019,-0.0024615908854532242
4020,-0.0006459690567124066
4021,-0.00044469871281845
4022,-0.010329069377189649
4023,-0.00402723706281015
4024,-0.004910141305474825
4025,0.0
4026,-0.0018024400770580498
4027,-0.011791026320825078
4028,-0.006078799774265901
4029,0.0036891283147067015
4030,0.0
4031,-0.001941755554718795
4032,-0.004539038126523599
4033,-0.0035480350934945994
4034,-0.011610041380569603
4035,-0.027205162562375304
4036,-0.0015812227668844988
4037,-0.0073419382702797
4038,-0.00627658689299865
4039,0.006027294686697751
4040,0.0031751746095976217
4041,0.006798273276501177
4042,0.015999203091057727
4043,-0.0064786173541589755
4044,-0.00757079819547
4045,0.000630649463078425
4046,-4.012266209622514e-05
4047,-0.0024721223130865014
4048,-0.00309890505155885
4049,-0.004934160368277072
4050,0.003724627549847301
4051,-0.008931667152657523
4052,0.014604232392453075
4053,-0.0015026844070961751
4054,0.0
4055,-0.00795495586981895
4056,-0.004797231926183099
4057,-0.03055471176778011
4058,-0.007482916768891745
4059,-0.0028241581313750014
4060,0.0
4061,-0.0029571287611025
4062,0.0
4063,0.0
4064,-0.002039525015276475
4065,-0.0029725550664137
4066,-0.0036678666048482497
4067,-0.0008897970694645495
4068,0.0027123725744478966
4069,-0.0032358814799842003
4070,-0.00044469871281845
4071,-0.00887445451378045
4072,-0.008491321780967398
4073,0.0014512516899811007
4074,-0.003175939862154375
4075,-0.001807757574647302
4076,-0.005702153583574947
4077,0.0014707697501454237
4078,0.0018263259756136014
4079,0.0
4080,-0.0003224299308678992
4081,-0.009602720856081598
4082,0.002376855760280551
4083,0.00033342899397467013
4084,-0.0019140500916541014
4085,-0.00432715727897145
4086,0.002376855760280551
4087,0.0
4088,0.0034902254749635993
4089,-0.01222169081525475
4090,-0.0031677817231312248
4091,-0.000166343669250625
4092,-0.0071250686809606265
4093,0.0
4094,-0.001456791564362351
4095,0.0
4096,0.009134458069322095
4097,0.003064116029818053
4098,0.0002702026372305745
4099,0.0
4100,0.0026291784714815
4101,-0.00031578653237028
4102,0.0
4103,-0.01120499013750445
4104,-0.008015211532421043
4105,-0.010247050652922167
4106,0.0
4107,0.001659158240175501
4108,-0.008497982682575674
4109,-0.000166343669250625
4110,0.002248268656297703
4111,0.0
4112,-0.007414613725641153
4113,0.0028104559842226044
4114,-0.0031995984604777997
4115,-0.004823589431174051
4116,0.0
4117,0.0
4118,-0.015667299502148648
4119,0.00022485066277616594
4120,-0.0012799534734496982
4121,-0.0028844813793762504
4122,0.0027727058984404022
4123,-0.0016384680901654555
4124,-0.027921970585701256
4125,-0.009591489060612926
4126,-0.000611042382069075
4127,0.0
4128,-0.003573681195394626
4129,-0.0031894435421520244
4130,-0.001973104351226298
4131,0.0
4132,-0.001129513451167398
4133,0.0006251792366959268
4134,0.004052447790294851
4135,-0.005028781716357201
4136,0.0
4137,-0.006433754292544825
4138,-0.00561980102874555
4139,-0.009187328372905451
4140,-0.001306310454487244
4141,0.00042517006802722523
4142,0.0
4143,0.0
4144,0.00046280203514972515
4145,-0.009338485181388096
4146,-0.00033268733850125
4147,0.003707716761773311
4148,-0.00748421794719863
4149,-0.0015812227668844988
4150,0.0113811001817056
4151,-0.005242842099271349
4152,-0.0005001170331590983
4153,0.01605253454966135
4154,0.0
4155,-0.004400505360513724
4156,0.0005426277173895509
4157,0.0008377642707095255
4158,0.00031887755102042586
4159,0.009765566912311098
4160,-0.011152305743770775
4161,0.0
4162,0.0011708191891537248
4163,0.0020614343062542
4164,-0.0020182419588824223
4165,-0.008497982682575674
4166,0.0
4167,-0.002062269821265901
4168,-0.0017747200904207755
4169,-0.0065111374687836475
4170,-0.0015997944842919994
4171,-0.009314002433467024
4172,-0.0051913178773000355
4173,0.014296119421056451
4174,-0.00020646633134685014
4175,-0.006743420458489521
4176,-0.007241301724739952
4177,-0.016660866682940454
4178,-1.3152229722802194e-05
4179,-0.0018475824942873614
4180,0.0
4181,0.0
4182,-0.0003224299308678992
4183,-0.00320521066584585
4184,-0.011624990231492573
4185,-0.00044469871281845
4186,-0.013314820354200549
4187,0.00031887755102042586
4188,-0.008418140389441622
4189,0.0
4190,-0.015503190931351926
4191,-0.0025451726355524996
4192,-0.0008775051704002484
4193,0.00025516568742407503
4194,0.004323601774935933
4195,0.0
4196,-0.009518675577743977
4197,0.0
4198,-0.0011593755558402248
4199,-0.0024079675926190498
4200,-0.005701576117243324
4201,-0.0018475824942873614
4202,-0.005057471968556399
4203,-0.005083908172148195
4204,-8.024532419245028e-05
4205,-0.0009721179364036506
4206,-0.00149670756268495
4207,0.0016513259265266492
4208,-0.00012653761909154834
4209,-0.0025343016509658425
4210,-0.0008393637288916754
4211,0.0
4212,-0.01848374977660825
4213,-0.0055919536998007505
4214,-0.003616794057482951
4215,-0.004877786796407025
4216,-0.003082830298130125
4217,0.0
4218,-0.00786263451596345
4219,0.0006251792366959268
4220,-0.0004171079938342995
4221,-0.006424721872614249
4222,0.00031887755102042586
4223,0.004715231162669501
4224,0.0061171984119722765
4225,-0.000674641041735724
4226,-0.0007618784173821483
4227,-0.0030428307946154982
4228,-0.010409654097925172
4229,0.0
4230,-0.0009453781512605
4231,0.0
4232,-0.00011776770380570161
4233,-0.0070931697734315
4234,0.00046996402174550103
4235,-0.012933944495294725
4236,-0.0013660918298879481
4237,0.0006267121553735003
4238,-0.004400505360513724
4239,-0.013211637520610501
4240,-0.01181027949139855
4241,-0.001973104351226298
4242,0.0
4243,-0.0009453781512605
4244,0.0
4245,0.0
4246,0.0
4247,-0.0022822474850989587
4248,0.0
4249,0.0016513259265266492
4250,-0.0030581308773445243
4251,-0.01532938437814435
4252,-0.0104103688441918
4253,-0.009509621319219097
4254,-0.0037088136897414498
4255,-0.0070861035824908505
4256,-0.005285556457431449
4257,-0.013762304178807128
4258,0.00023559514276442735
4259,0.0
4260,-0.002072483559922249
4261,-0.0036397400140679497
4262,-0.001973104351226298
4263,0.00444551302484915
4264,-0.002062269821265901
4265,-0.006834861212863147
4266,-0.0107887687122062
4267,0.0020818121322144986
4268,0.0
4269,0.008364243688077125
4270,0.0009224365763742738
4271,-0.0018024400770580498
4272,-0.012101678199329852
4273,-0.0011905261207432218
4274,0.0005103313748481501
4275,-0.003714477095582463
4276,-0.0001532973339587471
4277,-0.005292796164124173
4278,-0.009974820775307251
4279,-0.012997032959502176
4280,-0.00666362884885098
4281,-0.0032404979943160845
4282,0.0030078350384416044
4283,-0.005572529862781075
4284,-0.019334125694374926
4285,0.0
4286,-0.008251830313316924
4287,0.0
4288,-0.0030654025897803496
4289,-0.009552017190783576
4290,0.0
4291,-0.0047099041653367755
4292,-0.0016097551199498513
4293,-0.004138083827150349
4294,-0.005158498902263699
4295,0.0006974853493023261
4296,0.0
4297,0.0014512516899811007
4298,-0.007441066098124349
4299,-0.006006202051740149
4300,-0.013224630180939476
4301,-0.018808579581422923
4302,-0.007609405634051431
4303,-0.0013982750972612499
4304,-0.008249129784932873
4305,-0.00020646633134685014
4306,0.00031887755102042586
4307,-0.009643029881931896
4308,-0.01124317694970445
4309,0.00010629251700679937
4310,0.003724627549847301
4311,-0.0028844813793762504
4312,0.0
4313,-0.002937928692137574
4314,0.0031600221728225464
4315,0.0
4316,-0.022975244332811253
4317,-0.00020646633134685014
4318,-0.006413779070051652
4319,0.0
4320,-0.011579365815078322
4321,-0.001083731457699325
4322,-0.0040056705043263995
4323,0.0018201407666318774
4324,0.04208016538365842
4325,0.0
4326,-0.0001611476817977315
4327,-0.0031677817231312248
4328,-0.005488372966290246
4329,-0.011216577067386851
4330,-0.002862433520425397
4331,-0.00020646633134685014
4332,0.004336177640280858
4333,0.0
4334,-0.0009453781512605
4335,-0.0078304891992637
4336,-0.0025791430847605973
4337,-0.0031677817231312248
4338,0.0
4339,-0.00209105527732975
4340,-0.00348006770554925
4341,0.0
4342,0.0
4343,0.0005690945521565245
4344,0.0
4345,0.0
4346,0.0
4347,-0.001973104351226298
4348,-0.0099750690376404
4349,-0.0015812227668844988
4350,0.0
4351,0.005424745148895793
4352,-0.004416283076445544
4353,-0.002497606310314704
4354,-0.0020856031145118255
4355,-0.018646284315818305
4356,-0.0014293536860435496
4357,-0.0017673931950835512
4358,-0.0068731695122975
4359,-0.0066433349211204775
4360,-0.00045233510237302314
4361,-0.004539038126523599
4362,0.0020818121322144986
4363,0.0005103313748481501
4364,0.003007416202513949
4365,-0.00045233510237302314
4366,0.0
4367,-0.007325672493555135
4368,-0.00402723706281015
4369,-0.007985734873479622
4370,-0.004874349570149656
4371,-0.008990635304041102
4372,-0.0009453781512605
4373,-0.0004171079938342995
4374,0.004214603103743877
4375,-0.007320535463829478
4376,0.0
4377,-0.0023659007449767008
4378,-0.00604637958633025
4379,-0.0124868420702124
4380,-0.013571057948041445
4381,-0.0033445562087774496
4382,-0.015308253615830542
4383,0.007755497189127177
4384,-4.012266209622514e-05
4385,0.0
4386,-0.01041793171696635
4387,0.0
4388,-0.02272200294855215
4389,-0.003127007548916899
4390,0.0
4391,0.0027424335565445768
4392,-0.004394841046072252
4393,0.005149674228221107
4394,-0.0016229870858288772
4395,0.002417733607263047
4396,0.0012503584733918535
4397,0.000630649463078425
4398,-0.002538607627950251
4399,-0.0032153477549933494
4400,-2.2988270346950004e-05
4401,-0.009515928775930747
4402,-0.007831205084460249
4403,-0.00525255578699595
4404,-0.003173676418458199
4405,-0.004995176529796974
4406,-0.0008897970694645495
4407,0.0034032663406738
4408,0.0
4409,-0.006480271995061224
4410,0.0020818121322144986
4411,0.0009256040702994503
4412,-0.004557196713338103
4413,-0.011976228627354903
4414,-0.005240118321493299
4415,0.0061119861282073785
4416,0.0012503584733918535
4417,-1.3152229722802194e-05
4418,0.0
4419,-0.0014992558411373758
4420,0.00444551302484915
4421,0.0
4422,-0.0032671940902798003
4423,-0.0029636560869958743
4424,-0.0015997944842919994
4425,-0.008289609905436462
4426,-0.005335745761919124
4427,-0.0042064030017479465
4428,-0.008708111134003695
4429,0.0012503584733918535
4430,-0.0016183662016995
4431,0.0
4432,-0.014914906066420826
4433,-0.002958851285268873
4434,-0.014241229541754198
4435,-0.008234860327327476
4436,-0.014058767178138651
4437,-0.003360323332471275
4438,-0.0004171079938342995
4439,-0.0043964565113691
4440,-0.005177834526502975
4441,-0.0035014756111644008
4442,0.0
4443,-0.0015026844070961751
4444,-0.002458727937284747
4445,-0.0016855546203811723
4446,0.0016750638382443742
4447,0.0011500623046872271
4448,-0.0004934736346614791
4449,-0.0024721223130865014
4450,-0.009607031814399845
4451,-0.005159153219063524
4452,-0.009456985437396748
4453,-0.0042064030017479465
4454,0.006027294686697751
4455,0.0005827503794857761
4456,0.0032185000621475987
4457,0.0013949706986046521
4458,-0.004539038126523599
4459,-0.004400505360513724
4460,-0.0007671286436863492
4461,0.0030500217248027026
4462,0.0
4463,-0.0030843676173301013
4464,-0.012950930979080677
4465,0.00010629251700679937
4466,-0.008034805529507756
4467,-0.015361807997484853
4468,0.0
4469,0.0020818121322144986
4470,-0.000834215987668599
4471,-0.005770019807583451
4472,-0.006695846751421776
4473,-0.006849855433653851
4474,0.00042517006802722523
4475,0.0010895141905232254
4476,-0.00024658899344307526
4477,0.0020823055510366508
4478,0.009669911832753578
4479,-0.0030581308773445243
4480,0.0034767828308191508
4481,-0.00312437914304415
4482,-0.007247624209183821
4483,-0.006769610109461401
4484,0.00042517006802722523
4485,-0.002277598619742297
4486,-0.010020115332177
4487,-0.00033268733850125
4488,-0.004702440629677296
4489,0.0010445033960109762
4490,0.000630649463078425
4491,-0.013837617379688827
4492,0.0027327935222671504
4493,-0.0005834043777208676
4494,0.0
4495,0.0
4496,0.0
4497,-0.002657475650621797
4498,0.0006974853493023261
4499,-0.005274759225181426
4500,-0.005248369633290419
4501,-0.004400505360513724
4502,-0.006575671087464624
4503,-0.00033268733850125
4504,-0.00344443996181497
4505,0.00010629251700679937
4506,0.002994626462040578
4507,-0.0019222244151598986
4508,0.0020818121322144986
4509,0.00046280203514972515
4510,0.002188104649221298
4511,0.0
4512,-0.0015026844070961751
4513,0.00021258503401359874
4514,0.0025446141673642238
4515,0.0
4516,-0.004232452785905
4517,-0.0015188954885008428
4518,-0.002334411150990849
4519,-0.0032400449317592497
4520,0.0014142685936156286
4521,-0.006937526985965075
4522,0.0025164590658208023
4523,-0.000951826348876199
4524,-0.0015188954885008428
4525,-0.007153071842681323
4526,-0.01450288632245952
4527,-0.0019976750507807485
4528,-0.0004171079938342995
4529,-0.00725543927032015
4530,0.00359278812198135
4531,0.0014512516899811007
4532,0.004163624264428997
4533,0.004669751752128699
4534,-0.013716270161737747
4535,-0.009363316607634849
4536,-0.016731379540356202
4537,0.0
4538,-0.012777330291699427
4539,0.0035442909364452463
4540,0.0015147058597559
4541,-0.0029636560869958743
4542,-0.0029571287611025
4543,-0.006408954748920424
4544,-0.00722380367039745
4545,0.02872161568962345
4546,-0.014481969716671896
4547,0.0007116199282605025
4548,-0.009878650350698924
4549,0.0
4550,-0.0033445562087774496
4551,-0.0023514671180875496
4552,0.007086734847654551
4553,-0.011925280751585924
4554,0.0006974853493023261
4555,-0.0020906017118790736
4556,-0.0006778041354502974
4557,-0.005647631038154275
4558,-0.0024721223130865014
4559,0.0
4560,-0.00519054530965385
4561,-0.005712368007073676
4562,-0.003447376978579361
4563,0.0006974853493023261
4564,0.0
4565,-0.002939013038863724
4566,-0.0028241581313750014
4567,0.005655540002613903
4568,0.0005103313748481501
4569,-0.0033562647521884997
4570,0.0
4571,-0.0005790503002445239
4572,0.005047336879615852
4573,-0.0009056879248124055
4574,-0.0018475824942873614
4575,0.0
4576,0.0
4577,-0.001941755554718795
4578,-0.008216374150731374
4579,0.010737277438895952
4580,0.00010629251700679937
4581,0.0
4582,-0.009251429747518173
4583,-0.005830430303453151
4584,-0.0003091431338726608
4585,0.0
4586,-0.0015812227668844988
4587,0.0
4588,-0.010181072239473649
4589,-0.006769610109461401
4590,0.00041907580764785016
4591,-0.0005788174627764501
4592,-0.0020924128257411856
4593,0.005440783272847328
4594,-0.00017594298826899952
4595,0.0
4596,-0.006292942166841949
4597,-0.002937928692137574
4598,0.0032185000621475987
4599,-0.0031568454698762513
4600,-0.003241264187552099
4601,-0.019162180635968945
4602,-0.010188808747820154
4603,-0.002062269821265901
4604,0.00971591331913605
4605,0.0
4606,0.0
4607,0.0
4608,-0.0032605786567501006
4609,0.0
4610,-0.0064909487660839964
4611,-0.0030462025208154234
4612,-0.01821492891499037
4613,-0.00110803482685135
4614,-0.00513208217964015
4615,-0.0016183662016995
4616,-0.00637661233782355
4617,-0.0006778041354502974
4618,0.0027123725744478966
4619,-0.0016384680901654555
4620,-0.0032605786567501006
4621,0.006024752159221755
4622,0.001468939855707653
4623,-0.0064578446685072495
4624,-0.0020924128257411856
4625,-0.008878884916945474
4626,-0.0035688307372189493
4627,-0.0089322383848922
4628,-0.00519054530965385
4629,-0.0049459138682501
4630,-0.0014974517215475755
4631,-0.013271131785741177
4632,0.0020818121322144986
4633,-0.0003224299308678992
4634,0.011051746712236502
4635,-0.0015904846787199753
4636,-0.00312437914304415
4637,0.00016391012022377513
4638,-0.009706975205264548
4639,1.9607081009350097e-05
4640,-0.01685064781022352
4641,0.00401166629980195
4642,0.0020818121322144986
4643,-0.004527445240037445
4644,-0.007903928833093323
4645,-0.012590787813189274
4646,-0.005678811600807247
4647,-0.0008897970694645495
4648,-0.001579465925901427
4649,0.00017454667364285182
4650,-0.011051186905020799
4651,-0.0123727675153304
4652,0.00021258503401359874
4653,-0.0044113062392352985
4654,0.0
4655,-0.004687797977246902
4656,0.0011507959130177756
4657,-0.0019140500916541014
4658,-0.0008897970694645495
4659,-0.0028844813793762504
4660,-4.012266209622514e-05
4661,-0.005096658765981199
4662,-0.005296931635189902
4663,0.0
4664,0.005872669110809529
4665,-0.00893448828936845
4666,0.0020818121322144986
4667,0.0063980569310536015
4668,-0.004103712763623349
4669,-0.010343187016599973
4670,0.0020818121322144986
4671,0.003220004201224779
4672,0.0006255468166388761
4673,0.0078873766147951
4674,-0.0008775051704002484
4675,-0.00402723706281015
4676,-0.008652800527904951
4677,0.0
4678,-0.006859501747449
4679,-0.0028844813793762504
4680,-0.0030843676173301013
4681,0.00031887755102042586
4682,-0.0069940239639334455
4683,-0.002918482502486798
4684,-0.00324549965631295
4685,-0.0014293536860435496
4686,-0.0045009092613985755
4687,0.0025879396199142007
4688,0.0012503584733918535
4689,0.0
4690,-0.0004026752550603495
4691,0.0
4692,-0.0004526117956827093
4693,0.0
4694,-0.006280162339660673
4695,6.4078062639270905e-06
4696,-0.007814525579932423
4697,-0.000611042382069075
4698,0.005930872636595495
4699,-0.007804608987072152
4700,0.0036300377779966263
4701,-0.00010702190850072528
4702,-0.00644149304594545
4703,-0.0033745457236530104
4704,0.0006251792366959268
4705,0.0020818121322144986
4706,-0.0015188954885008428
4707,-0.00506963416733785
4708,-0.005762793182581301
4709,-0.011115303849730324
4710,0.006371137425134227
4711,-6.576114861401097e-06
4712,0.0
4713,-0.0034763075093495978
4714,-0.014811933785100768
4715,0.0034338694672979286
4716,0.0010445033960109762
4717,0.0
4718,-0.0027199981298873734
4719,-0.009827740986805925
4720,-0.01113579202806175
4721,0.0
4722,-0.003406388601009875
4723,-0.007247624209183821
4724,-0.005086933201215902
4725,-0.002784066450139978
4726,-0.005944205948574201
4727,0.0009176711348906036
4728,-0.009217782372464
4729,0.0032185000621475987
4730,-0.009481462359268446
4731,-0.0020832418719963722
4732,0.0
4733,0.0
4734,-0.0080561350528503
4735,-0.014063424853506477
4736,-0.008288232132270652
4737,-0.00011813148657027718
4738,-0.006265947470942451
4739,-0.002803847161118651
4740,-0.011027560669377073
4741,-0.005843233199679849
4742,-0.004937559195745474
4743,-0.008506542113550897
4744,-0.00107751433906895
4745,-0.010715027939633897
4746,-0.005851209516460725
4747,-0.0003091431338726608
4748,-0.014547791408430873
4749,-0.0042064030017479465
4750,-0.0025435994087938483
4751,-0.010763701447616649
4752,-0.0143165193632804
4753,-0.007719783695473298
4754,-0.026412112494012374
4755,0.0008319183619973497
4756,-0.014506567740098598
4757,-0.012714943122606799
4758,0.0
4759,-0.011057304343914852
4760,0.0
4761,-0.00669850688129181
4762,-0.003441963078935551
4763,0.0009582341551401261
4764,0.0
4765,-0.0053519353600331495
4766,-0.000166343669250625
4767,-0.005595596552719002
4768,-0.003329056620355051
4769,-0.0008919388944379747
4770,-0.0033559428573052743
4771,-0.013789054547437899
4772,0.00010629251700679937
4773,0.001484378309991978
4774,-0.007365993836797674
4775,-0.0020044531477338007
4776,-0.00312437914304415
4777,-0.011928042560781804
4778,-0.0036586976968211995
4779,-0.008191855084653898
4780,-0.00033268733850125
4781,0.0006377551020408517
4782,0.00041871290534907664
4783,0.0
4784,-0.006709362221165253
4785,-0.00367808754270245
4786,0.009080115246378527
4787,-0.015769748271495476
4788,0.0
4789,-0.009771071414575299
4790,0.002818665091454696
4791,-0.012101678199329852
4792,-0.005895057453240074
4793,0.0058064396820617994
4794,0.04007846783563664
4795,-0.00342276303310145
4796,-0.002277598619742297
4797,0.0007529903084747755
4798,-0.0038785035190457597
4799,-0.00470316320985305
4800,0.003724627549847301
4801,0.0061610050215341276
4802,-0.001926017821010581
4803,-0.0024721223130865014
4804,-0.002636691091590568
4805,-0.014598328302806727
4806,-0.007142116164656598
4807,-0.0086384273473345
4808,0.0
4809,0.003974329488725149
4810,-0.001545607021380074
4811,0.0
4812,0.0026212060280926238
4813,0.0020756663749866774
4814,0.0013587268048706
4815,-0.006526972061442727
4816,-0.00226409941967215
4817,0.00046280203514972515
4818,0.0
4819,0.0071244982011867755
4820,-0.0019140500916541014
4821,0.0016513259265266492
4822,-0.004263532657128402
4823,-0.002907152057088111
4824,-0.0028714433772738246
4825,-0.006798237140123248
4826,-0.00513771186440675
4827,0.0015439230337415495
4828,-0.00869349274517855
4829,0.0
4830,0.0011708191891537248
4831,-0.0033415943111884286
4832,-0.012133502394352604
4833,-0.004105213929677398
4834,0.0022006725334505223
4835,0.0
4836,-0.004899046746915556
4837,0.0
4838,0.0
4839,0.0008380370646641261
4840,0.004024344360761604
4841,-0.01050822822230975
4842,0.0011569743356243528
4843,-0.0021200864947980014
4844,0.0029398317326834473
4845,-0.00930285113629115
4846,0.005481340355669677
4847,0.0005393938958781251
4848,-0.000698155601413274
4849,-0.0031362043965071007
4850,-0.006932622107687925
4851,0.00021258503401359874
4852,-0.007844173644175752
4853,0.0
4854,-0.013123076061842775
4855,0.0
4856,-0.011455836799522827
4857,-0.009595514035306901
4858,0.0
4859,0.0013226645859982528
4860,-0.003248156172736385
4861,0.0
4862,-0.005103358199292651
4863,-0.011795270734732027
4864,0.002809837355692476
4865,-0.0004447286090852984
4866,-0.014443087621900826
4867,0.0014512516899811007
4868,0.0
4869,-0.004394745533863848
4870,0.0
4871,0.0
4872,0.0012013000526338259
4873,0.0
4874,0.001015411285138353
4875,-0.0016855546203811723
4876,0.00010629251700679937
4877,-0.0031339665989011988
4878,-0.006844463835620786
4879,-0.004625411541008347
4880,-0.0018672623343852952
4881,0.0
4882,0.0023722175893524052
4883,0.004495925698090123
4884,0.0020818121322144986
4885,-0.0024721223130865014
4886,0.0
4887,0.0043413785461495005
4888,0.0011421085561084399
4889,-0.005777857620133201
4890,0.0
4891,-0.0015188954885008428
4892,-0.014595868903535848
4893,0.0
4894,0.0
4895,-0.013131287334420053
4896,-0.006951193825095426
4897,0.0
4898,-0.0037088136897414498
4899,0.0
4900,-0.009232489247910721
4901,-0.0029349822018905763
4902,-0.008174912974255648
4903,0.0
4904,-0.015648860163447374
4905,0.0
4906,0.0
4907,-0.0024721223130865014
4908,-0.0005235089055363037
4909,-0.0075247753910722
4910,-0.0022355912061794506
4911,0.0
4912,-0.0018475824942873614
4913,-0.008114397504833795
4914,0.0007569690398722025
4915,-0.004349024657935797
4916,-0.006814811000068125
4917,-0.001975037408542296
4918,0.0049828341401568985
4919,-0.008049382533911348
4920,0.0
4921,-0.000166343669250625
4922,-0.003360323332471275
4923,-0.005143439534740076
4924,-0.013381088992257578
4925,0.0022457222524382738
4926,0.004668876552647501
4927,-0.001456791564362351
4928,0.00927712757918545
4929,0.0023172634885173515
4930,0.013655819746576302
4931,-0.00031578653237028
4932,-0.005026123172048896
4933,-0.0062290375881537
4934,-0.0092604967306241
4935,-0.005707394586992251
4936,0.0021002339062715994
4937,-0.01805674498311513
4938,0.0
4939,0.00014035786178125164
4940,-0.005536656617345895
4941,0.0008319183619973497
4942,-0.0019140500916541014
4943,-0.006199201233394576
4944,0.0
4945,-0.009204570047586926
4946,0.0
4947,-0.018336811382667007
4948,-0.006427903240600376
4949,0.0
4950,-0.0016457051720209508
4951,-0.0018946690245030783
4952,-0.0011593755558402248
4953,-0.013156772582395724
4954,0.0
4955,0.0
4956,-0.0020769535975727997
4957,0.0020818121322144986
4958,0.0
4959,0.0011655007589715521
4960,-0.0030734309600735504
4961,-0.0063658648325148025
4962,0.013611204307988126
4963,0.0
4964,0.0
4965,0.0006377551020408517
4966,-0.004453473335472337
4967,0.0022370181643249012
4968,-0.004663915638793526
4969,0.0020614343062542
4970,-0.010458744874341697
4971,0.0
4972,-0.0009604442041186642
4973,0.00041907580764785016
4974,0.0
4975,0.002110797157170501
4976,-0.002243852801169353
4977,0.0
4978,-0.005746294909017901
4979,-0.0064783783934981
4980,-0.0013359797825142482
4981,-0.0028066829765850732
4982,-0.007194352000906051
4983,-0.0036671337301986268
4984,-0.00659765462895903
4985,0.0046749337171564775
4986,-0.00225263680666052
4987,0.0014512516899811007
4988,0.002157213475534126
4989,0.002092456047906978
4990,0.0038100146346439247
4991,-0.025879020251709198
4992,0.021878912185881963
4993,-0.009924578673116975
4994,-0.0083321647193728
4995,-0.009948207335021352
4996,0.00010629251700679937
4997,-0.0021200864947980014
4998,0.0105044958870812
4999,-0.00605603381266135
