dataset,representation,predictor,seed,variant,parent_prediction_range,mutant_prediction_range,local_domain_prediction_range,finite_local_domain,parent_rows,mutant_rows
CHEMBL1862_Ki,morgan,xgboost,11,trained,3.043111801147461,3.5319138169288635,3.5319138169288635,True,30,846
CHEMBL1862_Ki,morgan,xgboost,11,label_permuted,0.18019354343414307,0.29950499534606934,0.29950499534606934,True,30,846
CHEMBL1862_Ki,morgan,xgboost,23,trained,2.869813919067383,3.648686408996582,3.648686408996582,True,30,846
CHEMBL1862_Ki,morgan,xgboost,23,label_permuted,1.0460344552993774,2.058251440525055,2.058251440525055,True,30,846
CHEMBL1862_Ki,morgan,xgboost,42,trained,2.894066095352173,3.581032544374466,3.581032544374466,True,30,846
CHEMBL1862_Ki,morgan,xgboost,42,label_permuted,0.14938974380493164,0.41263628005981445,0.41263628005981445,True,30,846
CHEMBL1862_Ki,morgan,mlp,11,trained,3.443404197692871,3.897814631462097,3.897814631462097,True,30,846
CHEMBL1862_Ki,morgan,mlp,11,label_permuted,0.26515960693359375,0.7005261182785034,0.7005261182785034,True,30,846
CHEMBL1862_Ki,morgan,mlp,23,trained,3.1240134239196777,3.415382742881775,3.415382742881775,True,30,846
CHEMBL1862_Ki,morgan,mlp,23,label_permuted,0.7680233716964722,1.1716264486312866,1.1716264486312866,True,30,846
CHEMBL1862_Ki,morgan,mlp,42,trained,3.724600315093994,4.622205138206482,4.622205138206482,True,30,846
CHEMBL1862_Ki,morgan,mlp,42,label_permuted,0.5578114986419678,0.8800628185272217,0.8800628185272217,True,30,846
CHEMBL1871_Ki,morgan,xgboost,11,trained,2.6989493370056152,2.902264416217804,2.902264416217804,True,38,1139
CHEMBL1871_Ki,morgan,xgboost,11,label_permuted,0.2182750701904297,0.4980051517486572,0.4980051517486572,True,38,1139
CHEMBL1871_Ki,morgan,xgboost,23,trained,2.6402883529663086,3.1656526029109955,3.1656526029109955,True,38,1139
CHEMBL1871_Ki,morgan,xgboost,23,label_permuted,1.2926820516586304,1.5011405944824219,1.5011405944824219,True,38,1139
CHEMBL1871_Ki,morgan,xgboost,42,trained,2.8584747314453125,3.9253443628549576,3.9253443628549576,True,38,1139
CHEMBL1871_Ki,morgan,xgboost,42,label_permuted,0.05670452117919922,0.06905949115753174,0.06905949115753174,True,38,1139
CHEMBL1871_Ki,morgan,mlp,11,trained,2.7768421173095703,2.954115867614746,3.0143035650253296,True,38,1139
CHEMBL1871_Ki,morgan,mlp,11,label_permuted,0.6698682308197021,0.9268031120300293,0.9268031120300293,True,38,1139
CHEMBL1871_Ki,morgan,mlp,23,trained,3.047311544418335,3.097375750541687,3.1871039867401123,True,38,1139
CHEMBL1871_Ki,morgan,mlp,23,label_permuted,1.759072184562683,2.2040785551071167,2.2040785551071167,True,38,1139
CHEMBL1871_Ki,morgan,mlp,42,trained,2.637575149536133,3.2173672914505005,3.2173672914505005,True,38,1139
CHEMBL1871_Ki,morgan,mlp,42,label_permuted,0.49627768993377686,0.737586259841919,0.737586259841919,True,38,1139
CHEMBL2034_Ki,morgan,xgboost,11,trained,1.7739543914794922,1.9833532571792603,1.9833532571792603,True,48,1320
CHEMBL2034_Ki,morgan,xgboost,11,label_permuted,0.11823844909667969,0.23427653312683105,0.23427653312683105,True,48,1320
CHEMBL2034_Ki,morgan,xgboost,23,trained,2.09093976020813,2.234014093875885,2.234014093875885,True,48,1320
CHEMBL2034_Ki,morgan,xgboost,23,label_permuted,0.05266690254211426,0.11442351341247559,0.11442351341247559,True,48,1320
CHEMBL2034_Ki,morgan,xgboost,42,trained,1.6026248931884766,1.8176755607128143,1.8176755607128143,True,48,1320
CHEMBL2034_Ki,morgan,xgboost,42,label_permuted,1.3952956199645996,2.374987944960594,2.374987944960594,True,48,1320
CHEMBL2034_Ki,morgan,mlp,11,trained,2.823883295059204,3.3803833723068237,3.3803833723068237,True,48,1320
CHEMBL2034_Ki,morgan,mlp,11,label_permuted,0.7461135387420654,0.9452086091041565,0.9452086091041565,True,48,1320
CHEMBL2034_Ki,morgan,mlp,23,trained,3.466651201248169,3.676706910133362,3.676706910133362,True,48,1320
CHEMBL2034_Ki,morgan,mlp,23,label_permuted,0.5150748491287231,0.8499077558517456,0.8499077558517456,True,48,1320
CHEMBL2034_Ki,morgan,mlp,42,trained,2.9559884071350098,3.224384307861328,3.224384307861328,True,48,1320
CHEMBL2034_Ki,morgan,mlp,42,label_permuted,0.8901844620704651,1.296472191810608,1.296472191810608,True,48,1320
CHEMBL204_Ki,morgan,xgboost,11,trained,5.422311305999756,6.0218281745910645,6.122761428356171,True,186,9498
CHEMBL204_Ki,morgan,xgboost,11,label_permuted,0.36094045639038086,0.4336247444152832,0.4336247444152832,True,186,9498
CHEMBL204_Ki,morgan,xgboost,23,trained,5.403003215789795,6.496870696544647,6.496870696544647,True,186,9498
CHEMBL204_Ki,morgan,xgboost,23,label_permuted,0.1876544952392578,0.1876544952392578,0.1876544952392578,True,186,9498
CHEMBL204_Ki,morgan,xgboost,42,trained,5.660508632659912,6.221067309379578,6.221067309379578,True,186,9498
CHEMBL204_Ki,morgan,xgboost,42,label_permuted,0.14164376258850098,0.20667362213134766,0.20667362213134766,True,186,9498
CHEMBL204_Ki,morgan,mlp,11,trained,5.530788421630859,6.190771102905273,6.190771102905273,True,186,9498
CHEMBL204_Ki,morgan,mlp,11,label_permuted,1.524533987045288,1.998718023300171,1.998718023300171,True,186,9498
CHEMBL204_Ki,morgan,mlp,23,trained,5.6307373046875,6.633254528045654,6.633254528045654,True,186,9498
CHEMBL204_Ki,morgan,mlp,23,label_permuted,1.4903644323349,1.989644169807434,1.989644169807434,True,186,9498
CHEMBL204_Ki,morgan,mlp,42,trained,6.030595779418945,6.532642841339111,6.653404951095581,True,186,9498
CHEMBL204_Ki,morgan,mlp,42,label_permuted,1.3917272090911865,1.7849032878875732,1.7849032878875732,True,186,9498
CHEMBL2047_EC50,morgan,xgboost,11,trained,2.7963614463806152,3.2755003571510315,3.2755003571510315,True,36,1834
CHEMBL2047_EC50,morgan,xgboost,11,label_permuted,0.10747742652893066,0.11837053298950195,0.11837053298950195,True,36,1834
CHEMBL2047_EC50,morgan,xgboost,23,trained,2.6315035820007324,3.1291919350624084,3.1291919350624084,True,36,1834
CHEMBL2047_EC50,morgan,xgboost,23,label_permuted,0.22911763191223145,0.3689911365509033,0.3689911365509033,True,36,1834
CHEMBL2047_EC50,morgan,xgboost,42,trained,2.902578830718994,3.297543704509735,3.297543704509735,True,36,1834
CHEMBL2047_EC50,morgan,xgboost,42,label_permuted,1.2884806394577026,1.5805355310440063,1.5805355310440063,True,36,1834
CHEMBL2047_EC50,morgan,mlp,11,trained,2.9140548706054688,3.4037692546844482,3.4037692546844482,True,36,1834
CHEMBL2047_EC50,morgan,mlp,11,label_permuted,0.5385370254516602,0.7355616092681885,0.7355616092681885,True,36,1834
CHEMBL2047_EC50,morgan,mlp,23,trained,2.7349491119384766,3.086763858795166,3.086763858795166,True,36,1834
CHEMBL2047_EC50,morgan,mlp,23,label_permuted,0.4686777591705322,0.7169678211212158,0.7169678211212158,True,36,1834
CHEMBL2047_EC50,morgan,mlp,42,trained,2.6544408798217773,3.280603528022766,3.280603528022766,True,36,1834
CHEMBL2047_EC50,morgan,mlp,42,label_permuted,0.563554048538208,0.8956036567687988,0.8956036567687988,True,36,1834
CHEMBL214_Ki,morgan,xgboost,11,trained,5.1635565757751465,5.226924180984497,5.568671762943268,True,230,7062
CHEMBL214_Ki,morgan,xgboost,11,label_permuted,0.44403576850891113,0.44403576850891113,0.44403576850891113,True,230,7062
CHEMBL214_Ki,morgan,xgboost,23,trained,4.890791416168213,5.160377502441406,5.325370132923126,True,230,7062
CHEMBL214_Ki,morgan,xgboost,23,label_permuted,0.44304168224334717,0.5436415672302246,0.5436415672302246,True,230,7062
CHEMBL214_Ki,morgan,xgboost,42,trained,5.137415409088135,5.353056192398071,5.5858353972435,True,230,7062
CHEMBL214_Ki,morgan,xgboost,42,label_permuted,0.09050726890563965,0.14567828178405762,0.14567828178405762,True,230,7062
CHEMBL214_Ki,morgan,mlp,11,trained,4.884919166564941,5.302507519721985,5.302507519721985,True,230,7062
CHEMBL214_Ki,morgan,mlp,11,label_permuted,0.9390209913253784,1.2666911482810974,1.2666911482810974,True,230,7062
CHEMBL214_Ki,morgan,mlp,23,trained,5.3190484046936035,5.524939179420471,5.64475691318512,True,230,7062
CHEMBL214_Ki,morgan,mlp,23,label_permuted,0.9926654100418091,1.8356990814208984,1.8356990814208984,True,230,7062
CHEMBL214_Ki,morgan,mlp,42,trained,5.209171295166016,5.302858471870422,5.439277529716492,True,230,7062
CHEMBL214_Ki,morgan,mlp,42,label_permuted,1.3654463291168213,2.1143161058425903,2.1143161058425903,True,230,7062
CHEMBL2147_Ki,morgan,xgboost,11,trained,5.08999490737915,5.104722499847412,5.115041732788086,True,54,1537
CHEMBL2147_Ki,morgan,xgboost,11,label_permuted,1.3847614526748657,2.0755651146173477,2.0755651146173477,True,54,1537
CHEMBL2147_Ki,morgan,xgboost,23,trained,5.118869304656982,5.212065577507019,5.212065577507019,True,54,1537
CHEMBL2147_Ki,morgan,xgboost,23,label_permuted,1.407301664352417,1.8031661808490753,1.8031661808490753,True,54,1537
CHEMBL2147_Ki,morgan,xgboost,42,trained,4.874791145324707,5.0409568548202515,5.0409568548202515,True,54,1537
CHEMBL2147_Ki,morgan,xgboost,42,label_permuted,0.34475135803222656,0.463534951210022,0.463534951210022,True,54,1537
CHEMBL2147_Ki,morgan,mlp,11,trained,5.46345329284668,5.947543978691101,5.947543978691101,True,54,1537
CHEMBL2147_Ki,morgan,mlp,11,label_permuted,1.176707148551941,2.1097662448883057,2.1097662448883057,True,54,1537
CHEMBL2147_Ki,morgan,mlp,23,trained,5.7714128494262695,6.457379341125488,6.457379341125488,True,54,1537
CHEMBL2147_Ki,morgan,mlp,23,label_permuted,1.7338180541992188,2.4259287118911743,2.4259287118911743,True,54,1537
CHEMBL2147_Ki,morgan,mlp,42,trained,5.8818440437316895,6.415875434875488,6.415875434875488,True,54,1537
CHEMBL2147_Ki,morgan,mlp,42,label_permuted,3.8105807304382324,7.847618103027344,7.847618103027344,True,54,1537
CHEMBL218_EC50,morgan,xgboost,11,trained,3.6862709522247314,3.9630654007196426,3.9630654007196426,True,76,2684
CHEMBL218_EC50,morgan,xgboost,11,label_permuted,0.0630028247833252,0.1330738067626953,0.1330738067626953,True,76,2684
CHEMBL218_EC50,morgan,xgboost,23,trained,2.6525514125823975,2.763428270816803,2.763428270816803,True,76,2684
CHEMBL218_EC50,morgan,xgboost,23,label_permuted,0.5875680446624756,1.0459495782852173,1.0459495782852173,True,76,2684
CHEMBL218_EC50,morgan,xgboost,42,trained,2.8926479816436768,3.391269363462925,3.391269363462925,True,76,2684
CHEMBL218_EC50,morgan,xgboost,42,label_permuted,0.2406301498413086,0.3790445327758789,0.3790445327758789,True,76,2684
CHEMBL218_EC50,morgan,mlp,11,trained,1.6050043106079102,1.959560751914978,1.959560751914978,True,76,2684
CHEMBL218_EC50,morgan,mlp,11,label_permuted,0.8372368812561035,0.9995121955871582,0.9995121955871582,True,76,2684
CHEMBL218_EC50,morgan,mlp,23,trained,1.8709641695022583,2.0443557500839233,2.0443557500839233,True,76,2684
CHEMBL218_EC50,morgan,mlp,23,label_permuted,0.9253971576690674,1.254956841468811,1.254956841468811,True,76,2684
CHEMBL218_EC50,morgan,mlp,42,trained,2.09071946144104,2.394517421722412,2.394517421722412,True,76,2684
CHEMBL218_EC50,morgan,mlp,42,label_permuted,0.772293210029602,1.3132245540618896,1.3132245540618896,True,76,2684
CHEMBL219_Ki,morgan,xgboost,11,trained,3.7620041370391846,4.286176949739456,4.370669186115265,True,134,3521
CHEMBL219_Ki,morgan,xgboost,11,label_permuted,1.1642849445343018,2.0523372292518616,2.0523372292518616,True,134,3521
CHEMBL219_Ki,morgan,xgboost,23,trained,3.585930347442627,4.244821101427078,4.244821101427078,True,134,3521
CHEMBL219_Ki,morgan,xgboost,23,label_permuted,0.1699674129486084,0.3074432611465454,0.3074432611465454,True,134,3521
CHEMBL219_Ki,morgan,xgboost,42,trained,3.883347988128662,4.436211496591568,4.439560800790787,True,134,3521
CHEMBL219_Ki,morgan,xgboost,42,label_permuted,0.41401994228363037,0.736652135848999,0.736652135848999,True,134,3521
CHEMBL219_Ki,morgan,mlp,11,trained,3.1655209064483643,3.8403706550598145,3.8403706550598145,True,134,3521
CHEMBL219_Ki,morgan,mlp,11,label_permuted,1.5717403888702393,2.1450659036636353,2.1450659036636353,True,134,3521
CHEMBL219_Ki,morgan,mlp,23,trained,3.110856771469116,3.9553635120391846,3.9553635120391846,True,134,3521
CHEMBL219_Ki,morgan,mlp,23,label_permuted,1.0769257545471191,1.41530841588974,1.41530841588974,True,134,3521
CHEMBL219_Ki,morgan,mlp,42,trained,3.089252471923828,4.1963889598846436,4.1963889598846436,True,134,3521
CHEMBL219_Ki,morgan,mlp,42,label_permuted,1.1597293615341187,1.7734160423278809,1.7734160423278809,True,134,3521
CHEMBL228_Ki,morgan,xgboost,11,trained,3.9674060344696045,4.9521679282188416,4.9521679282188416,True,122,3150
CHEMBL228_Ki,morgan,xgboost,11,label_permuted,0.49262452125549316,0.6335505247116089,0.6335505247116089,True,122,3150
CHEMBL228_Ki,morgan,xgboost,23,trained,3.8381779193878174,4.883392751216888,4.883392751216888,True,122,3150
CHEMBL228_Ki,morgan,xgboost,23,label_permuted,0.11607861518859863,0.2021958827972412,0.2021958827972412,True,122,3150
CHEMBL228_Ki,morgan,xgboost,42,trained,4.00583028793335,5.020926237106323,5.020926237106323,True,122,3150
CHEMBL228_Ki,morgan,xgboost,42,label_permuted,0.18751156330108643,0.3008495569229126,0.3008495569229126,True,122,3150
CHEMBL228_Ki,morgan,mlp,11,trained,3.990757942199707,4.5041656494140625,4.5041656494140625,True,122,3150
CHEMBL228_Ki,morgan,mlp,11,label_permuted,1.3927741050720215,1.724603295326233,1.724603295326233,True,122,3150
CHEMBL228_Ki,morgan,mlp,23,trained,3.7797365188598633,4.984891891479492,4.984891891479492,True,122,3150
CHEMBL228_Ki,morgan,mlp,23,label_permuted,2.302353858947754,2.787245273590088,2.787245273590088,True,122,3150
CHEMBL228_Ki,morgan,mlp,42,trained,4.2548017501831055,5.143709182739258,5.143709182739258,True,122,3150
CHEMBL228_Ki,morgan,mlp,42,label_permuted,0.9477131366729736,1.4264943599700928,1.4264943599700928,True,122,3150
CHEMBL231_Ki,morgan,xgboost,11,trained,4.074402809143066,4.45164167881012,4.45164167881012,True,56,1883
CHEMBL231_Ki,morgan,xgboost,11,label_permuted,2.112856388092041,2.6604037284851074,2.6604037284851074,True,56,1883
CHEMBL231_Ki,morgan,xgboost,23,trained,3.964500665664673,4.276413396000862,4.316484168171883,True,56,1883
CHEMBL231_Ki,morgan,xgboost,23,label_permuted,1.6387882232666016,3.4858906269073486,3.4858906269073486,True,56,1883
CHEMBL231_Ki,morgan,xgboost,42,trained,4.176576137542725,4.522801965475082,4.522801965475082,True,56,1883
CHEMBL231_Ki,morgan,xgboost,42,label_permuted,1.5629712343215942,2.588025152683258,2.588025152683258,True,56,1883
CHEMBL231_Ki,morgan,mlp,11,trained,4.428216457366943,5.099678993225098,5.099678993225098,True,56,1883
CHEMBL231_Ki,morgan,mlp,11,label_permuted,1.6048160791397095,2.1320220232009888,2.1320220232009888,True,56,1883
CHEMBL231_Ki,morgan,mlp,23,trained,4.0392303466796875,4.969012022018433,4.969012022018433,True,56,1883
CHEMBL231_Ki,morgan,mlp,23,label_permuted,1.2848315238952637,1.9808807373046875,1.9808807373046875,True,56,1883
CHEMBL231_Ki,morgan,mlp,42,trained,4.167234897613525,5.035175085067749,5.035175085067749,True,56,1883
CHEMBL231_Ki,morgan,mlp,42,label_permuted,0.8222247362136841,1.4772007465362549,1.4772007465362549,True,56,1883
CHEMBL233_Ki,morgan,xgboost,11,trained,4.374959945678711,5.567003846168518,5.567003846168518,True,182,5789
CHEMBL233_Ki,morgan,xgboost,11,label_permuted,0.2734485864639282,0.44124484062194824,0.44124484062194824,True,182,5789
CHEMBL233_Ki,morgan,xgboost,23,trained,4.692967891693115,5.120839476585388,5.120839476585388,True,182,5789
CHEMBL233_Ki,morgan,xgboost,23,label_permuted,0.8347433805465698,1.4763437509536743,1.4763437509536743,True,182,5789
CHEMBL233_Ki,morgan,xgboost,42,trained,5.022451877593994,5.770529866218567,5.770529866218567,True,182,5789
CHEMBL233_Ki,morgan,xgboost,42,label_permuted,1.0235506296157837,1.6084316968917847,1.6084316968917847,True,182,5789
CHEMBL233_Ki,morgan,mlp,11,trained,4.994384765625,5.316811203956604,5.316811203956604,True,182,5789
CHEMBL233_Ki,morgan,mlp,11,label_permuted,1.280315637588501,1.6134992837905884,1.6134992837905884,True,182,5789
CHEMBL233_Ki,morgan,mlp,23,trained,5.080384731292725,5.666728138923645,5.666728138923645,True,182,5789
CHEMBL233_Ki,morgan,mlp,23,label_permuted,1.0678651332855225,1.7029518485069275,1.7029518485069275,True,182,5789
CHEMBL233_Ki,morgan,mlp,42,trained,5.169431686401367,5.434052109718323,5.434052109718323,True,182,5789
CHEMBL233_Ki,morgan,mlp,42,label_permuted,1.300249695777893,1.637232780456543,1.637232780456543,True,182,5789
CHEMBL234_Ki,morgan,xgboost,11,trained,5.465793609619141,6.475361466407776,6.475361466407776,True,226,7589
CHEMBL234_Ki,morgan,xgboost,11,label_permuted,1.095913290977478,2.0397890210151672,2.0397890210151672,True,226,7589
CHEMBL234_Ki,morgan,xgboost,23,trained,5.507421493530273,6.1233309507369995,6.1233309507369995,True,226,7589
CHEMBL234_Ki,morgan,xgboost,23,label_permuted,0.0,0.15266728401184082,0.15266728401184082,True,226,7589
CHEMBL234_Ki,morgan,xgboost,42,trained,5.318659782409668,6.119366407394409,6.119366407394409,True,226,7589
CHEMBL234_Ki,morgan,xgboost,42,label_permuted,0.1108245849609375,0.1332772970199585,0.1332772970199585,True,226,7589
CHEMBL234_Ki,morgan,mlp,11,trained,6.044865608215332,6.6688231229782104,6.6688231229782104,True,226,7589
CHEMBL234_Ki,morgan,mlp,11,label_permuted,1.2978720664978027,1.76643967628479,1.76643967628479,True,226,7589
CHEMBL234_Ki,morgan,mlp,23,trained,6.045372009277344,6.628674626350403,6.7114235162734985,True,226,7589
CHEMBL234_Ki,morgan,mlp,23,label_permuted,1.204620361328125,1.56638765335083,1.56638765335083,True,226,7589
CHEMBL234_Ki,morgan,mlp,42,trained,6.375697612762451,6.608235001564026,6.721639275550842,True,226,7589
CHEMBL234_Ki,morgan,mlp,42,label_permuted,1.0242904424667358,1.5229710340499878,1.5229710340499878,True,226,7589
CHEMBL235_EC50,morgan,xgboost,11,trained,3.066816806793213,4.912173807621002,4.912173807621002,True,150,7720
CHEMBL235_EC50,morgan,xgboost,11,label_permuted,0.16536688804626465,0.31665730476379395,0.31665730476379395,True,150,7720
CHEMBL235_EC50,morgan,xgboost,23,trained,3.633963108062744,5.376953125,5.376953125,True,150,7720
CHEMBL235_EC50,morgan,xgboost,23,label_permuted,0.06596803665161133,0.10835695266723633,0.10835695266723633,True,150,7720
CHEMBL235_EC50,morgan,xgboost,42,trained,3.3738112449645996,5.1574177742004395,5.1574177742004395,True,150,7720
CHEMBL235_EC50,morgan,xgboost,42,label_permuted,0.15375995635986328,0.23736786842346191,0.23736786842346191,True,150,7720
CHEMBL235_EC50,morgan,mlp,11,trained,3.4945013523101807,4.090271234512329,4.090271234512329,True,150,7720
CHEMBL235_EC50,morgan,mlp,11,label_permuted,1.1346476078033447,1.3373140096664429,1.3373140096664429,True,150,7720
CHEMBL235_EC50,morgan,mlp,23,trained,3.822035551071167,4.435484170913696,4.435484170913696,True,150,7720
CHEMBL235_EC50,morgan,mlp,23,label_permuted,1.0034666061401367,1.6868865489959717,1.6868865489959717,True,150,7720
CHEMBL235_EC50,morgan,mlp,42,trained,4.081186294555664,4.729691505432129,4.729691505432129,True,150,7720
CHEMBL235_EC50,morgan,mlp,42,label_permuted,1.4489765167236328,1.655036449432373,1.655036449432373,True,150,7720
CHEMBL236_Ki,morgan,xgboost,11,trained,4.856759548187256,5.43059378862381,5.43059378862381,True,138,4965
CHEMBL236_Ki,morgan,xgboost,11,label_permuted,0.17241621017456055,0.17686808109283447,0.17686808109283447,True,138,4965
CHEMBL236_Ki,morgan,xgboost,23,trained,4.935511112213135,5.7861552238464355,5.7861552238464355,True,138,4965
CHEMBL236_Ki,morgan,xgboost,23,label_permuted,0.46717381477355957,0.7207832336425781,0.7207832336425781,True,138,4965
CHEMBL236_Ki,morgan,xgboost,42,trained,4.932029724121094,6.031980514526367,6.031980514526367,True,138,4965
CHEMBL236_Ki,morgan,xgboost,42,label_permuted,1.0292587280273438,1.862347960472107,1.862347960472107,True,138,4965
CHEMBL236_Ki,morgan,mlp,11,trained,5.826142311096191,6.380204677581787,6.380204677581787,True,138,4965
CHEMBL236_Ki,morgan,mlp,11,label_permuted,1.1760516166687012,1.7213767766952515,1.7213767766952515,True,138,4965
CHEMBL236_Ki,morgan,mlp,23,trained,5.382455825805664,5.798021078109741,5.798021078109741,True,138,4965
CHEMBL236_Ki,morgan,mlp,23,label_permuted,1.0421521663665771,1.7209370136260986,1.7209370136260986,True,138,4965
CHEMBL236_Ki,morgan,mlp,42,trained,5.570041656494141,5.8407652378082275,5.8407652378082275,True,138,4965
CHEMBL236_Ki,morgan,mlp,42,label_permuted,1.2959398031234741,2.0744887590408325,2.0744887590408325,True,138,4965
CHEMBL237_EC50,morgan,xgboost,11,trained,3.3501224517822266,3.3783502876758575,3.3783502876758575,True,70,2405
CHEMBL237_EC50,morgan,xgboost,11,label_permuted,0.9983112812042236,1.4407408237457275,1.4407408237457275,True,70,2405
CHEMBL237_EC50,morgan,xgboost,23,trained,2.1511855125427246,2.156509041786194,2.156509041786194,True,70,2405
CHEMBL237_EC50,morgan,xgboost,23,label_permuted,0.43685054779052734,0.830785870552063,0.830785870552063,True,70,2405
CHEMBL237_EC50,morgan,xgboost,42,trained,2.687969207763672,2.6879692375659943,2.6879692375659943,True,70,2405
CHEMBL237_EC50,morgan,xgboost,42,label_permuted,0.9025087356567383,1.1249758005142212,1.1249758005142212,True,70,2405
CHEMBL237_EC50,morgan,mlp,11,trained,5.612056732177734,6.403924942016602,6.403924942016602,True,70,2405
CHEMBL237_EC50,morgan,mlp,11,label_permuted,1.0236167907714844,1.3003387451171875,1.3003387451171875,True,70,2405
CHEMBL237_EC50,morgan,mlp,23,trained,5.008185386657715,5.943200588226318,5.943200588226318,True,70,2405
CHEMBL237_EC50,morgan,mlp,23,label_permuted,1.3521960973739624,1.6424821019172668,1.6424821019172668,True,70,2405
CHEMBL237_EC50,morgan,mlp,42,trained,5.180542945861816,5.608296871185303,5.608296871185303,True,70,2405
CHEMBL237_EC50,morgan,mlp,42,label_permuted,1.2470173835754395,1.6571492552757263,1.6571492552757263,True,70,2405
CHEMBL237_Ki,morgan,xgboost,11,trained,3.7560479640960693,5.124802112579346,5.124802112579346,True,152,4970
CHEMBL237_Ki,morgan,xgboost,11,label_permuted,0.22416353225708008,0.2978740930557251,0.2978740930557251,True,152,4970
CHEMBL237_Ki,morgan,xgboost,23,trained,4.207745552062988,5.5264517068862915,5.5264517068862915,True,152,4970
CHEMBL237_Ki,morgan,xgboost,23,label_permuted,0.4314311742782593,1.123412013053894,1.123412013053894,True,152,4970
CHEMBL237_Ki,morgan,xgboost,42,trained,3.8698339462280273,4.963174819946289,4.963174819946289,True,152,4970
CHEMBL237_Ki,morgan,xgboost,42,label_permuted,0.1148751974105835,0.15644896030426025,0.15644896030426025,True,152,4970
CHEMBL237_Ki,morgan,mlp,11,trained,5.1174798011779785,5.904352068901062,5.904352068901062,True,152,4970
CHEMBL237_Ki,morgan,mlp,11,label_permuted,1.4491422176361084,2.161296010017395,2.161296010017395,True,152,4970
CHEMBL237_Ki,morgan,mlp,23,trained,4.592286586761475,5.722175478935242,5.722175478935242,True,152,4970
CHEMBL237_Ki,morgan,mlp,23,label_permuted,0.8453093767166138,1.5515713095664978,1.5515713095664978,True,152,4970
CHEMBL237_Ki,morgan,mlp,42,trained,4.476579666137695,5.634491801261902,5.634491801261902,True,152,4970
CHEMBL237_Ki,morgan,mlp,42,label_permuted,1.0749539136886597,1.8311110734939575,1.8311110734939575,True,152,4970
CHEMBL238_Ki,morgan,xgboost,11,trained,3.2948920726776123,4.126905485987663,4.126905485987663,True,74,1866
CHEMBL238_Ki,morgan,xgboost,11,label_permuted,0.1251835823059082,0.13852524757385254,0.13852524757385254,True,74,1866
CHEMBL238_Ki,morgan,xgboost,23,trained,3.366992473602295,4.41896915435791,4.41896915435791,True,74,1866
CHEMBL238_Ki,morgan,xgboost,23,label_permuted,0.1017148494720459,0.14941692352294922,0.14941692352294922,True,74,1866
CHEMBL238_Ki,morgan,xgboost,42,trained,3.499436855316162,4.542442083358765,4.542442083358765,True,74,1866
CHEMBL238_Ki,morgan,xgboost,42,label_permuted,0.30532312393188477,0.42235612869262695,0.42235612869262695,True,74,1866
CHEMBL238_Ki,morgan,mlp,11,trained,3.8131351470947266,4.346294641494751,4.346294641494751,True,74,1866
CHEMBL238_Ki,morgan,mlp,11,label_permuted,0.7701210975646973,0.9827611446380615,0.9827611446380615,True,74,1866
CHEMBL238_Ki,morgan,mlp,23,trained,3.7986714839935303,4.565306663513184,4.565306663513184,True,74,1866
CHEMBL238_Ki,morgan,mlp,23,label_permuted,0.6206530332565308,1.0547292232513428,1.0547292232513428,True,74,1866
CHEMBL238_Ki,morgan,mlp,42,trained,3.782222270965576,4.358142375946045,4.358142375946045,True,74,1866
CHEMBL238_Ki,morgan,mlp,42,label_permuted,0.7561160326004028,1.4381966590881348,1.4381966590881348,True,74,1866
CHEMBL239_EC50,morgan,xgboost,11,trained,4.339288711547852,5.708987653255463,5.708987653255463,True,130,6745
CHEMBL239_EC50,morgan,xgboost,11,label_permuted,0.6376142501831055,1.3972715139389038,1.3972715139389038,True,130,6745
CHEMBL239_EC50,morgan,xgboost,23,trained,4.52457857131958,5.74722284078598,5.74722284078598,True,130,6745
CHEMBL239_EC50,morgan,xgboost,23,label_permuted,0.09628605842590332,0.09718155860900879,0.09718155860900879,True,130,6745
CHEMBL239_EC50,morgan,xgboost,42,trained,4.682511329650879,6.0385894775390625,6.0385894775390625,True,130,6745
CHEMBL239_EC50,morgan,xgboost,42,label_permuted,0.3422389030456543,0.7738018035888672,0.7738018035888672,True,130,6745
CHEMBL239_EC50,morgan,mlp,11,trained,4.73033332824707,5.077122211456299,5.077122211456299,True,130,6745
CHEMBL239_EC50,morgan,mlp,11,label_permuted,0.8485360145568848,1.2280635833740234,1.2280635833740234,True,130,6745
CHEMBL239_EC50,morgan,mlp,23,trained,4.633258819580078,5.283717393875122,5.373028755187988,True,130,6745
CHEMBL239_EC50,morgan,mlp,23,label_permuted,0.9584853649139404,1.3243207931518555,1.3243207931518555,True,130,6745
CHEMBL239_EC50,morgan,mlp,42,trained,4.976289749145508,4.94831919670105,5.086418867111206,True,130,6745
CHEMBL239_EC50,morgan,mlp,42,label_permuted,1.0731093883514404,1.5737274885177612,1.5737274885177612,True,130,6745
CHEMBL244_Ki,morgan,xgboost,11,trained,5.747951984405518,6.732234954833984,6.732234954833984,True,206,8930
CHEMBL244_Ki,morgan,xgboost,11,label_permuted,1.7259185314178467,2.4874711334705353,2.4874711334705353,True,206,8930
CHEMBL244_Ki,morgan,xgboost,23,trained,5.7107086181640625,6.820963621139526,6.820963621139526,True,206,8930
CHEMBL244_Ki,morgan,xgboost,23,label_permuted,0.36705923080444336,0.48474395275115967,0.48474395275115967,True,206,8930
CHEMBL244_Ki,morgan,xgboost,42,trained,5.470178604125977,6.75582230091095,6.75582230091095,True,206,8930
CHEMBL244_Ki,morgan,xgboost,42,label_permuted,0.7257044315338135,0.9562944173812866,0.9562944173812866,True,206,8930
CHEMBL244_Ki,morgan,mlp,11,trained,5.905584335327148,6.741147994995117,6.741147994995117,True,206,8930
CHEMBL244_Ki,morgan,mlp,11,label_permuted,2.896160125732422,3.5987085103988647,3.5987085103988647,True,206,8930
CHEMBL244_Ki,morgan,mlp,23,trained,5.583309173583984,6.515285968780518,6.515285968780518,True,206,8930
CHEMBL244_Ki,morgan,mlp,23,label_permuted,1.9813017845153809,2.3447818756103516,2.3447818756103516,True,206,8930
CHEMBL244_Ki,morgan,mlp,42,trained,5.4464192390441895,6.501429796218872,6.501429796218872,True,206,8930
CHEMBL244_Ki,morgan,mlp,42,label_permuted,1.5129365921020508,2.4101626873016357,2.4101626873016357,True,206,8930
CHEMBL262_Ki,morgan,xgboost,11,trained,2.137873649597168,2.4657642245292664,2.4657642245292664,True,48,1016
CHEMBL262_Ki,morgan,xgboost,11,label_permuted,1.3001952171325684,1.865092158317566,1.865092158317566,True,48,1016
CHEMBL262_Ki,morgan,xgboost,23,trained,2.4688429832458496,3.1132973730564117,3.1132973730564117,True,48,1016
CHEMBL262_Ki,morgan,xgboost,23,label_permuted,0.07176923751831055,0.10536623001098633,0.10536623001098633,True,48,1016
CHEMBL262_Ki,morgan,xgboost,42,trained,2.449967622756958,3.018544852733612,3.018544852733612,True,48,1016
CHEMBL262_Ki,morgan,xgboost,42,label_permuted,0.38264989852905273,0.7312836647033691,0.7312836647033691,True,48,1016
CHEMBL262_Ki,morgan,mlp,11,trained,3.109835624694824,3.5695652961730957,3.5695652961730957,True,48,1016
CHEMBL262_Ki,morgan,mlp,11,label_permuted,0.9273157119750977,1.2067674398422241,1.2067674398422241,True,48,1016
CHEMBL262_Ki,morgan,mlp,23,trained,2.656616687774658,3.285766839981079,3.285766839981079,True,48,1016
CHEMBL262_Ki,morgan,mlp,23,label_permuted,0.8542859554290771,1.1480803489685059,1.1480803489685059,True,48,1016
CHEMBL262_Ki,morgan,mlp,42,trained,3.6413049697875977,4.09665060043335,4.09665060043335,True,48,1016
CHEMBL262_Ki,morgan,mlp,42,label_permuted,0.3844752311706543,1.1152408123016357,1.1152408123016357,True,48,1016
CHEMBL264_Ki,morgan,xgboost,11,trained,4.352697372436523,4.784916579723358,4.784916579723358,True,188,5186
CHEMBL264_Ki,morgan,xgboost,11,label_permuted,0.10941624641418457,0.1619417667388916,0.1619417667388916,True,188,5186
CHEMBL264_Ki,morgan,xgboost,23,trained,4.439554214477539,4.822653710842133,4.822653710842133,True,188,5186
CHEMBL264_Ki,morgan,xgboost,23,label_permuted,0.41745686531066895,0.6080108880996704,0.6080108880996704,True,188,5186
CHEMBL264_Ki,morgan,xgboost,42,trained,4.480395793914795,4.817069947719574,4.817069947719574,True,188,5186
CHEMBL264_Ki,morgan,xgboost,42,label_permuted,0.6417918801307678,1.2452061176300049,1.2452061176300049,True,188,5186
CHEMBL264_Ki,morgan,mlp,11,trained,3.970174789428711,4.824163317680359,4.824163317680359,True,188,5186
CHEMBL264_Ki,morgan,mlp,11,label_permuted,1.407320499420166,1.6329402923583984,1.6329402923583984,True,188,5186
CHEMBL264_Ki,morgan,mlp,23,trained,4.206812858581543,5.425174713134766,5.425174713134766,True,188,5186
CHEMBL264_Ki,morgan,mlp,23,label_permuted,1.061227560043335,1.5633774399757385,1.5633774399757385,True,188,5186
CHEMBL264_Ki,morgan,mlp,42,trained,4.361329555511475,5.506183385848999,5.506183385848999,True,188,5186
CHEMBL264_Ki,morgan,mlp,42,label_permuted,0.9990279078483582,1.6493327021598816,1.6493327021598816,True,188,5186
CHEMBL2835_Ki,morgan,xgboost,11,trained,2.6454343795776367,2.643262453377247,2.645434334874153,True,20,357
CHEMBL2835_Ki,morgan,xgboost,11,label_permuted,0.9050395488739014,1.8068628795444965,1.8068628795444965,True,20,357
CHEMBL2835_Ki,morgan,xgboost,23,trained,2.4709959030151367,2.4876488745212555,2.4876488745212555,True,20,357
CHEMBL2835_Ki,morgan,xgboost,23,label_permuted,0.02930516004562378,0.2606971859931946,0.2606971859931946,True,20,357
CHEMBL2835_Ki,morgan,xgboost,42,trained,2.5279438495635986,2.527943789958954,2.527943789958954,True,20,357
CHEMBL2835_Ki,morgan,xgboost,42,label_permuted,0.4256936311721802,1.002500519156456,1.002500519156456,True,20,357
CHEMBL2835_Ki,morgan,mlp,11,trained,3.52671480178833,3.4604572057724,3.53705632686615,True,20,357
CHEMBL2835_Ki,morgan,mlp,11,label_permuted,1.5000450611114502,2.971182346343994,2.971182346343994,True,20,357
CHEMBL2835_Ki,morgan,mlp,23,trained,3.4374866485595703,3.3918469548225403,3.562446892261505,True,20,357
CHEMBL2835_Ki,morgan,mlp,23,label_permuted,0.5771020650863647,0.7989584505558014,0.7989584505558014,True,20,357
CHEMBL2835_Ki,morgan,mlp,42,trained,3.427358865737915,3.6119590997695923,3.6119590997695923,True,20,357
CHEMBL2835_Ki,morgan,mlp,42,label_permuted,2.260118246078491,2.4598823189735413,2.489322245121002,True,20,357
CHEMBL287_Ki,morgan,xgboost,11,trained,3.0306801795959473,5.053339242935181,5.053339242935181,True,102,2558
CHEMBL287_Ki,morgan,xgboost,11,label_permuted,0.10877609252929688,0.29800236225128174,0.29800236225128174,True,102,2558
CHEMBL287_Ki,morgan,xgboost,23,trained,2.9007461071014404,4.840341567993164,4.840341567993164,True,102,2558
CHEMBL287_Ki,morgan,xgboost,23,label_permuted,0.5491255521774292,0.8536210060119629,0.8536210060119629,True,102,2558
CHEMBL287_Ki,morgan,xgboost,42,trained,2.6892998218536377,4.303685784339905,4.303685784339905,True,102,2558
CHEMBL287_Ki,morgan,xgboost,42,label_permuted,0.5850735902786255,1.2255895733833313,1.2255895733833313,True,102,2558
CHEMBL287_Ki,morgan,mlp,11,trained,3.9879841804504395,5.054643630981445,5.054643630981445,True,102,2558
CHEMBL287_Ki,morgan,mlp,11,label_permuted,0.7308858633041382,1.2287774085998535,1.2287774085998535,True,102,2558
CHEMBL287_Ki,morgan,mlp,23,trained,3.715890407562256,4.763343572616577,4.763343572616577,True,102,2558
CHEMBL287_Ki,morgan,mlp,23,label_permuted,1.1080918312072754,1.297637701034546,1.297637701034546,True,102,2558
CHEMBL287_Ki,morgan,mlp,42,trained,3.6728298664093018,4.98231315612793,4.98231315612793,True,102,2558
CHEMBL287_Ki,morgan,mlp,42,label_permuted,0.8909441828727722,1.3162040710449219,1.3162040710449219,True,102,2558
CHEMBL2971_Ki,morgan,xgboost,11,trained,2.822810649871826,3.2054975032806396,3.2054975032806396,True,40,1192
CHEMBL2971_Ki,morgan,xgboost,11,label_permuted,0.11094009876251221,0.16915571689605713,0.16915571689605713,True,40,1192
CHEMBL2971_Ki,morgan,xgboost,23,trained,2.9041531085968018,3.3200219869613647,3.3200219869613647,True,40,1192
CHEMBL2971_Ki,morgan,xgboost,23,label_permuted,1.096113681793213,1.2920914888381958,1.2920914888381958,True,40,1192
CHEMBL2971_Ki,morgan,xgboost,42,trained,2.8651232719421387,3.2868717908859253,3.2868717908859253,True,40,1192
CHEMBL2971_Ki,morgan,xgboost,42,label_permuted,1.647080421447754,2.3813925236463547,2.3813925236463547,True,40,1192
CHEMBL2971_Ki,morgan,mlp,11,trained,3.4077117443084717,4.301808476448059,4.301808476448059,True,40,1192
CHEMBL2971_Ki,morgan,mlp,11,label_permuted,0.7320202589035034,1.1875035166740417,1.1875035166740417,True,40,1192
CHEMBL2971_Ki,morgan,mlp,23,trained,3.2612180709838867,3.921936511993408,3.921936511993408,True,40,1192
CHEMBL2971_Ki,morgan,mlp,23,label_permuted,1.0631239414215088,1.4130985736846924,1.4130985736846924,True,40,1192
CHEMBL2971_Ki,morgan,mlp,42,trained,3.515784502029419,4.258247375488281,4.258247375488281,True,40,1192
CHEMBL2971_Ki,morgan,mlp,42,label_permuted,1.5421711206436157,2.3866779804229736,2.3866779804229736,True,40,1192
CHEMBL3979_EC50,morgan,xgboost,11,trained,3.131124973297119,3.9396434277296066,3.9396434277296066,True,68,3775
CHEMBL3979_EC50,morgan,xgboost,11,label_permuted,0.6892803907394409,0.7165335416793823,0.7165335416793823,True,68,3775
CHEMBL3979_EC50,morgan,xgboost,23,trained,3.118718147277832,3.6894387006759644,3.6894387006759644,True,68,3775
CHEMBL3979_EC50,morgan,xgboost,23,label_permuted,0.7164862155914307,1.1070767641067505,1.1070767641067505,True,68,3775
CHEMBL3979_EC50,morgan,xgboost,42,trained,3.0884954929351807,3.9320551082491875,3.9320551082491875,True,68,3775
CHEMBL3979_EC50,morgan,xgboost,42,label_permuted,0.2030947208404541,0.25943875312805176,0.25943875312805176,True,68,3775
CHEMBL3979_EC50,morgan,mlp,11,trained,3.1184749603271484,3.827205181121826,3.827205181121826,True,68,3775
CHEMBL3979_EC50,morgan,mlp,11,label_permuted,0.732656717300415,1.0071909427642822,1.0071909427642822,True,68,3775
CHEMBL3979_EC50,morgan,mlp,23,trained,3.276590347290039,4.471142292022705,4.471142292022705,True,68,3775
CHEMBL3979_EC50,morgan,mlp,23,label_permuted,0.7689294815063477,1.3369591236114502,1.3369591236114502,True,68,3775
CHEMBL3979_EC50,morgan,mlp,42,trained,3.290739059448242,4.257100582122803,4.257100582122803,True,68,3775
CHEMBL3979_EC50,morgan,mlp,42,label_permuted,0.9422669410705566,1.3451416492462158,1.3451416492462158,True,68,3775
CHEMBL4005_Ki,morgan,xgboost,11,trained,3.6511306762695312,4.18074631690979,4.18074631690979,True,68,2052
CHEMBL4005_Ki,morgan,xgboost,11,label_permuted,1.946709156036377,3.420959860086441,3.420959860086441,True,68,2052
CHEMBL4005_Ki,morgan,xgboost,23,trained,3.6936721801757812,4.183044254779816,4.183044254779816,True,68,2052
CHEMBL4005_Ki,morgan,xgboost,23,label_permuted,1.415770173072815,2.6996820271015167,2.6996820271015167,True,68,2052
CHEMBL4005_Ki,morgan,xgboost,42,trained,3.8074557781219482,4.528805792331696,4.528805792331696,True,68,2052
CHEMBL4005_Ki,morgan,xgboost,42,label_permuted,1.0845787525177002,1.1873067617416382,1.1873067617416382,True,68,2052
CHEMBL4005_Ki,morgan,mlp,11,trained,3.8342974185943604,4.76452374458313,4.76452374458313,True,68,2052
CHEMBL4005_Ki,morgan,mlp,11,label_permuted,2.8544654846191406,2.954512596130371,2.954512596130371,True,68,2052
CHEMBL4005_Ki,morgan,mlp,23,trained,3.7881851196289062,4.742353200912476,4.742353200912476,True,68,2052
CHEMBL4005_Ki,morgan,mlp,23,label_permuted,3.155761241912842,4.570509195327759,4.570509195327759,True,68,2052
CHEMBL4005_Ki,morgan,mlp,42,trained,3.5983433723449707,4.3265461921691895,4.3265461921691895,True,68,2052
CHEMBL4005_Ki,morgan,mlp,42,label_permuted,0.7395745515823364,1.0826594829559326,1.0826594829559326,True,68,2052
CHEMBL4203_Ki,morgan,xgboost,11,trained,3.250256061553955,3.21126389503479,3.3863368034362793,True,24,413
CHEMBL4203_Ki,morgan,xgboost,11,label_permuted,1.7580662965774536,2.633851408958435,2.633851408958435,True,24,413
CHEMBL4203_Ki,morgan,xgboost,23,trained,3.135441541671753,3.193529725074768,3.259863018989563,True,24,413
CHEMBL4203_Ki,morgan,xgboost,23,label_permuted,0.5709044933319092,0.8474323749542236,0.8474323749542236,True,24,413
CHEMBL4203_Ki,morgan,xgboost,42,trained,3.386575937271118,3.389645576477051,3.5167996883392334,True,24,413
CHEMBL4203_Ki,morgan,xgboost,42,label_permuted,0.8950314521789551,1.1576064825057983,1.1576064825057983,True,24,413
CHEMBL4203_Ki,morgan,mlp,11,trained,3.4203038215637207,3.4596502780914307,3.5837879180908203,True,24,413
CHEMBL4203_Ki,morgan,mlp,11,label_permuted,2.8810815811157227,2.7443249225616455,3.0638837814331055,True,24,413
CHEMBL4203_Ki,morgan,mlp,23,trained,3.49074649810791,3.2220993041992188,3.4907463788986206,True,24,413
CHEMBL4203_Ki,morgan,mlp,23,label_permuted,1.0290451049804688,1.815578579902649,1.815578579902649,True,24,413
CHEMBL4203_Ki,morgan,mlp,42,trained,3.332705497741699,3.1443169116973877,3.401952028274536,True,24,413
CHEMBL4203_Ki,morgan,mlp,42,label_permuted,2.627819061279297,2.6144996881484985,2.637818455696106,True,24,413
CHEMBL4616_EC50,morgan,xgboost,11,trained,2.911205291748047,3.001209896057844,3.001209896057844,True,38,1526
CHEMBL4616_EC50,morgan,xgboost,11,label_permuted,0.32828378677368164,0.5851941704750061,0.5851941704750061,True,38,1526
CHEMBL4616_EC50,morgan,xgboost,23,trained,3.4612720012664795,3.8126568496227264,3.8126568496227264,True,38,1526
CHEMBL4616_EC50,morgan,xgboost,23,label_permuted,0.3754310607910156,0.6717991232872009,0.6717991232872009,True,38,1526
CHEMBL4616_EC50,morgan,xgboost,42,trained,3.0653538703918457,3.328023612499237,3.328023612499237,True,38,1526
CHEMBL4616_EC50,morgan,xgboost,42,label_permuted,0.5884507894515991,1.210534393787384,1.210534393787384,True,38,1526
CHEMBL4616_EC50,morgan,mlp,11,trained,4.587706565856934,4.833354711532593,4.833354711532593,True,38,1526
CHEMBL4616_EC50,morgan,mlp,11,label_permuted,0.46067798137664795,0.5647414326667786,0.5647414326667786,True,38,1526
CHEMBL4616_EC50,morgan,mlp,23,trained,4.401270389556885,4.437204360961914,4.469890594482422,True,38,1526
CHEMBL4616_EC50,morgan,mlp,23,label_permuted,0.4912834167480469,0.7988103628158569,0.7988103628158569,True,38,1526
CHEMBL4616_EC50,morgan,mlp,42,trained,4.771157264709473,4.8844215869903564,4.899830341339111,True,38,1526
CHEMBL4616_EC50,morgan,mlp,42,label_permuted,1.026318073272705,1.2486763000488281,1.2486763000488281,True,38,1526
CHEMBL4792_Ki,morgan,xgboost,11,trained,3.2799179553985596,4.525427997112274,4.525427997112274,True,80,2671
CHEMBL4792_Ki,morgan,xgboost,11,label_permuted,0.1272592544555664,0.1272592544555664,0.1272592544555664,True,80,2671
CHEMBL4792_Ki,morgan,xgboost,23,trained,3.4015233516693115,4.65068194270134,4.65068194270134,True,80,2671
CHEMBL4792_Ki,morgan,xgboost,23,label_permuted,0.6614956855773926,1.236158847808838,1.236158847808838,True,80,2671
CHEMBL4792_Ki,morgan,xgboost,42,trained,3.331751823425293,4.536127984523773,4.536127984523773,True,80,2671
CHEMBL4792_Ki,morgan,xgboost,42,label_permuted,0.09560585021972656,0.1929718255996704,0.1929718255996704,True,80,2671
CHEMBL4792_Ki,morgan,mlp,11,trained,3.6985061168670654,4.604374647140503,4.604374647140503,True,80,2671
CHEMBL4792_Ki,morgan,mlp,11,label_permuted,0.9868249893188477,1.2427668571472168,1.2427668571472168,True,80,2671
CHEMBL4792_Ki,morgan,mlp,23,trained,3.516906499862671,4.1643900871276855,4.1643900871276855,True,80,2671
CHEMBL4792_Ki,morgan,mlp,23,label_permuted,1.4438318014144897,1.925519347190857,1.925519347190857,True,80,2671
CHEMBL4792_Ki,morgan,mlp,42,trained,3.846329927444458,4.387481451034546,4.387481451034546,True,80,2671
CHEMBL4792_Ki,morgan,mlp,42,label_permuted,1.1186046600341797,1.5703680515289307,1.5703680515289307,True,80,2671
CHEMBL1862_Ki,molformer,xgboost,11,trained,3.0459299087524414,3.6730130910873413,3.6730130910873413,True,30,846
CHEMBL1862_Ki,molformer,xgboost,11,label_permuted,0.18566513061523438,0.21133923530578613,0.21133923530578613,True,30,846
CHEMBL1862_Ki,molformer,xgboost,23,trained,2.7121434211730957,3.341820180416107,3.341820180416107,True,30,846
CHEMBL1862_Ki,molformer,xgboost,23,label_permuted,0.37970292568206787,0.634605884552002,0.634605884552002,True,30,846
CHEMBL1862_Ki,molformer,xgboost,42,trained,2.648869514465332,3.2126525342464447,3.2126525342464447,True,30,846
CHEMBL1862_Ki,molformer,xgboost,42,label_permuted,0.779721736907959,1.0345206260681152,1.0345206260681152,True,30,846
CHEMBL1862_Ki,molformer,mlp,11,trained,4.209852695465088,5.176369071006775,5.176369071006775,True,30,846
CHEMBL1862_Ki,molformer,mlp,11,label_permuted,0.6601690053939819,0.8299421072006226,0.8299421072006226,True,30,846
CHEMBL1862_Ki,molformer,mlp,23,trained,3.558955192565918,4.494979023933411,4.494979023933411,True,30,846
CHEMBL1862_Ki,molformer,mlp,23,label_permuted,0.4838070869445801,0.6963038444519043,0.6963038444519043,True,30,846
CHEMBL1862_Ki,molformer,mlp,42,trained,3.8525004386901855,4.789382100105286,4.789382100105286,True,30,846
CHEMBL1862_Ki,molformer,mlp,42,label_permuted,0.8490351438522339,1.0214043855667114,1.0214043855667114,True,30,846
CHEMBL1871_Ki,molformer,xgboost,11,trained,2.0562744140625,2.250032663345337,2.250032663345337,True,38,1139
CHEMBL1871_Ki,molformer,xgboost,11,label_permuted,0.13567852973937988,0.13567852973937988,0.13567852973937988,True,38,1139
CHEMBL1871_Ki,molformer,xgboost,23,trained,2.0479543209075928,2.493999719619751,2.493999719619751,True,38,1139
CHEMBL1871_Ki,molformer,xgboost,23,label_permuted,0.5965639352798462,0.9104580879211426,0.9104580879211426,True,38,1139
CHEMBL1871_Ki,molformer,xgboost,42,trained,1.9841879606246948,2.367127239704132,2.367127239704132,True,38,1139
CHEMBL1871_Ki,molformer,xgboost,42,label_permuted,0.1700059175491333,0.21105098724365234,0.21105098724365234,True,38,1139
CHEMBL1871_Ki,molformer,mlp,11,trained,2.7620487213134766,3.1006064414978027,3.1006064414978027,True,38,1139
CHEMBL1871_Ki,molformer,mlp,11,label_permuted,0.8014130592346191,0.9195601940155029,0.9195601940155029,True,38,1139
CHEMBL1871_Ki,molformer,mlp,23,trained,2.4487462043762207,3.3401073217391968,3.3401073217391968,True,38,1139
CHEMBL1871_Ki,molformer,mlp,23,label_permuted,2.486785888671875,3.320696473121643,3.320696473121643,True,38,1139
CHEMBL1871_Ki,molformer,mlp,42,trained,2.755556106567383,3.204241394996643,3.204241394996643,True,38,1139
CHEMBL1871_Ki,molformer,mlp,42,label_permuted,0.5658459663391113,0.8321359157562256,0.8321359157562256,True,38,1139
CHEMBL2034_Ki,molformer,xgboost,11,trained,1.1932694911956787,1.650683879852295,1.650683879852295,True,48,1320
CHEMBL2034_Ki,molformer,xgboost,11,label_permuted,0.10753118991851807,0.15177369117736816,0.15177369117736816,True,48,1320
CHEMBL2034_Ki,molformer,xgboost,23,trained,1.186276912689209,1.5479358434677124,1.5479358434677124,True,48,1320
CHEMBL2034_Ki,molformer,xgboost,23,label_permuted,0.0644679069519043,0.13836336135864258,0.13836336135864258,True,48,1320
CHEMBL2034_Ki,molformer,xgboost,42,trained,1.162027359008789,1.3626118898391724,1.3626118898391724,True,48,1320
CHEMBL2034_Ki,molformer,xgboost,42,label_permuted,0.6691380143165588,1.4118263125419617,1.4118263125419617,True,48,1320
CHEMBL2034_Ki,molformer,mlp,11,trained,3.1041696071624756,4.4015504121780396,4.4015504121780396,True,48,1320
CHEMBL2034_Ki,molformer,mlp,11,label_permuted,1.078723430633545,1.3551638722419739,1.3551638722419739,True,48,1320
CHEMBL2034_Ki,molformer,mlp,23,trained,3.0977253913879395,4.314020752906799,4.314020752906799,True,48,1320
CHEMBL2034_Ki,molformer,mlp,23,label_permuted,0.7710795402526855,0.8052526712417603,0.819722056388855,True,48,1320
CHEMBL2034_Ki,molformer,mlp,42,trained,3.210343360900879,4.484393835067749,4.484393835067749,True,48,1320
CHEMBL2034_Ki,molformer,mlp,42,label_permuted,1.1385234594345093,1.3120296597480774,1.3305217027664185,True,48,1320
CHEMBL204_Ki,molformer,xgboost,11,trained,5.010380268096924,5.3575491309165955,5.3575491309165955,True,186,9498
CHEMBL204_Ki,molformer,xgboost,11,label_permuted,0.31002330780029297,0.4351978302001953,0.4351978302001953,True,186,9498
CHEMBL204_Ki,molformer,xgboost,23,trained,5.072033882141113,5.319475412368774,5.319475412368774,True,186,9498
CHEMBL204_Ki,molformer,xgboost,23,label_permuted,0.6771060228347778,1.0385301113128662,1.0385301113128662,True,186,9498
CHEMBL204_Ki,molformer,xgboost,42,trained,4.9508867263793945,5.186512470245361,5.186512470245361,True,186,9498
CHEMBL204_Ki,molformer,xgboost,42,label_permuted,0.46491575241088867,0.6768310070037842,0.6768310070037842,True,186,9498
CHEMBL204_Ki,molformer,mlp,11,trained,6.150909423828125,6.913351058959961,6.913351058959961,True,186,9498
CHEMBL204_Ki,molformer,mlp,11,label_permuted,1.080009937286377,1.1824052333831787,1.1824052333831787,True,186,9498
CHEMBL204_Ki,molformer,mlp,23,trained,5.828094482421875,6.974010705947876,6.974010705947876,True,186,9498
CHEMBL204_Ki,molformer,mlp,23,label_permuted,1.1963539123535156,1.391839623451233,1.391839623451233,True,186,9498
CHEMBL204_Ki,molformer,mlp,42,trained,5.343485355377197,6.728696584701538,6.728696584701538,True,186,9498
CHEMBL204_Ki,molformer,mlp,42,label_permuted,0.8826515674591064,1.0088086128234863,1.0088086128234863,True,186,9498
CHEMBL2047_EC50,molformer,xgboost,11,trained,2.08911395072937,2.6215285062789917,2.6215285062789917,True,36,1834
CHEMBL2047_EC50,molformer,xgboost,11,label_permuted,0.1471254825592041,0.1471254825592041,0.1471254825592041,True,36,1834
CHEMBL2047_EC50,molformer,xgboost,23,trained,2.0350401401519775,2.5642454624176025,2.5642454624176025,True,36,1834
CHEMBL2047_EC50,molformer,xgboost,23,label_permuted,0.17899632453918457,0.24289727210998535,0.24289727210998535,True,36,1834
CHEMBL2047_EC50,molformer,xgboost,42,trained,2.0545573234558105,2.876415729522705,2.876415729522705,True,36,1834
CHEMBL2047_EC50,molformer,xgboost,42,label_permuted,0.7396759986877441,0.9515774250030518,0.9515774250030518,True,36,1834
CHEMBL2047_EC50,molformer,mlp,11,trained,3.383530378341675,4.513094902038574,4.513094902038574,True,36,1834
CHEMBL2047_EC50,molformer,mlp,11,label_permuted,0.6855084896087646,0.8579752445220947,0.8579752445220947,True,36,1834
CHEMBL2047_EC50,molformer,mlp,23,trained,2.749154567718506,3.8132483959198,3.8132483959198,True,36,1834
CHEMBL2047_EC50,molformer,mlp,23,label_permuted,0.7447414398193359,0.9475834369659424,0.9475834369659424,True,36,1834
CHEMBL2047_EC50,molformer,mlp,42,trained,2.9080286026000977,4.044814109802246,4.044814109802246,True,36,1834
CHEMBL2047_EC50,molformer,mlp,42,label_permuted,0.5444562435150146,0.6406519412994385,0.6406519412994385,True,36,1834
CHEMBL214_Ki,molformer,xgboost,11,trained,3.999786853790283,5.017918646335602,5.017918646335602,True,230,7062
CHEMBL214_Ki,molformer,xgboost,11,label_permuted,0.20332002639770508,0.2659226655960083,0.2659226655960083,True,230,7062
CHEMBL214_Ki,molformer,xgboost,23,trained,3.7971160411834717,4.978271007537842,4.978271007537842,True,230,7062
CHEMBL214_Ki,molformer,xgboost,23,label_permuted,0.16348135471343994,0.16588985919952393,0.16588985919952393,True,230,7062
CHEMBL214_Ki,molformer,xgboost,42,trained,4.151298999786377,4.668106555938721,4.668106555938721,True,230,7062
CHEMBL214_Ki,molformer,xgboost,42,label_permuted,0.771728515625,0.9884331226348877,0.9884331226348877,True,230,7062
CHEMBL214_Ki,molformer,mlp,11,trained,4.614987850189209,5.768048882484436,5.768048882484436,True,230,7062
CHEMBL214_Ki,molformer,mlp,11,label_permuted,1.1889485120773315,1.4473521709442139,1.4473521709442139,True,230,7062
CHEMBL214_Ki,molformer,mlp,23,trained,5.051896095275879,5.798469662666321,5.798469662666321,True,230,7062
CHEMBL214_Ki,molformer,mlp,23,label_permuted,1.1479771137237549,1.432612419128418,1.4619948863983154,True,230,7062
CHEMBL214_Ki,molformer,mlp,42,trained,4.505370140075684,5.563353657722473,5.563353657722473,True,230,7062
CHEMBL214_Ki,molformer,mlp,42,label_permuted,0.9420855045318604,1.3101750612258911,1.3101750612258911,True,230,7062
CHEMBL2147_Ki,molformer,xgboost,11,trained,5.64115571975708,5.168798923492432,5.743406534194946,True,54,1537
CHEMBL2147_Ki,molformer,xgboost,11,label_permuted,0.19497406482696533,0.22086453437805176,0.22086453437805176,True,54,1537
CHEMBL2147_Ki,molformer,xgboost,23,trained,5.2854509353637695,5.199233174324036,5.380844950675964,True,54,1537
CHEMBL2147_Ki,molformer,xgboost,23,label_permuted,0.910010814666748,1.3756951093673706,1.3756951093673706,True,54,1537
CHEMBL2147_Ki,molformer,xgboost,42,trained,5.56047248840332,5.084833145141602,5.645541667938232,True,54,1537
CHEMBL2147_Ki,molformer,xgboost,42,label_permuted,0.3571593761444092,0.38779938220977783,0.38779938220977783,True,54,1537
CHEMBL2147_Ki,molformer,mlp,11,trained,6.70436954498291,6.44218111038208,6.881811141967773,True,54,1537
CHEMBL2147_Ki,molformer,mlp,11,label_permuted,1.6326122283935547,2.4069020748138428,2.4069020748138428,True,54,1537
CHEMBL2147_Ki,molformer,mlp,23,trained,6.614583969116211,6.478815078735352,6.952059268951416,True,54,1537
CHEMBL2147_Ki,molformer,mlp,23,label_permuted,1.6281187534332275,2.0205048322677612,2.0205048322677612,True,54,1537
CHEMBL2147_Ki,molformer,mlp,42,trained,6.69377326965332,6.161236763000488,6.862900257110596,True,54,1537
CHEMBL2147_Ki,molformer,mlp,42,label_permuted,2.2490386962890625,2.512465715408325,2.512465715408325,True,54,1537
CHEMBL218_EC50,molformer,xgboost,11,trained,1.8556631803512573,2.2787402272224426,2.2787402272224426,True,76,2684
CHEMBL218_EC50,molformer,xgboost,11,label_permuted,0.12396025657653809,0.13983869552612305,0.13983869552612305,True,76,2684
CHEMBL218_EC50,molformer,xgboost,23,trained,2.066420078277588,2.6341020464897156,2.6341020464897156,True,76,2684
CHEMBL218_EC50,molformer,xgboost,23,label_permuted,0.9343777894973755,1.2652617692947388,1.2652617692947388,True,76,2684
CHEMBL218_EC50,molformer,xgboost,42,trained,2.242367744445801,2.5675013065338135,2.5675013065338135,True,76,2684
CHEMBL218_EC50,molformer,xgboost,42,label_permuted,0.6969492435455322,1.1338423490524292,1.1338423490524292,True,76,2684
CHEMBL218_EC50,molformer,mlp,11,trained,5.0267181396484375,5.714455604553223,5.714455604553223,True,76,2684
CHEMBL218_EC50,molformer,mlp,11,label_permuted,0.8931982517242432,1.0483393669128418,1.0483393669128418,True,76,2684
CHEMBL218_EC50,molformer,mlp,23,trained,4.49383544921875,5.151574373245239,5.151574373245239,True,76,2684
CHEMBL218_EC50,molformer,mlp,23,label_permuted,1.0100582838058472,1.2833514213562012,1.2833514213562012,True,76,2684
CHEMBL218_EC50,molformer,mlp,42,trained,4.834334373474121,5.46762228012085,5.46762228012085,True,76,2684
CHEMBL218_EC50,molformer,mlp,42,label_permuted,0.9868574142456055,1.307889699935913,1.307889699935913,True,76,2684
CHEMBL219_Ki,molformer,xgboost,11,trained,3.183676242828369,3.447131395339966,3.725787580013275,True,134,3521
CHEMBL219_Ki,molformer,xgboost,11,label_permuted,0.7004057168960571,0.9917653799057007,0.9917653799057007,True,134,3521
CHEMBL219_Ki,molformer,xgboost,23,trained,3.228299856185913,3.1901607513427734,3.385420497506857,True,134,3521
CHEMBL219_Ki,molformer,xgboost,23,label_permuted,0.13091933727264404,0.13091933727264404,0.13091933727264404,True,134,3521
CHEMBL219_Ki,molformer,xgboost,42,trained,3.333355665206909,3.338394746184349,3.5190565958619118,True,134,3521
CHEMBL219_Ki,molformer,xgboost,42,label_permuted,0.6702350378036499,0.769250750541687,0.7736016511917114,True,134,3521
CHEMBL219_Ki,molformer,mlp,11,trained,3.3968100547790527,4.649381399154663,4.649381399154663,True,134,3521
CHEMBL219_Ki,molformer,mlp,11,label_permuted,0.8316468000411987,1.0531182289123535,1.0531182289123535,True,134,3521
CHEMBL219_Ki,molformer,mlp,23,trained,3.627370595932007,4.710092544555664,4.710092544555664,True,134,3521
CHEMBL219_Ki,molformer,mlp,23,label_permuted,1.0829987525939941,1.279460072517395,1.2842092514038086,True,134,3521
CHEMBL219_Ki,molformer,mlp,42,trained,4.211493015289307,4.481549263000488,4.481549263000488,True,134,3521
CHEMBL219_Ki,molformer,mlp,42,label_permuted,1.6122369766235352,1.7886611819267273,1.7886611819267273,True,134,3521
CHEMBL228_Ki,molformer,xgboost,11,trained,3.470158100128174,4.311031192541122,4.311031192541122,True,122,3150
CHEMBL228_Ki,molformer,xgboost,11,label_permuted,0.11637115478515625,0.15261495113372803,0.15261495113372803,True,122,3150
CHEMBL228_Ki,molformer,xgboost,23,trained,3.4972622394561768,4.4453206062316895,4.4453206062316895,True,122,3150
CHEMBL228_Ki,molformer,xgboost,23,label_permuted,0.1308603286743164,0.1524956226348877,0.1524956226348877,True,122,3150
CHEMBL228_Ki,molformer,xgboost,42,trained,3.370711326599121,4.407042592763901,4.407042592763901,True,122,3150
CHEMBL228_Ki,molformer,xgboost,42,label_permuted,0.6151977777481079,0.876995325088501,0.876995325088501,True,122,3150
CHEMBL228_Ki,molformer,mlp,11,trained,4.504310607910156,5.826106309890747,5.826106309890747,True,122,3150
CHEMBL228_Ki,molformer,mlp,11,label_permuted,1.8171254396438599,1.7945221662521362,1.8349915742874146,True,122,3150
CHEMBL228_Ki,molformer,mlp,23,trained,4.584235668182373,5.75706934928894,5.75706934928894,True,122,3150
CHEMBL228_Ki,molformer,mlp,23,label_permuted,1.0522751808166504,1.1518597602844238,1.1518597602844238,True,122,3150
CHEMBL228_Ki,molformer,mlp,42,trained,4.550637245178223,5.471886873245239,5.471886873245239,True,122,3150
CHEMBL228_Ki,molformer,mlp,42,label_permuted,0.6631762981414795,1.0220303535461426,1.0220303535461426,True,122,3150
CHEMBL231_Ki,molformer,xgboost,11,trained,3.821300983428955,4.836047381162643,4.836047381162643,True,56,1883
CHEMBL231_Ki,molformer,xgboost,11,label_permuted,0.8083001375198364,0.9263056516647339,0.9669994115829468,True,56,1883
CHEMBL231_Ki,molformer,xgboost,23,trained,3.8017849922180176,4.831801146268845,4.831801146268845,True,56,1883
CHEMBL231_Ki,molformer,xgboost,23,label_permuted,1.6947317123413086,2.4432246685028076,2.4432246685028076,True,56,1883
CHEMBL231_Ki,molformer,xgboost,42,trained,4.070578098297119,4.657460272312164,4.657460272312164,True,56,1883
CHEMBL231_Ki,molformer,xgboost,42,label_permuted,1.4776722192764282,2.246159851551056,2.246159851551056,True,56,1883
CHEMBL231_Ki,molformer,mlp,11,trained,4.835934638977051,5.701043605804443,5.701043605804443,True,56,1883
CHEMBL231_Ki,molformer,mlp,11,label_permuted,1.5148954391479492,2.1017180681228638,2.1017180681228638,True,56,1883
CHEMBL231_Ki,molformer,mlp,23,trained,4.905351638793945,5.237177610397339,5.237177610397339,True,56,1883
CHEMBL231_Ki,molformer,mlp,23,label_permuted,1.4010525941848755,1.8904058933258057,1.8904058933258057,True,56,1883
CHEMBL231_Ki,molformer,mlp,42,trained,4.639106750488281,5.349332094192505,5.349332094192505,True,56,1883
CHEMBL231_Ki,molformer,mlp,42,label_permuted,0.7808321714401245,0.9818403720855713,0.9818403720855713,True,56,1883
CHEMBL233_Ki,molformer,xgboost,11,trained,3.822173595428467,4.547095477581024,4.547095477581024,True,182,5789
CHEMBL233_Ki,molformer,xgboost,11,label_permuted,0.5800701379776001,0.813935399055481,0.813935399055481,True,182,5789
CHEMBL233_Ki,molformer,xgboost,23,trained,3.9628844261169434,4.323620796203613,4.323620796203613,True,182,5789
CHEMBL233_Ki,molformer,xgboost,23,label_permuted,0.14113962650299072,0.14113962650299072,0.14113962650299072,True,182,5789
CHEMBL233_Ki,molformer,xgboost,42,trained,3.738006591796875,4.123090833425522,4.123090833425522,True,182,5789
CHEMBL233_Ki,molformer,xgboost,42,label_permuted,0.5895479917526245,0.8200424909591675,0.8200424909591675,True,182,5789
CHEMBL233_Ki,molformer,mlp,11,trained,4.151680946350098,5.0339595079422,5.044311165809631,True,182,5789
CHEMBL233_Ki,molformer,mlp,11,label_permuted,0.8485391139984131,1.089638113975525,1.089638113975525,True,182,5789
CHEMBL233_Ki,molformer,mlp,23,trained,4.620902061462402,6.162688851356506,6.162688851356506,True,182,5789
CHEMBL233_Ki,molformer,mlp,23,label_permuted,0.9518179893493652,1.077742576599121,1.077742576599121,True,182,5789
CHEMBL233_Ki,molformer,mlp,42,trained,5.0776214599609375,6.372377276420593,6.372377276420593,True,182,5789
CHEMBL233_Ki,molformer,mlp,42,label_permuted,0.7933088541030884,1.0396723747253418,1.0396723747253418,True,182,5789
CHEMBL234_Ki,molformer,xgboost,11,trained,3.938981771469116,4.614586353302002,4.614586353302002,True,226,7589
CHEMBL234_Ki,molformer,xgboost,11,label_permuted,1.2179598808288574,1.4431968331336975,1.4431968331336975,True,226,7589
CHEMBL234_Ki,molformer,xgboost,23,trained,3.671037435531616,4.204848825931549,4.204848825931549,True,226,7589
CHEMBL234_Ki,molformer,xgboost,23,label_permuted,0.553936243057251,0.704617977142334,0.7262673377990723,True,226,7589
CHEMBL234_Ki,molformer,xgboost,42,trained,3.724130153656006,4.457363486289978,4.457363486289978,True,226,7589
CHEMBL234_Ki,molformer,xgboost,42,label_permuted,0.1608046293258667,0.1608046293258667,0.1608046293258667,True,226,7589
CHEMBL234_Ki,molformer,mlp,11,trained,5.355355739593506,6.139650940895081,6.139650940895081,True,226,7589
CHEMBL234_Ki,molformer,mlp,11,label_permuted,1.127746820449829,1.1889768838882446,1.2106493711471558,True,226,7589
CHEMBL234_Ki,molformer,mlp,23,trained,5.7089643478393555,6.259491562843323,6.259491562843323,True,226,7589
CHEMBL234_Ki,molformer,mlp,23,label_permuted,0.838638186454773,0.9055278301239014,0.9055278301239014,True,226,7589
CHEMBL234_Ki,molformer,mlp,42,trained,5.353592872619629,5.959312081336975,5.959312081336975,True,226,7589
CHEMBL234_Ki,molformer,mlp,42,label_permuted,0.6900955438613892,0.865950345993042,0.865950345993042,True,226,7589
CHEMBL235_EC50,molformer,xgboost,11,trained,3.3884329795837402,3.335495948791504,3.429944157600403,True,150,7720
CHEMBL235_EC50,molformer,xgboost,11,label_permuted,0.0904397964477539,0.15811634063720703,0.15811634063720703,True,150,7720
CHEMBL235_EC50,molformer,xgboost,23,trained,3.1728734970092773,3.2972020506858826,3.3097256422042847,True,150,7720
CHEMBL235_EC50,molformer,xgboost,23,label_permuted,0.2007284164428711,0.3433055877685547,0.3433055877685547,True,150,7720
CHEMBL235_EC50,molformer,xgboost,42,trained,3.4106366634368896,3.648791551589966,3.648791551589966,True,150,7720
CHEMBL235_EC50,molformer,xgboost,42,label_permuted,0.12523436546325684,0.14277291297912598,0.14277291297912598,True,150,7720
CHEMBL235_EC50,molformer,mlp,11,trained,4.91445255279541,5.612637042999268,5.612637042999268,True,150,7720
CHEMBL235_EC50,molformer,mlp,11,label_permuted,0.6349949836730957,0.8165771961212158,0.8165771961212158,True,150,7720
CHEMBL235_EC50,molformer,mlp,23,trained,4.115399360656738,4.858172416687012,4.858172416687012,True,150,7720
CHEMBL235_EC50,molformer,mlp,23,label_permuted,0.9324235916137695,0.9911220073699951,0.9911220073699951,True,150,7720
CHEMBL235_EC50,molformer,mlp,42,trained,4.8589935302734375,5.771253347396851,5.771253347396851,True,150,7720
CHEMBL235_EC50,molformer,mlp,42,label_permuted,0.8486201763153076,0.881486177444458,0.881486177444458,True,150,7720
CHEMBL236_Ki,molformer,xgboost,11,trained,4.215083599090576,4.597376301884651,4.597376301884651,True,138,4965
CHEMBL236_Ki,molformer,xgboost,11,label_permuted,0.23969769477844238,0.31355035305023193,0.31355035305023193,True,138,4965
CHEMBL236_Ki,molformer,xgboost,23,trained,4.023286819458008,4.4410195723176,4.4410195723176,True,138,4965
CHEMBL236_Ki,molformer,xgboost,23,label_permuted,0.9302146434783936,1.2906620502471924,1.2906620502471924,True,138,4965
CHEMBL236_Ki,molformer,xgboost,42,trained,4.076657772064209,4.725148007273674,4.725148007273674,True,138,4965
CHEMBL236_Ki,molformer,xgboost,42,label_permuted,0.30384838581085205,0.3012186288833618,0.30384838581085205,True,138,4965
CHEMBL236_Ki,molformer,mlp,11,trained,4.855693817138672,5.734004735946655,5.734004735946655,True,138,4965
CHEMBL236_Ki,molformer,mlp,11,label_permuted,0.8055071830749512,0.9838064908981323,0.9838064908981323,True,138,4965
CHEMBL236_Ki,molformer,mlp,23,trained,5.640544414520264,6.830475091934204,6.830475091934204,True,138,4965
CHEMBL236_Ki,molformer,mlp,23,label_permuted,0.8947499990463257,1.0046197175979614,1.0046197175979614,True,138,4965
CHEMBL236_Ki,molformer,mlp,42,trained,5.462797164916992,6.8987321853637695,6.8987321853637695,True,138,4965
CHEMBL236_Ki,molformer,mlp,42,label_permuted,0.696772575378418,0.8749361038208008,0.8749361038208008,True,138,4965
CHEMBL237_EC50,molformer,xgboost,11,trained,3.549384832382202,3.5988323092460632,3.609277904033661,True,70,2405
CHEMBL237_EC50,molformer,xgboost,11,label_permuted,0.4850196838378906,0.8204772472381592,0.8204772472381592,True,70,2405
CHEMBL237_EC50,molformer,xgboost,23,trained,3.4167869091033936,3.7153581231832504,3.7153581231832504,True,70,2405
CHEMBL237_EC50,molformer,xgboost,23,label_permuted,1.4803149700164795,1.7538074254989624,1.7538074254989624,True,70,2405
CHEMBL237_EC50,molformer,xgboost,42,trained,3.238193988800049,3.5074465423822403,3.5074465423822403,True,70,2405
CHEMBL237_EC50,molformer,xgboost,42,label_permuted,0.27694880962371826,0.34467554092407227,0.34777939319610596,True,70,2405
CHEMBL237_EC50,molformer,mlp,11,trained,5.453100204467773,6.290159702301025,6.290159702301025,True,70,2405
CHEMBL237_EC50,molformer,mlp,11,label_permuted,1.558855414390564,1.6862990856170654,1.6862990856170654,True,70,2405
CHEMBL237_EC50,molformer,mlp,23,trained,5.286479949951172,5.695127010345459,5.695127010345459,True,70,2405
CHEMBL237_EC50,molformer,mlp,23,label_permuted,1.3446197509765625,1.7618054151535034,1.7618054151535034,True,70,2405
CHEMBL237_EC50,molformer,mlp,42,trained,5.257555961608887,5.857311248779297,5.857311248779297,True,70,2405
CHEMBL237_EC50,molformer,mlp,42,label_permuted,0.8703553676605225,1.1122584342956543,1.1122584342956543,True,70,2405
CHEMBL237_Ki,molformer,xgboost,11,trained,3.817697048187256,4.463682949542999,4.463682949542999,True,152,4970
CHEMBL237_Ki,molformer,xgboost,11,label_permuted,0.22874176502227783,0.3388707637786865,0.3388707637786865,True,152,4970
CHEMBL237_Ki,molformer,xgboost,23,trained,3.651257276535034,4.017762839794159,4.017762839794159,True,152,4970
CHEMBL237_Ki,molformer,xgboost,23,label_permuted,0.4442976713180542,0.5390794277191162,0.5390794277191162,True,152,4970
CHEMBL237_Ki,molformer,xgboost,42,trained,3.7307801246643066,4.112517774105072,4.112517774105072,True,152,4970
CHEMBL237_Ki,molformer,xgboost,42,label_permuted,0.24483895301818848,0.2873131036758423,0.2873131036758423,True,152,4970
CHEMBL237_Ki,molformer,mlp,11,trained,4.743511199951172,5.2098997831344604,5.2098997831344604,True,152,4970
CHEMBL237_Ki,molformer,mlp,11,label_permuted,1.097593069076538,1.1618010997772217,1.1618010997772217,True,152,4970
CHEMBL237_Ki,molformer,mlp,23,trained,4.619789123535156,5.4273775815963745,5.4273775815963745,True,152,4970
CHEMBL237_Ki,molformer,mlp,23,label_permuted,0.9857954978942871,1.0812915563583374,1.0836848020553589,True,152,4970
CHEMBL237_Ki,molformer,mlp,42,trained,4.618185043334961,5.656299710273743,5.656299710273743,True,152,4970
CHEMBL237_Ki,molformer,mlp,42,label_permuted,0.827420711517334,1.0047738552093506,1.0047738552093506,True,152,4970
CHEMBL238_Ki,molformer,xgboost,11,trained,2.623432159423828,2.8146129846572876,2.8146129846572876,True,74,1866
CHEMBL238_Ki,molformer,xgboost,11,label_permuted,0.2520754337310791,0.22662997245788574,0.2520754337310791,True,74,1866
CHEMBL238_Ki,molformer,xgboost,23,trained,2.3660037517547607,2.8625752925872803,2.8977441787719727,True,74,1866
CHEMBL238_Ki,molformer,xgboost,23,label_permuted,0.5997622013092041,0.7745211124420166,0.7745211124420166,True,74,1866
CHEMBL238_Ki,molformer,xgboost,42,trained,2.526423931121826,2.9535226821899414,2.9535226821899414,True,74,1866
CHEMBL238_Ki,molformer,xgboost,42,label_permuted,0.11610937118530273,0.1504049301147461,0.1504049301147461,True,74,1866
CHEMBL238_Ki,molformer,mlp,11,trained,3.440091371536255,3.6007137298583984,3.6007137298583984,True,74,1866
CHEMBL238_Ki,molformer,mlp,11,label_permuted,1.1858599185943604,1.502335548400879,1.502335548400879,True,74,1866
CHEMBL238_Ki,molformer,mlp,23,trained,3.44026255607605,3.6859512329101562,3.6859512329101562,True,74,1866
CHEMBL238_Ki,molformer,mlp,23,label_permuted,1.4422286748886108,1.6656954288482666,1.6656954288482666,True,74,1866
CHEMBL238_Ki,molformer,mlp,42,trained,3.810115337371826,4.120761871337891,4.120761871337891,True,74,1866
CHEMBL238_Ki,molformer,mlp,42,label_permuted,0.7753984928131104,0.8632221221923828,0.8632221221923828,True,74,1866
CHEMBL239_EC50,molformer,xgboost,11,trained,3.130598545074463,3.1159910559654236,3.2566232085227966,True,130,6745
CHEMBL239_EC50,molformer,xgboost,11,label_permuted,0.2488090991973877,0.32868504524230957,0.32868504524230957,True,130,6745
CHEMBL239_EC50,molformer,xgboost,23,trained,3.269510269165039,3.4673620462417603,3.4673620462417603,True,130,6745
CHEMBL239_EC50,molformer,xgboost,23,label_permuted,0.4402773380279541,0.54952073097229,0.54952073097229,True,130,6745
CHEMBL239_EC50,molformer,xgboost,42,trained,3.2235448360443115,3.4035035371780396,3.4035035371780396,True,130,6745
CHEMBL239_EC50,molformer,xgboost,42,label_permuted,1.6718688011169434,2.5423686504364014,2.5423686504364014,True,130,6745
CHEMBL239_EC50,molformer,mlp,11,trained,4.297122955322266,5.419105291366577,5.419105291366577,True,130,6745
CHEMBL239_EC50,molformer,mlp,11,label_permuted,0.589428186416626,0.7806107997894287,0.7806107997894287,True,130,6745
CHEMBL239_EC50,molformer,mlp,23,trained,4.245080947875977,5.448416233062744,5.448416233062744,True,130,6745
CHEMBL239_EC50,molformer,mlp,23,label_permuted,0.790790319442749,0.994575023651123,0.994575023651123,True,130,6745
CHEMBL239_EC50,molformer,mlp,42,trained,4.193685531616211,5.53559947013855,5.53559947013855,True,130,6745
CHEMBL239_EC50,molformer,mlp,42,label_permuted,0.7731540203094482,1.1495082378387451,1.1495082378387451,True,130,6745
CHEMBL244_Ki,molformer,xgboost,11,trained,5.260941982269287,5.705137491226196,5.705137491226196,True,206,8930
CHEMBL244_Ki,molformer,xgboost,11,label_permuted,0.1985844373703003,0.1985844373703003,0.1985844373703003,True,206,8930
CHEMBL244_Ki,molformer,xgboost,23,trained,5.418216705322266,5.368100464344025,5.4914867877960205,True,206,8930
CHEMBL244_Ki,molformer,xgboost,23,label_permuted,0.26584458351135254,0.42259156703948975,0.42259156703948975,True,206,8930
CHEMBL244_Ki,molformer,xgboost,42,trained,5.125868320465088,5.283830165863037,5.283830165863037,True,206,8930
CHEMBL244_Ki,molformer,xgboost,42,label_permuted,0.38633036613464355,0.4226102828979492,0.4226102828979492,True,206,8930
CHEMBL244_Ki,molformer,mlp,11,trained,6.395878314971924,6.881413459777832,6.881413459777832,True,206,8930
CHEMBL244_Ki,molformer,mlp,11,label_permuted,0.9645956754684448,1.142024040222168,1.142024040222168,True,206,8930
CHEMBL244_Ki,molformer,mlp,23,trained,6.007355690002441,6.77032470703125,6.77032470703125,True,206,8930
CHEMBL244_Ki,molformer,mlp,23,label_permuted,1.2745782136917114,1.5648441314697266,1.5648441314697266,True,206,8930
CHEMBL244_Ki,molformer,mlp,42,trained,5.953435897827148,6.584195375442505,6.584195375442505,True,206,8930
CHEMBL244_Ki,molformer,mlp,42,label_permuted,0.9815109968185425,1.1014305353164673,1.1014305353164673,True,206,8930
CHEMBL262_Ki,molformer,xgboost,11,trained,2.077702045440674,2.2287873029708862,2.2287873029708862,True,48,1016
CHEMBL262_Ki,molformer,xgboost,11,label_permuted,0.4567241668701172,0.6169257164001465,0.6169257164001465,True,48,1016
CHEMBL262_Ki,molformer,xgboost,23,trained,1.834808349609375,2.1489875316619873,2.1489875316619873,True,48,1016
CHEMBL262_Ki,molformer,xgboost,23,label_permuted,0.8965022563934326,1.0421428680419922,1.0421428680419922,True,48,1016
CHEMBL262_Ki,molformer,xgboost,42,trained,2.404062509536743,2.7952996492385864,2.7952996492385864,True,48,1016
CHEMBL262_Ki,molformer,xgboost,42,label_permuted,0.08590102195739746,0.13917899131774902,0.13917899131774902,True,48,1016
CHEMBL262_Ki,molformer,mlp,11,trained,3.7892396450042725,4.118765830993652,4.2089104652404785,True,48,1016
CHEMBL262_Ki,molformer,mlp,11,label_permuted,0.8546741008758545,1.0794658660888672,1.0794658660888672,True,48,1016
CHEMBL262_Ki,molformer,mlp,23,trained,3.110963821411133,3.121679186820984,3.1796568632125854,True,48,1016
CHEMBL262_Ki,molformer,mlp,23,label_permuted,1.2694913148880005,1.4855685234069824,1.4855685234069824,True,48,1016
CHEMBL262_Ki,molformer,mlp,42,trained,4.554378032684326,4.240528345108032,4.554378032684326,True,48,1016
CHEMBL262_Ki,molformer,mlp,42,label_permuted,0.8120949268341064,1.1434558629989624,1.1434558629989624,True,48,1016
CHEMBL264_Ki,molformer,xgboost,11,trained,3.6287918090820312,3.578674852848053,3.846335470676422,True,188,5186
CHEMBL264_Ki,molformer,xgboost,11,label_permuted,0.8993296027183533,1.6073247194290161,1.6073247194290161,True,188,5186
CHEMBL264_Ki,molformer,xgboost,23,trained,3.343621015548706,3.7182580828666687,3.90926331281662,True,188,5186
CHEMBL264_Ki,molformer,xgboost,23,label_permuted,0.4709653854370117,0.7235627174377441,0.7235627174377441,True,188,5186
CHEMBL264_Ki,molformer,xgboost,42,trained,3.0737345218658447,3.62680721282959,3.7465968132019043,True,188,5186
CHEMBL264_Ki,molformer,xgboost,42,label_permuted,0.1661088466644287,0.17577242851257324,0.17577242851257324,True,188,5186
CHEMBL264_Ki,molformer,mlp,11,trained,4.502010345458984,5.267040491104126,5.267040491104126,True,188,5186
CHEMBL264_Ki,molformer,mlp,11,label_permuted,1.1149864196777344,1.534786343574524,1.534786343574524,True,188,5186
CHEMBL264_Ki,molformer,mlp,23,trained,4.819477081298828,5.582950830459595,5.582950830459595,True,188,5186
CHEMBL264_Ki,molformer,mlp,23,label_permuted,0.7339498996734619,1.0153378248214722,1.0153378248214722,True,188,5186
CHEMBL264_Ki,molformer,mlp,42,trained,4.691422462463379,5.3223700523376465,5.3223700523376465,True,188,5186
CHEMBL264_Ki,molformer,mlp,42,label_permuted,0.9536606073379517,1.0147438049316406,1.0147438049316406,True,188,5186
CHEMBL2835_Ki,molformer,xgboost,11,trained,3.2576394081115723,3.113528996706009,3.3418677151203156,True,20,357
CHEMBL2835_Ki,molformer,xgboost,11,label_permuted,0.9722278118133545,1.5762101635336876,1.5762101635336876,True,20,357
CHEMBL2835_Ki,molformer,xgboost,23,trained,3.260805368423462,3.2831917703151703,3.3164471089839935,True,20,357
CHEMBL2835_Ki,molformer,xgboost,23,label_permuted,0.13303086161613464,0.14958703517913818,0.14958703517913818,True,20,357
CHEMBL2835_Ki,molformer,xgboost,42,trained,3.3975729942321777,3.1715228259563446,3.464600771665573,True,20,357
CHEMBL2835_Ki,molformer,xgboost,42,label_permuted,0.738163948059082,0.8803785443305969,0.8803785443305969,True,20,357
CHEMBL2835_Ki,molformer,mlp,11,trained,4.022672653198242,4.089019596576691,4.122938454151154,True,20,357
CHEMBL2835_Ki,molformer,mlp,11,label_permuted,1.1171190738677979,1.7695719003677368,1.7695719003677368,True,20,357
CHEMBL2835_Ki,molformer,mlp,23,trained,4.1559624671936035,4.150776147842407,4.323064565658569,True,20,357
CHEMBL2835_Ki,molformer,mlp,23,label_permuted,0.8375788927078247,1.020209789276123,1.020209789276123,True,20,357
CHEMBL2835_Ki,molformer,mlp,42,trained,4.024487018585205,4.174348056316376,4.187282741069794,True,20,357
CHEMBL2835_Ki,molformer,mlp,42,label_permuted,0.5940550565719604,0.8049270510673523,0.8049270510673523,True,20,357
CHEMBL287_Ki,molformer,xgboost,11,trained,3.449366807937622,3.960644781589508,3.960644781589508,True,102,2558
CHEMBL287_Ki,molformer,xgboost,11,label_permuted,0.9439219236373901,1.5715190768241882,1.5715190768241882,True,102,2558
CHEMBL287_Ki,molformer,xgboost,23,trained,3.0493695735931396,3.9554193913936615,3.9554193913936615,True,102,2558
CHEMBL287_Ki,molformer,xgboost,23,label_permuted,0.15145719051361084,0.15145719051361084,0.15145719051361084,True,102,2558
CHEMBL287_Ki,molformer,xgboost,42,trained,3.22632098197937,4.176780432462692,4.176780432462692,True,102,2558
CHEMBL287_Ki,molformer,xgboost,42,label_permuted,0.9351140260696411,1.4617631435394287,1.4617631435394287,True,102,2558
CHEMBL287_Ki,molformer,mlp,11,trained,4.1565046310424805,4.663807392120361,4.663807392120361,True,102,2558
CHEMBL287_Ki,molformer,mlp,11,label_permuted,0.9146560430526733,1.1503371000289917,1.1503371000289917,True,102,2558
CHEMBL287_Ki,molformer,mlp,23,trained,3.7255311012268066,4.399605751037598,4.399605751037598,True,102,2558
CHEMBL287_Ki,molformer,mlp,23,label_permuted,0.9547244310379028,1.005608081817627,1.005608081817627,True,102,2558
CHEMBL287_Ki,molformer,mlp,42,trained,4.337950706481934,5.254939556121826,5.254939556121826,True,102,2558
CHEMBL287_Ki,molformer,mlp,42,label_permuted,1.1587282419204712,1.3348879218101501,1.3348879218101501,True,102,2558
CHEMBL2971_Ki,molformer,xgboost,11,trained,3.0850460529327393,3.453252851963043,3.453252851963043,True,40,1192
CHEMBL2971_Ki,molformer,xgboost,11,label_permuted,0.1325991153717041,0.16616249084472656,0.16616249084472656,True,40,1192
CHEMBL2971_Ki,molformer,xgboost,23,trained,2.3384406566619873,2.572622276842594,2.572622276842594,True,40,1192
CHEMBL2971_Ki,molformer,xgboost,23,label_permuted,0.6105296611785889,0.8479440212249756,0.8479440212249756,True,40,1192
CHEMBL2971_Ki,molformer,xgboost,42,trained,2.7041468620300293,2.9915812835097313,2.9915812835097313,True,40,1192
CHEMBL2971_Ki,molformer,xgboost,42,label_permuted,1.5900636911392212,2.4261219203472137,2.4261219203472137,True,40,1192
CHEMBL2971_Ki,molformer,mlp,11,trained,3.7033612728118896,5.045909285545349,5.045909285545349,True,40,1192
CHEMBL2971_Ki,molformer,mlp,11,label_permuted,0.8219753503799438,0.8822579383850098,0.8822579383850098,True,40,1192
CHEMBL2971_Ki,molformer,mlp,23,trained,3.785338878631592,4.633574843406677,4.633574843406677,True,40,1192
CHEMBL2971_Ki,molformer,mlp,23,label_permuted,2.3144588470458984,2.4447041749954224,2.4447041749954224,True,40,1192
CHEMBL2971_Ki,molformer,mlp,42,trained,3.9053502082824707,4.6787251234054565,4.6787251234054565,True,40,1192
CHEMBL2971_Ki,molformer,mlp,42,label_permuted,1.7365479469299316,2.0377371311187744,2.0377371311187744,True,40,1192
CHEMBL3979_EC50,molformer,xgboost,11,trained,3.1212596893310547,3.1377877593040466,3.183945119380951,True,68,3775
CHEMBL3979_EC50,molformer,xgboost,11,label_permuted,0.19836735725402832,0.22634291648864746,0.22634291648864746,True,68,3775
CHEMBL3979_EC50,molformer,xgboost,23,trained,2.9343976974487305,3.414030522108078,3.414030522108078,True,68,3775
CHEMBL3979_EC50,molformer,xgboost,23,label_permuted,0.1771087646484375,0.2712569236755371,0.2712569236755371,True,68,3775
CHEMBL3979_EC50,molformer,xgboost,42,trained,2.8551886081695557,3.2927452325820923,3.2927452325820923,True,68,3775
CHEMBL3979_EC50,molformer,xgboost,42,label_permuted,0.24274277687072754,0.33991146087646484,0.33991146087646484,True,68,3775
CHEMBL3979_EC50,molformer,mlp,11,trained,3.575754165649414,4.484982967376709,4.484982967376709,True,68,3775
CHEMBL3979_EC50,molformer,mlp,11,label_permuted,0.6934527158737183,0.9766473770141602,0.9766473770141602,True,68,3775
CHEMBL3979_EC50,molformer,mlp,23,trained,3.7059922218322754,4.509864330291748,4.509864330291748,True,68,3775
CHEMBL3979_EC50,molformer,mlp,23,label_permuted,0.8757213354110718,1.0196232795715332,1.0196232795715332,True,68,3775
CHEMBL3979_EC50,molformer,mlp,42,trained,3.494016170501709,4.343719482421875,4.343719482421875,True,68,3775
CHEMBL3979_EC50,molformer,mlp,42,label_permuted,0.9447095394134521,1.172942042350769,1.172942042350769,True,68,3775
CHEMBL4005_Ki,molformer,xgboost,11,trained,3.535040855407715,3.8411738872528076,3.8411738872528076,True,68,2052
CHEMBL4005_Ki,molformer,xgboost,11,label_permuted,0.6140376329421997,0.8336817026138306,0.8336817026138306,True,68,2052
CHEMBL4005_Ki,molformer,xgboost,23,trained,3.599607229232788,4.053297460079193,4.053297460079193,True,68,2052
CHEMBL4005_Ki,molformer,xgboost,23,label_permuted,0.3709605932235718,0.5570052862167358,0.5570052862167358,True,68,2052
CHEMBL4005_Ki,molformer,xgboost,42,trained,3.5753049850463867,3.8796700835227966,3.8796700835227966,True,68,2052
CHEMBL4005_Ki,molformer,xgboost,42,label_permuted,0.13999903202056885,0.2868901491165161,0.2868901491165161,True,68,2052
CHEMBL4005_Ki,molformer,mlp,11,trained,3.953996181488037,4.935043811798096,4.935043811798096,True,68,2052
CHEMBL4005_Ki,molformer,mlp,11,label_permuted,2.602052688598633,3.5175453424453735,3.5175453424453735,True,68,2052
CHEMBL4005_Ki,molformer,mlp,23,trained,4.040274143218994,4.9984612464904785,4.9984612464904785,True,68,2052
CHEMBL4005_Ki,molformer,mlp,23,label_permuted,1.9082472324371338,2.309451699256897,2.309451699256897,True,68,2052
CHEMBL4005_Ki,molformer,mlp,42,trained,4.452167987823486,5.086520433425903,5.086520433425903,True,68,2052
CHEMBL4005_Ki,molformer,mlp,42,label_permuted,2.170684814453125,2.439786911010742,2.439786911010742,True,68,2052
CHEMBL4203_Ki,molformer,xgboost,11,trained,2.9929816722869873,2.8684343099594116,3.0277422666549683,True,24,413
CHEMBL4203_Ki,molformer,xgboost,11,label_permuted,1.1480973958969116,1.7421208620071411,1.7421208620071411,True,24,413
CHEMBL4203_Ki,molformer,xgboost,23,trained,3.0240612030029297,3.0534294843673706,3.0637062788009644,True,24,413
CHEMBL4203_Ki,molformer,xgboost,23,label_permuted,0.3450939655303955,0.8287932872772217,0.8287932872772217,True,24,413
CHEMBL4203_Ki,molformer,xgboost,42,trained,2.563594341278076,2.7044378519058228,2.7044378519058228,True,24,413
CHEMBL4203_Ki,molformer,xgboost,42,label_permuted,0.7676753997802734,1.0526039600372314,1.0526039600372314,True,24,413
CHEMBL4203_Ki,molformer,mlp,11,trained,3.501173496246338,3.8088032007217407,3.8088032007217407,True,24,413
CHEMBL4203_Ki,molformer,mlp,11,label_permuted,1.73665452003479,1.8659013509750366,1.8659013509750366,True,24,413
CHEMBL4203_Ki,molformer,mlp,23,trained,3.934499502182007,4.345405101776123,4.345405101776123,True,24,413
CHEMBL4203_Ki,molformer,mlp,23,label_permuted,0.3501431941986084,0.6312859058380127,0.6312859058380127,True,24,413
CHEMBL4203_Ki,molformer,mlp,42,trained,3.713582992553711,3.444804549217224,3.7135828733444214,True,24,413
CHEMBL4203_Ki,molformer,mlp,42,label_permuted,3.23195219039917,4.036630868911743,4.036630868911743,True,24,413
CHEMBL4616_EC50,molformer,xgboost,11,trained,1.9068272113800049,3.1706594228744507,3.1706594228744507,True,38,1526
CHEMBL4616_EC50,molformer,xgboost,11,label_permuted,0.11880195140838623,0.1422048807144165,0.1422048807144165,True,38,1526
CHEMBL4616_EC50,molformer,xgboost,23,trained,2.4092819690704346,3.5906833447515965,3.6211195876821876,True,38,1526
CHEMBL4616_EC50,molformer,xgboost,23,label_permuted,0.20562028884887695,0.2612236738204956,0.2612236738204956,True,38,1526
CHEMBL4616_EC50,molformer,xgboost,42,trained,2.1405446529388428,3.6893899887800217,3.6893899887800217,True,38,1526
CHEMBL4616_EC50,molformer,xgboost,42,label_permuted,0.5215619802474976,0.7371991276741028,0.7371991276741028,True,38,1526
CHEMBL4616_EC50,molformer,mlp,11,trained,2.3470797538757324,3.230347990989685,3.230347990989685,True,38,1526
CHEMBL4616_EC50,molformer,mlp,11,label_permuted,0.7327842116355896,1.0534766912460327,1.0534766912460327,True,38,1526
CHEMBL4616_EC50,molformer,mlp,23,trained,2.7765588760375977,3.991812229156494,3.991812229156494,True,38,1526
CHEMBL4616_EC50,molformer,mlp,23,label_permuted,0.46847814321517944,0.7992074489593506,0.7992074489593506,True,38,1526
CHEMBL4616_EC50,molformer,mlp,42,trained,2.9242892265319824,4.177904486656189,4.177904486656189,True,38,1526
CHEMBL4616_EC50,molformer,mlp,42,label_permuted,0.4440668821334839,0.5893692970275879,0.5893692970275879,True,38,1526
CHEMBL4792_Ki,molformer,xgboost,11,trained,3.2108898162841797,3.760808229446411,3.760808229446411,True,80,2671
CHEMBL4792_Ki,molformer,xgboost,11,label_permuted,0.14415383338928223,0.36601531505584717,0.36601531505584717,True,80,2671
CHEMBL4792_Ki,molformer,xgboost,23,trained,3.2012195587158203,3.698171392083168,3.698171392083168,True,80,2671
CHEMBL4792_Ki,molformer,xgboost,23,label_permuted,1.465030550956726,2.2009421586990356,2.2009421586990356,True,80,2671
CHEMBL4792_Ki,molformer,xgboost,42,trained,3.5452868938446045,3.94118332862854,3.94118332862854,True,80,2671
CHEMBL4792_Ki,molformer,xgboost,42,label_permuted,0.1541144847869873,0.1541144847869873,0.1541144847869873,True,80,2671
CHEMBL4792_Ki,molformer,mlp,11,trained,3.8526618480682373,4.734739780426025,4.734739780426025,True,80,2671
CHEMBL4792_Ki,molformer,mlp,11,label_permuted,0.5616257190704346,0.7604258060455322,0.7604258060455322,True,80,2671
CHEMBL4792_Ki,molformer,mlp,23,trained,4.418885231018066,4.950303316116333,4.950303316116333,True,80,2671
CHEMBL4792_Ki,molformer,mlp,23,label_permuted,1.1937544345855713,1.5571733713150024,1.5571733713150024,True,80,2671
CHEMBL4792_Ki,molformer,mlp,42,trained,3.755629062652588,4.3340747356414795,4.3340747356414795,True,80,2671
CHEMBL4792_Ki,molformer,mlp,42,label_permuted,0.6572434902191162,0.7483508586883545,0.7483508586883545,True,80,2671
CHEMBL1862_Ki,unimol,xgboost,11,trained,2.7827208042144775,3.5258814692497253,3.5258814692497253,True,30,846
CHEMBL1862_Ki,unimol,xgboost,11,label_permuted,0.10067224502563477,0.21325147151947021,0.21325147151947021,True,30,846
CHEMBL1862_Ki,unimol,xgboost,23,trained,2.837862730026245,3.3911531567573547,3.3911531567573547,True,30,846
CHEMBL1862_Ki,unimol,xgboost,23,label_permuted,0.16658949851989746,0.18787682056427002,0.18787682056427002,True,30,846
CHEMBL1862_Ki,unimol,xgboost,42,trained,2.8521366119384766,3.2214806377887726,3.2214806377887726,True,30,846
CHEMBL1862_Ki,unimol,xgboost,42,label_permuted,0.37355899810791016,0.9139997959136963,0.9139997959136963,True,30,846
CHEMBL1862_Ki,unimol,mlp,11,trained,3.5021867752075195,4.182636141777039,4.182636141777039,True,30,846
CHEMBL1862_Ki,unimol,mlp,11,label_permuted,0.8783766031265259,1.6668753027915955,1.6668753027915955,True,30,846
CHEMBL1862_Ki,unimol,mlp,23,trained,3.488372802734375,4.118956685066223,4.118956685066223,True,30,846
CHEMBL1862_Ki,unimol,mlp,23,label_permuted,0.8334782123565674,1.3701841831207275,1.3701841831207275,True,30,846
CHEMBL1862_Ki,unimol,mlp,42,trained,3.625316619873047,4.026572346687317,4.026572346687317,True,30,846
CHEMBL1862_Ki,unimol,mlp,42,label_permuted,0.5096229314804077,1.281643033027649,1.281643033027649,True,30,846
CHEMBL1871_Ki,unimol,xgboost,11,trained,2.4345145225524902,2.552877128124237,2.6519014835357666,True,38,1139
CHEMBL1871_Ki,unimol,xgboost,11,label_permuted,1.1953994035720825,1.5525938272476196,1.5525938272476196,True,38,1139
CHEMBL1871_Ki,unimol,xgboost,23,trained,2.2726807594299316,2.6035101413726807,2.6035101413726807,True,38,1139
CHEMBL1871_Ki,unimol,xgboost,23,label_permuted,0.14160692691802979,0.21107065677642822,0.21107065677642822,True,38,1139
CHEMBL1871_Ki,unimol,xgboost,42,trained,2.233959436416626,2.5271973609924316,2.5271973609924316,True,38,1139
CHEMBL1871_Ki,unimol,xgboost,42,label_permuted,0.14541852474212646,0.21594226360321045,0.21594226360321045,True,38,1139
CHEMBL1871_Ki,unimol,mlp,11,trained,2.836134195327759,3.5378206968307495,3.5378206968307495,True,38,1139
CHEMBL1871_Ki,unimol,mlp,11,label_permuted,2.857534646987915,3.6190515756607056,3.6190515756607056,True,38,1139
CHEMBL1871_Ki,unimol,mlp,23,trained,2.7571234703063965,3.466912031173706,3.466912031173706,True,38,1139
CHEMBL1871_Ki,unimol,mlp,23,label_permuted,0.5384258031845093,0.6324259042739868,0.6324259042739868,True,38,1139
CHEMBL1871_Ki,unimol,mlp,42,trained,3.0310802459716797,3.7888516187667847,3.7888516187667847,True,38,1139
CHEMBL1871_Ki,unimol,mlp,42,label_permuted,1.4926114082336426,1.9083130955696106,1.9083130955696106,True,38,1139
CHEMBL2034_Ki,unimol,xgboost,11,trained,0.6542838215827942,0.919280469417572,0.919280469417572,True,48,1320
CHEMBL2034_Ki,unimol,xgboost,11,label_permuted,0.15621888637542725,0.15621888637542725,0.15621888637542725,True,48,1320
CHEMBL2034_Ki,unimol,xgboost,23,trained,1.6917591094970703,2.129343628883362,2.129343628883362,True,48,1320
CHEMBL2034_Ki,unimol,xgboost,23,label_permuted,0.3375049829483032,0.5479112863540649,0.5479112863540649,True,48,1320
CHEMBL2034_Ki,unimol,xgboost,42,trained,1.8501707315444946,2.490976929664612,2.490976929664612,True,48,1320
CHEMBL2034_Ki,unimol,xgboost,42,label_permuted,0.6092627048492432,1.2031407952308655,1.2031407952308655,True,48,1320
CHEMBL2034_Ki,unimol,mlp,11,trained,2.407148599624634,3.5422914028167725,3.5422914028167725,True,48,1320
CHEMBL2034_Ki,unimol,mlp,11,label_permuted,1.0759426355361938,1.4835461378097534,1.4835461378097534,True,48,1320
CHEMBL2034_Ki,unimol,mlp,23,trained,1.6066758632659912,2.0155800580978394,2.0155800580978394,True,48,1320
CHEMBL2034_Ki,unimol,mlp,23,label_permuted,0.5952035784721375,0.9243112802505493,0.9243112802505493,True,48,1320
CHEMBL2034_Ki,unimol,mlp,42,trained,2.6895549297332764,3.72982919216156,3.72982919216156,True,48,1320
CHEMBL2034_Ki,unimol,mlp,42,label_permuted,0.9702860116958618,1.5669387578964233,1.5669387578964233,True,48,1320
CHEMBL204_Ki,unimol,xgboost,11,trained,3.88737416267395,4.95538330078125,4.95538330078125,True,186,9498
CHEMBL204_Ki,unimol,xgboost,11,label_permuted,0.42604875564575195,0.5063266754150391,0.5063266754150391,True,186,9498
CHEMBL204_Ki,unimol,xgboost,23,trained,4.238365173339844,5.276989638805389,5.276989638805389,True,186,9498
CHEMBL204_Ki,unimol,xgboost,23,label_permuted,0.4783000946044922,0.8949004411697388,0.8949004411697388,True,186,9498
CHEMBL204_Ki,unimol,xgboost,42,trained,4.026800632476807,5.306940495967865,5.306940495967865,True,186,9498
CHEMBL204_Ki,unimol,xgboost,42,label_permuted,0.45263707637786865,0.6096134185791016,0.6096134185791016,True,186,9498
CHEMBL204_Ki,unimol,mlp,11,trained,5.90673828125,7.474360942840576,7.474360942840576,True,186,9498
CHEMBL204_Ki,unimol,mlp,11,label_permuted,1.0372223854064941,1.4740289449691772,1.4740289449691772,True,186,9498
CHEMBL204_Ki,unimol,mlp,23,trained,5.802216053009033,7.429646968841553,7.429646968841553,True,186,9498
CHEMBL204_Ki,unimol,mlp,23,label_permuted,1.1279752254486084,1.2697014808654785,1.2697014808654785,True,186,9498
CHEMBL204_Ki,unimol,mlp,42,trained,5.928225994110107,7.595805644989014,7.595805644989014,True,186,9498
CHEMBL204_Ki,unimol,mlp,42,label_permuted,0.9110972881317139,1.2895841598510742,1.2895841598510742,True,186,9498
CHEMBL2047_EC50,unimol,xgboost,11,trained,1.4712135791778564,2.1912678480148315,2.1912678480148315,True,36,1834
CHEMBL2047_EC50,unimol,xgboost,11,label_permuted,0.08297586441040039,0.12540864944458008,0.12540864944458008,True,36,1834
CHEMBL2047_EC50,unimol,xgboost,23,trained,1.489189624786377,2.442473292350769,2.442473292350769,True,36,1834
CHEMBL2047_EC50,unimol,xgboost,23,label_permuted,0.4265933036804199,0.7825131416320801,0.7825131416320801,True,36,1834
CHEMBL2047_EC50,unimol,xgboost,42,trained,1.529090404510498,2.312889814376831,2.312889814376831,True,36,1834
CHEMBL2047_EC50,unimol,xgboost,42,label_permuted,0.17310023307800293,0.2619011402130127,0.2619011402130127,True,36,1834
CHEMBL2047_EC50,unimol,mlp,11,trained,2.5363152027130127,4.484163045883179,4.484163045883179,True,36,1834
CHEMBL2047_EC50,unimol,mlp,11,label_permuted,1.2192561626434326,1.5794548988342285,1.5794548988342285,True,36,1834
CHEMBL2047_EC50,unimol,mlp,23,trained,2.6735644340515137,4.6175525188446045,4.6175525188446045,True,36,1834
CHEMBL2047_EC50,unimol,mlp,23,label_permuted,0.5668587684631348,0.7171027660369873,0.7171027660369873,True,36,1834
CHEMBL2047_EC50,unimol,mlp,42,trained,2.6341185569763184,4.463977336883545,4.463977336883545,True,36,1834
CHEMBL2047_EC50,unimol,mlp,42,label_permuted,0.6034989356994629,0.6969356536865234,0.6969356536865234,True,36,1834
CHEMBL214_Ki,unimol,xgboost,11,trained,1.9908195734024048,2.1922913193702698,2.1922913193702698,True,230,7062
CHEMBL214_Ki,unimol,xgboost,11,label_permuted,0.40897130966186523,0.614759087562561,0.614759087562561,True,230,7062
CHEMBL214_Ki,unimol,xgboost,23,trained,2.5056514739990234,2.79626427590847,2.79626427590847,True,230,7062
CHEMBL214_Ki,unimol,xgboost,23,label_permuted,0.19019007682800293,0.3296407461166382,0.3296407461166382,True,230,7062
CHEMBL214_Ki,unimol,xgboost,42,trained,2.1271820068359375,2.6500960290431976,2.6500960290431976,True,230,7062
CHEMBL214_Ki,unimol,xgboost,42,label_permuted,0.1546398401260376,0.1546398401260376,0.1546398401260376,True,230,7062
CHEMBL214_Ki,unimol,mlp,11,trained,4.500513076782227,4.959406495094299,4.959406495094299,True,230,7062
CHEMBL214_Ki,unimol,mlp,11,label_permuted,0.8971281051635742,1.2452113628387451,1.2452113628387451,True,230,7062
CHEMBL214_Ki,unimol,mlp,23,trained,4.407825469970703,5.457006812095642,5.457006812095642,True,230,7062
CHEMBL214_Ki,unimol,mlp,23,label_permuted,0.9260847568511963,0.9979070425033569,0.9979070425033569,True,230,7062
CHEMBL214_Ki,unimol,mlp,42,trained,3.9706571102142334,4.569941401481628,4.569941401481628,True,230,7062
CHEMBL214_Ki,unimol,mlp,42,label_permuted,1.0235117673873901,1.2178375720977783,1.2178375720977783,True,230,7062
CHEMBL2147_Ki,unimol,xgboost,11,trained,5.34013557434082,5.103396773338318,5.575107455253601,True,54,1537
CHEMBL2147_Ki,unimol,xgboost,11,label_permuted,1.4363799095153809,2.391634840518236,2.391634840518236,True,54,1537
CHEMBL2147_Ki,unimol,xgboost,23,trained,5.772541522979736,5.089229226112366,5.953019022941589,True,54,1537
CHEMBL2147_Ki,unimol,xgboost,23,label_permuted,0.4484684467315674,0.7060531973838806,0.7060531973838806,True,54,1537
CHEMBL2147_Ki,unimol,xgboost,42,trained,4.755247592926025,4.6122719049453735,4.964478373527527,True,54,1537
CHEMBL2147_Ki,unimol,xgboost,42,label_permuted,1.5119513273239136,2.6228915750980377,2.6228915750980377,True,54,1537
CHEMBL2147_Ki,unimol,mlp,11,trained,6.485497951507568,7.005727291107178,7.4601311683654785,True,54,1537
CHEMBL2147_Ki,unimol,mlp,11,label_permuted,1.257570505142212,1.565842866897583,1.634405255317688,True,54,1537
CHEMBL2147_Ki,unimol,mlp,23,trained,6.295586109161377,6.859394550323486,7.079761505126953,True,54,1537
CHEMBL2147_Ki,unimol,mlp,23,label_permuted,0.9214769601821899,1.6529213190078735,1.6529213190078735,True,54,1537
CHEMBL2147_Ki,unimol,mlp,42,trained,6.607246398925781,7.570079326629639,7.6491241455078125,True,54,1537
CHEMBL2147_Ki,unimol,mlp,42,label_permuted,1.1444728374481201,1.4497913122177124,1.4497913122177124,True,54,1537
CHEMBL218_EC50,unimol,xgboost,11,trained,2.0458180904388428,4.4360567927360535,4.4360567927360535,True,76,2684
CHEMBL218_EC50,unimol,xgboost,11,label_permuted,0.11974835395812988,0.11974835395812988,0.11974835395812988,True,76,2684
CHEMBL218_EC50,unimol,xgboost,23,trained,1.7373379468917847,4.129345774650574,4.129345774650574,True,76,2684
CHEMBL218_EC50,unimol,xgboost,23,label_permuted,0.1331031322479248,0.1331031322479248,0.1331031322479248,True,76,2684
CHEMBL218_EC50,unimol,xgboost,42,trained,2.048035144805908,4.637718439102173,4.637718439102173,True,76,2684
CHEMBL218_EC50,unimol,xgboost,42,label_permuted,0.13262534141540527,0.13262534141540527,0.13262534141540527,True,76,2684
CHEMBL218_EC50,unimol,mlp,11,trained,1.787994146347046,2.1081836223602295,2.1081836223602295,True,76,2684
CHEMBL218_EC50,unimol,mlp,11,label_permuted,0.6479324102401733,0.8180078268051147,0.8180078268051147,True,76,2684
CHEMBL218_EC50,unimol,mlp,23,trained,1.3826675415039062,1.5139602422714233,1.5139602422714233,True,76,2684
CHEMBL218_EC50,unimol,mlp,23,label_permuted,0.6365480422973633,0.8557279109954834,0.8557279109954834,True,76,2684
CHEMBL218_EC50,unimol,mlp,42,trained,1.5230183601379395,1.711967945098877,1.711967945098877,True,76,2684
CHEMBL218_EC50,unimol,mlp,42,label_permuted,0.5027196407318115,0.7129957675933838,0.7129957675933838,True,76,2684
CHEMBL219_Ki,unimol,xgboost,11,trained,1.2791380882263184,1.4302517175674438,1.4497277736663818,True,134,3521
CHEMBL219_Ki,unimol,xgboost,11,label_permuted,0.7260051965713501,1.029117226600647,1.029117226600647,True,134,3521
CHEMBL219_Ki,unimol,xgboost,23,trained,1.0961648225784302,1.463607907295227,1.463607907295227,True,134,3521
CHEMBL219_Ki,unimol,xgboost,23,label_permuted,0.6272203922271729,1.035627007484436,1.035627007484436,True,134,3521
CHEMBL219_Ki,unimol,xgboost,42,trained,2.211902141571045,2.612005889415741,2.612005889415741,True,134,3521
CHEMBL219_Ki,unimol,xgboost,42,label_permuted,0.14562439918518066,0.14562439918518066,0.14562439918518066,True,134,3521
CHEMBL219_Ki,unimol,mlp,11,trained,2.8445534706115723,3.43358314037323,3.43358314037323,True,134,3521
CHEMBL219_Ki,unimol,mlp,11,label_permuted,0.8607542514801025,0.9577698707580566,0.9577698707580566,True,134,3521
CHEMBL219_Ki,unimol,mlp,23,trained,2.5219831466674805,2.677808403968811,2.8084203004837036,True,134,3521
CHEMBL219_Ki,unimol,mlp,23,label_permuted,0.7181994915008545,1.1406726837158203,1.1406726837158203,True,134,3521
CHEMBL219_Ki,unimol,mlp,42,trained,3.17268705368042,4.094184875488281,4.094184875488281,True,134,3521
CHEMBL219_Ki,unimol,mlp,42,label_permuted,0.7552787065505981,1.0248610973358154,1.0248610973358154,True,134,3521
CHEMBL228_Ki,unimol,xgboost,11,trained,2.8262081146240234,4.3012305200099945,4.3012305200099945,True,122,3150
CHEMBL228_Ki,unimol,xgboost,11,label_permuted,0.23967981338500977,0.36466026306152344,0.36466026306152344,True,122,3150
CHEMBL228_Ki,unimol,xgboost,23,trained,3.279320001602173,3.9419802129268646,3.9419802129268646,True,122,3150
CHEMBL228_Ki,unimol,xgboost,23,label_permuted,0.23895108699798584,0.4133646488189697,0.4133646488189697,True,122,3150
CHEMBL228_Ki,unimol,xgboost,42,trained,2.8103749752044678,4.147552974522114,4.147552974522114,True,122,3150
CHEMBL228_Ki,unimol,xgboost,42,label_permuted,0.30331969261169434,0.45132482051849365,0.45132482051849365,True,122,3150
CHEMBL228_Ki,unimol,mlp,11,trained,3.367079973220825,3.629528284072876,3.629528284072876,True,122,3150
CHEMBL228_Ki,unimol,mlp,11,label_permuted,0.6227846145629883,0.8975105285644531,0.8975105285644531,True,122,3150
CHEMBL228_Ki,unimol,mlp,23,trained,4.575390338897705,5.2471089363098145,5.2471089363098145,True,122,3150
CHEMBL228_Ki,unimol,mlp,23,label_permuted,0.958000898361206,1.2248075008392334,1.2248075008392334,True,122,3150
CHEMBL228_Ki,unimol,mlp,42,trained,4.174551010131836,5.211211442947388,5.211211442947388,True,122,3150
CHEMBL228_Ki,unimol,mlp,42,label_permuted,0.6890519857406616,0.9004156589508057,0.9004156589508057,True,122,3150
CHEMBL231_Ki,unimol,xgboost,11,trained,3.116274118423462,4.305394557770342,4.305394557770342,True,56,1883
CHEMBL231_Ki,unimol,xgboost,11,label_permuted,0.12671172618865967,0.16740882396697998,0.16740882396697998,True,56,1883
CHEMBL231_Ki,unimol,xgboost,23,trained,3.1337974071502686,3.540369540452957,3.540369540452957,True,56,1883
CHEMBL231_Ki,unimol,xgboost,23,label_permuted,0.5032397508621216,0.8617124557495117,0.8617124557495117,True,56,1883
CHEMBL231_Ki,unimol,xgboost,42,trained,3.0499706268310547,3.181440234184265,3.225769430398941,True,56,1883
CHEMBL231_Ki,unimol,xgboost,42,label_permuted,0.14047563076019287,0.17303776741027832,0.17303776741027832,True,56,1883
CHEMBL231_Ki,unimol,mlp,11,trained,4.496038436889648,4.561702251434326,4.640733480453491,True,56,1883
CHEMBL231_Ki,unimol,mlp,11,label_permuted,0.8433089256286621,1.0127986669540405,1.0127986669540405,True,56,1883
CHEMBL231_Ki,unimol,mlp,23,trained,4.441239833831787,4.778090476989746,4.808219909667969,True,56,1883
CHEMBL231_Ki,unimol,mlp,23,label_permuted,0.6608563661575317,1.0848218202590942,1.0848218202590942,True,56,1883
CHEMBL231_Ki,unimol,mlp,42,trained,4.2042741775512695,4.690639138221741,4.690639138221741,True,56,1883
CHEMBL231_Ki,unimol,mlp,42,label_permuted,3.059244155883789,5.359332799911499,5.359332799911499,True,56,1883
CHEMBL233_Ki,unimol,xgboost,11,trained,3.3671040534973145,3.975185438990593,3.975185438990593,True,182,5789
CHEMBL233_Ki,unimol,xgboost,11,label_permuted,0.21756482124328613,0.3191107511520386,0.3191107511520386,True,182,5789
CHEMBL233_Ki,unimol,xgboost,23,trained,3.8633196353912354,4.096219629049301,4.104523032903671,True,182,5789
CHEMBL233_Ki,unimol,xgboost,23,label_permuted,0.269863486289978,0.4123063087463379,0.4123063087463379,True,182,5789
CHEMBL233_Ki,unimol,xgboost,42,trained,3.5010812282562256,4.492137908935547,4.492137908935547,True,182,5789
CHEMBL233_Ki,unimol,xgboost,42,label_permuted,0.2693483829498291,0.3656191825866699,0.3656191825866699,True,182,5789
CHEMBL233_Ki,unimol,mlp,11,trained,4.728442668914795,6.5603026151657104,6.5603026151657104,True,182,5789
CHEMBL233_Ki,unimol,mlp,11,label_permuted,0.9434483051300049,1.4554831385612488,1.4554831385612488,True,182,5789
CHEMBL233_Ki,unimol,mlp,23,trained,4.254876613616943,6.504229664802551,6.504229664802551,True,182,5789
CHEMBL233_Ki,unimol,mlp,23,label_permuted,0.8318336009979248,0.9736144542694092,0.9868805408477783,True,182,5789
CHEMBL233_Ki,unimol,mlp,42,trained,4.781839370727539,7.033553957939148,7.033553957939148,True,182,5789
CHEMBL233_Ki,unimol,mlp,42,label_permuted,0.9493801593780518,1.250179946422577,1.250179946422577,True,182,5789
CHEMBL234_Ki,unimol,xgboost,11,trained,3.2705607414245605,3.548062514513731,3.6409828178584576,True,226,7589
CHEMBL234_Ki,unimol,xgboost,11,label_permuted,0.7538243532180786,1.26718670129776,1.26718670129776,True,226,7589
CHEMBL234_Ki,unimol,xgboost,23,trained,2.8763928413391113,2.8936433494091034,3.0523211658000946,True,226,7589
CHEMBL234_Ki,unimol,xgboost,23,label_permuted,0.41599786281585693,0.6539434194564819,0.6539434194564819,True,226,7589
CHEMBL234_Ki,unimol,xgboost,42,trained,3.3153462409973145,3.383235476911068,3.740497849881649,True,226,7589
CHEMBL234_Ki,unimol,xgboost,42,label_permuted,0.1457270383834839,0.1457270383834839,0.1457270383834839,True,226,7589
CHEMBL234_Ki,unimol,mlp,11,trained,4.082153797149658,4.9251075983047485,4.9251075983047485,True,226,7589
CHEMBL234_Ki,unimol,mlp,11,label_permuted,0.7272884845733643,0.8851252794265747,0.8851252794265747,True,226,7589
CHEMBL234_Ki,unimol,mlp,23,trained,4.7067551612854,5.231124520301819,5.231124520301819,True,226,7589
CHEMBL234_Ki,unimol,mlp,23,label_permuted,0.6593267917633057,0.9099079370498657,0.9099079370498657,True,226,7589
CHEMBL234_Ki,unimol,mlp,42,trained,4.429841995239258,5.546067118644714,5.546067118644714,True,226,7589
CHEMBL234_Ki,unimol,mlp,42,label_permuted,0.788407564163208,1.1144182682037354,1.1144182682037354,True,226,7589
CHEMBL235_EC50,unimol,xgboost,11,trained,1.9553837776184082,2.180855393409729,2.214809536933899,True,150,7720
CHEMBL235_EC50,unimol,xgboost,11,label_permuted,0.5427517890930176,0.7430250644683838,0.7430250644683838,True,150,7720
CHEMBL235_EC50,unimol,xgboost,23,trained,2.7554054260253906,3.1974663138389587,3.1974663138389587,True,150,7720
CHEMBL235_EC50,unimol,xgboost,23,label_permuted,0.2800412178039551,0.45949244499206543,0.45949244499206543,True,150,7720
CHEMBL235_EC50,unimol,xgboost,42,trained,1.8972190618515015,2.3563272953033447,2.3946590423583984,True,150,7720
CHEMBL235_EC50,unimol,xgboost,42,label_permuted,0.12821435928344727,0.12821435928344727,0.12821435928344727,True,150,7720
CHEMBL235_EC50,unimol,mlp,11,trained,3.9753341674804688,5.234921455383301,5.234921455383301,True,150,7720
CHEMBL235_EC50,unimol,mlp,11,label_permuted,0.7633185386657715,1.018519639968872,1.018519639968872,True,150,7720
CHEMBL235_EC50,unimol,mlp,23,trained,2.071979522705078,2.450475335121155,2.450475335121155,True,150,7720
CHEMBL235_EC50,unimol,mlp,23,label_permuted,0.845470666885376,1.1984834671020508,1.1984834671020508,True,150,7720
CHEMBL235_EC50,unimol,mlp,42,trained,3.439779758453369,5.253697872161865,5.253697872161865,True,150,7720
CHEMBL235_EC50,unimol,mlp,42,label_permuted,0.8508987426757812,1.3138225078582764,1.3138225078582764,True,150,7720
CHEMBL236_Ki,unimol,xgboost,11,trained,3.644718647003174,4.378652170300484,4.378652170300484,True,138,4965
CHEMBL236_Ki,unimol,xgboost,11,label_permuted,0.4943525791168213,0.7096456289291382,0.7096456289291382,True,138,4965
CHEMBL236_Ki,unimol,xgboost,23,trained,3.9819860458374023,4.289773300290108,4.289773300290108,True,138,4965
CHEMBL236_Ki,unimol,xgboost,23,label_permuted,0.1623479127883911,0.19683635234832764,0.19683635234832764,True,138,4965
CHEMBL236_Ki,unimol,xgboost,42,trained,3.679798126220703,4.171237051486969,4.171237051486969,True,138,4965
CHEMBL236_Ki,unimol,xgboost,42,label_permuted,1.4050379991531372,1.8956272602081299,1.910789132118225,True,138,4965
CHEMBL236_Ki,unimol,mlp,11,trained,3.7558906078338623,4.9883904457092285,4.9883904457092285,True,138,4965
CHEMBL236_Ki,unimol,mlp,11,label_permuted,0.7230312824249268,1.1047006845474243,1.1047006845474243,True,138,4965
CHEMBL236_Ki,unimol,mlp,23,trained,4.69584846496582,6.2745726108551025,6.2745726108551025,True,138,4965
CHEMBL236_Ki,unimol,mlp,23,label_permuted,1.1100521087646484,1.2595512866973877,1.2595512866973877,True,138,4965
CHEMBL236_Ki,unimol,mlp,42,trained,4.18469762802124,5.680319309234619,5.680319309234619,True,138,4965
CHEMBL236_Ki,unimol,mlp,42,label_permuted,1.059171438217163,1.0071923732757568,1.1430044174194336,True,138,4965
CHEMBL237_EC50,unimol,xgboost,11,trained,1.0483484268188477,1.231870174407959,1.231870174407959,True,70,2405
CHEMBL237_EC50,unimol,xgboost,11,label_permuted,0.188562273979187,0.20853972434997559,0.20853972434997559,True,70,2405
CHEMBL237_EC50,unimol,xgboost,23,trained,1.9034149646759033,2.1061666011810303,2.1061666011810303,True,70,2405
CHEMBL237_EC50,unimol,xgboost,23,label_permuted,0.10336637496948242,0.21242880821228027,0.21242880821228027,True,70,2405
CHEMBL237_EC50,unimol,xgboost,42,trained,0.6042057275772095,0.7384823560714722,0.7384823560714722,True,70,2405
CHEMBL237_EC50,unimol,xgboost,42,label_permuted,0.17669594287872314,0.2037140130996704,0.2037140130996704,True,70,2405
CHEMBL237_EC50,unimol,mlp,11,trained,2.128032684326172,2.3884708881378174,2.3884708881378174,True,70,2405
CHEMBL237_EC50,unimol,mlp,11,label_permuted,1.1693081855773926,1.5275786519050598,1.5275786519050598,True,70,2405
CHEMBL237_EC50,unimol,mlp,23,trained,2.421724796295166,2.678570508956909,2.7413384914398193,True,70,2405
CHEMBL237_EC50,unimol,mlp,23,label_permuted,0.8362998962402344,1.240177035331726,1.240177035331726,True,70,2405
CHEMBL237_EC50,unimol,mlp,42,trained,4.310075283050537,6.558056354522705,6.558056354522705,True,70,2405
CHEMBL237_EC50,unimol,mlp,42,label_permuted,1.2051663398742676,1.572860598564148,1.572860598564148,True,70,2405
CHEMBL237_Ki,unimol,xgboost,11,trained,3.087010145187378,3.6484440863132477,3.6484440863132477,True,152,4970
CHEMBL237_Ki,unimol,xgboost,11,label_permuted,1.4103821516036987,1.4396024942398071,1.568254828453064,True,152,4970
CHEMBL237_Ki,unimol,xgboost,23,trained,2.952643394470215,4.464725911617279,4.464725911617279,True,152,4970
CHEMBL237_Ki,unimol,xgboost,23,label_permuted,1.6495904922485352,1.6680614352226257,1.7342986464500427,True,152,4970
CHEMBL237_Ki,unimol,xgboost,42,trained,3.161243438720703,3.856029748916626,3.856029748916626,True,152,4970
CHEMBL237_Ki,unimol,xgboost,42,label_permuted,0.11960554122924805,0.1759704351425171,0.1759704351425171,True,152,4970
CHEMBL237_Ki,unimol,mlp,11,trained,3.901944160461426,5.504414439201355,5.504414439201355,True,152,4970
CHEMBL237_Ki,unimol,mlp,11,label_permuted,0.6646420955657959,1.3661027550697327,1.3661027550697327,True,152,4970
CHEMBL237_Ki,unimol,mlp,23,trained,3.7994508743286133,5.288814663887024,5.288814663887024,True,152,4970
CHEMBL237_Ki,unimol,mlp,23,label_permuted,0.745067834854126,0.87758469581604,0.879279613494873,True,152,4970
CHEMBL237_Ki,unimol,mlp,42,trained,3.7194104194641113,5.653118968009949,5.653118968009949,True,152,4970
CHEMBL237_Ki,unimol,mlp,42,label_permuted,0.6990648508071899,1.076167106628418,1.076167106628418,True,152,4970
CHEMBL238_Ki,unimol,xgboost,11,trained,2.3922786712646484,3.1366142630577087,3.1366142630577087,True,74,1866
CHEMBL238_Ki,unimol,xgboost,11,label_permuted,0.22893881797790527,0.26291799545288086,0.26291799545288086,True,74,1866
CHEMBL238_Ki,unimol,xgboost,23,trained,2.068690776824951,3.20867657661438,3.20867657661438,True,74,1866
CHEMBL238_Ki,unimol,xgboost,23,label_permuted,0.13364577293395996,0.14081573486328125,0.14081573486328125,True,74,1866
CHEMBL238_Ki,unimol,xgboost,42,trained,2.326854944229126,2.873731017112732,2.873731017112732,True,74,1866
CHEMBL238_Ki,unimol,xgboost,42,label_permuted,0.10629749298095703,0.1408240795135498,0.1408240795135498,True,74,1866
CHEMBL238_Ki,unimol,mlp,11,trained,3.177583694458008,4.568701505661011,4.568701505661011,True,74,1866
CHEMBL238_Ki,unimol,mlp,11,label_permuted,0.8039189577102661,1.0424773693084717,1.0424773693084717,True,74,1866
CHEMBL238_Ki,unimol,mlp,23,trained,2.919943332672119,3.9903275966644287,3.9903275966644287,True,74,1866
CHEMBL238_Ki,unimol,mlp,23,label_permuted,0.8350366353988647,1.3154356479644775,1.3154356479644775,True,74,1866
CHEMBL238_Ki,unimol,mlp,42,trained,3.255948543548584,4.481363773345947,4.481363773345947,True,74,1866
CHEMBL238_Ki,unimol,mlp,42,label_permuted,0.6926827430725098,0.8947844505310059,0.8947844505310059,True,74,1866
CHEMBL239_EC50,unimol,xgboost,11,trained,2.5770764350891113,3.2174423933029175,3.2174423933029175,True,130,6745
CHEMBL239_EC50,unimol,xgboost,11,label_permuted,0.13367509841918945,0.13367509841918945,0.13367509841918945,True,130,6745
CHEMBL239_EC50,unimol,xgboost,23,trained,2.4700264930725098,3.0773736238479614,3.0773736238479614,True,130,6745
CHEMBL239_EC50,unimol,xgboost,23,label_permuted,0.09325623512268066,0.17502284049987793,0.17502284049987793,True,130,6745
CHEMBL239_EC50,unimol,xgboost,42,trained,1.8878860473632812,2.913282871246338,2.913282871246338,True,130,6745
CHEMBL239_EC50,unimol,xgboost,42,label_permuted,0.46048641204833984,0.5877487659454346,0.5877487659454346,True,130,6745
CHEMBL239_EC50,unimol,mlp,11,trained,2.968453884124756,4.1688984632492065,4.1688984632492065,True,130,6745
CHEMBL239_EC50,unimol,mlp,11,label_permuted,1.055509090423584,1.4300247430801392,1.4300247430801392,True,130,6745
CHEMBL239_EC50,unimol,mlp,23,trained,3.161839246749878,4.7356438636779785,4.7356438636779785,True,130,6745
CHEMBL239_EC50,unimol,mlp,23,label_permuted,0.6765694618225098,0.9486544132232666,0.9486544132232666,True,130,6745
CHEMBL239_EC50,unimol,mlp,42,trained,3.0468122959136963,4.443139910697937,4.443139910697937,True,130,6745
CHEMBL239_EC50,unimol,mlp,42,label_permuted,0.8173928260803223,1.4141113758087158,1.4141113758087158,True,130,6745
CHEMBL244_Ki,unimol,xgboost,11,trained,4.674151420593262,5.5792102217674255,5.5792102217674255,True,206,8930
CHEMBL244_Ki,unimol,xgboost,11,label_permuted,0.5718039274215698,0.8159447908401489,0.8159447908401489,True,206,8930
CHEMBL244_Ki,unimol,xgboost,23,trained,4.660240173339844,5.058587074279785,5.058587074279785,True,206,8930
CHEMBL244_Ki,unimol,xgboost,23,label_permuted,0.49426984786987305,0.6374932527542114,0.6374932527542114,True,206,8930
CHEMBL244_Ki,unimol,xgboost,42,trained,4.4304094314575195,5.262769877910614,5.262769877910614,True,206,8930
CHEMBL244_Ki,unimol,xgboost,42,label_permuted,0.342370867729187,0.5291409492492676,0.5291409492492676,True,206,8930
CHEMBL244_Ki,unimol,mlp,11,trained,6.102505207061768,7.6829917430877686,7.6829917430877686,True,206,8930
CHEMBL244_Ki,unimol,mlp,11,label_permuted,1.1249525547027588,1.5409739017486572,1.5409739017486572,True,206,8930
CHEMBL244_Ki,unimol,mlp,23,trained,6.118222236633301,7.555951118469238,7.555951118469238,True,206,8930
CHEMBL244_Ki,unimol,mlp,23,label_permuted,2.069789409637451,2.9347814321517944,2.9347814321517944,True,206,8930
CHEMBL244_Ki,unimol,mlp,42,trained,5.614396095275879,7.698563098907471,7.698563098907471,True,206,8930
CHEMBL244_Ki,unimol,mlp,42,label_permuted,1.3716530799865723,1.6568825244903564,1.6568825244903564,True,206,8930
CHEMBL262_Ki,unimol,xgboost,11,trained,2.5353918075561523,2.584985613822937,2.584985613822937,True,48,1016
CHEMBL262_Ki,unimol,xgboost,11,label_permuted,0.16163039207458496,0.2713966369628906,0.2713966369628906,True,48,1016
CHEMBL262_Ki,unimol,xgboost,23,trained,1.8643994331359863,1.9240707159042358,1.9506534337997437,True,48,1016
CHEMBL262_Ki,unimol,xgboost,23,label_permuted,0.35188865661621094,0.4973585605621338,0.4973585605621338,True,48,1016
CHEMBL262_Ki,unimol,xgboost,42,trained,1.8421416282653809,1.871717095375061,1.9462422132492065,True,48,1016
CHEMBL262_Ki,unimol,xgboost,42,label_permuted,0.24513506889343262,0.4070413112640381,0.4070413112640381,True,48,1016
CHEMBL262_Ki,unimol,mlp,11,trained,2.5267670154571533,2.6881630420684814,2.789682388305664,True,48,1016
CHEMBL262_Ki,unimol,mlp,11,label_permuted,1.7848502397537231,2.7092777490615845,2.7092777490615845,True,48,1016
CHEMBL262_Ki,unimol,mlp,23,trained,2.882308006286621,3.429112434387207,3.429112434387207,True,48,1016
CHEMBL262_Ki,unimol,mlp,23,label_permuted,0.8298873901367188,0.9836604595184326,0.9836604595184326,True,48,1016
CHEMBL262_Ki,unimol,mlp,42,trained,3.689857006072998,3.6731455326080322,3.890512704849243,True,48,1016
CHEMBL262_Ki,unimol,mlp,42,label_permuted,0.8194146156311035,0.9840419292449951,0.9840419292449951,True,48,1016
CHEMBL264_Ki,unimol,xgboost,11,trained,2.7959725856781006,3.6716792583465576,3.6716792583465576,True,188,5186
CHEMBL264_Ki,unimol,xgboost,11,label_permuted,0.27364563941955566,0.4496138095855713,0.4496138095855713,True,188,5186
CHEMBL264_Ki,unimol,xgboost,23,trained,3.369741439819336,4.036480724811554,4.036480724811554,True,188,5186
CHEMBL264_Ki,unimol,xgboost,23,label_permuted,0.2155705690383911,0.30292487144470215,0.30292487144470215,True,188,5186
CHEMBL264_Ki,unimol,xgboost,42,trained,3.302581548690796,3.8622778058052063,3.8622778058052063,True,188,5186
CHEMBL264_Ki,unimol,xgboost,42,label_permuted,0.11491978168487549,0.12249302864074707,0.12249302864074707,True,188,5186
CHEMBL264_Ki,unimol,mlp,11,trained,4.166473865509033,5.02355694770813,5.02355694770813,True,188,5186
CHEMBL264_Ki,unimol,mlp,11,label_permuted,0.7256323099136353,1.2551175355911255,1.2551175355911255,True,188,5186
CHEMBL264_Ki,unimol,mlp,23,trained,3.892119884490967,5.63371205329895,5.63371205329895,True,188,5186
CHEMBL264_Ki,unimol,mlp,23,label_permuted,0.6283853054046631,0.7906015515327454,0.7906015515327454,True,188,5186
CHEMBL264_Ki,unimol,mlp,42,trained,4.496858596801758,5.336200475692749,5.336200475692749,True,188,5186
CHEMBL264_Ki,unimol,mlp,42,label_permuted,0.8417375683784485,1.1528241038322449,1.1528241038322449,True,188,5186
CHEMBL2835_Ki,unimol,xgboost,11,trained,2.4650652408599854,2.6177773475646973,2.6177773475646973,True,20,357
CHEMBL2835_Ki,unimol,xgboost,11,label_permuted,1.1731659173965454,1.8128411620855331,1.8128411620855331,True,20,357
CHEMBL2835_Ki,unimol,xgboost,23,trained,2.4760396480560303,2.699311189353466,2.699311189353466,True,20,357
CHEMBL2835_Ki,unimol,xgboost,23,label_permuted,0.0,0.11019840836524963,0.11019840836524963,True,20,357
CHEMBL2835_Ki,unimol,xgboost,42,trained,2.518214225769043,2.741514876484871,2.741514876484871,True,20,357
CHEMBL2835_Ki,unimol,xgboost,42,label_permuted,0.14551639556884766,0.15071743726730347,0.15071743726730347,True,20,357
CHEMBL2835_Ki,unimol,mlp,11,trained,3.12280011177063,4.1762983202934265,4.1762983202934265,True,20,357
CHEMBL2835_Ki,unimol,mlp,11,label_permuted,2.22501277923584,2.6309205293655396,2.8336366415023804,True,20,357
CHEMBL2835_Ki,unimol,mlp,23,trained,3.222996711730957,4.1713340282440186,4.1713340282440186,True,20,357
CHEMBL2835_Ki,unimol,mlp,23,label_permuted,0.8124926686286926,0.9296858906745911,0.9296858906745911,True,20,357
CHEMBL2835_Ki,unimol,mlp,42,trained,3.098641872406006,4.166023015975952,4.166023015975952,True,20,357
CHEMBL2835_Ki,unimol,mlp,42,label_permuted,0.3936307430267334,0.598932683467865,0.598932683467865,True,20,357
CHEMBL287_Ki,unimol,xgboost,11,trained,2.770374059677124,3.4997768700122833,3.5513494312763214,True,102,2558
CHEMBL287_Ki,unimol,xgboost,11,label_permuted,0.13605093955993652,0.13605093955993652,0.13605093955993652,True,102,2558
CHEMBL287_Ki,unimol,xgboost,23,trained,2.5016868114471436,3.549342781305313,3.549342781305313,True,102,2558
CHEMBL287_Ki,unimol,xgboost,23,label_permuted,0.48708319664001465,0.6918296813964844,0.6918296813964844,True,102,2558
CHEMBL287_Ki,unimol,xgboost,42,trained,2.1957976818084717,3.581054240465164,3.581054240465164,True,102,2558
CHEMBL287_Ki,unimol,xgboost,42,label_permuted,0.6741300821304321,0.8363668918609619,0.8363668918609619,True,102,2558
CHEMBL287_Ki,unimol,mlp,11,trained,3.898143768310547,4.663455247879028,4.663455247879028,True,102,2558
CHEMBL287_Ki,unimol,mlp,11,label_permuted,1.0572260618209839,1.5932930707931519,1.5932930707931519,True,102,2558
CHEMBL287_Ki,unimol,mlp,23,trained,4.647553443908691,4.836411952972412,5.271517276763916,True,102,2558
CHEMBL287_Ki,unimol,mlp,23,label_permuted,1.1075432300567627,1.3553600311279297,1.3553600311279297,True,102,2558
CHEMBL287_Ki,unimol,mlp,42,trained,4.205276012420654,4.594488859176636,4.594488859176636,True,102,2558
CHEMBL287_Ki,unimol,mlp,42,label_permuted,0.9465562105178833,1.4050877690315247,1.4050877690315247,True,102,2558
CHEMBL2971_Ki,unimol,xgboost,11,trained,2.6531805992126465,2.4347844421863556,2.6868801414966583,True,40,1192
CHEMBL2971_Ki,unimol,xgboost,11,label_permuted,0.13668322563171387,0.16764318943023682,0.16764318943023682,True,40,1192
CHEMBL2971_Ki,unimol,xgboost,23,trained,2.3288302421569824,2.3657840490341187,2.3657840490341187,True,40,1192
CHEMBL2971_Ki,unimol,xgboost,23,label_permuted,0.45877087116241455,0.8674322366714478,0.8674322366714478,True,40,1192
CHEMBL2971_Ki,unimol,xgboost,42,trained,2.778639078140259,2.8929289802908897,2.8929289802908897,True,40,1192
CHEMBL2971_Ki,unimol,xgboost,42,label_permuted,0.16823625564575195,0.17156565189361572,0.17156565189361572,True,40,1192
CHEMBL2971_Ki,unimol,mlp,11,trained,3.3848795890808105,4.238725185394287,4.238725185394287,True,40,1192
CHEMBL2971_Ki,unimol,mlp,11,label_permuted,0.8839685916900635,1.3178359270095825,1.3178359270095825,True,40,1192
CHEMBL2971_Ki,unimol,mlp,23,trained,3.5993869304656982,4.186320662498474,4.186320662498474,True,40,1192
CHEMBL2971_Ki,unimol,mlp,23,label_permuted,1.330108642578125,2.1392306089401245,2.1392306089401245,True,40,1192
CHEMBL2971_Ki,unimol,mlp,42,trained,3.6073057651519775,4.408917784690857,4.408917784690857,True,40,1192
CHEMBL2971_Ki,unimol,mlp,42,label_permuted,1.0090575218200684,0.9935752749443054,1.082594096660614,True,40,1192
CHEMBL3979_EC50,unimol,xgboost,11,trained,2.3537564277648926,3.12722384929657,3.12722384929657,True,68,3775
CHEMBL3979_EC50,unimol,xgboost,11,label_permuted,0.21837234497070312,0.26212549209594727,0.26212549209594727,True,68,3775
CHEMBL3979_EC50,unimol,xgboost,23,trained,2.1597466468811035,3.0576902627944946,3.0576902627944946,True,68,3775
CHEMBL3979_EC50,unimol,xgboost,23,label_permuted,0.2197246551513672,0.2729942798614502,0.2729942798614502,True,68,3775
CHEMBL3979_EC50,unimol,xgboost,42,trained,2.1826703548431396,3.1320135593414307,3.1320135593414307,True,68,3775
CHEMBL3979_EC50,unimol,xgboost,42,label_permuted,0.10936284065246582,0.1365187168121338,0.1365187168121338,True,68,3775
CHEMBL3979_EC50,unimol,mlp,11,trained,3.313486099243164,5.161150693893433,5.161150693893433,True,68,3775
CHEMBL3979_EC50,unimol,mlp,11,label_permuted,0.8803187608718872,1.0430426597595215,1.0430426597595215,True,68,3775
CHEMBL3979_EC50,unimol,mlp,23,trained,3.5580239295959473,4.734338760375977,4.734338760375977,True,68,3775
CHEMBL3979_EC50,unimol,mlp,23,label_permuted,0.652759313583374,0.835472583770752,0.835472583770752,True,68,3775
CHEMBL3979_EC50,unimol,mlp,42,trained,3.440067768096924,5.146156072616577,5.146156072616577,True,68,3775
CHEMBL3979_EC50,unimol,mlp,42,label_permuted,0.7171733379364014,0.9649664163589478,0.9649664163589478,True,68,3775
CHEMBL4005_Ki,unimol,xgboost,11,trained,2.5909905433654785,3.6956902742385864,3.6956902742385864,True,68,2052
CHEMBL4005_Ki,unimol,xgboost,11,label_permuted,0.687533438205719,1.1035725474357605,1.1035725474357605,True,68,2052
CHEMBL4005_Ki,unimol,xgboost,23,trained,3.0503690242767334,3.6752376556396484,3.6752376556396484,True,68,2052
CHEMBL4005_Ki,unimol,xgboost,23,label_permuted,0.7825644016265869,1.176849603652954,1.176849603652954,True,68,2052
CHEMBL4005_Ki,unimol,xgboost,42,trained,2.710106134414673,3.621545970439911,3.621545970439911,True,68,2052
CHEMBL4005_Ki,unimol,xgboost,42,label_permuted,0.5873032808303833,1.2004314064979553,1.2004314064979553,True,68,2052
CHEMBL4005_Ki,unimol,mlp,11,trained,3.8988397121429443,5.556067943572998,5.556067943572998,True,68,2052
CHEMBL4005_Ki,unimol,mlp,11,label_permuted,0.6635353565216064,0.8269718289375305,0.8269718289375305,True,68,2052
CHEMBL4005_Ki,unimol,mlp,23,trained,3.516514539718628,4.958613872528076,4.958613872528076,True,68,2052
CHEMBL4005_Ki,unimol,mlp,23,label_permuted,1.3481862545013428,1.4419361352920532,1.4419361352920532,True,68,2052
CHEMBL4005_Ki,unimol,mlp,42,trained,3.934373140335083,5.942023277282715,5.942023277282715,True,68,2052
CHEMBL4005_Ki,unimol,mlp,42,label_permuted,0.6594803333282471,1.0224453210830688,1.0224453210830688,True,68,2052
CHEMBL4203_Ki,unimol,xgboost,11,trained,1.758302092552185,2.5264971256256104,2.5264971256256104,True,24,413
CHEMBL4203_Ki,unimol,xgboost,11,label_permuted,0.11317110061645508,0.1207880973815918,0.1207880973815918,True,24,413
CHEMBL4203_Ki,unimol,xgboost,23,trained,1.726291537284851,2.0826932191848755,2.1095043420791626,True,24,413
CHEMBL4203_Ki,unimol,xgboost,23,label_permuted,0.04938197135925293,0.13952422142028809,0.13952422142028809,True,24,413
CHEMBL4203_Ki,unimol,xgboost,42,trained,2.075188636779785,2.5857245326042175,2.5857245326042175,True,24,413
CHEMBL4203_Ki,unimol,xgboost,42,label_permuted,0.6571087837219238,0.8252832889556885,0.8252832889556885,True,24,413
CHEMBL4203_Ki,unimol,mlp,11,trained,2.9836137294769287,3.7436089515686035,3.7436089515686035,True,24,413
CHEMBL4203_Ki,unimol,mlp,11,label_permuted,3.6142897605895996,2.89724063873291,3.614289879798889,True,24,413
CHEMBL4203_Ki,unimol,mlp,23,trained,3.1737937927246094,3.5152164697647095,3.5152164697647095,True,24,413
CHEMBL4203_Ki,unimol,mlp,23,label_permuted,0.4274168014526367,0.7080307006835938,0.7080307006835938,True,24,413
CHEMBL4203_Ki,unimol,mlp,42,trained,3.2765097618103027,3.3849587440490723,3.516658306121826,True,24,413
CHEMBL4203_Ki,unimol,mlp,42,label_permuted,1.851233720779419,2.8468414545059204,2.8468414545059204,True,24,413
CHEMBL4616_EC50,unimol,xgboost,11,trained,1.5809566974639893,3.282026320695877,3.282026320695877,True,38,1526
CHEMBL4616_EC50,unimol,xgboost,11,label_permuted,0.05962371826171875,0.13861405849456787,0.13861405849456787,True,38,1526
CHEMBL4616_EC50,unimol,xgboost,23,trained,1.994063138961792,3.2133923768997192,3.2133923768997192,True,38,1526
CHEMBL4616_EC50,unimol,xgboost,23,label_permuted,0.33846569061279297,0.434447705745697,0.434447705745697,True,38,1526
CHEMBL4616_EC50,unimol,xgboost,42,trained,1.7675275802612305,2.684180974960327,2.684180974960327,True,38,1526
CHEMBL4616_EC50,unimol,xgboost,42,label_permuted,0.10515701770782471,0.12514030933380127,0.12514030933380127,True,38,1526
CHEMBL4616_EC50,unimol,mlp,11,trained,0.9154082536697388,1.9864592552185059,1.9864592552185059,True,38,1526
CHEMBL4616_EC50,unimol,mlp,11,label_permuted,0.32332539558410645,0.6001818180084229,0.6001818180084229,True,38,1526
CHEMBL4616_EC50,unimol,mlp,23,trained,1.1236121654510498,1.7510840892791748,1.7510840892791748,True,38,1526
CHEMBL4616_EC50,unimol,mlp,23,label_permuted,0.3432103395462036,0.5477797389030457,0.5477797389030457,True,38,1526
CHEMBL4616_EC50,unimol,mlp,42,trained,1.8326990604400635,2.75173020362854,2.75173020362854,True,38,1526
CHEMBL4616_EC50,unimol,mlp,42,label_permuted,0.986452579498291,1.85171377658844,1.85171377658844,True,38,1526
CHEMBL4792_Ki,unimol,xgboost,11,trained,2.104207992553711,2.893139600753784,2.893139600753784,True,80,2671
CHEMBL4792_Ki,unimol,xgboost,11,label_permuted,0.15144944190979004,0.15364909172058105,0.15364909172058105,True,80,2671
CHEMBL4792_Ki,unimol,xgboost,23,trained,2.308631181716919,2.563442587852478,2.563442587852478,True,80,2671
CHEMBL4792_Ki,unimol,xgboost,23,label_permuted,0.6784770488739014,0.9843640327453613,0.9843640327453613,True,80,2671
CHEMBL4792_Ki,unimol,xgboost,42,trained,1.9948116540908813,2.578817665576935,2.578817665576935,True,80,2671
CHEMBL4792_Ki,unimol,xgboost,42,label_permuted,0.28244221210479736,0.48623645305633545,0.48623645305633545,True,80,2671
CHEMBL4792_Ki,unimol,mlp,11,trained,3.193105697631836,5.535763502120972,5.535763502120972,True,80,2671
CHEMBL4792_Ki,unimol,mlp,11,label_permuted,0.8734050989151001,0.9929742813110352,0.9929742813110352,True,80,2671
CHEMBL4792_Ki,unimol,mlp,23,trained,3.4396610260009766,5.617074489593506,5.617074489593506,True,80,2671
CHEMBL4792_Ki,unimol,mlp,23,label_permuted,0.517769455909729,0.8629552125930786,0.8629552125930786,True,80,2671
CHEMBL4792_Ki,unimol,mlp,42,trained,3.7826015949249268,4.706032037734985,4.706032037734985,True,80,2671
CHEMBL4792_Ki,unimol,mlp,42,label_permuted,0.708179235458374,1.1975581645965576,1.1975581645965576,True,80,2671
